{"doc_id": "32013309", "type of study": "Therapy", "title": "", "abstract": "Coronavirus can cause respiratory syndrome which to date has affected about twelve thousand individuals, especially in China.\nCoronavirus is interspecies and can also be transmitted from man to man, with an incubation ranging from 1 to 14 days.\nHuman coronavirus infections can induce not only mild to severe respiratory diseases, but also inflammation, high fever, cough, acute respiratory tract infection and dysfunction of internal organs that may lead to death.\nCoronavirus infection (regardless of the various types of corona virus) is primarily attacked by immune cells including mast cells (MCs), which are located in the submucosa of the respiratory tract and in the nasal cavity and represent a barrier of protection against microorganisms.\nViral activate MCs release early inflammatory chemical copounds including histamine and protease; while late activation provoke the generation of pro-inflammatory IL-1 family members including IL-1, IL-6 and IL-33.\nHere, we propose for the first time that inflammation by coronavirus maybe inhibited by anti-inflammatory cytokines belonging to the IL-1 family members.\n", "Evidence Map": {"Enrollment": [], "Comparison Results": [], "Study Arm 1 Results": [], "Study Arm 2 Results": []}, "Sentence-level breakdown": [{"Section": "TITLE", "Text": "Coronavirus can cause respiratory syndrome which to date has affected about twelve thousand individuals , especially in China .", "Evidence Elements": {"Participant": [], "Intervention": [], "Outcome": []}, "Evidence Propositions": []}, {"Section": "RESULTS", "Text": "Coronavirus is interspecies and can also be transmitted from man to man , with an incubation ranging from 1 to 14 days .", "Evidence Elements": {"Participant": [], "Intervention": [], "Outcome": []}, "Evidence Propositions": []}, {"Section": "RESULTS", "Text": "Human coronavirus infections can induce not only mild to severe respiratory diseases , but also inflammation , high fever , cough , acute respiratory tract infection and dysfunction of internal organs that may lead to death .", "Evidence Elements": {"Participant": [], "Intervention": [], "Outcome": []}, "Evidence Propositions": []}, {"Section": "RESULTS", "Text": "Coronavirus infection ( regardless of the various types of corona virus ) is primarily attacked by immune cells including mast cells ( MCs ) , which are located in the submucosa of the respiratory tract and in the nasal cavity and represent a barrier of protection against microorganisms .", "Evidence Elements": {"Participant": [], "Intervention": [], "Outcome": []}, "Evidence Propositions": []}, {"Section": "RESULTS", "Text": "Viral activate MCs release early inflammatory chemical copounds including histamine and protease ; while late activation provoke the generation of pro-inflammatory IL-1 family members including IL-1 , IL-6 and IL-33 .", "Evidence Elements": {"Participant": [], "Intervention": [], "Outcome": []}, "Evidence Propositions": []}, {"Section": "CONCLUSIONS", "Text": "Here , we propose for the first time that inflammation by coronavirus maybe inhibited by anti-inflammatory cytokines belonging to the IL-1 family members .", "Evidence Elements": {"Participant": [], "Intervention": [], "Outcome": [{"term": "inflammation by", "negation": "affirmed", "UMLS": "", "start": 42, "end": 57}]}, "Evidence Propositions": []}]}