{"doc_id": "32023684", "type of study": "Therapy", "title": "", "abstract": "At the end of 2019, sporadic and clustered case with \"pneumonia of unknown origin\" emerged in Wuhan, Hubei province.\nThe causative pathogen was quickly confirmed as \"2019-nCoV\" .\nThe epidemic soon spread throughout the country and became a pandemic in over a month.\nGovernment and medical institutions across the country mobilized all kinds of resources and took a variety of measures to actively treat patients and stop the epidemic.\nBased on current studies, the author summarized the clinical characteristics and evolution of the novel viral pneumonia, and proposed the key points of diagnosis and treatment, the scientific management of both confirmed and suspected cases, and the scientific management of disease prevention and control.\n", "Evidence Map": {"Enrollment": [{"term": "novel viral pneumonia", "negation": "affirmed", "UMLS": "", "start": 99, "end": 120}], "Comparison Results": [], "Study Arm 1 Results": [], "Study Arm 2 Results": []}, "Sentence-level breakdown": [{"Section": "TITLE", "Text": "At the end of 2019 , sporadic and clustered case with \" pneumonia of unknown origin \" emerged in Wuhan , Hubei province .", "Evidence Elements": {"Participant": [], "Intervention": [], "Outcome": [{"term": "sporadic and clustered case with \" pneumonia of unknown origin \"", "negation": "affirmed", "UMLS": "", "start": 21, "end": 85}]}, "Evidence Propositions": []}, {"Section": "RESULTS", "Text": "The causative pathogen was quickly confirmed as \" 2019-nCoV \" .", "Evidence Elements": {"Participant": [], "Intervention": [], "Outcome": []}, "Evidence Propositions": []}, {"Section": "RESULTS", "Text": "The epidemic soon spread throughout the country and became a pandemic in over a month .", "Evidence Elements": {"Participant": [], "Intervention": [], "Outcome": []}, "Evidence Propositions": []}, {"Section": "RESULTS", "Text": "Government and medical institutions across the country mobilized all kinds of resources and took a variety of measures to actively treat patients and stop the epidemic .", "Evidence Elements": {"Participant": [], "Intervention": [], "Outcome": []}, "Evidence Propositions": []}, {"Section": "CONCLUSIONS", "Text": "Based on current studies , the author summarized the clinical characteristics and evolution of the novel viral pneumonia , and proposed the key points of diagnosis and treatment , the scientific management of both confirmed and suspected cases , and the scientific management of disease prevention and control .", "Evidence Elements": {"Participant": [{"term": "novel viral pneumonia", "negation": "affirmed", "UMLS": "", "start": 99, "end": 120}], "Intervention": [], "Outcome": [{"term": "clinical characteristics", "negation": "affirmed", "UMLS": "", "start": 53, "end": 77}, {"term": "evolution", "negation": "affirmed", "UMLS": "", "start": 82, "end": 91}, {"term": "scientific management", "negation": "affirmed", "UMLS": "", "start": 184, "end": 205}, {"term": "scientific management of", "negation": "affirmed", "UMLS": "", "start": 184, "end": 208}]}, "Evidence Propositions": []}]}