{"doc_id": "32035997", "type of study": "Therapy", "title": "", "abstract": "Currently, the emergence of a novel human coronavirus, SARS-CoV-2, has become a global health concern causing severe respiratory tract infections in humans.\nHuman-to-human transmissions have been described with incubation times between 2-10 days, facilitating its spread via droplets, contaminated hands or surfaces.\nWe therefore reviewed the literature on all available information about the persistence of human and veterinary coronaviruses on inanimate surfaces as well as inactivation strategies with biocidal agents used for chemical disinfection, e.g. in healthcare facilities.\nThe analysis of 22 studies reveals that human coronaviruses such as Severe Acute Respiratory Syndrome (SARS) coronavirus, Middle East Respiratory Syndrome (MERS) coronavirus or endemic human coronaviruses (HCoV) can persist on inanimate surfaces like metal, glass or plastic for up to 9 days, but can be efficiently inactivated by surface disinfection procedures with 62-71% ethanol, 0.5% hydrogen peroxide or 0.1% sodium hypochlorite within 1 minute.\nOther biocidal agents such as 0.05-0.2% benzalkonium chloride or 0.02% chlorhexidine digluconate are less effective.\nAs no specific therapies are available for SARS-CoV-2, early containment and prevention of further spread will be crucial to stop the ongoing outbreak and to control this novel infectious thread.\n", "Evidence Map": {"Enrollment": [{"term": "endemic", "negation": "affirmed", "UMLS": "", "start": 182, "end": 189}], "Comparison Results": [], "Study Arm 1 Results": [], "Study Arm 2 Results": []}, "Sentence-level breakdown": [{"Section": "TITLE", "Text": "Currently , the emergence of a novel human coronavirus , SARS-CoV-2 , has become a global health concern causing severe respiratory tract infections in humans .", "Evidence Elements": {"Participant": [], "Intervention": [], "Outcome": []}, "Evidence Propositions": []}, {"Section": "RESULTS", "Text": "Human-to-human transmissions have been described with incubation times between 2-10 days , facilitating its spread via droplets , contaminated hands or surfaces .", "Evidence Elements": {"Participant": [], "Intervention": [], "Outcome": []}, "Evidence Propositions": []}, {"Section": "RESULTS", "Text": "We therefore reviewed the literature on all available information about the persistence of human and veterinary coronaviruses on inanimate surfaces as well as inactivation strategies with biocidal agents used for chemical disinfection , e.g. in healthcare facilities .", "Evidence Elements": {"Participant": [], "Intervention": [], "Outcome": [{"term": "persistence", "negation": "affirmed", "UMLS": "", "start": 76, "end": 87}, {"term": "inactivation strategies", "negation": "affirmed", "UMLS": "", "start": 159, "end": 182}]}, "Evidence Propositions": []}, {"Section": "RESULTS", "Text": "The analysis of 22 studies reveals that human coronaviruses such as Severe Acute Respiratory Syndrome ( SARS ) coronavirus , Middle East Respiratory Syndrome ( MERS ) coronavirus or endemic human coronaviruses ( HCoV ) can persist on inanimate surfaces like metal , glass or plastic for up to 9 days , but can be efficiently inactivated by surface disinfection procedures with 62-71 % ethanol , 0.5 % hydrogen peroxide or 0.1 % sodium hypochlorite within 1 minute .", "Evidence Elements": {"Participant": [{"term": "endemic", "negation": "affirmed", "UMLS": "", "start": 182, "end": 189}], "Intervention": [], "Outcome": [{"term": "inactivated", "negation": "affirmed", "UMLS": "", "start": 325, "end": 336}]}, "Evidence Propositions": []}, {"Section": "RESULTS", "Text": "Other biocidal agents such as 0.05-0.2 % benzalkonium chloride or 0.02 % chlorhexidine digluconate are less effective .", "Evidence Elements": {"Participant": [], "Intervention": [], "Outcome": []}, "Evidence Propositions": []}, {"Section": "CONCLUSIONS", "Text": "As no specific therapies are available for SARS-CoV-2 , early containment and prevention of further spread will be crucial to stop the ongoing outbreak and to control this novel infectious thread .", "Evidence Elements": {"Participant": [], "Intervention": [], "Outcome": []}, "Evidence Propositions": []}]}