{"doc_id": "32034659", "type of study": "Therapy", "title": "", "abstract": "Since the outbreak of 2019 novel coronavirus infection (2019-nCoV) in Wuhan City, China, by January 30, 2020, a total of 9692 confirmed cases and 15,238 suspected cases have been reported around 31 provinces or cities in China.\nAmong the confirmed cases, 1527 were severe cases, 171 had recovered and been discharged at home, and 213 died. And among these cases, a total of 28 children aged from 1 month to 17 years have been reported in China.\nFor standardizing prevention and management of 2019-nCoV infections in children, we called up an experts' committee to formulate this experts' consensus statement.\nThis statement is based on the Novel Coronavirus Infection Pneumonia Diagnosis and Treatment Standards (the fourth edition) (National Health Committee) and other previous diagnosis and treatment strategies for pediatric virus infections.\nThe present consensus statement summarizes current strategies on diagnosis, treatment, and prevention of 2019-nCoV infection in children.\n", "Evidence Map": {"Enrollment": [{"term": "severe cases", "negation": "affirmed", "UMLS": "", "start": 38, "end": 50}, {"term": "children", "negation": "affirmed", "UMLS": "", "start": 154, "end": 162}, {"term": "2019-nCoV infections", "negation": "affirmed", "UMLS": "", "start": 47, "end": 67}, {"term": "children", "negation": "affirmed", "UMLS": "", "start": 71, "end": 79}], "Comparison Results": [], "Study Arm 1 Results": [], "Study Arm 2 Results": []}, "Sentence-level breakdown": [{"Section": "TITLE", "Text": "Since the outbreak of 2019 novel coronavirus infection ( 2019-nCoV ) in Wuhan City , China , by January 30 , 2020 , a total of 9692 confirmed cases and 15,238 suspected cases have been reported around 31 provinces or cities in China .", "Evidence Elements": {"Participant": [], "Intervention": [], "Outcome": []}, "Evidence Propositions": []}, {"Section": "RESULTS", "Text": "Among the confirmed cases , 1527 were severe cases , 171 had recovered and been discharged at home , and 213 died . And among these cases , a total of 28 children aged from 1 month to 17 years have been reported in China .", "Evidence Elements": {"Participant": [{"term": "severe cases", "negation": "affirmed", "UMLS": "", "start": 38, "end": 50}, {"term": "children", "negation": "affirmed", "UMLS": "", "start": 154, "end": 162}], "Intervention": [], "Outcome": [{"term": "recovered", "negation": "affirmed", "UMLS": "", "start": 61, "end": 70}, {"term": "discharged", "negation": "affirmed", "UMLS": "", "start": 80, "end": 90}, {"term": "died", "negation": "affirmed", "UMLS": "", "start": 109, "end": 113}]}, "Evidence Propositions": []}, {"Section": "CONCLUSIONS", "Text": "For standardizing prevention and management of 2019-nCoV infections in children , we called up an experts ' committee to formulate this experts ' consensus statement .", "Evidence Elements": {"Participant": [{"term": "2019-nCoV infections", "negation": "affirmed", "UMLS": "", "start": 47, "end": 67}, {"term": "children", "negation": "affirmed", "UMLS": "", "start": 71, "end": 79}], "Intervention": [], "Outcome": []}, "Evidence Propositions": []}, {"Section": "CONCLUSIONS", "Text": "This statement is based on the Novel Coronavirus Infection Pneumonia Diagnosis and Treatment Standards ( the fourth edition ) ( National Health Committee ) and other previous diagnosis and treatment strategies for pediatric virus infections .", "Evidence Elements": {"Participant": [], "Intervention": [], "Outcome": []}, "Evidence Propositions": []}, {"Section": "CONCLUSIONS", "Text": "The present consensus statement summarizes current strategies on diagnosis , treatment , and prevention of 2019-nCoV infection in children .", "Evidence Elements": {"Participant": [], "Intervention": [], "Outcome": [{"term": "2019-nCoV infection", "negation": "affirmed", "UMLS": "", "start": 107, "end": 126}]}, "Evidence Propositions": []}]}