{"doc_id": "32033513", "type of study": "Therapy", "title": "", "abstract": "the National Health Commission of the People's Republic of China publish the guidelines for the diagnosis and treatment of novel coronavirus (2019-nCoV) infection (trial version 5) .With the awareness and understanding of the disease, the guidelines have been revised for recognize, treat, and prevent diseases.\nThen, what are the contents of the fifth edition of the guide issued updated compared to the fourth edition, now, learn together.\n", "Evidence Map": {"Enrollment": [], "Comparison Results": [], "Study Arm 1 Results": [], "Study Arm 2 Results": []}, "Sentence-level breakdown": [{"Section": "TITLE", "Text": "the National Health Commission of the People 's Republic of China publish the guidelines for the diagnosis and treatment of novel coronavirus ( 2019-nCoV ) infection ( trial version 5 ) . With the awareness and understanding of the disease , the guidelines have been revised for recognize , treat , and prevent diseases .", "Evidence Elements": {"Participant": [], "Intervention": [], "Outcome": []}, "Evidence Propositions": []}, {"Section": "CONCLUSIONS", "Text": "Then , what are the contents of the fifth edition of the guide issued updated compared to the fourth edition , now , learn together .", "Evidence Elements": {"Participant": [], "Intervention": [{"term": "fifth edition of the guide", "negation": "affirmed", "UMLS": "", "start": 36, "end": 62}, {"term": "fourth edition", "negation": "affirmed", "UMLS": "", "start": 94, "end": 108}], "Outcome": [{"term": "contents", "negation": "affirmed", "UMLS": "", "start": 20, "end": 28}]}, "Evidence Propositions": []}]}