{"doc_id": "32036774", "type of study": "Therapy", "title": "", "abstract": "Coronaviruses are the well-known cause of severe respiratory, enteric and systemic infections in a wide range of hosts including man, mammals, fish, and avian.\nThe scientific interest on coronaviruses increased after the emergence of Severe Acute Respiratory Syndrome coronavirus (SARS-CoV) outbreaks in 2002-2003 followed by Middle East Respiratory Syndrome CoV (MERS-CoV).\nThis decade's first CoV, named 2019-nCoV, emerged from Wuhan, China, and declared as 'Public Health Emergency of International Concern' on January 30th, 2020 by the World Health Organization (WHO).\nAs on February 4, 2020, 425 deaths reported in China only and one death outside China (Philippines).\nIn a short span of time, the virus spread has been noted in 24 countries.\nThe zoonotic transmission (animal-to-human) is suspected as the route of disease origin.\nThe genetic analyses predict bats as the most probable source of 2019-nCoV though further investigations needed to confirm the origin of the novel virus.\nThe ongoing nCoV outbreak highlights the hidden wild animal reservoir of the deadly viruses and possible threat of spillover zoonoses as well.\nThe successful virus isolation attempts have made doors open for developing better diagnostics and effective vaccines helping in combating the spread of the virus to newer areas.\n", "Evidence Map": {"Enrollment": [], "Comparison Results": [], "Study Arm 1 Results": [], "Study Arm 2 Results": []}, "Sentence-level breakdown": [{"Section": "TITLE", "Text": "Coronaviruses are the well-known cause of severe respiratory , enteric and systemic infections in a wide range of hosts including man , mammals , fish , and avian .", "Evidence Elements": {"Participant": [], "Intervention": [], "Outcome": []}, "Evidence Propositions": []}, {"Section": "RESULTS", "Text": "The scientific interest on coronaviruses increased after the emergence of Severe Acute Respiratory Syndrome coronavirus ( SARS-CoV ) outbreaks in 2002-2003 followed by Middle East Respiratory Syndrome CoV ( MERS-CoV ) .", "Evidence Elements": {"Participant": [], "Intervention": [], "Outcome": []}, "Evidence Propositions": []}, {"Section": "RESULTS", "Text": "This decade 's first CoV , named 2019-nCoV , emerged from Wuhan , China , and declared as ' Public Health Emergency of International Concern ' on January 30th , 2020 by the World Health Organization ( WHO ) .", "Evidence Elements": {"Participant": [], "Intervention": [], "Outcome": []}, "Evidence Propositions": []}, {"Section": "RESULTS", "Text": "As on February 4 , 2020 , 425 deaths reported in China only and one death outside China ( Philippines ) .", "Evidence Elements": {"Participant": [], "Intervention": [], "Outcome": [{"term": "deaths", "negation": "affirmed", "UMLS": "", "start": 30, "end": 36}]}, "Evidence Propositions": []}, {"Section": "RESULTS", "Text": "In a short span of time , the virus spread has been noted in 24 countries .", "Evidence Elements": {"Participant": [], "Intervention": [], "Outcome": []}, "Evidence Propositions": []}, {"Section": "RESULTS", "Text": "The zoonotic transmission ( animal-to-human ) is suspected as the route of disease origin .", "Evidence Elements": {"Participant": [], "Intervention": [], "Outcome": []}, "Evidence Propositions": []}, {"Section": "RESULTS", "Text": "The genetic analyses predict bats as the most probable source of 2019-nCoV though further investigations needed to confirm the origin of the novel virus .", "Evidence Elements": {"Participant": [], "Intervention": [], "Outcome": []}, "Evidence Propositions": []}, {"Section": "CONCLUSIONS", "Text": "The ongoing nCoV outbreak highlights the hidden wild animal reservoir of the deadly viruses and possible threat of spillover zoonoses as well .", "Evidence Elements": {"Participant": [], "Intervention": [], "Outcome": []}, "Evidence Propositions": []}, {"Section": "CONCLUSIONS", "Text": "The successful virus isolation attempts have made doors open for developing better diagnostics and effective vaccines helping in combating the spread of the virus to newer areas .", "Evidence Elements": {"Participant": [], "Intervention": [], "Outcome": []}, "Evidence Propositions": []}]}