{"doc_id": "32051073", "type of study": "Therapy", "title": "", "abstract": "Since December 2019, a cluster of patients have been diagnosed to be infected with 2019 novel coronavirus (2019-nCoV) in Wuhan, China.\nThe epidemic has been spreading to other areas of the country and abroad.\nA few cases have progressed rapidly to acute respiratory distress syndrome and/or multiple organ function failure.\nThe epidemiological survey has indicated that the general population is susceptible to 2019-nCoV. A total of 14 children (6 months to 14 years of age, including 5 cases in Wuhan) have been confirmed to be infected with 2019-nCoV in China so far.\nIn order to further standardize and enhance the clinical management of 2019-nCoV infection in children, reduce the incidence, and decrease the number of severe cases, we have formulated this diagnosis and treatment recommendation according to the recent information at home and abroad.\n", "Evidence Map": {"Enrollment": [{"term": "2019-nCoV infection", "negation": "affirmed", "UMLS": "", "start": 71, "end": 90}, {"term": "children", "negation": "affirmed", "UMLS": "", "start": 94, "end": 102}], "Comparison Results": [], "Study Arm 1 Results": [], "Study Arm 2 Results": []}, "Sentence-level breakdown": [{"Section": "TITLE", "Text": "Since December 2019 , a cluster of patients have been diagnosed to be infected with 2019 novel coronavirus ( 2019-nCoV ) in Wuhan , China .", "Evidence Elements": {"Participant": [], "Intervention": [], "Outcome": []}, "Evidence Propositions": []}, {"Section": "RESULTS", "Text": "The epidemic has been spreading to other areas of the country and abroad .", "Evidence Elements": {"Participant": [], "Intervention": [], "Outcome": []}, "Evidence Propositions": []}, {"Section": "RESULTS", "Text": "A few cases have progressed rapidly to acute respiratory distress syndrome and / or multiple organ function failure .", "Evidence Elements": {"Participant": [], "Intervention": [], "Outcome": []}, "Evidence Propositions": []}, {"Section": "RESULTS", "Text": "The epidemiological survey has indicated that the general population is susceptible to 2019-nCoV . A total of 14 children ( 6 months to 14 years of age , including 5 cases in Wuhan ) have been confirmed to be infected with 2019-nCoV in China so far .", "Evidence Elements": {"Participant": [], "Intervention": [], "Outcome": []}, "Evidence Propositions": []}, {"Section": "CONCLUSIONS", "Text": "In order to further standardize and enhance the clinical management of 2019-nCoV infection in children , reduce the incidence , and decrease the number of severe cases , we have formulated this diagnosis and treatment recommendation according to the recent information at home and abroad .", "Evidence Elements": {"Participant": [{"term": "2019-nCoV infection", "negation": "affirmed", "UMLS": "", "start": 71, "end": 90}, {"term": "children", "negation": "affirmed", "UMLS": "", "start": 94, "end": 102}], "Intervention": [], "Outcome": []}, "Evidence Propositions": []}]}