{"doc_id": "32057769", "type of study": "Therapy", "title": "", "abstract": "In 2019, a new coronavirus (2019-nCoV) infecting Humans has emerged in Wuhan, China.\nIts genome has been sequenced and the genomic information promptly released.\nDespite a high similarity with the genome sequence of SARS-CoV and SARS-like CoVs, we identified a peculiar furin-like cleavage site in the Spike protein of the 2019-nCoV, lacking in the other SARS-like CoVs.\nIn this article, we discuss the possible functional consequences of this cleavage site in the viral cycle, pathogenicity and its potential implication in the development of antivirals.\nThe genomic sequence of 2019-nCoV indicates that the virus clusters with betacoronaviruses of lineage b. 2019-nCoV S-protein sequence has a specific furin-like cleavage site absent in lineage b CoV including SARS-CoV sequences.\nThe furin-like cleavage site in the S-protein of 2019-nCoV may have implications for the viral life cycle and pathogenicity.\nCampaigns to develop anti-2019-nCoV therapeutics should include the evaluation of furin inhibitors.\n", "Evidence Map": {"Enrollment": [], "Comparison Results": [], "Study Arm 1 Results": [], "Study Arm 2 Results": []}, "Sentence-level breakdown": [{"Section": "TITLE", "Text": "In 2019 , a new coronavirus ( 2019-nCoV ) infecting Humans has emerged in Wuhan , China .", "Evidence Elements": {"Participant": [], "Intervention": [], "Outcome": []}, "Evidence Propositions": []}, {"Section": "RESULTS", "Text": "Its genome has been sequenced and the genomic information promptly released .", "Evidence Elements": {"Participant": [], "Intervention": [], "Outcome": []}, "Evidence Propositions": []}, {"Section": "RESULTS", "Text": "Despite a high similarity with the genome sequence of SARS-CoV and SARS-like CoVs , we identified a peculiar furin-like cleavage site in the Spike protein of the 2019-nCoV , lacking in the other SARS-like CoVs .", "Evidence Elements": {"Participant": [], "Intervention": [{"term": "2019-nCoV", "negation": "affirmed", "UMLS": "", "start": 162, "end": 171}], "Outcome": [{"term": "furin-like cleavage site", "negation": "affirmed", "UMLS": "", "start": 109, "end": 133}, {"term": "Spike protein", "negation": "affirmed", "UMLS": "", "start": 141, "end": 154}]}, "Evidence Propositions": []}, {"Section": "RESULTS", "Text": "In this article , we discuss the possible functional consequences of this cleavage site in the viral cycle , pathogenicity and its potential implication in the development of antivirals .", "Evidence Elements": {"Participant": [], "Intervention": [], "Outcome": [{"term": "pathogenicity", "negation": "affirmed", "UMLS": "", "start": 109, "end": 122}]}, "Evidence Propositions": []}, {"Section": "RESULTS", "Text": "The genomic sequence of 2019-nCoV indicates that the virus clusters with betacoronaviruses of lineage b . 2019-nCoV S-protein sequence has a specific furin-like cleavage site absent in lineage b CoV including SARS-CoV sequences .", "Evidence Elements": {"Participant": [], "Intervention": [{"term": "2019-nCoV", "negation": "affirmed", "UMLS": "", "start": 24, "end": 33}], "Outcome": []}, "Evidence Propositions": []}, {"Section": "CONCLUSIONS", "Text": "The furin-like cleavage site in the S-protein of 2019-nCoV may have implications for the viral life cycle and pathogenicity .", "Evidence Elements": {"Participant": [], "Intervention": [], "Outcome": []}, "Evidence Propositions": []}, {"Section": "CONCLUSIONS", "Text": "Campaigns to develop anti-2019-nCoV therapeutics should include the evaluation of furin inhibitors .", "Evidence Elements": {"Participant": [], "Intervention": [], "Outcome": []}, "Evidence Propositions": []}]}