{"doc_id": "32051074", "type of study": "Therapy", "title": "", "abstract": "Since December 2019, an epidemic of novel coronavirus pneumonia (NCP) has occurred in China.\nHow to effectively prevent and control NCP among children with limited resources is an urgent issue to be explored.\nUnder the unified arrangement of the Xiangya Hospital of Central South University, the Department of Pediatrics has formulated an action plan with Xiangya unique model to prevent and control NCP among children according to the current epidemic situation and diagnostic and therapeutic program in China.\n", "Evidence Map": {"Enrollment": [{"term": "children", "negation": "affirmed", "UMLS": "", "start": 202, "end": 210}], "Comparison Results": [], "Study Arm 1 Results": [], "Study Arm 2 Results": []}, "Sentence-level breakdown": [{"Section": "TITLE", "Text": "Since December 2019 , an epidemic of novel coronavirus pneumonia ( NCP ) has occurred in China .", "Evidence Elements": {"Participant": [], "Intervention": [], "Outcome": []}, "Evidence Propositions": []}, {"Section": "RESULTS", "Text": "How to effectively prevent and control NCP among children with limited resources is an urgent issue to be explored .", "Evidence Elements": {"Participant": [], "Intervention": [], "Outcome": []}, "Evidence Propositions": []}, {"Section": "CONCLUSIONS", "Text": "Under the unified arrangement of the Xiangya Hospital of Central South University , the Department of Pediatrics has formulated an action plan with Xiangya unique model to prevent and control NCP among children according to the current epidemic situation and diagnostic and therapeutic program in China .", "Evidence Elements": {"Participant": [{"term": "children", "negation": "affirmed", "UMLS": "", "start": 202, "end": 210}], "Intervention": [], "Outcome": []}, "Evidence Propositions": []}]}