{"doc_id": "32057575", "type of study": "Therapy", "title": "", "abstract": "The reverse genetic operating systems of IBV H120 and IBYZ strains were created.\nWe constructed rH120-S1/YZ strain, based on the backbone of the H120 vaccine strain, with the S1 gene replaced with that of the QX-like nephropathogenic strain, ck/CH/IBYZ/2011.\nWe demonstrated that rH120-S1/YZ had the potential to be a candidate vaccine strain for the prevention and control of the epidemic of renal strains.\nInfectious bronchitis (IB) is a highly infectious viral disease responsible for major economic losses in the poultry industry.\nA reverse genetic vaccine is a safe, rapid, and effective method of achieving IB prevention and control.\nIn this study, we constructed the recombinant strain, rH120-S1/YZ, using a reverse genetic system, based on the backbone of the H120 vaccine strain, with the S1 gene replaced with that of the QX-like nephropathogenic strain, ck/CH/IBYZ/2011, isolated in China.\nThe results of dwarf chicken embryos, growth kinetics, and viral titration in the embryos demonstrated that the biological characteristics of the recombinant virus remained unchanged.\nLike the rH120-infected group and in contrast to the rIBYZ-infected group, no mortality, clinical signs, or lesions were observed in the lungs or kidneys of young chickens inoculated with rH120-S1/YZ.\nThe viral loads in various tissues, cloacal, and oral swabs was lower in most types of samples, indicating that the rH120-S1/YZ strain was highly safe in chicks.\nCompared to rH120 vaccination group, when the efficacy of this strain was evaluated against the QX-like IBV strain, better protection, with 100% survival rate and no disease symptom or gross lesion was observed in the chickens vaccinated with rH120-S1/YZ.\nIncreased levels of IBV-specific antibodies were detected in the serum of the rH120-S1/YZ-vaccinated animals 14 days post-vaccination.\nCollectively, our results suggest that the recombinant strain, rH120-S1/YZ, may represent a promising vaccine candidate against QX-like IBVs.\n", "Evidence Map": {"Enrollment": [{"term": "young chickens", "negation": "negated", "UMLS": "", "start": 160, "end": 174}], "Comparison Results": [], "Study Arm 1 Results": [], "Study Arm 2 Results": []}, "Sentence-level breakdown": [{"Section": "TITLE", "Text": "The reverse genetic operating systems of IBV H120 and IBYZ strains were created .", "Evidence Elements": {"Participant": [], "Intervention": [], "Outcome": []}, "Evidence Propositions": []}, {"Section": "BACKGROUND", "Text": "We constructed rH120-S1 / YZ strain , based on the backbone of the H120 vaccine strain , with the S1 gene replaced with that of the QX-like nephropathogenic strain , ck / CH / IBYZ / 2011 .", "Evidence Elements": {"Participant": [], "Intervention": [], "Outcome": []}, "Evidence Propositions": []}, {"Section": "BACKGROUND", "Text": "We demonstrated that rH120-S1 / YZ had the potential to be a candidate vaccine strain for the prevention and control of the epidemic of renal strains .", "Evidence Elements": {"Participant": [], "Intervention": [{"term": "YZ", "negation": "affirmed", "UMLS": "", "start": 32, "end": 34}], "Outcome": [{"term": "renal strains", "negation": "affirmed", "UMLS": "", "start": 136, "end": 149}]}, "Evidence Propositions": []}, {"Section": "BACKGROUND", "Text": "Infectious bronchitis ( IB ) is a highly infectious viral disease responsible for major economic losses in the poultry industry .", "Evidence Elements": {"Participant": [], "Intervention": [], "Outcome": []}, "Evidence Propositions": []}, {"Section": "BACKGROUND", "Text": "A reverse genetic vaccine is a safe , rapid , and effective method of achieving IB prevention and control .", "Evidence Elements": {"Participant": [], "Intervention": [], "Outcome": []}, "Evidence Propositions": []}, {"Section": "RESULTS", "Text": "In this study , we constructed the recombinant strain , rH120-S1 / YZ , using a reverse genetic system , based on the backbone of the H120 vaccine strain , with the S1 gene replaced with that of the QX-like nephropathogenic strain , ck / CH / IBYZ / 2011 , isolated in China .", "Evidence Elements": {"Participant": [], "Intervention": [{"term": "YZ", "negation": "affirmed", "UMLS": "", "start": 67, "end": 69}], "Outcome": []}, "Evidence Propositions": []}, {"Section": "RESULTS", "Text": "The results of dwarf chicken embryos , growth kinetics , and viral titration in the embryos demonstrated that the biological characteristics of the recombinant virus remained unchanged .", "Evidence Elements": {"Participant": [], "Intervention": [{"term": "recombinant virus", "negation": "affirmed", "UMLS": "", "start": 148, "end": 165}], "Outcome": [{"term": "dwarf chicken", "negation": "affirmed", "UMLS": "", "start": 15, "end": 28}, {"term": "growth kinetics", "negation": "affirmed", "UMLS": "", "start": 39, "end": 54}, {"term": "viral titration", "negation": "affirmed", "UMLS": "", "start": 61, "end": 76}, {"term": "biological characteristics", "negation": "affirmed", "UMLS": "", "start": 114, "end": 140}]}, "Evidence Propositions": []}, {"Section": "RESULTS", "Text": "Like the rH120-infected group and in contrast to the rIBYZ-infected group , no mortality , clinical signs , or lesions were observed in the lungs or kidneys of young chickens inoculated with rH120-S1 / YZ .", "Evidence Elements": {"Participant": [{"term": "young chickens", "negation": "negated", "UMLS": "", "start": 160, "end": 174}], "Intervention": [{"term": "rH120-infected", "negation": "affirmed", "UMLS": "", "start": 9, "end": 23}, {"term": "rIBYZ-infected", "negation": "affirmed", "UMLS": "", "start": 53, "end": 67}], "Outcome": [{"term": "mortality", "negation": "negated", "UMLS": "", "start": 79, "end": 88}, {"term": "clinical signs", "negation": "negated", "UMLS": "", "start": 91, "end": 105}, {"term": "lesions", "negation": "negated", "UMLS": "", "start": 111, "end": 118}]}, "Evidence Propositions": []}, {"Section": "RESULTS", "Text": "The viral loads in various tissues , cloacal , and oral swabs was lower in most types of samples , indicating that the rH120-S1 / YZ strain was highly safe in chicks .", "Evidence Elements": {"Participant": [], "Intervention": [{"term": "YZ strain", "negation": "affirmed", "UMLS": "", "start": 130, "end": 139}], "Outcome": [{"term": "viral loads in various tissues , cloacal , and oral swabs", "negation": "affirmed", "UMLS": "", "start": 4, "end": 61}]}, "Evidence Propositions": [{"Intervention": [], "Observation": "lower", "Outcome": "viral loads in various tissues , cloacal , and oral swabs", "Count": ""}, {"Intervention": "YZ strain", "Observation": "highly", "Outcome": "viral loads in various tissues , cloacal , and oral swabs", "Count": ""}]}, {"Section": "RESULTS", "Text": "Compared to rH120 vaccination group , when the efficacy of this strain was evaluated against the QX-like IBV strain , better protection , with 100 % survival rate and no disease symptom or gross lesion was observed in the chickens vaccinated with rH120-S1 / YZ .", "Evidence Elements": {"Participant": [], "Intervention": [{"term": "rH120 vaccination", "negation": "affirmed", "UMLS": "", "start": 12, "end": 29}, {"term": "strain", "negation": "affirmed", "UMLS": "", "start": 64, "end": 70}], "Outcome": [{"term": "efficacy", "negation": "affirmed", "UMLS": "", "start": 47, "end": 55}, {"term": "protection", "negation": "affirmed", "UMLS": "", "start": 125, "end": 135}, {"term": "survival rate", "negation": "affirmed", "UMLS": "", "start": 149, "end": 162}, {"term": "disease symptom", "negation": "negated", "UMLS": "", "start": 170, "end": 185}, {"term": "gross lesion", "negation": "negated", "UMLS": "", "start": 189, "end": 201}]}, "Evidence Propositions": []}, {"Section": "RESULTS", "Text": "Increased levels of IBV-specific antibodies were detected in the serum of the rH120-S1 / YZ-vaccinated animals 14 days post-vaccination .", "Evidence Elements": {"Participant": [], "Intervention": [{"term": "YZ-vaccinated", "negation": "affirmed", "UMLS": "", "start": 89, "end": 102}], "Outcome": [{"term": "levels of IBV-specific antibodies", "negation": "affirmed", "UMLS": "", "start": 10, "end": 43}]}, "Evidence Propositions": []}, {"Section": "CONCLUSIONS", "Text": "Collectively , our results suggest that the recombinant strain , rH120-S1 / YZ , may represent a promising vaccine candidate against QX-like IBVs .", "Evidence Elements": {"Participant": [], "Intervention": [{"term": "strain", "negation": "affirmed", "UMLS": "", "start": 56, "end": 62}, {"term": "YZ", "negation": "affirmed", "UMLS": "", "start": 76, "end": 78}], "Outcome": []}, "Evidence Propositions": []}]}