{"doc_id": "32065055", "type of study": "Therapy", "title": "", "abstract": "The newly identified 2019 novel coronavirus (2019-nCoV) has caused more than 11,900 laboratory-confirmed human infections, including 259 deaths, posing a serious threat to human health.\nCurrently, however, there is no specific antiviral treatment or vaccine.\nConsidering the relatively high identity of receptor-binding domain (RBD) in 2019-nCoV and SARS-CoV, it is urgent to assess the cross-reactivity of anti-SARS CoV antibodies with 2019-nCoV spike protein, which could have important implications for rapid development of vaccines and therapeutic antibodies against 2019-nCoV. Here, we report for the first time that a SARS-CoV-specific human monoclonal antibody, CR3022, could bind potently with 2019-nCoV RBD (KD of 6.3 nM).\nThe epitope of CR3022 does not overlap with the ACE2 binding site within 2019-nCoV RBD.\nThese results suggest that CR3022 may have the potential to be developed as candidate therapeutics, alone or in combination with other neutralizing antibodies, for the prevention and treatment of 2019-nCoV infections.\nInterestingly, some of the most potent SARS-CoV-specific neutralizing antibodies (e.g. m396, CR3014) that target the ACE2 binding site of SARS-CoV failed to bind 2019-nCoV spike protein, implying that the difference in the RBD of SARS-CoV and 2019-nCoV has a critical impact for the cross-reactivity of neutralizing antibodies, and that it is still necessary to develop novel monoclonal antibodies that could bind specifically to 2019-nCoV RBD.\n", "Evidence Map": {"Enrollment": [], "Comparison Results": [], "Study Arm 1 Results": [], "Study Arm 2 Results": []}, "Sentence-level breakdown": [{"Section": "TITLE", "Text": "The newly identified 2019 novel coronavirus ( 2019-nCoV ) has caused more than 11,900 laboratory-confirmed human infections , including 259 deaths , posing a serious threat to human health .", "Evidence Elements": {"Participant": [], "Intervention": [], "Outcome": []}, "Evidence Propositions": []}, {"Section": "RESULTS", "Text": "Currently , however , there is no specific antiviral treatment or vaccine .", "Evidence Elements": {"Participant": [], "Intervention": [], "Outcome": []}, "Evidence Propositions": []}, {"Section": "RESULTS", "Text": "Considering the relatively high identity of receptor-binding domain ( RBD ) in 2019-nCoV and SARS-CoV , it is urgent to assess the cross-reactivity of anti-SARS CoV antibodies with 2019-nCoV spike protein , which could have important implications for rapid development of vaccines and therapeutic antibodies against 2019-nCoV . Here , we report for the first time that a SARS-CoV-specific human monoclonal antibody , CR3022 , could bind potently with 2019-nCoV RBD ( KD of 6 .", "Evidence Elements": {"Participant": [], "Intervention": [], "Outcome": []}, "Evidence Propositions": []}, {"Section": "RESULTS", "Text": "The epitope of CR3022 does not overlap with the ACE2 binding site within 2019-nCoV RBD .", "Evidence Elements": {"Participant": [], "Intervention": [{"term": "CR3022", "negation": "affirmed", "UMLS": "", "start": 15, "end": 21}], "Outcome": []}, "Evidence Propositions": []}, {"Section": "CONCLUSIONS", "Text": "These results suggest that CR3022 may have the potential to be developed as candidate therapeutics , alone or in combination with other neutralizing antibodies , for the prevention and treatment of 2019-nCoV infections .", "Evidence Elements": {"Participant": [], "Intervention": [{"term": "CR3022", "negation": "affirmed", "UMLS": "", "start": 27, "end": 33}], "Outcome": []}, "Evidence Propositions": []}, {"Section": "CONCLUSIONS", "Text": "Interestingly , some of the most potent SARS-CoV-specific neutralizing antibodies ( e.g. m396 , CR3014 ) that target the ACE2 binding site of SARS-CoV failed to bind 2019-nCoV spike protein , implying that the difference in the RBD of SARS-CoV and 2019-nCoV has a critical impact for the cross-reactivity of neutralizing antibodies , and that it is still necessary to develop novel monoclonal antibodies that could bind specifically to 2019-nCoV RBD .", "Evidence Elements": {"Participant": [], "Intervention": [], "Outcome": []}, "Evidence Propositions": []}]}