{"doc_id": "32060789", "type of study": "Therapy", "title": "", "abstract": "Based on the announcement of the World Health Organization (WHO) in 2018, the Wuhan pneumonia caused by an unknown etiology should be recognized as the first Disease X. Later, the pathogen was identified to be a novel coronavirus denoted 2019-nCoV, which has 79.5% and 96% whole genome sequence identify to SARS-CoV and bat SARS-related coronavirus (SARSr-CoV-RaTG13), respectively, suggesting its potential bat origin.\nWith high human-to-human transmission rate (R0), 2019-nCoV has quickly spread in China and other countries, resulting in 34,953 confirmed cases and 725 deaths as of 8 February 2020, thus calling for urgent development of therapeutics and prophylactics.\nHere we suggest renaming 2019-nCoV as \"transmissible acute respiratory syndrome coronavirus (TARS-CoV)\" and briefly review the advancement of research and development of neutralizing antibodies and vaccines targeting the receptor-binding domain (RBD) and viral fusion inhibitors targeting the heptad repeat 1 (HR1) domain in spike protein of 2019-nCoV.\n", "Evidence Map": {"Enrollment": [], "Comparison Results": [], "Study Arm 1 Results": [], "Study Arm 2 Results": []}, "Sentence-level breakdown": [{"Section": "TITLE", "Text": "Based on the announcement of the World Health Organization ( WHO ) in 2018 , the Wuhan pneumonia caused by an unknown etiology should be recognized as the first Disease X . Later , the pathogen was identified to be a novel coronavirus denoted 2019-nCoV , which has 79.5 % and 96 % whole genome sequence identify to SARS-CoV and bat SARS-related coronavirus ( SARSr-CoV-RaTG13 ) , respectively , suggesting its potential bat origin .", "Evidence Elements": {"Participant": [], "Intervention": [], "Outcome": []}, "Evidence Propositions": []}, {"Section": "RESULTS", "Text": "With high human-to-human transmission rate ( R0 ) , 2019-nCoV has quickly spread in China and other countries , resulting in 34,953 confirmed cases and 725 deaths as of 8 February 2020 , thus calling for urgent development of therapeutics and prophylactics .", "Evidence Elements": {"Participant": [], "Intervention": [], "Outcome": []}, "Evidence Propositions": []}, {"Section": "CONCLUSIONS", "Text": "Here we suggest renaming 2019-nCoV as \" transmissible acute respiratory syndrome coronavirus ( TARS-CoV ) \" and briefly review the advancement of research and development of neutralizing antibodies and vaccines targeting the receptor-binding domain ( RBD ) and viral fusion inhibitors targeting the heptad repeat 1 ( HR1 ) domain in spike protein of 2019-nCoV .", "Evidence Elements": {"Participant": [], "Intervention": [], "Outcome": [{"term": "fusion inhibitors", "negation": "affirmed", "UMLS": "", "start": 267, "end": 284}]}, "Evidence Propositions": []}]}