{"doc_id": "32075364", "type of study": "Therapy", "title": "", "abstract": "The outbreak of pneumonia caused by 2019 novel coronavirus infection in Wuhan has become a public health emergency of international concern.\nHowever, some patients are accompanied by varying degrees of liver injury in addition to respiratory symptoms.\nThis paper analyzes the clinical characteristics, susceptible population, related factors and treatment strategies to provide a reference for clinical decision making in novel coronavirus pneumonia-related liver injury.\n", "Evidence Map": {"Enrollment": [{"term": "novel coronavirus pneumonia-related", "negation": "affirmed", "UMLS": "", "start": 172, "end": 207}], "Comparison Results": [], "Study Arm 1 Results": [], "Study Arm 2 Results": []}, "Sentence-level breakdown": [{"Section": "TITLE", "Text": "The outbreak of pneumonia caused by 2019 novel coronavirus infection in Wuhan has become a public health emergency of international concern .", "Evidence Elements": {"Participant": [], "Intervention": [], "Outcome": []}, "Evidence Propositions": []}, {"Section": "RESULTS", "Text": "However , some patients are accompanied by varying degrees of liver injury in addition to respiratory symptoms .", "Evidence Elements": {"Participant": [], "Intervention": [], "Outcome": []}, "Evidence Propositions": []}, {"Section": "CONCLUSIONS", "Text": "This paper analyzes the clinical characteristics , susceptible population , related factors and treatment strategies to provide a reference for clinical decision making in novel coronavirus pneumonia-related liver injury .", "Evidence Elements": {"Participant": [{"term": "novel coronavirus pneumonia-related", "negation": "affirmed", "UMLS": "", "start": 172, "end": 207}], "Intervention": [], "Outcome": [{"term": "characteristics", "negation": "affirmed", "UMLS": "", "start": 33, "end": 48}, {"term": "susceptible", "negation": "affirmed", "UMLS": "", "start": 51, "end": 62}, {"term": "related", "negation": "affirmed", "UMLS": "", "start": 76, "end": 83}, {"term": "treatment strategies", "negation": "affirmed", "UMLS": "", "start": 96, "end": 116}, {"term": "making", "negation": "affirmed", "UMLS": "", "start": 162, "end": 168}]}, "Evidence Propositions": []}]}