{"doc_id": "32081636", "type of study": "Therapy", "title": "", "abstract": "Emergence of 2019 novel coronavirus (2019-nCoV) in China has caused a large global outbreak and major public health issue.\nAt 9 February 2020, data from the WHO has shown >37 000 confirmed cases in 28 countries (>99% of cases detected in China).\n2019-nCoV is spread by human-to-human transmission via droplets or direct contact.\nInfection estimated to have an incubation period of 2-14 days and a basic reproduction number of 2.24-3.58.\nControlling infection to prevent spread of the 2019-nCoV is the primary intervention being used.\nThe emergence of severe acute respiratory syndrome coronavirus 2 (SARS-CoV-2; previously provisionally named 2019 novel coronavirus or 2019-nCoV) disease (COVID-19) in China at the end of 2019 has caused a large global outbreak and is a major public health issue.\nAs of 11 February 2020, data from the World Health Organization (WHO) have shown that more than 43 000 confirmed cases have been identified in 28 countries/regions, with >99% of cases being detected in China.\nOn 30 January 2020, the WHO declared COVID-19 as the sixth public health emergency of international concern.\nSARS-CoV-2 is closely related to two bat-derived severe acute respiratory syndrome-like coronaviruses, bat-SL-CoVZC45 and bat-SL-CoVZXC21.\nIt is spread by human-to-human transmission via droplets or direct contact, and infection has been estimated to have mean incubation period of 6.4 days and a basic reproduction number of 2.24-3.58.\nAmong patients with pneumonia caused by SARS-CoV-2 (novel coronavirus pneumonia or Wuhan pneumonia), fever was the most common symptom, followed by cough.\nBilateral lung involvement with ground-glass opacity was the most common finding from computed tomography images of the chest.\nThe one case of SARS-CoV-2 pneumonia in the USA is responding well to remdesivir, which is now undergoing a clinical trial in China.\nCurrently, controlling infection to prevent the spread of SARS-CoV-2 is the primary intervention being used.\nHowever, public health authorities should keep monitoring the situation closely, as the more we can learn about this novel virus and its associated outbreak, the better we can respond.\n", "Evidence Map": {"Enrollment": [{"term": "pneumonia", "negation": "affirmed", "UMLS": "", "start": 20, "end": 29}, {"term": "SARS-CoV-2", "negation": "affirmed", "UMLS": "", "start": 40, "end": 50}], "Comparison Results": [], "Study Arm 1 Results": [], "Study Arm 2 Results": []}, "Sentence-level breakdown": [{"Section": "TITLE", "Text": "Emergence of 2019 novel coronavirus ( 2019-nCoV ) in China has caused a large global outbreak and major public health issue .", "Evidence Elements": {"Participant": [], "Intervention": [], "Outcome": []}, "Evidence Propositions": []}, {"Section": "RESULTS", "Text": "At 9 February 2020 , data from the WHO has shown > 37000 confirmed cases in 28 countries ( > 99 % of cases detected in China ) .", "Evidence Elements": {"Participant": [], "Intervention": [], "Outcome": []}, "Evidence Propositions": []}, {"Section": "RESULTS", "Text": "2019-nCoV is spread by human-to-human transmission via droplets or direct contact .", "Evidence Elements": {"Participant": [], "Intervention": [], "Outcome": []}, "Evidence Propositions": []}, {"Section": "RESULTS", "Text": "Infection estimated to have an incubation period of 2-14 days and a basic reproduction number of 2.24-3.58 .", "Evidence Elements": {"Participant": [], "Intervention": [], "Outcome": []}, "Evidence Propositions": []}, {"Section": "RESULTS", "Text": "Controlling infection to prevent spread of the 2019-nCoV is the primary intervention being used .", "Evidence Elements": {"Participant": [], "Intervention": [], "Outcome": []}, "Evidence Propositions": []}, {"Section": "RESULTS", "Text": "The emergence of severe acute respiratory syndrome coronavirus 2 ( SARS-CoV-2 ; previously provisionally named 2019 novel coronavirus or 2019-nCoV ) disease ( COVID-19 ) in China at the end of 2019 has caused a large global outbreak and is a major public health issue .", "Evidence Elements": {"Participant": [], "Intervention": [], "Outcome": []}, "Evidence Propositions": []}, {"Section": "RESULTS", "Text": "As of 11 February 2020 , data from the World Health Organization ( WHO ) have shown that more than 43 000 confirmed cases have been identified in 28 countries / regions , with > 99 % of cases being detected in China .", "Evidence Elements": {"Participant": [], "Intervention": [], "Outcome": []}, "Evidence Propositions": []}, {"Section": "RESULTS", "Text": "On 30 January 2020 , the WHO declared COVID-19 as the sixth public health emergency of international concern .", "Evidence Elements": {"Participant": [], "Intervention": [], "Outcome": []}, "Evidence Propositions": []}, {"Section": "RESULTS", "Text": "SARS-CoV-2 is closely related to two bat-derived severe acute respiratory syndrome-like coronaviruses , bat-SL-CoVZC45 and bat-SL-CoVZXC21 .", "Evidence Elements": {"Participant": [], "Intervention": [], "Outcome": []}, "Evidence Propositions": []}, {"Section": "RESULTS", "Text": "It is spread by human-to-human transmission via droplets or direct contact , and infection has been estimated to have mean incubation period of 6.4 days and a basic reproduction number of 2.24-3.58 .", "Evidence Elements": {"Participant": [], "Intervention": [], "Outcome": []}, "Evidence Propositions": []}, {"Section": "RESULTS", "Text": "Among patients with pneumonia caused by SARS-CoV-2 ( novel coronavirus pneumonia or Wuhan pneumonia ) , fever was the most common symptom , followed by cough .", "Evidence Elements": {"Participant": [{"term": "pneumonia", "negation": "affirmed", "UMLS": "", "start": 20, "end": 29}, {"term": "SARS-CoV-2", "negation": "affirmed", "UMLS": "", "start": 40, "end": 50}], "Intervention": [], "Outcome": [{"term": "fever", "negation": "affirmed", "UMLS": "", "start": 104, "end": 109}]}, "Evidence Propositions": [{"Intervention": [], "Observation": "most common", "Outcome": "fever", "Count": ""}]}, {"Section": "RESULTS", "Text": "Bilateral lung involvement with ground-glass opacity was the most common finding from computed tomography images of the chest .", "Evidence Elements": {"Participant": [], "Intervention": [], "Outcome": [{"term": "Bilateral lung involvement with ground-glass opacity", "negation": "affirmed", "UMLS": "", "start": 0, "end": 52}]}, "Evidence Propositions": [{"Intervention": [], "Observation": "most common", "Outcome": "Bilateral lung involvement with ground-glass opacity", "Count": ""}]}, {"Section": "RESULTS", "Text": "The one case of SARS-CoV-2 pneumonia in the USA is responding well to remdesivir , which is now undergoing a clinical trial in China .", "Evidence Elements": {"Participant": [], "Intervention": [{"term": "remdesivir", "negation": "affirmed", "UMLS": "", "start": 70, "end": 80}], "Outcome": [{"term": "SARS-CoV-2 pneumonia", "negation": "affirmed", "UMLS": "", "start": 16, "end": 36}]}, "Evidence Propositions": [{"Intervention": "remdesivir", "Observation": "responding well", "Outcome": "SARS-CoV-2 pneumonia", "Count": ""}, {"Intervention": "remdesivir", "Observation": "", "Count": "one case", "Outcome": "SARS-CoV-2 pneumonia"}]}, {"Section": "CONCLUSIONS", "Text": "Currently , controlling infection to prevent the spread of SARS-CoV-2 is the primary intervention being used .", "Evidence Elements": {"Participant": [], "Intervention": [], "Outcome": []}, "Evidence Propositions": []}, {"Section": "CONCLUSIONS", "Text": "However , public health authorities should keep monitoring the situation closely , as the more we can learn about this novel virus and its associated outbreak , the better we can respond .", "Evidence Elements": {"Participant": [], "Intervention": [], "Outcome": []}, "Evidence Propositions": []}]}