{"doc_id": "32086938", "type of study": "Therapy", "title": "", "abstract": "To provide an overview of the three major deadly coronaviruses and identify areas for improvement of future preparedness plans, as well as provide a critical assessment of the risk factors and actionable items for stopping their spread, utilizing lessons learned from the first two deadly coronavirus outbreaks, as well as initial reports from the current novel coronavirus (COVID-19) epidemic in Wuhan, China.\nUtilizing the Centers for Disease Control and Prevention (CDC, USA) website, and a comprehensive review of PubMed literature, we obtained information regarding clinical signs and symptoms, treatment and diagnosis, transmission methods, protection methods and risk factors for Middle East Respiratory Syndrome (MERS), Severe Acute Respiratory Syndrome (SARS) and COVID-19.\nComparisons between the viruses were made.\nInadequate risk assessment regarding the urgency of the situation, and limited reporting on the virus within China has, in part, led to the rapid spread of COVID-19 throughout mainland China and into proximal and distant countries.\nCompared with SARS and MERS, COVID-19 has spread more rapidly, due in part to increased globalization and the focus of the epidemic.\nWuhan, China is a large hub connecting the North, South, East and West of China via railways and a major international airport.\nThe availability of connecting flights, the timing of the outbreak during the Chinese (Lunar) New Year, and the massive rail transit hub located in Wuhan has enabled the virus to perforate throughout China, and eventually, globally.\nWe conclude that we did not learn from the two prior epidemics of coronavirus and were ill-prepared to deal with the challenges the COVID-19 epidemic has posed.\nFuture research should attempt to address the uses and implications of internet of things (IoT) technologies for mapping the spread of infection.\n", "Evidence Map": {"Enrollment": [{"term": "Middle East Respiratory Syndrome", "negation": "affirmed", "UMLS": "", "start": 284, "end": 316}], "Comparison Results": [], "Study Arm 1 Results": [], "Study Arm 2 Results": []}, "Sentence-level breakdown": [{"Section": "TITLE", "Text": "To provide an overview of the three major deadly coronaviruses and identify areas for improvement of future preparedness plans , as well as provide a critical assessment of the risk factors and actionable items for stopping their spread , utilizing lessons learned from the first two deadly coronavirus outbreaks , as well as initial reports from the current novel coronavirus ( COVID-19 ) epidemic in Wuhan , China .", "Evidence Elements": {"Participant": [], "Intervention": [{"term": "major deadly coronaviruses", "negation": "affirmed", "UMLS": "", "start": 36, "end": 62}, {"term": "coronavirus", "negation": "affirmed", "UMLS": "", "start": 49, "end": 60}], "Outcome": [{"term": "risk factors", "negation": "affirmed", "UMLS": "", "start": 177, "end": 189}, {"term": "actionable items for stopping their", "negation": "affirmed", "UMLS": "", "start": 194, "end": 229}]}, "Evidence Propositions": []}, {"Section": "METHODS", "Text": "Utilizing the Centers for Disease Control and Prevention ( CDC , USA ) website , and a comprehensive review of PubMed literature , we obtained information regarding clinical signs and symptoms , treatment and diagnosis , transmission methods , protection methods and risk factors for Middle East Respiratory Syndrome ( MERS ) , Severe Acute Respiratory Syndrome ( SARS ) and COVID-19 .", "Evidence Elements": {"Participant": [{"term": "Middle East Respiratory Syndrome", "negation": "affirmed", "UMLS": "", "start": 284, "end": 316}], "Intervention": [], "Outcome": [{"term": "clinical signs and symptoms", "negation": "affirmed", "UMLS": "", "start": 165, "end": 192}, {"term": "treatment", "negation": "affirmed", "UMLS": "", "start": 195, "end": 204}, {"term": "transmission methods", "negation": "affirmed", "UMLS": "", "start": 221, "end": 241}, {"term": "protection methods", "negation": "affirmed", "UMLS": "", "start": 244, "end": 262}, {"term": "risk factors", "negation": "affirmed", "UMLS": "", "start": 267, "end": 279}]}, "Evidence Propositions": []}, {"Section": "METHODS", "Text": "Comparis", "Evidence Elements": {"Participant": [], "Intervention": [], "Outcome": []}, "Evidence Propositions": []}, {"Section": "RESULTS", "Text": "Inadequate risk assessment regarding the urgency of the situation , and limited reporting on the virus within China has , in part , led to the rapid spread of COVID-19 throughout mainland China and into proximal and distant countries .", "Evidence Elements": {"Participant": [], "Intervention": [], "Outcome": []}, "Evidence Propositions": []}, {"Section": "RESULTS", "Text": "Compared with SARS and MERS , COVID-19 has spread more rapidly , due in part to increased globalization and the focus of the epidemic .", "Evidence Elements": {"Participant": [], "Intervention": [], "Outcome": []}, "Evidence Propositions": []}, {"Section": "RESULTS", "Text": "Wuhan , China is a large hub connecting the North , South , East and West of China via railways and a major international airport .", "Evidence Elements": {"Participant": [], "Intervention": [], "Outcome": []}, "Evidence Propositions": []}, {"Section": "RESULTS", "Text": "The availability of connecting flights , the timing of the outbreak during the Chinese ( Lunar ) New Year , and the massive rail transit hub located in Wuhan has enabled the virus to perforate throughout China , and eventually , globally .", "Evidence Elements": {"Participant": [], "Intervention": [], "Outcome": []}, "Evidence Propositions": []}, {"Section": "CONCLUSIONS", "Text": "We conclude that we did not learn from the two prior epidemics of coronavirus and were ill-prepared to deal with the challenges the COVID-19 epidemic has posed .", "Evidence Elements": {"Participant": [], "Intervention": [], "Outcome": []}, "Evidence Propositions": []}, {"Section": "CONCLUSIONS", "Text": "Future research should attempt to address the uses and implications of internet of things ( IoT ) technologies for mapping the spread of infection .", "Evidence Elements": {"Participant": [], "Intervention": [], "Outcome": []}, "Evidence Propositions": []}]}