{"doc_id": "32093211", "type of study": "Therapy", "title": "", "abstract": "In December 2019, cases of unidentified pneumonia with a history of exposure in the Huanan Seafood Market were reported in Wuhan, Hubei Province.\nA novel coronavirus, SARS-CoV-2, was identified to be accountable for this disease.\nHuman-to-human transmission is confirmed, and this disease (named COVID-19 by World Health Organization (WHO)) spread rapidly around the country and the world.\nAs of 18 February 2020, the number of confirmed cases had reached 75,199 with 2009 fatalities.\nThe COVID-19 resulted in a much lower case-fatality rate (about 2.67%) among the confirmed cases, compared with Severe Acute Respiratory Syndrome (SARS) and Middle East Respiratory Syndrome (MERS).\nAmong the symptom composition of the 45 fatality cases collected from the released official reports, the top four are fever, cough, short of breath, and chest tightness/pain.\nThe major comorbidities of the fatality cases include hypertension, diabetes, coronary heart disease, cerebral infarction, and chronic bronchitis.\nThe source of the virus and the pathogenesis of this disease are still unconfirmed.\nNo specific therapeutic drug has been found.\nThe Chinese Government has initiated a level-1 public health response to prevent the spread of the disease.\nMeanwhile, it is also crucial to speed up the development of vaccines and drugs for treatment, which will enable us to defeat COVID-19 as soon as possible.\n", "Evidence Map": {"Enrollment": [{"term": "Severe Acute Respiratory Syndrome ( SARS )", "negation": "affirmed", "UMLS": "", "start": 116, "end": 158}, {"term": "fever", "negation": "affirmed", "UMLS": "", "start": 119, "end": 124}, {"term": "cough", "negation": "affirmed", "UMLS": "", "start": 127, "end": 132}, {"term": "short of breath", "negation": "affirmed", "UMLS": "", "start": 135, "end": 150}], "Comparison Results": [], "Study Arm 1 Results": [], "Study Arm 2 Results": []}, "Sentence-level breakdown": [{"Section": "TITLE", "Text": "In December 2019 , cases of unidentified pneumonia with a history of exposure in the Huanan Seafood Market were reported in Wuhan , Hubei Province .", "Evidence Elements": {"Participant": [], "Intervention": [], "Outcome": [{"term": "unidentified pneumonia", "negation": "affirmed", "UMLS": "", "start": 28, "end": 50}]}, "Evidence Propositions": []}, {"Section": "RESULTS", "Text": "A novel coronavirus , SARS-CoV-2 , was identified to be accountable for this disease .", "Evidence Elements": {"Participant": [], "Intervention": [], "Outcome": []}, "Evidence Propositions": []}, {"Section": "RESULTS", "Text": "Human-to-human transmission is confirmed , and this disease ( named COVID-19 by World Health Organization ( WHO ) ) spread rapidly around the country and the world .", "Evidence Elements": {"Participant": [], "Intervention": [], "Outcome": []}, "Evidence Propositions": []}, {"Section": "RESULTS", "Text": "As of 18 February 2020 , the number of confirmed cases had reached 75,199 with 2009 fatalities .", "Evidence Elements": {"Participant": [], "Intervention": [], "Outcome": [{"term": "number of confirmed cases", "negation": "affirmed", "UMLS": "", "start": 29, "end": 54}]}, "Evidence Propositions": []}, {"Section": "RESULTS", "Text": "The COVID-19 resulted in a much lower case-fatality rate ( about 2.67 % ) among the confirmed cases , compared with Severe Acute Respiratory Syndrome ( SARS ) and Middle East Respiratory Syndrome ( MERS ) .", "Evidence Elements": {"Participant": [{"term": "Severe Acute Respiratory Syndrome ( SARS )", "negation": "affirmed", "UMLS": "", "start": 116, "end": 158}], "Intervention": [{"term": "COVID-19", "negation": "affirmed", "UMLS": "", "start": 4, "end": 12}], "Outcome": [{"term": "case-fatality rate", "negation": "affirmed", "UMLS": "", "start": 38, "end": 56}]}, "Evidence Propositions": [{"Intervention": [], "Observation": "much lower", "Outcome": "", "Count": ""}]}, {"Section": "RESULTS", "Text": "Among the symptom composition of the 45 fatality cases collected from the released official reports , the top four are fever , cough , short of breath , and chest tightness / pain .", "Evidence Elements": {"Participant": [{"term": "fever", "negation": "affirmed", "UMLS": "", "start": 119, "end": 124}, {"term": "cough", "negation": "affirmed", "UMLS": "", "start": 127, "end": 132}, {"term": "short of breath", "negation": "affirmed", "UMLS": "", "start": 135, "end": 150}], "Intervention": [], "Outcome": []}, "Evidence Propositions": []}, {"Section": "CONCLUSIONS", "Text": "The major comorbidities of the fatality cases include hypertension , diabetes , coronary heart disease , cerebral infarction , and chronic bronchitis .", "Evidence Elements": {"Participant": [], "Intervention": [], "Outcome": []}, "Evidence Propositions": []}, {"Section": "CONCLUSIONS", "Text": "The source of the virus and the pathogenesis of this disease are still unconfirmed .", "Evidence Elements": {"Participant": [], "Intervention": [], "Outcome": []}, "Evidence Propositions": []}, {"Section": "CONCLUSIONS", "Text": "No specific therapeutic drug has been found .", "Evidence Elements": {"Participant": [], "Intervention": [], "Outcome": []}, "Evidence Propositions": []}, {"Section": "CONCLUSIONS", "Text": "The Chinese Government has initiated a level-1 public health response to prevent the spread of the disease .", "Evidence Elements": {"Participant": [], "Intervention": [], "Outcome": []}, "Evidence Propositions": []}, {"Section": "CONCLUSIONS", "Text": "Meanwhile , it is also crucial to speedup the development of vaccines and drugs for treatment , which will enable us to defeat COVID-19 as soon as possible .", "Evidence Elements": {"Participant": [], "Intervention": [], "Outcome": []}, "Evidence Propositions": []}]}