{"doc_id": "32098302", "type of study": "Therapy", "title": "", "abstract": "Novel Coronavirus (2019-nCoV) is an emerging pathogen that was first identified in Wuhan, China in late December 2019.\nThis virus is responsible for the ongoing outbreak that causes severe respiratory illness and pneumonia-like infection in humans.\nDue to the increasing number of cases in China and outside China, the WHO declared coronavirus as a global health emergency.\nNearly 35,000 cases were reported and at least 24 other countries or territories have reported coronavirus cases as early on as February.\nInter-human transmission was reported in a few countries, including the United States.\nNeither an effective anti-viral nor a vaccine is currently available to treat this infection.\nAs the virus is a newly emerging pathogen, many questions remain unanswered regarding the virus's reservoirs, pathogenesis, transmissibility, and much more is unknown.\nThe collaborative efforts of researchers are needed to fill the knowledge gaps about this new virus, to develop the proper diagnostic tools, and effective treatment to combat this infection.\nRecent advancements in plant biotechnology proved that plants have the ability to produce vaccines or biopharmaceuticals rapidly in a short time.\nIn this review, the outbreak of 2019-nCoV in China, the need for rapid vaccine development, and the potential of a plant system for biopharmaceutical development are discussed.\n", "Evidence Map": {"Enrollment": [], "Comparison Results": [], "Study Arm 1 Results": [], "Study Arm 2 Results": []}, "Sentence-level breakdown": [{"Section": "TITLE", "Text": "Novel Coronavirus ( 2019-nCoV ) is an emerging pathogen that was first identified in Wuhan , China in late December 2019 .", "Evidence Elements": {"Participant": [], "Intervention": [], "Outcome": []}, "Evidence Propositions": []}, {"Section": "RESULTS", "Text": "This virus is responsible for the ongoing outbreak that causes severe respiratory illness and pneumonia-like infection in humans .", "Evidence Elements": {"Participant": [], "Intervention": [], "Outcome": []}, "Evidence Propositions": []}, {"Section": "RESULTS", "Text": "Due to the increasing number of cases in China and outside China , the WHO declared coronavirus as a global health emergency .", "Evidence Elements": {"Participant": [], "Intervention": [], "Outcome": []}, "Evidence Propositions": []}, {"Section": "RESULTS", "Text": "Nearly 35,000 cases were reported and at least 24 other countries or territories have reported coronavirus cases as early on as February .", "Evidence Elements": {"Participant": [], "Intervention": [], "Outcome": []}, "Evidence Propositions": []}, {"Section": "RESULTS", "Text": "Inter-human transmission was reported in a few countries , including the United States .", "Evidence Elements": {"Participant": [], "Intervention": [], "Outcome": []}, "Evidence Propositions": []}, {"Section": "RESULTS", "Text": "Neither an effective anti-viral nor a vaccine is currently available to treat this infection .", "Evidence Elements": {"Participant": [], "Intervention": [], "Outcome": []}, "Evidence Propositions": []}, {"Section": "RESULTS", "Text": "As the virus is a newly emerging pathogen , many questions remain unanswered regarding the virus 's reservoirs , pathogenesis , transmissibility , and much more is unknown .", "Evidence Elements": {"Participant": [], "Intervention": [], "Outcome": []}, "Evidence Propositions": []}, {"Section": "RESULTS", "Text": "The collaborative efforts of researchers are needed to fill the knowledge gaps about this new virus , to develop the proper diagnostic tools , and effective treatment to combat this infection .", "Evidence Elements": {"Participant": [], "Intervention": [], "Outcome": []}, "Evidence Propositions": []}, {"Section": "RESULTS", "Text": "Recent advancements in plant biotechnology proved that plants have the ability to produce vaccines or biopharmaceuticals rapidly in a short time .", "Evidence Elements": {"Participant": [], "Intervention": [], "Outcome": []}, "Evidence Propositions": []}, {"Section": "CONCLUSIONS", "Text": "In this review , the outbreak of 2019-nCoV in China , the need for rapid vaccine development , and the potential of a plant system for biopharmaceutical development are discussed .", "Evidence Elements": {"Participant": [], "Intervention": [], "Outcome": []}, "Evidence Propositions": []}]}