{"doc_id": "32090448", "type of study": "Therapy", "title": "", "abstract": "The recent identification of an outbreak of 2019- novel Coronavirus is currently evolving, and the impact on transplantation is unknown.\nHowever, it is imperative that we anticipate the potential impact on the transplant community in order to avert severe consequences of this infection on both the transplant community and contacts of transplant patients.\n", "Evidence Map": {"Enrollment": [], "Comparison Results": [], "Study Arm 1 Results": [], "Study Arm 2 Results": []}, "Sentence-level breakdown": [{"Section": "TITLE", "Text": "The recent identification of an outbreak of 2019-novel Coronavirus is currently evolving , and the impact on transplantation is unknown .", "Evidence Elements": {"Participant": [], "Intervention": [], "Outcome": []}, "Evidence Propositions": []}, {"Section": "CONCLUSIONS", "Text": "However , it is imperative that we anticipate the potential impact on the transplant community in order to avert severe consequences of this infection on both the transplant community and contacts of transplant patients .", "Evidence Elements": {"Participant": [], "Intervention": [], "Outcome": []}, "Evidence Propositions": []}]}