{"doc_id": "32104915", "type of study": "Therapy", "title": "", "abstract": "Following the severe acute respiratory syndrome coronavirus (SARS-CoV) and Middle East respiratory syndrome coronavirus (MERS-CoV), another highly pathogenic coronavirus named SARS-CoV-2 (previously known as 2019-nCoV) emerged in December 2019 in Wuhan, China, and rapidly spreads around the world.\nThis virus shares highly homological sequence with SARS-CoV, and causes acute, highly lethal pneumonia coronavirus disease 2019 (COVID-19) with clinical symptoms similar to those reported for SARS-CoV and MERS-CoV. The most characteristic symptom of patients with COVID-19 is respiratory distress, and most of the patients admitted to the intensive care could not breathe spontaneously.\nAdditionally, some patients with COVID-19 also showed neurologic signs, such as headache, nausea, and vomiting.\nIncreasing evidence shows that coronaviruses are not always confined to the respiratory tract and that they may also invade the central nervous system inducing neurological diseases.\nThe infection of SARS-CoV has been reported in the brains from both patients and experimental animals, where the brainstem was heavily infected.\nFurthermore, some coronaviruses have been demonstrated able to spread via a synapse-connected route to the medullary cardiorespiratory center from the mechanoreceptors and chemoreceptors in the lung and lower respiratory airways.\nConsidering the high similarity between SARS-CoV and SARS-CoV2, it remains to make clear whether the potential invasion of SARS-CoV2 is partially responsible for the acute respiratory failure of patients with COVID-19.\nAwareness of this may have a guiding significance for the prevention and treatment of the SARS-CoV-2-induced respiratory failure.\nSARS-CoV2 causes epidemic pneumonia characterized by acute respiratory distress.\nThis novel coronavirus is similar to SARS-CoV in sequence, pathogenesis, and cellular entry.\nSome coronaviruses can invade brainstem via a synapse-connected route from the lung and airways.\nThe potential invasion of SARS-CoV2 may be one reason for the acute respiratory failure.\nAwareness of this will have guiding significance for the prevention and treatment.\n", "Evidence Map": {"Enrollment": [{"term": "COVID-19", "negation": "affirmed", "UMLS": "", "start": 34, "end": 42}], "Comparison Results": [], "Study Arm 1 Results": [], "Study Arm 2 Results": []}, "Sentence-level breakdown": [{"Section": "TITLE", "Text": "Following the severe acute respiratory syndrome coronavirus ( SARS-CoV ) and Middle East respiratory syndrome coronavirus ( MERS-CoV ) , another highly pathogenic coronavirus named SARS-CoV-2 ( previously known as 2019-nCoV ) emerged in December 2019 in Wuhan , China , and rapidly spreads around the world .", "Evidence Elements": {"Participant": [], "Intervention": [], "Outcome": []}, "Evidence Propositions": []}, {"Section": "RESULTS", "Text": "This virus shares highly homological sequence with SARS-CoV , and causes acute , highly lethal pneumonia coronavirus disease 2019 ( COVID-19 ) with clinical symptoms similar to those reported for SARS-CoV and MERS-CoV . The most characteristic symptom of patients with COVID-19 is respiratory distress , and most of the patients admitted to the intensive care could not breathe spontaneously .", "Evidence Elements": {"Participant": [], "Intervention": [], "Outcome": []}, "Evidence Propositions": []}, {"Section": "RESULTS", "Text": "Additionally , some patients with COVID-19 also showed neurologic signs , such as headache , nausea , and vomiting .", "Evidence Elements": {"Participant": [{"term": "COVID-19", "negation": "affirmed", "UMLS": "", "start": 34, "end": 42}], "Intervention": [], "Outcome": [{"term": "neurologic signs", "negation": "affirmed", "UMLS": "", "start": 55, "end": 71}, {"term": "headache", "negation": "affirmed", "UMLS": "", "start": 82, "end": 90}]}, "Evidence Propositions": []}, {"Section": "RESULTS", "Text": "Increasing evidence shows that coronaviruses are not always confined to the respiratory tract and that they may also invade the central nervous system inducing neurological diseases .", "Evidence Elements": {"Participant": [], "Intervention": [], "Outcome": []}, "Evidence Propositions": []}, {"Section": "RESULTS", "Text": "The infection of SARS-CoV has been reported in the brains from both patients and experimental animals , where the brainstem was heavily infected .", "Evidence Elements": {"Participant": [], "Intervention": [], "Outcome": []}, "Evidence Propositions": []}, {"Section": "CONCLUSIONS", "Text": "Furthermore , some coronaviruses have been demonstrated able to spread via a synapse-connected route to the medullary cardiorespiratory center from the mechanoreceptors and chemoreceptors in the lung and lower respiratory airways .", "Evidence Elements": {"Participant": [], "Intervention": [], "Outcome": []}, "Evidence Propositions": []}, {"Section": "CONCLUSIONS", "Text": "Considering the high similarity between SARS-CoV and SARS-CoV2 , it remains to make clear whether the potential invasion of SARS-CoV2 is partially responsible for the acute respiratory failure of patients with COVID-19 .", "Evidence Elements": {"Participant": [], "Intervention": [], "Outcome": []}, "Evidence Propositions": []}, {"Section": "CONCLUSIONS", "Text": "Awareness of this may have a guiding significance for the prevention and treatment of the SARS-CoV-2-induced respiratory failure .", "Evidence Elements": {"Participant": [], "Intervention": [], "Outcome": []}, "Evidence Propositions": []}, {"Section": "CONCLUSIONS", "Text": "SARS-CoV2 causes epidemic pneumonia characterized by acute respiratory distress .", "Evidence Elements": {"Participant": [], "Intervention": [], "Outcome": []}, "Evidence Propositions": []}, {"Section": "CONCLUSIONS", "Text": "This novel coronavirus is similar to SARS-CoV in sequence , pathogenesis , and cellular entry .", "Evidence Elements": {"Participant": [], "Intervention": [], "Outcome": []}, "Evidence Propositions": []}, {"Section": "CONCLUSIONS", "Text": "Some coronaviruses can invade brainstem via a synapse-connected route from the lung and airways .", "Evidence Elements": {"Participant": [], "Intervention": [], "Outcome": []}, "Evidence Propositions": []}, {"Section": "CONCLUSIONS", "Text": "The potential invasion of SARS-CoV2 may be one reason for the acute respiratory failure .", "Evidence Elements": {"Participant": [], "Intervention": [], "Outcome": []}, "Evidence Propositions": []}, {"Section": "CONCLUSIONS", "Text": "Awareness of this will have guiding significance for the prevention and treatment .", "Evidence Elements": {"Participant": [], "Intervention": [], "Outcome": []}, "Evidence Propositions": []}]}