{"doc_id": "32108352", "type of study": "Therapy", "title": "", "abstract": "So far, there is a lack of effective drugs for the new coronavirus pneumonia.\nWith more and more patients diagnosed, China has carried out more than 100 clinical studies of new coronavirus infection, including antiviral drugs, antimalarial drugs, glucocorticoids, plasma therapy, virus vaccine, and other Western drugs, while Chinese medicine research accounted for half of the studies.\nMost of the trials were initiated by investigators and the study period would last for 1 to 11 months.\nThe primary endpoints included symptom improvement and virus nucleic acid turning negative, but the optimal endpoint has not been determined.\nAlthough the final results of studies will take a long time to complete, the interim research data may provide some help for the current urgent demand for drug treatment.\nCompared with that of during SARS period in 2003, China has the stronger capability to carry out clinical trials of new drugs in emergency period.\n", "Evidence Map": {"Enrollment": [], "Comparison Results": [], "Study Arm 1 Results": [], "Study Arm 2 Results": []}, "Sentence-level breakdown": [{"Section": "TITLE", "Text": "So far , there is a lack of effective drugs for the new coronavirus pneumonia .", "Evidence Elements": {"Participant": [], "Intervention": [], "Outcome": []}, "Evidence Propositions": []}, {"Section": "RESULTS", "Text": "With more and more patients diagnosed , China has carried out more than 100 clinical studies of new coronavirus infection , including antiviral drugs , antimalarial drugs , glucocorticoids , plasma therapy , virus vaccine , and other Western drugs , while Chinese medicine research accounted for half of the studies .", "Evidence Elements": {"Participant": [], "Intervention": [], "Outcome": []}, "Evidence Propositions": []}, {"Section": "RESULTS", "Text": "Most of the trials were initiated by investigators and the study period would last for 1 to 11 months .", "Evidence Elements": {"Participant": [], "Intervention": [], "Outcome": []}, "Evidence Propositions": []}, {"Section": "RESULTS", "Text": "The primary endpoints included symptom improvement and virus nucleic acid turning negative , but the optimal endpoint has not been determined .", "Evidence Elements": {"Participant": [], "Intervention": [], "Outcome": [{"term": "symptom improvement", "negation": "affirmed", "UMLS": "", "start": 31, "end": 50}, {"term": "virus nucleic acid turning negative", "negation": "affirmed", "UMLS": "", "start": 55, "end": 90}]}, "Evidence Propositions": []}, {"Section": "CONCLUSIONS", "Text": "Although the final results of studies will take a long time to complete , the interim research data may provide some help for the current urgent demand for drug treatment .", "Evidence Elements": {"Participant": [], "Intervention": [], "Outcome": []}, "Evidence Propositions": []}, {"Section": "CONCLUSIONS", "Text": "Compared with that of during SARS period in 2003 , China has the stronger capability to carry out clinical trials of new drugs in emergency period .", "Evidence Elements": {"Participant": [], "Intervention": [], "Outcome": []}, "Evidence Propositions": []}]}