{"doc_id": "32112549", "type of study": "Therapy", "title": "", "abstract": "Since the outbreak of COVID-19 in December 2019, the diagnosis and treatment of patients with cancer have been facing great challenges.\nAlthough oncologists are not fighting on the front line to against the epidemic, during this special period, we should not only protect patients, their families and medical staff from the infection of novel coronavirus, but also minimize the impact of the epidemic on the diagnosis and the treatment of patients with cancer.\nCombining the guidelines for diagnosis and treatment of tumors with our clinical experience, in this epidemic period, we discuss the strategies for diagnosis, treatment, and follow-up of malignant tumors of the digestive system in this article.\n", "Evidence Map": {"Enrollment": [{"term": "malignant tumors of the digestive", "negation": "affirmed", "UMLS": "", "start": 191, "end": 224}], "Comparison Results": [], "Study Arm 1 Results": [], "Study Arm 2 Results": []}, "Sentence-level breakdown": [{"Section": "TITLE", "Text": "Since the outbreak of COVID-19 in December 2019 , the diagnosis and treatment of patients with cancer have been facing great challenges .", "Evidence Elements": {"Participant": [], "Intervention": [], "Outcome": []}, "Evidence Propositions": []}, {"Section": "RESULTS", "Text": "Although oncologists are not fighting on the front line to against the epidemic , during this special period , we should not only protect patients , their families and medical staff from the infection of novel coronavirus , but also minimize the impact of the epidemic on the diagnosis and the treatment of patients with cancer .", "Evidence Elements": {"Participant": [], "Intervention": [], "Outcome": []}, "Evidence Propositions": []}, {"Section": "CONCLUSIONS", "Text": "Combining the guidelines for diagnosis and treatment of tumors with our clinical experience , in this epidemic period , we discuss the strategies for diagnosis , treatment , and follow-up of malignant tumors of the digestive system in this article .", "Evidence Elements": {"Participant": [{"term": "malignant tumors of the digestive", "negation": "affirmed", "UMLS": "", "start": 191, "end": 224}], "Intervention": [], "Outcome": []}, "Evidence Propositions": []}]}