{"doc_id": "32115733", "type of study": "Therapy", "title": "", "abstract": "Severe acute respiratory syndrome coronavirus 2 (SARS-CoV-2) cause china epidemics with high morbidity and mortality, the infection has been transmitted to other countries.\nAbout three neonates and more than 230 children cases are reported.\nThe disease condition of the main children was mild.\nThere is currently no evidence that SARS-CoV-2 can be transmitted transplacentally from mother to the newborn.\nThe treatment strategy for children with Coronavirus disease (COVID-19) is based on adult experience.\nThus far, no deaths have been reported in the pediatric age group.\nThis review describes the current understanding of COVID-19 infection in newborns and children.\nNeonate with SARS-CoV-2 appeared to have mild disease.\n", "Evidence Map": {"Enrollment": [{"term": "neonates", "negation": "affirmed", "UMLS": "", "start": 12, "end": 20}, {"term": "main children", "negation": "affirmed", "UMLS": "", "start": 29, "end": 42}, {"term": "newborns", "negation": "affirmed", "UMLS": "", "start": 73, "end": 81}, {"term": "children", "negation": "affirmed", "UMLS": "", "start": 86, "end": 94}, {"term": "Neonate", "negation": "affirmed", "UMLS": "", "start": 0, "end": 7}, {"term": "SARS-CoV-2", "negation": "affirmed", "UMLS": "", "start": 13, "end": 23}], "Comparison Results": [], "Study Arm 1 Results": [], "Study Arm 2 Results": []}, "Sentence-level breakdown": [{"Section": "TITLE", "Text": "Severe acute respiratory syndrome coronavirus 2 ( SARS-CoV-2 ) cause china epidemics with high morbidity and mortality , the infection has been transmitted to other countries .", "Evidence Elements": {"Participant": [], "Intervention": [], "Outcome": []}, "Evidence Propositions": []}, {"Section": "METHODS", "Text": "About three neonates and more than 230 children cases are reported .", "Evidence Elements": {"Participant": [{"term": "neonates", "negation": "affirmed", "UMLS": "", "start": 12, "end": 20}], "Intervention": [], "Outcome": []}, "Evidence Propositions": []}, {"Section": "METHODS", "Text": "The disease condition of the main children was mild .", "Evidence Elements": {"Participant": [{"term": "main children", "negation": "affirmed", "UMLS": "", "start": 29, "end": 42}], "Intervention": [], "Outcome": []}, "Evidence Propositions": []}, {"Section": "RESULTS", "Text": "There is currently no evidence that SARS-CoV-2 can be transmitted transplacentally from mother to the newborn .", "Evidence Elements": {"Participant": [], "Intervention": [], "Outcome": []}, "Evidence Propositions": []}, {"Section": "RESULTS", "Text": "The treatment strategy for children with Coronavirus disease ( COVID-19 ) is based on adult experience .", "Evidence Elements": {"Participant": [], "Intervention": [], "Outcome": []}, "Evidence Propositions": []}, {"Section": "RESULTS", "Text": "Thus far , no deaths have been reported in the pediatric age group .", "Evidence Elements": {"Participant": [], "Intervention": [], "Outcome": [{"term": "deaths", "negation": "negated", "UMLS": "", "start": 14, "end": 20}]}, "Evidence Propositions": []}, {"Section": "CONCLUSIONS", "Text": "This review describes the current understanding of COVID-19 infection in newborns and children .", "Evidence Elements": {"Participant": [{"term": "newborns", "negation": "affirmed", "UMLS": "", "start": 73, "end": 81}, {"term": "children", "negation": "affirmed", "UMLS": "", "start": 86, "end": 94}], "Intervention": [], "Outcome": [{"term": "COVID-19 infection", "negation": "affirmed", "UMLS": "", "start": 51, "end": 69}]}, "Evidence Propositions": []}, {"Section": "CONCLUSIONS", "Text": "Neonate with SARS-CoV-2 appeared to have mild disease .", "Evidence Elements": {"Participant": [{"term": "Neonate", "negation": "affirmed", "UMLS": "", "start": 0, "end": 7}, {"term": "SARS-CoV-2", "negation": "affirmed", "UMLS": "", "start": 13, "end": 23}], "Intervention": [], "Outcome": [{"term": "mild disease", "negation": "affirmed", "UMLS": "", "start": 41, "end": 53}]}, "Evidence Propositions": []}]}