{"doc_id": "32125642", "type of study": "Therapy", "title": "", "abstract": "Currently there is no effective antiviral therapy for SARS-CoV-2 infection, which frequently leads to fatal inflammatory responses and acute lung injury.\nHere, we discuss the various mechanisms of SARS-CoV-mediated inflammation.\nWe also assume that SARS-CoV-2 likely shares similar inflammatory responses.\nPotential therapeutic tools to reduce SARS-CoV-2-induced inflammatory responses include various methods to block FcR activation.\nIn the absence of a proven clinical FcR blocker, the use of intravenous immunoglobulin to block FcR activation may be a viable option for the urgent treatment of pulmonary inflammation to prevent severe lung injury.\nSuch treatment may also be combined with systemic anti-inflammatory drugs or corticosteroids.\nHowever, these strategies, as proposed here, remain to be clinically tested for effectiveness.\n", "Evidence Map": {"Enrollment": [], "Comparison Results": [], "Study Arm 1 Results": [], "Study Arm 2 Results": []}, "Sentence-level breakdown": [{"Section": "TITLE", "Text": "Currently there is no effective antiviral therapy for SARS-CoV-2 infection , which frequently leads to fatal inflammatory responses and acute lung injury .", "Evidence Elements": {"Participant": [], "Intervention": [], "Outcome": []}, "Evidence Propositions": []}, {"Section": "CONCLUSIONS", "Text": "Here , we discuss the various mechanisms of SARS-CoV-mediated inflammation .", "Evidence Elements": {"Participant": [], "Intervention": [], "Outcome": [{"term": "SARS-CoV-mediated", "negation": "affirmed", "UMLS": "", "start": 44, "end": 61}]}, "Evidence Propositions": []}, {"Section": "CONCLUSIONS", "Text": "We also assume that SARS-CoV-2 likely shares similar inflammatory responses .", "Evidence Elements": {"Participant": [], "Intervention": [], "Outcome": [{"term": "inflammatory", "negation": "affirmed", "UMLS": "", "start": 53, "end": 65}]}, "Evidence Propositions": []}, {"Section": "CONCLUSIONS", "Text": "Potential therapeutic tools to reduce SARS-CoV-2-induced inflammatory responses include various methods to block FcR activation .", "Evidence Elements": {"Participant": [], "Intervention": [], "Outcome": []}, "Evidence Propositions": []}, {"Section": "CONCLUSIONS", "Text": "In the absence of a proven clinical FcR blocker , the use of intravenous immunoglobulin to block FcR activation may be a viable option for the urgent treatment of pulmonary inflammation to prevent severe lung injury .", "Evidence Elements": {"Participant": [], "Intervention": [], "Outcome": []}, "Evidence Propositions": []}, {"Section": "CONCLUSIONS", "Text": "Such treatment may also be combined with systemic anti-inflammatory drugs or corticosteroids .", "Evidence Elements": {"Participant": [], "Intervention": [], "Outcome": []}, "Evidence Propositions": []}, {"Section": "CONCLUSIONS", "Text": "However , these strategies , as proposed here , remain to be clinically tested for effectiveness .", "Evidence Elements": {"Participant": [], "Intervention": [], "Outcome": []}, "Evidence Propositions": []}]}