{"doc_id": "32125126", "type of study": "Therapy", "title": "", "abstract": "In December 2019, the 2019 novel coronavirus pneumonia (NCP, officially named Coronavirus Disease 2019(COVID-19) by the World Health Organization) broke out in Wuhan, Hubei, and it quickly spread to the whole country and abroad.\nThe situation was at stake.\nThe sudden and serious COVID-19 epidemic has brought us a lot of urgent problems.\nHow to effectively control the spread of COVID-19?\nWhen does the population infection rate rise to its peak? What will eventually be the number of infected patients?\nHow to make early diagnosis? What effective antiviral drugs are available? How to effectively treat with existing drugs?\nCan it successfully improve the survival rate of critically patients?\nIn response to the above questions, we put forward corresponding suggestions and reflections from the perspective of the infectious clinician.\n", "Evidence Map": {"Enrollment": [{"term": "critically patients", "negation": "affirmed", "UMLS": "", "start": 49, "end": 68}], "Comparison Results": [], "Study Arm 1 Results": [], "Study Arm 2 Results": []}, "Sentence-level breakdown": [{"Section": "TITLE", "Text": "In December 2019 , the 2019 novel coronavirus pneumonia ( NCP , officially named Coronavirus Disease 2019 ( COVID-19 ) by the World Health Organization ) broke out in Wuhan , Hubei , and it quickly spread to the whole country and abroad .", "Evidence Elements": {"Participant": [], "Intervention": [], "Outcome": []}, "Evidence Propositions": []}, {"Section": "BACKGROUND", "Text": "The situation was at stake .", "Evidence Elements": {"Participant": [], "Intervention": [], "Outcome": []}, "Evidence Propositions": []}, {"Section": "BACKGROUND", "Text": "The sudden and serious COVID-19 epidemic has brought us a lot of urgent problems .", "Evidence Elements": {"Participant": [], "Intervention": [], "Outcome": []}, "Evidence Propositions": []}, {"Section": "BACKGROUND", "Text": "How to effectively control the spread of COVID-19 ?", "Evidence Elements": {"Participant": [], "Intervention": [], "Outcome": [{"term": "spread", "negation": "affirmed", "UMLS": "", "start": 31, "end": 37}, {"term": "COVID-19", "negation": "affirmed", "UMLS": "", "start": 41, "end": 49}]}, "Evidence Propositions": []}, {"Section": "BACKGROUND", "Text": "When does the population infection rate rise to its peak ? What will eventually be the number of infected patients ?", "Evidence Elements": {"Participant": [], "Intervention": [], "Outcome": [{"term": "population infection rate", "negation": "affirmed", "UMLS": "", "start": 14, "end": 39}, {"term": "number of infected", "negation": "affirmed", "UMLS": "", "start": 87, "end": 105}]}, "Evidence Propositions": []}, {"Section": "BACKGROUND", "Text": "How to make early diagnosis ? What effective antiviral drugs are available ? How to effectively treat with existing drugs ?", "Evidence Elements": {"Participant": [], "Intervention": [], "Outcome": []}, "Evidence Propositions": []}, {"Section": "BACKGROUND", "Text": "Can it successfully improve the survival rate of critically patients ?", "Evidence Elements": {"Participant": [{"term": "critically patients", "negation": "affirmed", "UMLS": "", "start": 49, "end": 68}], "Intervention": [], "Outcome": [{"term": "survival rate", "negation": "affirmed", "UMLS": "", "start": 32, "end": 45}]}, "Evidence Propositions": []}, {"Section": "METHODS", "Text": "In response to the above questions , we put forward corresponding suggestions and reflections from the perspective of the infectious clinician .", "Evidence Elements": {"Participant": [], "Intervention": [], "Outcome": []}, "Evidence Propositions": []}]}