{"doc_id": "32125140", "type of study": "Therapy", "title": "", "abstract": "The recent outbreak of coronavirus disease 2019 (COVID-19) highlights an urgent need for therapeutics.\nThrough a series of drug repurposing screening campaigns, niclosamide, an FDA-approved anthelminthic drug, was found to be effective against various viral infections with nanomolar to micromolar potency such as SARS-CoV, MERS-CoV, ZIKV, HCV, and human adenovirus, indicating its potential as an antiviral agent.\nIn this brief review, we summarize the broad antiviral activity of niclosamide and highlight its potential clinical use in the treatment of COVID-19.\n", "Evidence Map": {"Enrollment": [{"term": "HCV", "negation": "affirmed", "UMLS": "", "start": 243, "end": 246}, {"term": "human", "negation": "affirmed", "UMLS": "", "start": 253, "end": 258}], "Comparison Results": [], "Study Arm 1 Results": [], "Study Arm 2 Results": []}, "Sentence-level breakdown": [{"Section": "TITLE", "Text": "The recent outbreak of coronavirus disease 2019 ( COVID-19 ) highlights an urgent need for therapeutics .", "Evidence Elements": {"Participant": [], "Intervention": [], "Outcome": []}, "Evidence Propositions": []}, {"Section": "CONCLUSIONS", "Text": "Through a series of drug repurposing screening campaigns , niclosamide , an FDA-approved anthelminthic drug , was found to be effective against various viral infections with nanomolar to micromolar potency such as SARS-CoV , MERS-CoV , ZIKV , HCV , and human adenovirus , indicating its potential as an antiviral agent .", "Evidence Elements": {"Participant": [{"term": "HCV", "negation": "affirmed", "UMLS": "", "start": 243, "end": 246}, {"term": "human", "negation": "affirmed", "UMLS": "", "start": 253, "end": 258}], "Intervention": [{"term": "niclosamide", "negation": "affirmed", "UMLS": "", "start": 59, "end": 70}], "Outcome": []}, "Evidence Propositions": []}, {"Section": "CONCLUSIONS", "Text": "In this brief review , we summarize the broad antiviral activity of niclosamide and highlight its potential clinical use in the treatment of COVID-19 .", "Evidence Elements": {"Participant": [], "Intervention": [{"term": "niclosamide", "negation": "affirmed", "UMLS": "", "start": 68, "end": 79}], "Outcome": [{"term": "broad", "negation": "affirmed", "UMLS": "", "start": 40, "end": 45}, {"term": "antiviral activity", "negation": "affirmed", "UMLS": "", "start": 46, "end": 64}]}, "Evidence Propositions": []}]}