{"doc_id": "32133833", "type of study": "Therapy", "title": "", "abstract": "Objective: To investigate the principles of differential diagnosis of pulmonary infiltrates in cancer patients during the outbreak of novel coronavirus (2019-nCoV) by analyzing one case of lymphoma who presented pulmonary ground-glass opacities (GGO) after courses of chemotherapy.\nMethods: Baseline demographics and clinicopathological data of eligible patients were retrieved from medical records.\nInformation of clinical manifestations, history of epidemiology, lab tests and chest CT scan images of visiting patients from February 13 to February 28 were collected.\nLiteratures about pulmonary infiltrates in cancer patients were searched from databases including PUBMED, EMBASE and CNKI.\nResults: Among the 139 cancer patients who underwent chest CT scans before chemotherapy, pulmonary infiltrates were identified in eight patients (5.8%), five of whom were characterized with GGOs in lungs.\n2019-nCoV nuclear acid testing was performed in three patients and the results were negative.\nOne case was a 66-year-old man who was diagnosed with non-Hodgkin lymphoma and underwent CHOP chemotherapy regimen.\nHis chest CT scan image displayed multiple GGOs in lungs and the complete blood count showed decreased lymphocytes.\nThis patient denied any contact with confirmed/suspected cases of 2019-nCoV infection, fever or other respiratory symptoms.\nConsidering the negative result of nuclear acid testing, this patient was presumptively diagnosed with viral pneumonia and an experiential anti-infection treatment had been prescribed for him.\nConclusions: The 2019 novel coronavirus disease (COVID-19) complicates the clinical scenario of pulmonary infiltrates in cancer patients.\nThe epidemic history, clinical manifestation, CT scan image and lab test should be taken into combined consideration.\nThe 2019-nCoV nuclear acid testing might be applied in more selected patients.\nActive anti-infection treatment and surveillance of patient condition should be initiated if infectious disease is considered.\n", "Evidence Map": {"Enrollment": [{"term": "cancer", "negation": "affirmed", "UMLS": "", "start": 96, "end": 102}, {"term": "novel coronavirus ( 2019-nCoV )", "negation": "affirmed", "UMLS": "", "start": 135, "end": 166}, {"term": "lymphoma", "negation": "affirmed", "UMLS": "", "start": 192, "end": 200}, {"term": "pulmonary ground-glass opacities ( GGO", "negation": "affirmed", "UMLS": "", "start": 215, "end": 253}, {"term": "cancer", "negation": "affirmed", "UMLS": "", "start": 43, "end": 49}, {"term": "cancer", "negation": "affirmed", "UMLS": "", "start": 24, "end": 30}, {"term": "non-Hodgkin lymphoma", "negation": "affirmed", "UMLS": "", "start": 54, "end": 74}, {"term": "2019-nCoV infection", "negation": "negated", "UMLS": "", "start": 68, "end": 87}, {"term": "fever", "negation": "negated", "UMLS": "", "start": 90, "end": 95}, {"term": "viral pneumonia", "negation": "affirmed", "UMLS": "", "start": 104, "end": 119}], "Comparison Results": [], "Study Arm 1 Results": [], "Study Arm 2 Results": []}, "Sentence-level breakdown": [{"Section": "TITLE", "Text": "Objective : To investigate the principles of differential diagnosis of pulmonary infiltrates in cancer patients during the outbreak of novel coronavirus ( 2019-nCoV ) by analyzing one case of lymphoma who presented pulmonary ground-glass opacities ( GGO ) after courses of chemotherapy .", "Evidence Elements": {"Participant": [{"term": "cancer", "negation": "affirmed", "UMLS": "", "start": 96, "end": 102}, {"term": "novel coronavirus ( 2019-nCoV )", "negation": "affirmed", "UMLS": "", "start": 135, "end": 166}, {"term": "lymphoma", "negation": "affirmed", "UMLS": "", "start": 192, "end": 200}, {"term": "pulmonary ground-glass opacities ( GGO", "negation": "affirmed", "UMLS": "", "start": 215, "end": 253}], "Intervention": [], "Outcome": [{"term": "differential diagnosis", "negation": "affirmed", "UMLS": "", "start": 45, "end": 67}, {"term": "pulmonary infiltrates", "negation": "affirmed", "UMLS": "", "start": 71, "end": 92}]}, "Evidence Propositions": []}, {"Section": "METHODS", "Text": "Methods : Baseline demographics and clinicopathological data of eligible patients were retrieved from medical records .", "Evidence Elements": {"Participant": [], "Intervention": [], "Outcome": []}, "Evidence Propositions": []}, {"Section": "METHODS", "Text": "Information of clinical manifestations , history of epidemiology , lab tests and chest CT scan images of visiting patients from February 13 to February 28 were collected .", "Evidence Elements": {"Participant": [], "Intervention": [], "Outcome": []}, "Evidence Propositions": []}, {"Section": "METHODS", "Text": "Literatures about pulmonary infiltrates in cancer patients were searched from databases including PUBMED , EMBASE and CNKI .", "Evidence Elements": {"Participant": [{"term": "cancer", "negation": "affirmed", "UMLS": "", "start": 43, "end": 49}], "Intervention": [], "Outcome": [{"term": "pulmonary infiltrates", "negation": "affirmed", "UMLS": "", "start": 18, "end": 39}]}, "Evidence Propositions": []}, {"Section": "RESULTS", "Text": "Results : Among the 139 cancer patients who underwent chest CT scans before chemotherapy , pulmonary infiltrates were identified in eight patients ( 5.8 % ) , five of whom were characterized with GGOs in lungs .", "Evidence Elements": {"Participant": [{"term": "cancer", "negation": "affirmed", "UMLS": "", "start": 24, "end": 30}], "Intervention": [], "Outcome": [{"term": "pulmonary infiltrates", "negation": "affirmed", "UMLS": "", "start": 91, "end": 112}]}, "Evidence Propositions": []}, {"Section": "RESULTS", "Text": "2019-nCoV nuclear acid testing was performed in three patients and the results were negative .", "Evidence Elements": {"Participant": [], "Intervention": [], "Outcome": [{"term": "2019-nCoV nuclear acid testing", "negation": "affirmed", "UMLS": "", "start": 0, "end": 30}]}, "Evidence Propositions": []}, {"Section": "RESULTS", "Text": "One case was a 66-year-old man who was diagnosed with non-Hodgkin lymphoma and underwent CHOP chemotherapy regimen .", "Evidence Elements": {"Participant": [{"term": "non-Hodgkin lymphoma", "negation": "affirmed", "UMLS": "", "start": 54, "end": 74}], "Intervention": [{"term": "CHOP chemotherapy regimen", "negation": "affirmed", "UMLS": "", "start": 89, "end": 114}], "Outcome": []}, "Evidence Propositions": []}, {"Section": "RESULTS", "Text": "His chest CT scan image displayed multiple GGOs in lungs and the complete blood count showed decreased lymphocytes .", "Evidence Elements": {"Participant": [], "Intervention": [], "Outcome": [{"term": "GGOs", "negation": "affirmed", "UMLS": "", "start": 43, "end": 47}, {"term": "lymphocytes", "negation": "affirmed", "UMLS": "", "start": 103, "end": 114}]}, "Evidence Propositions": []}, {"Section": "RESULTS", "Text": "This patient denied any contact with confirmed / suspected cases of 2019-nCoV infection , fever or other respiratory symptoms .", "Evidence Elements": {"Participant": [{"term": "2019-nCoV infection", "negation": "negated", "UMLS": "", "start": 68, "end": 87}, {"term": "fever", "negation": "negated", "UMLS": "", "start": 90, "end": 95}], "Intervention": [], "Outcome": []}, "Evidence Propositions": []}, {"Section": "RESULTS", "Text": "Considering the negative result of nuclear acid testing , this patient was presumptively diagnosed with viral pneumonia and an experiential anti-infection treatment had been prescribed for him .", "Evidence Elements": {"Participant": [{"term": "viral pneumonia", "negation": "affirmed", "UMLS": "", "start": 104, "end": 119}], "Intervention": [], "Outcome": []}, "Evidence Propositions": []}, {"Section": "CONCLUSIONS", "Text": "Conclusions : The 2019 novel coronavirus disease ( COVID-19 ) complicates the clinical scenario of pulmonary infiltrates in cancer patients .", "Evidence Elements": {"Participant": [], "Intervention": [], "Outcome": []}, "Evidence Propositions": []}, {"Section": "CONCLUSIONS", "Text": "The epidemic history , clinical manifestation , CT scan image and lab test should be taken into combined consideration .", "Evidence Elements": {"Participant": [], "Intervention": [], "Outcome": []}, "Evidence Propositions": []}, {"Section": "CONCLUSIONS", "Text": "The 2019-nCoV nuclear acid testing might be applied in more selected patients .", "Evidence Elements": {"Participant": [], "Intervention": [], "Outcome": []}, "Evidence Propositions": []}, {"Section": "CONCLUSIONS", "Text": "Active anti-infection treatment and surveillance of patient condition should be initiated if infectious disease is considered .", "Evidence Elements": {"Participant": [], "Intervention": [], "Outcome": []}, "Evidence Propositions": []}]}