{"doc_id": "32139464", "type of study": "Therapy", "title": "", "abstract": "Since an outbreak of 2019 novel coronavirus (COVID-19) in Wuhan and related regions in Hubei province, an increasing number of exported cases have been confirmed in other provinces in China and in multiple countries around the world with substantial morbidity and mortality [1-4].\nThe WHO has declared a public health emergency of international concern considering rapid increases in numbers of confirmed cases in China and additional countries.\nAs of February 22, 2020, a total of 12 938 patients had been confirmed outside of Wuhan and related regions in Hubei province of China [1].\nHowever, there is limited information about COVID-19 outside of Wuhan [5], and no study has reported the time to RT-PCR conversion and radiological changes after treatment.\nThe novel coronavirus can be transmitted from person to person with infection ranging from mild disease to severe pneumonia and radiological abnormalities on chest CT for most patients improved after RT-PCR conversion.\n", "Evidence Map": {"Enrollment": [], "Comparison Results": [], "Study Arm 1 Results": [], "Study Arm 2 Results": []}, "Sentence-level breakdown": [{"Section": "TITLE", "Text": "Since an outbreak of 2019 novel coronavirus ( COVID-19 ) in Wuhan and related regions in Hubei province , an increasing number of exported cases have been confirmed in other provinces in China and in multiple countries around the world with substantial morbidity and mortality [ 1-4 ] .", "Evidence Elements": {"Participant": [], "Intervention": [], "Outcome": []}, "Evidence Propositions": []}, {"Section": "RESULTS", "Text": "The WHO has declared a public health emergency of international concern considering rapid increases in numbers of confirmed cases in China and additional countries .", "Evidence Elements": {"Participant": [], "Intervention": [], "Outcome": []}, "Evidence Propositions": []}, {"Section": "RESULTS", "Text": "As of February 22 , 2020 , a total of 12 938 patients had been confirmed outside of Wuhan and related regions in Hubei province of China [ 1 ] .", "Evidence Elements": {"Participant": [], "Intervention": [], "Outcome": []}, "Evidence Propositions": []}, {"Section": "RESULTS", "Text": "However , there is limited information about COVID-19 outside of Wuhan [ 5 ] , and no study has reported the time to RT-PCR conversion and radiological changes after treatment .", "Evidence Elements": {"Participant": [], "Intervention": [], "Outcome": []}, "Evidence Propositions": []}, {"Section": "CONCLUSIONS", "Text": "The novel coronavirus can be transmitted from person to person with infection ranging from mild disease to severe pneumonia and radiological abnormalities on chest CT for most patients improved after RT-PCR conversion .", "Evidence Elements": {"Participant": [], "Intervention": [{"term": "novel coronavirus", "negation": "affirmed", "UMLS": "", "start": 4, "end": 21}], "Outcome": []}, "Evidence Propositions": []}]}