{"doc_id": "32132184", "type of study": "Therapy", "title": "", "abstract": "Scientists are racing to learn the secrets of severe acute respiratory syndrome-coronavirus 2 (SARS-CoV-2), which is the cause of the pandemic disease COVID-19.\nThe first step in viral entry is the binding of the viral trimeric spike protein to the human receptor angiotensin-converting enzyme 2 (ACE2).\nYan et al. present the structure of human ACE2 in complex with a membrane protein that it chaperones, B0AT1.\nIn the context of this complex, ACE2 is a dimer.\nA further structure shows how the receptor binding domain of SARS-CoV-2 interacts with ACE2 and suggests that it is possible that two trimeric spike proteins bind to an ACE2 dimer.\nThe structures provide a basis for the development of therapeutics targeting this crucial interaction.\nScience, this issue p. 1444 Insight into how SARS-CoV-2 binds its human receptor could provide a basis for the development of therapeutics.\nAngiotensin-converting enzyme 2 (ACE2) is the cellular receptor for severe acute respiratory syndrome-coronavirus (SARS-CoV) and the new coronavirus (SARS-CoV-2) that is causing the serious coronavirus disease 2019 (COVID-19) epidemic.\nHere, we present cryo-electron microscopy structures of full-length human ACE2 in the presence of the neutral amino acid transporter B0AT1 with or without the receptor binding domain (RBD) of the surface spike glycoprotein (S protein) of SARS-CoV-2, both at an overall resolution of 2.9 angstroms, with a local resolution of 3.5 angstroms at the ACE2-RBD interface.\nThe ACE2-B0AT1 complex is assembled as a dimer of heterodimers, with the collectrin-like domain of ACE2 mediating homodimerization.\nThe RBD is recognized by the extracellular peptidase domain of ACE2 mainly through polar residues.\nThese findings provide important insights into the molecular basis for coronavirus recognition and infection.\n", "Evidence Map": {"Enrollment": [{"term": "SARS-CoV-2", "negation": "affirmed", "UMLS": "", "start": 243, "end": 253}], "Comparison Results": [], "Study Arm 1 Results": [], "Study Arm 2 Results": []}, "Sentence-level breakdown": [{"Section": "TITLE", "Text": "Scientists are racing to learn the secrets of severe acute respiratory syndrome-coronavirus 2 ( SARS-CoV-2 ) , which is the cause of the pandemic disease COVID-19 .", "Evidence Elements": {"Participant": [], "Intervention": [], "Outcome": []}, "Evidence Propositions": []}, {"Section": "RESULTS", "Text": "The first step in viral entry is the binding of the viral trimeric spike protein to the human receptor angiotensin-converting enzyme 2 ( ACE2 ) .", "Evidence Elements": {"Participant": [], "Intervention": [], "Outcome": []}, "Evidence Propositions": []}, {"Section": "RESULTS", "Text": "Yan et al. present the structure of human ACE2 in complex with a membrane protein that it chaperones , B0AT1 .", "Evidence Elements": {"Participant": [], "Intervention": [{"term": "human ACE2", "negation": "affirmed", "UMLS": "", "start": 36, "end": 46}], "Outcome": []}, "Evidence Propositions": []}, {"Section": "RESULTS", "Text": "In the context of this complex , ACE2 is a dimer .", "Evidence Elements": {"Participant": [], "Intervention": [], "Outcome": []}, "Evidence Propositions": []}, {"Section": "RESULTS", "Text": "A further structure shows how the receptor binding domain of SARS-CoV-2 interacts with ACE2 and suggests that it is possible that two trimeric spike proteins bind to an ACE2 dimer .", "Evidence Elements": {"Participant": [], "Intervention": [{"term": "SARS-CoV-2", "negation": "affirmed", "UMLS": "", "start": 61, "end": 71}], "Outcome": [{"term": "binding domain", "negation": "affirmed", "UMLS": "", "start": 43, "end": 57}]}, "Evidence Propositions": []}, {"Section": "RESULTS", "Text": "The structures provide a basis for the development of therapeutics targeting this crucial interaction .", "Evidence Elements": {"Participant": [], "Intervention": [], "Outcome": []}, "Evidence Propositions": []}, {"Section": "RESULTS", "Text": "Science , this issue p. 1444 Insight into how SARS-CoV-2 binds its human receptor could provide a basis for the development of therapeutics .", "Evidence Elements": {"Participant": [], "Intervention": [], "Outcome": []}, "Evidence Propositions": []}, {"Section": "RESULTS", "Text": "Angiotensin-converting enzyme 2 ( ACE2 ) is the cellular receptor for severe acute respiratory syndrome-coronavirus ( SARS-CoV ) and the new coronavirus ( SARS-CoV-2 ) that is causing the serious coronavirus disease 2019 ( COVID-19 ) epidemic .", "Evidence Elements": {"Participant": [], "Intervention": [], "Outcome": []}, "Evidence Propositions": []}, {"Section": "RESULTS", "Text": "Here , we present cryo-electron microscopy structures of full-length human ACE2 in the presence of the neutral amino acid transporter B0AT1 with or without the receptor binding domain ( RBD ) of the surface spike glycoprotein ( S protein ) of SARS-CoV-2 , both at an overall resolution of 2.9 angstroms , with a local resolution of 3.5 angstroms at the ACE2-RBD interface .", "Evidence Elements": {"Participant": [{"term": "SARS-CoV-2", "negation": "affirmed", "UMLS": "", "start": 243, "end": 253}], "Intervention": [{"term": "full-length human ACE2", "negation": "affirmed", "UMLS": "", "start": 57, "end": 79}, {"term": "presence of the neutral amino acid transporter B0AT1 with or without the receptor binding domain ( RBD ) of the surface spike glycoprotein ( S protein )", "negation": "affirmed", "UMLS": "", "start": 87, "end": 239}], "Outcome": []}, "Evidence Propositions": []}, {"Section": "RESULTS", "Text": "The ACE2-B0AT1 complex is assembled as a dimer of heterodimers , with the collectrin-like domain of ACE2 mediating homodimerization .", "Evidence Elements": {"Participant": [], "Intervention": [], "Outcome": []}, "Evidence Propositions": []}, {"Section": "RESULTS", "Text": "The RBD is recognized by the extracellular peptidase domain of ACE2 mainly through polar residues .", "Evidence Elements": {"Participant": [], "Intervention": [], "Outcome": []}, "Evidence Propositions": []}, {"Section": "CONCLUSIONS", "Text": "These findings provide important insights into the molecular basis for coronavirus recognition and infection .", "Evidence Elements": {"Participant": [], "Intervention": [], "Outcome": []}, "Evidence Propositions": []}]}