{"doc_id": "32147496", "type of study": "Therapy", "title": "", "abstract": "Recent publications have brought attention to the possible benefit of chloroquine, a broadly used antimalarial drug, in the treatment of patients infected by the novel emerged coronavirus (SARS-CoV-2).\nThe scientific community should consider this information in light of previous experiments with chloroquine in the field of antiviral research.\nIn vitro data suggest that chloroquine inhibits SARS Cov-2 replication.\nIn past research, chloroquine has shown in vitro activity against many different viruses, but no benefit in animal models.\nChloroquine has been proposed several times for the treatment of acute viral diseases in humans without success.\nThe outcomes of some current clinical trials of chloroquine in China have been announced, without access to the data.\nPeer review of the results and an independent assessment of the potential benefit for patients are essential.\n", "Evidence Map": {"Enrollment": [], "Comparison Results": [], "Study Arm 1 Results": [], "Study Arm 2 Results": []}, "Sentence-level breakdown": [{"Section": "TITLE", "Text": "Recent publications have brought attention to the possible benefit of chloroquine , a broadly used antimalarial drug , in the treatment of patients infected by the novel emerged coronavirus ( SARS-CoV-2 ) .", "Evidence Elements": {"Participant": [], "Intervention": [], "Outcome": []}, "Evidence Propositions": []}, {"Section": "RESULTS", "Text": "The scientific community should consider this information in light of previous experiments with chloroquine in the field of antiviral research .", "Evidence Elements": {"Participant": [], "Intervention": [], "Outcome": []}, "Evidence Propositions": []}, {"Section": "RESULTS", "Text": "In vitro data suggest that chloroquine inhibits SARS Cov-2 replication .", "Evidence Elements": {"Participant": [], "Intervention": [{"term": "chloroquine", "negation": "affirmed", "UMLS": "", "start": 27, "end": 38}], "Outcome": [{"term": "SARS Cov-2 replication", "negation": "affirmed", "UMLS": "", "start": 48, "end": 70}]}, "Evidence Propositions": []}, {"Section": "CONCLUSIONS", "Text": "In past research , chloroquine has shown in vitro activity against many different viruses , but no benefit in animal models .", "Evidence Elements": {"Participant": [], "Intervention": [], "Outcome": []}, "Evidence Propositions": []}, {"Section": "CONCLUSIONS", "Text": "Chloroquine has been proposed several times for the treatment of acute viral diseases in humans without success .", "Evidence Elements": {"Participant": [], "Intervention": [], "Outcome": []}, "Evidence Propositions": []}, {"Section": "CONCLUSIONS", "Text": "The outcomes of some current clinical trials of chloroquine in China have been announced , without access to the data .", "Evidence Elements": {"Participant": [], "Intervention": [], "Outcome": []}, "Evidence Propositions": []}, {"Section": "CONCLUSIONS", "Text": "Peer review of the results and an independent assessment of the potential benefit for patients are essential .", "Evidence Elements": {"Participant": [], "Intervention": [], "Outcome": []}, "Evidence Propositions": []}]}