{"doc_id": "32147731", "type of study": "Therapy", "title": "", "abstract": "We report diagnosis and management of the first laboratory-confirmed case of coronavirus disease 2019 (COVID-19) hospitalized in Toronto, Canada. No healthcare-associated transmission occurred.\nIn the face of a potential pandemic of COVID-19, we suggest sustainable and scalable control measures developed based on lessons learned from SARS.\n", "Evidence Map": {"Enrollment": [{"term": "laboratory-confirmed", "negation": "affirmed", "UMLS": "", "start": 48, "end": 68}, {"term": "coronavirus disease 2019 ( COVID-19 )", "negation": "affirmed", "UMLS": "", "start": 77, "end": 114}, {"term": "hospitalized", "negation": "affirmed", "UMLS": "", "start": 115, "end": 127}], "Comparison Results": [], "Study Arm 1 Results": [], "Study Arm 2 Results": []}, "Sentence-level breakdown": [{"Section": "TITLE", "Text": "We report diagnosis and management of the first laboratory-confirmed case of coronavirus disease 2019 ( COVID-19 ) hospitalized in Toronto , Canada . No healthcare-associated transmission occurred .", "Evidence Elements": {"Participant": [{"term": "laboratory-confirmed", "negation": "affirmed", "UMLS": "", "start": 48, "end": 68}, {"term": "coronavirus disease 2019 ( COVID-19 )", "negation": "affirmed", "UMLS": "", "start": 77, "end": 114}, {"term": "hospitalized", "negation": "affirmed", "UMLS": "", "start": 115, "end": 127}], "Intervention": [], "Outcome": []}, "Evidence Propositions": []}, {"Section": "CONCLUSIONS", "Text": "In the face of a potential pandemic of COVID-19 , we suggest sustainable and scalable control measures developed based on lessons learned from SARS .", "Evidence Elements": {"Participant": [], "Intervention": [], "Outcome": [{"term": "control measures", "negation": "affirmed", "UMLS": "", "start": 86, "end": 102}]}, "Evidence Propositions": []}]}