{"doc_id": "32143502", "type of study": "Therapy", "title": "", "abstract": "Coronaviruses (CoVs) are RNA viruses that have become a major public health concern since the Severe Acute Respiratory Syndrome-CoV (SARS-CoV) outbreak in 2002.\nThe continuous evolution of coronaviruses was further highlighted with the emergence of the Middle East Respiratory Syndrome-CoV (MERS-CoV) outbreak in 2012.\nCurrently, the world is concerned about the 2019 novel CoV (SARS-CoV-2) that was initially identified in the city of Wuhan, China in December 2019.\nPatients presented with severe viral pneumonia and respiratory illness.\nThe number of cases has been mounting since then.\nAs of late February 2020, tens of thousands of cases and several thousand deaths have been reported in China alone, in addition to thousands of cases in other countries.\nAlthough the fatality rate of SARS-CoV-2 is currently lower than SARS-CoV, the virus seems to be highly contagious based on the number of infected cases to date.\nIn this review, we discuss structure, genome organization, entry of CoVs into target cells, and provide insights into past and present outbreaks.\nThe future of human CoV outbreaks will not only depend on how the viruses will evolve, but will also depend on how we develop efficient prevention and treatment strategies to deal with this continuous threat.\n", "Evidence Map": {"Enrollment": [{"term": "severe viral pneumonia", "negation": "affirmed", "UMLS": "", "start": 24, "end": 46}, {"term": "respiratory illness", "negation": "affirmed", "UMLS": "", "start": 51, "end": 70}], "Comparison Results": [], "Study Arm 1 Results": [], "Study Arm 2 Results": []}, "Sentence-level breakdown": [{"Section": "TITLE", "Text": "Coronaviruses ( CoVs ) are RNA viruses that have become a major public health concern since the Severe Acute Respiratory Syndrome-CoV ( SARS-CoV ) outbreak in 2002 .", "Evidence Elements": {"Participant": [], "Intervention": [], "Outcome": []}, "Evidence Propositions": []}, {"Section": "RESULTS", "Text": "The continuous evolution of coronaviruses was further highlighted with the emergence of the Middle East Respiratory Syndrome-CoV ( MERS-CoV ) outbreak in 2012 .", "Evidence Elements": {"Participant": [], "Intervention": [], "Outcome": []}, "Evidence Propositions": []}, {"Section": "RESULTS", "Text": "Currently , the world is concerned about the 2019 novel CoV ( SARS-CoV-2 ) that was initially identified in the city of Wuhan , China in December 2019 .", "Evidence Elements": {"Participant": [], "Intervention": [], "Outcome": []}, "Evidence Propositions": []}, {"Section": "RESULTS", "Text": "Patients presented with severe viral pneumonia and respiratory illness .", "Evidence Elements": {"Participant": [{"term": "severe viral pneumonia", "negation": "affirmed", "UMLS": "", "start": 24, "end": 46}, {"term": "respiratory illness", "negation": "affirmed", "UMLS": "", "start": 51, "end": 70}], "Intervention": [], "Outcome": []}, "Evidence Propositions": []}, {"Section": "RESULTS", "Text": "The number of cases has been mounting since then .", "Evidence Elements": {"Participant": [], "Intervention": [], "Outcome": []}, "Evidence Propositions": []}, {"Section": "RESULTS", "Text": "As of late February 2020 , tens of thousands of cases and several thousand deaths have been reported in China alone , in addition to thousands of cases in other countries .", "Evidence Elements": {"Participant": [], "Intervention": [], "Outcome": []}, "Evidence Propositions": []}, {"Section": "CONCLUSIONS", "Text": "Although the fatality rate of SARS-CoV-2 is currently lower than SARS-CoV , the virus seems to be highly contagious based on the number of infected cases to date .", "Evidence Elements": {"Participant": [], "Intervention": [{"term": "SARS-CoV-2", "negation": "affirmed", "UMLS": "", "start": 30, "end": 40}, {"term": "SARS-CoV", "negation": "affirmed", "UMLS": "", "start": 30, "end": 38}], "Outcome": [{"term": "fatality rate", "negation": "affirmed", "UMLS": "", "start": 13, "end": 26}]}, "Evidence Propositions": [{"Intervention": ["SARS-CoV-2", "SARS-CoV"], "Observation": "lower", "Outcome": "fatality rate", "Count": ""}]}, {"Section": "CONCLUSIONS", "Text": "In this review , we discuss structure , genome organization , entry of CoVs into target cells , and provide insights into past and present outbreaks .", "Evidence Elements": {"Participant": [], "Intervention": [], "Outcome": [{"term": "structure", "negation": "affirmed", "UMLS": "", "start": 28, "end": 37}, {"term": "genome organization", "negation": "affirmed", "UMLS": "", "start": 40, "end": 59}, {"term": "entry of CoVs into target cells", "negation": "affirmed", "UMLS": "", "start": 62, "end": 93}]}, "Evidence Propositions": []}, {"Section": "CONCLUSIONS", "Text": "The future of human CoV outbreaks will not only depend on how the viruses will evolve , but will also depend on how we develop efficient prevention and treatment strategies to deal with this continuous threat .", "Evidence Elements": {"Participant": [], "Intervention": [], "Outcome": []}, "Evidence Propositions": []}]}