{"doc_id": "32150618", "type of study": "Therapy", "title": "", "abstract": "The severe acute respiratory syndrome coronavirus 2 (SARS-CoV-2) first broke out in 2019 and subsequently spread worldwide.\nChloroquine has been sporadically used in treating SARS-CoV-2 infection.\nHydroxychloroquine shares the same mechanism of action as chloroquine, but its more tolerable safety profile makes it the preferred drug to treat malaria and autoimmune conditions.\nWe propose that the immunomodulatory effect of hydroxychloroquine also may be useful in controlling the cytokine storm that occurs late phase in critically ill patients with SARS-CoV-2.\nCurrently, there is no evidence to support the use of hydroxychloroquine in SARS-CoV-2 infection.\nThe pharmacological activity of chloroquine and hydroxychloroquine was tested using SARS-CoV-2-infected Vero cells.\nPhysiologically based pharmacokinetic (PBPK) models were implemented for both drugs separately by integrating their in vitro data.\nUsing the PBPK models, hydroxychloroquine concentrations in lung fluid were simulated under 5 different dosing regimens to explore the most effective regimen while considering the drug's safety profile.\nHydroxychloroquine (EC50 = 0.72 muM) was found to be more potent than chloroquine (EC50 = 5.47 muM) in vitro.\nBased on PBPK models results, a loading dose of 400 mg twice daily of hydroxychloroquine sulfate given orally, followed by a maintenance dose of 200 mg given twice daily for 4 days is recommended for SARS-CoV-2 infection, as it reached 3 times the potency of chloroquine phosphate when given 500 mg twice daily 5 days in advance.\nHydroxychloroquine was found to be more potent than chloroquine to inhibit SARS-CoV-2 in vitro.\n", "Evidence Map": {"Enrollment": [{"term": "critically ill patients", "negation": "affirmed", "UMLS": "", "start": 145, "end": 168}, {"term": "SARS-CoV-2", "negation": "affirmed", "UMLS": "", "start": 174, "end": 184}, {"term": "SARS-CoV-2 infection", "negation": "affirmed", "UMLS": "", "start": 202, "end": 222}], "Comparison Results": [], "Study Arm 1 Results": [], "Study Arm 2 Results": []}, "Sentence-level breakdown": [{"Section": "TITLE", "Text": "The severe acute respiratory syndrome coronavirus 2 ( SARS-CoV-2 ) first broke out in 2019 and subsequently spread worldwide .", "Evidence Elements": {"Participant": [], "Intervention": [], "Outcome": []}, "Evidence Propositions": []}, {"Section": "BACKGROUND", "Text": "Chloroquine has been sporadically used in treating SARS-CoV-2 infection .", "Evidence Elements": {"Participant": [], "Intervention": [], "Outcome": []}, "Evidence Propositions": []}, {"Section": "BACKGROUND", "Text": "Hydroxychloroquine shares the same mechanism of action as chloroquine , but its more tolerable safety profile makes it the preferred drug to treat malaria and autoimmune conditions .", "Evidence Elements": {"Participant": [], "Intervention": [], "Outcome": []}, "Evidence Propositions": []}, {"Section": "BACKGROUND", "Text": "We propose that the immunomodulatory effect of hydroxychloroquine also may be useful in controlling the cytokine storm that occurs late phase in critically ill patients with SARS-CoV-2 .", "Evidence Elements": {"Participant": [{"term": "critically ill patients", "negation": "affirmed", "UMLS": "", "start": 145, "end": 168}, {"term": "SARS-CoV-2", "negation": "affirmed", "UMLS": "", "start": 174, "end": 184}], "Intervention": [{"term": "hydroxychloroquine", "negation": "affirmed", "UMLS": "", "start": 47, "end": 65}], "Outcome": [{"term": "immunomodulatory effect", "negation": "affirmed", "UMLS": "", "start": 20, "end": 43}, {"term": "controlling", "negation": "affirmed", "UMLS": "", "start": 88, "end": 99}, {"term": "cytokine storm", "negation": "affirmed", "UMLS": "", "start": 104, "end": 118}]}, "Evidence Propositions": [{"Intervention": "hydroxychloroquine", "Observation": "useful", "Outcome": "immunomodulatory effect", "Count": ""}, {"Intervention": "hydroxychloroquine", "Observation": "useful", "Outcome": "controlling", "Count": ""}, {"Intervention": "hydroxychloroquine", "Observation": "useful", "Outcome": "cytokine storm", "Count": ""}]}, {"Section": "BACKGROUND", "Text": "Currently , there is no evidence to support the use of hydroxychloroquine in SARS-CoV-2 infection .", "Evidence Elements": {"Participant": [], "Intervention": [], "Outcome": []}, "Evidence Propositions": []}, {"Section": "METHODS", "Text": "The pharmacological activity of chloroquine and hydroxychloroquine was tested using SARS-CoV-2-infected Vero cells .", "Evidence Elements": {"Participant": [], "Intervention": [{"term": "chloroquine", "negation": "affirmed", "UMLS": "", "start": 32, "end": 43}, {"term": "hydroxychloroquine", "negation": "affirmed", "UMLS": "", "start": 48, "end": 66}], "Outcome": [{"term": "pharmacological activity", "negation": "affirmed", "UMLS": "", "start": 4, "end": 28}]}, "Evidence Propositions": []}, {"Section": "METHODS", "Text": "Physiologically based pharmacokinetic ( PBPK ) models were implemented for both drugs separately by integrating their in vitro data .", "Evidence Elements": {"Participant": [], "Intervention": [], "Outcome": [{"term": "based pharmacokinetic ( PBPK )", "negation": "affirmed", "UMLS": "", "start": 16, "end": 46}]}, "Evidence Propositions": []}, {"Section": "METHODS", "Text": "Using the PBPK models , hydroxychloroquine concentrations in lung fluid were simulated under 5 different dosing regimens to explore the most effective regimen while considering the drug 's safety profile .", "Evidence Elements": {"Participant": [], "Intervention": [], "Outcome": [{"term": "hydroxychloroquine concentrations in lung fluid", "negation": "affirmed", "UMLS": "", "start": 24, "end": 71}]}, "Evidence Propositions": []}, {"Section": "RESULTS", "Text": "Hydroxychloroquine ( EC50 = 0.72 muM ) was found to be more potent than chloroquine ( EC50 = 5.47 muM ) in vitro .", "Evidence Elements": {"Participant": [], "Intervention": [{"term": "Hydroxychloroquine", "negation": "affirmed", "UMLS": "", "start": 0, "end": 18}, {"term": "chloroquine", "negation": "affirmed", "UMLS": "", "start": 7, "end": 18}], "Outcome": []}, "Evidence Propositions": [{"Intervention": ["Hydroxychloroquine", "chloroquine"], "Observation": "more potent", "Outcome": "", "Count": ""}]}, {"Section": "RESULTS", "Text": "Based on PBPK models results , a loading dose of 400 mg twice daily of hydroxychloroquine sulfate given orally , followed by a maintenance dose of 200 mg given twice daily for 4 days is recommended for SARS-CoV-2 infection , as it reached 3 times the potency of chloroquine phosphate when given 500 mg twice daily 5 days in advance .", "Evidence Elements": {"Participant": [{"term": "SARS-CoV-2 infection", "negation": "affirmed", "UMLS": "", "start": 202, "end": 222}], "Intervention": [{"term": "hydroxychloroquine sulfate", "negation": "affirmed", "UMLS": "", "start": 71, "end": 97}, {"term": "chloroquine phosphate", "negation": "affirmed", "UMLS": "", "start": 262, "end": 283}], "Outcome": [{"term": "potency", "negation": "affirmed", "UMLS": "", "start": 251, "end": 258}]}, "Evidence Propositions": [{"Intervention": "chloroquine phosphate", "Observation": "3 times", "Outcome": "potency", "Count": ""}]}, {"Section": "CONCLUSIONS", "Text": "Hydroxychloroquine was found to be more potent than chloroquine to inhibit SARS-CoV-2 in vitro .", "Evidence Elements": {"Participant": [], "Intervention": [{"term": "Hydroxychloroquine", "negation": "affirmed", "UMLS": "", "start": 0, "end": 18}, {"term": "chloroquine", "negation": "affirmed", "UMLS": "", "start": 7, "end": 18}], "Outcome": [{"term": "SARS-CoV-2", "negation": "affirmed", "UMLS": "", "start": 75, "end": 85}]}, "Evidence Propositions": [{"Intervention": ["Hydroxychloroquine", "chloroquine"], "Observation": "more potent", "Outcome": "SARS-CoV-2", "Count": ""}]}]}