{"doc_id": "32166607", "type of study": "Therapy", "title": "", "abstract": "There is a new public health crises threatening the world with the emergence and spread of 2019 novel coronavirus (2019-nCoV) or the severe acute respiratory syndrome coronavirus 2 (SARS-CoV-2).\nThe virus originated in bats and was transmitted to humans through yet unknown intermediary animals in Wuhan, Hubei province, China in December 2019.\nThere have been around 96,000 reported cases of coronavirus disease 2019 (COVID-2019) and 3300 reported deaths to date (05/03/2020).\nThe disease is transmitted by inhalation or contact with infected droplets and the incubation period ranges from 2 to 14 d. The symptoms are usually fever, cough, sore throat, breathlessness, fatigue, malaise among others.\nThe disease is mild in most people; in some (usually the elderly and those with comorbidities), it may progress to pneumonia, acute respiratory distress syndrome (ARDS) and multi organ dysfunction.\nMany people are asymptomatic.\nThe case fatality rate is estimated to range from 2 to 3%.\nDiagnosis is by demonstration of the virus in respiratory secretions by special molecular tests.\nCommon laboratory findings include normal/ low white cell counts with elevated C-reactive protein (CRP).\nThe computerized tomographic chest scan is usually abnormal even in those with no symptoms or mild disease.\nTreatment is essentially supportive; role of antiviral agents is yet to be established.\nPrevention entails home isolation of suspected cases and those with mild illnesses and strict infection control measures at hospitals that include contact and droplet precautions.\nThe virus spreads faster than its two ancestors the SARS-CoV and Middle East respiratory syndrome coronavirus (MERS-CoV), but has lower fatality.\nThe global impact of this new epidemic is yet uncertain.\n", "Evidence Map": {"Enrollment": [], "Comparison Results": [], "Study Arm 1 Results": [], "Study Arm 2 Results": []}, "Sentence-level breakdown": [{"Section": "TITLE", "Text": "There is a new public health crises threatening the world with the emergence and spread of 2019 novel coronavirus ( 2019-nCoV ) or the severe acute respiratory syndrome coronavirus 2 ( SARS-CoV-2 ) .", "Evidence Elements": {"Participant": [], "Intervention": [], "Outcome": []}, "Evidence Propositions": []}, {"Section": "RESULTS", "Text": "The virus originated in bats and was transmitted to humans through yet unknown intermediary animals in Wuhan , Hubei province , China in December 2019 .", "Evidence Elements": {"Participant": [], "Intervention": [], "Outcome": []}, "Evidence Propositions": []}, {"Section": "RESULTS", "Text": "There have been around 96,000 reported cases of coronavirus disease 2019 ( COVID-2019 ) and 3300 reported deaths to date ( 05 / 03 / 2020 ) .", "Evidence Elements": {"Participant": [], "Intervention": [], "Outcome": []}, "Evidence Propositions": []}, {"Section": "RESULTS", "Text": "The disease is transmitted by inhalation or contact with infected droplets and the incubation period ranges from 2 to 14 d . The symptoms are usually fever , cough , sore throat , breathlessness , fatigue , malaise among others .", "Evidence Elements": {"Participant": [], "Intervention": [], "Outcome": []}, "Evidence Propositions": []}, {"Section": "RESULTS", "Text": "The disease is mild in most people ; in some ( usually the elderly and those with comorbidities ) , it may progress to pneumonia , acute respiratory distress syndrome ( ARDS ) and multi organ dysfunction .", "Evidence Elements": {"Participant": [], "Intervention": [], "Outcome": []}, "Evidence Propositions": []}, {"Section": "RESULTS", "Text": "Many people are asymptomatic .", "Evidence Elements": {"Participant": [], "Intervention": [], "Outcome": []}, "Evidence Propositions": []}, {"Section": "RESULTS", "Text": "The case fatality rate is estimated to range from 2 to 3 % .", "Evidence Elements": {"Participant": [], "Intervention": [], "Outcome": [{"term": "case fatality rate", "negation": "affirmed", "UMLS": "", "start": 4, "end": 22}]}, "Evidence Propositions": []}, {"Section": "RESULTS", "Text": "Diagnosis is by demonstration of the virus in respiratory secretions by special molecular tests .", "Evidence Elements": {"Participant": [], "Intervention": [], "Outcome": []}, "Evidence Propositions": []}, {"Section": "RESULTS", "Text": "Common laboratory findings include normal / low white cell counts with elevated C-reactive protein ( CRP ) .", "Evidence Elements": {"Participant": [], "Intervention": [], "Outcome": []}, "Evidence Propositions": []}, {"Section": "RESULTS", "Text": "The computerized tomographic chest scan is usually abnormal even in those with no symptoms or mild disease .", "Evidence Elements": {"Participant": [], "Intervention": [], "Outcome": [{"term": "computerized tomographic chest scan", "negation": "affirmed", "UMLS": "", "start": 4, "end": 39}]}, "Evidence Propositions": []}, {"Section": "RESULTS", "Text": "Treatment is essentially supportive ; role of antiviral agents is yet to be established .", "Evidence Elements": {"Participant": [], "Intervention": [], "Outcome": []}, "Evidence Propositions": []}, {"Section": "RESULTS", "Text": "Prevention entails home isolation of suspected cases and those with mild illnesses and strict infection control measures at hospitals that include contact and droplet precautions .", "Evidence Elements": {"Participant": [], "Intervention": [], "Outcome": []}, "Evidence Propositions": []}, {"Section": "CONCLUSIONS", "Text": "The virus spreads faster than its two ancestors the SARS-CoV and Middle East respiratory syndrome coronavirus ( MERS-CoV ) , but has lower fatality .", "Evidence Elements": {"Participant": [], "Intervention": [], "Outcome": []}, "Evidence Propositions": []}, {"Section": "CONCLUSIONS", "Text": "The global impact of this new epidemic is yet uncertain .", "Evidence Elements": {"Participant": [], "Intervention": [], "Outcome": []}, "Evidence Propositions": []}]}