{"doc_id": "32164089", "type of study": "Therapy", "title": "", "abstract": "Objective: To analyze the clinical characteristics of 2019 novel coronavirus (2019-nCoV) pneumonia and to investigate the correlation between serum inflammatory cytokines and severity of the disease.\nMethods: 29 patients with 2019-ncov admitted to the isolation ward of Tongji hospital affiliated to Tongji medical college of Huazhong University of Science and Technology in January 2020 were selected as the study subjects.\nClinical data were collected and the general information, clinical symptoms, blood test and CT imaging characteristics were analyzed.\nAccording to the relevant diagnostic criteria, the patients were divided into three groups: mild (15 cases), severe (9 cases) and critical (5 cases).\nThe expression levels of inflammatory cytokines and other markers in the serum of each group were detected, and the changes of these indicators of the three groups were compared and analyzed, as well as their relationship with the clinical classification of the disease.\nResults: (1) The main symptoms of 2019-nCoV pneumonia was fever (28/29) with or without respiratory and other systemic symptoms.\nTwo patients died with underlying disease and co-bacterial infection, respectively.\n(2) The blood test of the patients showed normal or decreased white blood cell count (23/29), decreased lymphocyte count (20/29), increased hypersensitive C reactive protein (hs-CRP) (27/29), and normal procalcitonin.\nIn most patients, serum lactate dehydrogenase (LDH) was significantly increased (20/29), while albumin was decreased (15/29).\nAlanine aminotransferase (ALT), aspartate aminotransferase (AST), total bilirubin (Tbil), serum creatinine (Scr) and other items showed no significant changes.\n(3) CT findings of typical cases were single or multiple patchy ground glass shadows accompanied by septal thickening.\nWhen the disease progresses, the lesion increases and the scope expands, and the ground glass shadow coexists with the solid shadow or the stripe shadow.\n(4) There were statistically significant differences in the expression levels of interleukin-2 receptor (IL-2R) and IL-6 in the serum of the three groups (P<0.05), among which the critical group was higher than the severe group and the severe group was higher than the mild group.\nHowever, there were no statistically significant differences in serum levels of tumor necrosis factor-alpha (TNF-alpha), IL-1, IL-8, IL-10, hs-CRP, lymphocyte count and LDH among the three groups (P>0.05).\nConclusion: The clinical characteristics of 2019-nCoV pneumonia are similar to those of common viral pneumonia.\nHigh resolution CT is of great value in the differential diagnosis of this disease.\nThe increased expression of IL-2R and IL-6 in serum is expected to predict the severity of the 2019-nCoV pneumonia and the prognosis of patients.\n", "Evidence Map": {"Enrollment": [{"term": "2019 novel coronavirus ( 2019-nCoV ) pneumonia", "negation": "affirmed", "UMLS": "", "start": 55, "end": 101}, {"term": "2019-nCoV pneumonia", "negation": "affirmed", "UMLS": "", "start": 37, "end": 56}, {"term": "fever", "negation": "affirmed", "UMLS": "", "start": 61, "end": 66}, {"term": "2019-nCoV pneumonia", "negation": "affirmed", "UMLS": "", "start": 45, "end": 64}, {"term": "common viral", "negation": "affirmed", "UMLS": "", "start": 89, "end": 101}], "Comparison Results": [], "Study Arm 1 Results": [], "Study Arm 2 Results": []}, "Sentence-level breakdown": [{"Section": "TITLE", "Text": "Objective : To analyze the clinical characteristics of 2019 novel coronavirus ( 2019-nCoV ) pneumonia and to investigate the correlation between serum inflammatory cytokines and severity of the disease .", "Evidence Elements": {"Participant": [{"term": "2019 novel coronavirus ( 2019-nCoV ) pneumonia", "negation": "affirmed", "UMLS": "", "start": 55, "end": 101}], "Intervention": [], "Outcome": [{"term": "clinical characteristics", "negation": "affirmed", "UMLS": "", "start": 27, "end": 51}, {"term": "between serum inflammatory cytokines and severity", "negation": "affirmed", "UMLS": "", "start": 137, "end": 186}]}, "Evidence Propositions": []}, {"Section": "METHODS", "Text": "Methods : 29 patients with 2019-ncov admitted to the isolation ward of Tongji hospital affiliated to Tongji medical college of Huazhong University of Science and Technology in January 2020 were selected as the study subjects .", "Evidence Elements": {"Participant": [], "Intervention": [], "Outcome": []}, "Evidence Propositions": []}, {"Section": "METHODS", "Text": "Clinical data were collected and the general information , clinical symptoms , blood test and CT imaging characteristics were analyzed .", "Evidence Elements": {"Participant": [], "Intervention": [], "Outcome": [{"term": "clinical", "negation": "affirmed", "UMLS": "", "start": 59, "end": 67}, {"term": "blood test", "negation": "affirmed", "UMLS": "", "start": 79, "end": 89}, {"term": "CT imaging", "negation": "affirmed", "UMLS": "", "start": 94, "end": 104}]}, "Evidence Propositions": []}, {"Section": "METHODS", "Text": "According to the relevant diagnostic criteria , the patients were divided into three groups : mild ( 15 cases ) , severe ( 9 cases ) and critical ( 5 cases ) .", "Evidence Elements": {"Participant": [], "Intervention": [{"term": "mild", "negation": "affirmed", "UMLS": "", "start": 94, "end": 98}, {"term": "severe", "negation": "affirmed", "UMLS": "", "start": 114, "end": 120}], "Outcome": []}, "Evidence Propositions": []}, {"Section": "METHODS", "Text": "The expression levels of inflammatory cytokines and other markers in the serum of each group were detected , and the changes of these indicators of the three groups were compared and analyzed , as well as their relationship with the clinical classification of the disease .", "Evidence Elements": {"Participant": [], "Intervention": [{"term": "each group", "negation": "affirmed", "UMLS": "", "start": 82, "end": 92}, {"term": "three groups", "negation": "affirmed", "UMLS": "", "start": 152, "end": 164}], "Outcome": [{"term": "expression levels of inflammatory cytokines and other markers in", "negation": "affirmed", "UMLS": "", "start": 4, "end": 68}, {"term": "changes of these indicators", "negation": "affirmed", "UMLS": "", "start": 117, "end": 144}, {"term": "relationship", "negation": "affirmed", "UMLS": "", "start": 211, "end": 223}]}, "Evidence Propositions": []}, {"Section": "RESULTS", "Text": "Results : ( 1 ) The main symptoms of 2019-nCoV pneumonia was fever ( 28 / 29 ) with or without respiratory and other systemic symptoms .", "Evidence Elements": {"Participant": [{"term": "2019-nCoV pneumonia", "negation": "affirmed", "UMLS": "", "start": 37, "end": 56}, {"term": "fever", "negation": "affirmed", "UMLS": "", "start": 61, "end": 66}], "Intervention": [], "Outcome": []}, "Evidence Propositions": []}, {"Section": "RESULTS", "Text": "Two patients died with underlying disease and co-bacterial infection , respectively .", "Evidence Elements": {"Participant": [], "Intervention": [], "Outcome": [{"term": "died", "negation": "affirmed", "UMLS": "", "start": 13, "end": 17}, {"term": "underlying disease", "negation": "affirmed", "UMLS": "", "start": 23, "end": 41}, {"term": "co-bacterial infection", "negation": "affirmed", "UMLS": "", "start": 46, "end": 68}]}, "Evidence Propositions": []}, {"Section": "RESULTS", "Text": "( 2 ) The blood test of the patients showed normal or decreased white blood cell count ( 23 / 29 ) , decreased lymphocyte count ( 20 / 29 ) , increased hypersensitive C reactive protein ( hs-CRP ) ( 27 / 29 ) , and normal procalcitonin .", "Evidence Elements": {"Participant": [], "Intervention": [], "Outcome": [{"term": "blood test", "negation": "affirmed", "UMLS": "", "start": 10, "end": 20}, {"term": "white blood cell count", "negation": "affirmed", "UMLS": "", "start": 64, "end": 86}, {"term": "lymphocyte count", "negation": "affirmed", "UMLS": "", "start": 111, "end": 127}, {"term": "hypersensitive C reactive", "negation": "affirmed", "UMLS": "", "start": 152, "end": 177}]}, "Evidence Propositions": []}, {"Section": "RESULTS", "Text": "In most patients , serum lactate dehydrogenase ( LDH ) was significantly increased ( 20 / 29 ) , while albumin was decreased ( 15 / 29 ) .", "Evidence Elements": {"Participant": [], "Intervention": [], "Outcome": [{"term": "serum lactate dehydrogenase ( LDH )", "negation": "affirmed", "UMLS": "", "start": 19, "end": 54}]}, "Evidence Propositions": []}, {"Section": "RESULTS", "Text": "Alanine aminotransferase ( ALT ) , aspartate aminotransferase ( AST ) , total bilirubin ( Tbil ) , serum creatinine ( Scr ) and other items showed no significant changes .", "Evidence Elements": {"Participant": [], "Intervention": [], "Outcome": [{"term": "Alanine aminotransferase ( ALT )", "negation": "affirmed", "UMLS": "", "start": 0, "end": 32}, {"term": "aspartate aminotransferase ( AST )", "negation": "affirmed", "UMLS": "", "start": 35, "end": 69}, {"term": "total bilirubin ( Tbil )", "negation": "affirmed", "UMLS": "", "start": 72, "end": 96}, {"term": "serum", "negation": "affirmed", "UMLS": "", "start": 99, "end": 104}]}, "Evidence Propositions": []}, {"Section": "RESULTS", "Text": "( 3 ) CT findings of typical cases were single or multiple patchy ground glass shadows accompanied by septal thickening .", "Evidence Elements": {"Participant": [], "Intervention": [], "Outcome": [{"term": "single", "negation": "affirmed", "UMLS": "", "start": 40, "end": 46}, {"term": "patchy ground glass shadows", "negation": "affirmed", "UMLS": "", "start": 59, "end": 86}]}, "Evidence Propositions": []}, {"Section": "RESULTS", "Text": "When the disease progresses , the lesion increases and the scope expands , and the ground glass shadow coexists with the solid shadow or the stripe shadow .", "Evidence Elements": {"Participant": [], "Intervention": [], "Outcome": []}, "Evidence Propositions": []}, {"Section": "RESULTS", "Text": "( 4 ) There were statistically significant differences in the expression levels of interleukin-2 receptor ( IL-2R ) and IL-6 in the serum of the three groups ( P < 0.05 ) , among which the critical group was higher than the severe group and the severe group was higher than the mild group .", "Evidence Elements": {"Participant": [], "Intervention": [{"term": "three groups", "negation": "affirmed", "UMLS": "", "start": 145, "end": 157}, {"term": "critical group", "negation": "affirmed", "UMLS": "", "start": 189, "end": 203}, {"term": "severe", "negation": "affirmed", "UMLS": "", "start": 224, "end": 230}], "Outcome": [{"term": "expression levels of interleukin-2 receptor ( IL-2R ) and IL-6", "negation": "affirmed", "UMLS": "", "start": 62, "end": 124}]}, "Evidence Propositions": [{"Intervention": ["three groups"], "Observation": "statistically significant differences", "Outcome": "expression levels of interleukin-2 receptor ( IL-2R ) and IL-6", "Count": ""}, {"Intervention": ["critical group", "severe"], "Observation": "higher", "Outcome": "expression levels of interleukin-2 receptor ( IL-2R ) and IL-6", "Count": ""}]}, {"Section": "RESULTS", "Text": "However , there were no statistically significant differences in serum levels of tumor necrosis factor-alpha ( TNF-alpha ) , IL-1 , IL-8 , IL-10 , hs-CRP , lymphocyte count and LDH among the three groups ( P > 0.05 ) .", "Evidence Elements": {"Participant": [], "Intervention": [], "Outcome": [{"term": "serum levels of tumor necrosis factor-alpha ( TNF-alpha )", "negation": "affirmed", "UMLS": "", "start": 65, "end": 122}, {"term": "IL-1", "negation": "negated", "UMLS": "", "start": 125, "end": 129}, {"term": "IL-8", "negation": "negated", "UMLS": "", "start": 132, "end": 136}, {"term": "IL-10", "negation": "negated", "UMLS": "", "start": 139, "end": 144}, {"term": "hs-CRP", "negation": "negated", "UMLS": "", "start": 147, "end": 153}, {"term": "lymphocyte", "negation": "negated", "UMLS": "", "start": 156, "end": 166}]}, "Evidence Propositions": [{"Intervention": [], "Observation": "statistically significant differences", "Outcome": "serum levels of tumor necrosis factor-alpha ( TNF-alpha )", "Count": ""}, {"Intervention": [], "Observation": "statistically significant differences", "Outcome": "IL-1", "Count": ""}, {"Intervention": [], "Observation": "statistically significant differences", "Outcome": "IL-8", "Count": ""}, {"Intervention": [], "Observation": "statistically significant differences", "Outcome": "IL-10", "Count": ""}, {"Intervention": [], "Observation": "statistically significant differences", "Outcome": "hs-CRP", "Count": ""}, {"Intervention": [], "Observation": "statistically significant differences", "Outcome": "lymphocyte", "Count": ""}]}, {"Section": "CONCLUSIONS", "Text": "Conclusion : The clinical characteristics of 2019-nCoV pneumonia are similar to those of common viral pneumonia .", "Evidence Elements": {"Participant": [{"term": "2019-nCoV pneumonia", "negation": "affirmed", "UMLS": "", "start": 45, "end": 64}, {"term": "common viral", "negation": "affirmed", "UMLS": "", "start": 89, "end": 101}], "Intervention": [], "Outcome": [{"term": "clinical characteristics", "negation": "affirmed", "UMLS": "", "start": 17, "end": 41}]}, "Evidence Propositions": [{"Intervention": [], "Observation": "similar", "Outcome": "clinical characteristics", "Count": ""}]}, {"Section": "CONCLUSIONS", "Text": "High resolution CT is of great value in the differential diagnosis of this disease .", "Evidence Elements": {"Participant": [], "Intervention": [], "Outcome": []}, "Evidence Propositions": []}, {"Section": "CONCLUSIONS", "Text": "The increased expression of IL-2R and IL-6 in serum is expected to predict the severity of the 2019-nCoV pneumonia and the prognosis of patients .", "Evidence Elements": {"Participant": [], "Intervention": [], "Outcome": [{"term": "expression of IL-2R and IL-6", "negation": "affirmed", "UMLS": "", "start": 14, "end": 42}, {"term": "severity of the 2019-nCoV pneumonia", "negation": "affirmed", "UMLS": "", "start": 79, "end": 114}]}, "Evidence Propositions": []}]}