{"doc_id": "32167173", "type of study": "Therapy", "title": "", "abstract": "An outbreak of coronavirus disease 2019 (COVID-19) occurred in Wuhan and it has rapidly spread to almost all parts of the world.\nFor coronaviruses, RNA-dependent RNA polymerase (RdRp) is an important protease that catalyzes the replication of RNA from RNA template and is an attractive therapeutic target.\nIn this study, we screened these chemical structures from traditional Chinese medicinal compounds proven to show antiviral activity in severe acute respiratory syndrome coronavirus (SARS-CoV) and the similar chemical structures through a molecular docking study to target RdRp of SARS-CoV-2, SARS-CoV, and Middle East respiratory syndrome coronavirus (MERS-CoV).\nWe found that theaflavin has a lower idock score in the catalytic pocket of RdRp in SARS-CoV-2 (-9.11 kcal/mol), SARS-CoV (-8.03 kcal/mol), and MERS-CoV (-8.26 kcal/mol) from idock.\nTo confirm the result, we discovered that theaflavin has lower binding energy of -8.8 kcal/mol when it docks in the catalytic pocket of SARS-CoV-2 RdRp by using the Blind Docking server.\nRegarding contact modes, hydrophobic interactions contribute significantly in binding and additional hydrogen bonds were found between theaflavin and RdRp.\nMoreover, one pi-cation interaction was formed between theaflavin and Arg553 from the Blind Docking server.\nOur results suggest that theaflavin could be a potential SARS-CoV-2 RdRp inhibitor for further study.\nTheaflavin has a lower idock score in the catalytic pocket of RdRp in SARS-CoV-2, SARS-CoV and MERS-CoV from idock.\nTheaflavin has a lowest binding energy when it docks in the catalytic pocket of SARS-CoV-2 RdRp.\nTheaflavin could be potential SARS-CoV-2 RdRp inhibitor.\n", "Evidence Map": {"Enrollment": [{"term": "severe acute respiratory syndrome coronavirus ( SARS-CoV )", "negation": "affirmed", "UMLS": "", "start": 136, "end": 194}, {"term": "SARS-CoV-2", "negation": "affirmed", "UMLS": "", "start": 283, "end": 293}, {"term": "SARS-CoV", "negation": "affirmed", "UMLS": "", "start": 184, "end": 192}, {"term": "Middle", "negation": "affirmed", "UMLS": "", "start": 311, "end": 317}, {"term": "SARS-CoV-2 RdRp", "negation": "affirmed", "UMLS": "", "start": 139, "end": 154}, {"term": "SARS-CoV-2", "negation": "affirmed", "UMLS": "", "start": 70, "end": 80}, {"term": "SARS-CoV", "negation": "affirmed", "UMLS": "", "start": 70, "end": 78}, {"term": "MERS-CoV", "negation": "affirmed", "UMLS": "", "start": 96, "end": 104}, {"term": "SARS-CoV-2 RdRp", "negation": "affirmed", "UMLS": "", "start": 80, "end": 95}], "Comparison Results": [], "Study Arm 1 Results": [], "Study Arm 2 Results": []}, "Sentence-level breakdown": [{"Section": "TITLE", "Text": "An outbreak of coronavirus disease 2019 ( COVID-19 ) occurred in Wuhan and it has rapidly spread to almost all parts of the world .", "Evidence Elements": {"Participant": [], "Intervention": [], "Outcome": []}, "Evidence Propositions": []}, {"Section": "BACKGROUND", "Text": "For coronaviruses , RNA-dependent RNA polymerase ( RdRp ) is an important protease that catalyzes the replication of RNA from RNA template and is an attractive therapeutic target .", "Evidence Elements": {"Participant": [], "Intervention": [], "Outcome": []}, "Evidence Propositions": []}, {"Section": "RESULTS", "Text": "In this study , we screened these chemical structures from traditional Chinese medicinal compounds proven to show antiviral activity in severe acute respiratory syndrome coronavirus ( SARS-CoV ) and the similar chemical structures through a molecular docking study to target RdRp of SARS-CoV-2 , SARS-CoV , and Middle East respiratory syndrome coronavirus ( MERS-CoV ) .", "Evidence Elements": {"Participant": [{"term": "severe acute respiratory syndrome coronavirus ( SARS-CoV )", "negation": "affirmed", "UMLS": "", "start": 136, "end": 194}, {"term": "SARS-CoV-2", "negation": "affirmed", "UMLS": "", "start": 283, "end": 293}, {"term": "SARS-CoV", "negation": "affirmed", "UMLS": "", "start": 184, "end": 192}, {"term": "Middle", "negation": "affirmed", "UMLS": "", "start": 311, "end": 317}], "Intervention": [], "Outcome": [{"term": "activity", "negation": "affirmed", "UMLS": "", "start": 124, "end": 132}, {"term": "RdRp", "negation": "affirmed", "UMLS": "", "start": 275, "end": 279}]}, "Evidence Propositions": []}, {"Section": "RESULTS", "Text": "We found that theaflavin has a lower idock score in the catalytic pocket of RdRp in SARS-CoV-2 ( -9.11 kcal / mol ) , SARS-CoV ( -8.03 kcal / mol ) , and MERS-CoV ( -8.26 kcal / mol ) from idock .", "Evidence Elements": {"Participant": [], "Intervention": [{"term": "theaflavin", "negation": "affirmed", "UMLS": "", "start": 14, "end": 24}], "Outcome": [{"term": "idock score in", "negation": "affirmed", "UMLS": "", "start": 37, "end": 51}, {"term": "catalytic pocket", "negation": "affirmed", "UMLS": "", "start": 56, "end": 72}, {"term": "SARS-CoV-2", "negation": "affirmed", "UMLS": "", "start": 84, "end": 94}, {"term": "SARS-CoV", "negation": "affirmed", "UMLS": "", "start": 84, "end": 92}, {"term": "MERS-CoV", "negation": "affirmed", "UMLS": "", "start": 154, "end": 162}]}, "Evidence Propositions": [{"Intervention": [], "Observation": "lower", "Outcome": "", "Count": ""}, {"Intervention": "theaflavin", "Observation": "-9.11", "Outcome": "catalytic pocket", "Count": ""}, {"Intervention": "theaflavin", "Observation": "-9.11", "Outcome": "SARS-CoV-2", "Count": ""}, {"Intervention": "theaflavin", "Observation": "-8.03", "Outcome": "SARS-CoV", "Count": ""}]}, {"Section": "RESULTS", "Text": "To confirm the result , we discovered that theaflavin has lower binding energy of -8.8 kcal / mol when it docks in the catalytic pocket of SARS-CoV-2 RdRp by using the Blind Docking server .", "Evidence Elements": {"Participant": [{"term": "SARS-CoV-2 RdRp", "negation": "affirmed", "UMLS": "", "start": 139, "end": 154}], "Intervention": [{"term": "theaflavin", "negation": "affirmed", "UMLS": "", "start": 43, "end": 53}], "Outcome": [{"term": "binding energy", "negation": "affirmed", "UMLS": "", "start": 64, "end": 78}]}, "Evidence Propositions": [{"Intervention": [], "Observation": "lower", "Outcome": "", "Count": ""}]}, {"Section": "RESULTS", "Text": "Regarding contact modes , hydrophobic interactions contribute significantly in binding and additional hydrogen bonds were found between theaflavin and RdRp .", "Evidence Elements": {"Participant": [], "Intervention": [{"term": "theaflavin", "negation": "affirmed", "UMLS": "", "start": 136, "end": 146}], "Outcome": [{"term": "contact modes", "negation": "affirmed", "UMLS": "", "start": 10, "end": 23}, {"term": "hydrophobic interactions", "negation": "affirmed", "UMLS": "", "start": 26, "end": 50}, {"term": "binding", "negation": "affirmed", "UMLS": "", "start": 79, "end": 86}, {"term": "hydrogen bonds", "negation": "affirmed", "UMLS": "", "start": 102, "end": 116}]}, "Evidence Propositions": []}, {"Section": "RESULTS", "Text": "Moreover , one pi-cation interaction was formed between theaflavin and Arg553 from the Blind Docking server .", "Evidence Elements": {"Participant": [], "Intervention": [{"term": "theaflavin", "negation": "affirmed", "UMLS": "", "start": 56, "end": 66}, {"term": "Arg553", "negation": "affirmed", "UMLS": "", "start": 71, "end": 77}], "Outcome": [{"term": "pi-cation interaction", "negation": "affirmed", "UMLS": "", "start": 15, "end": 36}]}, "Evidence Propositions": []}, {"Section": "CONCLUSIONS", "Text": "Our results suggest that theaflavin could be a potential SARS-CoV-2 RdRp inhibitor for further study .", "Evidence Elements": {"Participant": [], "Intervention": [{"term": "theaflavin", "negation": "affirmed", "UMLS": "", "start": 25, "end": 35}], "Outcome": [{"term": "SARS-CoV-2 RdRp inhibitor", "negation": "affirmed", "UMLS": "", "start": 57, "end": 82}]}, "Evidence Propositions": []}, {"Section": "CONCLUSIONS", "Text": "Theaflavin has a lower idock score in the catalytic pocket of RdRp in SARS-CoV-2 , SARS-CoV and MERS-CoV from idock .", "Evidence Elements": {"Participant": [{"term": "SARS-CoV-2", "negation": "affirmed", "UMLS": "", "start": 70, "end": 80}, {"term": "SARS-CoV", "negation": "affirmed", "UMLS": "", "start": 70, "end": 78}, {"term": "MERS-CoV", "negation": "affirmed", "UMLS": "", "start": 96, "end": 104}], "Intervention": [{"term": "Theaflavin", "negation": "affirmed", "UMLS": "", "start": 0, "end": 10}], "Outcome": [{"term": "idock score in the catalytic pocket of RdRp", "negation": "affirmed", "UMLS": "", "start": 23, "end": 66}]}, "Evidence Propositions": []}, {"Section": "CONCLUSIONS", "Text": "Theaflavin has a lowest binding energy when it docks in the catalytic pocket of SARS-CoV-2 RdRp .", "Evidence Elements": {"Participant": [{"term": "SARS-CoV-2 RdRp", "negation": "affirmed", "UMLS": "", "start": 80, "end": 95}], "Intervention": [{"term": "Theaflavin", "negation": "affirmed", "UMLS": "", "start": 0, "end": 10}], "Outcome": [{"term": "binding energy", "negation": "affirmed", "UMLS": "", "start": 24, "end": 38}]}, "Evidence Propositions": []}, {"Section": "CONCLUSIONS", "Text": "Theaflavin could be potential SARS-CoV-2 RdRp inhibitor .", "Evidence Elements": {"Participant": [], "Intervention": [], "Outcome": []}, "Evidence Propositions": []}]}