{"doc_id": "32169481", "type of study": "Therapy", "title": "", "abstract": "Understanding the novel coronavirus (COVID-19) mode of host cell recognition may help to fight the disease and save lives.\nThe spike protein of coronaviruses is the main driving force for host cell recognition.\nIn this study, the COVID-19 spike binding site to the cell-surface receptor (Glucose Regulated Protein 78 (GRP78)) is predicted using combined molecular modeling docking and structural bioinformatics.\nThe COVID-19 spike protein is modeled using its counterpart, the SARS spike.\nSequence and structural alignments show that four regions, in addition to its cyclic nature have sequence and physicochemical similarities to the cyclic Pep42.\nProtein-protein docking was performed to test the four regions of the spike that fit tightly in the GRP78 Substrate Binding Domain beta (SBDbeta).\nThe docking pose revealed the involvement of the SBDbeta of GRP78 and the receptor-binding domain of the coronavirus spike protein in recognition of the host cell receptor.\nWe reveal that the binding is more favorable between regions III (C391-C525) and IV (C480-C488) of the spike protein model and GRP78.\nRegion IV is the main driving force for GRP78 binding with the predicted binding affinity of -9.8 kcal/mol.\nThese nine residues can be used to develop therapeutics specific against COVID-19.\n", "Evidence Map": {"Enrollment": [], "Comparison Results": [], "Study Arm 1 Results": [], "Study Arm 2 Results": []}, "Sentence-level breakdown": [{"Section": "TITLE", "Text": "Understanding the novel coronavirus ( COVID-19 ) mode of host cell recognition may help to fight the disease and save lives .", "Evidence Elements": {"Participant": [], "Intervention": [], "Outcome": []}, "Evidence Propositions": []}, {"Section": "BACKGROUND", "Text": "The spike protein of coronaviruses is the main driving force for host cell recognition .", "Evidence Elements": {"Participant": [], "Intervention": [], "Outcome": []}, "Evidence Propositions": []}, {"Section": "BACKGROUND", "Text": "In this study , the COVID-19 spike binding site to the cell-surface receptor ( Glucose Regulated Protein 78 ( GRP78 ) ) is predicted using combined molecular modeling docking and structural bioinformatics .", "Evidence Elements": {"Participant": [], "Intervention": [], "Outcome": [{"term": "COVID-19 spike binding site to the cell-surface receptor ( Glucose Regulated Protein 78 ( GRP78 ) )", "negation": "affirmed", "UMLS": "", "start": 20, "end": 119}]}, "Evidence Propositions": []}, {"Section": "BACKGROUND", "Text": "The COVID-19 spike protein is modeled using its counterpart , the SARS spike .", "Evidence Elements": {"Participant": [], "Intervention": [], "Outcome": []}, "Evidence Propositions": []}, {"Section": "BACKGROUND", "Text": "Sequence and structural alignments show that four regions , in addition to its cyclic nature have sequence and physicochemical similarities to the cyclic Pep42 .", "Evidence Elements": {"Participant": [], "Intervention": [{"term": "cyclic", "negation": "affirmed", "UMLS": "", "start": 79, "end": 85}], "Outcome": []}, "Evidence Propositions": []}, {"Section": "METHODS", "Text": "Protein-protein docking was performed to test the four regions of the spike that fit tightly in the GRP78 Substrate Binding Domain beta ( SBDbeta ) .", "Evidence Elements": {"Participant": [], "Intervention": [], "Outcome": [{"term": "beta (", "negation": "affirmed", "UMLS": "", "start": 131, "end": 137}]}, "Evidence Propositions": []}, {"Section": "RESULTS", "Text": "The docking pose revealed the involvement of the SBDbeta of GRP78 and the receptor-binding domain of the coronavirus spike protein in recognition of the host cell receptor .", "Evidence Elements": {"Participant": [], "Intervention": [], "Outcome": [{"term": "SBDbeta of GRP78", "negation": "affirmed", "UMLS": "", "start": 49, "end": 65}, {"term": "domain of the coronavirus spike protein", "negation": "affirmed", "UMLS": "", "start": 91, "end": 130}, {"term": "recognition of", "negation": "affirmed", "UMLS": "", "start": 134, "end": 148}, {"term": "host cell receptor", "negation": "affirmed", "UMLS": "", "start": 153, "end": 171}]}, "Evidence Propositions": []}, {"Section": "RESULTS", "Text": "We reveal that the binding is more favorable between regions III ( C391-C525 ) and IV ( C480-C488 ) of the spike protein model and GRP78 .", "Evidence Elements": {"Participant": [], "Intervention": [{"term": "III ( C391-C525 )", "negation": "affirmed", "UMLS": "", "start": 61, "end": 78}, {"term": "IV ( C480-C488 )", "negation": "affirmed", "UMLS": "", "start": 83, "end": 99}, {"term": "spike", "negation": "affirmed", "UMLS": "", "start": 107, "end": 112}], "Outcome": [{"term": "binding", "negation": "affirmed", "UMLS": "", "start": 19, "end": 26}]}, "Evidence Propositions": [{"Intervention": ["III ( C391-C525 )", "IV ( C480-C488 )", "spike"], "Observation": "more favorable", "Outcome": "binding", "Count": ""}]}, {"Section": "RESULTS", "Text": "Region IV is the main driving force for GRP78 binding with the predicted binding affinity of -9.8 kcal / mol .", "Evidence Elements": {"Participant": [], "Intervention": [], "Outcome": [{"term": "GRP78 binding", "negation": "affirmed", "UMLS": "", "start": 40, "end": 53}, {"term": "binding affinity", "negation": "affirmed", "UMLS": "", "start": 73, "end": 89}]}, "Evidence Propositions": []}, {"Section": "CONCLUSIONS", "Text": "These nine residues can be used to develop therapeutics specific against COVID-19 .", "Evidence Elements": {"Participant": [], "Intervention": [], "Outcome": []}, "Evidence Propositions": []}]}