{"doc_id": "32179150", "type of study": "Therapy", "title": "", "abstract": "A new coronavirus (SARS-CoV-2) has emerged from China and is spreading worldwide.\nOwing to lack of a specific treatment, we suggest the use of drug repurposing.\nThe antibiotic teicoplanin has already shown activity against previous coronaviruses.\nIts activity appears to be conserved in vitro against this novel coronavirus.\nFurther work is needed to confirm its activity in vivo.\nIn December 2019, a novel coronavirus, named severe acute respiratory syndrome coronavirus 2 (SARS-CoV-2), emerged from China causing pneumonia outbreaks, first in the Wuhan region of China and then spread worldwide because of its probable high transmission efficiency.\nOwing to the lack of efficient and specific treatments and the need to contain the epidemic, drug repurposing appears to be the best tool to find a therapeutic solution.\nChloroquine, remdesivir, lopinavir, ribavirin and ritonavir have shown efficacy to inhibit coronavirus in vitro.\nTeicoplanin, an antibiotic used to treat staphylococcal infections, previously showed efficacy to inhibit the first stage of the Middle East respiratory syndrome coronavirus (MERS-CoV) viral life cycle in human cells.\nThis activity is conserved against SARS-Cov-2, thus placing teicoplanin as a potential treatment for patients with this virus.\n", "Evidence Map": {"Enrollment": [], "Comparison Results": [], "Study Arm 1 Results": [], "Study Arm 2 Results": []}, "Sentence-level breakdown": [{"Section": "TITLE", "Text": "A new coronavirus ( SARS-CoV-2 ) has emerged from China and is spreading worldwide .", "Evidence Elements": {"Participant": [], "Intervention": [], "Outcome": []}, "Evidence Propositions": []}, {"Section": "RESULTS", "Text": "Owing to lack of a specific treatment , we suggest the use of drug repurposing .", "Evidence Elements": {"Participant": [], "Intervention": [], "Outcome": []}, "Evidence Propositions": []}, {"Section": "RESULTS", "Text": "The antibiotic teicoplanin has already shown activity against previous coronaviruses .", "Evidence Elements": {"Participant": [], "Intervention": [], "Outcome": []}, "Evidence Propositions": []}, {"Section": "RESULTS", "Text": "Its activity appears to be conserved in vitro against this novel coronavirus .", "Evidence Elements": {"Participant": [], "Intervention": [], "Outcome": []}, "Evidence Propositions": []}, {"Section": "RESULTS", "Text": "Further work is needed to confirm its activity in vivo .", "Evidence Elements": {"Participant": [], "Intervention": [], "Outcome": []}, "Evidence Propositions": []}, {"Section": "RESULTS", "Text": "In December 2019 , a novel coronavirus , named severe acute respiratory syndrome coronavirus 2 ( SARS-CoV-2 ) , emerged from China causing pneumonia outbreaks , first in the Wuhan region of China and then spread worldwide because of its probable high transmission efficiency .", "Evidence Elements": {"Participant": [], "Intervention": [], "Outcome": []}, "Evidence Propositions": []}, {"Section": "RESULTS", "Text": "Owing to the lack of efficient and specific treatments and the need to contain the epidemic , drug repurposing appears to be the best tool to find a therapeutic solution .", "Evidence Elements": {"Participant": [], "Intervention": [], "Outcome": []}, "Evidence Propositions": []}, {"Section": "CONCLUSIONS", "Text": "Chloroquine , remdesivir , lopinavir , ribavirin and ritonavir have shown efficacy to inhibit coronavirus in vitro .", "Evidence Elements": {"Participant": [], "Intervention": [], "Outcome": []}, "Evidence Propositions": []}, {"Section": "CONCLUSIONS", "Text": "Teicoplanin , an antibiotic used to treat staphylococcal infections , previously showed efficacy to inhibit the first stage of the Middle East respiratory syndrome coronavirus ( MERS-CoV ) viral life cycle in human cells .", "Evidence Elements": {"Participant": [], "Intervention": [], "Outcome": []}, "Evidence Propositions": []}, {"Section": "CONCLUSIONS", "Text": "This activity is conserved against SARS-Cov-2 , thus placing teicoplanin as a potential treatment for patients with this virus .", "Evidence Elements": {"Participant": [], "Intervention": [], "Outcome": [{"term": "activity", "negation": "affirmed", "UMLS": "", "start": 5, "end": 13}]}, "Evidence Propositions": []}]}