{"doc_id": "32173241", "type of study": "Therapy", "title": "", "abstract": "Since the emergence of coronavirus disease 2019 (COVID-19) (formerly known as the 2019 novel coronavirus [2019-nCoV]) in Wuhan, China in December 2019, which is caused by severe acute respiratory syndrome coronavirus 2 (SARS-CoV-2), more than 75,000 cases have been reported in 32 countries/regions, resulting in more than 2000 deaths worldwide.\nDespite the fact that most COVID-19 cases and mortalities were reported in China, the WHO has declared this outbreak as the sixth public health emergency of international concern.\nThe COVID-19 can present as an asymptomatic carrier state, acute respiratory disease, and pneumonia.\nAdults represent the population with the highest infection rate; however, neonates, children, and elderly patients can also be infected by SARS-CoV-2.\nIn addition, nosocomial infection of hospitalized patients and healthcare workers, and viral transmission from asymptomatic carriers are possible.\nThe most common finding on chest imaging among patients with pneumonia was ground-glass opacity with bilateral involvement.\nSevere cases are more likely to be older patients with underlying comorbidities compared to mild cases.\nIndeed, age and disease severity may be correlated with the outcomes of COVID-19.\nTo date, effective treatment is lacking; however, clinical trials investigating the efficacy of several agents, including remdesivir and chloroquine, are underway in China.\nCurrently, effective infection control intervention is the only way to prevent the spread of SARS-CoV-2.\n", "Evidence Map": {"Enrollment": [{"term": "workers", "negation": "affirmed", "UMLS": "", "start": 75, "end": 82}, {"term": "pneumonia", "negation": "affirmed", "UMLS": "", "start": 61, "end": 70}, {"term": "Severe cases", "negation": "affirmed", "UMLS": "", "start": 0, "end": 12}, {"term": "older", "negation": "affirmed", "UMLS": "", "start": 35, "end": 40}, {"term": "underlying comorbidities", "negation": "affirmed", "UMLS": "", "start": 55, "end": 79}, {"term": "mild cases", "negation": "affirmed", "UMLS": "", "start": 92, "end": 102}], "Comparison Results": [], "Study Arm 1 Results": [], "Study Arm 2 Results": []}, "Sentence-level breakdown": [{"Section": "TITLE", "Text": "Since the emergence of coronavirus disease 2019 ( COVID-19 ) ( formerly known as the 2019 novel coronavirus [ 2019-nCoV ] ) in Wuhan , China in December 2019 , which is caused by severe acute respiratory syndrome coronavirus 2 ( SARS-CoV-2 ) , more than 75,000 cases have been reported in 32 countries / regions , resulting in more than 2000 deaths worldwide .", "Evidence Elements": {"Participant": [], "Intervention": [], "Outcome": []}, "Evidence Propositions": []}, {"Section": "RESULTS", "Text": "Despite the fact that most COVID-19 cases and mortalities were reported in China , the WHO has declared this outbreak as the sixth public health emergency of international concern .", "Evidence Elements": {"Participant": [], "Intervention": [], "Outcome": []}, "Evidence Propositions": []}, {"Section": "RESULTS", "Text": "The COVID-19 can present as an asymptomatic carrier state , acute respiratory disease , and pneumonia .", "Evidence Elements": {"Participant": [], "Intervention": [], "Outcome": []}, "Evidence Propositions": []}, {"Section": "RESULTS", "Text": "Adults represent the population with the highest infection rate ; however , neonates , children , and elderly patients can also be infected by SARS-CoV-2 .", "Evidence Elements": {"Participant": [], "Intervention": [], "Outcome": []}, "Evidence Propositions": []}, {"Section": "RESULTS", "Text": "In addition , nosocomial infection of hospitalized patients and healthcare workers , and viral transmission from asymptomatic carriers are possible .", "Evidence Elements": {"Participant": [{"term": "workers", "negation": "affirmed", "UMLS": "", "start": 75, "end": 82}], "Intervention": [], "Outcome": [{"term": "nosocomial infection", "negation": "affirmed", "UMLS": "", "start": 14, "end": 34}, {"term": "viral transmission", "negation": "affirmed", "UMLS": "", "start": 89, "end": 107}]}, "Evidence Propositions": []}, {"Section": "RESULTS", "Text": "The most common finding on chest imaging among patients with pneumonia was ground-glass opacity with bilateral involvement .", "Evidence Elements": {"Participant": [{"term": "pneumonia", "negation": "affirmed", "UMLS": "", "start": 61, "end": 70}], "Intervention": [], "Outcome": [{"term": "ground-glass opacity", "negation": "affirmed", "UMLS": "", "start": 75, "end": 95}, {"term": "involvement", "negation": "affirmed", "UMLS": "", "start": 111, "end": 122}]}, "Evidence Propositions": [{"Intervention": [], "Observation": "most common", "Outcome": "ground-glass opacity", "Count": ""}]}, {"Section": "RESULTS", "Text": "Severe cases are more likely to be older patients with underlying comorbidities compared to mild cases .", "Evidence Elements": {"Participant": [{"term": "Severe cases", "negation": "affirmed", "UMLS": "", "start": 0, "end": 12}, {"term": "older", "negation": "affirmed", "UMLS": "", "start": 35, "end": 40}, {"term": "underlying comorbidities", "negation": "affirmed", "UMLS": "", "start": 55, "end": 79}, {"term": "mild cases", "negation": "affirmed", "UMLS": "", "start": 92, "end": 102}], "Intervention": [], "Outcome": []}, "Evidence Propositions": []}, {"Section": "RESULTS", "Text": "Indeed , age and disease severity may be correlated with the outcomes of COVID-19 .", "Evidence Elements": {"Participant": [], "Intervention": [], "Outcome": []}, "Evidence Propositions": []}, {"Section": "CONCLUSIONS", "Text": "To date , effective treatment is lacking ; however , clinical trials investigating the efficacy of several agents , including remdesivir and chloroquine , are underway in China .", "Evidence Elements": {"Participant": [], "Intervention": [], "Outcome": []}, "Evidence Propositions": []}, {"Section": "CONCLUSIONS", "Text": "Currently , effective infection control intervention is the only way to prevent the spread of SARS-CoV-2 .", "Evidence Elements": {"Participant": [], "Intervention": [], "Outcome": []}, "Evidence Propositions": []}]}