{"doc_id": "32171866", "type of study": "Therapy", "title": "", "abstract": "Due to the general susceptibility of new coronaviruses, the clinical characteristics and outcomes of elderly and young patients may be different.\nTo analyze the clinical characteristics of elderly patients with 2019 new-type coronavirus pneumonia (COVID-19).\nThis is a retrospective study of patients with new coronavirus pneumonia (COVID-19) who were hospitalized in Hainan Provincial People's Hospital from January 15, 2020 to February 18, 2020.\nCompare the clinical characteristics of elderly with Young and Middle-aged patients.\nA total of 56 patients were enrolled 18 elderly patients (32.14%), and 38 young and middle-aged patients (67.86%).\nThe most common symptoms in both groups were fever, followed by cough and sputum.\nFour patients in the elderly group received negative pressure ICU for mechanical ventilation, and five patients in the young and middle-aged group.\nOne patient died in the elderly group (5.56%), and two patients died in the young and middle-aged group (5.26%).\nThe PSI score of the elderly group was higher than that of the young and middle-aged group (P < 0.001).\nThe proportion of patients with PSI grades IV and V was significantly higher in the elderly group than in the young and middle-aged group (P < 0.05).\nThe proportion of multiple lobe involvement in the elderly group was higher than that in the young and middle-aged group (P < 0.001), and there was no difference in single lobe lesions between the two groups.\nThe proportion of lymphocytes in the elderly group was significantly lower than that in the young and middle-aged group (P < 0.001), and the C-reactive protein was significantly higher in the young group (P < 0.001).\nThe Lopinavir and Ritonavir Tablets, Chinese medicine, oxygen therapy, and mechanical ventilation were statistically different in the elderly group and the young and middle-aged group, and the P values were all <0.05.\nThe mortality of elderly patients with COVID-19 is higher than that of young and middle-aged patients, and the proportion of patients with PSI grade IV and V is significantly higher than that of young and middle-aged patients.\nElderly patients with COVID-19 are more likely to progress to severe disease.\n", "Evidence Map": {"Enrollment": [{"term": "elderly patients", "negation": "affirmed", "UMLS": "", "start": 43, "end": 59}, {"term": "2019 new-type coronavirus pneumonia (", "negation": "affirmed", "UMLS": "", "start": 65, "end": 102}, {"term": "new coronavirus pneumonia ( COVID-19 )", "negation": "affirmed", "UMLS": "", "start": 47, "end": 85}, {"term": "hospitalized", "negation": "affirmed", "UMLS": "", "start": 95, "end": 107}, {"term": "elderly", "negation": "affirmed", "UMLS": "", "start": 40, "end": 47}, {"term": "young", "negation": "affirmed", "UMLS": "", "start": 78, "end": 83}, {"term": "elderly", "negation": "affirmed", "UMLS": "", "start": 137, "end": 144}, {"term": "elderly patients", "negation": "affirmed", "UMLS": "", "start": 17, "end": 33}, {"term": "COVID-19", "negation": "affirmed", "UMLS": "", "start": 39, "end": 47}, {"term": "Elderly patients", "negation": "affirmed", "UMLS": "", "start": 0, "end": 16}], "Comparison Results": [], "Study Arm 1 Results": [], "Study Arm 2 Results": []}, "Sentence-level breakdown": [{"Section": "TITLE", "Text": "Due to the general susceptibility of new coronaviruses , the clinical characteristics and outcomes of elderly and young patients may be different .", "Evidence Elements": {"Participant": [], "Intervention": [], "Outcome": []}, "Evidence Propositions": []}, {"Section": "OBJECTIVE", "Text": "To analyze the clinical characteristics of elderly patients with 2019 new-type coronavirus pneumonia ( COVID-19 ) .", "Evidence Elements": {"Participant": [{"term": "elderly patients", "negation": "affirmed", "UMLS": "", "start": 43, "end": 59}, {"term": "2019 new-type coronavirus pneumonia (", "negation": "affirmed", "UMLS": "", "start": 65, "end": 102}], "Intervention": [], "Outcome": [{"term": "clinical characteristics", "negation": "affirmed", "UMLS": "", "start": 15, "end": 39}]}, "Evidence Propositions": []}, {"Section": "METHODS", "Text": "This is a retrospective study of patients with new coronavirus pneumonia ( COVID-19 ) who were hospitalized in Hainan Provincial People 's Hospital from January 15 , 2020 to February 18 , 2020 .", "Evidence Elements": {"Participant": [{"term": "new coronavirus pneumonia ( COVID-19 )", "negation": "affirmed", "UMLS": "", "start": 47, "end": 85}, {"term": "hospitalized", "negation": "affirmed", "UMLS": "", "start": 95, "end": 107}], "Intervention": [], "Outcome": []}, "Evidence Propositions": []}, {"Section": "METHODS", "Text": "Compare the clinical characteristics of elderly with Young and Middle-aged patients .", "Evidence Elements": {"Participant": [], "Intervention": [{"term": "elderly", "negation": "affirmed", "UMLS": "", "start": 40, "end": 47}, {"term": "Young and Middle-aged", "negation": "affirmed", "UMLS": "", "start": 53, "end": 74}], "Outcome": [{"term": "clinical characteristics", "negation": "affirmed", "UMLS": "", "start": 12, "end": 36}]}, "Evidence Propositions": []}, {"Section": "RESULTS", "Text": "A total of 56 patients were enrolled 18 elderly patients ( 32.14 % ) , and 38 young and middle-aged patients ( 67.86 % ) .", "Evidence Elements": {"Participant": [{"term": "elderly", "negation": "affirmed", "UMLS": "", "start": 40, "end": 47}, {"term": "young", "negation": "affirmed", "UMLS": "", "start": 78, "end": 83}], "Intervention": [], "Outcome": []}, "Evidence Propositions": []}, {"Section": "RESULTS", "Text": "The most common symptoms in both groups were fever , followed by cough and sputum .", "Evidence Elements": {"Participant": [], "Intervention": [{"term": "both groups", "negation": "affirmed", "UMLS": "", "start": 28, "end": 39}], "Outcome": [{"term": "fever", "negation": "affirmed", "UMLS": "", "start": 45, "end": 50}, {"term": "cough", "negation": "affirmed", "UMLS": "", "start": 65, "end": 70}]}, "Evidence Propositions": [{"Intervention": ["both groups"], "Observation": "most common", "Outcome": "fever", "Count": ""}]}, {"Section": "RESULTS", "Text": "Four patients in the elderly group received negative pressure ICU for mechanical ventilation , and five patients in the young and middle-aged group .", "Evidence Elements": {"Participant": [], "Intervention": [{"term": "elderly", "negation": "affirmed", "UMLS": "", "start": 21, "end": 28}, {"term": "negative pressure ICU for mechanical ventilation", "negation": "affirmed", "UMLS": "", "start": 44, "end": 92}, {"term": "young and middle-aged", "negation": "affirmed", "UMLS": "", "start": 120, "end": 141}], "Outcome": []}, "Evidence Propositions": []}, {"Section": "RESULTS", "Text": "One patient died in the elderly group ( 5.56 % ) , and two patients died in the young and middle-aged group ( 5.26 % ) .", "Evidence Elements": {"Participant": [], "Intervention": [{"term": "elderly", "negation": "affirmed", "UMLS": "", "start": 24, "end": 31}, {"term": "young", "negation": "affirmed", "UMLS": "", "start": 80, "end": 85}], "Outcome": [{"term": "died", "negation": "affirmed", "UMLS": "", "start": 12, "end": 16}, {"term": "died", "negation": "affirmed", "UMLS": "", "start": 12, "end": 16}]}, "Evidence Propositions": []}, {"Section": "RESULTS", "Text": "The PSI score of the elderly group was higher than that of the young and middle-aged group ( P < 0.001 ) .", "Evidence Elements": {"Participant": [], "Intervention": [{"term": "elderly", "negation": "affirmed", "UMLS": "", "start": 21, "end": 28}, {"term": "young and middle-aged", "negation": "affirmed", "UMLS": "", "start": 63, "end": 84}], "Outcome": [{"term": "PSI score", "negation": "affirmed", "UMLS": "", "start": 4, "end": 13}]}, "Evidence Propositions": [{"Intervention": ["elderly", "young and middle-aged"], "Observation": "higher", "Outcome": "PSI score", "Count": ""}]}, {"Section": "RESULTS", "Text": "The proportion of patients with PSI grades IV and V was significantly higher in the elderly group than in the young and middle-aged group ( P < 0.05 ) .", "Evidence Elements": {"Participant": [], "Intervention": [{"term": "elderly", "negation": "affirmed", "UMLS": "", "start": 84, "end": 91}, {"term": "young and middle-aged", "negation": "affirmed", "UMLS": "", "start": 110, "end": 131}], "Outcome": [{"term": "proportion of patients with PSI grades IV and V", "negation": "affirmed", "UMLS": "", "start": 4, "end": 51}]}, "Evidence Propositions": [{"Intervention": ["elderly", "young and middle-aged"], "Observation": "significantly higher", "Outcome": "proportion of patients with PSI grades IV and V", "Count": ""}]}, {"Section": "RESULTS", "Text": "The proportion of multiple lobe involvement in the elderly group was higher than that in the young and middle-aged group ( P < 0.001 ) , and there was no difference in single lobe lesions between the two groups .", "Evidence Elements": {"Participant": [], "Intervention": [{"term": "elderly", "negation": "affirmed", "UMLS": "", "start": 51, "end": 58}, {"term": "young and middle-aged", "negation": "affirmed", "UMLS": "", "start": 93, "end": 114}], "Outcome": [{"term": "proportion of multiple lobe involvement", "negation": "affirmed", "UMLS": "", "start": 4, "end": 43}, {"term": "single lobe lesions", "negation": "negated", "UMLS": "", "start": 168, "end": 187}]}, "Evidence Propositions": [{"Intervention": ["elderly", "young and middle-aged"], "Observation": "higher", "Outcome": "proportion of multiple lobe involvement", "Count": ""}, {"Intervention": [], "Observation": "difference", "Outcome": "single lobe lesions", "Count": ""}]}, {"Section": "RESULTS", "Text": "The proportion of lymphocytes in the elderly group was significantly lower than that in the young and middle-aged group ( P < 0.001 ) , and the C-reactive protein was significantly higher in the young group ( P < 0.001 ) .", "Evidence Elements": {"Participant": [], "Intervention": [{"term": "young and middle-aged", "negation": "affirmed", "UMLS": "", "start": 92, "end": 113}, {"term": "young", "negation": "affirmed", "UMLS": "", "start": 92, "end": 97}], "Outcome": [{"term": "proportion of lymphocytes in the elderly group", "negation": "affirmed", "UMLS": "", "start": 4, "end": 50}, {"term": "C-reactive protein", "negation": "affirmed", "UMLS": "", "start": 144, "end": 162}]}, "Evidence Propositions": [{"Intervention": ["young and middle-aged"], "Observation": "significantly lower", "Outcome": "proportion of lymphocytes in the elderly group", "Count": ""}, {"Intervention": ["young"], "Observation": "significantly higher", "Outcome": "C-reactive protein", "Count": ""}]}, {"Section": "RESULTS", "Text": "The Lopinavir and Ritonavir Tablets , Chinese medicine , oxygen therapy , and mechanical ventilation were statistically different in the elderly group and the young and middle-aged group , and the P values were all < 0.05 .", "Evidence Elements": {"Participant": [{"term": "elderly", "negation": "affirmed", "UMLS": "", "start": 137, "end": 144}], "Intervention": [{"term": "Lopinavir", "negation": "affirmed", "UMLS": "", "start": 4, "end": 13}, {"term": "Ritonavir Tablets", "negation": "affirmed", "UMLS": "", "start": 18, "end": 35}, {"term": "Chinese medicine", "negation": "affirmed", "UMLS": "", "start": 38, "end": 54}, {"term": "oxygen therapy", "negation": "affirmed", "UMLS": "", "start": 57, "end": 71}, {"term": "mechanical ventilation", "negation": "affirmed", "UMLS": "", "start": 78, "end": 100}, {"term": "young and middle-aged", "negation": "affirmed", "UMLS": "", "start": 159, "end": 180}], "Outcome": []}, "Evidence Propositions": [{"Intervention": ["Lopinavir", "Ritonavir Tablets", "Chinese medicine", "oxygen therapy", "mechanical ventilation", "young and middle-aged"], "Observation": "statistically different", "Outcome": "", "Count": ""}]}, {"Section": "CONCLUSIONS", "Text": "The mortality of elderly patients with COVID-19 is higher than that of young and middle-aged patients , and the proportion of patients with PSI grade IV and V is significantly higher than that of young and middle-aged patients .", "Evidence Elements": {"Participant": [{"term": "elderly patients", "negation": "affirmed", "UMLS": "", "start": 17, "end": 33}, {"term": "COVID-19", "negation": "affirmed", "UMLS": "", "start": 39, "end": 47}], "Intervention": [{"term": "young and middle-aged", "negation": "affirmed", "UMLS": "", "start": 71, "end": 92}, {"term": "young and middle-aged", "negation": "affirmed", "UMLS": "", "start": 71, "end": 92}], "Outcome": [{"term": "mortality", "negation": "affirmed", "UMLS": "", "start": 4, "end": 13}, {"term": "proportion of patients with PSI grade IV and V", "negation": "affirmed", "UMLS": "", "start": 112, "end": 158}]}, "Evidence Propositions": [{"Intervention": ["young and middle-aged"], "Observation": "higher", "Outcome": "mortality", "Count": ""}, {"Intervention": ["young and middle-aged"], "Observation": "significantly higher", "Outcome": "proportion of patients with PSI grade IV and V", "Count": ""}]}, {"Section": "CONCLUSIONS", "Text": "Elderly patients with COVID-19 are more likely to progress to severe disease .", "Evidence Elements": {"Participant": [{"term": "Elderly patients", "negation": "affirmed", "UMLS": "", "start": 0, "end": 16}], "Intervention": [], "Outcome": [{"term": "severe disease", "negation": "affirmed", "UMLS": "", "start": 62, "end": 76}]}, "Evidence Propositions": [{"Intervention": [], "Observation": "more likely", "Outcome": "severe disease", "Count": ""}]}]}