{"doc_id": "32173725", "type of study": "Therapy", "title": "", "abstract": "Since December 2019, novel coronavirus (SARS-CoV-2)-infected pneumonia (COVID-19) occurred in Wuhan, and rapidly spread throughout China.\nThis study aimed to clarify the characteristics of patients with refractory COVID-19.\nIn this retrospective single-center study, we included 155 consecutive patients with confirmed COVID-19 in Zhongnan Hospital of Wuhan University from January 1st to February 5th.\nThe cases were divided into general and refractory COVID-19 groups according to the clinical efficacy after hospitalization, and the difference between groups were compared.\nCompared with general COVID-19 patients (45.2%), refractory patients had an older age, male sex, more underlying comorbidities, lower incidence of fever, higher levels of maximum temperature among fever cases, higher incidence of breath shortness and anorexia, severer disease assessment on admission, high levels of neutrophil, aspartate aminotransferase (AST), lactate dehydrogenase (LDH) and C-reactive protein, lower levels of platelets and albumin, and higher incidence of bilateral pneumonia and pleural effusion (P<0.05).\nRefractory COVID-19 patients were more likely to receive oxygen, mechanical ventilation, expectorant, and adjunctive treatment including corticosteroid, antiviral drugs and immune enhancer (P<0.05).\nAfter adjustment, those with refractory COVID-19 were also more likely to have a male sex and manifestations of anorexia and fever on admission, and receive oxygen, expectorant and adjunctive agents (P<0.05) when considering the factors of disease severity on admission, mechanical ventilation, and ICU transfer.\nNearly 50% COVID-19 patients could not reach obvious clinical and radiological remission within 10 days after hospitalization.\nThe patients with male sex, anorexia and no fever on admission predicted poor efficacy.\n", "Evidence Map": {"Enrollment": [{"term": "refractory COVID-19", "negation": "affirmed", "UMLS": "", "start": 65, "end": 84}, {"term": "confirmed COVID-19", "negation": "affirmed", "UMLS": "", "start": 86, "end": 104}, {"term": "general COVID-19", "negation": "affirmed", "UMLS": "", "start": 14, "end": 30}, {"term": "refractory", "negation": "affirmed", "UMLS": "", "start": 53, "end": 63}, {"term": "Refractory COVID-19", "negation": "affirmed", "UMLS": "", "start": 0, "end": 19}, {"term": "refractory COVID-19", "negation": "affirmed", "UMLS": "", "start": 30, "end": 49}, {"term": "male sex", "negation": "affirmed", "UMLS": "", "start": 82, "end": 90}, {"term": "fever", "negation": "affirmed", "UMLS": "", "start": 126, "end": 131}, {"term": "disease severity", "negation": "affirmed", "UMLS": "", "start": 247, "end": 263}, {"term": "COVID-19", "negation": "affirmed", "UMLS": "", "start": 12, "end": 20}, {"term": "male sex", "negation": "affirmed", "UMLS": "", "start": 18, "end": 26}, {"term": "anorexia", "negation": "affirmed", "UMLS": "", "start": 29, "end": 37}, {"term": "fever", "negation": "negated", "UMLS": "", "start": 45, "end": 50}], "Comparison Results": [], "Study Arm 1 Results": [], "Study Arm 2 Results": []}, "Sentence-level breakdown": [{"Section": "TITLE", "Text": "Since December 2019 , novel coronavirus ( SARS-CoV-2 )-infected pneumonia ( COVID-19 ) occurred in Wuhan , and rapidly spread throughout China .", "Evidence Elements": {"Participant": [], "Intervention": [], "Outcome": []}, "Evidence Propositions": []}, {"Section": "OBJECTIVE", "Text": "This study aimed to clarify the characteristics of patients with refractory COVID-19 .", "Evidence Elements": {"Participant": [{"term": "refractory COVID-19", "negation": "affirmed", "UMLS": "", "start": 65, "end": 84}], "Intervention": [], "Outcome": []}, "Evidence Propositions": []}, {"Section": "METHODS", "Text": "In this retrospective single-center study , we included 155 consecutive patients with confirmed COVID-19 in Zhongnan Hospital of Wuhan University from January 1st to February 5th .", "Evidence Elements": {"Participant": [{"term": "confirmed COVID-19", "negation": "affirmed", "UMLS": "", "start": 86, "end": 104}], "Intervention": [], "Outcome": []}, "Evidence Propositions": []}, {"Section": "METHODS", "Text": "The cases were divided into general and refractory COVID-19 groups according to the clinical efficacy after hospitalization , and the difference between groups were compared .", "Evidence Elements": {"Participant": [], "Intervention": [], "Outcome": [{"term": "clinical efficacy after hospitalization", "negation": "affirmed", "UMLS": "", "start": 84, "end": 123}]}, "Evidence Propositions": []}, {"Section": "RESULTS", "Text": "Compared with general COVID-19 patients ( 45.2 % ) , refractory patients had an older age , male sex , more underlying comorbidities , lower incidence of fever , higher levels of maximum temperature among fever cases , higher incidence of breath shortness and anorexia , severer disease assessment on admission , high levels of neutrophil , aspartate aminotransferase ( AST ) , lactate dehydrogenase ( LDH ) and C-reactive protein , lower levels of platelets and albumin , and higher incidence of bilateral pneumonia and ple", "Evidence Elements": {"Participant": [{"term": "general COVID-19", "negation": "affirmed", "UMLS": "", "start": 14, "end": 30}, {"term": "refractory", "negation": "affirmed", "UMLS": "", "start": 53, "end": 63}], "Intervention": [], "Outcome": [{"term": "incidence of fever", "negation": "affirmed", "UMLS": "", "start": 141, "end": 159}, {"term": "levels of maximum temperature among fever cases", "negation": "affirmed", "UMLS": "", "start": 169, "end": 216}, {"term": "incidence of breath shortness and anorexia", "negation": "affirmed", "UMLS": "", "start": 226, "end": 268}, {"term": "severer disease assessment on admission", "negation": "affirmed", "UMLS": "", "start": 271, "end": 310}, {"term": "levels of neutrophil , aspartate aminotransferase ( AST )", "negation": "affirmed", "UMLS": "", "start": 318, "end": 375}, {"term": "lactate dehydrogenase ( LDH )", "negation": "affirmed", "UMLS": "", "start": 378, "end": 407}, {"term": "C-reactive", "negation": "affirmed", "UMLS": "", "start": 412, "end": 422}]}, "Evidence Propositions": []}, {"Section": "RESULTS", "Text": "Refractory COVID-19 patients were more likely to receive oxygen , mechanical ventilation , expectorant , and adjunctive treatment including corticosteroid , antiviral drugs and immune enhancer ( P < 0.05 ) .", "Evidence Elements": {"Participant": [{"term": "Refractory COVID-19", "negation": "affirmed", "UMLS": "", "start": 0, "end": 19}], "Intervention": [{"term": "oxygen", "negation": "affirmed", "UMLS": "", "start": 57, "end": 63}, {"term": "mechanical ventilation", "negation": "affirmed", "UMLS": "", "start": 66, "end": 88}, {"term": "expectorant", "negation": "affirmed", "UMLS": "", "start": 91, "end": 102}, {"term": "adjunctive treatment", "negation": "affirmed", "UMLS": "", "start": 109, "end": 129}, {"term": "corticosteroid", "negation": "affirmed", "UMLS": "", "start": 140, "end": 154}, {"term": "antiviral drugs", "negation": "affirmed", "UMLS": "", "start": 157, "end": 172}], "Outcome": []}, "Evidence Propositions": [{"Intervention": ["oxygen", "mechanical ventilation", "expectorant", "adjunctive treatment", "corticosteroid", "antiviral drugs"], "Observation": "more likely", "Outcome": "", "Count": ""}]}, {"Section": "RESULTS", "Text": "After adjustment , those with refractory COVID-19 were also more likely to have a male sex and manifestations of anorexia and fever on admission , and receive oxygen , expectorant and adjunctive agents ( P < 0.05 ) when considering the factors of disease severity on admission , mechanical ventilation , and ICU transfer .", "Evidence Elements": {"Participant": [{"term": "refractory COVID-19", "negation": "affirmed", "UMLS": "", "start": 30, "end": 49}, {"term": "male sex", "negation": "affirmed", "UMLS": "", "start": 82, "end": 90}, {"term": "fever", "negation": "affirmed", "UMLS": "", "start": 126, "end": 131}, {"term": "disease severity", "negation": "affirmed", "UMLS": "", "start": 247, "end": 263}], "Intervention": [{"term": "oxygen", "negation": "affirmed", "UMLS": "", "start": 159, "end": 165}, {"term": "expectorant", "negation": "affirmed", "UMLS": "", "start": 168, "end": 179}, {"term": "adjunctive agents", "negation": "affirmed", "UMLS": "", "start": 184, "end": 201}], "Outcome": [{"term": "manifestations of anorexia", "negation": "affirmed", "UMLS": "", "start": 95, "end": 121}, {"term": "admission", "negation": "affirmed", "UMLS": "", "start": 135, "end": 144}]}, "Evidence Propositions": [{"Intervention": ["oxygen", "expectorant", "adjunctive agents"], "Observation": "more likely", "Outcome": "manifestations of anorexia", "Count": ""}, {"Intervention": ["oxygen", "expectorant", "adjunctive agents"], "Observation": "more likely", "Outcome": "admission", "Count": ""}]}, {"Section": "CONCLUSIONS", "Text": "Nearly 50 % COVID-19 patients could not reach obvious clinical and radiological remission within 10 days after hospitalization .", "Evidence Elements": {"Participant": [{"term": "COVID-19", "negation": "affirmed", "UMLS": "", "start": 12, "end": 20}], "Intervention": [], "Outcome": [{"term": "obvious clinical and radiological remission", "negation": "negated", "UMLS": "", "start": 46, "end": 89}]}, "Evidence Propositions": []}, {"Section": "CONCLUSIONS", "Text": "The patients with male sex , anorexia and no fever on admission predicted poor efficacy .", "Evidence Elements": {"Participant": [{"term": "male sex", "negation": "affirmed", "UMLS": "", "start": 18, "end": 26}, {"term": "anorexia", "negation": "affirmed", "UMLS": "", "start": 29, "end": 37}, {"term": "fever", "negation": "negated", "UMLS": "", "start": 45, "end": 50}], "Intervention": [], "Outcome": []}, "Evidence Propositions": []}]}