{"doc_id": "32173576", "type of study": "Therapy", "title": "", "abstract": "An asymptomatic 2019-coronavirus disease patient with normal radiography throughout appeared in this study.\nLopinavir has a positive effect on 2019-coronavirus disease patients.\nEosinophil counts presented potentiality as a predictor on the progression of 2019-coronavirus disease.\nTo explore the epidemiological information, clinical characteristics, therapeutic outcomes and temporal progression of laboratory findings in 2019-coronavirus disease (COVID-19) patients exposed to lopinavir.\nWe collected data from ten COVID-19 patients admitted between January 22, 2020 and February 11, 2020 at Xixi hospital in Hangzhou, China.\nOf ten patients, secondary, tertiary and quartus patients emerged; the incubation period was 3-7 days.\nMainly initial symptoms were cough and low fever (37.3-38.0  C).\nAn asymptomatic case presented normal radiography, the others had ground glass opacities.\nAll cases (three transferred, seven discharged) were exposed to lopinavir on initial hospitalization.\nThree patients stopped lopinavir because of adverse effects, two of them deteriorated, one was hospitalized longer than others who with sustained lopinavir use.\nLevels of potassium, albumin, and lymphocytes were low, but increased persistently after treatment.\nEosinophil values were low on initial hospitalization, then all returned to normal before discharge.\nViral load of SARS-CoV-2, radiography and eosinophil improved continuously in 3-14, 6-8 and 7-9 days, respectively.\nIncreasing eosinophils may be an indicator of COVID-19 improvement.\nThe COVID-19 patients may benefit from sustained lopinavir use.\nMore research on a larger scale is needed to verify these points.\n", "Evidence Map": {"Enrollment": [{"term": "asymptomatic 2019-coronavirus disease", "negation": "affirmed", "UMLS": "", "start": 3, "end": 40}, {"term": "2019-coronavirus disease ( COVID-19 )", "negation": "affirmed", "UMLS": "", "start": 144, "end": 181}, {"term": "COVID-19", "negation": "affirmed", "UMLS": "", "start": 27, "end": 35}, {"term": "cough", "negation": "affirmed", "UMLS": "", "start": 29, "end": 34}, {"term": "low fever", "negation": "affirmed", "UMLS": "", "start": 39, "end": 48}, {"term": "ground glass", "negation": "affirmed", "UMLS": "", "start": 67, "end": 79}, {"term": "COVID-19", "negation": "affirmed", "UMLS": "", "start": 4, "end": 12}], "Comparison Results": [], "Study Arm 1 Results": [], "Study Arm 2 Results": []}, "Sentence-level breakdown": [{"Section": "TITLE", "Text": "An asymptomatic 2019-coronavirus disease patient with normal radiography throughout appeared in this study .", "Evidence Elements": {"Participant": [{"term": "asymptomatic 2019-coronavirus disease", "negation": "affirmed", "UMLS": "", "start": 3, "end": 40}], "Intervention": [], "Outcome": []}, "Evidence Propositions": []}, {"Section": "BACKGROUND", "Text": "Lopinavir has a positive effect on 2019-coronavirus disease patients .", "Evidence Elements": {"Participant": [], "Intervention": [{"term": "Lopinavir", "negation": "affirmed", "UMLS": "", "start": 0, "end": 9}], "Outcome": [{"term": "2019-coronavirus disease", "negation": "affirmed", "UMLS": "", "start": 35, "end": 59}]}, "Evidence Propositions": [{"Intervention": "Lopinavir", "Observation": "positive effect", "Outcome": "2019-coronavirus disease", "Count": ""}]}, {"Section": "BACKGROUND", "Text": "Eosinophil counts presented potentiality as a predictor on the progression of 2019-coronavirus disease .", "Evidence Elements": {"Participant": [], "Intervention": [], "Outcome": [{"term": "Eosinophil counts", "negation": "affirmed", "UMLS": "", "start": 0, "end": 17}, {"term": "progression of 2019-coronavirus disease", "negation": "affirmed", "UMLS": "", "start": 63, "end": 102}]}, "Evidence Propositions": []}, {"Section": "OBJECTIVE", "Text": "To explore the epidemiological information , clinical characteristics , therapeutic outcomes and temporal progression of laboratory findings in 2019-coronavirus disease ( COVID-19 ) patients exposed to lopinavir .", "Evidence Elements": {"Participant": [{"term": "2019-coronavirus disease ( COVID-19 )", "negation": "affirmed", "UMLS": "", "start": 144, "end": 181}], "Intervention": [], "Outcome": [{"term": "clinical characteristics", "negation": "affirmed", "UMLS": "", "start": 45, "end": 69}, {"term": "therapeutic outcomes", "negation": "affirmed", "UMLS": "", "start": 72, "end": 92}, {"term": "temporal progression of laboratory findings", "negation": "affirmed", "UMLS": "", "start": 97, "end": 140}]}, "Evidence Propositions": []}, {"Section": "METHODS", "Text": "We collected data from ten COVID-19 patients admitted between January 22 , 2020 and February 11 , 2020 at Xixi hospital in Hangzhou , China .", "Evidence Elements": {"Participant": [{"term": "COVID-19", "negation": "affirmed", "UMLS": "", "start": 27, "end": 35}], "Intervention": [], "Outcome": []}, "Evidence Propositions": []}, {"Section": "RESULTS", "Text": "Of ten patients , secondary , tertiary and quartus patients emerged ; the incubation period was 3-7 days .", "Evidence Elements": {"Participant": [], "Intervention": [], "Outcome": [{"term": "secondary , tertiary and quartus patients", "negation": "affirmed", "UMLS": "", "start": 18, "end": 59}]}, "Evidence Propositions": []}, {"Section": "RESULTS", "Text": "Mainly initial symptoms were cough and low fever ( 37.3-38.0 C ) .", "Evidence Elements": {"Participant": [{"term": "cough", "negation": "affirmed", "UMLS": "", "start": 29, "end": 34}, {"term": "low fever", "negation": "affirmed", "UMLS": "", "start": 39, "end": 48}], "Intervention": [], "Outcome": []}, "Evidence Propositions": []}, {"Section": "RESULTS", "Text": "An asymptomatic case presented normal radiography , the others had ground glass opacities .", "Evidence Elements": {"Participant": [{"term": "ground glass", "negation": "affirmed", "UMLS": "", "start": 67, "end": 79}], "Intervention": [], "Outcome": []}, "Evidence Propositions": []}, {"Section": "RESULTS", "Text": "All cases ( three transferred , seven discharged ) were exposed to lopinavir on initial hospitalization .", "Evidence Elements": {"Participant": [], "Intervention": [], "Outcome": []}, "Evidence Propositions": []}, {"Section": "RESULTS", "Text": "Three patients stopped lopinavir because of adverse effects , two of them deteriorated , one was hospitalized longer than others who with sustained lopinavir use .", "Evidence Elements": {"Participant": [], "Intervention": [], "Outcome": [{"term": "adverse effects", "negation": "affirmed", "UMLS": "", "start": 44, "end": 59}, {"term": "deteriorated", "negation": "affirmed", "UMLS": "", "start": 74, "end": 86}, {"term": "hospitalized", "negation": "affirmed", "UMLS": "", "start": 97, "end": 109}]}, "Evidence Propositions": [{"Intervention": [], "Observation": "longer", "Outcome": "", "Count": ""}]}, {"Section": "RESULTS", "Text": "Levels of potassium , albumin , and lymphocytes were low , but increased persistently after treatment .", "Evidence Elements": {"Participant": [], "Intervention": [], "Outcome": [{"term": "Levels of potassium , albumin , and lymphocytes", "negation": "affirmed", "UMLS": "", "start": 0, "end": 47}]}, "Evidence Propositions": []}, {"Section": "RESULTS", "Text": "Eosinophil values were low on initial hospitalization , then all returned to normal before discharge .", "Evidence Elements": {"Participant": [], "Intervention": [], "Outcome": [{"term": "Eosinophil values", "negation": "affirmed", "UMLS": "", "start": 0, "end": 17}]}, "Evidence Propositions": []}, {"Section": "RESULTS", "Text": "Viral load of SARS-CoV-2 , radiography and eosinophil improved continuously in 3-14 , 6-8 and 7-9 days , respectively .", "Evidence Elements": {"Participant": [], "Intervention": [], "Outcome": [{"term": "Viral load of SARS-CoV-2", "negation": "affirmed", "UMLS": "", "start": 0, "end": 24}, {"term": "radiography", "negation": "affirmed", "UMLS": "", "start": 27, "end": 38}, {"term": "eosinophil", "negation": "affirmed", "UMLS": "", "start": 43, "end": 53}]}, "Evidence Propositions": []}, {"Section": "CONCLUSIONS", "Text": "Increasing eosinophils may be an indicator of COVID-19 improvement .", "Evidence Elements": {"Participant": [], "Intervention": [], "Outcome": [{"term": "Increasing eosinophils", "negation": "affirmed", "UMLS": "", "start": 0, "end": 22}, {"term": "COVID-19 improvement", "negation": "affirmed", "UMLS": "", "start": 46, "end": 66}]}, "Evidence Propositions": []}, {"Section": "CONCLUSIONS", "Text": "The COVID-19 patients may benefit from sustained lopinavir use .", "Evidence Elements": {"Participant": [{"term": "COVID-19", "negation": "affirmed", "UMLS": "", "start": 4, "end": 12}], "Intervention": [{"term": "sustained lopinavir use", "negation": "affirmed", "UMLS": "", "start": 39, "end": 62}], "Outcome": []}, "Evidence Propositions": []}, {"Section": "CONCLUSIONS", "Text": "More research on a larger scale is needed to verify these points .", "Evidence Elements": {"Participant": [], "Intervention": [], "Outcome": []}, "Evidence Propositions": []}]}