{"doc_id": "32186172", "type of study": "Therapy", "title": "", "abstract": "Severe and critical coronavirus pneumonia 2019 (COVID-19) often occurs in elder patients with multiple comorbidities, and severe hypoxemia events constitute a key factor for the deterioration of some cases.\nThe critical type of COVID-19 could progress into acute respiratory distress syndrome and multi-organ dysfunction, which are the major causes of death.\nEarly non-invasive ventilation (NIV) treatment of possible pathophysiological abnormalities is helpful to improve prognosis.\nClose monitoring of oxygenation, reducing patients' oxygen consumption, active psychological intervention, and rapid handling of severe hypoxemia events are the key factors for successful NIV treatment.\nIn addition, active adjuvant therapies such as correcting coagulation dysfunction, providing proper nutritional support, accurate volume control, and safe individualized blood glucose monitoring are of great significance.\n", "Evidence Map": {"Enrollment": [], "Comparison Results": [], "Study Arm 1 Results": [], "Study Arm 2 Results": []}, "Sentence-level breakdown": [{"Section": "TITLE", "Text": "Severe and critical coronavirus pneumonia 2019 ( COVID-19 ) often occurs in elder patients with multiple comorbidities , and severe hypoxemia events constitute a key factor for the deterioration of some cases .", "Evidence Elements": {"Participant": [], "Intervention": [], "Outcome": []}, "Evidence Propositions": []}, {"Section": "RESULTS", "Text": "The critical type of COVID-19 could progress into acute respiratory distress syndrome and multi-organ dysfunction , which are the major causes of death .", "Evidence Elements": {"Participant": [], "Intervention": [], "Outcome": []}, "Evidence Propositions": []}, {"Section": "RESULTS", "Text": "Early non-invasive ventilation ( NIV ) treatment of possible pathophysiological abnormalities is helpful to improve prognosis .", "Evidence Elements": {"Participant": [], "Intervention": [], "Outcome": []}, "Evidence Propositions": []}, {"Section": "RESULTS", "Text": "Close monitoring of oxygenation , reducing patients ' oxygen consumption , active psychological intervention , and rapid handling of severe hypoxemia events are the key factors for successful NIV treatment .", "Evidence Elements": {"Participant": [], "Intervention": [], "Outcome": []}, "Evidence Propositions": []}, {"Section": "CONCLUSIONS", "Text": "In addition , active adjuvant therapies such as correcting coagulation dysfunction , providing proper nutritional support , accurate volume control , and safe individualized blood glucose monitoring are of great significance .", "Evidence Elements": {"Participant": [], "Intervention": [], "Outcome": []}, "Evidence Propositions": []}]}