{"doc_id": "32186894", "type of study": "Therapy", "title": "", "abstract": "OBJECTIVE.\nThe purpose of this study was to describe the clinical manifestations and CT features of coronavirus disease (COVID-19) pneumonia in 15 pregnant women and to provide some initial evidence that can be used for guiding treatment of pregnant women with COVID-19 pneumonia.\nMATERIALS AND .\nWe reviewed the clinical data and CT examinations of 15 consecutive pregnant women with COVID-19 pneumonia in our hospital from January 20, 2020, to February 10, 2020.\nA semiquantitative CT scoring system was used to estimate pulmonary involvement and the time course of changes on chest CT.\nSymptoms and laboratory results were analyzed, treatment experiences were summarized, and clinical outcomes were tracked.\n.\nEleven patients had successful delivery (10 cesarean deliveries and one vaginal delivery) during the study period, and four patients were still pregnant (three in the second trimester and one in the third trimester) at the end of the study period.\nNo cases of neonatal asphyxia, neonatal death, stillbirth, or abortion were reported.\nThe most common early finding on chest CT was ground-glass opacity (GGO).\nWith disease progression, crazy paving pattern and consolidations were seen on CT.\nThe abnormalities showed absorptive changes at the end of the study period for all patients.\nThe most common onset symptoms of COVID-19 pneumonia in pregnant women were fever (13/15 patients) and cough (9/15 patients).\nThe most common abnormal laboratory finding was lymphocytopenia (12/15 patients).\nCT images obtained before and after delivery showed no signs of pneumonia aggravation after delivery.\nThe four patients who were still pregnant at the end of the study period were not treated with antiviral drugs but had achieved good recovery.\nCONCLUSION.\nPregnancy and childbirth did not aggravate the course of symptoms or CT features of COVID-19 pneumonia.\nAll the cases of COVID-19 pneumonia in the pregnant women in our study were the mild type.\nAll the women in this study-some of whom did not receive antiviral drugs-achieved good recovery from COVID-19 pneumonia.\n", "Evidence Map": {"Enrollment": [{"term": "coronavirus disease ( COVID-19 ) pneumonia", "negation": "affirmed", "UMLS": "", "start": 89, "end": 131}, {"term": "pregnant women", "negation": "affirmed", "UMLS": "", "start": 138, "end": 152}, {"term": "pregnant women", "negation": "affirmed", "UMLS": "", "start": 138, "end": 152}, {"term": "pregnant women", "negation": "affirmed", "UMLS": "", "start": 68, "end": 82}, {"term": "COVID-19 pneumonia", "negation": "affirmed", "UMLS": "", "start": 88, "end": 106}, {"term": "COVID-19 pneumonia", "negation": "affirmed", "UMLS": "", "start": 34, "end": 52}, {"term": "pregnant women", "negation": "affirmed", "UMLS": "", "start": 56, "end": 70}, {"term": "pregnant", "negation": "affirmed", "UMLS": "", "start": 33, "end": 41}, {"term": "COVID-19 pneumonia", "negation": "negated", "UMLS": "", "start": 84, "end": 102}, {"term": "pregnant women", "negation": "affirmed", "UMLS": "", "start": 43, "end": 57}, {"term": "mild", "negation": "affirmed", "UMLS": "", "start": 80, "end": 84}, {"term": "women", "negation": "affirmed", "UMLS": "", "start": 8, "end": 13}, {"term": "antiviral drugs", "negation": "negated", "UMLS": "", "start": 59, "end": 74}], "Comparison Results": [], "Study Arm 1 Results": [], "Study Arm 2 Results": []}, "Sentence-level breakdown": [{"Section": "TITLE", "Text": "OBJECTIVE .", "Evidence Elements": {"Participant": [], "Intervention": [], "Outcome": []}, "Evidence Propositions": []}, {"Section": "OBJECTIVE", "Text": "The purpose of this study was to describe the clinical manifestations and CT features of coronavirus disease ( COVID-19 ) pneumonia in 15 pregnant women and to provide some initial evidence that can be used for guiding treatment of pregnant women with COVID-19 pneumonia .", "Evidence Elements": {"Participant": [{"term": "coronavirus disease ( COVID-19 ) pneumonia", "negation": "affirmed", "UMLS": "", "start": 89, "end": 131}, {"term": "pregnant women", "negation": "affirmed", "UMLS": "", "start": 138, "end": 152}, {"term": "pregnant women", "negation": "affirmed", "UMLS": "", "start": 138, "end": 152}], "Intervention": [], "Outcome": [{"term": "clinical manifestations", "negation": "affirmed", "UMLS": "", "start": 46, "end": 69}, {"term": "CT features", "negation": "affirmed", "UMLS": "", "start": 74, "end": 85}]}, "Evidence Propositions": []}, {"Section": "OBJECTIVE", "Text": "MATERIALS AND .", "Evidence Elements": {"Participant": [], "Intervention": [], "Outcome": []}, "Evidence Propositions": []}, {"Section": "METHODS", "Text": "We reviewed the clinical data and CT examinations of 15 consecutive pregnant women with COVID-19 pneumonia in our hospital from January 20 , 2020 , to February 10 , 2020 .", "Evidence Elements": {"Participant": [{"term": "pregnant women", "negation": "affirmed", "UMLS": "", "start": 68, "end": 82}, {"term": "COVID-19 pneumonia", "negation": "affirmed", "UMLS": "", "start": 88, "end": 106}], "Intervention": [], "Outcome": [{"term": "CT", "negation": "affirmed", "UMLS": "", "start": 34, "end": 36}]}, "Evidence Propositions": []}, {"Section": "METHODS", "Text": "A semiquantitative CT scoring system was used to estimate pulmonary involvement and the time course of changes on chest CT .", "Evidence Elements": {"Participant": [], "Intervention": [], "Outcome": [{"term": "pulmonary involvement", "negation": "affirmed", "UMLS": "", "start": 58, "end": 79}, {"term": "time course of changes", "negation": "affirmed", "UMLS": "", "start": 88, "end": 110}]}, "Evidence Propositions": []}, {"Section": "METHODS", "Text": "Symptoms and laboratory results were analyzed , treatment experiences were summarized , and clinical outcomes were tracked .", "Evidence Elements": {"Participant": [], "Intervention": [], "Outcome": [{"term": "Symptoms", "negation": "affirmed", "UMLS": "", "start": 0, "end": 8}, {"term": "results", "negation": "affirmed", "UMLS": "", "start": 24, "end": 31}, {"term": "treatment experiences", "negation": "affirmed", "UMLS": "", "start": 48, "end": 69}, {"term": "clinical outcomes", "negation": "affirmed", "UMLS": "", "start": 92, "end": 109}]}, "Evidence Propositions": []}, {"Section": "RESULTS", "Text": ".", "Evidence Elements": {"Participant": [], "Intervention": [], "Outcome": []}, "Evidence Propositions": []}, {"Section": "RESULTS", "Text": "Eleven patients had successful delivery ( 10 cesarean deliveries and one vaginal delivery ) during the study period , and four patients were still pregnant ( three in the second trimester and one in the third trimester ) at the end of the study period .", "Evidence Elements": {"Participant": [], "Intervention": [], "Outcome": [{"term": "successful delivery", "negation": "affirmed", "UMLS": "", "start": 20, "end": 39}, {"term": "cesarean deliveries", "negation": "affirmed", "UMLS": "", "start": 45, "end": 64}, {"term": "vaginal delivery", "negation": "affirmed", "UMLS": "", "start": 73, "end": 89}, {"term": "pregnant", "negation": "affirmed", "UMLS": "", "start": 147, "end": 155}]}, "Evidence Propositions": []}, {"Section": "RESULTS", "Text": "No cases of neonatal asphyxia , neonatal death , stillbirth , or abortion were reported .", "Evidence Elements": {"Participant": [], "Intervention": [], "Outcome": [{"term": "neonatal asphyxia", "negation": "negated", "UMLS": "", "start": 12, "end": 29}, {"term": "neonatal death", "negation": "negated", "UMLS": "", "start": 32, "end": 46}, {"term": "stillbirth", "negation": "negated", "UMLS": "", "start": 49, "end": 59}]}, "Evidence Propositions": []}, {"Section": "RESULTS", "Text": "The most common early finding on chest CT was ground-glass opacity ( GGO ) .", "Evidence Elements": {"Participant": [], "Intervention": [], "Outcome": [{"term": "ground-glass opacity (", "negation": "affirmed", "UMLS": "", "start": 46, "end": 68}]}, "Evidence Propositions": [{"Intervention": [], "Observation": "most common", "Outcome": "ground-glass opacity (", "Count": ""}]}, {"Section": "RESULTS", "Text": "With disease progression , crazy paving pattern and consolidations were seen on CT .", "Evidence Elements": {"Participant": [], "Intervention": [], "Outcome": [{"term": "disease progression", "negation": "affirmed", "UMLS": "", "start": 5, "end": 24}, {"term": "crazy paving pattern", "negation": "affirmed", "UMLS": "", "start": 27, "end": 47}, {"term": "consolidations", "negation": "affirmed", "UMLS": "", "start": 52, "end": 66}]}, "Evidence Propositions": []}, {"Section": "RESULTS", "Text": "The abnormalities showed absorptive changes at the end of the study period for all patients .", "Evidence Elements": {"Participant": [], "Intervention": [], "Outcome": [{"term": "absorptive changes", "negation": "affirmed", "UMLS": "", "start": 25, "end": 43}]}, "Evidence Propositions": []}, {"Section": "RESULTS", "Text": "The most common onset symptoms of COVID-19 pneumonia in pregnant women were fever ( 13 / 15 patients ) and cough ( 9 / 15 patients ) .", "Evidence Elements": {"Participant": [{"term": "COVID-19 pneumonia", "negation": "affirmed", "UMLS": "", "start": 34, "end": 52}, {"term": "pregnant women", "negation": "affirmed", "UMLS": "", "start": 56, "end": 70}], "Intervention": [], "Outcome": [{"term": "fever", "negation": "affirmed", "UMLS": "", "start": 76, "end": 81}, {"term": "cough", "negation": "affirmed", "UMLS": "", "start": 107, "end": 112}]}, "Evidence Propositions": [{"Intervention": [], "Observation": "most common", "Outcome": "fever", "Count": ""}]}, {"Section": "RESULTS", "Text": "The most common abnormal laboratory finding was lymphocytopenia ( 12 / 15 patients ) .", "Evidence Elements": {"Participant": [], "Intervention": [], "Outcome": [{"term": "lymphocytopenia", "negation": "affirmed", "UMLS": "", "start": 48, "end": 63}]}, "Evidence Propositions": [{"Intervention": [], "Observation": "most common", "Outcome": "lymphocytopenia", "Count": ""}]}, {"Section": "RESULTS", "Text": "CT images obtained before and after delivery showed no signs of pneumonia aggravation after delivery .", "Evidence Elements": {"Participant": [], "Intervention": [], "Outcome": [{"term": "signs of pneumonia aggravation", "negation": "affirmed", "UMLS": "", "start": 55, "end": 85}]}, "Evidence Propositions": []}, {"Section": "RESULTS", "Text": "The four patients who were still pregnant at the end of the study period were not treated with antiviral drugs but had achieved good recovery .", "Evidence Elements": {"Participant": [{"term": "pregnant", "negation": "affirmed", "UMLS": "", "start": 33, "end": 41}], "Intervention": [{"term": "antiviral drugs", "negation": "negated", "UMLS": "", "start": 95, "end": 110}], "Outcome": [{"term": "recovery", "negation": "affirmed", "UMLS": "", "start": 133, "end": 141}]}, "Evidence Propositions": []}, {"Section": "RESULTS", "Text": "CONCLUSION .", "Evidence Elements": {"Participant": [], "Intervention": [], "Outcome": []}, "Evidence Propositions": []}, {"Section": "RESULTS", "Text": "Pregnancy and childbirth did not aggravate the course of symptoms or CT features of COVID-19 pneumonia .", "Evidence Elements": {"Participant": [{"term": "COVID-19 pneumonia", "negation": "negated", "UMLS": "", "start": 84, "end": 102}], "Intervention": [{"term": "Pregnancy", "negation": "affirmed", "UMLS": "", "start": 0, "end": 9}, {"term": "childbirth", "negation": "affirmed", "UMLS": "", "start": 14, "end": 24}], "Outcome": [{"term": "course of symptoms", "negation": "negated", "UMLS": "", "start": 47, "end": 65}, {"term": "CT features", "negation": "negated", "UMLS": "", "start": 69, "end": 80}]}, "Evidence Propositions": [{"Intervention": "Pregnancy", "Observation": "aggravate", "Outcome": "course of symptoms", "Count": ""}, {"Intervention": "Pregnancy", "Observation": "aggravate", "Outcome": "CT features", "Count": ""}, {"Intervention": "childbirth", "Observation": "aggravate", "Outcome": "course of symptoms", "Count": ""}, {"Intervention": "childbirth", "Observation": "aggravate", "Outcome": "CT features", "Count": ""}]}, {"Section": "RESULTS", "Text": "All the cases of COVID-19 pneumonia in the pregnant women in our study were the mild type .", "Evidence Elements": {"Participant": [{"term": "pregnant women", "negation": "affirmed", "UMLS": "", "start": 43, "end": 57}, {"term": "mild", "negation": "affirmed", "UMLS": "", "start": 80, "end": 84}], "Intervention": [], "Outcome": [{"term": "COVID-19 pneumonia", "negation": "affirmed", "UMLS": "", "start": 17, "end": 35}]}, "Evidence Propositions": []}, {"Section": "CONCLUSIONS", "Text": "All the women in this study - some of whom did not receive antiviral drugs - achieved good recovery from COVID-19 pneumonia .", "Evidence Elements": {"Participant": [{"term": "women", "negation": "affirmed", "UMLS": "", "start": 8, "end": 13}, {"term": "antiviral drugs", "negation": "negated", "UMLS": "", "start": 59, "end": 74}], "Intervention": [], "Outcome": [{"term": "good", "negation": "negated", "UMLS": "", "start": 86, "end": 90}]}, "Evidence Propositions": []}]}