{"doc_id": "32194944", "type of study": "Therapy", "title": "", "abstract": "We prepared the three-dimensional model of the SARS-CoV-2 (aka 2019-nCoV) 3C-like protease (3CL pro) using the crystal structure of the highly similar (96% identity) ortholog from the SARS-CoV. All residues involved in the catalysis, substrate binding and dimerisation are 100% conserved.\nComparison of the polyprotein PP1AB sequences showed 86% identity.\nThe 3C-like cleavage sites on the coronaviral polyproteins are highly conserved.\nBased on the near-identical substrate specificities and high sequence identities, we are of the opinion that some of the previous progress of specific inhibitors development for the SARS-CoV enzyme can be conferred on its SARS-CoV-2 counterpart.\nWith the 3CL pro molecular model, we performed virtual screening for purchasable drugs and proposed 16 candidates for consideration.\nAmong these, the antivirals ledipasvir or velpatasvir are particularly attractive as therapeutics to combat the new coronavirus with minimal side effects, commonly fatigue and headache.\nThe drugs Epclusa (velpatasvir/sofosbuvir) and Harvoni (ledipasvir/sofosbuvir) could be very effective owing to their dual inhibitory actions on two viral enzymes.\n", "Evidence Map": {"Enrollment": [], "Comparison Results": [], "Study Arm 1 Results": [], "Study Arm 2 Results": []}, "Sentence-level breakdown": [{"Section": "TITLE", "Text": "We prepared the three-dimensional model of the SARS-CoV-2 ( aka 2019-nCoV ) 3C-like protease ( 3CL pro ) using the crystal structure of the highly similar ( 96 % identity ) ortholog from the SARS-CoV . All residues involved in the catalysis , substrate binding and dimerisation are 100 % conserved .", "Evidence Elements": {"Participant": [], "Intervention": [{"term": "SARS-CoV-2 ( aka 2019-nCoV ) 3C-like protease (", "negation": "affirmed", "UMLS": "", "start": 47, "end": 94}, {"term": "pro )", "negation": "affirmed", "UMLS": "", "start": 99, "end": 104}], "Outcome": []}, "Evidence Propositions": []}, {"Section": "RESULTS", "Text": "Comparis", "Evidence Elements": {"Participant": [], "Intervention": [], "Outcome": []}, "Evidence Propositions": []}, {"Section": "RESULTS", "Text": "The 3C-like cleavage sites on the coronaviral polyproteins are highly conserved .", "Evidence Elements": {"Participant": [], "Intervention": [], "Outcome": []}, "Evidence Propositions": []}, {"Section": "RESULTS", "Text": "Based on the near-identical substrate specificities and high sequence identities , we are of the opinion that some of the previous progress of specific inhibitors development for the SARS-CoV enzyme can be conferred on its SARS-CoV-2 counterpart .", "Evidence Elements": {"Participant": [], "Intervention": [], "Outcome": []}, "Evidence Propositions": []}, {"Section": "RESULTS", "Text": "With the 3CL pro molecular model , we performed virtual screening for purchasable drugs and proposed 16 candidates for consideration .", "Evidence Elements": {"Participant": [], "Intervention": [], "Outcome": []}, "Evidence Propositions": []}, {"Section": "RESULTS", "Text": "Among these , the antivirals ledipasvir or velpatasvir are particularly attractive as therapeutics to combat the new coronavirus with minimal side effects , commonly fatigue and headache .", "Evidence Elements": {"Participant": [], "Intervention": [], "Outcome": []}, "Evidence Propositions": []}, {"Section": "CONCLUSIONS", "Text": "The drugs Epclusa ( velpatasvir / sofosbuvir ) and Harvoni ( ledipasvir / sofosbuvir ) could be very effective owing to their dual inhibitory actions on two viral enzymes .", "Evidence Elements": {"Participant": [], "Intervention": [], "Outcome": []}, "Evidence Propositions": []}]}