{"doc_id": "32198163", "type of study": "Therapy", "title": "", "abstract": "Patients with COVID-19 infection are at risk of acute respiratory disease syndrome (ARDS) and death.\nThe tissue receptor for COVID-19 is ACE2, and higher levels of ACE2 can protect against ARDS.\nAngiotensin receptor blockers and statins upregulate ACE2.\nClinical trials are needed to determine whether this drug combination might be used to treat patients with severe COVID-19 infection.\nPatients with COVID-19 infection are at risk of acute respiratory disease syndrome (ARDS) and death.\nThe tissue receptor for COVID-19 is ACE2, and higher levels of ACE2 can protect against ARDS.\nAngiotensin receptor blockers and statins upregulate ACE2.\nClinical trials are needed to determine whether this drug combination might be used to treat patients with severe COVID-19 infection.\n", "Evidence Map": {"Enrollment": [], "Comparison Results": [], "Study Arm 1 Results": [], "Study Arm 2 Results": []}, "Sentence-level breakdown": [{"Section": "TITLE", "Text": "Patients with COVID-19 infection are at risk of acute respiratory disease syndrome ( ARDS ) and death .", "Evidence Elements": {"Participant": [], "Intervention": [], "Outcome": []}, "Evidence Propositions": []}, {"Section": "CONCLUSIONS", "Text": "The tissue receptor for COVID-19 is ACE2 , and higher levels of ACE2 can protect against ARDS .", "Evidence Elements": {"Participant": [], "Intervention": [], "Outcome": []}, "Evidence Propositions": []}, {"Section": "CONCLUSIONS", "Text": "Angiotensin receptor blockers and statins upregulate ACE2 .", "Evidence Elements": {"Participant": [], "Intervention": [{"term": "Angiotensin receptor blockers", "negation": "affirmed", "UMLS": "", "start": 0, "end": 29}, {"term": "statins", "negation": "affirmed", "UMLS": "", "start": 34, "end": 41}], "Outcome": [{"term": "ACE2", "negation": "affirmed", "UMLS": "", "start": 53, "end": 57}]}, "Evidence Propositions": []}, {"Section": "CONCLUSIONS", "Text": "Clinical trials are needed to determine whether this drug combination might be used to treat patients with severe COVID-19 infection .", "Evidence Elements": {"Participant": [], "Intervention": [], "Outcome": []}, "Evidence Propositions": []}, {"Section": "CONCLUSIONS", "Text": "Patients with COVID-19 infection are at risk of acute respiratory disease syndrome ( ARDS ) and death .", "Evidence Elements": {"Participant": [], "Intervention": [], "Outcome": []}, "Evidence Propositions": []}, {"Section": "CONCLUSIONS", "Text": "The tissue receptor for COVID-19 is ACE2 , and higher levels of ACE2 can protect against ARDS .", "Evidence Elements": {"Participant": [], "Intervention": [], "Outcome": []}, "Evidence Propositions": []}, {"Section": "CONCLUSIONS", "Text": "Angiotensin receptor blockers and statins upregulate ACE2 .", "Evidence Elements": {"Participant": [], "Intervention": [{"term": "Angiotensin receptor blockers", "negation": "affirmed", "UMLS": "", "start": 0, "end": 29}, {"term": "statins", "negation": "affirmed", "UMLS": "", "start": 34, "end": 41}], "Outcome": [{"term": "ACE2", "negation": "affirmed", "UMLS": "", "start": 53, "end": 57}]}, "Evidence Propositions": []}, {"Section": "CONCLUSIONS", "Text": "Clinical trials are needed to determine whether this drug combination might be used to treat patients with severe COVID-19 infection .", "Evidence Elements": {"Participant": [], "Intervention": [], "Outcome": []}, "Evidence Propositions": []}]}