{"doc_id": "32190290", "type of study": "Therapy", "title": "", "abstract": "Coronavirus disease 2019 (COVID-19) caused by severe acute respiratory syndrome coronavirus 2 (SARS-CoV-2) is an ongoing global health emergency.\nHere we highlight nine most important research questions concerning virus transmission, asymptomatic and presymptomatic virus shedding, diagnosis, treatment, vaccine development, origin of virus and viral pathogenesis.\n", "Evidence Map": {"Enrollment": [], "Comparison Results": [], "Study Arm 1 Results": [], "Study Arm 2 Results": []}, "Sentence-level breakdown": [{"Section": "TITLE", "Text": "Coronavirus disease 2019 ( COVID-19 ) caused by severe acute respiratory syndrome coronavirus 2 ( SARS-CoV-2 ) is an ongoing global health emergency .", "Evidence Elements": {"Participant": [], "Intervention": [], "Outcome": []}, "Evidence Propositions": []}, {"Section": "CONCLUSIONS", "Text": "Here we highlight nine most important research questions concerning virus transmission , asymptomatic and presymptomatic virus shedding , diagnosis , treatment , vaccine development , origin of virus and viral pathogenesis .", "Evidence Elements": {"Participant": [], "Intervention": [], "Outcome": [{"term": "virus transmission", "negation": "affirmed", "UMLS": "", "start": 68, "end": 86}, {"term": "asymptomatic and presymptomatic virus shedding", "negation": "affirmed", "UMLS": "", "start": 89, "end": 135}, {"term": "diagnosis", "negation": "affirmed", "UMLS": "", "start": 138, "end": 147}, {"term": "treatment", "negation": "affirmed", "UMLS": "", "start": 150, "end": 159}, {"term": "vaccine development", "negation": "affirmed", "UMLS": "", "start": 162, "end": 181}, {"term": "origin", "negation": "affirmed", "UMLS": "", "start": 184, "end": 190}]}, "Evidence Propositions": []}]}