{"doc_id": "32197787", "type of study": "Therapy", "title": "", "abstract": "En diciembre del 2019, la Comision Municipal de Salud y Sanidad de Wuhan (provincia de Hubei, China) informo de una serie de casos de neumonia de etiologia desconocida.\nEl 7 de enero del 2020, las autoridades chinas identificaron como agente causante del brote un nuevo tipo de virus de la familia Coronaviridae, denominado SARS-CoV-2.\nDesde entonces, se han notificado miles de casos con una diseminacion global.\nLas infecciones en humanos provocan un amplio espectro clinico que va desde infeccion leve del tracto respiratorio superior, hasta sindrome de distres respiratorio agudo grave y sepsis.\nNo existe un tratamiento especifico para SARS-CoV-2, motivo por lo que los aspectos fundamentales son establecer medidas adecuadas de prevencion y el tratamiento de soporte y manejo de las complicaciones.\n", "Evidence Map": {"Enrollment": [], "Comparison Results": [], "Study Arm 1 Results": [], "Study Arm 2 Results": []}, "Sentence-level breakdown": [{"Section": "TITLE", "Text": "En diciembre del 2019 , la Comision Municipal de Salud y Sanidad de Wuhan ( provincia de Hubei , China ) informo de una serie de casos de neumonia de etiologia desconocida .", "Evidence Elements": {"Participant": [], "Intervention": [], "Outcome": [{"term": "de casos de", "negation": "affirmed", "UMLS": "", "start": 126, "end": 137}]}, "Evidence Propositions": []}, {"Section": "METHODS", "Text": "El 7 de enero del 2020 , las autoridades chinas identificaron como agente causante del brote un nuevo tipo de virus de la familia Coronaviridae , denominado SARS-CoV-2 .", "Evidence Elements": {"Participant": [], "Intervention": [], "Outcome": [{"term": "autoridades", "negation": "affirmed", "UMLS": "", "start": 29, "end": 40}, {"term": "de virus de la familia Coronaviridae", "negation": "affirmed", "UMLS": "", "start": 107, "end": 143}]}, "Evidence Propositions": []}, {"Section": "METHODS", "Text": "Desde entonces , se han notificado miles de casos con una diseminacion global .", "Evidence Elements": {"Participant": [], "Intervention": [], "Outcome": []}, "Evidence Propositions": []}, {"Section": "METHODS", "Text": "Las infecciones en humanos provocan un amplio espectro clinico que va desde infeccion leve del tracto respiratorio superior , hasta sindrome de distres respiratorio agudo grave y sepsis .", "Evidence Elements": {"Participant": [], "Intervention": [], "Outcome": [{"term": "espectro", "negation": "affirmed", "UMLS": "", "start": 46, "end": 54}, {"term": "hasta sindrome de distres respiratorio agudo grave", "negation": "affirmed", "UMLS": "", "start": 126, "end": 176}]}, "Evidence Propositions": []}, {"Section": "CONCLUSIONS", "Text": "No existe un tratamiento especifico para SARS-CoV-2 , motivo por lo que los aspectos fundamentales son establecer medidas adecuadas de prevencion y el tratamiento de soporte y manejo de las complicaciones .", "Evidence Elements": {"Participant": [], "Intervention": [{"term": "tratamiento especifico", "negation": "negated", "UMLS": "", "start": 13, "end": 35}], "Outcome": [{"term": "SARS-CoV-2", "negation": "negated", "UMLS": "", "start": 41, "end": 51}]}, "Evidence Propositions": []}]}