{"doc_id": "32202240", "type of study": "Therapy", "title": "", "abstract": "A severe outbreak of coronavirus disease 2019 (COVID-19) emerged in China in December 2019, and spread so rapidly that more than 200,000 cases have so far been reported worldwide; on January 30, 2020, the WHO declared it the sixth public health emergency of international concern.\nThe two previously reported coronavirus epidemics (severe acute respiratory syndrome [SARS] and Middle East respiratory syndrome [MERS]) share similar pathogenetic, epidemiological and clinical features as COVID-19.\nAs little is currently known about SARS-CoV-2, it is likely that lessons learned from these major epidemics can be applied to the new pandemic, including the use of novel immunosuppressive drugs.\n", "Evidence Map": {"Enrollment": [], "Comparison Results": [], "Study Arm 1 Results": [], "Study Arm 2 Results": []}, "Sentence-level breakdown": [{"Section": "TITLE", "Text": "A severe outbreak of coronavirus disease 2019 ( COVID-19 ) emerged in China in December 2019 , and spread so rapidly that more than 200,000 cases have so far been reported worldwide ; on January 30 , 2020 , the WHO declared it the sixth public health emergency of international concern .", "Evidence Elements": {"Participant": [], "Intervention": [], "Outcome": []}, "Evidence Propositions": []}, {"Section": "CONCLUSIONS", "Text": "The two previously reported coronavirus epidemics ( severe acute respiratory syndrome [ SARS ] and Middle East respiratory syndrome [ MERS ] ) share similar pathogenetic , epidemiological and clinical features as COVID-19 .", "Evidence Elements": {"Participant": [], "Intervention": [], "Outcome": []}, "Evidence Propositions": []}, {"Section": "CONCLUSIONS", "Text": "As little is currently known about SARS-CoV-2 , it is likely that lessons learned from these major epidemics can be applied to the new pandemic , including the use of novel immunosuppressive drugs .", "Evidence Elements": {"Participant": [], "Intervention": [], "Outcome": []}, "Evidence Propositions": []}]}