{"doc_id": "32209231", "type of study": "Therapy", "title": "", "abstract": "This paper concerns study of the genome of the Wuhan Seafood Market isolate believed to represent the causative agent of the disease COVID-19.\nThis is to find a short section or sections of viral protein sequence suitable for preliminary design proposal for a peptide synthetic vaccine and a peptidomimetic therapeutic, and to explore some design possibilities.\nThe project was originally directed towards a use case for the Q-UEL language and its implementation in a knowledge management and automated inference system for medicine called the BioIngine, but focus here remains mostly on the virus itself.\nHowever, using Q-UEL systems to access relevant and emerging literature, and to interact with standard publically available bioinformatics tools on the Internet, did help quickly identify sequences of amino acids that are well conserved across many coronaviruses including 2019-nCoV. KRSFIEDLLFNKV was found to be particularly well conserved in this study and corresponds to the region around one of the known cleavage sites of the SARS virus that are believed to be required for virus activation for cell entry.\nThis sequence motif and surrounding variations formed the basis for proposing a specific synthetic vaccine epitope and peptidomimetic agent.\nThe work can, nonetheless, be described in traditional bioinformatics terms, and readily reproduced by others, albeit with the caveat that new data and research into 2019-nCoV is emerging and evolving at an explosive pace.\nPreliminary studies using molecular modeling and docking, and in that context the potential value of certain known herbal extracts, are also described.\nBioinformatics studies are carried out on the COVID-19 virus.\nA sequence motif KRSFIEDLLFNKV is of particular interest.\nBased on the above, synthetic peptides are designed.\nPreliminary considerations are also given to non-peptide organic molecules.\n", "Evidence Map": {"Enrollment": [], "Comparison Results": [], "Study Arm 1 Results": [], "Study Arm 2 Results": []}, "Sentence-level breakdown": [{"Section": "TITLE", "Text": "This paper concerns study of the genome of the Wuhan Seafood Market isolate believed to represent the causative agent of the disease COVID-19 .", "Evidence Elements": {"Participant": [], "Intervention": [], "Outcome": []}, "Evidence Propositions": []}, {"Section": "OBJECTIVE", "Text": "This is to find a short section or sections of viral protein sequence suitable for preliminary design proposal for a peptide synthetic vaccine and a peptidomimetic therapeutic , and to explore some design possibilities .", "Evidence Elements": {"Participant": [], "Intervention": [{"term": "peptide synthetic vaccine", "negation": "affirmed", "UMLS": "", "start": 117, "end": 142}, {"term": "peptidomimetic therapeutic", "negation": "affirmed", "UMLS": "", "start": 149, "end": 175}], "Outcome": []}, "Evidence Propositions": []}, {"Section": "RESULTS", "Text": "The project was originally directed towards a use case for the Q-UEL language and its implementation in a knowledge management and automated inference system for medicine called the BioIngine , but focus here remains mostly on the virus itself .", "Evidence Elements": {"Participant": [], "Intervention": [], "Outcome": []}, "Evidence Propositions": []}, {"Section": "RESULTS", "Text": "However , using Q-UEL systems to access relevant and emerging literature , and to interact with standard publically available bioinformatics tools on the Internet , did help quickly identify sequences of amino acids that are well conserved across many coronaviruses including 2019-nCoV . KRSFIEDLLFNKV was found to be particularly well conserved in this study and corresponds to the region around one of the known cleavage sites of the SARS virus that are believed to be required for virus activation for cell entry .", "Evidence Elements": {"Participant": [], "Intervention": [], "Outcome": []}, "Evidence Propositions": []}, {"Section": "RESULTS", "Text": "This sequence motif and surrounding variations formed the basis for proposing a specific synthetic vaccine epitope and peptidomimetic agent .", "Evidence Elements": {"Participant": [], "Intervention": [], "Outcome": []}, "Evidence Propositions": []}, {"Section": "RESULTS", "Text": "The work can , nonetheless , be described in traditional bioinformatics terms , and readily reproduced by others , albeit with the caveat that new data and research into 2019-nCoV is emerging and evolving at an explosive pace .", "Evidence Elements": {"Participant": [], "Intervention": [], "Outcome": []}, "Evidence Propositions": []}, {"Section": "RESULTS", "Text": "Preliminary studies using molecular modeling and docking , and in that context the potential value of certain known herbal extracts , are also described .", "Evidence Elements": {"Participant": [], "Intervention": [], "Outcome": []}, "Evidence Propositions": []}, {"Section": "RESULTS", "Text": "Bioinformatics studies are carried out on the COVID-19 virus .", "Evidence Elements": {"Participant": [], "Intervention": [], "Outcome": []}, "Evidence Propositions": []}, {"Section": "CONCLUSIONS", "Text": "A sequence motif KRSFIEDLLFNKV is of particular interest .", "Evidence Elements": {"Participant": [], "Intervention": [], "Outcome": []}, "Evidence Propositions": []}, {"Section": "CONCLUSIONS", "Text": "Based on the above , synthetic peptides are designed .", "Evidence Elements": {"Participant": [], "Intervention": [], "Outcome": []}, "Evidence Propositions": []}, {"Section": "CONCLUSIONS", "Text": "Preliminary considerations are also given to non-peptide organic molecules .", "Evidence Elements": {"Participant": [], "Intervention": [], "Outcome": []}, "Evidence Propositions": []}]}