{"doc_id": "32213260", "type of study": "Therapy", "title": "", "abstract": "Available animal and cell line models have suggested that specific therapeutics might be effective in treating Middle East respiratory syndrome (MERS).\nWe conducted a systematic review of evidence for treatment with pharmacologic and supportive therapies.\nWe developed a protocol and searched 5 databases for studies describing treatment of MERS and deaths in MERS patients.\nRisk of bias (RoB) was assessed by using ROBINS-I tool.\nWe retrieved 3,660 unique citations; 20 observational studies met eligibility, and we studied 13 therapies.\nMost studies were at serious or critical RoB; no studies were at low RoB. One study, at moderate RoB, showed reduced mortality rates in severe MERS patients with extracorporeal membrane oxygenation; no other studies showed a significant lifesaving benefit to any treatment.\nThe existing literature on treatments for MERS is observational and at moderate to critical RoB. Clinical trials are needed to guide treatment decisions.\n", "Evidence Map": {"Enrollment": [{"term": "MERS", "negation": "affirmed", "UMLS": "", "start": 85, "end": 89}, {"term": "MERS", "negation": "affirmed", "UMLS": "", "start": 85, "end": 89}, {"term": "severe MERS", "negation": "negated", "UMLS": "", "start": 140, "end": 151}, {"term": "extracorporeal membrane oxygenation", "negation": "negated", "UMLS": "", "start": 166, "end": 201}], "Comparison Results": [], "Study Arm 1 Results": [], "Study Arm 2 Results": []}, "Sentence-level breakdown": [{"Section": "TITLE", "Text": "Available animal and cell line models have suggested that specific therapeutics might be effective in treating Middle East respiratory syndrome ( MERS ) .", "Evidence Elements": {"Participant": [], "Intervention": [], "Outcome": []}, "Evidence Propositions": []}, {"Section": "OBJECTIVE", "Text": "We conducted a systematic review of evidence for treatment with pharmacologic and supportive therapies .", "Evidence Elements": {"Participant": [], "Intervention": [{"term": "pharmacologic", "negation": "affirmed", "UMLS": "", "start": 64, "end": 77}, {"term": "supportive therapies", "negation": "affirmed", "UMLS": "", "start": 82, "end": 102}], "Outcome": []}, "Evidence Propositions": []}, {"Section": "METHODS", "Text": "We developed a protocol and searched 5 databases for studies describing treatment of MERS and deaths in MERS patients .", "Evidence Elements": {"Participant": [{"term": "MERS", "negation": "affirmed", "UMLS": "", "start": 85, "end": 89}, {"term": "MERS", "negation": "affirmed", "UMLS": "", "start": 85, "end": 89}], "Intervention": [], "Outcome": [{"term": "treatment", "negation": "affirmed", "UMLS": "", "start": 72, "end": 81}, {"term": "deaths", "negation": "affirmed", "UMLS": "", "start": 94, "end": 100}]}, "Evidence Propositions": []}, {"Section": "METHODS", "Text": "Risk of bias ( RoB ) was assessed by using ROBINS-I tool .", "Evidence Elements": {"Participant": [], "Intervention": [], "Outcome": [{"term": "Risk of bias ( RoB )", "negation": "affirmed", "UMLS": "", "start": 0, "end": 20}]}, "Evidence Propositions": []}, {"Section": "RESULTS", "Text": "We retrieved 3,660 unique citations ; 20 observational studies met eligibility , and we studied 13 therapies .", "Evidence Elements": {"Participant": [], "Intervention": [], "Outcome": []}, "Evidence Propositions": []}, {"Section": "RESULTS", "Text": "Most studies were at serious or critical RoB ; no studies were at low RoB . One study , at moderate RoB , showed reduced mortality rates in severe MERS patients with extracorporeal membrane oxygenation ; no other studies showed a significant lifesaving benefit to any treatment .", "Evidence Elements": {"Participant": [{"term": "severe MERS", "negation": "negated", "UMLS": "", "start": 140, "end": 151}, {"term": "extracorporeal membrane oxygenation", "negation": "negated", "UMLS": "", "start": 166, "end": 201}], "Intervention": [{"term": "serious", "negation": "affirmed", "UMLS": "", "start": 21, "end": 28}, {"term": "RoB", "negation": "negated", "UMLS": "", "start": 41, "end": 44}, {"term": "low RoB", "negation": "negated", "UMLS": "", "start": 66, "end": 73}, {"term": "moderate RoB", "negation": "negated", "UMLS": "", "start": 91, "end": 103}], "Outcome": [{"term": "mortality rates", "negation": "negated", "UMLS": "", "start": 121, "end": 136}]}, "Evidence Propositions": []}, {"Section": "CONCLUSIONS", "Text": "The existing literature on treatments for MERS is observational and at moderate to critical RoB . Clinical trials are needed to guide treatment decisions .", "Evidence Elements": {"Participant": [], "Intervention": [], "Outcome": []}, "Evidence Propositions": []}]}