{"doc_id": "32219626", "type of study": "Therapy", "title": "", "abstract": "Based on the New Diagnosis and Treatment Scheme for Novel Coronavirus Infected Pneumonia (Trial Edition 5), combined with our current clinical treatment experience, we recently proposed a revision of the first edition of \"Guidance for maternal and fetal management during pneumonia epidemics of novel coronavirus infection in the Wuhan Tongji Hospital\".\nThis article focused on the issues of greatest concern of pregnant women including severe acute respiratory syndrome coronavirus 2 (SARS-CoV-2) infection diagnostic criteria, inspection precautions, drug treatment options, indications and methods of termination of pregnancy, postpartum fever, breastfeeding considerations, mode of mother-to-child transmission, neonatal isolation and advice on neonatal nursing, to provide valuable experience for better management of SARS-CoV-2 infection in pregnant women and newborns.\n", "Evidence Map": {"Enrollment": [{"term": "Novel Coronavirus Infected Pneumonia", "negation": "affirmed", "UMLS": "", "start": 52, "end": 88}, {"term": "pneumonia epidemics", "negation": "affirmed", "UMLS": "", "start": 277, "end": 296}, {"term": "novel coronavirus infection", "negation": "affirmed", "UMLS": "", "start": 300, "end": 327}, {"term": "pregnant women", "negation": "affirmed", "UMLS": "", "start": 58, "end": 72}], "Comparison Results": [], "Study Arm 1 Results": [], "Study Arm 2 Results": []}, "Sentence-level breakdown": [{"Section": "TITLE", "Text": "Based on the New Diagnosis and Treatment Scheme for Novel Coronavirus Infected Pneumonia ( Trial Edition 5 ) , combined with our current clinical treatment experience , we recently proposed a revision of the first edition of \" Guidance for maternal and fetal management during pneumonia epidemics of novel coronavirus infection in the Wuhan Tongji Hospital \" .", "Evidence Elements": {"Participant": [{"term": "Novel Coronavirus Infected Pneumonia", "negation": "affirmed", "UMLS": "", "start": 52, "end": 88}, {"term": "pneumonia epidemics", "negation": "affirmed", "UMLS": "", "start": 277, "end": 296}, {"term": "novel coronavirus infection", "negation": "affirmed", "UMLS": "", "start": 300, "end": 327}], "Intervention": [], "Outcome": [{"term": "management", "negation": "affirmed", "UMLS": "", "start": 259, "end": 269}]}, "Evidence Propositions": []}, {"Section": "CONCLUSIONS", "Text": "This article focused on the issues of greatest concern of pregnant women including severe acute respiratory syndrome coronavirus 2 ( SARS-CoV-2 ) infection diagnostic criteria , inspection precautions , drug treatment options , indications and methods of termination of pregnancy , postpartum fever , breastfeeding considerations , mode of mother-to-child transmission , neonatal isolation and advice on neonatal nursing , to provide valuable experience for better management of SARS-CoV-2 infection in pregnant women and newborns .", "Evidence Elements": {"Participant": [{"term": "pregnant women", "negation": "affirmed", "UMLS": "", "start": 58, "end": 72}], "Intervention": [], "Outcome": [{"term": "severe acute respiratory syndrome coronavirus 2 ( SARS-CoV-2 ) infection diagnostic criteria", "negation": "affirmed", "UMLS": "", "start": 83, "end": 175}, {"term": "inspection precautions", "negation": "affirmed", "UMLS": "", "start": 178, "end": 200}, {"term": "drug treatment options", "negation": "affirmed", "UMLS": "", "start": 203, "end": 225}, {"term": "indications", "negation": "affirmed", "UMLS": "", "start": 228, "end": 239}, {"term": "methods of termination of pregnancy", "negation": "affirmed", "UMLS": "", "start": 244, "end": 279}, {"term": "postpartum fever", "negation": "affirmed", "UMLS": "", "start": 282, "end": 298}, {"term": "breastfeeding considerations", "negation": "affirmed", "UMLS": "", "start": 301, "end": 329}, {"term": "mode of mother-to-child transmission", "negation": "affirmed", "UMLS": "", "start": 332, "end": 368}, {"term": "neonatal isolation", "negation": "affirmed", "UMLS": "", "start": 371, "end": 389}, {"term": "advice on neonatal nursing", "negation": "affirmed", "UMLS": "", "start": 394, "end": 420}]}, "Evidence Propositions": []}]}