{"doc_id": "32218340", "type of study": "Therapy", "title": "", "abstract": "The emergence of the novel coronavirus in Wuhan, China, which causes severe respiratory tract infections in humans (COVID-19), has become a global health concern.\nMost coronaviruses infect animals but can evolve into strains that cross the species barrier and infect humans.\nAt the present, there is no single specific vaccine or efficient antiviral therapy against COVID-19.\nRecently, we showed that intravenous immunoglobulin (IVIg) treatment reduces inflammation of intestinal epithelial cells and eliminates overgrowth of the opportunistic human fungal pathogen Candida albicans in the murine gut.\nImmunotherapy with IVIg could be employed to neutralize COVID-19.\nHowever, the efficacy of IVIg would be better if the immune IgG antibodies were collected from patients who have recovered from COVID-19 in the same city, or the surrounding area, in order to increase the chance of neutralizing the virus.\nThese immune IgG antibodies will be specific against COVID-19 by boosting the immune response in newly infected patients.\nDifferent procedures may be used to remove or inactivate any possible pathogens from the plasma of recovered coronavirus patient derived immune IgG, including solvent/detergent, 60  C heat-treatment, and nanofiltration.\nOverall, immunotherapy with immune IgG antibodies combined with antiviral drugs may be an alternative treatment against COVID-19 until stronger options such as vaccines are available.\n", "Evidence Map": {"Enrollment": [], "Comparison Results": [], "Study Arm 1 Results": [], "Study Arm 2 Results": []}, "Sentence-level breakdown": [{"Section": "TITLE", "Text": "The emergence of the novel coronavirus in Wuhan , China , which causes severe respiratory tract infections in humans ( COVID-19 ) , has become a global health concern .", "Evidence Elements": {"Participant": [], "Intervention": [], "Outcome": []}, "Evidence Propositions": []}, {"Section": "RESULTS", "Text": "Most coronaviruses infect animals but can evolve into strains that cross the species barrier and infect humans .", "Evidence Elements": {"Participant": [], "Intervention": [], "Outcome": []}, "Evidence Propositions": []}, {"Section": "RESULTS", "Text": "At the present , there is no single specific vaccine or efficient antiviral therapy against COVID-19 .", "Evidence Elements": {"Participant": [], "Intervention": [], "Outcome": []}, "Evidence Propositions": []}, {"Section": "RESULTS", "Text": "Recently , we showed that intravenous immunoglobulin ( IVIg ) treatment reduces inflammation of intestinal epithelial cells and eliminates overgrowth of the opportunistic human fungal pathogen Candida albicans in the murine gut .", "Evidence Elements": {"Participant": [], "Intervention": [{"term": "intravenous immunoglobulin ( IVIg ) treatment", "negation": "affirmed", "UMLS": "", "start": 26, "end": 71}], "Outcome": [{"term": "inflammation of intestinal epithelial cells", "negation": "affirmed", "UMLS": "", "start": 80, "end": 123}, {"term": "overgrowth of the opportunistic human fungal pathogen Candida albicans", "negation": "affirmed", "UMLS": "", "start": 139, "end": 209}]}, "Evidence Propositions": []}, {"Section": "RESULTS", "Text": "Immunotherapy with IVIg could be employed to neutralize COVID-19 .", "Evidence Elements": {"Participant": [], "Intervention": [], "Outcome": []}, "Evidence Propositions": []}, {"Section": "RESULTS", "Text": "However , the efficacy of IVIg would be better if the immune IgG antibodies were collected from patients who have recovered from COVID-19 in the same city , or the surrounding area , in order to increase the chance of neutralizing the virus .", "Evidence Elements": {"Participant": [], "Intervention": [{"term": "IVIg", "negation": "affirmed", "UMLS": "", "start": 26, "end": 30}], "Outcome": [{"term": "efficacy", "negation": "affirmed", "UMLS": "", "start": 14, "end": 22}, {"term": "immune IgG antibodies", "negation": "affirmed", "UMLS": "", "start": 54, "end": 75}]}, "Evidence Propositions": [{"Intervention": ["IVIg"], "Observation": "better", "Outcome": "efficacy", "Count": ""}, {"Intervention": ["IVIg"], "Observation": "better", "Outcome": "immune IgG antibodies", "Count": ""}]}, {"Section": "RESULTS", "Text": "These immune IgG antibodies will be specific against COVID-19 by boosting the immune response in newly infected patients .", "Evidence Elements": {"Participant": [], "Intervention": [], "Outcome": []}, "Evidence Propositions": []}, {"Section": "RESULTS", "Text": "Different procedures may be used to remove or inactivate any possible pathogens from the plasma of recovered coronavirus patient derived immune IgG , including solvent / detergent , 60 C heat-treatment , and nanofiltration .", "Evidence Elements": {"Participant": [], "Intervention": [], "Outcome": []}, "Evidence Propositions": []}, {"Section": "CONCLUSIONS", "Text": "Overall , immunotherapy with immune IgG antibodies combined with antiviral drugs may be an alternative treatment against COVID-19 until stronger options such as vaccines are available .", "Evidence Elements": {"Participant": [], "Intervention": [{"term": "immune IgG antibodies", "negation": "affirmed", "UMLS": "", "start": 29, "end": 50}, {"term": "with", "negation": "affirmed", "UMLS": "", "start": 24, "end": 28}], "Outcome": []}, "Evidence Propositions": []}]}