{"doc_id": "32218915", "type of study": "Therapy", "title": "", "abstract": "On January 9 2020, the World Health Organization (WHO) declared the identification, by Chinese Health authorities, of a novel coronavirus, further classified as SARS-CoV-2 responsible of a disease (COVID-19) ranging from asymptomatic cases to severe respiratory involvement.\nOn March 9 2020, WHO declared COVID-19 a global pandemic.\nItaly is the second most affected country by COVID-19 infection after China.\nThe \"L. Spallanzani\" National Institute for the Infectious Diseases, IRCCS, Rome, Italy, has been the first Italian hospital to admit and manage patients affected by COVID-19.\nHereby, we show our recommendations for the management of COVID-19 patients, based on very limited clinical evidences; they should be considered as expert opinions, which may be modified according to newly produced literature data.\n", "Evidence Map": {"Enrollment": [{"term": "COVID-19", "negation": "affirmed", "UMLS": "", "start": 59, "end": 67}], "Comparison Results": [], "Study Arm 1 Results": [], "Study Arm 2 Results": []}, "Sentence-level breakdown": [{"Section": "TITLE", "Text": "On January 9 2020 , the World Health Organization ( WHO ) declared the identification , by Chinese Health authorities , of a novel coronavirus , further classified as SARS-CoV-2 responsible of a disease ( COVID-19 ) ranging from asymptomatic cases to severe respiratory involvement .", "Evidence Elements": {"Participant": [], "Intervention": [], "Outcome": []}, "Evidence Propositions": []}, {"Section": "RESULTS", "Text": "On March 9 2020 , WHO declared COVID-19 a global pandemic .", "Evidence Elements": {"Participant": [], "Intervention": [], "Outcome": []}, "Evidence Propositions": []}, {"Section": "CONCLUSIONS", "Text": "Italy is the second most affected country by COVID-19 infection after China .", "Evidence Elements": {"Participant": [], "Intervention": [], "Outcome": []}, "Evidence Propositions": []}, {"Section": "CONCLUSIONS", "Text": "The \" L. Spallanzani \" National Institute for the Infectious Diseases , IRCCS , Rome , Italy , has been the first Italian hospital to admit and manage patients affected by COVID-19 .", "Evidence Elements": {"Participant": [], "Intervention": [], "Outcome": []}, "Evidence Propositions": []}, {"Section": "CONCLUSIONS", "Text": "Hereby , we show our recommendations for the management of COVID-19 patients , based on very limited clinical evidences ; they should be considered as expert opinions , which may be modified according to newly produced literature data .", "Evidence Elements": {"Participant": [{"term": "COVID-19", "negation": "affirmed", "UMLS": "", "start": 59, "end": 67}], "Intervention": [], "Outcome": []}, "Evidence Propositions": []}]}