{"doc_id": "32212513", "type of study": "Therapy", "title": "", "abstract": "Abstract: Autopsy of patients who died of infectious diseases is of significance for public health management.\nFew forensic autopsies have been performed since the outbreak of the corona virus disease 2019 (COVID-19) due to some limitations, thus forensic pathological examination failed to contribute to the prevention and treatment of infectious diseases.\nVirtual autopsy has unique advantages in the forensic examination of patients who died of infectious diseases.\nAccumulated virtual autopsy image data are of great value to the study of the pathological mechanism and diagnosis of COVID-19.\nThis article reviews the relationship between imaging changes and pathology of the COVID-19 as well as the application of virtual autopsy in autopsy of patients who died of infectious diseases, in order to provide reference for performing virtual autopsy in the outbreak of COVID-19.\n", "Evidence Map": {"Enrollment": [{"term": "COVID-19", "negation": "affirmed", "UMLS": "", "start": 83, "end": 91}, {"term": "autopsy", "negation": "affirmed", "UMLS": "", "start": 130, "end": 137}, {"term": "died of infectious diseases", "negation": "affirmed", "UMLS": "", "start": 165, "end": 192}, {"term": "outbreak of", "negation": "affirmed", "UMLS": "", "start": 263, "end": 274}], "Comparison Results": [], "Study Arm 1 Results": [], "Study Arm 2 Results": []}, "Sentence-level breakdown": [{"Section": "TITLE", "Text": "Abstract : Autopsy of patients who died of infectious diseases is of significance for public health management .", "Evidence Elements": {"Participant": [], "Intervention": [], "Outcome": []}, "Evidence Propositions": []}, {"Section": "RESULTS", "Text": "Few forensic autopsies have been performed since the outbreak of the corona virus disease 2019 ( COVID-19 ) due to some limitations , thus forensic pathological examination failed to contribute to the prevention and treatment of infectious diseases .", "Evidence Elements": {"Participant": [], "Intervention": [], "Outcome": []}, "Evidence Propositions": []}, {"Section": "RESULTS", "Text": "Virtual autopsy has unique advantages in the forensic examination of patients who died of infectious diseases .", "Evidence Elements": {"Participant": [], "Intervention": [], "Outcome": []}, "Evidence Propositions": []}, {"Section": "RESULTS", "Text": "Accumulated virtual autopsy image data are of great value to the study of the pathological mechanism and diagnosis of COVID-19 .", "Evidence Elements": {"Participant": [], "Intervention": [], "Outcome": []}, "Evidence Propositions": []}, {"Section": "CONCLUSIONS", "Text": "This article reviews the relationship between imaging changes and pathology of the COVID-19 as well as the application of virtual autopsy in autopsy of patients who died of infectious diseases , in order to provide reference for performing virtual autopsy in the outbreak of COVID-19 .", "Evidence Elements": {"Participant": [{"term": "COVID-19", "negation": "affirmed", "UMLS": "", "start": 83, "end": 91}, {"term": "autopsy", "negation": "affirmed", "UMLS": "", "start": 130, "end": 137}, {"term": "died of infectious diseases", "negation": "affirmed", "UMLS": "", "start": 165, "end": 192}, {"term": "outbreak of", "negation": "affirmed", "UMLS": "", "start": 263, "end": 274}], "Intervention": [{"term": "virtual autopsy", "negation": "affirmed", "UMLS": "", "start": 122, "end": 137}, {"term": "virtual autopsy", "negation": "affirmed", "UMLS": "", "start": 122, "end": 137}], "Outcome": [{"term": "imaging changes", "negation": "affirmed", "UMLS": "", "start": 46, "end": 61}, {"term": "pathology", "negation": "affirmed", "UMLS": "", "start": 66, "end": 75}]}, "Evidence Propositions": [{"Intervention": "virtual autopsy", "Observation": "relationship", "Outcome": "imaging changes", "Count": ""}, {"Intervention": "virtual autopsy", "Observation": "relationship", "Outcome": "pathology", "Count": ""}]}]}