{"doc_id": "32217658", "type of study": "Therapy", "title": "", "abstract": "Since the outbreak in Wuhan city in December 2019, there has been a surge of newly diagnosed cases with coronavirus disease 2019 (Covid-19) globally [1-4].\nThe total number has reached to 101 927 laboratory-confirmed cases as of March 8th, 2020 [5].\nAn increasing number of countries have issued the alert of the highest level.\nEarly protection, early identification, early diagnosis, and early isolation are crucial to combat with Covid-19 outbreaks\n", "Evidence Map": {"Enrollment": [], "Comparison Results": [], "Study Arm 1 Results": [], "Study Arm 2 Results": []}, "Sentence-level breakdown": [{"Section": "TITLE", "Text": "Since the outbreak in Wuhan city in December 2019 , there has been a surge of newly diagnosed cases with coronavirus disease 2019 ( Covid-19 ) globally [ 1-4 ] .", "Evidence Elements": {"Participant": [], "Intervention": [], "Outcome": []}, "Evidence Propositions": []}, {"Section": "RESULTS", "Text": "The total number has reached to 101 927 laboratory-confirmed cases as of March 8th , 2020 [ 5 ] .", "Evidence Elements": {"Participant": [], "Intervention": [], "Outcome": []}, "Evidence Propositions": []}, {"Section": "RESULTS", "Text": "An increasing number of countries have issued the alert of the highest level .", "Evidence Elements": {"Participant": [], "Intervention": [], "Outcome": []}, "Evidence Propositions": []}, {"Section": "CONCLUSIONS", "Text": "Early protection , early identification , early diagnosis , and early isolation are crucial to combat with Covid-19 outbreaks", "Evidence Elements": {"Participant": [], "Intervention": [], "Outcome": []}, "Evidence Propositions": []}]}