{"doc_id": "32229155", "type of study": "Therapy", "title": "", "abstract": "SARS-CoV-2, SARS and MERS are all enveloped viruses that can cause acute respiratory syndrome.\nArachidonic acid (AA) and other unsaturated fatty acids (especially eicosapentaenoic acd, EPA and docosahexaenoic acid DHA) are known to inactivate enveloped viruses and inhibit proliferation of various microbial organisms.\nThe pro-inflammatory metabolites of AA and EPA such as prostaglandins, leukotrienes and thromboxanes induce inflammation whereas lipoxins, resolvins, protectins and maresins derived from AA, EPA and DHA not only suppress inflammation but also enhance would healing and augment phagocytosis of macrophages and other immunocytes and decrease microbial load.\nIn view of these actions, it is suggested that AA and other unsaturated fatty acids and their metabolites may serve as endogenous anti-viral compounds and their deficiency may render humans susceptible to SARS-CoV-2, SARS and MERS and other similar viruses' infections.\nHence, oral or intravenous administration of AA and other unsaturated fatty acids may aid in enhancing resistance and recovery from SARS-CoV-2, SARS and MERS infections.\n", "Evidence Map": {"Enrollment": [{"term": "SARS-CoV-2", "negation": "affirmed", "UMLS": "", "start": 133, "end": 143}, {"term": "SARS", "negation": "affirmed", "UMLS": "", "start": 133, "end": 137}], "Comparison Results": [], "Study Arm 1 Results": [], "Study Arm 2 Results": []}, "Sentence-level breakdown": [{"Section": "TITLE", "Text": "SARS-CoV-2 , SARS and MERS are all enveloped viruses that can cause acute respiratory syndrome .", "Evidence Elements": {"Participant": [], "Intervention": [], "Outcome": []}, "Evidence Propositions": []}, {"Section": "RESULTS", "Text": "Arachidonic acid ( AA ) and other unsaturated fatty acids ( especially eicosapentaenoic acd , EPA and docosahexaenoic acid DHA ) are known to inactivate enveloped viruses and inhibit proliferation of various microbial organisms .", "Evidence Elements": {"Participant": [], "Intervention": [], "Outcome": []}, "Evidence Propositions": []}, {"Section": "RESULTS", "Text": "The pro-inflammatory metabolites of AA and EPA such as prostaglandins , leukotrienes and thromboxanes induce inflammation whereas lipoxins , resolvins , protectins and maresins derived from AA , EPA and DHA not only suppress inflammation but also enhance would healing and augment phagocytosis of macrophages and other immunocytes and decrease microbial load .", "Evidence Elements": {"Participant": [], "Intervention": [{"term": "AA", "negation": "affirmed", "UMLS": "", "start": 36, "end": 38}, {"term": "EPA", "negation": "affirmed", "UMLS": "", "start": 43, "end": 46}, {"term": "AA", "negation": "affirmed", "UMLS": "", "start": 36, "end": 38}, {"term": "EPA", "negation": "affirmed", "UMLS": "", "start": 43, "end": 46}, {"term": "DHA", "negation": "affirmed", "UMLS": "", "start": 203, "end": 206}], "Outcome": [{"term": "prostaglandins", "negation": "affirmed", "UMLS": "", "start": 55, "end": 69}, {"term": "leukotrienes", "negation": "affirmed", "UMLS": "", "start": 72, "end": 84}, {"term": "thromboxanes", "negation": "affirmed", "UMLS": "", "start": 89, "end": 101}, {"term": "inflammation", "negation": "affirmed", "UMLS": "", "start": 109, "end": 121}, {"term": "lipoxins", "negation": "affirmed", "UMLS": "", "start": 130, "end": 138}, {"term": "resolvins", "negation": "affirmed", "UMLS": "", "start": 141, "end": 150}, {"term": "protectins", "negation": "affirmed", "UMLS": "", "start": 153, "end": 163}, {"term": "maresins", "negation": "affirmed", "UMLS": "", "start": 168, "end": 176}, {"term": "inflammation", "negation": "affirmed", "UMLS": "", "start": 109, "end": 121}, {"term": "would", "negation": "affirmed", "UMLS": "", "start": 255, "end": 260}, {"term": "healing", "negation": "affirmed", "UMLS": "", "start": 261, "end": 268}, {"term": "phagocytosis of macrophages and other immunocytes", "negation": "affirmed", "UMLS": "", "start": 281, "end": 330}]}, "Evidence Propositions": [{"Intervention": "AA", "Observation": "pro-inflammatory", "Outcome": "prostaglandins", "Count": ""}, {"Intervention": "AA", "Observation": "pro-inflammatory", "Outcome": "leukotrienes", "Count": ""}, {"Intervention": "AA", "Observation": "pro-inflammatory", "Outcome": "thromboxanes", "Count": ""}, {"Intervention": "AA", "Observation": "pro-inflammatory", "Outcome": "inflammation", "Count": ""}, {"Intervention": "EPA", "Observation": "pro-inflammatory", "Outcome": "prostaglandins", "Count": ""}, {"Intervention": "EPA", "Observation": "pro-inflammatory", "Outcome": "leukotrienes", "Count": ""}, {"Intervention": "EPA", "Observation": "pro-inflammatory", "Outcome": "thromboxanes", "Count": ""}, {"Intervention": "EPA", "Observation": "pro-inflammatory", "Outcome": "inflammation", "Count": ""}]}, {"Section": "RESULTS", "Text": "In view of these actions , it is suggested that AA and other unsaturated fatty acids and their metabolites may serve as endogenous anti-viral compounds and their deficiency may render humans susceptible to SARS-CoV-2 , SARS and MERS and other similar viruses ' infections .", "Evidence Elements": {"Participant": [], "Intervention": [], "Outcome": []}, "Evidence Propositions": []}, {"Section": "CONCLUSIONS", "Text": "Hence , oral or intravenous administration of AA and other unsaturated fatty acids may aid in enhancing resistance and recovery from SARS-CoV-2 , SARS and MERS infections .", "Evidence Elements": {"Participant": [{"term": "SARS-CoV-2", "negation": "affirmed", "UMLS": "", "start": 133, "end": 143}, {"term": "SARS", "negation": "affirmed", "UMLS": "", "start": 133, "end": 137}], "Intervention": [{"term": "oral or intravenous administration", "negation": "affirmed", "UMLS": "", "start": 8, "end": 42}, {"term": "AA and other unsaturated fatty acids", "negation": "affirmed", "UMLS": "", "start": 46, "end": 82}], "Outcome": [{"term": "resistance", "negation": "affirmed", "UMLS": "", "start": 104, "end": 114}, {"term": "recovery", "negation": "affirmed", "UMLS": "", "start": 119, "end": 127}]}, "Evidence Propositions": []}]}