{"doc_id": "32228226", "type of study": "Therapy", "title": "", "abstract": "Circulating in China and 158 other countries and areas, the ongoing COVID-19 outbreak has caused devastating mortality and posed a great threat to public health.\nHowever, efforts to identify effectively supportive therapeutic drugs and treatments has been hampered by our limited understanding of host immune response for this fatal disease.\nTo characterize the transcriptional signatures of host inflammatory response to SARS-CoV-2 (HCoV-19) infection, we carried out transcriptome sequencing of the RNAs isolated from the bronchoalveolar lavage fluid (BALF) and peripheral blood mononuclear cells (PBMC) specimens of COVID-19 patients.\nOur results reveal distinct host inflammatory cytokine profiles to SARS-CoV-2 infection in patients, and highlight the association between COVID-19 pathogenesis and excessive cytokine release such as CCL2/MCP-1, CXCL10/IP-10, CCL3/MIP-1A, and CCL4/MIP1B.\nFurthermore, SARS-CoV-2 induced activation of apoptosis and P53 signalling pathway in lymphocytes may be the cause of patients' lymphopenia.\nThe transcriptome dataset of COVID-19 patients would be a valuable resource for clinical guidance on anti-inflammatory medication and understanding the molecular mechansims of host response.\n", "Evidence Map": {"Enrollment": [], "Comparison Results": [], "Study Arm 1 Results": [], "Study Arm 2 Results": []}, "Sentence-level breakdown": [{"Section": "TITLE", "Text": "Circulating in China and 158 other countries and areas , the ongoing COVID-19 outbreak has caused devastating mortality and posed a great threat to public health .", "Evidence Elements": {"Participant": [], "Intervention": [], "Outcome": []}, "Evidence Propositions": []}, {"Section": "BACKGROUND", "Text": "However , efforts to identify effectively supportive therapeutic drugs and treatments has been hampered by our limited understanding of host immune response for this fatal disease .", "Evidence Elements": {"Participant": [], "Intervention": [], "Outcome": []}, "Evidence Propositions": []}, {"Section": "METHODS", "Text": "To characterize the transcriptional signatures of host inflammatory response to SARS-CoV-2 ( HCoV-19 ) infection , we carried out transcriptome sequencing of the RNAs isolated from the bronchoalveolar lavage fluid ( BALF ) and peripheral blood mononuclear cells ( PBMC ) specimens of COVID-19 patients .", "Evidence Elements": {"Participant": [], "Intervention": [], "Outcome": [{"term": "transcriptional signatures of host inflammatory response", "negation": "affirmed", "UMLS": "", "start": 20, "end": 76}, {"term": "SARS-CoV-2 ( HCoV-19 ) infection", "negation": "affirmed", "UMLS": "", "start": 80, "end": 112}]}, "Evidence Propositions": []}, {"Section": "RESULTS", "Text": "Our results reveal distinct host inflammatory cytokine profiles to SARS-CoV-2 infection in patients , and highlight the association between COVID-19 pathogenesis and excessive cytokine release such as CCL2 / MCP-1 , CXCL10 / IP-10 , CCL3 / MIP-1A , and CCL4 / MIP1B .", "Evidence Elements": {"Participant": [], "Intervention": [{"term": "SARS-CoV-2 infection", "negation": "affirmed", "UMLS": "", "start": 67, "end": 87}], "Outcome": [{"term": "host inflammatory cytokine profiles", "negation": "affirmed", "UMLS": "", "start": 28, "end": 63}, {"term": "pathogenesis", "negation": "affirmed", "UMLS": "", "start": 149, "end": 161}, {"term": "excessive cytokine release", "negation": "affirmed", "UMLS": "", "start": 166, "end": 192}, {"term": "MCP-1", "negation": "affirmed", "UMLS": "", "start": 208, "end": 213}, {"term": "IP-10", "negation": "affirmed", "UMLS": "", "start": 225, "end": 230}, {"term": "MIP-1A", "negation": "affirmed", "UMLS": "", "start": 240, "end": 246}]}, "Evidence Propositions": []}, {"Section": "RESULTS", "Text": "Furthermore , SARS-CoV-2 induced activation of apoptosis and P53 signalling pathway in lymphocytes may be the cause of patients ' lymphopenia .", "Evidence Elements": {"Participant": [], "Intervention": [{"term": "SARS-CoV-2", "negation": "affirmed", "UMLS": "", "start": 14, "end": 24}], "Outcome": [{"term": "activation of apoptosis", "negation": "affirmed", "UMLS": "", "start": 33, "end": 56}, {"term": "P53 signalling pathway", "negation": "affirmed", "UMLS": "", "start": 61, "end": 83}]}, "Evidence Propositions": []}, {"Section": "CONCLUSIONS", "Text": "The transcriptome dataset of COVID-19 patients would be a valuable resource for clinical guidance on anti-inflammatory medication and understanding the molecular mechansims of host response .", "Evidence Elements": {"Participant": [], "Intervention": [], "Outcome": []}, "Evidence Propositions": []}]}