{"doc_id": "32228252", "type of study": "Therapy", "title": "", "abstract": "The novel SARS coronavirus SARS-CoV-2 pandemic may be particularly deleterious to patients with underlying cardiovascular disease (CVD).\nThe mechanism for SARS-CoV-2 infection is the requisite binding of the virus to the membrane-bound form of angiotensin-converting enzyme 2 (ACE2) and internalization of the complex by the host cell.\nRecognition that ACE2 is the coreceptor for the coronavirus has prompted new therapeutic approaches to block the enzyme or reduce its expression to prevent the cellular entry and SARS-CoV-2 infection in tissues that express ACE2 including lung, heart, kidney, brain, and gut.\nACE2, however, is a key enzymatic component of the renin-angiotensin-aldosterone system (RAAS); ACE2 degrades ANG II, a peptide with multiple actions that promote CVD, and generates Ang-(1-7), which antagonizes the effects of ANG II.\nMoreover, experimental evidence suggests that RAAS blockade by ACE inhibitors, ANG II type 1 receptor antagonists, and mineralocorticoid antagonists, as well as statins, enhance ACE2 which, in part, contributes to the benefit of these regimens.\nIn lieu of the fact that many older patients with hypertension or other CVDs are routinely treated with RAAS blockers and statins, new clinical concerns have developed regarding whether these patients are at greater risk for SARS-CoV-2 infection, whether RAAS and statin therapy should be discontinued, and the potential consequences of RAAS blockade to COVID-19-related pathologies such as acute and chronic respiratory disease.\nThe current perspective critically examines the evidence for ACE2 regulation by RAAS blockade and statins, the cardiovascular benefits of ACE2, and whether ACE2 blockade is a viable approach to attenuate COVID-19.\n", "Evidence Map": {"Enrollment": [], "Comparison Results": [], "Study Arm 1 Results": [], "Study Arm 2 Results": []}, "Sentence-level breakdown": [{"Section": "TITLE", "Text": "The novel SARS coronavirus SARS-CoV-2 pandemic may be particularly deleterious to patients with underlying cardiovascular disease ( CVD ) .", "Evidence Elements": {"Participant": [], "Intervention": [], "Outcome": []}, "Evidence Propositions": []}, {"Section": "RESULTS", "Text": "The mechanism for SARS-CoV-2 infection is the requisite binding of the virus to the membrane-bound form of angiotensin-converting enzyme 2 ( ACE2 ) and internalization of the complex by the host cell .", "Evidence Elements": {"Participant": [], "Intervention": [], "Outcome": []}, "Evidence Propositions": []}, {"Section": "RESULTS", "Text": "Recognition that ACE2 is the coreceptor for the coronavirus has prompted new therapeutic approaches to block the enzyme or reduce its expression to prevent the cellular entry and SARS-CoV-2 infection in tissues that express ACE2 including lung , heart , kidney , brain , and gut .", "Evidence Elements": {"Participant": [], "Intervention": [], "Outcome": []}, "Evidence Propositions": []}, {"Section": "RESULTS", "Text": "ACE2 , however , is a key enzymatic component of the renin-angiotensin-aldosterone system ( RAAS ) ; ACE2 degrades ANG II , a peptide with multiple actions that promote CVD , and generates Ang-( 1-7 ) , which antagonizes the effects of ANG II .", "Evidence Elements": {"Participant": [], "Intervention": [], "Outcome": []}, "Evidence Propositions": []}, {"Section": "RESULTS", "Text": "Moreover , experimental evidence suggests that RAAS blockade by ACE inhibitors , ANG II type 1 receptor antagonists , and mineralocorticoid antagonists , as well as statins , enhance ACE2 which , in part , contributes to the benefit of these regimens .", "Evidence Elements": {"Participant": [], "Intervention": [], "Outcome": [{"term": "blockade", "negation": "affirmed", "UMLS": "", "start": 52, "end": 60}, {"term": "ACE2", "negation": "affirmed", "UMLS": "", "start": 183, "end": 187}]}, "Evidence Propositions": []}, {"Section": "RESULTS", "Text": "In lieu of the fact that many older patients with hypertension or other CVDs are routinely treated with RAAS blockers and statins , new clinical concerns have developed regarding whether these patients are at greater risk for SARS-CoV-2 infection , whether RAAS and statin therapy should be discontinued , and the potential consequences of RAAS blockade to COVID-19-related pathologies such as acute and chronic respiratory disease .", "Evidence Elements": {"Participant": [], "Intervention": [], "Outcome": []}, "Evidence Propositions": []}, {"Section": "CONCLUSIONS", "Text": "The current perspective critically examines the evidence for ACE2 regulation by RAAS blockade and statins , the cardiovascular benefits of ACE2 , and whether ACE2 blockade is a viable approach to attenuate COVID-19 .", "Evidence Elements": {"Participant": [], "Intervention": [{"term": "RAAS blockade", "negation": "affirmed", "UMLS": "", "start": 80, "end": 93}, {"term": "statins", "negation": "affirmed", "UMLS": "", "start": 98, "end": 105}, {"term": "ACE2 blockade", "negation": "affirmed", "UMLS": "", "start": 158, "end": 171}], "Outcome": [{"term": "ACE2 regulation", "negation": "affirmed", "UMLS": "", "start": 61, "end": 76}, {"term": "cardiovascular benefits of ACE2", "negation": "affirmed", "UMLS": "", "start": 112, "end": 143}]}, "Evidence Propositions": []}]}