{"doc_id": "32222433", "type of study": "Therapy", "title": "", "abstract": "Proposer des recommandations de prise en charge des patientes atteintes de cancer gynecologique dans la periode de pandemie du COVID-19.\nRecommandations sur le modele des conferences de consensus.\nEn cas de patiente positive COVID-19, il convient de differer la prise en charge chirurgicale d'au moins 15 jours.\nPour le cancer du col, la place de la chirurgie doit etre re-evaluee par rapport a la radiotherapie et la radio-chimiotherapie-concomitante et l'interet des chirurgies de stadification ganglionnaire doit etre revu au cas par cas.\nPour les cancers de l'ovaire de stade avance, il convient de privilegier la chimiotherapie neo-adjuvante meme si la chirurgie de cytoreduction premiere pourrait etre envisageable.\nIl est licite de ne pas proposer la chimiotherapie hyperthermique intra-peritoneale en periode de pandemie COVID-19.\nPour les cas des patientes qui doivent beneficier d'une chirurgie d'intervalle, il est possible de poursuivre la chimiotherapie et de proposer une chirurgie de cloture apres 6 cycles de chimiotherapie.\nPour le cancer de l'endometre de stade precoce, en cas de risque ESMO preoperatoire faible et intermediaire, il faut privilegier une hysterectomie totale avec annexectomie bilaterale associee a une procedure du ganglion sentinelle.\nIl est licite d'envisager le report de 1 a 2 mois de la chirurgie dans les cancers de l'endometre de bas risque (stade FIGO Ia sur l'IRM et cancer endometrioide de grade 1-2 sur la biopsie endometriale).\nPour les risques ESMO eleves, il semble legitime de privilegier l'algorithme du MSKCC (associant TEP TDM et procedure du GS) afin d'omettre les lympahdenectomies pelviennes et lomboaortiques.\nEn periode de pandemie COVID-19, il convient de ne pas faire perdre de chance aux patientes atteintes de cancer, tout en limitant les risques lies au virus.\n", "Evidence Map": {"Enrollment": [{"term": "atteintes de cancer gynecologique", "negation": "affirmed", "UMLS": "", "start": 62, "end": 95}, {"term": "du COVID-19", "negation": "affirmed", "UMLS": "", "start": 124, "end": 135}, {"term": "positive COVID-19", "negation": "affirmed", "UMLS": "", "start": 19, "end": 36}, {"term": "cancer", "negation": "affirmed", "UMLS": "", "start": 8, "end": 14}, {"term": "col", "negation": "affirmed", "UMLS": "", "start": 18, "end": 21}, {"term": "cancers", "negation": "affirmed", "UMLS": "", "start": 9, "end": 16}, {"term": "pandemie COVID-19", "negation": "affirmed", "UMLS": "", "start": 98, "end": 115}, {"term": "hysterectomie totale", "negation": "affirmed", "UMLS": "", "start": 137, "end": 157}, {"term": "annexectomie bilaterale", "negation": "affirmed", "UMLS": "", "start": 163, "end": 186}, {"term": "cancers de l ' endometre de bas risque", "negation": "affirmed", "UMLS": "", "start": 77, "end": 115}, {"term": "IRM", "negation": "affirmed", "UMLS": "", "start": 140, "end": 143}, {"term": "cancer endometrioide", "negation": "affirmed", "UMLS": "", "start": 147, "end": 167}, {"term": "pandemie COVID-19", "negation": "affirmed", "UMLS": "", "start": 14, "end": 31}], "Comparison Results": [], "Study Arm 1 Results": [], "Study Arm 2 Results": []}, "Sentence-level breakdown": [{"Section": "TITLE", "Text": "Proposer des recommandations de prise en charge des patientes atteintes de cancer gynecologique dans la periode de pandemie du COVID-19 .", "Evidence Elements": {"Participant": [{"term": "atteintes de cancer gynecologique", "negation": "affirmed", "UMLS": "", "start": 62, "end": 95}, {"term": "du COVID-19", "negation": "affirmed", "UMLS": "", "start": 124, "end": 135}], "Intervention": [], "Outcome": [{"term": "recommandations de prise en charge", "negation": "affirmed", "UMLS": "", "start": 13, "end": 47}]}, "Evidence Propositions": []}, {"Section": "METHODS", "Text": "Recommandations sur le modele des conferences de consensus .", "Evidence Elements": {"Participant": [], "Intervention": [], "Outcome": [{"term": "Recommandations", "negation": "affirmed", "UMLS": "", "start": 0, "end": 15}]}, "Evidence Propositions": []}, {"Section": "METHODS", "Text": "En cas de patiente positive COVID-19 , il convient de differer la prise en charge chirurgicale d ' au moins 15 jours .", "Evidence Elements": {"Participant": [{"term": "positive COVID-19", "negation": "affirmed", "UMLS": "", "start": 19, "end": 36}], "Intervention": [], "Outcome": [{"term": "prise en charge chirurgicale", "negation": "affirmed", "UMLS": "", "start": 66, "end": 94}]}, "Evidence Propositions": []}, {"Section": "METHODS", "Text": "Pour le cancer du col , la place de la chirurgie doit etre re-evaluee par rapport a la radiotherapie et la radio-chimiotherapie-concomitante et l ' interet des chirurgies de stadification ganglionnaire doit etre revu au cas par cas .", "Evidence Elements": {"Participant": [{"term": "cancer", "negation": "affirmed", "UMLS": "", "start": 8, "end": 14}, {"term": "col", "negation": "affirmed", "UMLS": "", "start": 18, "end": 21}], "Intervention": [], "Outcome": [{"term": "de stadification ganglionnaire", "negation": "affirmed", "UMLS": "", "start": 171, "end": 201}]}, "Evidence Propositions": []}, {"Section": "METHODS", "Text": "Pour les cancers de l 'ovaire de stade avance , il convient de privilegier la chimiotherapie neo-adjuvante meme si la chirurgie de cytoreduction premiere pourrait etre envisageable .", "Evidence Elements": {"Participant": [{"term": "cancers", "negation": "affirmed", "UMLS": "", "start": 9, "end": 16}], "Intervention": [], "Outcome": []}, "Evidence Propositions": []}, {"Section": "METHODS", "Text": "Il est licite de ne pas proposer la chimiotherapie hyperthermique intra-peritoneale en periode de pandemie COVID-19 .", "Evidence Elements": {"Participant": [{"term": "pandemie COVID-19", "negation": "affirmed", "UMLS": "", "start": 98, "end": 115}], "Intervention": [{"term": "chimiotherapie hyperthermique intra-peritoneale", "negation": "affirmed", "UMLS": "", "start": 36, "end": 83}], "Outcome": []}, "Evidence Propositions": []}, {"Section": "METHODS", "Text": "Pour les cas des patientes qui doivent beneficier d ' une chirurgie d ' intervalle , il est possible de poursuivre la chimiotherapie et de proposer une chirurgie de cloture apres 6 cycles de chimiotherapie .", "Evidence Elements": {"Participant": [], "Intervention": [{"term": "chimiotherapie", "negation": "affirmed", "UMLS": "", "start": 118, "end": 132}], "Outcome": [{"term": "chirurgie", "negation": "affirmed", "UMLS": "", "start": 58, "end": 67}]}, "Evidence Propositions": []}, {"Section": "METHODS", "Text": "Pour le cancer de l ' endometre de stade precoce , en cas de risque ESMO preoperatoire faible et intermediaire , il faut privilegier une hysterectomie totale avec annexectomie bilaterale associee a une procedure du ganglion sentinelle .", "Evidence Elements": {"Participant": [{"term": "hysterectomie totale", "negation": "affirmed", "UMLS": "", "start": 137, "end": 157}, {"term": "annexectomie bilaterale", "negation": "affirmed", "UMLS": "", "start": 163, "end": 186}], "Intervention": [], "Outcome": [{"term": "cancer de l ' endometre de stade precoce", "negation": "affirmed", "UMLS": "", "start": 8, "end": 48}]}, "Evidence Propositions": []}, {"Section": "METHODS", "Text": "Il est licite d ' envisager le report de 1 a 2 mois de la chirurgie dans les cancers de l ' endometre de bas risque ( stade FIGO Ia sur l ' IRM et cancer endometrioide de grade 1-2 sur la biopsie endometriale ) .", "Evidence Elements": {"Participant": [{"term": "cancers de l ' endometre de bas risque", "negation": "affirmed", "UMLS": "", "start": 77, "end": 115}, {"term": "IRM", "negation": "affirmed", "UMLS": "", "start": 140, "end": 143}, {"term": "cancer endometrioide", "negation": "affirmed", "UMLS": "", "start": 147, "end": 167}], "Intervention": [{"term": "chirurgie", "negation": "affirmed", "UMLS": "", "start": 58, "end": 67}], "Outcome": []}, "Evidence Propositions": []}, {"Section": "METHODS", "Text": "Pour les risques ESMO eleves , il semble legitime de privilegier l ' algorithme du MSKCC ( associant TEP TDM et procedure du GS ) afin d ' omettre les lympahdenectomies pelviennes et lomboaortiques .", "Evidence Elements": {"Participant": [], "Intervention": [{"term": "du MSKCC", "negation": "affirmed", "UMLS": "", "start": 80, "end": 88}, {"term": "GS", "negation": "affirmed", "UMLS": "", "start": 125, "end": 127}], "Outcome": []}, "Evidence Propositions": []}, {"Section": "CONCLUSIONS", "Text": "En periode de pandemie COVID-19 , il convient de ne pas faire perdre de chance aux patientes atteintes de cancer , tout en limitant les risques lies au virus .", "Evidence Elements": {"Participant": [{"term": "pandemie COVID-19", "negation": "affirmed", "UMLS": "", "start": 14, "end": 31}], "Intervention": [], "Outcome": []}, "Evidence Propositions": []}]}