{"doc_id": "32221306", "type of study": "Therapy", "title": "", "abstract": "Since 2002, beta coronaviruses (CoV) have caused three zoonotic outbreaks, SARS-CoV in 2002-2003, MERS-CoV in 2012, and the newly emerged SARS-CoV-2 in late 2019.\nHowever, little is currently known about the biology of SARS-CoV-2.\nHere, using SARS-CoV-2 S protein pseudovirus system, we confirm that human angiotensin converting enzyme 2 (hACE2) is the receptor for SARS-CoV-2, find that SARS-CoV-2 enters 293/hACE2 cells mainly through endocytosis, that PIKfyve, TPC2, and cathepsin L are critical for entry, and that SARS-CoV-2 S protein is less stable than SARS-CoV S. Polyclonal anti-SARS S1 antibodies T62 inhibit entry of SARS-CoV S but not SARS-CoV-2 S pseudovirions.\nFurther studies using recovered SARS and COVID-19 patients' sera show limited cross-neutralization, suggesting that recovery from one infection might not protect against the other.\nOur results present potential targets for development of drugs and vaccines for SARS-CoV-2.\nSARS-CoV-2 has spread globally.\nHere, the authors characterize the entry pathway of SARS-CoV-2, show that the SARS-CoV-2 spike protein is less stable than that of SARS-CoV, and show limited cross-neutralization activities between SARS-CoV and SARS-CoV-2 sera.\n", "Evidence Map": {"Enrollment": [{"term": "hACE2", "negation": "affirmed", "UMLS": "", "start": 111, "end": 116}], "Comparison Results": [], "Study Arm 1 Results": [], "Study Arm 2 Results": []}, "Sentence-level breakdown": [{"Section": "TITLE", "Text": "Since 2002 , beta coronaviruses ( CoV ) have caused three zoonotic outbreaks , SARS-CoV in 2002-2003 , MERS-CoV in 2012 , and the newly emerged SARS-CoV-2 in late 2019 .", "Evidence Elements": {"Participant": [], "Intervention": [], "Outcome": []}, "Evidence Propositions": []}, {"Section": "RESULTS", "Text": "However , little is currently known about the biology of SARS-CoV-2 .", "Evidence Elements": {"Participant": [], "Intervention": [], "Outcome": []}, "Evidence Propositions": []}, {"Section": "RESULTS", "Text": "Here , using SARS-CoV-2 S protein pseudovirus system , we confirm that human angiotensin converting enzyme 2 ( hACE2 ) is the receptor for SARS-CoV-2 , find that SARS-CoV-2 enters 293 / hACE2 cells mainly through endocytosis , that PIKfyve , TPC2 , and cathepsin L are critical for entry , and that SARS-CoV-2 S protein is less stable than SARS-CoV S . Polyclonal anti-SARS S1 antibodies", "Evidence Elements": {"Participant": [{"term": "hACE2", "negation": "affirmed", "UMLS": "", "start": 111, "end": 116}], "Intervention": [{"term": "SARS-CoV-2", "negation": "affirmed", "UMLS": "", "start": 13, "end": 23}, {"term": "SARS-CoV-2", "negation": "affirmed", "UMLS": "", "start": 13, "end": 23}, {"term": "SARS-CoV-2 S protein", "negation": "affirmed", "UMLS": "", "start": 13, "end": 33}, {"term": "SARS-CoV S", "negation": "affirmed", "UMLS": "", "start": 340, "end": 350}], "Outcome": [{"term": "human angiotensin converting enzyme 2 ( hACE2 )", "negation": "affirmed", "UMLS": "", "start": 71, "end": 118}, {"term": "TPC2", "negation": "affirmed", "UMLS": "", "start": 242, "end": 246}, {"term": "cathepsin L", "negation": "affirmed", "UMLS": "", "start": 253, "end": 264}, {"term": "entry", "negation": "affirmed", "UMLS": "", "start": 282, "end": 287}]}, "Evidence Propositions": [{"Intervention": ["SARS-CoV-2 S protein", "SARS-CoV S"], "Observation": "less stable", "Outcome": "", "Count": ""}]}, {"Section": "RESULTS", "Text": "Further studies using recovered SARS and COVID-19 patients ' sera show limited cross-neutralization , suggesting that recovery from one infection might not protect against the other .", "Evidence Elements": {"Participant": [], "Intervention": [], "Outcome": [{"term": "cross-neutralization", "negation": "affirmed", "UMLS": "", "start": 79, "end": 99}, {"term": "recovery from one infection", "negation": "affirmed", "UMLS": "", "start": 118, "end": 145}]}, "Evidence Propositions": []}, {"Section": "CONCLUSIONS", "Text": "Our results present potential targets for development of drugs and vaccines for SARS-CoV-2 .", "Evidence Elements": {"Participant": [], "Intervention": [], "Outcome": []}, "Evidence Propositions": []}, {"Section": "CONCLUSIONS", "Text": "SARS-CoV-2 has spread globally .", "Evidence Elements": {"Participant": [], "Intervention": [], "Outcome": []}, "Evidence Propositions": []}, {"Section": "CONCLUSIONS", "Text": "Here , the authors characterize the entry pathway of SARS-CoV-2 , show that the SARS-CoV-2 spike protein is less stable than that of SARS-CoV , and show limited cross-neutralization activities between SARS-CoV and SARS-CoV-2 sera .", "Evidence Elements": {"Participant": [], "Intervention": [{"term": "SARS-CoV-2", "negation": "affirmed", "UMLS": "", "start": 53, "end": 63}, {"term": "SARS-CoV-2 spike protein", "negation": "affirmed", "UMLS": "", "start": 80, "end": 104}, {"term": "SARS-CoV", "negation": "affirmed", "UMLS": "", "start": 53, "end": 61}, {"term": "SARS-CoV", "negation": "affirmed", "UMLS": "", "start": 53, "end": 61}], "Outcome": [{"term": "entry pathway", "negation": "affirmed", "UMLS": "", "start": 36, "end": 49}, {"term": "cross-neutralization activities", "negation": "affirmed", "UMLS": "", "start": 161, "end": 192}]}, "Evidence Propositions": [{"Intervention": ["SARS-CoV-2", "SARS-CoV-2 spike protein", "SARS-CoV"], "Observation": "less stable", "Outcome": "", "Count": ""}]}]}