{"doc_id": "32227189", "type of study": "Therapy", "title": "", "abstract": "Hydroxychloroquine, an essential treatment for many patients with rheumatologic conditions, has recently garnered widespread attention as a potential treatment for COVID-19 infection.\nThe authors appraise the study generating this interest and highlight the potential consequences of rapid dissemination of overinterpreted data, particularly for people with conditions for which hydroxychloroquine has demonstrated benefits in preventing organ damage and life-threatening disease flares.\n", "Evidence Map": {"Enrollment": [], "Comparison Results": [], "Study Arm 1 Results": [], "Study Arm 2 Results": []}, "Sentence-level breakdown": [{"Section": "TITLE", "Text": "Hydroxychloroquine , an essential treatment for many patients with rheumatologic conditions , has recently garnered widespread attention as a potential treatment for COVID-19 infection .", "Evidence Elements": {"Participant": [], "Intervention": [], "Outcome": []}, "Evidence Propositions": []}, {"Section": "CONCLUSIONS", "Text": "The authors appraise the study generating this interest and highlight the potential consequences of rapid dissemination of overinterpreted data , particularly for people with conditions for which hydroxychloroquine has demonstrated benefits in preventing organ damage and life-threatening disease flares .", "Evidence Elements": {"Participant": [], "Intervention": [], "Outcome": [{"term": "organ damage", "negation": "affirmed", "UMLS": "", "start": 255, "end": 267}, {"term": "life-threatening disease", "negation": "affirmed", "UMLS": "", "start": 272, "end": 296}]}, "Evidence Propositions": []}]}