{"doc_id": "32229257", "type of study": "Therapy", "title": "", "abstract": "There are no clear expert consensus or guidelines on how to treat COVID-19.\nWe developed a risk-adapted treatment approach according to the illness severity.\nThis strategy was effective in symptoms alleviation and chest CT recovery.\nThis strategy is a useful and efficient approach for COVID-19 patients.\nThere are no clear expert consensus or guidelines on how to treat 2019 coronavirus disease (COVID-19).\nThe objective of this study is to investigate the short-term effect of risk-adapted treatment strategy on patients with COVID-19.\nWe collected the medical records of 55 COVID-19 patients for analysis.\nWe divided these patients into mild, moderate and severe groups, and risk-adapted treatment approaches were given according to the illness severity.\nTwelve patients were in mild group and 22 were in moderate group (non-severe group, n = 34), and 21 patients were in severe group.\nAt the end of the first two weeks after admission, clinical manifestations had completely despeared in 31(91.2%)patients in non-severe group, and 18(85.7%) patients in severe group (p = 0.85).\nBoth groups had a satisfied chest CT imaging recovery, which includes 22(64.7%) patients in non-severe group and 12(57.1%) patients in severe group recovered at least 50% of the whole leisions in the first week, and 28(82.4%) and 16(76.2%) recovered at least 75% in the second week, respectively.\nThere were no significant differences in SARS-CoV-2 nucleic acid negativity (p = 0.92).\nThere were also no significant differences in the levels of SARS-CoV-2-IgM and IgG antibody production between the two groups (p = 0.13, 0.62).\nThere were 45 cases were discharged from the hospital, and no patients died at the time of this clinical analysis.\nRisk-adapted treatment strategy was associated with significant clinical manifestations alleviation and clinical imaging recovery.\nIn severe COVID-19 patients, early and short-term use of low-dose methylprednisolone was beneficial and did not delay SARS-CoV-2 nucleic acid clearance and influence IgG antibody production.\n", "Evidence Map": {"Enrollment": [{"term": "COVID-19", "negation": "affirmed", "UMLS": "", "start": 53, "end": 61}, {"term": "COVID-19", "negation": "affirmed", "UMLS": "", "start": 120, "end": 128}, {"term": "COVID-19", "negation": "affirmed", "UMLS": "", "start": 39, "end": 47}, {"term": "severe COVID-19", "negation": "affirmed", "UMLS": "", "start": 3, "end": 18}], "Comparison Results": [], "Study Arm 1 Results": [], "Study Arm 2 Results": []}, "Sentence-level breakdown": [{"Section": "TITLE", "Text": "There are no clear expert consensus or guidelines on how to treat COVID-19 .", "Evidence Elements": {"Participant": [], "Intervention": [], "Outcome": []}, "Evidence Propositions": []}, {"Section": "BACKGROUND", "Text": "We developed a risk-adapted treatment approach according to the illness severity .", "Evidence Elements": {"Participant": [], "Intervention": [], "Outcome": []}, "Evidence Propositions": []}, {"Section": "BACKGROUND", "Text": "This strategy was effective in symptoms alleviation and chest CT recovery .", "Evidence Elements": {"Participant": [], "Intervention": [], "Outcome": [{"term": "symptoms alleviation", "negation": "affirmed", "UMLS": "", "start": 31, "end": 51}, {"term": "chest CT recovery", "negation": "affirmed", "UMLS": "", "start": 56, "end": 73}]}, "Evidence Propositions": []}, {"Section": "BACKGROUND", "Text": "This strategy is a useful and efficient approach for COVID-19 patients .", "Evidence Elements": {"Participant": [{"term": "COVID-19", "negation": "affirmed", "UMLS": "", "start": 53, "end": 61}], "Intervention": [], "Outcome": []}, "Evidence Propositions": []}, {"Section": "BACKGROUND", "Text": "There are no clear expert consensus or guidelines on how to treat 2019 coronavirus disease ( COVID-19 ) .", "Evidence Elements": {"Participant": [], "Intervention": [], "Outcome": []}, "Evidence Propositions": []}, {"Section": "OBJECTIVE", "Text": "The objective of this study is to investigate the short-term effect of risk-adapted treatment strategy on patients with COVID-19 .", "Evidence Elements": {"Participant": [{"term": "COVID-19", "negation": "affirmed", "UMLS": "", "start": 120, "end": 128}], "Intervention": [{"term": "risk-adapted treatment strategy", "negation": "affirmed", "UMLS": "", "start": 71, "end": 102}], "Outcome": []}, "Evidence Propositions": []}, {"Section": "METHODS", "Text": "We collected the medical records of 55 COVID-19 patients for analysis .", "Evidence Elements": {"Participant": [{"term": "COVID-19", "negation": "affirmed", "UMLS": "", "start": 39, "end": 47}], "Intervention": [], "Outcome": []}, "Evidence Propositions": []}, {"Section": "METHODS", "Text": "We divided these patients into mild , moderate and severe groups , and risk-adapted treatment approaches were given according to the illness severity .", "Evidence Elements": {"Participant": [], "Intervention": [], "Outcome": []}, "Evidence Propositions": []}, {"Section": "RESULTS", "Text": "Twelve patients were in mild group and 22 were in moderate group ( non-severe group , n = 34 ) , and 21 patients were in severe group .", "Evidence Elements": {"Participant": [], "Intervention": [{"term": "mild", "negation": "affirmed", "UMLS": "", "start": 24, "end": 28}, {"term": "moderate group", "negation": "affirmed", "UMLS": "", "start": 50, "end": 64}], "Outcome": []}, "Evidence Propositions": []}, {"Section": "RESULTS", "Text": "At the end of the first two weeks after admission , clinical manifestations had completely despeared in 31 ( 91.2 % ) patients in non-severe group , and 18 ( 85.7 % ) patients in severe group ( p = 0.85 ) .", "Evidence Elements": {"Participant": [], "Intervention": [{"term": "non-severe", "negation": "affirmed", "UMLS": "", "start": 130, "end": 140}], "Outcome": [{"term": "clinical manifestations", "negation": "affirmed", "UMLS": "", "start": 52, "end": 75}, {"term": "completely despeared", "negation": "affirmed", "UMLS": "", "start": 80, "end": 100}]}, "Evidence Propositions": [{"Intervention": "non-severe", "Observation": "", "Count": "31 ( 91.2 % ) patients", "Outcome": "completely despeared"}]}, {"Section": "RESULTS", "Text": "Both groups had a satisfied chest CT imaging recovery , which includes 22 ( 64.7 % ) patients in non-severe group and 12 ( 57.1 % ) patients in severe group recovered at least 50 % of the whole leisions in the first week , and 28 ( 82.4 % ) and 16 ( 76.2 % ) recovered at least 75 % in the second week , respectively .", "Evidence Elements": {"Participant": [], "Intervention": [{"term": "Both groups", "negation": "affirmed", "UMLS": "", "start": 0, "end": 11}, {"term": "non-severe", "negation": "affirmed", "UMLS": "", "start": 97, "end": 107}, {"term": "severe group", "negation": "affirmed", "UMLS": "", "start": 101, "end": 113}], "Outcome": [{"term": "chest CT imaging recovery", "negation": "affirmed", "UMLS": "", "start": 28, "end": 53}, {"term": "recovered at least 50 % of the whole leisions", "negation": "affirmed", "UMLS": "", "start": 157, "end": 202}]}, "Evidence Propositions": []}, {"Section": "RESULTS", "Text": "There were no significant differences in SARS-CoV-2 nucleic acid negativity ( p = 0.92 ) .", "Evidence Elements": {"Participant": [], "Intervention": [], "Outcome": [{"term": "SARS-CoV-2 nucleic acid negativity", "negation": "negated", "UMLS": "", "start": 41, "end": 75}]}, "Evidence Propositions": [{"Intervention": [], "Observation": "significant differences", "Outcome": "SARS-CoV-2 nucleic acid negativity", "Count": ""}]}, {"Section": "RESULTS", "Text": "There were also no significant differences in the levels of SARS-CoV-2-IgM and IgG antibody production between the two groups ( p = 0.13 , 0.62 ) .", "Evidence Elements": {"Participant": [], "Intervention": [{"term": "between the two groups", "negation": "negated", "UMLS": "", "start": 103, "end": 125}], "Outcome": [{"term": "levels of SARS-CoV-2-IgM", "negation": "negated", "UMLS": "", "start": 50, "end": 74}, {"term": "IgG antibody production", "negation": "negated", "UMLS": "", "start": 79, "end": 102}]}, "Evidence Propositions": [{"Intervention": [], "Observation": "significant differences", "Outcome": "levels of SARS-CoV-2-IgM", "Count": ""}]}, {"Section": "RESULTS", "Text": "There were 45 cases were discharged from the hospital , and no patients died at the time of this clinical analysis .", "Evidence Elements": {"Participant": [], "Intervention": [], "Outcome": [{"term": "discharged from the hospital", "negation": "affirmed", "UMLS": "", "start": 25, "end": 53}, {"term": "died", "negation": "negated", "UMLS": "", "start": 72, "end": 76}]}, "Evidence Propositions": []}, {"Section": "CONCLUSIONS", "Text": "Risk-adapted treatment strategy was associated with significant clinical manifestations alleviation and clinical imaging recovery .", "Evidence Elements": {"Participant": [], "Intervention": [{"term": "Risk-adapted treatment strategy", "negation": "affirmed", "UMLS": "", "start": 0, "end": 31}], "Outcome": [{"term": "clinical manifestations alleviation", "negation": "affirmed", "UMLS": "", "start": 64, "end": 99}, {"term": "clinical imaging recovery", "negation": "affirmed", "UMLS": "", "start": 104, "end": 129}]}, "Evidence Propositions": []}, {"Section": "CONCLUSIONS", "Text": "In severe COVID-19 patients , early and short-term use of low-dose methylprednisolone was beneficial and did not delay SARS-CoV-2 nucleic acid clearance and influence IgG antibody production .", "Evidence Elements": {"Participant": [{"term": "severe COVID-19", "negation": "affirmed", "UMLS": "", "start": 3, "end": 18}], "Intervention": [{"term": "early and short-term use of low-dose methylprednisolone", "negation": "affirmed", "UMLS": "", "start": 30, "end": 85}], "Outcome": [{"term": "SARS-CoV-2 nucleic acid clearance", "negation": "negated", "UMLS": "", "start": 119, "end": 152}, {"term": "IgG antibody", "negation": "negated", "UMLS": "", "start": 167, "end": 179}]}, "Evidence Propositions": []}]}