{"doc_id": "32222720", "type of study": "Therapy", "title": "", "abstract": "Coronavirus disease 2019 (COVID-19) outbreak started in December 2019 that caused difficulties for clinical work.\nPractical work experience in our spinal outpatient and emergency department during the COVID-19 pandemic is summarized in this article, with combined evidence-based medical evidence to explore a standardized process of diagnosis and treatment for spinal diseases.\nOutpatient reservation, continuous screening, triage, and isolation, first consultation accountability system, pandemic reporting system, and online revisit were strictly followed.\nWe hope that our experience in prevention and control of COVID-19 can help spine surgeons globally in stopping the spread of COVID-19.\nSpine surgeons should collaborate with infection control specialists to avoid cross-infection in hospitals and optimize treatment.\n", "Evidence Map": {"Enrollment": [{"term": "spinal", "negation": "affirmed", "UMLS": "", "start": 33, "end": 39}, {"term": "surgeons", "negation": "affirmed", "UMLS": "", "start": 81, "end": 89}], "Comparison Results": [], "Study Arm 1 Results": [], "Study Arm 2 Results": []}, "Sentence-level breakdown": [{"Section": "TITLE", "Text": "Coronavirus disease 2019 ( COVID-19 ) outbreak started in December 2019 that caused difficulties for clinical work .", "Evidence Elements": {"Participant": [], "Intervention": [], "Outcome": []}, "Evidence Propositions": []}, {"Section": "RESULTS", "Text": "Practical work experience in our spinal outpatient and emergency department during the COVID-19 pandemic is summarized in this article , with combined evidence-based medical evidence to explore a standardized process of diagnosis and treatment for spinal diseases .", "Evidence Elements": {"Participant": [{"term": "spinal", "negation": "affirmed", "UMLS": "", "start": 33, "end": 39}], "Intervention": [], "Outcome": [{"term": "work experience", "negation": "affirmed", "UMLS": "", "start": 10, "end": 25}]}, "Evidence Propositions": []}, {"Section": "RESULTS", "Text": "Outpatient reservation , continuous screening , triage , and isolation , first consultation accountability system , pandemic reporting system , and online revisit were strictly followed .", "Evidence Elements": {"Participant": [], "Intervention": [], "Outcome": [{"term": "Outpatient reservation", "negation": "affirmed", "UMLS": "", "start": 0, "end": 22}, {"term": "continuous screening", "negation": "affirmed", "UMLS": "", "start": 25, "end": 45}, {"term": "triage", "negation": "affirmed", "UMLS": "", "start": 48, "end": 54}, {"term": "accountability system", "negation": "affirmed", "UMLS": "", "start": 92, "end": 113}, {"term": "pandemic reporting system", "negation": "affirmed", "UMLS": "", "start": 116, "end": 141}]}, "Evidence Propositions": []}, {"Section": "CONCLUSIONS", "Text": "We hope that our experience in prevention and control of COVID-19 can help spine surgeons globally in stopping the spread of COVID-19 .", "Evidence Elements": {"Participant": [{"term": "surgeons", "negation": "affirmed", "UMLS": "", "start": 81, "end": 89}], "Intervention": [], "Outcome": []}, "Evidence Propositions": []}, {"Section": "CONCLUSIONS", "Text": "Spine surgeons should collaborate with infection control specialists to avoid cross-infection in hospitals and optimize treatment .", "Evidence Elements": {"Participant": [], "Intervention": [], "Outcome": []}, "Evidence Propositions": []}]}