{"doc_id": "32225176", "type of study": "Therapy", "title": "", "abstract": "A new and highly pathogenic coronavirus (severe acute respiratory syndrome coronavirus-2, SARS-CoV-2) caused an outbreak in Wuhan city, Hubei province, China, starting from December 2019 that quickly spread nationwide and to other countries around the world1-3.\nHere, to better understand the initial step of infection at an atomic level, we determined the crystal structure of the receptor-binding domain (RBD) of the spike protein of SARS-CoV-2 bound to the cell receptor ACE2.\nThe overall ACE2-binding mode of the SARS-CoV-2 RBD is nearly identical to that of the SARS-CoV RBD, which also uses ACE2 as the cell receptor4.\nStructural analysis identified residues in the SARS-CoV-2 RBD that are essential for ACE2 binding, the majority of which either are highly conserved or share similar side chain properties with those in the SARS-CoV RBD.\nSuch similarity in structure and sequence strongly indicate convergent evolution between the SARS-CoV-2 and SARS-CoV RBDs for improved binding to ACE2, although SARS-CoV-2 does not cluster within SARS and SARS-related coronaviruses1-3,5.\nThe epitopes of two SARS-CoV antibodies that target the RBD are also analysed for binding to the SARS-CoV-2 RBD, providing insights into the future identification of cross-reactive antibodies.\n", "Evidence Map": {"Enrollment": [], "Comparison Results": [], "Study Arm 1 Results": [], "Study Arm 2 Results": []}, "Sentence-level breakdown": [{"Section": "TITLE", "Text": "A new and highly pathogenic coronavirus ( severe acute respiratory syndrome coronavirus-2 , SARS-CoV-2 ) caused an outbreak in Wuhan city , Hubei province , China , starting from December 2019 that quickly spread nationwide and to other countries around the world ##1-3 .", "Evidence Elements": {"Participant": [], "Intervention": [], "Outcome": []}, "Evidence Propositions": []}, {"Section": "OBJECTIVE", "Text": "Here , to better understand the initial step of infection at an atomic level , we determined the crystal structure of the receptor-binding domain ( RBD ) of the spike protein of SARS-CoV-2 bound to the cell receptor ACE2 .", "Evidence Elements": {"Participant": [], "Intervention": [], "Outcome": [{"term": "crystal structure", "negation": "affirmed", "UMLS": "", "start": 97, "end": 114}, {"term": "receptor-binding domain ( RBD ) of the spike protein of SARS-CoV-2", "negation": "affirmed", "UMLS": "", "start": 122, "end": 188}]}, "Evidence Propositions": []}, {"Section": "RESULTS", "Text": "The overall ACE2-binding mode of the SARS-CoV-2 RBD is nearly identical to that of the SARS-CoV RBD , which also uses ACE2 as the cell receptor ##4 .", "Evidence Elements": {"Participant": [], "Intervention": [], "Outcome": [{"term": "ACE2-binding mode", "negation": "affirmed", "UMLS": "", "start": 12, "end": 29}]}, "Evidence Propositions": []}, {"Section": "RESULTS", "Text": "Structural analysis identified residues in the SARS-CoV-2 RBD that are essential for ACE2 binding , the majority of which either are highly conserved or share similar side chain properties with those in the SARS-CoV RBD .", "Evidence Elements": {"Participant": [], "Intervention": [{"term": "SARS-CoV-2 RBD", "negation": "affirmed", "UMLS": "", "start": 47, "end": 61}, {"term": "SARS-CoV", "negation": "affirmed", "UMLS": "", "start": 47, "end": 55}], "Outcome": []}, "Evidence Propositions": []}, {"Section": "RESULTS", "Text": "Such similarity in structure and sequence strongly indicate convergent evolution between the SARS-CoV-2 and SARS-CoV RBDs for improved binding to ACE2 , although SARS-CoV-2 does not cluster within SARS and SARS-related coronaviruses ##1-3 , 5 .", "Evidence Elements": {"Participant": [], "Intervention": [], "Outcome": []}, "Evidence Propositions": []}, {"Section": "CONCLUSIONS", "Text": "The epitopes of two SARS-CoV antibodies that target the RBD are also analysed for binding to the SARS-CoV-2 RBD , providing insights into the future identification of cross-reactive antibodies .", "Evidence Elements": {"Participant": [], "Intervention": [], "Outcome": [{"term": "epitopes", "negation": "affirmed", "UMLS": "", "start": 4, "end": 12}]}, "Evidence Propositions": []}]}