{"doc_id": "32220276", "type of study": "Therapy", "title": "", "abstract": "Objective: To investigate the clinical and coagulation characteristics of the critical Coronavirus disease 2019 (COVID-19) patients with acro-ischemia in the intensive care unit (ICU).\nMethods: The retrospective study included 7 critical COVID-19 patients with acro-ischemia in a single center in Wuhan, from Feb 4 to Feb 15, 2020.\nThe clinical and laboratory data before and during the ICU stay were analyzed.\nResults: The median age of 7 patients was 59 years and 4 of them were men.\n3 of them were associated with underlying comorbidities.\nFever, cough, dyspnea and diarrhea were common clinical symptoms.\nAll patients had acro-ischemia presentations including finger/toe cyanosis, skin bulla and dry gangrene.\nD-dimer, fibrinogen and fibrinogen degradation product (FDP) were significantly elevated in most patients.\nProthrombin time (PT) were prolonged in 4 patients.\nD-dimer and FDP levels increased progressively when COVID-2019 exacerbated, and 4 patients were diagnosed with definite disseminated intravascular coagulation (DIC).\n6 patients received low molecular weight heparin (LMWH) treatment, after which their D-dimer and FDP decreased, but there was no significant improvement in clinical symptoms.\n5 patients died finally and the median time from acro-ischemia to death was 12 days.\nConclusions: The existence of hypercoagulation status in critical COVID-2019 patients should be monitored closely, and anticoagulation therapy can be considered in selected patients.\nMore clinical data is needed to investigate the role of anticoagulation in COVID-2019 treatment.\n", "Evidence Map": {"Enrollment": [{"term": "critical Coronavirus disease 2019 ( COVID-19 )", "negation": "affirmed", "UMLS": "", "start": 79, "end": 125}, {"term": "acro-ischemia", "negation": "affirmed", "UMLS": "", "start": 140, "end": 153}, {"term": "critical COVID-19", "negation": "affirmed", "UMLS": "", "start": 45, "end": 62}, {"term": "acro-ischemia", "negation": "affirmed", "UMLS": "", "start": 77, "end": 90}, {"term": "underlying comorbidities", "negation": "affirmed", "UMLS": "", "start": 31, "end": 55}, {"term": "acro-ischemia presentations", "negation": "affirmed", "UMLS": "", "start": 17, "end": 44}, {"term": "toe cyanosis", "negation": "affirmed", "UMLS": "", "start": 64, "end": 76}, {"term": "skin bulla", "negation": "affirmed", "UMLS": "", "start": 79, "end": 89}, {"term": "dry", "negation": "affirmed", "UMLS": "", "start": 94, "end": 97}, {"term": "COVID-2019 exacerbated", "negation": "affirmed", "UMLS": "", "start": 52, "end": 74}, {"term": "definite disseminated intravascular coagulation", "negation": "affirmed", "UMLS": "", "start": 112, "end": 159}, {"term": "critical COVID-2019", "negation": "affirmed", "UMLS": "", "start": 58, "end": 77}], "Comparison Results": [], "Study Arm 1 Results": [], "Study Arm 2 Results": []}, "Sentence-level breakdown": [{"Section": "TITLE", "Text": "Objective : To investigate the clinical and coagulation characteristics of the critical Coronavirus disease 2019 ( COVID-19 ) patients with acro-ischemia in the intensive care unit ( ICU ) .", "Evidence Elements": {"Participant": [{"term": "critical Coronavirus disease 2019 ( COVID-19 )", "negation": "affirmed", "UMLS": "", "start": 79, "end": 125}, {"term": "acro-ischemia", "negation": "affirmed", "UMLS": "", "start": 140, "end": 153}], "Intervention": [], "Outcome": [{"term": "clinical and coagulation characteristics", "negation": "affirmed", "UMLS": "", "start": 31, "end": 71}]}, "Evidence Propositions": []}, {"Section": "METHODS", "Text": "Methods : The retrospective study included 7 critical COVID-19 patients with acro-ischemia in a single center in Wuhan , from Feb 4 to Feb 15 , 2020 .", "Evidence Elements": {"Participant": [{"term": "critical COVID-19", "negation": "affirmed", "UMLS": "", "start": 45, "end": 62}, {"term": "acro-ischemia", "negation": "affirmed", "UMLS": "", "start": 77, "end": 90}], "Intervention": [], "Outcome": []}, "Evidence Propositions": []}, {"Section": "METHODS", "Text": "The clinical and laboratory data before and during the ICU stay were analyzed .", "Evidence Elements": {"Participant": [], "Intervention": [], "Outcome": [{"term": "clinical and laboratory data", "negation": "affirmed", "UMLS": "", "start": 4, "end": 32}]}, "Evidence Propositions": []}, {"Section": "RESULTS", "Text": "Results : The median age of 7 patients was 59 years and 4 of them were men .", "Evidence Elements": {"Participant": [], "Intervention": [], "Outcome": []}, "Evidence Propositions": []}, {"Section": "RESULTS", "Text": "3 of them were associated with underlying comorbidities .", "Evidence Elements": {"Participant": [{"term": "underlying comorbidities", "negation": "affirmed", "UMLS": "", "start": 31, "end": 55}], "Intervention": [], "Outcome": []}, "Evidence Propositions": []}, {"Section": "RESULTS", "Text": "Fever , cough , dyspnea and diarrhea were common clinical symptoms .", "Evidence Elements": {"Participant": [], "Intervention": [], "Outcome": [{"term": "Fever", "negation": "affirmed", "UMLS": "", "start": 0, "end": 5}, {"term": "cough", "negation": "affirmed", "UMLS": "", "start": 8, "end": 13}, {"term": "dyspnea", "negation": "affirmed", "UMLS": "", "start": 16, "end": 23}, {"term": "diarrhea", "negation": "affirmed", "UMLS": "", "start": 28, "end": 36}]}, "Evidence Propositions": []}, {"Section": "RESULTS", "Text": "All patients had acro-ischemia presentations including finger / toe cyanosis , skin bulla and dry gangrene .", "Evidence Elements": {"Participant": [{"term": "acro-ischemia presentations", "negation": "affirmed", "UMLS": "", "start": 17, "end": 44}, {"term": "toe cyanosis", "negation": "affirmed", "UMLS": "", "start": 64, "end": 76}, {"term": "skin bulla", "negation": "affirmed", "UMLS": "", "start": 79, "end": 89}, {"term": "dry", "negation": "affirmed", "UMLS": "", "start": 94, "end": 97}], "Intervention": [], "Outcome": []}, "Evidence Propositions": []}, {"Section": "RESULTS", "Text": "D-dimer , fibrinogen and fibrinogen degradation product ( FDP ) were significantly elevated in most patients .", "Evidence Elements": {"Participant": [], "Intervention": [], "Outcome": [{"term": "D-dimer", "negation": "affirmed", "UMLS": "", "start": 0, "end": 7}, {"term": "fibrinogen", "negation": "affirmed", "UMLS": "", "start": 10, "end": 20}, {"term": "fibrinogen degradation product ( FDP )", "negation": "affirmed", "UMLS": "", "start": 25, "end": 63}]}, "Evidence Propositions": []}, {"Section": "RESULTS", "Text": "Prothrombin time ( PT ) were prolonged in 4 patients .", "Evidence Elements": {"Participant": [], "Intervention": [], "Outcome": [{"term": "Prothrombin time ( PT )", "negation": "affirmed", "UMLS": "", "start": 0, "end": 23}]}, "Evidence Propositions": []}, {"Section": "RESULTS", "Text": "D-dimer and FDP levels increased progressively when COVID-2019 exacerbated , and 4 patients were diagnosed with definite disseminated intravascular coagulation ( DIC ) .", "Evidence Elements": {"Participant": [{"term": "COVID-2019 exacerbated", "negation": "affirmed", "UMLS": "", "start": 52, "end": 74}, {"term": "definite disseminated intravascular coagulation", "negation": "affirmed", "UMLS": "", "start": 112, "end": 159}], "Intervention": [], "Outcome": [{"term": "D-dimer", "negation": "affirmed", "UMLS": "", "start": 0, "end": 7}, {"term": "FDP levels", "negation": "affirmed", "UMLS": "", "start": 12, "end": 22}]}, "Evidence Propositions": []}, {"Section": "RESULTS", "Text": "6 patients received low molecular weight heparin ( LMWH ) treatment , after which their D-dimer and FDP decreased , but there was no significant improvement in clinical symptoms .", "Evidence Elements": {"Participant": [], "Intervention": [{"term": "low molecular weight heparin ( LMWH )", "negation": "affirmed", "UMLS": "", "start": 20, "end": 57}], "Outcome": [{"term": "D-dimer", "negation": "affirmed", "UMLS": "", "start": 88, "end": 95}, {"term": "FDP", "negation": "affirmed", "UMLS": "", "start": 100, "end": 103}]}, "Evidence Propositions": []}, {"Section": "RESULTS", "Text": "5 patients died finally and the median time from acro-ischemia to death was 12 days .", "Evidence Elements": {"Participant": [], "Intervention": [], "Outcome": [{"term": "died", "negation": "affirmed", "UMLS": "", "start": 11, "end": 15}, {"term": "median time from acro-ischemia to death", "negation": "affirmed", "UMLS": "", "start": 32, "end": 71}]}, "Evidence Propositions": []}, {"Section": "CONCLUSIONS", "Text": "Conclusions : The existence of hypercoagulation status in critical COVID-2019 patients should be monitored closely , and anticoagulation therapy can be considered in selected patients .", "Evidence Elements": {"Participant": [{"term": "critical COVID-2019", "negation": "affirmed", "UMLS": "", "start": 58, "end": 77}], "Intervention": [], "Outcome": [{"term": "hypercoagulation status", "negation": "affirmed", "UMLS": "", "start": 31, "end": 54}]}, "Evidence Propositions": []}, {"Section": "CONCLUSIONS", "Text": "More clinical data is needed to investigate the role of anticoagulation in COVID-2019 treatment .", "Evidence Elements": {"Participant": [], "Intervention": [], "Outcome": []}, "Evidence Propositions": []}]}