{"doc_id": "32220275", "type of study": "Therapy", "title": "", "abstract": "An outbreak of severe pneumonia of unknown cause was reported in December 2019 in Wuhan, Hubei province, China.\nThe infectious virus was soon identified and named as 2019 novel coronavirus (2019-nCoV).\nThe name of the COVID-19 was given by WHO on 11 February 2020.\nIt has so far caused about 118 000 cases in 114 countries including China ending March 10, and was characterized as a pandemic by WHO on March 11.\nWe still face great challenges in control of the epidemic: uncertain initial source of infection, infected populations widely scattered, complex routs of transmission, populations generally susceptible, high contagiousness of the virus, and finally vaccines unlikely available in the near future.\n", "Evidence Map": {"Enrollment": [], "Comparison Results": [], "Study Arm 1 Results": [], "Study Arm 2 Results": []}, "Sentence-level breakdown": [{"Section": "TITLE", "Text": "An outbreak of severe pneumonia of unknown cause was reported in December 2019 in Wuhan , Hubei province , China .", "Evidence Elements": {"Participant": [], "Intervention": [], "Outcome": [{"term": "severe pneumonia of unknown cause", "negation": "affirmed", "UMLS": "", "start": 15, "end": 48}]}, "Evidence Propositions": []}, {"Section": "RESULTS", "Text": "The infectious virus was soon identified and named as 2019 novel coronavirus ( 2019-nCoV ) .", "Evidence Elements": {"Participant": [], "Intervention": [], "Outcome": []}, "Evidence Propositions": []}, {"Section": "RESULTS", "Text": "The name of the COVID-19 was given by WHO on 11 February 2020 .", "Evidence Elements": {"Participant": [], "Intervention": [], "Outcome": []}, "Evidence Propositions": []}, {"Section": "RESULTS", "Text": "It has so far caused about 118 000 cases in 114 countries including China ending March 10 , and was characterized as a pandemic by WHO on March 11 .", "Evidence Elements": {"Participant": [], "Intervention": [], "Outcome": []}, "Evidence Propositions": []}, {"Section": "CONCLUSIONS", "Text": "We still face great challenges in control of the epidemic : uncertain initial source of infection , infected populations widely scattered , complex routs of transmission , populations generally susceptible , high contagiousness of the virus , and finally vaccines unlikely available in the near future .", "Evidence Elements": {"Participant": [], "Intervention": [], "Outcome": []}, "Evidence Propositions": []}]}