{"doc_id": "32223665", "type of study": "Therapy", "title": "", "abstract": "OBJECTIVE.\nThis study aims to assess correlations of the time from symptom onset to diagnosis and treatment with the time to disease resolution and CT scores as based on findings from sequential chest CT examinations.\nMATERIALS AND .\nThirty patients with coronavirus disease (COVID-19) confirmed by reverse transcription-polymerase chain reaction analysis underwent chest CT examinations.\nFive patients who did not have positive CT findings or who had not yet fulfilled criteria for discharge from the hospital were excluded.\nCT scores were determined according to CT findings and lung involvement.\nThe time from symptom onset to diagnosis and treatment was recorded for each patient, and on the basis of this information, patients with COVID-19 were divided into group 1 (patients for whom this interval was <= 3 days) and group 2 (those for whom this interval was > 3 days).\nThe CT scores for each group were fitted using a Lorentzian line-shape curve to show the variation tendency during treatment.\nThe differences in age, sex, and last CT scores determined before discharge between the two groups were analyzed, and correlations of the time from symptom onset to diagnosis and treatment with the time to disease resolution as well as with the highest CT score also underwent statistical analysis.\n.\nA total of 25 subjects were enrolled in the study.\nThe fitted tendency curves for group 1 and group 2 were significantly different, with peak points showing that the estimated highest CT score was 10 and 16 for each group, respectively, and the time to disease resolution was 6 and 13 days, respectively.\nThe Mann-Whitney test showed that the last CT scores were lower for group 1 than for group 2 (p = 0.025), although the chi-square test found no difference in age and sex between the groups.\nThe time from symptom onset to diagnosis and treatment had a positive correlation with the time to disease resolution (r = 0.93; p = 0.000) as well as with the highest CT score (r = 0.83; p = 0.006).\nCONCLUSION.\nTimely diagnosis and treatment are key to providing a better prognosis for patients with COVID-19.\n", "Evidence Map": {"Enrollment": [{"term": "coronavirus disease ( COVID-19 )", "negation": "affirmed", "UMLS": "", "start": 21, "end": 53}, {"term": "positive CT findings", "negation": "negated", "UMLS": "", "start": 31, "end": 51}, {"term": "discharge from the hospital", "negation": "affirmed", "UMLS": "", "start": 94, "end": 121}, {"term": "COVID-19", "negation": "affirmed", "UMLS": "", "start": 140, "end": 148}], "Comparison Results": [], "Study Arm 1 Results": [], "Study Arm 2 Results": []}, "Sentence-level breakdown": [{"Section": "TITLE", "Text": "OBJECTIVE .", "Evidence Elements": {"Participant": [], "Intervention": [], "Outcome": []}, "Evidence Propositions": []}, {"Section": "OBJECTIVE", "Text": "This study aims to assess correlations of the time from symptom onset to diagnosis and treatment with the time to disease resolution and CT scores as based on findings from sequential chest CT examinations .", "Evidence Elements": {"Participant": [], "Intervention": [], "Outcome": [{"term": "time from symptom onset to diagnosis and treatment", "negation": "affirmed", "UMLS": "", "start": 46, "end": 96}, {"term": "time to disease resolution and CT scores", "negation": "affirmed", "UMLS": "", "start": 106, "end": 146}]}, "Evidence Propositions": []}, {"Section": "METHODS", "Text": "MATERIALS AND .", "Evidence Elements": {"Participant": [], "Intervention": [], "Outcome": []}, "Evidence Propositions": []}, {"Section": "METHODS", "Text": "Thirty patients with coronavirus disease ( COVID-19 ) confirmed by reverse transcription-polymerase chain reaction analysis underwent chest CT examinations .", "Evidence Elements": {"Participant": [{"term": "coronavirus disease ( COVID-19 )", "negation": "affirmed", "UMLS": "", "start": 21, "end": 53}], "Intervention": [], "Outcome": []}, "Evidence Propositions": []}, {"Section": "METHODS", "Text": "Five patients who did not have positive CT findings or who had not yet fulfilled criteria for discharge from the hospital were excluded .", "Evidence Elements": {"Participant": [{"term": "positive CT findings", "negation": "negated", "UMLS": "", "start": 31, "end": 51}, {"term": "discharge from the hospital", "negation": "affirmed", "UMLS": "", "start": 94, "end": 121}], "Intervention": [], "Outcome": []}, "Evidence Propositions": []}, {"Section": "METHODS", "Text": "CT scores were determined according to CT findings and lung involvement .", "Evidence Elements": {"Participant": [], "Intervention": [], "Outcome": [{"term": "CT scores", "negation": "affirmed", "UMLS": "", "start": 0, "end": 9}]}, "Evidence Propositions": []}, {"Section": "METHODS", "Text": "The time from symptom onset to diagnosis and treatment was recorded for each patient , and on the basis of this information , patients with COVID-19 were divided into group 1 ( patients for whom this interval was < = 3 days ) and group 2 ( those for whom this interval was > 3 days ) .", "Evidence Elements": {"Participant": [{"term": "COVID-19", "negation": "affirmed", "UMLS": "", "start": 140, "end": 148}], "Intervention": [], "Outcome": [{"term": "time from symptom onset to diagnosis and treatment", "negation": "affirmed", "UMLS": "", "start": 4, "end": 54}]}, "Evidence Propositions": []}, {"Section": "METHODS", "Text": "The CT scores for each group were fitted using a Lorentzian line-shape curve to show the variation tendency during treatment .", "Evidence Elements": {"Participant": [], "Intervention": [], "Outcome": [{"term": "CT scores", "negation": "affirmed", "UMLS": "", "start": 4, "end": 13}]}, "Evidence Propositions": []}, {"Section": "RESULTS", "Text": "The differences in age , sex , and last CT scores determined before discharge between the two groups were analyzed , and correlations of the time from symptom onset to diagnosis and treatment with the time to disease resolution as well as with the highest CT score also underwent statistical analysis .", "Evidence Elements": {"Participant": [], "Intervention": [{"term": "groups", "negation": "affirmed", "UMLS": "", "start": 94, "end": 100}], "Outcome": [{"term": "differences in age , sex , and last CT scores determined before discharge", "negation": "affirmed", "UMLS": "", "start": 4, "end": 77}, {"term": "correlations", "negation": "affirmed", "UMLS": "", "start": 121, "end": 133}, {"term": "time from symptom onset to diagnosis and treatment with the time to disease resolution", "negation": "affirmed", "UMLS": "", "start": 141, "end": 227}, {"term": "highest CT score", "negation": "affirmed", "UMLS": "", "start": 248, "end": 264}]}, "Evidence Propositions": []}, {"Section": "RESULTS", "Text": ".", "Evidence Elements": {"Participant": [], "Intervention": [], "Outcome": []}, "Evidence Propositions": []}, {"Section": "RESULTS", "Text": "A total of 25 subjects were enrolled in the study .", "Evidence Elements": {"Participant": [], "Intervention": [], "Outcome": []}, "Evidence Propositions": []}, {"Section": "RESULTS", "Text": "The fitted tendency curves for group 1 and group 2 were significantly different , with peak points showing that the estimated highest CT score was 10 and 16 for each group , respectively , and the time to disease resolution was 6 and 13 days , respectively .", "Evidence Elements": {"Participant": [], "Intervention": [{"term": "group 1", "negation": "affirmed", "UMLS": "", "start": 31, "end": 38}, {"term": "group 2", "negation": "affirmed", "UMLS": "", "start": 43, "end": 50}, {"term": "each group", "negation": "affirmed", "UMLS": "", "start": 161, "end": 171}], "Outcome": [{"term": "fitted tendency curves", "negation": "affirmed", "UMLS": "", "start": 4, "end": 26}, {"term": "estimated highest CT score", "negation": "affirmed", "UMLS": "", "start": 116, "end": 142}, {"term": "time to disease resolution", "negation": "affirmed", "UMLS": "", "start": 197, "end": 223}]}, "Evidence Propositions": [{"Intervention": ["group 1", "group 2"], "Observation": "significantly different", "Outcome": "fitted tendency curves", "Count": ""}, {"Intervention": "group 1", "Observation": "10", "Outcome": "estimated highest CT score", "Count": ""}, {"Intervention": "each group", "Observation": "10", "Outcome": "estimated highest CT score", "Count": ""}, {"Intervention": "each group", "Observation": "16", "Outcome": "estimated highest CT score", "Count": ""}, {"Intervention": "group 1", "Observation": "6", "Outcome": "time to disease resolution", "Count": ""}]}, {"Section": "RESULTS", "Text": "The Mann-Whitney test showed that the last CT scores were lower for group 1 than for group 2 ( p = 0.025 ) , although the chi-square test found no difference in age and sex between the groups .", "Evidence Elements": {"Participant": [], "Intervention": [{"term": "group 1", "negation": "affirmed", "UMLS": "", "start": 68, "end": 75}, {"term": "group 2", "negation": "affirmed", "UMLS": "", "start": 85, "end": 92}], "Outcome": [{"term": "last CT scores", "negation": "affirmed", "UMLS": "", "start": 38, "end": 52}]}, "Evidence Propositions": [{"Intervention": ["group 1", "group 2"], "Observation": "lower", "Outcome": "last CT scores", "Count": ""}]}, {"Section": "RESULTS", "Text": "The time from symptom onset to diagnosis and treatment had a positive correlation with the time to disease resolution ( r = 0.93 ; p = 0.000 ) as well as with the highest CT score ( r = 0.83 ; p= 0.006 ) .", "Evidence Elements": {"Participant": [], "Intervention": [], "Outcome": [{"term": "time from symptom onset to diagnosis and treatment", "negation": "affirmed", "UMLS": "", "start": 4, "end": 54}, {"term": "time to disease resolution", "negation": "affirmed", "UMLS": "", "start": 91, "end": 117}, {"term": "highest CT score", "negation": "affirmed", "UMLS": "", "start": 163, "end": 179}]}, "Evidence Propositions": []}, {"Section": "CONCLUSIONS", "Text": "CONCLUSION .", "Evidence Elements": {"Participant": [], "Intervention": [], "Outcome": []}, "Evidence Propositions": []}, {"Section": "CONCLUSIONS", "Text": "Timely diagnosis and treatment are key to providing a better prognosis for patients with COVID-19 .", "Evidence Elements": {"Participant": [], "Intervention": [], "Outcome": []}, "Evidence Propositions": []}]}