{"doc_id": "32231349", "type of study": "Therapy", "title": "", "abstract": "To the Editor The Coronavirus disease 2019 (COVID-19) has been declared as a pandemic by World Health Organisation (WHO).\nThe global mortality has increased, especially in countries like Italy and Iran.\nWith the increasing morbidity and mortality, search for a cure has been the global demand.\n", "Evidence Map": {"Enrollment": [], "Comparison Results": [], "Study Arm 1 Results": [], "Study Arm 2 Results": []}, "Sentence-level breakdown": [{"Section": "TITLE", "Text": "To the Editor The Coronavirus disease 2019 ( COVID-19 ) has been declared as a pandemic by World Health Organisation ( WHO ) .", "Evidence Elements": {"Participant": [], "Intervention": [], "Outcome": []}, "Evidence Propositions": []}, {"Section": "CONCLUSIONS", "Text": "The global mortality has increased , especially in countries like Italy and Iran .", "Evidence Elements": {"Participant": [], "Intervention": [], "Outcome": []}, "Evidence Propositions": []}, {"Section": "CONCLUSIONS", "Text": "With the increasing morbidity and mortality , search for a cure has been the global demand .", "Evidence Elements": {"Participant": [], "Intervention": [], "Outcome": []}, "Evidence Propositions": []}]}