{"doc_id": "32231348", "type of study": "Therapy", "title": "", "abstract": "The Novel corona virus 2019 which started as an outbreak in China in December 2019 has rapidly spread all over the world, such that on 11th March 2020 WHO declared this disease as pandemic.\nThe emergency that the world faces today demands that we develop urgent and effective measures to protect people at high risk of transmission.\nWHO has accelerated research in diagnostics, vaccines and therapeutics for this novel coronavirus.\n", "Evidence Map": {"Enrollment": [], "Comparison Results": [], "Study Arm 1 Results": [], "Study Arm 2 Results": []}, "Sentence-level breakdown": [{"Section": "TITLE", "Text": "The Novel corona virus 2019 which started as an outbreak in China in December 2019 has rapidly spread all over the world , such that on 11th March 2020 WHO declared this disease as pandemic .", "Evidence Elements": {"Participant": [], "Intervention": [], "Outcome": []}, "Evidence Propositions": []}, {"Section": "CONCLUSIONS", "Text": "The emergency that the world faces today demands that we develop urgent and effective measures to protect people at high risk of transmission .", "Evidence Elements": {"Participant": [], "Intervention": [], "Outcome": []}, "Evidence Propositions": []}, {"Section": "CONCLUSIONS", "Text": "WHO has accelerated research in diagnostics , vaccines and therapeutics for this novel coronavirus .", "Evidence Elements": {"Participant": [], "Intervention": [], "Outcome": []}, "Evidence Propositions": []}]}