{"doc_id": "32232214", "type of study": "Therapy", "title": "", "abstract": "SARS-CoV-2 is a newly emerging human infectious coronavirus that causes COVID-19, which has been recognized as a pandemic by the World Health Organization (WHO) on March 11th.\nThere is still no vaccine or definitive treatment for this virus because its pathogenesis and proliferation pathways are still unknown.\nTherefore, in this article, new potential COVID-19 therapies are briefly reviewed.\n", "Evidence Map": {"Enrollment": [], "Comparison Results": [], "Study Arm 1 Results": [], "Study Arm 2 Results": []}, "Sentence-level breakdown": [{"Section": "TITLE", "Text": "SARS-CoV-2 is a newly emerging human infectious coronavirus that causes COVID-19 , which has been recognized as a pandemic by the World Health Organization ( WHO ) on March 11th .", "Evidence Elements": {"Participant": [], "Intervention": [], "Outcome": []}, "Evidence Propositions": []}, {"Section": "RESULTS", "Text": "There is still no vaccine or definitive treatment for this virus because its pathogenesis and proliferation pathways are still unknown .", "Evidence Elements": {"Participant": [], "Intervention": [], "Outcome": []}, "Evidence Propositions": []}, {"Section": "CONCLUSIONS", "Text": "Therefore , in this article , new potential COVID-19 therapies are briefly reviewed .", "Evidence Elements": {"Participant": [], "Intervention": [], "Outcome": []}, "Evidence Propositions": []}]}