{"doc_id": "32236089", "type of study": "Therapy", "title": "", "abstract": "Respiratory physiotherapy in patients with COVID-19 infection in acute setting: a Position Paper of the Italian Association of Respiratory Physiotherapists (ARIR) On February 2020, Italy, especially the northern regions, was hit by an epidemic of the new SARS-Cov-2 coronavirus that spread from China between December 2019 and January 2020.\nThe entire healthcare system had to respond promptly in a very short time to an exponential growth of the number of subjects affected by COVID-19 (Coronavirus disease 2019) with the need of semi-intensive and intensive care units.\n", "Evidence Map": {"Enrollment": [{"term": "COVID-19 infection", "negation": "affirmed", "UMLS": "", "start": 43, "end": 61}], "Comparison Results": [], "Study Arm 1 Results": [], "Study Arm 2 Results": []}, "Sentence-level breakdown": [{"Section": "TITLE", "Text": "Respiratory physiotherapy in patients with COVID-19 infection in acute setting : a Position Paper of the Italian Association of Respiratory Physiotherapists ( ARIR ) On February 2020 , Italy , especially the northern regions , was hit by an epidemic of the new SARS-Cov-2 coronavirus that spread from China between December 2019 and January 2020 .", "Evidence Elements": {"Participant": [{"term": "COVID-19 infection", "negation": "affirmed", "UMLS": "", "start": 43, "end": 61}], "Intervention": [{"term": "Respiratory physiotherapy", "negation": "affirmed", "UMLS": "", "start": 0, "end": 25}], "Outcome": []}, "Evidence Propositions": []}, {"Section": "CONCLUSIONS", "Text": "The entire healthcare system had to respond promptly in a very short time to an exponential growth of the number of subjects affected by COVID-19 ( Coronavirus disease 2019 ) with the need of semi-intensive and intensive care units .", "Evidence Elements": {"Participant": [], "Intervention": [], "Outcome": []}, "Evidence Propositions": []}]}