{"doc_id": "32232976", "type of study": "Therapy", "title": "", "abstract": "Coronaviruses are common human viruses and include the severe acute respiratory syndrome coronavirus (SARS-CoV), the middle east respiratory syndrome coronavirus and the SARS-CoV-2.\nCoronaviruses mainly bind to transmembrane receptor proteins on the human cell membrane through spike proteins (S-proteins), thus releasing the RNA of the virus into the interior of the host cell to cause an infection.\nIn this article, we discuss the mechanism and production of cyclodextrin-soluble angiotensin-converting enzyme 2 (CD-sACE2) inclusion compounds in the treatment of SARS-CoV-2 infections by blocking S-proteins.\nOn the basis of the current research evidence, we believe that CD-sACE2 inclusion compounds have the potential to treat COVID-19.\nWe hope that our article can provide a theoretical basis for later experiments.\n", "Evidence Map": {"Enrollment": [{"term": "SARS-CoV-2 infections", "negation": "affirmed", "UMLS": "", "start": 167, "end": 188}], "Comparison Results": [], "Study Arm 1 Results": [], "Study Arm 2 Results": []}, "Sentence-level breakdown": [{"Section": "TITLE", "Text": "Coronaviruses are common human viruses and include the severe acute respiratory syndrome coronavirus ( SARS-CoV ) , the middle east respiratory syndrome coronavirus and the SARS-CoV-2 .", "Evidence Elements": {"Participant": [], "Intervention": [], "Outcome": []}, "Evidence Propositions": []}, {"Section": "RESULTS", "Text": "Coronaviruses mainly bind to transmembrane receptor proteins on the human cell membrane through spike proteins ( S-proteins ) , thus releasing the RNA of the virus into the interior of the host cell to cause an infection .", "Evidence Elements": {"Participant": [], "Intervention": [], "Outcome": []}, "Evidence Propositions": []}, {"Section": "CONCLUSIONS", "Text": "In this article , we discuss the mechanism and production of cyclodextrin-soluble angiotensin-converting enzyme 2 ( CD-sACE2 ) inclusion compounds in the treatment of SARS-CoV-2 infections by blocking S-proteins .", "Evidence Elements": {"Participant": [{"term": "SARS-CoV-2 infections", "negation": "affirmed", "UMLS": "", "start": 167, "end": 188}], "Intervention": [], "Outcome": [{"term": "cyclodextrin-soluble angiotensin-converting enzyme 2 ( CD-sACE2 ) inclusion compounds", "negation": "affirmed", "UMLS": "", "start": 61, "end": 146}]}, "Evidence Propositions": []}, {"Section": "CONCLUSIONS", "Text": "On the basis of the current research evidence , we believe that CD-sACE2 inclusion compounds have the potential to treat COVID-19 .", "Evidence Elements": {"Participant": [], "Intervention": [], "Outcome": []}, "Evidence Propositions": []}, {"Section": "CONCLUSIONS", "Text": "We hope that our article can provide a theoretical basis for later experiments .", "Evidence Elements": {"Participant": [], "Intervention": [], "Outcome": []}, "Evidence Propositions": []}]}