{"doc_id": "32238232", "type of study": "Therapy", "title": "", "abstract": "COVID-19 is an infectious disease caused by 2019-nCoV and characterizes as an atypical pneumonia.\nSince 2019-nCoV is a newly emerging virus, the pathogenesis of COVID-19 is not well known.\nMost patients had a self-limited course, and some became severe even death.\nIn this review, the authors compared two coronavirus outbreaks during the past two decades: the SARS-CoV and 2019-nCoV. Among the biological nature of the pathogens, viral receptor distribution on the human cells, and the pathological findings in the targeted organs and clinical features of the patients with the diseases, found similarities and differences between the two diseases had been found.\nDue to the shared receptor ACE2 and the pathological similarities of the SARS-CoV and 2019-nCoV diseases,authors proposed a pathogenesis model for COVID-19.\nLike the SARS-CoV disease, COVID-19 is a systematic disease and targets the lungs, vasculatures, and the immune system.\nThe basic pathogenesis involves two interlinked processes: a severe lung inflammation and immune deficiency, both of which were related to an inappropriate immune response and over-production of cytokines.\nThus, treatment approaches should include antiviral and anti-proinflammatory cytokines, anti-infectious and life support therapies, especially in patients with severe diseases.\n", "Evidence Map": {"Enrollment": [], "Comparison Results": [], "Study Arm 1 Results": [], "Study Arm 2 Results": []}, "Sentence-level breakdown": [{"Section": "TITLE", "Text": "COVID-19 is an infectious disease caused by 2019-nCoV and characterizes as an atypical pneumonia .", "Evidence Elements": {"Participant": [], "Intervention": [], "Outcome": []}, "Evidence Propositions": []}, {"Section": "BACKGROUND", "Text": "Since 2019-nCoV is a newly emerging virus , the pathogenesis of COVID-19 is not well known .", "Evidence Elements": {"Participant": [], "Intervention": [], "Outcome": []}, "Evidence Propositions": []}, {"Section": "RESULTS", "Text": "Most patients had a self-limited course , and some became severe even death .", "Evidence Elements": {"Participant": [], "Intervention": [], "Outcome": [{"term": "self-limited course", "negation": "affirmed", "UMLS": "", "start": 20, "end": 39}]}, "Evidence Propositions": []}, {"Section": "RESULTS", "Text": "In this review , the authors compared two coronavirus outbreaks during the past two decades : the SARS-CoV and 2019-nCoV . Among the biological nature of the pathogens , viral receptor distribution on the human cells , and the pathological findings in the targeted organs and clinical features of the patients with the diseases , found similarities and differences between the two diseases had been found .", "Evidence Elements": {"Participant": [], "Intervention": [{"term": "SARS-CoV", "negation": "affirmed", "UMLS": "", "start": 98, "end": 106}], "Outcome": [{"term": "biological nature of", "negation": "affirmed", "UMLS": "", "start": 133, "end": 153}, {"term": "viral receptor distribution on the human cells", "negation": "affirmed", "UMLS": "", "start": 170, "end": 216}, {"term": "pathological findings in the", "negation": "affirmed", "UMLS": "", "start": 227, "end": 255}, {"term": "features", "negation": "affirmed", "UMLS": "", "start": 285, "end": 293}]}, "Evidence Propositions": [{"Intervention": ["SARS-CoV"], "Observation": "similarities and differences", "Outcome": "biological nature of", "Count": ""}, {"Intervention": ["SARS-CoV"], "Observation": "similarities and differences", "Outcome": "viral receptor distribution on the human cells", "Count": ""}, {"Intervention": ["SARS-CoV"], "Observation": "similarities and differences", "Outcome": "pathological findings in the", "Count": ""}, {"Intervention": ["SARS-CoV"], "Observation": "similarities and differences", "Outcome": "features", "Count": ""}]}, {"Section": "RESULTS", "Text": "Due to the shared receptor ACE2 and the pathological similarities of the SARS-CoV and 2019-nCoV diseases , authors proposed a pathogenesis model for COVID-19 .", "Evidence Elements": {"Participant": [], "Intervention": [], "Outcome": []}, "Evidence Propositions": []}, {"Section": "RESULTS", "Text": "Like the SARS-CoV disease , COVID-19 is a systematic disease and targets the lungs , vasculatures , and the immune system .", "Evidence Elements": {"Participant": [], "Intervention": [], "Outcome": []}, "Evidence Propositions": []}, {"Section": "RESULTS", "Text": "The basic pathogenesis involves two interlinked processes : a severe lung inflammation and immune deficiency , both of which were related to an inappropriate immune response and over-production of cytokines .", "Evidence Elements": {"Participant": [], "Intervention": [], "Outcome": []}, "Evidence Propositions": []}, {"Section": "CONCLUSIONS", "Text": "Thus , treatment approaches should include antiviral and anti-proinflammatory cytokines , anti-infectious and life support therapies , especially in patients with severe diseases .", "Evidence Elements": {"Participant": [], "Intervention": [], "Outcome": []}, "Evidence Propositions": []}]}