{"doc_id": "32234467", "type of study": "Therapy", "title": "", "abstract": "Pathogenesis of cytokine release syndrome (CRS) in severe COVID-19 patients.\nKey role of interleukin-6 (IL-6) in CRS.\nIL-6 receptor (IL-6R) antagonist tocilizumab suggested as a possible drug for severe COVID-19.\nSince December 2019, a viral pneumonia, named coronavirus disease 2019 (COVID-19), from Wuhan, China, has swept the world.\nAlthough the case fatality rate is not high, the number of people infected is large and there is still a large number of patients dying.\nWith the collation and publication of more and more clinical data, a large number of data suggest that there are mild or severe cytokine storms in severe patients, which is an important cause of death.\nTherefore, treatment of the cytokine storm has become an important part of rescuing severe COVID-19 patients.\nInterleukin-6 (IL-6) plays an important role in cytokine release syndrome.\nIf it is possible to block the signal transduction pathway of IL-6, it is expected to become a new method for the treatment of severe COVID-19 patients.\nTocilizumab is an IL-6 receptor (IL-6R) blocker that can effectively block the IL-6 signal transduction pathway and thus is likely to become an effective drug for patients with severe COVID-19.\n", "Evidence Map": {"Enrollment": [{"term": "severe", "negation": "affirmed", "UMLS": "", "start": 53, "end": 59}, {"term": "severe", "negation": "affirmed", "UMLS": "", "start": 122, "end": 128}], "Comparison Results": [], "Study Arm 1 Results": [], "Study Arm 2 Results": []}, "Sentence-level breakdown": [{"Section": "TITLE", "Text": "Pathogenesis of cytokine release syndrome ( CRS ) in severe COVID-19 patients .", "Evidence Elements": {"Participant": [{"term": "severe", "negation": "affirmed", "UMLS": "", "start": 53, "end": 59}], "Intervention": [], "Outcome": [{"term": "Pathogenesis of cytokine release syndrome ( CRS )", "negation": "affirmed", "UMLS": "", "start": 0, "end": 49}]}, "Evidence Propositions": []}, {"Section": "RESULTS", "Text": "Key role of interleukin-6 ( IL-6 ) in CRS .", "Evidence Elements": {"Participant": [], "Intervention": [{"term": "interleukin-6 ( IL-6 )", "negation": "affirmed", "UMLS": "", "start": 12, "end": 34}], "Outcome": []}, "Evidence Propositions": []}, {"Section": "RESULTS", "Text": "IL-6 receptor ( IL-6R ) antagonist tocilizumab suggested as a possible drug for severe COVID-19 .", "Evidence Elements": {"Participant": [], "Intervention": [], "Outcome": []}, "Evidence Propositions": []}, {"Section": "RESULTS", "Text": "Since December 2019 , a viral pneumonia , named coronavirus disease 2019 ( COVID-19 ) , from Wuhan , China , has swept the world .", "Evidence Elements": {"Participant": [], "Intervention": [], "Outcome": []}, "Evidence Propositions": []}, {"Section": "RESULTS", "Text": "Although the case fatality rate is not high , the number of people infected is large and there is still a large number of patients dying .", "Evidence Elements": {"Participant": [], "Intervention": [], "Outcome": [{"term": "case", "negation": "affirmed", "UMLS": "", "start": 13, "end": 17}]}, "Evidence Propositions": []}, {"Section": "RESULTS", "Text": "With the collation and publication of more and more clinical data , a large number of data suggest that there are mild or severe cytokine storms in severe patients , which is an important cause of death .", "Evidence Elements": {"Participant": [{"term": "severe", "negation": "affirmed", "UMLS": "", "start": 122, "end": 128}], "Intervention": [], "Outcome": [{"term": "mild or severe cytokine storms", "negation": "affirmed", "UMLS": "", "start": 114, "end": 144}]}, "Evidence Propositions": []}, {"Section": "CONCLUSIONS", "Text": "Therefore , treatment of the cytokine storm has become an important part of rescuing severe COVID-19 patients .", "Evidence Elements": {"Participant": [], "Intervention": [], "Outcome": []}, "Evidence Propositions": []}, {"Section": "CONCLUSIONS", "Text": "Interleukin-6 ( IL-6 ) plays an important role in cytokine release syndrome .", "Evidence Elements": {"Participant": [], "Intervention": [], "Outcome": []}, "Evidence Propositions": []}, {"Section": "CONCLUSIONS", "Text": "If it is possible to block the signal transduction pathway of IL-6 , it is expected to become a new method for the treatment of severe COVID-19 patients .", "Evidence Elements": {"Participant": [], "Intervention": [], "Outcome": []}, "Evidence Propositions": []}, {"Section": "CONCLUSIONS", "Text": "Tocilizumab is an IL-6 receptor ( IL-6R ) blocker that can effectively block the IL-6 signal transduction pathway and thus is likely to become an effective drug for patients with severe COVID-19 .", "Evidence Elements": {"Participant": [], "Intervention": [], "Outcome": []}, "Evidence Propositions": []}]}