{"doc_id": "32234728", "type of study": "Therapy", "title": "", "abstract": "Every month, DTB scans sources of information on treatments, disease management and other healthcare topics for key items to bring to our readers' attention and help them keep up to date.\nTo do this, we produce succinct, contextualised summaries of the information concerned.\n", "Evidence Map": {"Enrollment": [], "Comparison Results": [], "Study Arm 1 Results": [], "Study Arm 2 Results": []}, "Sentence-level breakdown": [{"Section": "TITLE", "Text": "Every month , DTB scans sources of information on treatments , disease management and other healthcare topics for key items to bring to our readers ' attention and help them keep up to date .", "Evidence Elements": {"Participant": [], "Intervention": [], "Outcome": []}, "Evidence Propositions": []}, {"Section": "CONCLUSIONS", "Text": "To do this , we produce succinct , contextualised summaries of the information concerned .", "Evidence Elements": {"Participant": [], "Intervention": [], "Outcome": []}, "Evidence Propositions": []}]}