{"doc_id": "32235387", "type of study": "Therapy", "title": "", "abstract": "In December 2019, the outbreak of pneumonia caused by a novel coronavirus, severe acute respiratory syndrome coronavirus 2 (SARS-CoV-2), has led to a serious pandemic in China and other countries worldwide.\nSo far, more than 460,000 confirmed cases were diagnosed in nearly 190 countries, causing globally over 20,000 deaths.\nCurrently, the epidemic is still spreading and there is no effective means to prevent the infection.\nVaccines are proved to be the most effective and economical means to prevent and control infectious diseases.\nSeveral countries, companies, and institutions announced their programs and progress on vaccine development against the virus.\nWhile most of the vaccines are under design and preparation, there are some that have entered efficacy evaluation in animals and initial clinical trials.\nThis review mainly focused on the progress and our prospects on field of vaccine development against SARS-CoV-2.\n", "Evidence Map": {"Enrollment": [], "Comparison Results": [], "Study Arm 1 Results": [], "Study Arm 2 Results": []}, "Sentence-level breakdown": [{"Section": "TITLE", "Text": "In December 2019 , the outbreak of pneumonia caused by a novel coronavirus , severe acute respiratory syndrome coronavirus 2 ( SARS-CoV-2 ) , has led to a serious pandemic in China and other countries worldwide .", "Evidence Elements": {"Participant": [], "Intervention": [], "Outcome": []}, "Evidence Propositions": []}, {"Section": "RESULTS", "Text": "So far , more than 460,000 confirmed cases were diagnosed in nearly 190 countries , causing globally over 20,000 deaths .", "Evidence Elements": {"Participant": [], "Intervention": [], "Outcome": []}, "Evidence Propositions": []}, {"Section": "RESULTS", "Text": "Currently , the epidemic is still spreading and there is no effective means to prevent the infection .", "Evidence Elements": {"Participant": [], "Intervention": [], "Outcome": []}, "Evidence Propositions": []}, {"Section": "RESULTS", "Text": "Vaccines are proved to be the most effective and economical means to prevent and control infectious diseases .", "Evidence Elements": {"Participant": [], "Intervention": [], "Outcome": []}, "Evidence Propositions": []}, {"Section": "RESULTS", "Text": "Several countries , companies , and institutions announced their programs and progress on vaccine development against the virus .", "Evidence Elements": {"Participant": [], "Intervention": [], "Outcome": []}, "Evidence Propositions": []}, {"Section": "RESULTS", "Text": "While most of the vaccines are under design and preparation , there are some that have entered efficacy evaluation in animals and initial clinical trials .", "Evidence Elements": {"Participant": [], "Intervention": [], "Outcome": []}, "Evidence Propositions": []}, {"Section": "CONCLUSIONS", "Text": "This review mainly focused on the progress and our prospects on field of vaccine development against SARS-CoV-2 .", "Evidence Elements": {"Participant": [], "Intervention": [], "Outcome": []}, "Evidence Propositions": []}]}