{"doc_id": "32245590", "type of study": "Therapy", "title": "", "abstract": "The novel coronavirus pneumonia broke out in 2019 and spread rapidly.\nIn 30 different countries, there are over seventy thousand patients have been diagnosed in total.\nTherefore, it is urgent to develop the effective program to prevent and treat for the novel coronavirus pneumonia.\nIn view of Traditional Chinese Medicine has accumulated a solid theoretical foundation of plague in ancient and recent decades.\nMeanwhile, Traditional Chinese Medicine can provide the more effective and personalized treatment via adjusting the specific medicine for each patient based on the different syndromes.\nIn addition, TCM often has different effect on the distinct stages of diseases, contributing to the prevention, treatment and rehabilitation.\nNowadays, TCM has exhibited decent effect in the in the fight against NCP.\nTherefore, it is convinced that Traditional Chinese Medicine is an effective treatment for 2019 novel coronavirus pneumonia.\n", "Evidence Map": {"Enrollment": [{"term": "coronavirus", "negation": "affirmed", "UMLS": "", "start": 103, "end": 114}], "Comparison Results": [], "Study Arm 1 Results": [], "Study Arm 2 Results": []}, "Sentence-level breakdown": [{"Section": "TITLE", "Text": "The novel coronavirus pneumonia broke out in 2019 and spread rapidly .", "Evidence Elements": {"Participant": [], "Intervention": [], "Outcome": []}, "Evidence Propositions": []}, {"Section": "RESULTS", "Text": "In 30 different countries , there are over seventy thousand patients have been diagnosed in total .", "Evidence Elements": {"Participant": [], "Intervention": [], "Outcome": []}, "Evidence Propositions": []}, {"Section": "RESULTS", "Text": "Therefore , it is urgent to develop the effective program to prevent and treat for the novel coronavirus pneumonia .", "Evidence Elements": {"Participant": [], "Intervention": [], "Outcome": []}, "Evidence Propositions": []}, {"Section": "RESULTS", "Text": "In view of Traditional Chinese Medicine has accumulated a solid theoretical foundation of plague in ancient and recent decades .", "Evidence Elements": {"Participant": [], "Intervention": [], "Outcome": []}, "Evidence Propositions": []}, {"Section": "RESULTS", "Text": "Meanwhile , Traditional Chinese Medicine can provide the more effective and personalized treatment via adjusting the specific medicine for each patient based on the different syndromes .", "Evidence Elements": {"Participant": [], "Intervention": [], "Outcome": []}, "Evidence Propositions": []}, {"Section": "CONCLUSIONS", "Text": "In addition , TCM often has different effect on the distinct stages of diseases , contributing to the prevention , treatment and rehabilitation .", "Evidence Elements": {"Participant": [], "Intervention": [], "Outcome": []}, "Evidence Propositions": []}, {"Section": "CONCLUSIONS", "Text": "Nowadays , TCM has exhibited decent effect in the in the fight against NCP .", "Evidence Elements": {"Participant": [], "Intervention": [], "Outcome": []}, "Evidence Propositions": []}, {"Section": "CONCLUSIONS", "Text": "Therefore , it is convinced that Traditional Chinese Medicine is an effective treatment for 2019 novel coronavirus pneumonia .", "Evidence Elements": {"Participant": [{"term": "coronavirus", "negation": "affirmed", "UMLS": "", "start": 103, "end": 114}], "Intervention": [{"term": "Traditional Chinese Medicine", "negation": "affirmed", "UMLS": "", "start": 33, "end": 61}], "Outcome": []}, "Evidence Propositions": []}]}