{"doc_id": "32244059", "type of study": "Therapy", "title": "", "abstract": "Ever since the first case was reported at the end of 2019, the SARS-COV-2 virus and associated lung disease COVID-19 has spread throughout the world and has become a pandemic.\nIn particular, the high transmission rate of the virus has made it a threat to public health globally.\nCurrently, there is no proven effective therapy against the virus, and the impact on other diseases is also uncertain, especially inherited arrhythmia syndrome.\nArrhythmogenic effect of COVID-19 can be expected, potentially contributing to disease outcome.\nThis may be of importance for patients with an increased risk for cardiac arrhythmias, either secondary to acquired conditions or co-morbidities or consequent to inherited syndromes.\nManagement of patients with inherited arrhythmia syndromes such as Long QT syndrome, Brugada syndrome, Short QT syndrome and Catecholaminergic Polymorphic Ventricular Tachycardia in the setting of the COVID-19 pandemic may prove particularly challenging.\nDepending on the inherited defect involved, these patients may be susceptible to pro-arrhythmic effects of COVID-19-related issues such as fever, stress, electrolyte disturbances and use of antiviral drugs.\nWe here describe the potential COVID-19 associated risks and therapeutic considerations for patients with distinct inherited arrhythmia syndromes and provide recommendations, pending local possibilities, for their monitoring and management during this pandemic.\n", "Evidence Map": {"Enrollment": [{"term": "distinct inherited arrhythmia syndromes", "negation": "affirmed", "UMLS": "", "start": 106, "end": 145}], "Comparison Results": [], "Study Arm 1 Results": [], "Study Arm 2 Results": []}, "Sentence-level breakdown": [{"Section": "TITLE", "Text": "Ever since the first case was reported at the end of 2019 , the SARS-COV-2 virus and associated lung disease COVID-19 has spread throughout the world and has become a pandemic .", "Evidence Elements": {"Participant": [], "Intervention": [], "Outcome": []}, "Evidence Propositions": []}, {"Section": "RESULTS", "Text": "In particular , the high transmission rate of the virus has made it a threat to public health globally .", "Evidence Elements": {"Participant": [], "Intervention": [], "Outcome": []}, "Evidence Propositions": []}, {"Section": "RESULTS", "Text": "Currently , there is no proven effective therapy against the virus , and the impact on other diseases is also uncertain , especially inherited arrhythmia syndrome .", "Evidence Elements": {"Participant": [], "Intervention": [], "Outcome": []}, "Evidence Propositions": []}, {"Section": "RESULTS", "Text": "Arrhythmogenic effect of COVID-19 can be expected , potentially contributing to disease outcome .", "Evidence Elements": {"Participant": [], "Intervention": [], "Outcome": []}, "Evidence Propositions": []}, {"Section": "RESULTS", "Text": "This may be of importance for patients with an increased risk for cardiac arrhythmias , either secondary to acquired conditions or co-morbidities or consequent to inherited syndromes .", "Evidence Elements": {"Participant": [], "Intervention": [], "Outcome": []}, "Evidence Propositions": []}, {"Section": "RESULTS", "Text": "Management of patients with inherited arrhythmia syndromes such as Long QT syndrome , Brugada syndrome , Short QT syndrome and Catecholaminergic Polymorphic Ventricular Tachycardia in the setting of the COVID-19 pandemic may prove particularly challenging .", "Evidence Elements": {"Participant": [], "Intervention": [], "Outcome": []}, "Evidence Propositions": []}, {"Section": "RESULTS", "Text": "Depending on the inherited defect involved , these patients may be susceptible to pro-arrhythmic effects of COVID-19-related issues such as fever , stress , electrolyte disturbances and use of antiviral drugs .", "Evidence Elements": {"Participant": [], "Intervention": [], "Outcome": []}, "Evidence Propositions": []}, {"Section": "CONCLUSIONS", "Text": "We here describe the potential COVID-19 associated risks and therapeutic considerations for patients with distinct inherited arrhythmia syndromes and provide recommendations , pending local possibilities , for their monitoring and management during this pandemic .", "Evidence Elements": {"Participant": [{"term": "distinct inherited arrhythmia syndromes", "negation": "affirmed", "UMLS": "", "start": 106, "end": 145}], "Intervention": [], "Outcome": [{"term": "potential", "negation": "affirmed", "UMLS": "", "start": 21, "end": 30}, {"term": "COVID-19 associated risks", "negation": "affirmed", "UMLS": "", "start": 31, "end": 56}, {"term": "therapeutic considerations", "negation": "affirmed", "UMLS": "", "start": 61, "end": 87}]}, "Evidence Propositions": []}]}