{"doc_id": "32242128", "type of study": "Therapy", "title": "", "abstract": "Coronaviruses employ various nuclear signalling mechanisms for their propagation.\nHere we link replication of coronaviruses, including SARS-CoV-2, the coronavirus disease 2019 (COVID-19)-causing virus, with cytoskeleton-dependent signalling and 3D genome organization.\nThis link could provide novel insights into the high coronavirus pathogenicity in certain cellular states, particularly those associated with ageing.\nShivashankar and Uhler propose a link between cell mechano-genomics and coronavirus replication with implications for understanding the pathogenicity of SARS-CoV-2.\n", "Evidence Map": {"Enrollment": [], "Comparison Results": [], "Study Arm 1 Results": [], "Study Arm 2 Results": []}, "Sentence-level breakdown": [{"Section": "TITLE", "Text": "Coronaviruses employ various nuclear signalling mechanisms for their propagation .", "Evidence Elements": {"Participant": [], "Intervention": [], "Outcome": []}, "Evidence Propositions": []}, {"Section": "RESULTS", "Text": "Here we link replication of coronaviruses , including SARS-CoV-2 , the coronavirus disease 2019 ( COVID-19 ) -causing virus , with cytoskeleton-dependent signalling and 3D genome organization .", "Evidence Elements": {"Participant": [], "Intervention": [{"term": "coronaviruses", "negation": "affirmed", "UMLS": "", "start": 28, "end": 41}, {"term": "SARS-CoV-2", "negation": "affirmed", "UMLS": "", "start": 54, "end": 64}], "Outcome": [{"term": "replication", "negation": "affirmed", "UMLS": "", "start": 13, "end": 24}]}, "Evidence Propositions": []}, {"Section": "RESULTS", "Text": "This link could provide novel insights into the high coronavirus pathogenicity in certain cellular states , particularly those associated with ageing .", "Evidence Elements": {"Participant": [], "Intervention": [], "Outcome": []}, "Evidence Propositions": []}, {"Section": "CONCLUSIONS", "Text": "Shivashankar and Uhler propose a link between cell mechano-genomics and coronavirus replication with implications for understanding the pathogenicity of SARS-CoV-2 .", "Evidence Elements": {"Participant": [], "Intervention": [{"term": "Shivashankar", "negation": "affirmed", "UMLS": "", "start": 0, "end": 12}], "Outcome": []}, "Evidence Propositions": []}]}