{"doc_id": "32240545", "type of study": "Therapy", "title": "", "abstract": "Plasma provided by COVID-19 convalescent patients may provide therapeutic relief as the number of COVID-19 cases escalates steeply worldwide.\nPrior findings in various viral respiratory diseases including SARS-CoV-related pneumonia suggest that convalescent plasma can reduce mortality, although formal proof of efficacy is still lacking.\nBy reducing viral spread early on, such an approach may possibly downplay subsequent immunopathology.\nIdentifying, collecting, qualifying and preparing plasma from convalescent patients with adequate SARS-CoV-2-neutralizing Ab titres in an acute crisis setting may be challenging, although well within the remit of most blood establishments.\nCareful clinical evaluation should allow to quickly establish whether such passive immunotherapy, administered at early phases of the disease in patients at high risk of deleterious evolution, may reduce the frequency of patient deterioration, and thereby COVID-19 mortality.\n", "Evidence Map": {"Enrollment": [], "Comparison Results": [], "Study Arm 1 Results": [], "Study Arm 2 Results": []}, "Sentence-level breakdown": [{"Section": "TITLE", "Text": "Plasma provided by COVID-19 convalescent patients may provide therapeutic relief as the number of COVID-19 cases escalates steeply worldwide .", "Evidence Elements": {"Participant": [], "Intervention": [], "Outcome": []}, "Evidence Propositions": []}, {"Section": "CONCLUSIONS", "Text": "Prior findings in various viral respiratory diseases including SARS-CoV-related pneumonia suggest that convalescent plasma can reduce mortality , although formal proof of efficacy is still lacking .", "Evidence Elements": {"Participant": [], "Intervention": [], "Outcome": []}, "Evidence Propositions": []}, {"Section": "CONCLUSIONS", "Text": "By reducing viral spread early on , such an approach may possibly downplay subsequent immunopathology .", "Evidence Elements": {"Participant": [], "Intervention": [], "Outcome": []}, "Evidence Propositions": []}, {"Section": "CONCLUSIONS", "Text": "Identifying , collecting , qualifying and preparing plasma from convalescent patients with adequate SARS-CoV-2-neutralizing Ab titres in an acute crisis setting may be challenging , although well within the remit of most blood establishments .", "Evidence Elements": {"Participant": [], "Intervention": [], "Outcome": []}, "Evidence Propositions": []}, {"Section": "CONCLUSIONS", "Text": "Careful clinical evaluation should allow to quickly establish whether such passive immunotherapy , administered at early phases of the disease in patients at high risk of deleterious evolution , may reduce the frequency of patient deterioration , and thereby COVID-19 mortality .", "Evidence Elements": {"Participant": [], "Intervention": [], "Outcome": []}, "Evidence Propositions": []}]}