{"doc_id": "32242121", "type of study": "Therapy", "title": "", "abstract": "The global COVID-19 pandemic has the potential to severely affect those with rheumatic diseases or who are taking immunosuppressive therapies.\nInformation is lacking as to how these groups will fare if they become infected.\nA global alliance has rapidly formed to try to address this information deficit.\n", "Evidence Map": {"Enrollment": [], "Comparison Results": [], "Study Arm 1 Results": [], "Study Arm 2 Results": []}, "Sentence-level breakdown": [{"Section": "TITLE", "Text": "The global COVID-19 pandemic has the potential to severely affect those with rheumatic diseases or who are taking immunosuppressive therapies .", "Evidence Elements": {"Participant": [], "Intervention": [], "Outcome": []}, "Evidence Propositions": []}, {"Section": "RESULTS", "Text": "Information is lacking as to how these groups will fare if they become infected .", "Evidence Elements": {"Participant": [], "Intervention": [], "Outcome": []}, "Evidence Propositions": []}, {"Section": "CONCLUSIONS", "Text": "A global alliance has rapidly formed to try to address this information deficit .", "Evidence Elements": {"Participant": [], "Intervention": [], "Outcome": []}, "Evidence Propositions": []}]}