{"doc_id": "32240291", "type of study": "Therapy", "title": "", "abstract": "COVID-19 could cause infection in persons with opioid use disorder, increase opioid overdose rates, reverse system-level gains in expanding access to medication for opioid use disorder, halt critical research, and prevent exacting legal reparations against opioid manufacturers.\nThe authors call for urgent action to counteract these risks.\n", "Evidence Map": {"Enrollment": [], "Comparison Results": [], "Study Arm 1 Results": [], "Study Arm 2 Results": []}, "Sentence-level breakdown": [{"Section": "TITLE", "Text": "COVID-19 could cause infection in persons with opioid use disorder , increase opioid overdose rates , reverse system-level gains in expanding access to medication for opioid use disorder , halt critical research , and prevent exacting legal reparations against opioid manufacturers .", "Evidence Elements": {"Participant": [], "Intervention": [], "Outcome": []}, "Evidence Propositions": []}, {"Section": "CONCLUSIONS", "Text": "The authors call for urgent action to counteract these risks .", "Evidence Elements": {"Participant": [], "Intervention": [], "Outcome": []}, "Evidence Propositions": []}]}