{"doc_id": "32241072", "type of study": "Therapy", "title": "", "abstract": "Severe acute respiratory syndrome (SARS) and coronavirus disease 2019 (COVID-19) shared similar pathogenetic, clinical and pathological features.\nFever and cough were the most common symptoms of both diseases, while myalgia and diarrhea were less common in patients with COVID-19.\nAcute respiratory distress syndrome (ARDS) was the most severe pulmonary complication that caused high mortality rate.\nHistologically, diffuse alveolar damage (DAD) was the most characteristic finding in non-survivors with either SARS or COVID-19.\nCases of patients died less than 10-14 days of disease duration demonstrated acute-phase DAD, while cases beyond 10-14 days of disease duration exhibited organizing-phase DAD in SARS.\nMeanwhile, organization and fibrosis were usually accompanied by exudation.\nCoronavirus was mostly detected in pneumocytes, but less in macrophages and bronchiolar epithelial cells.\nHemorrhagic necrosis and lymphocyte depletion were found in lymph nodes and spleen in both SARS and COVID-19, indicating a pathological basis of lymphocytopenia.\nThrombosis was commonly observed in small vessels and microvasculaturr in lungs accompanying DAD.\nMicrothrombosis was also found in extrapulmonary organs in COVID-19, that was less reported in SARS.\nDamages in multiple extrapulmonary organs were observed, but coronavirus was not detected in some of those organs, indicating an alternative mechanism beyond viral infection, such as hypoxemia, ischemia and cytokine storm induced immunological injury.\nDAD due to viral infection and immunological injury, as well as multi-organ dysfunction and extensive microthrombus formation, brought huge challenge to the management of patients with severe SARS or COVID-19.\n", "Evidence Map": {"Enrollment": [{"term": "non-survivors", "negation": "affirmed", "UMLS": "", "start": 88, "end": 101}, {"term": "pneumocytes", "negation": "affirmed", "UMLS": "", "start": 35, "end": 46}, {"term": "macrophages", "negation": "affirmed", "UMLS": "", "start": 61, "end": 72}, {"term": "bronchiolar epithelial", "negation": "affirmed", "UMLS": "", "start": 77, "end": 99}, {"term": "COVID-19", "negation": "affirmed", "UMLS": "", "start": 59, "end": 67}], "Comparison Results": [], "Study Arm 1 Results": [], "Study Arm 2 Results": []}, "Sentence-level breakdown": [{"Section": "TITLE", "Text": "Severe acute respiratory syndrome ( SARS ) and coronavirus disease 2019 ( COVID-19 ) shared similar pathogenetic , clinical and pathological features .", "Evidence Elements": {"Participant": [], "Intervention": [], "Outcome": []}, "Evidence Propositions": []}, {"Section": "RESULTS", "Text": "Fever and cough were the most common symptoms of both diseases , while myalgia and diarrhea were less common in patients with COVID-19 .", "Evidence Elements": {"Participant": [], "Intervention": [{"term": "both diseases", "negation": "affirmed", "UMLS": "", "start": 49, "end": 62}], "Outcome": [{"term": "Fever", "negation": "affirmed", "UMLS": "", "start": 0, "end": 5}, {"term": "cough", "negation": "affirmed", "UMLS": "", "start": 10, "end": 15}, {"term": "myalgia", "negation": "affirmed", "UMLS": "", "start": 71, "end": 78}, {"term": "diarrhea", "negation": "affirmed", "UMLS": "", "start": 83, "end": 91}]}, "Evidence Propositions": [{"Intervention": ["both diseases"], "Observation": "most common", "Outcome": "Fever", "Count": ""}, {"Intervention": [], "Observation": "less common", "Outcome": "myalgia", "Count": ""}, {"Intervention": [], "Observation": "less common", "Outcome": "diarrhea", "Count": ""}]}, {"Section": "RESULTS", "Text": "Acute respiratory distress syndrome ( ARDS ) was the most severe pulmonary complication that caused high mortality rate .", "Evidence Elements": {"Participant": [], "Intervention": [], "Outcome": []}, "Evidence Propositions": []}, {"Section": "RESULTS", "Text": "Histologically , diffuse alveolar damage ( DAD ) was the most characteristic finding in non-survivors with either SARS or COVID-19 .", "Evidence Elements": {"Participant": [{"term": "non-survivors", "negation": "affirmed", "UMLS": "", "start": 88, "end": 101}], "Intervention": [], "Outcome": [{"term": "diffuse alveolar damage ( DAD )", "negation": "affirmed", "UMLS": "", "start": 17, "end": 48}]}, "Evidence Propositions": [{"Intervention": [], "Observation": "most characteristic", "Outcome": "diffuse alveolar damage ( DAD )", "Count": ""}]}, {"Section": "RESULTS", "Text": "Cases of patients died less than 10-14 days of disease duration demonstrated acute-phase DAD , while cases beyond 10-14 days of disease duration exhibited organizing-phase DAD in SARS .", "Evidence Elements": {"Participant": [], "Intervention": [{"term": "died less than 10-14 days of disease duration", "negation": "affirmed", "UMLS": "", "start": 18, "end": 63}, {"term": "beyond 10-14 days of disease duration", "negation": "affirmed", "UMLS": "", "start": 107, "end": 144}], "Outcome": [{"term": "acute-phase DAD", "negation": "affirmed", "UMLS": "", "start": 77, "end": 92}, {"term": "organizing-phase DAD", "negation": "affirmed", "UMLS": "", "start": 155, "end": 175}]}, "Evidence Propositions": []}, {"Section": "RESULTS", "Text": "Meanwhile , organization and fibrosis were usually accompanied by exudation .", "Evidence Elements": {"Participant": [], "Intervention": [], "Outcome": [{"term": "organization", "negation": "affirmed", "UMLS": "", "start": 12, "end": 24}]}, "Evidence Propositions": []}, {"Section": "RESULTS", "Text": "Coronavirus was mostly detected in pneumocytes , but less in macrophages and bronchiolar epithelial cells .", "Evidence Elements": {"Participant": [{"term": "pneumocytes", "negation": "affirmed", "UMLS": "", "start": 35, "end": 46}, {"term": "macrophages", "negation": "affirmed", "UMLS": "", "start": 61, "end": 72}, {"term": "bronchiolar epithelial", "negation": "affirmed", "UMLS": "", "start": 77, "end": 99}], "Intervention": [], "Outcome": [{"term": "Coronavirus", "negation": "affirmed", "UMLS": "", "start": 0, "end": 11}]}, "Evidence Propositions": [{"Intervention": [], "Observation": "less", "Outcome": "Coronavirus", "Count": ""}]}, {"Section": "RESULTS", "Text": "Hemorrhagic necrosis and lymphocyte depletion were found in lymph nodes and spleen in both SARS and COVID-19 , indicating a pathological basis of lymphocytopenia .", "Evidence Elements": {"Participant": [], "Intervention": [{"term": "SARS", "negation": "affirmed", "UMLS": "", "start": 91, "end": 95}, {"term": "COVID-19", "negation": "affirmed", "UMLS": "", "start": 100, "end": 108}], "Outcome": [{"term": "Hemorrhagic necrosis", "negation": "affirmed", "UMLS": "", "start": 0, "end": 20}, {"term": "lymphocyte depletion", "negation": "affirmed", "UMLS": "", "start": 25, "end": 45}]}, "Evidence Propositions": []}, {"Section": "RESULTS", "Text": "Thrombosis was commonly observed in small vessels and microvasculaturr in lungs accompanying DAD .", "Evidence Elements": {"Participant": [], "Intervention": [], "Outcome": []}, "Evidence Propositions": []}, {"Section": "RESULTS", "Text": "Microthrombosis was also found in extrapulmonary organs in COVID-19 , that was less reported in SARS .", "Evidence Elements": {"Participant": [{"term": "COVID-19", "negation": "affirmed", "UMLS": "", "start": 59, "end": 67}], "Intervention": [], "Outcome": [{"term": "Microthrombosis", "negation": "affirmed", "UMLS": "", "start": 0, "end": 15}, {"term": "extrapulmonary organs", "negation": "affirmed", "UMLS": "", "start": 34, "end": 55}]}, "Evidence Propositions": [{"Intervention": [], "Observation": "less", "Outcome": "Microthrombosis", "Count": ""}, {"Intervention": [], "Observation": "less", "Outcome": "extrapulmonary organs", "Count": ""}]}, {"Section": "RESULTS", "Text": "Damages in multiple extrapulmonary organs were observed , but coronavirus was not detected in some of those organs , indicating an alternative mechanism beyond viral infection , such as hypoxemia , ischemia and cytokine storm induced immunological injury .", "Evidence Elements": {"Participant": [], "Intervention": [], "Outcome": [{"term": "Damages in multiple extrapulmonary organs", "negation": "affirmed", "UMLS": "", "start": 0, "end": 41}, {"term": "coronavirus", "negation": "affirmed", "UMLS": "", "start": 62, "end": 73}]}, "Evidence Propositions": []}, {"Section": "CONCLUSIONS", "Text": "DAD due to viral infection and immunological injury , as well as multi-organ dysfunction and extensive microthrombus formation , brought huge challenge to the management of patients with severe SARS or COVID-19 .", "Evidence Elements": {"Participant": [], "Intervention": [], "Outcome": []}, "Evidence Propositions": []}]}