{"doc_id": "32243267", "type of study": "Therapy", "title": "", "abstract": "Disclaimer: ECMO has, and will certainly continue, to play a role in the management of COVID-19 patients.\nIt should be emphasized that this initial guidance is based on the current best evidence for ECMO use during this pandemic.\nGuidance documents addressing additional portions of ECMO care are currently being assembled for rapid publication and distribution to ECMO centers worldwide.\n", "Evidence Map": {"Enrollment": [], "Comparison Results": [], "Study Arm 1 Results": [], "Study Arm 2 Results": []}, "Sentence-level breakdown": [{"Section": "TITLE", "Text": "Disclaimer : ECMO has , and will certainly continue , to play a role in the management of COVID-19 patients .", "Evidence Elements": {"Participant": [], "Intervention": [], "Outcome": []}, "Evidence Propositions": []}, {"Section": "RESULTS", "Text": "It should be emphasized that this initial guidance is based on the current best evidence for ECMO use during this pandemic .", "Evidence Elements": {"Participant": [], "Intervention": [], "Outcome": []}, "Evidence Propositions": []}, {"Section": "CONCLUSIONS", "Text": "Guidance documents addressing additional portions of ECMO care are currently being assembled for rapid publication and distribution to ECMO centers worldwide .", "Evidence Elements": {"Participant": [], "Intervention": [], "Outcome": []}, "Evidence Propositions": []}]}