{"doc_id": "32247211", "type of study": "Therapy", "title": "", "abstract": "No drugs are currently approved for Coronavirus Disease-2019 (COVID-19), although some have been tried.\nIn view of recent studies and discussion on chloroquine and hydroxychloroquine (HCQ), we aimed to review existing literature and relevant websites regarding these drugs and COVID-19, adverse effects related to drugs, and related guidelines.\nWe systematically searched the PubMed database up till March 21, 2020 and retrieved all the articles published on chloroquine and HCQ and COVID-19.\nTwo small human studies have been conducted with both these drugs in COVID-19, and have shown significant improvement in some parameters in patients with COVID-19.\nConsidering minimal risk upon use, a long experience of use in other diseases, cost-effectiveness and easy availability across India, we propose that both these drugs are worthy of fast track clinical trial for treatment, and may be carefully considered for clinical use as experimental drugs.\nSince HCQ has been approved for treatment of diabetes in India, it should be further researched in diabetes and COVID-19, a subgroup where significant mortality has been shown.\nSome drugs have been tried for Coronavirus Disease-2019 (COVID-19).\nChloroquine and Hydroxychloroquine has shown some promise in treatment of COVID-19 and should be fast tracked for further research.\nWe present available guidelines and propose use of these drugs in COVID-19.\n", "Evidence Map": {"Enrollment": [], "Comparison Results": [], "Study Arm 1 Results": [], "Study Arm 2 Results": []}, "Sentence-level breakdown": [{"Section": "TITLE", "Text": "No drugs are currently approved for Coronavirus Disease-2019 ( COVID-19 ) , although some have been tried .", "Evidence Elements": {"Participant": [], "Intervention": [], "Outcome": []}, "Evidence Propositions": []}, {"Section": "OBJECTIVE", "Text": "In view of recent studies and discussion on chloroquine and hydroxychloroquine ( HCQ ) , we aimed to review existing literature and relevant websites regarding these drugs and COVID-19 , adverse effects related to drugs , and related guidelines .", "Evidence Elements": {"Participant": [], "Intervention": [], "Outcome": [{"term": "adverse effects", "negation": "affirmed", "UMLS": "", "start": 187, "end": 202}]}, "Evidence Propositions": []}, {"Section": "METHODS", "Text": "We systematically searched the PubMed database up till March 21 , 2020 and retrieved all the articles published on chloroquine and HCQ and COVID-19 .", "Evidence Elements": {"Participant": [], "Intervention": [{"term": "chloroquine", "negation": "affirmed", "UMLS": "", "start": 115, "end": 126}, {"term": "HCQ", "negation": "affirmed", "UMLS": "", "start": 131, "end": 134}], "Outcome": []}, "Evidence Propositions": []}, {"Section": "RESULTS", "Text": "Two small human studies have been conducted with both these drugs in COVID-19 , and have shown significant improvement in some parameters in patients with COVID-19 .", "Evidence Elements": {"Participant": [], "Intervention": [], "Outcome": [{"term": "parameters", "negation": "affirmed", "UMLS": "", "start": 127, "end": 137}]}, "Evidence Propositions": []}, {"Section": "RESULTS", "Text": "Considering minimal risk upon use , a long experience of use in other diseases , cost-effectiveness and easy availability across India , we propose that both these drugs are worthy of fast track clinical trial for treatment , and may be carefully considered for clinical use as experimental drugs .", "Evidence Elements": {"Participant": [], "Intervention": [], "Outcome": []}, "Evidence Propositions": []}, {"Section": "RESULTS", "Text": "Since HCQ has been approved for treatment of diabetes in India , it should be further researched in diabetes and COVID-19 , a subgroup where significant mortality has been shown .", "Evidence Elements": {"Participant": [], "Intervention": [], "Outcome": []}, "Evidence Propositions": []}, {"Section": "RESULTS", "Text": "Some drugs have been tried for Coronavirus Disease-2019 ( COVID-19 ) .", "Evidence Elements": {"Participant": [], "Intervention": [], "Outcome": []}, "Evidence Propositions": []}, {"Section": "CONCLUSIONS", "Text": "Chloroquine and Hydroxychloroquine has shown some promise in treatment of COVID-19 and should be fast tracked for further research .", "Evidence Elements": {"Participant": [], "Intervention": [], "Outcome": []}, "Evidence Propositions": []}, {"Section": "CONCLUSIONS", "Text": "We present available guidelines and propose use of these drugs in COVID-19 .", "Evidence Elements": {"Participant": [], "Intervention": [], "Outcome": []}, "Evidence Propositions": []}]}