{"doc_id": "32249357", "type of study": "Therapy", "title": "", "abstract": "Analyze the relationship between obesity and influenza.\nBasal hormone milieu, defective response of both innate and adaptive immune system and sedentariness are major determinants in the severity of influenza viral infection in obese patients.\nBeing overweight not only increases the risk of infection and of complications for the single obese person, but a large prevalence of obese individuals within the population might increase the chance of appearance of more virulent viral strain, prolongs the virus shedding throughout the total population and eventually might increase overall mortality rate of an influenza pandemic.\nWaiting for the development of a vaccination against COVID-19, isolation of positive cases and social distancing are the primary interventions.\nNonetheless, evidence from previous influenza pandemics suggests the following interventions aimed at improving immune response: (1) lose weight with a mild caloric restriction; (2) include AMPK activators and PPAR gamma activators in the drug treatment for obesity associated with diabetes; and (3) practice mild-to-moderate physical exercise.\nDue to prolonged viral shedding, quarantine in obese subjects should likely be longer than normal weight individuals.\n", "Evidence Map": {"Enrollment": [], "Comparison Results": [], "Study Arm 1 Results": [], "Study Arm 2 Results": []}, "Sentence-level breakdown": [{"Section": "TITLE", "Text": "Analyze the relationship between obesity and influenza .", "Evidence Elements": {"Participant": [], "Intervention": [], "Outcome": [{"term": "obesity and influenza", "negation": "affirmed", "UMLS": "", "start": 33, "end": 54}]}, "Evidence Propositions": []}, {"Section": "RESULTS", "Text": "Basal hormone milieu , defective response of both innate and adaptive immune system and sedentariness are major determinants in the severity of influenza viral infection in obese patients .", "Evidence Elements": {"Participant": [], "Intervention": [], "Outcome": []}, "Evidence Propositions": []}, {"Section": "RESULTS", "Text": "Being overweight not only increases the risk of infection and of complications for the single obese person , but a large prevalence of obese individuals within the population might increase the chance of appearance of more virulent viral strain , prolongs the virus shedding throughout the total population and eventually might increase overall mortality rate of an influenza pandemic .", "Evidence Elements": {"Participant": [], "Intervention": [], "Outcome": [{"term": "risk of infection", "negation": "affirmed", "UMLS": "", "start": 40, "end": 57}, {"term": "of complications", "negation": "affirmed", "UMLS": "", "start": 62, "end": 78}, {"term": "overall mortality rate", "negation": "affirmed", "UMLS": "", "start": 337, "end": 359}]}, "Evidence Propositions": []}, {"Section": "RESULTS", "Text": "Waiting for the development of a vaccination against COVID-19 , isolation of positive cases and social distancing are the primary interventions .", "Evidence Elements": {"Participant": [], "Intervention": [], "Outcome": []}, "Evidence Propositions": []}, {"Section": "RESULTS", "Text": "Nonetheless , evidence from previous influenza pandemics suggests the following interventions aimed at improving immune response : ( 1 ) lose weight with a mild caloric restriction ; ( 2 ) include AMPK activators and PPAR gamma activators in the drug treatment for obesity associated with diabetes ; and ( 3 ) practice mild-to-moderate physical exercise .", "Evidence Elements": {"Participant": [], "Intervention": [{"term": "weight with a mild caloric restriction", "negation": "affirmed", "UMLS": "", "start": 142, "end": 180}], "Outcome": []}, "Evidence Propositions": []}, {"Section": "CONCLUSIONS", "Text": "Due to prolonged viral shedding , quarantine in obese subjects should likely be longer than normal weight individuals .", "Evidence Elements": {"Participant": [], "Intervention": [], "Outcome": []}, "Evidence Propositions": []}]}