{"doc_id": "32247213", "type of study": "Therapy", "title": "", "abstract": "Multiple issues in management of COVID have emerged, but confusion persists regarding rational interpretation.\nAim of this brief review is to review these issues based on current literature.\nThis is a narrative review with Pubmed and Google Scholar search till 23 March 2020.\nSearch terms were, COVID-19, treatment of coronavirus, COVID 19 and following terms; chloroquine, hydroxychloroquine, ibuprofen, ACE-inhibitors or angiotensin receptor blockers, cardiovascular disease, diarrhoea, liver, testis and gastrointestinal disease.\nWe discuss evidence regarding role of chloroquine and hydroxychloroquine in treatment and prophylaxis, use of inhibitors of the renin angiotensin system, safety of ibuprofen, unusual clinical features like gastrointestinal symptoms and interpretation of tests for cardiac enzymes and biomarkers.\nWhile our conclusions on management of COVID-19 patients with co-morbidities are based on current evidence, however, data is limited and there is immediate need for fast track research.\n", "Evidence Map": {"Enrollment": [{"term": "coronavirus", "negation": "affirmed", "UMLS": "", "start": 44, "end": 55}, {"term": "chloroquine", "negation": "affirmed", "UMLS": "", "start": 89, "end": 100}, {"term": "hydroxychloroquine", "negation": "affirmed", "UMLS": "", "start": 103, "end": 121}, {"term": "ibuprofen", "negation": "affirmed", "UMLS": "", "start": 124, "end": 133}], "Comparison Results": [], "Study Arm 1 Results": [], "Study Arm 2 Results": []}, "Sentence-level breakdown": [{"Section": "TITLE", "Text": "Multiple issues in management of COVID have emerged , but confusion persists regarding rational interpretation .", "Evidence Elements": {"Participant": [], "Intervention": [], "Outcome": []}, "Evidence Propositions": []}, {"Section": "OBJECTIVE", "Text": "Aim of this brief review is to review these issues based on current literature .", "Evidence Elements": {"Participant": [], "Intervention": [], "Outcome": []}, "Evidence Propositions": []}, {"Section": "METHODS", "Text": "This is a narrative review with Pubmed and Google Scholar search till 23 March 2020 .", "Evidence Elements": {"Participant": [], "Intervention": [], "Outcome": []}, "Evidence Propositions": []}, {"Section": "METHODS", "Text": "Search terms were , COVID-19 , treatment of coronavirus , COVID 19 and following terms ; chloroquine , hydroxychloroquine , ibuprofen , ACE-inhibitors or angiotensin receptor blockers , cardiovascular disease , diarrhoea , liver , testis and gastrointestinal disease .", "Evidence Elements": {"Participant": [{"term": "coronavirus", "negation": "affirmed", "UMLS": "", "start": 44, "end": 55}, {"term": "chloroquine", "negation": "affirmed", "UMLS": "", "start": 89, "end": 100}, {"term": "hydroxychloroquine", "negation": "affirmed", "UMLS": "", "start": 103, "end": 121}, {"term": "ibuprofen", "negation": "affirmed", "UMLS": "", "start": 124, "end": 133}], "Intervention": [], "Outcome": []}, "Evidence Propositions": []}, {"Section": "CONCLUSIONS", "Text": "We discuss evidence regarding role of chloroquine and hydroxychloroquine in treatment and prophylaxis , use of inhibitors of the renin angiotensin system , safety of ibuprofen , unusual clinical features like gastrointestinal symptoms and interpretation of tests for cardiac enzymes and biomarkers .", "Evidence Elements": {"Participant": [], "Intervention": [{"term": "chloroquine", "negation": "affirmed", "UMLS": "", "start": 38, "end": 49}, {"term": "hydroxychloroquine", "negation": "affirmed", "UMLS": "", "start": 54, "end": 72}, {"term": "ibuprofen", "negation": "affirmed", "UMLS": "", "start": 166, "end": 175}], "Outcome": [{"term": "treatment", "negation": "affirmed", "UMLS": "", "start": 76, "end": 85}, {"term": "prophylaxis", "negation": "affirmed", "UMLS": "", "start": 90, "end": 101}, {"term": "safety", "negation": "affirmed", "UMLS": "", "start": 156, "end": 162}, {"term": "unusual", "negation": "affirmed", "UMLS": "", "start": 178, "end": 185}, {"term": "features", "negation": "affirmed", "UMLS": "", "start": 195, "end": 203}, {"term": "gastrointestinal symptoms", "negation": "affirmed", "UMLS": "", "start": 209, "end": 234}, {"term": "interpretation of tests for cardiac", "negation": "affirmed", "UMLS": "", "start": 239, "end": 274}]}, "Evidence Propositions": []}, {"Section": "CONCLUSIONS", "Text": "While our conclusions on management of COVID-19 patients with co-morbidities are based on current evidence , however , data is limited and there is immediate need for fast track research .", "Evidence Elements": {"Participant": [], "Intervention": [], "Outcome": []}, "Evidence Propositions": []}]}