{"doc_id": "32257537", "type of study": "Therapy", "title": "", "abstract": "A coronavirus (HCoV-19) has caused the novel coronavirus disease (COVID-19) outbreak in Wuhan, China.\nPreventing and reversing the cytokine storm may be the key to save the patients with severe COVID-19 pneumonia.\nMesenchymal stem cells (MSCs) have been shown to possess a comprehensive powerful immunomodulatory function.\nThis study aims to investigate whether MSC transplantation improves the outcome of 7 enrolled patients with COVID-19 pneumonia in Beijing YouAn Hospital, China, from Jan 23, 2020 to Feb 16, 2020.\nThe clinical outcomes, as well as changes of inflammatory and immune function levels and adverse effects of 7 enrolled patients were assessed for 14 days after MSC injection.\nMSCs could cure or significantly improve the functional outcomes of seven patients without observed adverse effects.\nThe pulmonary function and symptoms of these seven patients were significantly improved in 2 days after MSC transplantation.\nAmong them, two common and one severe patient were recovered and discharged in 10 days after treatment.\nAfter treatment, the peripheral lymphocytes were increased, the C-reactive protein decreased, and the overactivated cytokine-secreting immune cells CXCR3+CD4+ T cells, CXCR3+CD8+ T cells, and CXCR3+ NK cells disappeared in 3-6 days.\nIn addition, a group of CD14+CD11c+CD11bmid regulatory DC cell population dramatically increased.\nMeanwhile, the level of TNF-alpha was significantly decreased, while IL-10 increased in MSC treatment group compared to the placebo control group.\nFurthermore, the gene expression profile showed MSCs were ACE2- and TMPRSS2- which indicated MSCs are free from COVID-19 infection.\nThus, the intravenous transplantation of MSCs was safe and effective for treatment in patients with COVID-19 pneumonia, especially for the patients in critically severe condition.\n", "Evidence Map": {"Enrollment": [{"term": "severe COVID-19 pneumonia", "negation": "affirmed", "UMLS": "", "start": 85, "end": 110}, {"term": "COVID-19 pneumonia", "negation": "affirmed", "UMLS": "", "start": 108, "end": 126}, {"term": "COVID-19 pneumonia", "negation": "affirmed", "UMLS": "", "start": 101, "end": 119}, {"term": "critically", "negation": "affirmed", "UMLS": "", "start": 153, "end": 163}], "Comparison Results": [], "Study Arm 1 Results": [], "Study Arm 2 Results": []}, "Sentence-level breakdown": [{"Section": "TITLE", "Text": "A coronavirus ( HCoV-19 ) has caused the novel coronavirus disease ( COVID-19 ) outbreak in Wuhan , China .", "Evidence Elements": {"Participant": [], "Intervention": [], "Outcome": []}, "Evidence Propositions": []}, {"Section": "BACKGROUND", "Text": "Preventing and reversing the cytokine storm may be the key to save the patients with severe COVID-19 pneumonia .", "Evidence Elements": {"Participant": [{"term": "severe COVID-19 pneumonia", "negation": "affirmed", "UMLS": "", "start": 85, "end": 110}], "Intervention": [], "Outcome": []}, "Evidence Propositions": []}, {"Section": "BACKGROUND", "Text": "Mesenchymal stem cells ( MSCs ) have been shown to possess a comprehensive powerful immunomodulatory function .", "Evidence Elements": {"Participant": [], "Intervention": [], "Outcome": []}, "Evidence Propositions": []}, {"Section": "OBJECTIVE", "Text": "This study aims to investigate whether MSC transplantation improves the outcome of 7 enrolled patients with COVID-19 pneumonia in Beijing YouAn Hospital , China , from Jan 23 , 2020 to Feb 16 , 2020 .", "Evidence Elements": {"Participant": [{"term": "COVID-19 pneumonia", "negation": "affirmed", "UMLS": "", "start": 108, "end": 126}], "Intervention": [{"term": "MSC transplantation", "negation": "affirmed", "UMLS": "", "start": 39, "end": 58}], "Outcome": [{"term": "outcome", "negation": "affirmed", "UMLS": "", "start": 72, "end": 79}]}, "Evidence Propositions": []}, {"Section": "METHODS", "Text": "The clinical outcomes , as well as changes of inflammatory and immune function levels and adverse effects of 7 enrolled patients were assessed for 14 days after MSC injection .", "Evidence Elements": {"Participant": [], "Intervention": [{"term": "MSC", "negation": "affirmed", "UMLS": "", "start": 161, "end": 164}], "Outcome": [{"term": "clinical outcomes", "negation": "affirmed", "UMLS": "", "start": 4, "end": 21}, {"term": "changes", "negation": "affirmed", "UMLS": "", "start": 35, "end": 42}, {"term": "inflammatory and immune function levels", "negation": "affirmed", "UMLS": "", "start": 46, "end": 85}, {"term": "adverse effects", "negation": "affirmed", "UMLS": "", "start": 90, "end": 105}]}, "Evidence Propositions": []}, {"Section": "RESULTS", "Text": "MSCs could cure or significantly improve the functional outcomes of seven patients without observed adverse effects .", "Evidence Elements": {"Participant": [], "Intervention": [{"term": "MSCs", "negation": "affirmed", "UMLS": "", "start": 0, "end": 4}], "Outcome": [{"term": "functional outcomes", "negation": "affirmed", "UMLS": "", "start": 45, "end": 64}, {"term": "adverse effects", "negation": "negated", "UMLS": "", "start": 100, "end": 115}]}, "Evidence Propositions": [{"Intervention": "MSCs", "Observation": "significantly improve", "Outcome": "functional outcomes", "Count": ""}, {"Intervention": "MSCs", "Observation": "", "Count": "seven patients", "Outcome": "functional outcomes"}]}, {"Section": "RESULTS", "Text": "The pulmonary function and symptoms of these seven patients were significantly improved in 2 days after MSC transplantation .", "Evidence Elements": {"Participant": [], "Intervention": [{"term": "MSC transplantation", "negation": "affirmed", "UMLS": "", "start": 104, "end": 123}], "Outcome": [{"term": "pulmonary function", "negation": "affirmed", "UMLS": "", "start": 4, "end": 22}, {"term": "symptoms", "negation": "affirmed", "UMLS": "", "start": 27, "end": 35}]}, "Evidence Propositions": [{"Intervention": "MSC transplantation", "Observation": "significantly improved", "Outcome": "pulmonary function", "Count": ""}, {"Intervention": "MSC transplantation", "Observation": "significantly improved", "Outcome": "symptoms", "Count": ""}]}, {"Section": "RESULTS", "Text": "Among them , two common and one severe patient were recovered and discharged in 10 days after treatment .", "Evidence Elements": {"Participant": [], "Intervention": [], "Outcome": [{"term": "recovered", "negation": "affirmed", "UMLS": "", "start": 52, "end": 61}, {"term": "discharged", "negation": "affirmed", "UMLS": "", "start": 66, "end": 76}]}, "Evidence Propositions": []}, {"Section": "RESULTS", "Text": "After treatment , the peripheral lymphocytes were increased , the C-reactive protein decreased , and the overactivated cytokine-secreting immune cells CXCR3+ CD4+T cells , CXCR3+ CD8+ T cells , and CXCR3+ NK cells disappeared in 3-6 days .", "Evidence Elements": {"Participant": [], "Intervention": [], "Outcome": [{"term": "peripheral lymphocytes", "negation": "affirmed", "UMLS": "", "start": 22, "end": 44}, {"term": "C-reactive protein", "negation": "affirmed", "UMLS": "", "start": 66, "end": 84}, {"term": "overactivated cytokine-secreting immune cells", "negation": "affirmed", "UMLS": "", "start": 105, "end": 150}, {"term": "CXCR3+ CD4+T cells", "negation": "affirmed", "UMLS": "", "start": 151, "end": 169}, {"term": "CXCR3+ CD8+ T cells", "negation": "affirmed", "UMLS": "", "start": 172, "end": 191}, {"term": "CXCR3+", "negation": "affirmed", "UMLS": "", "start": 151, "end": 157}]}, "Evidence Propositions": []}, {"Section": "RESULTS", "Text": "In addition , a group of CD14+ CD11c+ CD11bmid regulatory DC cell population dramatically increased .", "Evidence Elements": {"Participant": [], "Intervention": [], "Outcome": [{"term": "group of CD14+ CD11c+ CD11bmid regulatory DC cell", "negation": "affirmed", "UMLS": "", "start": 16, "end": 65}]}, "Evidence Propositions": []}, {"Section": "RESULTS", "Text": "Meanwhile , the level of TNF-alpha was significantly decreased , while IL-10 increased in MSC treatment group compared to the placebo control group .", "Evidence Elements": {"Participant": [], "Intervention": [{"term": "MSC treatment", "negation": "affirmed", "UMLS": "", "start": 90, "end": 103}, {"term": "placebo", "negation": "affirmed", "UMLS": "", "start": 126, "end": 133}], "Outcome": [{"term": "level of TNF-alpha", "negation": "affirmed", "UMLS": "", "start": 16, "end": 34}, {"term": "IL-10", "negation": "affirmed", "UMLS": "", "start": 71, "end": 76}]}, "Evidence Propositions": [{"Intervention": "MSC treatment", "Observation": "significantly decreased", "Outcome": "level of TNF-alpha", "Count": ""}]}, {"Section": "RESULTS", "Text": "Furthermore , the gene expression profile showed MSCs were ACE2- and TMPRSS2- which indicated MSCs are free from COVID-19 infection .", "Evidence Elements": {"Participant": [], "Intervention": [{"term": "MSCs", "negation": "negated", "UMLS": "", "start": 49, "end": 53}, {"term": "MSCs", "negation": "negated", "UMLS": "", "start": 49, "end": 53}], "Outcome": [{"term": "gene expression profile", "negation": "negated", "UMLS": "", "start": 18, "end": 41}]}, "Evidence Propositions": [{"Intervention": "MSCs", "Observation": "ACE2-", "Outcome": "gene expression profile", "Count": ""}]}, {"Section": "CONCLUSIONS", "Text": "Thus , the intravenous transplantation of MSCs was safe and effective for treatment in patients with COVID-19 pneumonia , especially for the patients in critically severe condition .", "Evidence Elements": {"Participant": [{"term": "COVID-19 pneumonia", "negation": "affirmed", "UMLS": "", "start": 101, "end": 119}, {"term": "critically", "negation": "affirmed", "UMLS": "", "start": 153, "end": 163}], "Intervention": [{"term": "intravenous transplantation of MSCs", "negation": "affirmed", "UMLS": "", "start": 11, "end": 46}], "Outcome": []}, "Evidence Propositions": []}]}