{"doc_id": "32251768", "type of study": "Therapy", "title": "", "abstract": "Although several clinical trials are now underway to test possible therapies, the worldwide response to the COVID-19 outbreak has been largely limited to monitoring/containment.\nWe report here that Ivermectin, an FDA-approved anti-parasitic previously shown to have broad-spectrum anti-viral activity in vitro, is an inhibitor of the causative virus (SARS-CoV-2), with a single addition to Vero-hSLAM cells 2 h post infection with SARS-CoV-2 able to effect ~5000-fold reduction in viral RNA at 48 h. Ivermectin therefore warrants further investigation for possible benefits in humans.\nIvermectin is an inhibitor of the COVID-19 causative virus (SARS-CoV-2) in vitro.\nA single treatment able to effect ~5000-fold reduction in virus at 48 h in cell culture.\nIvermectin is FDA-approved for parasitic infections, and therefore has a potential for repurposing.\nIvermectin is widely available, due to its inclusion on the WHO model list of essential medicines.\n", "Evidence Map": {"Enrollment": [], "Comparison Results": [], "Study Arm 1 Results": [], "Study Arm 2 Results": []}, "Sentence-level breakdown": [{"Section": "TITLE", "Text": "Although several clinical trials are now underway to test possible therapies , the worldwide response to the COVID-19 outbreak has been largely limited to monitoring / containment .", "Evidence Elements": {"Participant": [], "Intervention": [], "Outcome": []}, "Evidence Propositions": []}, {"Section": "RESULTS", "Text": "We report here that Ivermectin , an FDA-approved anti-parasitic previously shown to have broad-spectrum anti-viral activity in vitro , is an inhibitor of the causative virus ( SARS-CoV-2 ) , with a single addition to Vero-hSLAM cells 2 h post infection with SARS-CoV-2 able to effect ~ 5000-fold reduction in viral RNA at 48 h . Ivermectin therefore warrants further investigation for possible benefits in humans .", "Evidence Elements": {"Participant": [], "Intervention": [], "Outcome": [{"term": "viral RNA", "negation": "affirmed", "UMLS": "", "start": 309, "end": 318}]}, "Evidence Propositions": []}, {"Section": "RESULTS", "Text": "Ivermectin is an inhibitor of the COVID-19 causative virus ( SARS-CoV-2 ) in vitro .", "Evidence Elements": {"Participant": [], "Intervention": [], "Outcome": []}, "Evidence Propositions": []}, {"Section": "RESULTS", "Text": "A single treatment able to effect ~ 5000-fold reduction in virus at 48 h in cell culture .", "Evidence Elements": {"Participant": [], "Intervention": [], "Outcome": [{"term": "virus", "negation": "affirmed", "UMLS": "", "start": 59, "end": 64}]}, "Evidence Propositions": []}, {"Section": "CONCLUSIONS", "Text": "Ivermectin is FDA-approved for parasitic infections , and therefore has a potential for repurposing .", "Evidence Elements": {"Participant": [], "Intervention": [], "Outcome": []}, "Evidence Propositions": []}, {"Section": "CONCLUSIONS", "Text": "Ivermectin is widely available , due to its inclusion on the WHO model list of essential medicines .", "Evidence Elements": {"Participant": [], "Intervention": [], "Outcome": []}, "Evidence Propositions": []}]}