{"doc_id": "32253759", "type of study": "Therapy", "title": "", "abstract": "Tocilizumab (TCZ), a monoclonal antibody against interleukin-6 (IL-6), emerged as an alternative treatment for COVID-19 patients with a risk of cytokine storms recently.\nIn the present study, we aimed to discuss the treatment response of TCZ therapy in COVID-19 infected patients.\nThe demographic, treatment, laboratory parameters of C-reactive protein (CRP) and IL-6 before and after TCZ therapy and clinical outcome in the 15 COVID-19 patients were retrospectively assessed.\nTotally 15 patients with COVID-19 were included in this study.\nTwo of them were moderately ill, six were seriously ill and seven were critically ill.\nThe TCZ was used in combination with methylprednisolone in eight patients.\nFive patients received the TCZ administration twice or more.\nAlthough TCZ treatment ameliorated the increased CRP in all patients rapidly, for the four critically ill patients who received an only single dose of TCZ, three of them (No. 1, 2, and 3) still dead and the CRP level in the rest one patient (No. 7) failed to return to normal range with a clinical outcome of disease aggravation.\nSerum IL-6 level tended to further spiked firstly and then decreased after TCZ therapy in 10 patients.\nA persistent and dramatic increase of IL-6 was observed in these four patients who failed treatment.\nTCZ appears to be an effective treatment option in COVID-19 patients with a risk of cytokine storms.\nAnd for these critically ill patients with elevated IL-6, the repeated dose of the TCZ is recommended.\nTCZ benefits the COVID-19 patients in relieving inflammatory activity.\nRepeat doses of TCZ is recommended for critically ill COVID-19 patients.\nMore cases are still needed to further verify the effect of TCZ.\n", "Evidence Map": {"Enrollment": [{"term": "COVID-19 infected", "negation": "affirmed", "UMLS": "", "start": 84, "end": 101}, {"term": "COVID-19", "negation": "affirmed", "UMLS": "", "start": 151, "end": 159}, {"term": "COVID-19", "negation": "affirmed", "UMLS": "", "start": 25, "end": 33}, {"term": "moderately ill", "negation": "affirmed", "UMLS": "", "start": 17, "end": 31}, {"term": "seriously ill", "negation": "affirmed", "UMLS": "", "start": 43, "end": 56}, {"term": "critically", "negation": "affirmed", "UMLS": "", "start": 72, "end": 82}, {"term": "critically ill", "negation": "affirmed", "UMLS": "", "start": 92, "end": 106}, {"term": "COVID-19", "negation": "affirmed", "UMLS": "", "start": 51, "end": 59}, {"term": "risk of cytokine storms", "negation": "affirmed", "UMLS": "", "start": 76, "end": 99}, {"term": "critically ill", "negation": "affirmed", "UMLS": "", "start": 14, "end": 28}, {"term": "COVID-19", "negation": "affirmed", "UMLS": "", "start": 17, "end": 25}, {"term": "critically ill COVID-19", "negation": "affirmed", "UMLS": "", "start": 39, "end": 62}], "Comparison Results": [], "Study Arm 1 Results": [], "Study Arm 2 Results": []}, "Sentence-level breakdown": [{"Section": "TITLE", "Text": "Tocilizumab ( TCZ ) , a monoclonal antibody against interleukin-6 ( IL-6 ) , emerged as an alternative treatment for COVID-19 patients with a risk of cytokine storms recently .", "Evidence Elements": {"Participant": [], "Intervention": [], "Outcome": []}, "Evidence Propositions": []}, {"Section": "OBJECTIVE", "Text": "In the present study , we aimed to discuss the treatment response of TCZ therapy in COVID-19 infected patients .", "Evidence Elements": {"Participant": [{"term": "COVID-19 infected", "negation": "affirmed", "UMLS": "", "start": 84, "end": 101}], "Intervention": [{"term": "TCZ therapy", "negation": "affirmed", "UMLS": "", "start": 69, "end": 80}], "Outcome": [{"term": "treatment response", "negation": "affirmed", "UMLS": "", "start": 47, "end": 65}]}, "Evidence Propositions": []}, {"Section": "METHODS", "Text": "The demographic , treatment , laboratory parameters of C-reactive protein ( CRP ) and IL-6 before and after TCZ therapy and clinical outcome in the 15 COVID-19 patients were retrospectively assessed .", "Evidence Elements": {"Participant": [{"term": "COVID-19", "negation": "affirmed", "UMLS": "", "start": 151, "end": 159}], "Intervention": [{"term": "TCZ", "negation": "affirmed", "UMLS": "", "start": 108, "end": 111}], "Outcome": [{"term": "demographic", "negation": "affirmed", "UMLS": "", "start": 4, "end": 15}, {"term": "treatment", "negation": "affirmed", "UMLS": "", "start": 18, "end": 27}, {"term": "laboratory parameters of C-reactive protein ( CRP )", "negation": "affirmed", "UMLS": "", "start": 30, "end": 81}, {"term": "IL-6", "negation": "affirmed", "UMLS": "", "start": 86, "end": 90}, {"term": "clinical outcome", "negation": "affirmed", "UMLS": "", "start": 124, "end": 140}]}, "Evidence Propositions": []}, {"Section": "METHODS", "Text": "Totally 15 patients with COVID-19 were included in this study .", "Evidence Elements": {"Participant": [{"term": "COVID-19", "negation": "affirmed", "UMLS": "", "start": 25, "end": 33}], "Intervention": [], "Outcome": []}, "Evidence Propositions": []}, {"Section": "METHODS", "Text": "Two of them were moderately ill , six were seriously ill and seven were critically ill .", "Evidence Elements": {"Participant": [{"term": "moderately ill", "negation": "affirmed", "UMLS": "", "start": 17, "end": 31}, {"term": "seriously ill", "negation": "affirmed", "UMLS": "", "start": 43, "end": 56}, {"term": "critically", "negation": "affirmed", "UMLS": "", "start": 72, "end": 82}], "Intervention": [], "Outcome": []}, "Evidence Propositions": []}, {"Section": "METHODS", "Text": "The TCZ was used in combination with methylprednisolone in eight patients .", "Evidence Elements": {"Participant": [], "Intervention": [{"term": "TCZ", "negation": "affirmed", "UMLS": "", "start": 4, "end": 7}, {"term": "with methylprednisolone", "negation": "affirmed", "UMLS": "", "start": 32, "end": 55}], "Outcome": []}, "Evidence Propositions": []}, {"Section": "METHODS", "Text": "Five patients received the TCZ administration twice or more .", "Evidence Elements": {"Participant": [], "Intervention": [{"term": "TCZ", "negation": "affirmed", "UMLS": "", "start": 27, "end": 30}], "Outcome": []}, "Evidence Propositions": []}, {"Section": "RESULTS", "Text": "Although TCZ treatment ameliorated the increased CRP in all patients rapidly , for the four critically ill patients who received an only single dose of TCZ , three of them ( No.1 , 2 , and 3 ) still dead and the CRP level in the rest one patient ( No.7 ) failed to return to normal range with a clinical outcome of disease aggravation .", "Evidence Elements": {"Participant": [{"term": "critically ill", "negation": "affirmed", "UMLS": "", "start": 92, "end": 106}], "Intervention": [{"term": "TCZ", "negation": "affirmed", "UMLS": "", "start": 9, "end": 12}, {"term": "single dose of TCZ", "negation": "affirmed", "UMLS": "", "start": 137, "end": 155}], "Outcome": [{"term": "CRP", "negation": "affirmed", "UMLS": "", "start": 49, "end": 52}, {"term": "dead", "negation": "affirmed", "UMLS": "", "start": 199, "end": 203}, {"term": "CRP level", "negation": "affirmed", "UMLS": "", "start": 212, "end": 221}, {"term": "return", "negation": "negated", "UMLS": "", "start": 265, "end": 271}]}, "Evidence Propositions": []}, {"Section": "RESULTS", "Text": "Serum IL-6 level tended to further spiked firstly and then decreased after TCZ therapy in 10 patients .", "Evidence Elements": {"Participant": [], "Intervention": [{"term": "TCZ therapy", "negation": "affirmed", "UMLS": "", "start": 75, "end": 86}], "Outcome": [{"term": "Serum IL-6 level", "negation": "affirmed", "UMLS": "", "start": 0, "end": 16}]}, "Evidence Propositions": [{"Intervention": [], "Observation": "further spiked", "Outcome": "Serum IL-6 level", "Count": ""}, {"Intervention": "TCZ therapy", "Observation": "decreased", "Outcome": "Serum IL-6 level", "Count": ""}, {"Intervention": "TCZ therapy", "Observation": "", "Count": "10 patients", "Outcome": "Serum IL-6 level"}]}, {"Section": "RESULTS", "Text": "A persistent and dramatic increase of IL-6 was observed in these four patients who failed treatment .", "Evidence Elements": {"Participant": [], "Intervention": [], "Outcome": [{"term": "IL-6", "negation": "affirmed", "UMLS": "", "start": 38, "end": 42}]}, "Evidence Propositions": []}, {"Section": "CONCLUSIONS", "Text": "TCZ appears to be an effective treatment option in COVID-19 patients with a risk of cytokine storms .", "Evidence Elements": {"Participant": [{"term": "COVID-19", "negation": "affirmed", "UMLS": "", "start": 51, "end": 59}, {"term": "risk of cytokine storms", "negation": "affirmed", "UMLS": "", "start": 76, "end": 99}], "Intervention": [{"term": "TCZ", "negation": "affirmed", "UMLS": "", "start": 0, "end": 3}], "Outcome": []}, "Evidence Propositions": []}, {"Section": "CONCLUSIONS", "Text": "And for these critically ill patients with elevated IL-6 , the repeated dose of the TCZ is recommended .", "Evidence Elements": {"Participant": [{"term": "critically ill", "negation": "affirmed", "UMLS": "", "start": 14, "end": 28}], "Intervention": [], "Outcome": []}, "Evidence Propositions": []}, {"Section": "CONCLUSIONS", "Text": "TCZ benefits the COVID-19 patients in relieving inflammatory activity .", "Evidence Elements": {"Participant": [{"term": "COVID-19", "negation": "affirmed", "UMLS": "", "start": 17, "end": 25}], "Intervention": [{"term": "TCZ", "negation": "affirmed", "UMLS": "", "start": 0, "end": 3}], "Outcome": [{"term": "relieving inflammatory activity", "negation": "affirmed", "UMLS": "", "start": 38, "end": 69}]}, "Evidence Propositions": []}, {"Section": "CONCLUSIONS", "Text": "Repeat doses of TCZ is recommended for critically ill COVID-19 patients .", "Evidence Elements": {"Participant": [{"term": "critically ill COVID-19", "negation": "affirmed", "UMLS": "", "start": 39, "end": 62}], "Intervention": [{"term": "Repeat doses of TCZ", "negation": "affirmed", "UMLS": "", "start": 0, "end": 19}], "Outcome": []}, "Evidence Propositions": []}, {"Section": "CONCLUSIONS", "Text": "More cases are still needed to further verify the effect of TCZ .", "Evidence Elements": {"Participant": [], "Intervention": [], "Outcome": []}, "Evidence Propositions": []}]}