{"doc_id": "32259576", "type of study": "Therapy", "title": "", "abstract": "Prevention strategies for SARS-CoV-2 infection in Saudi Arabia.\nTherapeutic options for COVID-19 in Saudi Arabia.\n", "Evidence Map": {"Enrollment": [{"term": "SARS-CoV-2 infection", "negation": "affirmed", "UMLS": "", "start": 26, "end": 46}, {"term": "COVID-19", "negation": "affirmed", "UMLS": "", "start": 24, "end": 32}], "Comparison Results": [], "Study Arm 1 Results": [], "Study Arm 2 Results": []}, "Sentence-level breakdown": [{"Section": "TITLE", "Text": "Prevention strategies for SARS-CoV-2 infection in Saudi Arabia .", "Evidence Elements": {"Participant": [{"term": "SARS-CoV-2 infection", "negation": "affirmed", "UMLS": "", "start": 26, "end": 46}], "Intervention": [{"term": "Prevention strategies", "negation": "affirmed", "UMLS": "", "start": 0, "end": 21}], "Outcome": []}, "Evidence Propositions": []}, {"Section": "CONCLUSIONS", "Text": "Therapeutic options for COVID-19 in Saudi Arabia .", "Evidence Elements": {"Participant": [{"term": "COVID-19", "negation": "affirmed", "UMLS": "", "start": 24, "end": 32}], "Intervention": [{"term": "options", "negation": "affirmed", "UMLS": "", "start": 12, "end": 19}], "Outcome": []}, "Evidence Propositions": []}]}