{"doc_id": "32253068", "type of study": "Therapy", "title": "", "abstract": "The Coronavirus-associated disease, that was first identified in 2019 in China (CoViD-19), is a pandemic caused by a bat-derived beta-coronavirus, named SARS-CoV2.\nIt shares homology with SARS and MERS-CoV, responsible for past outbreaks in China and in Middle East.\nSARS-CoV2 spread from China where the first infections were described in December 2019 and is responsible for the respiratory symptoms that can lead to acute respiratory distress syndrome.\nA cytokine storm has been shown in patients who develop fatal complications, as observed in past coronavirus infections.\nThe management includes ventilatory support and broad-spectrum antiviral drugs, empirically utilized, as a targeted therapy and vaccines have not been developed.\nBased upon our limited knowledge on the pathogenesis of CoViD-19, a potential role of some anti-rheumatic drugs may be hypothesized, acting as direct antivirals or targeting host immune response.\nAntimalarial drugs, commonly used in rheumatology, may alter the lysosomal proteases that mediates the viral entry into the cell and have demonstrated efficacy in improving the infection.\nAnti-IL-1 and anti-IL-6 may interfere with the cytokine storm in severe cases and use of tocilizumab has shown good outcomes in a small cohort.\nBaricitinib has both antiviral and anti-inflammatory properties.\nCheckpoints inhibitors such as anti-CD200 and anti-PD1 could have a role in the treatment of CoViD-19.\nRheumatic disease patients taking immunosuppressive drugs should be recommended to maintain the chronic therapy, prevent infection by avoiding social contacts and pausing immunosuppressants in case of infection.\nNational and international registries are being created to collect data on rheumatic patients with CoViD-19.\nCoViD-19 is a pandemic caused by SARS-CoV2, that can lead to acute respiratory distress syndrome.\nAntimalarial drugs, anti-IL-1 and anti-IL-6 may be used in severe cases targeting the cytokine storm induced by CoViD-19.\nRecommendations for rheumatic disease patients include the prevention of infection by avoiding social contacts.\nPatients should also continue their ongoing therapy except in the case of overt infection.\n", "Evidence Map": {"Enrollment": [], "Comparison Results": [], "Study Arm 1 Results": [], "Study Arm 2 Results": []}, "Sentence-level breakdown": [{"Section": "TITLE", "Text": "The Coronavirus-associated disease , that was first identified in 2019 in China ( CoViD-19 ) , is a pandemic caused by a bat-derived beta-coronavirus , named SARS-CoV2 .", "Evidence Elements": {"Participant": [], "Intervention": [], "Outcome": []}, "Evidence Propositions": []}, {"Section": "RESULTS", "Text": "It shares homology with SARS and MERS-CoV , responsible for past outbreaks in China and in Middle East .", "Evidence Elements": {"Participant": [], "Intervention": [], "Outcome": []}, "Evidence Propositions": []}, {"Section": "RESULTS", "Text": "SARS-CoV2 spread from China where the first infections were described in December 2019 and is responsible for the respiratory symptoms that can lead to acute respiratory distress syndrome .", "Evidence Elements": {"Participant": [], "Intervention": [], "Outcome": []}, "Evidence Propositions": []}, {"Section": "RESULTS", "Text": "A cytokine storm has been shown in patients who develop fatal complications , as observed in past coronavirus infections .", "Evidence Elements": {"Participant": [], "Intervention": [], "Outcome": []}, "Evidence Propositions": []}, {"Section": "RESULTS", "Text": "The management includes ventilatory support and broad-spectrum antiviral drugs , empirically utilized , as a targeted therapy and vaccines have not been developed .", "Evidence Elements": {"Participant": [], "Intervention": [], "Outcome": []}, "Evidence Propositions": []}, {"Section": "RESULTS", "Text": "Based upon our limited knowledge on the pathogenesis of CoViD-19 , a potential role of some anti-rheumatic drugs may be hypothesized , acting as direct antivirals or targeting host immune response .", "Evidence Elements": {"Participant": [], "Intervention": [], "Outcome": []}, "Evidence Propositions": []}, {"Section": "RESULTS", "Text": "Antimalarial drugs , commonly used in rheumatology , may alter the lysosomal proteases that mediates the viral entry into the cell and have demonstrated efficacy in improving the infection .", "Evidence Elements": {"Participant": [], "Intervention": [], "Outcome": []}, "Evidence Propositions": []}, {"Section": "RESULTS", "Text": "Anti-IL-1 and anti-IL-6 may interfere with the cytokine storm in severe cases and use of tocilizumab has shown good outcomes in a small cohort .", "Evidence Elements": {"Participant": [], "Intervention": [{"term": "Anti-IL-1", "negation": "affirmed", "UMLS": "", "start": 0, "end": 9}, {"term": "anti-IL-6", "negation": "affirmed", "UMLS": "", "start": 14, "end": 23}, {"term": "tocilizumab", "negation": "affirmed", "UMLS": "", "start": 89, "end": 100}], "Outcome": [{"term": "cytokine storm", "negation": "affirmed", "UMLS": "", "start": 47, "end": 61}, {"term": "outcomes", "negation": "affirmed", "UMLS": "", "start": 116, "end": 124}]}, "Evidence Propositions": [{"Intervention": "Anti-IL-1", "Observation": "interfere", "Outcome": "cytokine storm", "Count": ""}, {"Intervention": "anti-IL-6", "Observation": "interfere", "Outcome": "cytokine storm", "Count": ""}]}, {"Section": "RESULTS", "Text": "Baricitinib has both antiviral and anti-inflammatory properties .", "Evidence Elements": {"Participant": [], "Intervention": [], "Outcome": []}, "Evidence Propositions": []}, {"Section": "RESULTS", "Text": "Checkpoints inhibitors such as anti-CD200 and anti-PD1 could have a role in the treatment of CoViD-19 .", "Evidence Elements": {"Participant": [], "Intervention": [], "Outcome": []}, "Evidence Propositions": []}, {"Section": "RESULTS", "Text": "Rheumatic disease patients taking immunosuppressive drugs should be recommended to maintain the chronic therapy , prevent infection by avoiding social contacts and pausing immunosuppressants in case of infection .", "Evidence Elements": {"Participant": [], "Intervention": [], "Outcome": []}, "Evidence Propositions": []}, {"Section": "RESULTS", "Text": "National and international registries are being created to collect data on rheumatic patients with CoViD-19 .", "Evidence Elements": {"Participant": [], "Intervention": [], "Outcome": []}, "Evidence Propositions": []}, {"Section": "RESULTS", "Text": "CoViD-19 is a pandemic caused by SARS-CoV2 , that can lead to acute respiratory distress syndrome .", "Evidence Elements": {"Participant": [], "Intervention": [], "Outcome": []}, "Evidence Propositions": []}, {"Section": "RESULTS", "Text": "Antimalarial drugs , anti-IL-1 and anti-IL-6 may be used in severe cases targeting the cytokine storm induced by CoViD-19 .", "Evidence Elements": {"Participant": [], "Intervention": [], "Outcome": []}, "Evidence Propositions": []}, {"Section": "RESULTS", "Text": "Recommendations for rheumatic disease patients include the prevention of infection by avoiding social contacts .", "Evidence Elements": {"Participant": [], "Intervention": [], "Outcome": []}, "Evidence Propositions": []}, {"Section": "CONCLUSIONS", "Text": "Patients should also continue their ongoing therapy except in the case of overt infection .", "Evidence Elements": {"Participant": [], "Intervention": [], "Outcome": []}, "Evidence Propositions": []}]}