{"doc_id": "32252338", "type of study": "Therapy", "title": "", "abstract": "The world is in the grip of the COVID-19 pandemic.\nPublic health measures that can reduce the risk of infection and death in addition to quarantines are desperately needed.\nThis article reviews the roles of vitamin D in reducing the risk of respiratory tract infections, knowledge about the epidemiology of influenza and COVID-19, and how vitamin D supplementation might be a useful measure to reduce risk.\nThrough several mechanisms, vitamin D can reduce risk of infections.\nThose mechanisms include inducing cathelicidins and defensins that can lower viral replication rates and reducing concentrations of pro-inflammatory cytokines that produce the inflammation that injures the lining of the lungs, leading to pneumonia, as well as increasing concentrations of anti-inflammatory cytokines.\nSeveral observational studies and clinical trials reported that vitamin D supplementation reduced the risk of influenza, whereas others did not.\nEvidence supporting the role of vitamin D in reducing risk of COVID-19 includes that the outbreak occurred in winter, a time when 25-hydroxyvitamin D (25(OH)D) concentrations are lowest; that the number of cases in the Southern Hemisphere near the end of summer are low; that vitamin D deficiency has been found to contribute to acute respiratory distress syndrome; and that case-fatality rates increase with age and with chronic disease comorbidity, both of which are associated with lower 25(OH)D concentration.\nTo reduce the risk of infection, it is recommended that people at risk of influenza and/or COVID-19 consider taking 10,000 IU/d of vitamin D3 for a few weeks to rapidly raise 25(OH)D concentrations, followed by 5000 IU/d.\nThe goal should be to raise 25(OH)D concentrations above 40-60 ng/mL (100-150 nmol/L).\nFor treatment of people who become infected with COVID-19, higher vitamin D3 doses might be useful.\nRandomized controlled trials and large population studies should be conducted to evaluate these recommendations.\n", "Evidence Map": {"Enrollment": [], "Comparison Results": [], "Study Arm 1 Results": [], "Study Arm 2 Results": []}, "Sentence-level breakdown": [{"Section": "TITLE", "Text": "The world is in the grip of the COVID-19 pandemic .", "Evidence Elements": {"Participant": [], "Intervention": [], "Outcome": []}, "Evidence Propositions": []}, {"Section": "BACKGROUND", "Text": "Public health measures that can reduce the risk of infection and death in addition to quarantines are desperately needed .", "Evidence Elements": {"Participant": [], "Intervention": [], "Outcome": []}, "Evidence Propositions": []}, {"Section": "OBJECTIVE", "Text": "This article reviews the roles of vitamin D in reducing the risk of respiratory tract infections , knowledge about the epidemiology of influenza and COVID-19 , and how vitamin D supplementation might be a useful measure to reduce risk .", "Evidence Elements": {"Participant": [], "Intervention": [{"term": "vitamin D", "negation": "affirmed", "UMLS": "", "start": 34, "end": 43}, {"term": "vitamin D supplementation", "negation": "affirmed", "UMLS": "", "start": 168, "end": 193}], "Outcome": [{"term": "risk of respiratory tract infections", "negation": "affirmed", "UMLS": "", "start": 60, "end": 96}, {"term": "knowledge about the epidemiology of influenza and COVID-19", "negation": "affirmed", "UMLS": "", "start": 99, "end": 157}]}, "Evidence Propositions": [{"Intervention": "vitamin D", "Observation": "reducing", "Outcome": "risk of respiratory tract infections", "Count": ""}, {"Intervention": "vitamin D", "Observation": "reducing", "Outcome": "knowledge about the epidemiology of influenza and COVID-19", "Count": ""}]}, {"Section": "RESULTS", "Text": "Through several mechanisms , vitamin D can reduce risk of infections .", "Evidence Elements": {"Participant": [], "Intervention": [{"term": "vitamin D", "negation": "affirmed", "UMLS": "", "start": 29, "end": 38}], "Outcome": [{"term": "risk of", "negation": "affirmed", "UMLS": "", "start": 50, "end": 57}]}, "Evidence Propositions": []}, {"Section": "RESULTS", "Text": "Those mechanisms include inducing cathelicidins and defensins that can lower viral replication rates and reducing concentrations of pro-inflammatory cytokines that produce the inflammation that injures the lining of the lungs , leading to pneumonia , as well as increasing concentrations of anti-inflammatory cytokines .", "Evidence Elements": {"Participant": [], "Intervention": [], "Outcome": []}, "Evidence Propositions": []}, {"Section": "RESULTS", "Text": "Several observational studies and clinical trials reported that vitamin D supplementation reduced the risk of influenza , whereas others did not .", "Evidence Elements": {"Participant": [], "Intervention": [], "Outcome": [{"term": "influenza", "negation": "affirmed", "UMLS": "", "start": 110, "end": 119}]}, "Evidence Propositions": []}, {"Section": "RESULTS", "Text": "Evidence supporting the role of vitamin D in reducing risk of COVID-19 includes that the outbreak occurred in winter , a time when 25-hydroxyvitamin D ( 25 ( OH ) D ) concentrations are lowest ; that the number of cases in the Southern Hemisphere near the end of summer are low ; that vitamin D deficiency has been found to contribute to acute respiratory distress syndrome ; and that case-fatality rates increase with age and with chronic disease comorbidity , both of which are associated with lower 25 ( OH ) D concentration .", "Evidence Elements": {"Participant": [], "Intervention": [], "Outcome": [{"term": "of COVID-19", "negation": "affirmed", "UMLS": "", "start": 59, "end": 70}, {"term": "number of cases in", "negation": "affirmed", "UMLS": "", "start": 204, "end": 222}, {"term": "case-fatality rates", "negation": "affirmed", "UMLS": "", "start": 385, "end": 404}]}, "Evidence Propositions": []}, {"Section": "RESULTS", "Text": "To reduce the risk of infection , it is recommended that people at risk of influenza and / or COVID-19 consider taking 10,000 IU / d of vitamin D3 for a few weeks to rapidly raise 25 ( OH ) D concentrations , followed by 5000 IU / d .", "Evidence Elements": {"Participant": [], "Intervention": [], "Outcome": []}, "Evidence Propositions": []}, {"Section": "RESULTS", "Text": "The goal should be to raise 25 ( OH ) D concentrations above 40-60 ng / mL ( 100-150 nmol / L ) .", "Evidence Elements": {"Participant": [], "Intervention": [], "Outcome": []}, "Evidence Propositions": []}, {"Section": "RESULTS", "Text": "For treatment of people who become infected with COVID-19 , higher vitamin D3 doses might be useful .", "Evidence Elements": {"Participant": [], "Intervention": [], "Outcome": []}, "Evidence Propositions": []}, {"Section": "CONCLUSIONS", "Text": "Randomized controlled trials and large population studies should be conducted to evaluate these recommendations .", "Evidence Elements": {"Participant": [], "Intervention": [], "Outcome": []}, "Evidence Propositions": []}]}