{"doc_id": "32255491", "type of study": "Therapy", "title": "", "abstract": "Angiotensin converting enzyme 2 (ACE2) is the major enzyme responsible for conversion of Ang II into Ang-(1-7).\nIt also acts as the receptor for severe acute respiratory syndrome (SARS)-coronavirus (CoV)-2, which causes Coronavirus Disease (COVID)-19.\nIn recognition of the importance of ACE2 and to celebrate 20 years since its discovery, the journal will publish a focused issue on the basic science and (patho)physiological role of this multifunctional protein.\n", "Evidence Map": {"Enrollment": [], "Comparison Results": [], "Study Arm 1 Results": [], "Study Arm 2 Results": []}, "Sentence-level breakdown": [{"Section": "TITLE", "Text": "Angiotensin converting enzyme 2 ( ACE2 ) is the major enzyme responsible for conversion of Ang II into Ang- ( 1-7 ) .", "Evidence Elements": {"Participant": [], "Intervention": [], "Outcome": []}, "Evidence Propositions": []}, {"Section": "RESULTS", "Text": "It also acts as the receptor for severe acute respiratory syndrome ( SARS ) -coronavirus ( CoV ) -2 , which causes Coronavirus Disease ( COVID ) -19 .", "Evidence Elements": {"Participant": [], "Intervention": [], "Outcome": []}, "Evidence Propositions": []}, {"Section": "CONCLUSIONS", "Text": "In recognition of the importance of ACE2 and to celebrate 20 years since its discovery , the journal will publish a focused issue on the basic science and ( patho ) physiological role of this multifunctional protein .", "Evidence Elements": {"Participant": [], "Intervention": [], "Outcome": []}, "Evidence Propositions": []}]}