{"doc_id": "32256705", "type of study": "Therapy", "title": "", "abstract": "Cancer and transplant patients with COVID-19 have a higher risk of developing severe and even fatal respiratory diseases, especially as they may be treated with immune-suppressive or immune-stimulating drugs.\nThis review focuses on the effects of these drugs on host immunity against COVID-19.\nUsing Ovid MEDLINE, we reviewed current evidence for immune-suppressing or -stimulating drugs: cytotoxic chemotherapy, low-dose steroids, tumour necrosis factoralpha (TNFalpha) blockers, interlukin-6 (IL-6) blockade, Janus kinase (JAK) inhibitors, IL-1 blockade, mycophenolate, tacrolimus, anti-CD20 and CTLA4-Ig.\n89 studies were included.\nCytotoxic chemotherapy has been shown to be a specific inhibitor for severe acute respiratory syndrome coronavirus in in vitro studies, but no specific studies exist as of yet for COVID-19.\nNo conclusive evidence for or against the use of non-steroidal anti-inflammatory drugs (NSAIDs) in the treatment of COVID-19 patients is available, nor is there evidence indicating that TNFalpha blockade is harmful to patients in the context of COVID-19.\nCOVID-19 has been observed to induce a pro-inflammatory cytokine generation and secretion of cytokines, such as IL-6, but there is no evidence of the beneficial impact of IL-6 inhibitors on the modulation of COVID-19.\nAlthough there are potential targets in the JAK-STAT pathway that can be manipulated in treatment for coronaviruses and it is evident that IL-1 is elevated in patients with a coronavirus, there is currently no evidence for a role of these drugs in treatment of COVID-19.\nThe COVID-19 pandemic has led to challenging decision-making about treatment of critically unwell patients.\nLow-dose prednisolone and tacrolimus may have beneficial impacts on COVID-19.\nThe mycophenolate mofetil picture is less clear, with conflicting data from pre-clinical studies.\nThere is no definitive evidence that specific cytotoxic drugs, low-dose methotrexate for auto-immune disease, NSAIDs, JAK kinase inhibitors or anti-TNFalpha agents are contraindicated.\nThere is clear evidence that IL-6 peak levels are associated with severity of pulmonary complications.\n", "Evidence Map": {"Enrollment": [], "Comparison Results": [], "Study Arm 1 Results": [], "Study Arm 2 Results": []}, "Sentence-level breakdown": [{"Section": "TITLE", "Text": "Cancer and transplant patients with COVID-19 have a higher risk of developing severe and even fatal respiratory diseases , especially as they may be treated with immune-suppressive or immune-stimulating drugs .", "Evidence Elements": {"Participant": [], "Intervention": [], "Outcome": []}, "Evidence Propositions": []}, {"Section": "OBJECTIVE", "Text": "This review focuses on the effects of these drugs on host immunity against COVID-19 .", "Evidence Elements": {"Participant": [], "Intervention": [], "Outcome": [{"term": "host immunity against COVID-19", "negation": "affirmed", "UMLS": "", "start": 53, "end": 83}]}, "Evidence Propositions": []}, {"Section": "METHODS", "Text": "Using Ovid MEDLINE , we reviewed current evidence for immune-suppressing or-stimulating drugs : cytotoxic chemotherapy , low-dose steroids , tumour necrosis factoralpha ( TNFalpha ) blockers , interlukin-6 ( IL-6 ) blockade , Janus kinase ( JAK ) inhibitors , IL-1 blockade , mycophenolate , tacrolimus , anti-CD20 and CTLA4-Ig .", "Evidence Elements": {"Participant": [], "Intervention": [], "Outcome": [{"term": "drugs", "negation": "affirmed", "UMLS": "", "start": 88, "end": 93}, {"term": "cytotoxic chemotherapy", "negation": "affirmed", "UMLS": "", "start": 96, "end": 118}, {"term": "low-dose steroids", "negation": "affirmed", "UMLS": "", "start": 121, "end": 138}, {"term": "tumour necrosis factoralpha ( TNFalpha ) blockers", "negation": "affirmed", "UMLS": "", "start": 141, "end": 190}, {"term": "interlukin-6 ( IL-6 ) blockade", "negation": "affirmed", "UMLS": "", "start": 193, "end": 223}, {"term": "Janus kinase", "negation": "affirmed", "UMLS": "", "start": 226, "end": 238}]}, "Evidence Propositions": []}, {"Section": "METHODS", "Text": "89 studies were included .", "Evidence Elements": {"Participant": [], "Intervention": [], "Outcome": []}, "Evidence Propositions": []}, {"Section": "RESULTS", "Text": "Cytotoxic chemotherapy has been shown to be a specific inhibitor for severe acute respiratory syndrome coronavirus in in vitro studies , but no specific studies exist as of yet for COVID-19 .", "Evidence Elements": {"Participant": [], "Intervention": [], "Outcome": []}, "Evidence Propositions": []}, {"Section": "RESULTS", "Text": "No conclusive evidence for or against the use of non-steroidal anti-inflammatory drugs ( NSAIDs ) in the treatment of COVID-19 patients is available , nor is there evidence indicating that TNFalpha blockade is harmful to patients in the context of COVID-19 .", "Evidence Elements": {"Participant": [], "Intervention": [], "Outcome": []}, "Evidence Propositions": []}, {"Section": "RESULTS", "Text": "COVID-19 has been observed to induce a pro-inflammatory cytokine generation and secretion of cytokines , such as IL-6 , but there is no evidence of the beneficial impact of IL-6 inhibitors on the modulation of COVID-19 .", "Evidence Elements": {"Participant": [], "Intervention": [{"term": "IL-6 inhibitors", "negation": "negated", "UMLS": "", "start": 173, "end": 188}], "Outcome": [{"term": "secretion of cytokines", "negation": "affirmed", "UMLS": "", "start": 80, "end": 102}, {"term": "IL-6", "negation": "negated", "UMLS": "", "start": 113, "end": 117}, {"term": "modulation", "negation": "negated", "UMLS": "", "start": 196, "end": 206}]}, "Evidence Propositions": [{"Intervention": "IL-6 inhibitors", "Observation": "beneficial impact", "Outcome": "modulation", "Count": ""}]}, {"Section": "RESULTS", "Text": "Although there are potential targets in the JAK-STAT pathway that can be manipulated in treatment for coronaviruses and it is evident that IL-1 is elevated in patients with a coronavirus , there is currently no evidence for a role of these drugs in treatment of COVID-19 .", "Evidence Elements": {"Participant": [], "Intervention": [], "Outcome": []}, "Evidence Propositions": []}, {"Section": "RESULTS", "Text": "The COVID-19 pandemic has led to challenging decision-making about treatment of critically unwell patients .", "Evidence Elements": {"Participant": [], "Intervention": [], "Outcome": []}, "Evidence Propositions": []}, {"Section": "RESULTS", "Text": "Low-dose prednisolone and tacrolimus may have beneficial impacts on COVID-19 .", "Evidence Elements": {"Participant": [], "Intervention": [{"term": "Low-dose prednisolone", "negation": "affirmed", "UMLS": "", "start": 0, "end": 21}, {"term": "tacrolimus", "negation": "affirmed", "UMLS": "", "start": 26, "end": 36}], "Outcome": [{"term": "COVID-19", "negation": "affirmed", "UMLS": "", "start": 68, "end": 76}]}, "Evidence Propositions": [{"Intervention": "Low-dose prednisolone", "Observation": "beneficial impacts", "Outcome": "COVID-19", "Count": ""}, {"Intervention": "tacrolimus", "Observation": "beneficial impacts", "Outcome": "COVID-19", "Count": ""}]}, {"Section": "RESULTS", "Text": "The mycophenolate mofetil picture is less clear , with conflicting data from pre-clinical studies .", "Evidence Elements": {"Participant": [], "Intervention": [], "Outcome": []}, "Evidence Propositions": []}, {"Section": "RESULTS", "Text": "There is no definitive evidence that specific cytotoxic drugs , low-dose methotrexate for auto-immune disease , NSAIDs , JAK kinase inhibitors or anti-TNFalpha agents are contraindicated .", "Evidence Elements": {"Participant": [], "Intervention": [], "Outcome": []}, "Evidence Propositions": []}, {"Section": "CONCLUSIONS", "Text": "There is clear evidence that IL-6 peak levels are associated with severity of pulmonary complications .", "Evidence Elements": {"Participant": [], "Intervention": [], "Outcome": [{"term": "IL-6 peak levels", "negation": "affirmed", "UMLS": "", "start": 29, "end": 45}, {"term": "severity of pulmonary complications", "negation": "affirmed", "UMLS": "", "start": 66, "end": 101}]}, "Evidence Propositions": []}]}