{"doc_id": "32264666", "type of study": "Therapy", "title": "", "abstract": "As it is known, we are all in a pandemic situation due to a novel coronavirus, officially named \"Severe Acute Respiratory Syndrome Coronavirus 2\" and the disease caused by the virus named \"Coronavirus disease-2019\".\nThe virus seems to has propensity to infect older male individuals with underlying disease.\nThe clinical features were on a large scale that varies from being an asymptomatic carrier to acute respiratory distress syndrome and multiorgan dysfunction.\nFever, dry cough and fatigue are the most common symptoms.\nNot only, the disease seems to be rare and have a milder course in pediatric age but also respiratory failure, multiorgan dysfunction, and death are extremely rare.\nAlthough several comorbidities such as hypertension, diabetes and cardiovascular diseases are defined as a risk factor for developing the acute respiratory syndrome and need for intensive care; immune-compromised situations such as rheumatic disease which require immunosuppressive treatment strikingly are not found to be a risk factor for more severe disease course.\nHowever, there is a lack of data regarding the effects of \"Coronavirus disease-2019\" on pediatric patients with rheumatic diseases.\nAdditionally, there are three controversial circumstances that patients with rheumatic diseases are believed to be more likely to have viral infections like \"Severe Acute Respiratory Syndrome Coronavirus 2\", on the other hand, antirheumatic drugs may have a protective and therapeutic role in Coronavirus disease-2019 and children are more unlikely to have serious disease course.\nTherefore, we aimed to have a contributor role for explaining this conundrum and present a bird's eye view regarding this equivocal issue in this review.\n", "Evidence Map": {"Enrollment": [{"term": "Fever", "negation": "affirmed", "UMLS": "", "start": 0, "end": 5}, {"term": "dry cough", "negation": "affirmed", "UMLS": "", "start": 8, "end": 17}, {"term": "fatigue", "negation": "affirmed", "UMLS": "", "start": 22, "end": 29}], "Comparison Results": [], "Study Arm 1 Results": [], "Study Arm 2 Results": []}, "Sentence-level breakdown": [{"Section": "TITLE", "Text": "As it is known , we are all in a pandemic situation due to a novel coronavirus , officially named \" Severe Acute Respiratory Syndrome Coronavirus 2 \" and the disease caused by the virus named \" Coronavirus disease-2019 \" .", "Evidence Elements": {"Participant": [], "Intervention": [], "Outcome": []}, "Evidence Propositions": []}, {"Section": "RESULTS", "Text": "The virus seems to has propensity to infect older male individuals with underlying disease .", "Evidence Elements": {"Participant": [], "Intervention": [], "Outcome": []}, "Evidence Propositions": []}, {"Section": "RESULTS", "Text": "The clinical features were on a large scale that varies from being an asymptomatic carrier to acute respiratory distress syndrome and multiorgan dysfunction .", "Evidence Elements": {"Participant": [], "Intervention": [], "Outcome": []}, "Evidence Propositions": []}, {"Section": "RESULTS", "Text": "Fever , dry cough and fatigue are the most common symptoms .", "Evidence Elements": {"Participant": [{"term": "Fever", "negation": "affirmed", "UMLS": "", "start": 0, "end": 5}, {"term": "dry cough", "negation": "affirmed", "UMLS": "", "start": 8, "end": 17}, {"term": "fatigue", "negation": "affirmed", "UMLS": "", "start": 22, "end": 29}], "Intervention": [], "Outcome": []}, "Evidence Propositions": []}, {"Section": "RESULTS", "Text": "Not only , the disease seems to be rare and have a milder course in pediatric age but also respiratory failure , multiorgan dysfunction , and death are extremely rare .", "Evidence Elements": {"Participant": [], "Intervention": [], "Outcome": []}, "Evidence Propositions": []}, {"Section": "RESULTS", "Text": "Although several comorbidities such as hypertension , diabetes and cardiovascular diseases are defined as a risk factor for developing the acute respiratory syndrome and need for intensive care ; immune-compromised situations such as rheumatic disease which require immunosuppressive treatment strikingly are not found to be a risk factor for more severe disease course .", "Evidence Elements": {"Participant": [], "Intervention": [], "Outcome": []}, "Evidence Propositions": []}, {"Section": "RESULTS", "Text": "However , there is a lack of data regarding the effects of \" Coronavirus disease-2019 \" on pediatric patients with rheumatic diseases .", "Evidence Elements": {"Participant": [], "Intervention": [], "Outcome": []}, "Evidence Propositions": []}, {"Section": "RESULTS", "Text": "Additionally , there are three controversial circumstances that patients with rheumatic diseases are believed to be more likely to have viral infections like \" Severe Acute Respiratory Syndrome Coronavirus 2 \" , on the other hand , antirheumatic drugs may have a protective and therapeutic role in Coronavirus disease-2019 and children are more unlikely to have serious disease course .", "Evidence Elements": {"Participant": [], "Intervention": [], "Outcome": []}, "Evidence Propositions": []}, {"Section": "CONCLUSIONS", "Text": "Therefore , we aimed to have a contributor role for explaining this conundrum and present a bird 's eye view regarding this equivocal issue in this review .", "Evidence Elements": {"Participant": [], "Intervention": [], "Outcome": []}, "Evidence Propositions": []}]}