{"doc_id": "32265372", "type of study": "Therapy", "title": "", "abstract": "Coronavirus disease 2019 has spread around the world.\nIn the 3 months since its emergence, we have learned a great deal about its clinical management and its relevance to the pediatric critical care provider.\nIn this article, we review the available literature and provide valuable insight into the clinical management of this disease, as well as information on preparedness activities that every PICU should perform.\n", "Evidence Map": {"Enrollment": [], "Comparison Results": [], "Study Arm 1 Results": [], "Study Arm 2 Results": []}, "Sentence-level breakdown": [{"Section": "TITLE", "Text": "Coronavirus disease 2019 has spread around the world .", "Evidence Elements": {"Participant": [], "Intervention": [], "Outcome": []}, "Evidence Propositions": []}, {"Section": "RESULTS", "Text": "In the 3 months since its emergence , we have learned a great deal about its clinical management and its relevance to the pediatric critical care provider .", "Evidence Elements": {"Participant": [], "Intervention": [], "Outcome": []}, "Evidence Propositions": []}, {"Section": "CONCLUSIONS", "Text": "In this article , we review the available literature and provide valuable insight into the clinical management of this disease , as well as information on preparedness activities that every PICU should perform .", "Evidence Elements": {"Participant": [], "Intervention": [], "Outcome": []}, "Evidence Propositions": []}]}