{"doc_id": "32268719", "type of study": "Therapy", "title": "", "abstract": "Severe COVID-19 illness is characterised by the development of Acute Respiratory Distress Syndrome (ARDS), for which the mainstay of treatment is represented by mechanical ventilation.\nMortality associated with ARDS due to other causes is in the range of 40-60%, but currently available data are not yet sufficient to draw safe conclusions on the prognosis of COVID-19 patients who require mechanical ventilation.\nBased on data from cohorts of the related coronavirus-associated illnesses, that is to say Severe Acute Respiratory Syndrome (SARS) and Middle East Respiratory Syndrome (MERS), prognosis would seem to be worse than ARDS due to other causes such as trauma and other infections.\nDiscussion of prognosis is central to obtaining informed consent for intubation, but in the absence of definitive data it is not clear exactly what this discussion should entail.\n", "Evidence Map": {"Enrollment": [], "Comparison Results": [], "Study Arm 1 Results": [], "Study Arm 2 Results": []}, "Sentence-level breakdown": [{"Section": "TITLE", "Text": "Severe COVID-19 illness is characterised by the development of Acute Respiratory Distress Syndrome ( ARDS ) , for which the mainstay of treatment is represented by mechanical ventilation .", "Evidence Elements": {"Participant": [], "Intervention": [], "Outcome": []}, "Evidence Propositions": []}, {"Section": "RESULTS", "Text": "Mortality associated with ARDS due to other causes is in the range of 40-60 % , but currently available data are not yet sufficient to draw safe conclusions on the prognosis of COVID-19 patients who require mechanical ventilation .", "Evidence Elements": {"Participant": [], "Intervention": [], "Outcome": []}, "Evidence Propositions": []}, {"Section": "RESULTS", "Text": "Based on data from cohorts of the related coronavirus-associated illnesses , that is to say Severe Acute Respiratory Syndrome ( SARS ) and Middle East Respiratory Syndrome ( MERS ) , prognosis would seem to be worse than ARDS due to other causes such as trauma and other infections .", "Evidence Elements": {"Participant": [], "Intervention": [], "Outcome": []}, "Evidence Propositions": []}, {"Section": "CONCLUSIONS", "Text": "Discussion of prognosis is central to obtaining informed consent for intubation , but in the absence of definitive data it is not clear exactly what this discussion should entail .", "Evidence Elements": {"Participant": [], "Intervention": [], "Outcome": []}, "Evidence Propositions": []}]}