{"doc_id": "32266873", "type of study": "Therapy", "title": "", "abstract": "The recent pandemic associated with SARS-CoV-2, a virus of the Coronaviridae family, has resulted in an unprecedented number of infected people.\nThe highly contagious nature of this virus makes it imperative for us to identify promising inhibitors from pre-existing antiviral drugs.\nTwo druggable targets, namely 3C-like proteinase (3CLpro) and 2'-O-ribose methyltransferase (2'-O-MTase) were selected in this study due to their indispensable nature in the viral life cycle.\n3CLpro is a cysteine protease responsible for the proteolysis of replicase polyproteins resulting in the formation of various functional proteins, whereas 2'-O-MTase methylates the ribose 2'-O position of the first and second nucleotide of viral mRNA, which sequesters it from the host immune system.\nThe selected drug target proteins were screened against an in-house library of 123 antiviral drugs.\nTwo promising drug molecules were identified for each protein based on their estimated free energy of binding (DeltaG), the orientation of drug molecules in the active site and the interacting residues.\nThe selected protein-drug complexes were then subjected to MD simulation, which consists of various structural parameters to equivalently reflect their physiological state.\nFrom the virtual screening results, two drug molecules were selected for each drug target protein [Paritaprevir (DeltaG = -9.8 kcal/mol) & Raltegravir (DeltaG = -7.8 kcal/mol) for 3CLpro and Dolutegravir (DeltaG = -9.4 kcal/mol) and Bictegravir (DeltaG = -8.4 kcal/mol) for 2'-OMTase].\nAfter the extensive computational analysis, we proposed that Raltegravir, Paritaprevir, Bictegravir and Dolutegravir are excellent lead candidates for these crucial proteins and they could become potential therapeutic drugs against SARS-CoV-2.\nCommunicated by Ramaswamy H. Sarma\n", "Evidence Map": {"Enrollment": [], "Comparison Results": [], "Study Arm 1 Results": [], "Study Arm 2 Results": []}, "Sentence-level breakdown": [{"Section": "TITLE", "Text": "The recent pandemic associated with SARS-CoV-2 , a virus of the Coronaviridae family , has resulted in an unprecedented number of infected people .", "Evidence Elements": {"Participant": [], "Intervention": [], "Outcome": []}, "Evidence Propositions": []}, {"Section": "BACKGROUND", "Text": "The highly contagious nature of this virus makes it imperative for us to identify promising inhibitors from pre-existing antiviral drugs .", "Evidence Elements": {"Participant": [], "Intervention": [], "Outcome": []}, "Evidence Propositions": []}, {"Section": "BACKGROUND", "Text": "Two druggable targets , namely 3C-like proteinase ( 3CLpro ) and 2'-O-ribose methyltransferase ( 2'-O-MTase ) were selected in this study due to their indispensable nature in the viral life cycle .", "Evidence Elements": {"Participant": [], "Intervention": [], "Outcome": [{"term": "3C-like proteinase ( 3CLpro )", "negation": "affirmed", "UMLS": "", "start": 31, "end": 60}, {"term": "2'-O-ribose methyltransferase ( 2'-O-MTase )", "negation": "affirmed", "UMLS": "", "start": 65, "end": 109}]}, "Evidence Propositions": []}, {"Section": "BACKGROUND", "Text": "3CLpro is a cysteine protease responsible for the proteolysis of replicase polyproteins resulting in the formation of various functional proteins , whereas 2'-O-MTase methylates the ribose 2 '-O position of the first and second nucleotide of viral mRNA , which sequesters it from the host immune system .", "Evidence Elements": {"Participant": [], "Intervention": [], "Outcome": []}, "Evidence Propositions": []}, {"Section": "METHODS", "Text": "The selected drug target proteins were screened against an in-house library of 123 antiviral drugs .", "Evidence Elements": {"Participant": [], "Intervention": [], "Outcome": []}, "Evidence Propositions": []}, {"Section": "METHODS", "Text": "Two promising drug molecules were identified for each protein based on their estimated free energy of binding ( DeltaG ) , the orientation of drug molecules in the active site and the interacting residues .", "Evidence Elements": {"Participant": [], "Intervention": [], "Outcome": [{"term": "free energy of binding ( DeltaG )", "negation": "affirmed", "UMLS": "", "start": 87, "end": 120}]}, "Evidence Propositions": []}, {"Section": "METHODS", "Text": "The selected protein-drug complexes were then subjected to MD simulation , which consists of various structural parameters to equivalently reflect their physiological state .", "Evidence Elements": {"Participant": [], "Intervention": [], "Outcome": []}, "Evidence Propositions": []}, {"Section": "METHODS", "Text": "From the virtual screening results , two drug molecules were selected for each drug target protein [ Paritaprevir ( DeltaG = -9.8 kcal / mol ) & Raltegravir ( DeltaG = -7.8 kcal / mol ) for 3CLpro and Dolutegravir ( DeltaG = -9.4 kcal / mol ) and Bictegravir ( DeltaG = -8.4 kcal / mol ) for 2'-OMTase ] .", "Evidence Elements": {"Participant": [], "Intervention": [{"term": "Paritaprevir", "negation": "affirmed", "UMLS": "", "start": 101, "end": 113}, {"term": "Raltegravir", "negation": "affirmed", "UMLS": "", "start": 145, "end": 156}, {"term": "3CLpro", "negation": "affirmed", "UMLS": "", "start": 190, "end": 196}, {"term": "Dolutegravir", "negation": "affirmed", "UMLS": "", "start": 201, "end": 213}, {"term": "Bictegravir", "negation": "affirmed", "UMLS": "", "start": 247, "end": 258}], "Outcome": []}, "Evidence Propositions": []}, {"Section": "CONCLUSIONS", "Text": "After the extensive computational analysis , we proposed that Raltegravir , Paritaprevir , Bictegravir and Dolutegravir are excellent lead candidates for these crucial proteins and they could become potential therapeutic drugs against SARS-CoV-2 .", "Evidence Elements": {"Participant": [], "Intervention": [{"term": "Raltegravir", "negation": "affirmed", "UMLS": "", "start": 62, "end": 73}, {"term": "Paritaprevir", "negation": "affirmed", "UMLS": "", "start": 76, "end": 88}, {"term": "Bictegravir", "negation": "affirmed", "UMLS": "", "start": 91, "end": 102}, {"term": "Dolutegravir", "negation": "affirmed", "UMLS": "", "start": 107, "end": 119}], "Outcome": []}, "Evidence Propositions": []}, {"Section": "CONCLUSIONS", "Text": "Communicated by Ramaswamy H. Sarma", "Evidence Elements": {"Participant": [], "Intervention": [], "Outcome": []}, "Evidence Propositions": []}]}