{"doc_id": "32265365", "type of study": "Therapy", "title": "", "abstract": "With increasing numbers of Coronavirus Disease 2019 (COVID19) cases due to efficient human-to-human transmission of severe acute respiratory syndrome coronavirus 2 (SARS-CoV-2) in the United States, preparation for the unpredictable setting of labor and delivery is paramount.\nThe priorities are 2-fold in the management of obstetric patients with COVID-19 infection or persons under investigation (PUI): (1) caring for the range of asymptomatic to critically ill pregnant and postpartum women; (2) protecting health care workers and beyond from exposure during the delivery hospitalization (health care providers, personnel, family members).\nThe goal of this review is to provide evidence-based recommendations or, when evidence is limited, expert opinion for anesthesiologists caring for pregnant women during the COVID19 pandemic with a focus on preparedness and best clinical obstetric anesthesia practice.\n", "Evidence Map": {"Enrollment": [{"term": "obstetric", "negation": "affirmed", "UMLS": "", "start": 47, "end": 56}, {"term": "COVID-19 infection", "negation": "affirmed", "UMLS": "", "start": 71, "end": 89}, {"term": "investigation ( PUI )", "negation": "affirmed", "UMLS": "", "start": 107, "end": 128}, {"term": "asymptomatic", "negation": "affirmed", "UMLS": "", "start": 161, "end": 173}, {"term": "critically ill pregnant", "negation": "affirmed", "UMLS": "", "start": 177, "end": 200}, {"term": "postpartum women", "negation": "affirmed", "UMLS": "", "start": 205, "end": 221}, {"term": "anesthesiologists", "negation": "affirmed", "UMLS": "", "start": 120, "end": 137}, {"term": "pregnant women", "negation": "affirmed", "UMLS": "", "start": 149, "end": 163}], "Comparison Results": [], "Study Arm 1 Results": [], "Study Arm 2 Results": []}, "Sentence-level breakdown": [{"Section": "TITLE", "Text": "With increasing numbers of Coronavirus Disease 2019 ( COVID19 ) cases due to efficient human-to-human transmission of severe acute respiratory syndrome coronavirus 2 ( SARS-CoV-2 ) in the United States , preparation for the unpredictable setting of labor and delivery is paramount .", "Evidence Elements": {"Participant": [], "Intervention": [], "Outcome": []}, "Evidence Propositions": []}, {"Section": "METHODS", "Text": "The priorities are 2-fold in the management of obstetric patients with COVID-19 infection or persons under investigation ( PUI ) : ( 1 ) caring for the range of asymptomatic to critically ill pregnant and postpartum women ; ( 2 ) protecting health care workers and beyond from exposure during the delivery hospitalization ( health care providers , personnel , family members ) .", "Evidence Elements": {"Participant": [{"term": "obstetric", "negation": "affirmed", "UMLS": "", "start": 47, "end": 56}, {"term": "COVID-19 infection", "negation": "affirmed", "UMLS": "", "start": 71, "end": 89}, {"term": "investigation ( PUI )", "negation": "affirmed", "UMLS": "", "start": 107, "end": 128}, {"term": "asymptomatic", "negation": "affirmed", "UMLS": "", "start": 161, "end": 173}, {"term": "critically ill pregnant", "negation": "affirmed", "UMLS": "", "start": 177, "end": 200}, {"term": "postpartum women", "negation": "affirmed", "UMLS": "", "start": 205, "end": 221}], "Intervention": [], "Outcome": []}, "Evidence Propositions": []}, {"Section": "CONCLUSIONS", "Text": "The goal of this review is to provide evidence-based recommendations or , when evidence is limited , expert opinion for anesthesiologists caring for pregnant women during the COVID19 pandemic with a focus on preparedness and best clinical obstetric anesthesia practice .", "Evidence Elements": {"Participant": [{"term": "anesthesiologists", "negation": "affirmed", "UMLS": "", "start": 120, "end": 137}, {"term": "pregnant women", "negation": "affirmed", "UMLS": "", "start": 149, "end": 163}], "Intervention": [], "Outcome": [{"term": "evidence-based recommendations", "negation": "affirmed", "UMLS": "", "start": 38, "end": 68}, {"term": "expert opinion", "negation": "affirmed", "UMLS": "", "start": 101, "end": 115}]}, "Evidence Propositions": []}]}