{"doc_id": "32268923", "type of study": "Therapy", "title": "", "abstract": "A new type of coronavirus, novel coronavirus (COVID-19), is causing an increasing number of cases of pneumonia and was declared a Public Health Emergency of International Concern by the World Health Organization on 30 January 2020.\nThe virus first appeared in Wuhan, China, in late December 2019, and traditional Chinese herbal medicine is being used for its treatment.\nThis systematic review and meta-analysis will assess studies of the effects of traditional Chinese herbal medicine in COVID-19 pneumonia.\nWe will search electronic databases including PubMed, Embase, the Cochrane Central Register of Controlled Trials (CENTRAL), Chinese Biomedical Literature Database (CBM), China National Knowledge Infrastructure (CNKI), Chinese Science and Technology Periodical Database (VIP), and Wanfang database using keywords related to COVID-19 and traditional Chinese herbal medicine.\nReference lists of relevant trials and reviews will be searched.\nWe will manually search gray literature, such as conference proceedings and academic degree dissertations, and trial registries.\nTwo independent reviewers will screen studies (XL and DZ), extract data (YL and LG), and evaluate risk of bias (YL and DZ).\nData analysis will be conducted using the Review Manager software (version 5.3.5) and R software (version 3.6.1).\nStatistical heterogeneity will be assessed using a standard chi-square test with a significance level of P < 0.10.\nBiases associated with study size (e.g., publication bias) will be investigated using funnel plots, Egger's test and Begg's test, and Trim and Fill analysis.\nThis study will provide a high-quality synthesis of the effects of traditional Chinese herbal medicine for COVID-19.\nThe use of traditional Chinese herbal medicine for treatment or prevention of these novel viral infections affecting the pneumonia will be investigated.\nPROSPERO registration number: CRD42020168004\n", "Evidence Map": {"Enrollment": [{"term": "COVID-19 pneumonia", "negation": "affirmed", "UMLS": "", "start": 118, "end": 136}, {"term": "COVID-19", "negation": "affirmed", "UMLS": "", "start": 107, "end": 115}], "Comparison Results": [], "Study Arm 1 Results": [], "Study Arm 2 Results": []}, "Sentence-level breakdown": [{"Section": "TITLE", "Text": "A new type of coronavirus , novel coronavirus ( COVID-19 ) , is causing an increasing number of cases of pneumonia and was declared a Public Health Emergency of International Concern by the World Health Organization on 30 January 2020 .", "Evidence Elements": {"Participant": [], "Intervention": [], "Outcome": []}, "Evidence Propositions": []}, {"Section": "BACKGROUND", "Text": "The virus first appeared in Wuhan , China , in late December 2019 , and traditional Chinese herbal medicine is being used for its treatment .", "Evidence Elements": {"Participant": [], "Intervention": [], "Outcome": []}, "Evidence Propositions": []}, {"Section": "OBJECTIVE", "Text": "This systematic review and meta-analysis will assess studies of the effects of traditional Chinese herbal medicine in COVID-19 pneumonia .", "Evidence Elements": {"Participant": [{"term": "COVID-19 pneumonia", "negation": "affirmed", "UMLS": "", "start": 118, "end": 136}], "Intervention": [{"term": "traditional Chinese herbal medicine", "negation": "affirmed", "UMLS": "", "start": 79, "end": 114}], "Outcome": []}, "Evidence Propositions": []}, {"Section": "METHODS", "Text": "We will search electronic databases including PubMed , Embase , the Cochrane Central Register of Controlled Trials ( CENTRAL ) , Chinese Biomedical Literature Database ( CBM ) , China National Knowledge Infrastructure ( CNKI ) , Chinese Science and Technology Periodical Database ( VIP ) , and Wanfang database using keywords related to COVID-19 and traditional Chinese herbal medicine .", "Evidence Elements": {"Participant": [], "Intervention": [], "Outcome": []}, "Evidence Propositions": []}, {"Section": "METHODS", "Text": "Reference lists of relevant trials and reviews will be searched .", "Evidence Elements": {"Participant": [], "Intervention": [], "Outcome": []}, "Evidence Propositions": []}, {"Section": "METHODS", "Text": "We will manually search gray literature , such as conference proceedings and academic degree dissertations , and trial registries .", "Evidence Elements": {"Participant": [], "Intervention": [], "Outcome": []}, "Evidence Propositions": []}, {"Section": "METHODS", "Text": "Two independent reviewers will screen studies ( XL and DZ ) , extract data ( YL and LG ) , and evaluate risk of bias ( YL and DZ ) .", "Evidence Elements": {"Participant": [], "Intervention": [], "Outcome": []}, "Evidence Propositions": []}, {"Section": "METHODS", "Text": "Data analysis will be conducted using the Review Manager software ( version 5.3.5 ) and R software ( version 3.6.1 ) .", "Evidence Elements": {"Participant": [], "Intervention": [], "Outcome": []}, "Evidence Propositions": []}, {"Section": "METHODS", "Text": "Statistical heterogeneity will be assessed using a standard chi-square test with a significance level of P < 0.10 .", "Evidence Elements": {"Participant": [], "Intervention": [], "Outcome": [{"term": "Statistical heterogeneity", "negation": "affirmed", "UMLS": "", "start": 0, "end": 25}]}, "Evidence Propositions": []}, {"Section": "METHODS", "Text": "Biases associated with study size ( e.g. , publication bias ) will be investigated using funnel plots , Egger 's test and Begg 's test , and Trim and Fill analysis .", "Evidence Elements": {"Participant": [], "Intervention": [], "Outcome": [{"term": "Biases", "negation": "affirmed", "UMLS": "", "start": 0, "end": 6}, {"term": "publication bias", "negation": "affirmed", "UMLS": "", "start": 43, "end": 59}]}, "Evidence Propositions": []}, {"Section": "CONCLUSIONS", "Text": "This study will provide a high-quality synthesis of the effects of traditional Chinese herbal medicine for COVID-19 .", "Evidence Elements": {"Participant": [{"term": "COVID-19", "negation": "affirmed", "UMLS": "", "start": 107, "end": 115}], "Intervention": [{"term": "traditional Chinese herbal medicine", "negation": "affirmed", "UMLS": "", "start": 67, "end": 102}], "Outcome": []}, "Evidence Propositions": []}, {"Section": "CONCLUSIONS", "Text": "The use of traditional Chinese herbal medicine for treatment or prevention of these novel viral infections affecting the pneumonia will be investigated .", "Evidence Elements": {"Participant": [], "Intervention": [{"term": "traditional Chinese herbal medicine", "negation": "affirmed", "UMLS": "", "start": 11, "end": 46}], "Outcome": [{"term": "novel viral infections affecting", "negation": "affirmed", "UMLS": "", "start": 84, "end": 116}]}, "Evidence Propositions": [{"Intervention": "traditional Chinese herbal medicine", "Observation": "prevention", "Outcome": "novel viral infections affecting", "Count": ""}]}, {"Section": "CONCLUSIONS", "Text": "PROSPERO registration number : CRD42020168004", "Evidence Elements": {"Participant": [], "Intervention": [], "Outcome": []}, "Evidence Propositions": []}]}