{"doc_id": "32267771", "type of study": "Therapy", "title": "", "abstract": "There is broad interest in improved methods to generate robust evidence regarding best practice, especially in settings where patient conditions are heterogenous and require multiple concomitant therapies.\nHere, we present the rationale and design of a large, international trial that combines features of adaptive platform trials with pragmatic point-of-care trials to determine best treatment strategies for patients admitted to an intensive care unit with severe community-acquired pneumonia.\nThe trial uses a novel design, entitled \"a randomized embedded multifactorial adaptive platform.\n\" The design has five key features: 1) randomization, allowing robust causal inference; 2) embedding of study procedures into routine care processes, facilitating enrollment, trial efficiency, and generalizability; 3) a multifactorial statistical model comparing multiple interventions across multiple patient subgroups; 4) response-adaptive randomization with preferential assignment to those interventions that appear most favorable; and 5) a platform structured to permit continuous, potentially perpetual enrollment beyond the evaluation of the initial treatments.\nThe trial randomizes patients to multiple interventions within four treatment domains: antibiotics, antiviral therapy for influenza, host immunomodulation with extended macrolide therapy, and alternative corticosteroid regimens, representing 240 treatment regimens.\nThe trial generates estimates of superiority, inferiority, and equivalence between regimens on the primary outcome of 90-day mortality, stratified by presence or absence of concomitant shock and proven or suspected influenza infection.\nThe trial will also compare ventilatory and oxygenation strategies, and has capacity to address additional questions rapidly during pandemic respiratory infections.\nAs of January 2020, REMAP-CAP (Randomized Embedded Multifactorial Adaptive Platform for Community-acquired Pneumonia) was approved and enrolling patients in 52 intensive care units in 13 countries on 3 continents.\nIn February, it transitioned into pandemic mode with several design adaptations for coronavirus disease 2019.\nLessons learned from the design and conduct of this trial should aid in dissemination of similar platform initiatives in other disease areas.\nClinical trial registered with www.clinicaltrials.gov (NCT02735707).\n", "Evidence Map": {"Enrollment": [{"term": "admitted to", "negation": "affirmed", "UMLS": "", "start": 215, "end": 226}, {"term": "intensive care unit", "negation": "affirmed", "UMLS": "", "start": 230, "end": 249}, {"term": "severe", "negation": "affirmed", "UMLS": "", "start": 255, "end": 261}, {"term": "presence or absence of concomitant shock", "negation": "affirmed", "UMLS": "", "start": 153, "end": 193}, {"term": "proven or", "negation": "negated", "UMLS": "", "start": 198, "end": 207}, {"term": "respiratory", "negation": "affirmed", "UMLS": "", "start": 142, "end": 153}], "Comparison Results": [], "Study Arm 1 Results": [], "Study Arm 2 Results": []}, "Sentence-level breakdown": [{"Section": "TITLE", "Text": "There is broad interest in improved methods to generate robust evidence regarding best practice , especially in settings where patient conditions are heterogenous and require multiple concomitant therapies .", "Evidence Elements": {"Participant": [], "Intervention": [], "Outcome": []}, "Evidence Propositions": []}, {"Section": "OBJECTIVE", "Text": "Here , we present the rationale and design of a large , international trial that combines features of adaptive platform trials with pragmatic point-of-care trials to determine best treatment strategies for patients admitted to an intensive care unit with severe community-acquired pneumonia .", "Evidence Elements": {"Participant": [{"term": "admitted to", "negation": "affirmed", "UMLS": "", "start": 215, "end": 226}, {"term": "intensive care unit", "negation": "affirmed", "UMLS": "", "start": 230, "end": 249}, {"term": "severe", "negation": "affirmed", "UMLS": "", "start": 255, "end": 261}], "Intervention": [], "Outcome": [{"term": "treatment", "negation": "affirmed", "UMLS": "", "start": 181, "end": 190}]}, "Evidence Propositions": []}, {"Section": "METHODS", "Text": "The trial uses a novel design , entitled \" a randomized embedded multifactorial adaptive platform .", "Evidence Elements": {"Participant": [], "Intervention": [], "Outcome": []}, "Evidence Propositions": []}, {"Section": "METHODS", "Text": "\" The design has five key features : 1 ) randomization , allowing robust causal inference ; 2 ) embedding of study procedures into routine care processes , facilitating enrollment , trial efficiency , and generalizability ; 3 ) a multifactorial statistical model comparing multiple interventions across multiple patient subgroups ; 4 ) response-adaptive randomization with preferential assignment to those interventions that appear most favorable ; and 5 ) a platform structured to permit continuous , potentially perpetual enrollment beyond the evaluation of the initial treatments .", "Evidence Elements": {"Participant": [], "Intervention": [], "Outcome": []}, "Evidence Propositions": []}, {"Section": "METHODS", "Text": "The trial randomizes patients to multiple interventions within four treatment domains : antibiotics , antiviral therapy for influenza , host immunomodulation with extended macrolide therapy , and alternative corticosteroid regimens , representing 240 treatment regimens .", "Evidence Elements": {"Participant": [], "Intervention": [{"term": "antibiotics", "negation": "affirmed", "UMLS": "", "start": 88, "end": 99}, {"term": "antiviral therapy for influenza", "negation": "affirmed", "UMLS": "", "start": 102, "end": 133}, {"term": "host immunomodulation with extended macrolide therapy", "negation": "affirmed", "UMLS": "", "start": 136, "end": 189}, {"term": "alternative corticosteroid regimens", "negation": "affirmed", "UMLS": "", "start": 196, "end": 231}], "Outcome": []}, "Evidence Propositions": []}, {"Section": "RESULTS", "Text": "The trial generates estimates of superiority , inferiority , and equivalence between regimens on the primary outcome of 90-day mortality , stratified by presence or absence of concomitant shock and proven or suspected influenza infection .", "Evidence Elements": {"Participant": [{"term": "presence or absence of concomitant shock", "negation": "affirmed", "UMLS": "", "start": 153, "end": 193}, {"term": "proven or", "negation": "negated", "UMLS": "", "start": 198, "end": 207}], "Intervention": [{"term": "regimens", "negation": "affirmed", "UMLS": "", "start": 85, "end": 93}], "Outcome": [{"term": "superiority", "negation": "affirmed", "UMLS": "", "start": 33, "end": 44}, {"term": "90-day mortality", "negation": "affirmed", "UMLS": "", "start": 120, "end": 136}]}, "Evidence Propositions": [{"Intervention": "regimens", "Observation": "equivalence", "Outcome": "90-day mortality", "Count": ""}]}, {"Section": "RESULTS", "Text": "The trial will also compare ventilatory and oxygenation strategies , and has capacity to address additional questions rapidly during pandemic respiratory infections .", "Evidence Elements": {"Participant": [{"term": "respiratory", "negation": "affirmed", "UMLS": "", "start": 142, "end": 153}], "Intervention": [], "Outcome": []}, "Evidence Propositions": []}, {"Section": "RESULTS", "Text": "As of January 2020 , REMAP-CAP ( Randomized Embedded Multifactorial Adaptive Platform for Community-acquired Pneumonia ) was approved and enrolling patients in 52 intensive care units in 13 countries on 3 continents .", "Evidence Elements": {"Participant": [], "Intervention": [{"term": "REMAP-CAP", "negation": "affirmed", "UMLS": "", "start": 21, "end": 30}], "Outcome": []}, "Evidence Propositions": []}, {"Section": "RESULTS", "Text": "In February , it transitioned into pandemic mode with several design adaptations for coronavirus disease 2019 .", "Evidence Elements": {"Participant": [], "Intervention": [], "Outcome": []}, "Evidence Propositions": []}, {"Section": "RESULTS", "Text": "Lessons learned from the design and conduct of this trial should aid in dissemination of similar platform initiatives in other disease areas .", "Evidence Elements": {"Participant": [], "Intervention": [], "Outcome": []}, "Evidence Propositions": []}, {"Section": "CONCLUSIONS", "Text": "Clinical trial registered with www . clinicaltrials.gov ( NCT02735707 ) .", "Evidence Elements": {"Participant": [], "Intervention": [], "Outcome": []}, "Evidence Propositions": []}]}