{"doc_id": "32277387", "type of study": "Therapy", "title": "", "abstract": "Annually, around 850 liver transplantation is performed in Beijing, China.\nRecently, the new coronavirus pneumonia (COVID-19) caused by 2019 novel coronavirus (2019-nCoV) has affected nearly 200 countries worldwide.\n2019-nCov can cause severe lung disease, multiple-organ damage, and significant mortalities.\nLiver transplant recipients, because of long-term oral immunosuppressant effects, may be more susceptible to 2019-nCoV infection and have a worse prognosis than the general population.\nIt is urgent to set up guidelines for the prevention, diagnosis, and treatment of COVID-19 in liver transplant recipients.\nIn this article, we reviewed the clinical aspects of 2019-nCoV infection, characteristics of liver transplant recipients, immunosuppressant usage, and potential drug interactions to provide recommendations to clinical staff managing liver transplant recipients during the COVID-19 epidemic.\n", "Evidence Map": {"Enrollment": [{"term": "transplantation", "negation": "affirmed", "UMLS": "", "start": 28, "end": 43}, {"term": "liver transplant recipients", "negation": "affirmed", "UMLS": "", "start": 95, "end": 122}, {"term": "liver transplant recipients", "negation": "affirmed", "UMLS": "", "start": 95, "end": 122}], "Comparison Results": [], "Study Arm 1 Results": [], "Study Arm 2 Results": []}, "Sentence-level breakdown": [{"Section": "TITLE", "Text": "Annually , around 850 liver transplantation is performed in Beijing , China .", "Evidence Elements": {"Participant": [{"term": "transplantation", "negation": "affirmed", "UMLS": "", "start": 28, "end": 43}], "Intervention": [], "Outcome": []}, "Evidence Propositions": []}, {"Section": "RESULTS", "Text": "Recently , the new coronavirus pneumonia ( COVID-19 ) caused by 2019 novel coronavirus ( 2019-nCoV ) has affected nearly 200 countries worldwide .", "Evidence Elements": {"Participant": [], "Intervention": [], "Outcome": []}, "Evidence Propositions": []}, {"Section": "RESULTS", "Text": "2019-nCov can cause severe lung disease , multiple-organ damage , and significant mortalities .", "Evidence Elements": {"Participant": [], "Intervention": [], "Outcome": []}, "Evidence Propositions": []}, {"Section": "RESULTS", "Text": "Liver transplant recipients , because of long-term oral immunosuppressant effects , may be more susceptible to 2019-nCoV infection and have a worse prognosis than the general population .", "Evidence Elements": {"Participant": [], "Intervention": [], "Outcome": []}, "Evidence Propositions": []}, {"Section": "RESULTS", "Text": "It is urgent to set up guidelines for the prevention , diagnosis , and treatment of COVID-19 in liver transplant recipients .", "Evidence Elements": {"Participant": [], "Intervention": [], "Outcome": []}, "Evidence Propositions": []}, {"Section": "CONCLUSIONS", "Text": "In this article , we reviewed the clinical aspects of 2019-nCoV infection , characteristics of liver transplant recipients , immunosuppressant usage , and potential drug interactions to provide recommendations to clinical staff managing liver transplant recipients during the COVID-19 epidemic .", "Evidence Elements": {"Participant": [{"term": "liver transplant recipients", "negation": "affirmed", "UMLS": "", "start": 95, "end": 122}, {"term": "liver transplant recipients", "negation": "affirmed", "UMLS": "", "start": 95, "end": 122}], "Intervention": [], "Outcome": [{"term": "2019-nCoV infection", "negation": "affirmed", "UMLS": "", "start": 54, "end": 73}, {"term": "immunosuppressant usage", "negation": "affirmed", "UMLS": "", "start": 125, "end": 148}, {"term": "potential", "negation": "affirmed", "UMLS": "", "start": 155, "end": 164}, {"term": "drug interactions", "negation": "affirmed", "UMLS": "", "start": 165, "end": 182}]}, "Evidence Propositions": []}]}