{"doc_id": "32274570", "type of study": "Therapy", "title": "", "abstract": "From January 2020, coronavirus disease (COVID-19) originated in China has spread around the world.\nThe disease is caused by the severe acute respiratory syndrome coronavirus 2 (SARS-CoV-2).\nThe presence of myocarditis, cardiac arrest, and acute heart failure in COVID-19 patients suggests the existence of a relationship between SARS-CoV-2 infection and cardiac disease.\nThe Notch signalling is a major regulator of cardiovascular function and it is also implicated in several biological processes mediating viral infections.\nIn this report we discuss the possibility to target Notch signalling to prevent SARS-CoV-2 infection and interfere with the progression of COVID-19- associated heart and lungs disease.\n", "Evidence Map": {"Enrollment": [{"term": "acute heart failure", "negation": "affirmed", "UMLS": "", "start": 51, "end": 70}, {"term": "COVID-19", "negation": "affirmed", "UMLS": "", "start": 74, "end": 82}], "Comparison Results": [], "Study Arm 1 Results": [], "Study Arm 2 Results": []}, "Sentence-level breakdown": [{"Section": "TITLE", "Text": "From January 2020 , coronavirus disease ( COVID-19 ) originated in China has spread around the world .", "Evidence Elements": {"Participant": [], "Intervention": [], "Outcome": []}, "Evidence Propositions": []}, {"Section": "RESULTS", "Text": "The disease is caused by the severe acute respiratory syndrome coronavirus 2 ( SARS-CoV-2 ) .", "Evidence Elements": {"Participant": [], "Intervention": [], "Outcome": []}, "Evidence Propositions": []}, {"Section": "CONCLUSIONS", "Text": "The presence of myocarditis , cardiac arrest , and acute heart failure in COVID-19 patients suggests the existence of a relationship between SARS-CoV-2 infection and cardiac disease .", "Evidence Elements": {"Participant": [{"term": "acute heart failure", "negation": "affirmed", "UMLS": "", "start": 51, "end": 70}, {"term": "COVID-19", "negation": "affirmed", "UMLS": "", "start": 74, "end": 82}], "Intervention": [{"term": "infection", "negation": "affirmed", "UMLS": "", "start": 152, "end": 161}], "Outcome": [{"term": "cardiac arrest", "negation": "affirmed", "UMLS": "", "start": 30, "end": 44}]}, "Evidence Propositions": []}, {"Section": "CONCLUSIONS", "Text": "The Notch signalling is a major regulator of cardiovascular function and it is also implicated in several biological processes mediating viral infections .", "Evidence Elements": {"Participant": [], "Intervention": [], "Outcome": []}, "Evidence Propositions": []}, {"Section": "CONCLUSIONS", "Text": "In this report we discuss the possibility to target Notch signalling to prevent SARS-CoV-2 infection and interfere with the progression of COVID-19-associated heart and lungs disease .", "Evidence Elements": {"Participant": [], "Intervention": [{"term": "Notch signalling", "negation": "affirmed", "UMLS": "", "start": 52, "end": 68}], "Outcome": []}, "Evidence Propositions": []}]}