{"doc_id": "32274964", "type of study": "Therapy", "title": "", "abstract": "The widespread antigenic changes lead to the emergence of a new type of coronavirus (CoV) called as severe acute respiratory syndrome (SARS)-CoV-2 that is immunologically different from the previous circulating species.\nAngiotensin-converting enzyme-2 (ACE-2) is one of the most important receptors on the cell membrane of the host cells (HCs) which its interaction with spike protein (SP) with a furin-cleavage site results in the SARS-CoV-2 invasion.\nHence, in this review, we presented an overview on the interaction of ACE-2 and furin with SP.\nAs several kinds of CoVs, from various genera, have at their S1/S2 binding site a preserved site, we further surveyed the role of furin cleavage site (FCS) on the life cycle of the CoV. Furthermore, we discussed that the small molecular inhibitors can limit the interaction of ACE-2 and furin with SP and can be used as potential therapeutic platforms to combat the spreading CoV epidemic.\nFinally, some ongoing challenges and future prospects for the development of potential drugs to promote targeting specific activities of the CoV were reviewed.\nIn conclusion, this review may pave the way for providing useful information about different compounds involved in improving the effectiveness of CoV vaccine or drugs with minimum toxicity against human health.\nCommunicated by Ramaswamy H. Sarma\n", "Evidence Map": {"Enrollment": [], "Comparison Results": [], "Study Arm 1 Results": [], "Study Arm 2 Results": []}, "Sentence-level breakdown": [{"Section": "TITLE", "Text": "The widespread antigenic changes lead to the emergence of a new type of coronavirus ( CoV ) called as severe acute respiratory syndrome ( SARS ) -CoV-2 that is immunologically different from the previous circulating species .", "Evidence Elements": {"Participant": [], "Intervention": [], "Outcome": []}, "Evidence Propositions": []}, {"Section": "RESULTS", "Text": "Angiotensin-converting enzyme-2 ( ACE-2 ) is one of the most important receptors on the cell membrane of the host cells ( HCs ) which its interaction with spike protein ( SP ) with a furin-cleavage site results in the SARS-CoV-2 invasion .", "Evidence Elements": {"Participant": [], "Intervention": [], "Outcome": []}, "Evidence Propositions": []}, {"Section": "RESULTS", "Text": "Hence , in this review , we presented an overview on the interaction of ACE-2 and furin with SP .", "Evidence Elements": {"Participant": [], "Intervention": [{"term": "ACE-2", "negation": "affirmed", "UMLS": "", "start": 72, "end": 77}, {"term": "furin", "negation": "affirmed", "UMLS": "", "start": 82, "end": 87}], "Outcome": []}, "Evidence Propositions": []}, {"Section": "RESULTS", "Text": "As several kinds of CoVs , from various genera , have at their S1 / S2 binding site a preserved site , we further surveyed the role of furin cleavage site ( FCS ) on the life cycle of the CoV . Furthermore , we discussed that the small molecular inhibitors can limit the interaction of ACE-2 and furin with SP and can be used as potential therapeutic platforms to combat the spreading CoV epidemic .", "Evidence Elements": {"Participant": [], "Intervention": [], "Outcome": [{"term": "cycle", "negation": "affirmed", "UMLS": "", "start": 175, "end": 180}]}, "Evidence Propositions": []}, {"Section": "RESULTS", "Text": "Finally , some ongoing challenges and future prospects for the development of potential drugs to promote targeting specific activities of the CoV were reviewed .", "Evidence Elements": {"Participant": [], "Intervention": [], "Outcome": []}, "Evidence Propositions": []}, {"Section": "RESULTS", "Text": "In conclusion , this review may pave the way for providing useful information about different compounds involved in improving the effectiveness of CoV vaccine or drugs with minimum toxicity against human health .", "Evidence Elements": {"Participant": [], "Intervention": [], "Outcome": [{"term": "toxicity against human", "negation": "affirmed", "UMLS": "", "start": 181, "end": 203}]}, "Evidence Propositions": []}, {"Section": "CONCLUSIONS", "Text": "Communicated by Ramaswamy H. Sarma", "Evidence Elements": {"Participant": [], "Intervention": [], "Outcome": []}, "Evidence Propositions": []}]}