{"doc_id": "32272080", "type of study": "Therapy", "title": "", "abstract": "As coronavirus disease 2019 (COVID-19) spreads across the world, the intensive care unit (ICU) community must prepare for the challenges associated with this pandemic.\nStreamlining of workflows for rapid diagnosis and isolation, clinical management, and infection prevention will matter not only to patients with COVID-19, but also to health-care workers and other patients who are at risk from nosocomial transmission.\nManagement of acute respiratory failure and haemodynamics is key.\nICU practitioners, hospital administrators, governments, and policy makers must prepare for a substantial increase in critical care bed capacity, with a focus not just on infrastructure and supplies, but also on staff management.\nCritical care triage to allow the rationing of scarce ICU resources might be needed.\nResearchers must address unanswered questions, including the role of repurposed and experimental therapies.\nCollaboration at the local, regional, national, and international level offers the best chance of survival for the critically ill.\n", "Evidence Map": {"Enrollment": [{"term": "health-care workers", "negation": "affirmed", "UMLS": "", "start": 170, "end": 189}], "Comparison Results": [], "Study Arm 1 Results": [], "Study Arm 2 Results": []}, "Sentence-level breakdown": [{"Section": "TITLE", "Text": "As coronavirus disease 2019 ( COVID-19 ) spreads across the world , the intensive care unit ( ICU ) community must prepare for the challenges associated with this pandemic .", "Evidence Elements": {"Participant": [], "Intervention": [], "Outcome": []}, "Evidence Propositions": []}, {"Section": "RESULTS", "Text": "Streamlining of workflows for rapid diagnosis and isolation , clinical management , and infection prevention will matter not only to patients with COVID-19 , but also to health-care workers and other patients who are at risk from nosocomial transmission .", "Evidence Elements": {"Participant": [{"term": "health-care workers", "negation": "affirmed", "UMLS": "", "start": 170, "end": 189}], "Intervention": [], "Outcome": []}, "Evidence Propositions": []}, {"Section": "CONCLUSIONS", "Text": "Management of acute respiratory failure and haemodynamics is key .", "Evidence Elements": {"Participant": [], "Intervention": [], "Outcome": []}, "Evidence Propositions": []}, {"Section": "CONCLUSIONS", "Text": "ICU practitioners , hospital administrators , governments , and policy makers must prepare for a substantial increase in critical care bed capacity , with a focus not just on infrastructure and supplies , but also on staff management .", "Evidence Elements": {"Participant": [], "Intervention": [], "Outcome": []}, "Evidence Propositions": []}, {"Section": "CONCLUSIONS", "Text": "Critical care triage to allow the rationing of scarce ICU resources might be needed .", "Evidence Elements": {"Participant": [], "Intervention": [], "Outcome": []}, "Evidence Propositions": []}, {"Section": "CONCLUSIONS", "Text": "Researchers must address unanswered questions , including the role of repurposed and experimental therapies .", "Evidence Elements": {"Participant": [], "Intervention": [], "Outcome": []}, "Evidence Propositions": []}, {"Section": "CONCLUSIONS", "Text": "Collaboration at the local , regional , national , and international level offers the best chance of survival for the critically ill .", "Evidence Elements": {"Participant": [], "Intervention": [], "Outcome": []}, "Evidence Propositions": []}]}