{"doc_id": "32278670", "type of study": "Therapy", "title": "", "abstract": "Community transmission of SARS-CoV-2 was detected in Spain in February 2020, with 216% intensive care unit (ICU) capacity expanded in Vitoria by March 18th, 2020.\nWe identified patients from the two public hospitals in Vitoria who were admitted to ICU with confirmed infection by SARS-CoV-2.\nData reported here were available in April 6th, 2020.\nMortality was assessed in those who completed 15-days of ICU stay.\nWe identified 48 patients (27 males) with confirmed SARS-CoV-2.\nMedian [interquartile range (IQR)] age of patients was 63 [51-75] years.\nSymptoms began a median of 7 [5-12] days before ICU admission.\nThe most common comorbidities identified were obesity (48%), arterial hypertension (44%) and chronic lung disease (37%).\nAll patients were admitted by hypoxemic respiratory failure and none received non-invasive mechanical ventilation.\nForty-five (94%) underwent intubation, 3 (6%) high flow nasal therapy (HFNT), 1 (2%) extracorporeal membrane oxygenation (ECMO) and 22 (46%) required prone position.\nAfter 15 days, 14/45 (31%) intubated patients died (13% within one week), 10/45 (22%) were extubated, and 21/45 (47%) underwent mechanical ventilation.\nSix patients had documented super-infection.\nProcalcitonin plasma above 0.5 mug/L was associated with 16% vs. 19% (p = 0.78) risk of death after 7 days.\nThis early experience with SARS-CoV-2 in Spain suggests that a strategy of right oxygenation avoiding non-invasive mechanical ventilation was life-saving.\nSeven-day mortality in SARS-CoV-2 requiring intubation was lower than 15%, with 80% of patients still requiring mechanical ventilation.\nAfter 15 days of ICU admission, half of patients remained intubated, whereas one third died.\n", "Evidence Map": {"Enrollment": [{"term": "admitted to ICU", "negation": "affirmed", "UMLS": "", "start": 73, "end": 88}, {"term": "confirmed infection by SARS-CoV-2", "negation": "affirmed", "UMLS": "", "start": 94, "end": 127}, {"term": "15-days of ICU stay", "negation": "affirmed", "UMLS": "", "start": 46, "end": 65}, {"term": "obesity", "negation": "affirmed", "UMLS": "", "start": 46, "end": 53}, {"term": "arterial hypertension", "negation": "affirmed", "UMLS": "", "start": 65, "end": 86}, {"term": "admitted", "negation": "affirmed", "UMLS": "", "start": 18, "end": 26}, {"term": "hypoxemic respiratory failure", "negation": "affirmed", "UMLS": "", "start": 30, "end": 59}, {"term": "non-invasive mechanical ventilation", "negation": "affirmed", "UMLS": "", "start": 78, "end": 113}, {"term": "SARS-CoV-2 requiring intubation", "negation": "affirmed", "UMLS": "", "start": 23, "end": 54}], "Comparison Results": [], "Study Arm 1 Results": [], "Study Arm 2 Results": []}, "Sentence-level breakdown": [{"Section": "TITLE", "Text": "Community transmission of SARS-CoV-2 was detected in Spain in February 2020 , with 216 % intensive care unit ( ICU ) capacity expanded in Vitoria by March 18th , 2020 .", "Evidence Elements": {"Participant": [], "Intervention": [{"term": "Spain", "negation": "affirmed", "UMLS": "", "start": 53, "end": 58}, {"term": "Vitoria", "negation": "affirmed", "UMLS": "", "start": 138, "end": 145}], "Outcome": [{"term": "Community transmission of SARS-CoV-2", "negation": "affirmed", "UMLS": "", "start": 0, "end": 36}, {"term": "intensive care unit ( ICU ) capacity", "negation": "affirmed", "UMLS": "", "start": 89, "end": 125}]}, "Evidence Propositions": []}, {"Section": "METHODS", "Text": "We identified patients from the two public hospitals in Vitoria who were admitted to ICU with confirmed infection by SARS-CoV-2 .", "Evidence Elements": {"Participant": [{"term": "admitted to ICU", "negation": "affirmed", "UMLS": "", "start": 73, "end": 88}, {"term": "confirmed infection by SARS-CoV-2", "negation": "affirmed", "UMLS": "", "start": 94, "end": 127}], "Intervention": [], "Outcome": []}, "Evidence Propositions": []}, {"Section": "METHODS", "Text": "Data reported here were available in April 6th , 2020 .", "Evidence Elements": {"Participant": [], "Intervention": [], "Outcome": []}, "Evidence Propositions": []}, {"Section": "METHODS", "Text": "Mortality was assessed in those who completed 15-days of ICU stay .", "Evidence Elements": {"Participant": [{"term": "15-days of ICU stay", "negation": "affirmed", "UMLS": "", "start": 46, "end": 65}], "Intervention": [], "Outcome": [{"term": "Mortality", "negation": "affirmed", "UMLS": "", "start": 0, "end": 9}]}, "Evidence Propositions": []}, {"Section": "RESULTS", "Text": "We identified 48 patients ( 27 males ) with confirmed SARS-CoV-2 .", "Evidence Elements": {"Participant": [], "Intervention": [], "Outcome": []}, "Evidence Propositions": []}, {"Section": "RESULTS", "Text": "Median [ interquartile range ( IQR ) ] age of patients was 63 [ 51-75 ] years .", "Evidence Elements": {"Participant": [], "Intervention": [], "Outcome": []}, "Evidence Propositions": []}, {"Section": "RESULTS", "Text": "Symptoms began a median of 7 [ 5-12 ] days before ICU admission .", "Evidence Elements": {"Participant": [], "Intervention": [], "Outcome": []}, "Evidence Propositions": []}, {"Section": "RESULTS", "Text": "The most common comorbidities identified were obesity ( 48 % ) , arterial hypertension ( 44 % ) and chronic lung disease ( 37 % ) .", "Evidence Elements": {"Participant": [{"term": "obesity", "negation": "affirmed", "UMLS": "", "start": 46, "end": 53}, {"term": "arterial hypertension", "negation": "affirmed", "UMLS": "", "start": 65, "end": 86}], "Intervention": [], "Outcome": []}, "Evidence Propositions": []}, {"Section": "RESULTS", "Text": "All patients were admitted by hypoxemic respiratory failure and none received non-invasive mechanical ventilation .", "Evidence Elements": {"Participant": [{"term": "admitted", "negation": "affirmed", "UMLS": "", "start": 18, "end": 26}, {"term": "hypoxemic respiratory failure", "negation": "affirmed", "UMLS": "", "start": 30, "end": 59}, {"term": "non-invasive mechanical ventilation", "negation": "affirmed", "UMLS": "", "start": 78, "end": 113}], "Intervention": [], "Outcome": []}, "Evidence Propositions": []}, {"Section": "RESULTS", "Text": "Forty-five ( 94 % ) underwent intubation , 3 ( 6 % ) high flow nasal therapy ( HFNT ) , 1 ( 2 % ) extracorporeal membrane oxygenation ( ECMO ) and 22 ( 46 % ) required prone position .", "Evidence Elements": {"Participant": [], "Intervention": [{"term": "high flow nasal therapy ( HFNT )", "negation": "affirmed", "UMLS": "", "start": 53, "end": 85}], "Outcome": [{"term": "intubation", "negation": "affirmed", "UMLS": "", "start": 30, "end": 40}]}, "Evidence Propositions": []}, {"Section": "RESULTS", "Text": "After 15 days , 14 / 45 ( 31 % ) intubated patients died ( 13 % within one week ) , 10 / 45 ( 22 % ) were extubated , and 21 / 45 ( 47 % ) underwent mechanical ventilation .", "Evidence Elements": {"Participant": [], "Intervention": [], "Outcome": [{"term": "intubated patients", "negation": "affirmed", "UMLS": "", "start": 33, "end": 51}, {"term": "died", "negation": "affirmed", "UMLS": "", "start": 52, "end": 56}]}, "Evidence Propositions": []}, {"Section": "RESULTS", "Text": "Six patients had documented super-infection .", "Evidence Elements": {"Participant": [], "Intervention": [], "Outcome": [{"term": "super-infection", "negation": "affirmed", "UMLS": "", "start": 28, "end": 43}]}, "Evidence Propositions": []}, {"Section": "RESULTS", "Text": "Procalcitonin plasma above 0.5 mug / L was associated with 16 % vs . 19 % ( p = 0.78 ) risk of death after 7 days .", "Evidence Elements": {"Participant": [], "Intervention": [{"term": "Procalcitonin plasma above 0.5", "negation": "affirmed", "UMLS": "", "start": 0, "end": 30}, {"term": "L", "negation": "affirmed", "UMLS": "", "start": 37, "end": 38}], "Outcome": [{"term": "risk", "negation": "affirmed", "UMLS": "", "start": 87, "end": 91}]}, "Evidence Propositions": [{"Intervention": "L", "Observation": "19 %", "Outcome": "risk", "Count": ""}]}, {"Section": "CONCLUSIONS", "Text": "This early experience with SARS-CoV-2 in Spain suggests that a strategy of right oxygenation avoiding non-invasive mechanical ventilation was life-saving .", "Evidence Elements": {"Participant": [], "Intervention": [{"term": "SARS-CoV-2", "negation": "affirmed", "UMLS": "", "start": 27, "end": 37}, {"term": "right oxygenation avoiding non-invasive mechanical ventilation", "negation": "affirmed", "UMLS": "", "start": 75, "end": 137}], "Outcome": []}, "Evidence Propositions": []}, {"Section": "CONCLUSIONS", "Text": "Seven-day mortality in SARS-CoV-2 requiring intubation was lower than 15 % , with 80 % of patients still requiring mechanical ventilation .", "Evidence Elements": {"Participant": [{"term": "SARS-CoV-2 requiring intubation", "negation": "affirmed", "UMLS": "", "start": 23, "end": 54}], "Intervention": [], "Outcome": [{"term": "Seven-day mortality", "negation": "affirmed", "UMLS": "", "start": 0, "end": 19}]}, "Evidence Propositions": [{"Intervention": [], "Observation": "lower than 15 %", "Outcome": "Seven-day mortality", "Count": ""}]}, {"Section": "CONCLUSIONS", "Text": "After 15 days of ICU admission , half of patients remained intubated , whereas one third died .", "Evidence Elements": {"Participant": [], "Intervention": [], "Outcome": [{"term": "intubated", "negation": "affirmed", "UMLS": "", "start": 59, "end": 68}]}, "Evidence Propositions": []}]}