{"doc_id": "32275257", "type of study": "Therapy", "title": "", "abstract": "The novel coronavirus SARS-CoV-2 (Covid-19), spreading from Wuhan, China, is one of the causes of respiratory infections that can spread to other people through respiratory particles, and can cause symptoms such as fever, dry cough, shortness of breath, anorexia, fatigue and sore throat in infected patients.\nThis review summarizes current strategies on the diagnosis.\nAdditionally, treatments, infection prevention and control of the SARS-CoV-2 are addressed.\nIn addition to the respiratory system, this virus can infect the digestive system, the urinary system and the haematological system, which causes to observe the virus in the stool, urine and blood samples in addition to throat sample.\nThe SARS-CoV-2 causes changes in blood cells and factors and makes lung abnormalities in patients, which can be detected by serological, molecular, and radiological techniques by detecting these changes and injuries.\nRadiological and serological methods are the most preferred among the other methods and the radiological method is the most preferred one which can diagnose the infection quickly and accurately with fewer false-negatives, that can be effective in protecting the patient's life by initiating treatment and preventing the transmission of infection to other people.\n", "Evidence Map": {"Enrollment": [], "Comparison Results": [], "Study Arm 1 Results": [], "Study Arm 2 Results": []}, "Sentence-level breakdown": [{"Section": "TITLE", "Text": "The novel coronavirus SARS-CoV-2 ( Covid-19 ) , spreading from Wuhan , China , is one of the causes of respiratory infections that can spread to other people through respiratory particles , and can cause symptoms such as fever , dry cough , shortness of breath , anorexia , fatigue and sore throat in infected patients .", "Evidence Elements": {"Participant": [], "Intervention": [], "Outcome": []}, "Evidence Propositions": []}, {"Section": "OBJECTIVE", "Text": "This review summarizes current strategies on the diagnosis .", "Evidence Elements": {"Participant": [], "Intervention": [], "Outcome": []}, "Evidence Propositions": []}, {"Section": "RESULTS", "Text": "Additionally , treatments , infection prevention and control of the SARS-CoV-2 are addressed .", "Evidence Elements": {"Participant": [], "Intervention": [], "Outcome": [{"term": "treatments", "negation": "affirmed", "UMLS": "", "start": 15, "end": 25}, {"term": "infection prevention", "negation": "affirmed", "UMLS": "", "start": 28, "end": 48}, {"term": "control", "negation": "affirmed", "UMLS": "", "start": 53, "end": 60}]}, "Evidence Propositions": []}, {"Section": "RESULTS", "Text": "In addition to the respiratory system , this virus can infect the digestive system , the urinary system and the haematological system , which causes to observe the virus in the stool , urine and blood samples in addition to throat sample .", "Evidence Elements": {"Participant": [], "Intervention": [], "Outcome": []}, "Evidence Propositions": []}, {"Section": "RESULTS", "Text": "The SARS-CoV-2 causes changes in blood cells and factors and makes lung abnormalities in patients , which can be detected by serological , molecular , and radiological techniques by detecting these changes and injuries .", "Evidence Elements": {"Participant": [], "Intervention": [], "Outcome": []}, "Evidence Propositions": []}, {"Section": "CONCLUSIONS", "Text": "Radiological and serological methods are the most preferred among the other methods and the radiological method is the most preferred one which can diagnose the infection quickly and accurately with fewer false-negatives , that can be effective in protecting the patient 's life by initiating treatment and preventing the transmission of infection to other people .", "Evidence Elements": {"Participant": [], "Intervention": [], "Outcome": []}, "Evidence Propositions": []}]}