{"doc_id": "32274341", "type of study": "Therapy", "title": "", "abstract": "An outbreak of severe acute respiratory syndrome coronavirus 2 (SARS-CoV-2) infection (2019 coronavirus disease, COVID-19) since December 2019, from Wuhan, China, has been posing a significant threat to global human health.\nThe clinical features and outcomes of Chinese patients with COVID-19 have been widely reported.\nIncreasing evidence has witnessed the frequent incident liver injury in COVID-19 patients, and it is often manifested as transient elevation of serum aminotransferases; however, the patients seldom have liver failure and obvious intrahepatic cholestasis, unless pre-existing advanced liver disease was present.\nThe underlying mechanisms of liver injury in cases of COVID-19 might include psychological stress, systemic inflammation response, drug toxicity, and progression of pre-existing liver diseases.\nHowever, there is insufficient evidence for SARS-CoV-2 infected hepatocytes or virus-related liver injury in COVID-19 at present.\nThe clinical, pathological and laboratory characteristics as well as underlying pathophysiology and etiology of liver injury in COVID-19 remain largely unclear.\nIn this review, we highlight these important issues based on the recent developments in the field, for optimizing the management and treatment of liver injury in Chinese patients with COVID-19.\n", "Evidence Map": {"Enrollment": [], "Comparison Results": [], "Study Arm 1 Results": [], "Study Arm 2 Results": []}, "Sentence-level breakdown": [{"Section": "TITLE", "Text": "An outbreak of severe acute respiratory syndrome coronavirus 2 ( SARS-CoV-2 ) infection ( 2019 coronavirus disease , COVID-19 ) since December 2019 , from Wuhan , China , has been posing a significant threat to global human health .", "Evidence Elements": {"Participant": [], "Intervention": [], "Outcome": []}, "Evidence Propositions": []}, {"Section": "RESULTS", "Text": "The clinical features and outcomes of Chinese patients with COVID-19 have been widely reported .", "Evidence Elements": {"Participant": [], "Intervention": [], "Outcome": []}, "Evidence Propositions": []}, {"Section": "RESULTS", "Text": "Increasing evidence has witnessed the frequent incident liver injury in COVID-19 patients , and it is often manifested as transient elevation of serum aminotransferases ; however , the patients seldom have liver failure and obvious intrahepatic cholestasis , unless pre-existing advanced liver disease was present .", "Evidence Elements": {"Participant": [], "Intervention": [], "Outcome": []}, "Evidence Propositions": []}, {"Section": "RESULTS", "Text": "The underlying mechanisms of liver injury in cases of COVID-19 might include psychological stress , systemic inflammation response , drug toxicity , and progression of pre-existing liver diseases .", "Evidence Elements": {"Participant": [], "Intervention": [], "Outcome": []}, "Evidence Propositions": []}, {"Section": "RESULTS", "Text": "However , there is insufficient evidence for SARS-CoV-2 infected hepatocytes or virus-related liver injury in COVID-19 at present .", "Evidence Elements": {"Participant": [], "Intervention": [], "Outcome": []}, "Evidence Propositions": []}, {"Section": "RESULTS", "Text": "The clinical , pathological and laboratory characteristics as well as underlying pathophysiology and etiology of liver injury in COVID-19 remain largely unclear .", "Evidence Elements": {"Participant": [], "Intervention": [], "Outcome": []}, "Evidence Propositions": []}, {"Section": "CONCLUSIONS", "Text": "In this review , we highlight these important issues based on the recent developments in the field , for optimizing the management and treatment of liver injury in Chinese patients with COVID-19 .", "Evidence Elements": {"Participant": [], "Intervention": [], "Outcome": []}, "Evidence Propositions": []}]}