{"doc_id": "32273593", "type of study": "Therapy", "title": "", "abstract": "The prevalence of direct kidney involvement in novel coronavirus disease (COVID-19) is low, but such involvement is a marker of multiple organ dysfunction and severe disease.\nHere, we explore potential pathways of kidney damage and discuss the rationale for extracorporeal support with various blood purification strategies in patients who are critically ill with COVID-19.\n", "Evidence Map": {"Enrollment": [{"term": "critically ill", "negation": "affirmed", "UMLS": "", "start": 170, "end": 184}], "Comparison Results": [], "Study Arm 1 Results": [], "Study Arm 2 Results": []}, "Sentence-level breakdown": [{"Section": "TITLE", "Text": "The prevalence of direct kidney involvement in novel coronavirus disease ( COVID-19 ) is low , but such involvement is a marker of multiple organ dysfunction and severe disease .", "Evidence Elements": {"Participant": [], "Intervention": [], "Outcome": []}, "Evidence Propositions": []}, {"Section": "CONCLUSIONS", "Text": "Here , we explore potential pathways of kidney damage and discuss the rationale for extracorporeal support with various blood purification strategies in patients who are critically ill with COVID-19 .", "Evidence Elements": {"Participant": [{"term": "critically ill", "negation": "affirmed", "UMLS": "", "start": 170, "end": 184}], "Intervention": [{"term": "extracorporeal support with various blood purification strategies", "negation": "affirmed", "UMLS": "", "start": 84, "end": 149}], "Outcome": [{"term": "kidney damage", "negation": "affirmed", "UMLS": "", "start": 40, "end": 53}]}, "Evidence Propositions": []}]}