{"doc_id": "32273490", "type of study": "Therapy", "title": "", "abstract": "Pediatric coronavirus disease-19 (COVID-19) infection is relatively mild when compared to adults, and children are reported to have a better prognosis.\nMortality in children appears rare.\nClinical features of COVID-19 in children include fever and cough, but a large proportion of infected children appears to be asymptomatic and may contribute to transmission.\nIt remains unclear why children and young adults are less severely affected than older individuals, but this might involve differences in immune system function in the elderly and/or differences in the expression/function of the cellular receptor for Severe Acute Respiratory Syndrome Coronavirus 2 (SARS-CoV-2)- Angiotensin converting enzyme 2 (ACE2).\nLaboratory findings and chest imaging may not be specific in children with COVID-19.\nDiagnosis is by Reverse transcriptase-Polymerase chain reaction (RT-PCR) testing of upper or lower respiratory tract secretions.\nThis review additionally considers COVID-19 in immunosuppressed children, and also suggests a management algorithm for the few children who appear to present with life threatening infection, including the potential use of antiviral and immunomodulatory treatment.\nThe most significant threat to global child health from SARS-CoV-2 is unlikely to be related to COVID 19 in children, but rather the socio-economic consequences of a prolonged pandemic.\n", "Evidence Map": {"Enrollment": [{"term": "children", "negation": "affirmed", "UMLS": "", "start": 13, "end": 21}, {"term": "immunosuppressed children", "negation": "affirmed", "UMLS": "", "start": 47, "end": 72}, {"term": "children", "negation": "affirmed", "UMLS": "", "start": 64, "end": 72}, {"term": "life threatening infection", "negation": "affirmed", "UMLS": "", "start": 164, "end": 190}, {"term": "children", "negation": "affirmed", "UMLS": "", "start": 108, "end": 116}], "Comparison Results": [], "Study Arm 1 Results": [], "Study Arm 2 Results": []}, "Sentence-level breakdown": [{"Section": "TITLE", "Text": "Pediatric coronavirus disease-19 ( COVID-19 ) infection is relatively mild when compared to adults , and children are reported to have a better prognosis .", "Evidence Elements": {"Participant": [], "Intervention": [], "Outcome": []}, "Evidence Propositions": []}, {"Section": "BACKGROUND", "Text": "Mortality in children appears rare .", "Evidence Elements": {"Participant": [{"term": "children", "negation": "affirmed", "UMLS": "", "start": 13, "end": 21}], "Intervention": [], "Outcome": [{"term": "Mortality", "negation": "affirmed", "UMLS": "", "start": 0, "end": 9}]}, "Evidence Propositions": []}, {"Section": "BACKGROUND", "Text": "Clinical features of COVID-19 in children include fever and cough , but a large proportion of infected children appears to be asymptomatic and may contribute to transmission .", "Evidence Elements": {"Participant": [], "Intervention": [], "Outcome": []}, "Evidence Propositions": []}, {"Section": "BACKGROUND", "Text": "It remains unclear why children and young adults are less severely affected than older individuals , but this might involve differences in immune system function in the elderly and / or differences in the expression / function of the cellular receptor for Severe Acute Respiratory Syndrome Coronavirus 2 ( SARS-CoV-2 ) -Angiotensin converting enzyme 2 ( ACE2 ) .", "Evidence Elements": {"Participant": [], "Intervention": [], "Outcome": []}, "Evidence Propositions": []}, {"Section": "BACKGROUND", "Text": "Laboratory findings and chest imaging may not be specific in children with COVID-19 .", "Evidence Elements": {"Participant": [], "Intervention": [], "Outcome": []}, "Evidence Propositions": []}, {"Section": "METHODS", "Text": "Diagnosis is by Reverse transcriptase-Polymerase chain reaction ( RT-PCR ) testing of upper or lower respiratory tract secretions .", "Evidence Elements": {"Participant": [], "Intervention": [], "Outcome": []}, "Evidence Propositions": []}, {"Section": "METHODS", "Text": "This review additionally considers COVID-19 in immunosuppressed children , and also suggests a management algorithm for the few children who appear to present with life threatening infection , including the potential use of antiviral and immunomodulatory treatment .", "Evidence Elements": {"Participant": [{"term": "immunosuppressed children", "negation": "affirmed", "UMLS": "", "start": 47, "end": 72}, {"term": "children", "negation": "affirmed", "UMLS": "", "start": 64, "end": 72}, {"term": "life threatening infection", "negation": "affirmed", "UMLS": "", "start": 164, "end": 190}], "Intervention": [{"term": "COVID-19", "negation": "affirmed", "UMLS": "", "start": 35, "end": 43}], "Outcome": []}, "Evidence Propositions": []}, {"Section": "CONCLUSIONS", "Text": "The most significant threat to global child health from SARS-CoV-2 is unlikely to be related to COVID 19 in children , but rather the socio-economic consequences of a prolonged pandemic .", "Evidence Elements": {"Participant": [{"term": "children", "negation": "affirmed", "UMLS": "", "start": 108, "end": 116}], "Intervention": [], "Outcome": [{"term": "child health", "negation": "negated", "UMLS": "", "start": 38, "end": 50}]}, "Evidence Propositions": [{"Intervention": [], "Observation": "most significant", "Outcome": "child health", "Count": ""}]}]}