{"doc_id": "32278693", "type of study": "Therapy", "title": "", "abstract": "The severe acute respiratory syndrome coronavirus 2, better known as COVID-19 has become the current health concern to the entire world.\nInitially appeared in Wuhan, China around December 2019, it had spread to almost 187 countries due to its high contagious nature.\nPrecautionary measures remain the sole obliging tactic to cease the person to person transmissions till any effective method of treatment or vaccine is developed.\nAmidst the pandemic, research and development of new molecule is labour-intensive and tedious process.\nDrug repurposing is the concept of identifying therapeutically potent molecule from the library of pre-existing molecules.\nIn the present study, 61 molecules that are already being used in clinics or under clinical scrutiny as antiviral agents are surveyed via docking study.\nDocking study was performed using Maestro interface (Schrodinger Suite, LLC, NY).\nOut of these 61 molecules, 37 molecules were found to interact with >2 protein structures of COVID-19.\nThe docking results indicate that amongst the reported molecules, HIV protease inhibitors and RNA-dependent RNA polymerase inhibitors showed promising features of binding to COVID-19 enzyme.\nAlong with these, Methisazone an inhibitor of protein synthesis, CGP42112A an angiotensin AT2 receptor agonist and ABT450 an inhibitor of the non-structural protein 3-4A might become convenient treatment option as well against COVID-19.\nThe drug repurposing approach provide an insight about the therapeutics that might be helpful in treating corona virus disease.\nDrug repurposing has become an emerging tactic to fight COVID-19.\nKnown antiviral agents used to study docking interaction with COVID-19 enzymes.\nHIV protease inhibitors showed close interaction with COVID-19.\nMethisazone, CGP42112A and ABT450 may become useful treatment against COVID-19.\n", "Evidence Map": {"Enrollment": [], "Comparison Results": [], "Study Arm 1 Results": [], "Study Arm 2 Results": []}, "Sentence-level breakdown": [{"Section": "TITLE", "Text": "The severe acute respiratory syndrome coronavirus 2 , better known as COVID-19 has become the current health concern to the entire world .", "Evidence Elements": {"Participant": [], "Intervention": [], "Outcome": []}, "Evidence Propositions": []}, {"Section": "BACKGROUND", "Text": "Initially appeared in Wuhan , China around December 2019 , it had spread to almost 187 countries due to its high contagious nature .", "Evidence Elements": {"Participant": [], "Intervention": [], "Outcome": []}, "Evidence Propositions": []}, {"Section": "BACKGROUND", "Text": "Precautionary measures remain the sole obliging tactic to cease the person to person transmissions till any effective method of treatment or vaccine is developed .", "Evidence Elements": {"Participant": [], "Intervention": [], "Outcome": []}, "Evidence Propositions": []}, {"Section": "BACKGROUND", "Text": "Amidst the pandemic , research and development of new molecule is labour-intensive and tedious process .", "Evidence Elements": {"Participant": [], "Intervention": [], "Outcome": []}, "Evidence Propositions": []}, {"Section": "BACKGROUND", "Text": "Drug repurposing is the concept of identifying therapeutically potent molecule from the library of pre-existing molecules .", "Evidence Elements": {"Participant": [], "Intervention": [], "Outcome": []}, "Evidence Propositions": []}, {"Section": "METHODS", "Text": "In the present study , 61 molecules that are already being used in clinics or under clinical scrutiny as antiviral agents are surveyed via docking study .", "Evidence Elements": {"Participant": [], "Intervention": [], "Outcome": []}, "Evidence Propositions": []}, {"Section": "METHODS", "Text": "Docking study was performed using Maestro interface ( Schrodinger Suite , LLC , NY ) .", "Evidence Elements": {"Participant": [], "Intervention": [], "Outcome": []}, "Evidence Propositions": []}, {"Section": "RESULTS", "Text": "Out of these 61 molecules , 37 molecules were found to interact with > 2 protein structures of COVID-19 .", "Evidence Elements": {"Participant": [], "Intervention": [], "Outcome": []}, "Evidence Propositions": []}, {"Section": "RESULTS", "Text": "The docking results indicate that amongst the reported molecules , HIV protease inhibitors and RNA-dependent RNA polymerase inhibitors showed promising features of binding to COVID-19 enzyme .", "Evidence Elements": {"Participant": [], "Intervention": [{"term": "HIV protease inhibitors", "negation": "affirmed", "UMLS": "", "start": 67, "end": 90}, {"term": "RNA-dependent RNA polymerase inhibitors", "negation": "affirmed", "UMLS": "", "start": 95, "end": 134}], "Outcome": [{"term": "binding to COVID-19", "negation": "affirmed", "UMLS": "", "start": 164, "end": 183}]}, "Evidence Propositions": [{"Intervention": "HIV protease inhibitors", "Observation": "promising features", "Outcome": "binding to COVID-19", "Count": ""}, {"Intervention": "RNA-dependent RNA polymerase inhibitors", "Observation": "promising features", "Outcome": "binding to COVID-19", "Count": ""}]}, {"Section": "RESULTS", "Text": "Along with these , Methisazone an inhibitor of protein synthesis , CGP42112A an angiotensin AT2 receptor agonist and ABT450 an inhibitor of the non-structural protein 3-4A might become convenient treatment option as well against COVID-19 .", "Evidence Elements": {"Participant": [], "Intervention": [], "Outcome": []}, "Evidence Propositions": []}, {"Section": "RESULTS", "Text": "The drug repurposing approach provide an insight about the therapeutics that might be helpful in treating corona virus disease .", "Evidence Elements": {"Participant": [], "Intervention": [], "Outcome": []}, "Evidence Propositions": []}, {"Section": "RESULTS", "Text": "Drug repurposing has become an emerging tactic to fight COVID-19 .", "Evidence Elements": {"Participant": [], "Intervention": [], "Outcome": []}, "Evidence Propositions": []}, {"Section": "RESULTS", "Text": "Known antiviral agents used to study docking interaction with COVID-19 enzymes .", "Evidence Elements": {"Participant": [], "Intervention": [], "Outcome": []}, "Evidence Propositions": []}, {"Section": "RESULTS", "Text": "HIV protease inhibitors showed close interaction with COVID-19 .", "Evidence Elements": {"Participant": [], "Intervention": [{"term": "HIV protease inhibitors", "negation": "affirmed", "UMLS": "", "start": 0, "end": 23}], "Outcome": [{"term": "COVID-19", "negation": "affirmed", "UMLS": "", "start": 54, "end": 62}]}, "Evidence Propositions": [{"Intervention": "HIV protease inhibitors", "Observation": "close interaction", "Outcome": "COVID-19", "Count": ""}]}, {"Section": "CONCLUSIONS", "Text": "Methisazone , CGP42112A and ABT450 may become useful treatment against COVID-19 .", "Evidence Elements": {"Participant": [], "Intervention": [], "Outcome": []}, "Evidence Propositions": []}]}