{"doc_id": "32274617", "type of study": "Therapy", "title": "", "abstract": "SARS-CoV-2 virus, the causative agent of the coronavirus infectious disease-19 (COVID-19), is taking the globe by storm, approaching 500,000 confirmed cases and over 21,000 deaths as of March 25, 2020.\nWhile under control in some affected Asian countries (Taiwan, Singapore, Vietnam), the virus demonstrated an exponential phase of infectivity in several large countries (China in late January and February and many European countries and the USA in March), with cases exploding by 30-50,000/day in the third and fourth weeks of March, 2020.\nSARS-CoV-2 has proven to be particularly deadly to older adults and those with certain underlying medical conditions, many of whom are of advanced age.\nHere, we briefly review the virus, its structure and evolution, epidemiology and pathogenesis, immunogenicity and immune, and clinical response in older adults, using available knowledge on SARS-CoV-2 and its highly pathogenic relatives MERS-CoV and SARS-CoV-1.\nWe conclude by discussing clinical and basic science approaches to protect older adults against this disease.\n", "Evidence Map": {"Enrollment": [{"term": "older adults", "negation": "affirmed", "UMLS": "", "start": 152, "end": 164}, {"term": "adults", "negation": "affirmed", "UMLS": "", "start": 81, "end": 87}], "Comparison Results": [], "Study Arm 1 Results": [], "Study Arm 2 Results": []}, "Sentence-level breakdown": [{"Section": "TITLE", "Text": "SARS-CoV-2 virus , the causative agent of the coronavirus infectious disease-19 ( COVID-19 ) , is taking the globe by storm , approaching 500,000 confirmed cases and over 21,000 deaths as of March 25 , 2020 .", "Evidence Elements": {"Participant": [], "Intervention": [], "Outcome": []}, "Evidence Propositions": []}, {"Section": "RESULTS", "Text": "While under control in some affected Asian countries ( Taiwan , Singapore , Vietnam ) , the virus demonstrated an exponential phase of infectivity in several large countries ( China in late January and February and many European countries and the USA in March ) , with cases exploding by 30-50,000 / day in the third and fourth weeks of March , 2020 .", "Evidence Elements": {"Participant": [], "Intervention": [], "Outcome": []}, "Evidence Propositions": []}, {"Section": "CONCLUSIONS", "Text": "SARS-CoV-2 has proven to be particularly deadly to older adults and those with certain underlying medical conditions , many of whom are of advanced age .", "Evidence Elements": {"Participant": [], "Intervention": [], "Outcome": []}, "Evidence Propositions": []}, {"Section": "CONCLUSIONS", "Text": "Here , we briefly review the virus , its structure and evolution , epidemiology and pathogenesis , immunogenicity and immune , and clinical response in older adults , using available knowledge on SARS-CoV-2 and its highly pathogenic relatives MERS-CoV and SARS-CoV-1 .", "Evidence Elements": {"Participant": [{"term": "older adults", "negation": "affirmed", "UMLS": "", "start": 152, "end": 164}], "Intervention": [{"term": "SARS-CoV-2", "negation": "affirmed", "UMLS": "", "start": 196, "end": 206}], "Outcome": [{"term": "immunogenicity", "negation": "affirmed", "UMLS": "", "start": 99, "end": 113}, {"term": "immune", "negation": "affirmed", "UMLS": "", "start": 118, "end": 124}, {"term": "clinical response", "negation": "affirmed", "UMLS": "", "start": 131, "end": 148}]}, "Evidence Propositions": []}, {"Section": "CONCLUSIONS", "Text": "We conclude by discussing clinical and basic science approaches to protect older adults against this disease .", "Evidence Elements": {"Participant": [{"term": "adults", "negation": "affirmed", "UMLS": "", "start": 81, "end": 87}], "Intervention": [], "Outcome": []}, "Evidence Propositions": []}]}