{"doc_id": "32283815", "type of study": "Therapy", "title": "", "abstract": "From the end of 2019, the world population has been faced the spread of the novel coronavirus SARS-CoV-2 responsible for COVID-19 infection.\nIn approximately 14% of the patients affected by the novel coronavirus, the infection progresses with the development of pneumonia that requires mechanical ventilation.\nAt the moment, there is no specific antiviral treatment recommended for the COVID-19 pandemic and the therapeutic strategies to deal with the infection are only supportive.\nIn our opinion, mesenchymal stem cell secretome could offer a new therapeutic approach in treating COVID-19 pneumonia, due to the broad pharmacological effects it shows, including anti-inflammatory, immunomodulatory, regenerative, pro-angiogenic and anti-fibrotic properties.\n", "Evidence Map": {"Enrollment": [{"term": "COVID-19 pneumonia", "negation": "affirmed", "UMLS": "", "start": 100, "end": 118}], "Comparison Results": [], "Study Arm 1 Results": [], "Study Arm 2 Results": []}, "Sentence-level breakdown": [{"Section": "TITLE", "Text": "From the end of 2019 , the world population has been faced the spread of the novel coronavirus SARS-CoV-2 responsible for COVID-19 infection .", "Evidence Elements": {"Participant": [], "Intervention": [], "Outcome": []}, "Evidence Propositions": []}, {"Section": "RESULTS", "Text": "In approximately 14 % of the patients affected by the novel coronavirus , the infection progresses with the development of pneumonia that requires mechanical ventilation .", "Evidence Elements": {"Participant": [], "Intervention": [], "Outcome": []}, "Evidence Propositions": []}, {"Section": "RESULTS", "Text": "At the moment , there is no specific antiviral treatment recommended for the COVID-19 pandemic and the therapeutic strategies to deal with the infection are only supportive .", "Evidence Elements": {"Participant": [], "Intervention": [], "Outcome": []}, "Evidence Propositions": []}, {"Section": "CONCLUSIONS", "Text": "In our opinion , mesenchymal stem cell secretome could offer a new therapeutic approach in treating COVID-19 pneumonia , due to the broad pharmacological effects it shows , including anti-inflammatory , immunomodulatory , regenerative , pro-angiogenic and anti-fibrotic properties .", "Evidence Elements": {"Participant": [{"term": "COVID-19 pneumonia", "negation": "affirmed", "UMLS": "", "start": 100, "end": 118}], "Intervention": [{"term": "stem cell secretome", "negation": "affirmed", "UMLS": "", "start": 29, "end": 48}], "Outcome": []}, "Evidence Propositions": []}]}