{"doc_id": "32284379", "type of study": "Therapy", "title": "", "abstract": "Bunyaviruses are significant human pathogens, causing diseases ranging from hemorrhagic fevers to encephalitis.\nAmong these viruses, La Crosse virus (LACV), a member of the California serogroup, circulates in the eastern and midwestern United States.\nWhile LACV infection is often asymptomatic, dozens of cases of encephalitis are reported yearly.\nUnfortunately, no antivirals have been approved to treat LACV infection.\nHere, we developed a method to rapidly test potential antivirals against LACV infection.\nFrom this screen, we identified several potential antiviral molecules, including known antivirals.\nAdditionally, we identified many novel antivirals that exhibited antiviral activity without affecting cellular viability.\nValinomycin, a potassium ionophore, was among our top targets.\nWe found that valinomycin exhibited potent anti-LACV activity in multiple cell types in a dose-dependent manner.\nValinomycin did not affect particle stability or infectivity, suggesting that it may preclude virus replication by altering cellular potassium ions, a known determinant of LACV entry.\nWe extended these results to other ionophores and found that the antiviral activity of valinomycin extended to other viral families, including bunyaviruses (Rift Valley fever virus, Keystone virus), enteroviruses (coxsackievirus, rhinovirus), flavirivuses (Zika virus), and coronaviruses (human coronavirus 229E [HCoV-229E] and Middle East respiratory syndrome CoV [MERS-CoV]).\nIn all viral infections, we observed significant reductions in virus titer in valinomycin-treated cells.\nIn sum, we demonstrate the importance of potassium ions to virus infection, suggesting a potential therapeutic target to disrupt virus replication.\n", "Evidence Map": {"Enrollment": [], "Comparison Results": [], "Study Arm 1 Results": [], "Study Arm 2 Results": []}, "Sentence-level breakdown": [{"Section": "TITLE", "Text": "Bunyaviruses are significant human pathogens , causing diseases ranging from hemorrhagic fevers to encephalitis .", "Evidence Elements": {"Participant": [], "Intervention": [], "Outcome": []}, "Evidence Propositions": []}, {"Section": "BACKGROUND", "Text": "Among these viruses , La Crosse virus ( LACV ) , a member of the California serogroup , circulates in the eastern and midwestern United States .", "Evidence Elements": {"Participant": [], "Intervention": [], "Outcome": []}, "Evidence Propositions": []}, {"Section": "BACKGROUND", "Text": "While LACV infection is often asymptomatic , dozens of cases of encephalitis are reported yearly .", "Evidence Elements": {"Participant": [], "Intervention": [], "Outcome": []}, "Evidence Propositions": []}, {"Section": "BACKGROUND", "Text": "Unfortunately , no antivirals have been approved to treat LACV infection .", "Evidence Elements": {"Participant": [], "Intervention": [], "Outcome": []}, "Evidence Propositions": []}, {"Section": "BACKGROUND", "Text": "Here , we developed a method to rapidly test potential antivirals against LACV infection .", "Evidence Elements": {"Participant": [], "Intervention": [], "Outcome": []}, "Evidence Propositions": []}, {"Section": "RESULTS", "Text": "From this screen , we identified several potential antiviral molecules , including known antivirals .", "Evidence Elements": {"Participant": [], "Intervention": [], "Outcome": []}, "Evidence Propositions": []}, {"Section": "RESULTS", "Text": "Additionally , we identified many novel antivirals that exhibited antiviral activity without affecting cellular viability .", "Evidence Elements": {"Participant": [], "Intervention": [], "Outcome": [{"term": "antivirals", "negation": "affirmed", "UMLS": "", "start": 40, "end": 50}, {"term": "antiviral activity", "negation": "affirmed", "UMLS": "", "start": 66, "end": 84}, {"term": "cellular", "negation": "negated", "UMLS": "", "start": 103, "end": 111}]}, "Evidence Propositions": []}, {"Section": "RESULTS", "Text": "Valinomycin , a potassium ionophore , was among our top targets .", "Evidence Elements": {"Participant": [], "Intervention": [{"term": "Valinomycin", "negation": "affirmed", "UMLS": "", "start": 0, "end": 11}], "Outcome": []}, "Evidence Propositions": []}, {"Section": "RESULTS", "Text": "We found that valinomycin exhibited potent anti-LACV activity in multiple cell types in a dose-dependent manner .", "Evidence Elements": {"Participant": [], "Intervention": [{"term": "valinomycin", "negation": "affirmed", "UMLS": "", "start": 14, "end": 25}], "Outcome": [{"term": "anti-LACV activity", "negation": "affirmed", "UMLS": "", "start": 43, "end": 61}]}, "Evidence Propositions": []}, {"Section": "RESULTS", "Text": "Valinomycin did not affect particle stability or infectivity , suggesting that it may preclude virus replication by altering cellular potassium ions , a known determinant of LACV entry .", "Evidence Elements": {"Participant": [], "Intervention": [{"term": "Valinomycin", "negation": "affirmed", "UMLS": "", "start": 0, "end": 11}], "Outcome": [{"term": "particle stability", "negation": "negated", "UMLS": "", "start": 27, "end": 45}, {"term": "infectivity", "negation": "negated", "UMLS": "", "start": 49, "end": 60}, {"term": "virus replication", "negation": "negated", "UMLS": "", "start": 95, "end": 112}, {"term": "cellular potassium ions", "negation": "negated", "UMLS": "", "start": 125, "end": 148}]}, "Evidence Propositions": []}, {"Section": "RESULTS", "Text": "We extended these results to other ionophores and found that the antiviral activity of valinomycin extended to other viral families , including bunyaviruses ( Rift Valley fever virus , Keystone virus ) , enteroviruses ( coxsackievirus , rhinovirus ) , flavirivuses ( Zika virus ) , and coronaviruses ( human coronavirus 229E [ HCoV-229E ] and Middle East respiratory syndrome CoV [ MERS-CoV ] ) .", "Evidence Elements": {"Participant": [], "Intervention": [{"term": "valinomycin", "negation": "affirmed", "UMLS": "", "start": 87, "end": 98}], "Outcome": [{"term": "antiviral activity", "negation": "affirmed", "UMLS": "", "start": 65, "end": 83}]}, "Evidence Propositions": []}, {"Section": "RESULTS", "Text": "In all viral infections , we observed significant reductions in virus titer in valinomycin-treated cells .", "Evidence Elements": {"Participant": [], "Intervention": [{"term": "valinomycin-treated", "negation": "affirmed", "UMLS": "", "start": 79, "end": 98}], "Outcome": [{"term": "virus titer", "negation": "affirmed", "UMLS": "", "start": 64, "end": 75}]}, "Evidence Propositions": [{"Intervention": "valinomycin-treated", "Observation": "significant reductions", "Outcome": "virus titer", "Count": ""}]}, {"Section": "CONCLUSIONS", "Text": "In sum , we demonstrate the importance of potassium ions to virus infection , suggesting a potential therapeutic target to disrupt virus replication .", "Evidence Elements": {"Participant": [], "Intervention": [{"term": "potassium ions", "negation": "affirmed", "UMLS": "", "start": 42, "end": 56}], "Outcome": [{"term": "virus infection", "negation": "affirmed", "UMLS": "", "start": 60, "end": 75}]}, "Evidence Propositions": [{"Intervention": "potassium ions", "Observation": "importance", "Outcome": "virus infection", "Count": ""}]}]}