{"doc_id": "32281109", "type of study": "Therapy", "title": "", "abstract": "LINKED CONTENT  This article is linked to Tian et al and Tian and Rong papers.\nTo view these articles, visit https://doi.org/10.1111/apt.15731 and https://doi.org/10.1111/apt.15764.\n", "Evidence Map": {"Enrollment": [], "Comparison Results": [], "Study Arm 1 Results": [], "Study Arm 2 Results": []}, "Sentence-level breakdown": [{"Section": "TITLE", "Text": "LINKED CONTENT This article is linked to Tian et al and Tian and Rong papers .", "Evidence Elements": {"Participant": [], "Intervention": [], "Outcome": []}, "Evidence Propositions": []}, {"Section": "CONCLUSIONS", "Text": "To view these articles , visit https:/ / doi.org / 10.1111 / apt.15731 and https:/ / doi.org / 10.1111 / apt.15764 .", "Evidence Elements": {"Participant": [], "Intervention": [], "Outcome": []}, "Evidence Propositions": []}]}