{"doc_id": "32281331", "type of study": "Therapy", "title": "", "abstract": "To investigate the regularity of prescription and clinical syndromes by analyzing the diagnosis and treatment protocols of traditional Chinese medicine(TCM) for coronavirus disease 2019(COVID-19), so as to provide references for syndrome differentiation and relevant researches.\nThe diagnosis and treatment protocols of COVID-19 published by national and regional health authorities were searched, and information was extracted in regard to disease stages, type of syndromes, and prescriptions, etc.\nFrequency statistics and relative analysis were used to analyze the rule of syndrome differentiation and prescription with TCM, and further discussion on the pathogenesis and progress of the disease.\nA total of 26 diagnosis and treatment protocols of TCM for COVID-19 were retrieved after screening(including 1 national scheme and 25 regional ones), among which 16 contained aspects of both prevention and treatment, 7 only involved treatment contents and 3 were prevention schemes.\nThe courses of COVID-19 can be divided into early stage, middle stage, severe stage and recovery stage.\nThe pathogeny of COVID-19 in TCM is damp-toxin, with the core pathogenesis of damp-toxin retention in lung and Qi repression.\nIts pathological features can be summarized as &quot;damp, toxin, obstruction, deficiency&quot;. The location of the disease is lung, always involving spleen and stomach, and may further affect heart and kidney in severe cases.\nThe major treatments for each course are Fanghua Shizuo, Xuanfei Touxie(early stage); Qingre Jiedu, Xuanxie Feire(middle stage); Kaibi Gutuo, Huiyang Jiuni(severe stage); Qingjie Yure, Yiqi Yangyin(recovery stage).\nThere were many diagnosis and treatment protocols for COVID-19 have been published, which generally followed the national edition, through with certain personalities in different regional protocols.\nThere were common features with respect to the disease stage, syndrome differentiation, therapeutic principles and methods, as well as prescriptions; the treatment were generally carried out against the core pathogenesis and progress of the disease.\nAlong with the deepening recognition of COVID-19, the diagnosis and treatment protocols are still need further concretization and standardization.\nWe hope researchers and decision-makers can pay more attention to the treatment of Huayu Tongluo in severe and recovery period.\n", "Evidence Map": {"Enrollment": [{"term": "coronavirus disease 2019 ( COVID-19 )", "negation": "affirmed", "UMLS": "", "start": 164, "end": 201}, {"term": "COVID-19", "negation": "affirmed", "UMLS": "", "start": 41, "end": 49}, {"term": "TCM", "negation": "affirmed", "UMLS": "", "start": 51, "end": 54}, {"term": "COVID-19", "negation": "affirmed", "UMLS": "", "start": 59, "end": 67}, {"term": "TCM", "negation": "affirmed", "UMLS": "", "start": 29, "end": 32}], "Comparison Results": [], "Study Arm 1 Results": [], "Study Arm 2 Results": []}, "Sentence-level breakdown": [{"Section": "TITLE", "Text": "To investigate the regularity of prescription and clinical syndromes by analyzing the diagnosis and treatment protocols of traditional Chinese medicine ( TCM ) for coronavirus disease 2019 ( COVID-19 ) , so as to provide references for syndrome differentiation and relevant researches .", "Evidence Elements": {"Participant": [{"term": "coronavirus disease 2019 ( COVID-19 )", "negation": "affirmed", "UMLS": "", "start": 164, "end": 201}], "Intervention": [{"term": "traditional Chinese medicine ( TCM )", "negation": "affirmed", "UMLS": "", "start": 123, "end": 159}], "Outcome": [{"term": "regularity of prescription and clinical syndromes", "negation": "affirmed", "UMLS": "", "start": 19, "end": 68}, {"term": "diagnosis and treatment protocols", "negation": "affirmed", "UMLS": "", "start": 86, "end": 119}]}, "Evidence Propositions": []}, {"Section": "METHODS", "Text": "The diagnosis and treatment protocols of COVID-19 published by national and regional health authorities were searched , and information was extracted in regard to disease stages , type of syndromes , and prescriptions , etc .", "Evidence Elements": {"Participant": [{"term": "COVID-19", "negation": "affirmed", "UMLS": "", "start": 41, "end": 49}], "Intervention": [], "Outcome": []}, "Evidence Propositions": []}, {"Section": "METHODS", "Text": "Frequency statistics and relative analysis were used to analyze the rule of syndrome differentiation and prescription with TCM , and further discussion on the pathogenesis and progress of the disease .", "Evidence Elements": {"Participant": [], "Intervention": [{"term": "TCM", "negation": "affirmed", "UMLS": "", "start": 123, "end": 126}], "Outcome": [{"term": "rule of syndrome differentiation", "negation": "affirmed", "UMLS": "", "start": 68, "end": 100}, {"term": "pathogenesis", "negation": "affirmed", "UMLS": "", "start": 159, "end": 171}]}, "Evidence Propositions": []}, {"Section": "RESULTS", "Text": "A total of 26 diagnosis and treatment protocols of TCM for COVID-19 were retrieved after screening ( including 1 national scheme and 25 regional ones ) , among which 16 contained aspects of both prevention and treatment , 7 only involved treatment contents and 3 were prevention schemes .", "Evidence Elements": {"Participant": [{"term": "TCM", "negation": "affirmed", "UMLS": "", "start": 51, "end": 54}, {"term": "COVID-19", "negation": "affirmed", "UMLS": "", "start": 59, "end": 67}], "Intervention": [], "Outcome": []}, "Evidence Propositions": []}, {"Section": "RESULTS", "Text": "The courses of COVID-19 can be divided into early stage , middle stage , severe stage and recovery stage .", "Evidence Elements": {"Participant": [], "Intervention": [], "Outcome": []}, "Evidence Propositions": []}, {"Section": "RESULTS", "Text": "The pathogeny of COVID-19 in TCM is damp-toxin , with the core pathogenesis of damp-toxin retention in lung and Qi repression .", "Evidence Elements": {"Participant": [{"term": "TCM", "negation": "affirmed", "UMLS": "", "start": 29, "end": 32}], "Intervention": [], "Outcome": []}, "Evidence Propositions": []}, {"Section": "RESULTS", "Text": "Its pathological features can be summarized as & quot ; damp , toxin , obstruction , deficiency & quot ; . The location of the disease is lung , always involving spleen and stomach , and may further affect heart and kidney in severe cases .", "Evidence Elements": {"Participant": [], "Intervention": [], "Outcome": []}, "Evidence Propositions": []}, {"Section": "RESULTS", "Text": "The major treatments for each course are Fanghua Shizuo , Xuanfei Touxie ( early stage ) ; Qingre Jiedu , Xuanxie Feire ( middle stage ) ; Kaibi Gutuo , Huiyang Jiuni ( severe stage ) ; Qingjie Yure , Yiqi Yangyin ( recovery stage ) .", "Evidence Elements": {"Participant": [], "Intervention": [{"term": "Fanghua Shizuo", "negation": "affirmed", "UMLS": "", "start": 41, "end": 55}, {"term": "Xuanfei Touxie", "negation": "affirmed", "UMLS": "", "start": 58, "end": 72}, {"term": "Xuanxie Feire", "negation": "affirmed", "UMLS": "", "start": 106, "end": 119}], "Outcome": []}, "Evidence Propositions": []}, {"Section": "RESULTS", "Text": "There were many diagnosis and treatment protocols for COVID-19 have been published , which generally followed the national edition , through with certain personalities in different regional protocols .", "Evidence Elements": {"Participant": [], "Intervention": [], "Outcome": []}, "Evidence Propositions": []}, {"Section": "RESULTS", "Text": "There were common features with respect to the disease stage , syndrome differentiation , therapeutic principles and methods , as well as prescriptions ; the treatment were generally carried out against the core pathogenesis and progress of the disease .", "Evidence Elements": {"Participant": [], "Intervention": [], "Outcome": []}, "Evidence Propositions": []}, {"Section": "CONCLUSIONS", "Text": "Along with the deepening recognition of COVID-19 , the diagnosis and treatment protocols are still need further concretization and standardization .", "Evidence Elements": {"Participant": [], "Intervention": [], "Outcome": []}, "Evidence Propositions": []}, {"Section": "CONCLUSIONS", "Text": "We hope researchers and decision-makers can pay more attention to the treatment of Huayu Tongluo in severe and recovery period .", "Evidence Elements": {"Participant": [], "Intervention": [], "Outcome": []}, "Evidence Propositions": []}]}