{"doc_id": "32281330", "type of study": "Therapy", "title": "", "abstract": "To analyze the registered clinical trial protocols of traditional Chinese medicine(TCM) for the prevention and treatment of coronavirus disease 2019(COVID-19), in order to provide information for improving the quality of research design.\nThe website of the Chinese Clinical Trial Registry(www.chictr.org.cn) and the American Clinical Trial Registry(clinicaltrials.gov) were searched to collect protocols of TCM for COVID-19.\nDocuments were screened following the inclusion criteria, and data were extracted in regard to registration date, study objective, type of design, sponsor, patient, sample size, intervention, and evaluation index.\nDescriptive analysis was conducted.\nA total of 49 clinical trial protocols of TCM for COVID-19 were included.\nPrimary sponsors were mainly hospitals or universities in places like Hubei, Beijing, Zhejiang and other regions.\nThe implementation units are mainly in Hubei, Guangdong, Zhejiang, Henan and other regional hospitals.\nThe types of study design were mainly experimental studies(40), including 30 randomized parallel controlled trials, 7 non-randomized controlled trials, 2 single arm trials and 1 consecutively recruited trial; besides, there were also 6 observational studies, 2 health service studies and 1 preventive study.\nThe sample size reached a total of 30 562 cases, with a maximum of 20 000 for a single study and a minimum of 30.\nThe 49 trials subjects included healthy people(3), isolation and observation cases(1), suspected cases(10),confirmed COVID-19 patients(31) and COVID-19 recovery patients(4).\nOf the 31 trials planned to include confirmed COVID-19 patients, 16 protocols no definite disease classification, 3 with a clear exclusion of severe subjects, 4 with common subjects, 2 with light, common or severe subjects, 1 with light and common subjects, 1 with common or severe subjects, 3 with severe subjects, and 1 with severe or critical subjects.\nThe experimental interventions included Chinese patent medicine(Lianhua Qingwen Capsules/Granules, Huoxiang Zhengqi Dropping Pills/Oral Liquid, Babao Dan, Gubiao Jiedu Ling, Jinhao Jiere Granules, Compound Yu-xingcao Mixture, Jinye Baidu Granules, Shufeng Jiedu Capsuless, Shuanghuanglian Oral Liquid, Tanreqing Injection, Xuebijing Injection, Reduning Injection, Xiyanping Injection), Chinese medicinal decoction and taichi.\nThe primary evaluation outcomes mainly included antipyretic time, clinical symptom relief, novel coronavirus nucleic acid turning to negative, conversion rate of severe cases and chest CT.\nThere was a quick response of clinical research on the prevention and treatment of COVID-19 with TCM, with the current registered protocols covers the whole process of disease prevention, treatment and rehabilitation.\nHowever, issues need to be concerned, including unclear definition of patient's condition, unclear research objectives, unclear intervention process and inappropriate outcomes, etc.\nIn addition, researchers should consider the actual difficulties and workload of doctors in epidemic response environment, and make effort to optimize the process and improve the operability of research protocols under the principle of medical ethics.\n", "Evidence Map": {"Enrollment": [{"term": "coronavirus disease 2019 ( COVID-19 )", "negation": "affirmed", "UMLS": "", "start": 127, "end": 164}, {"term": "COVID-19", "negation": "affirmed", "UMLS": "", "start": 50, "end": 58}, {"term": "healthy people", "negation": "affirmed", "UMLS": "", "start": 32, "end": 46}, {"term": "isolation and observation cases", "negation": "affirmed", "UMLS": "", "start": 55, "end": 86}, {"term": "COVID-19", "negation": "affirmed", "UMLS": "", "start": 46, "end": 54}], "Comparison Results": [], "Study Arm 1 Results": [], "Study Arm 2 Results": []}, "Sentence-level breakdown": [{"Section": "TITLE", "Text": "To analyze the registered clinical trial protocols of traditional Chinese medicine ( TCM ) for the prevention and treatment of coronavirus disease 2019 ( COVID-19 ) , in order to provide information for improving the quality of research design .", "Evidence Elements": {"Participant": [{"term": "coronavirus disease 2019 ( COVID-19 )", "negation": "affirmed", "UMLS": "", "start": 127, "end": 164}], "Intervention": [{"term": "traditional Chinese medicine ( TCM )", "negation": "affirmed", "UMLS": "", "start": 54, "end": 90}], "Outcome": []}, "Evidence Propositions": []}, {"Section": "METHODS", "Text": "The website of the Chinese Clinical Trial Registry ( www . chictr.org.cn ) and the American Clinical Trial Registry ( clinicaltrials.gov ) were searched to collect protocols of TCM for COVID-19 .", "Evidence Elements": {"Participant": [], "Intervention": [], "Outcome": []}, "Evidence Propositions": []}, {"Section": "METHODS", "Text": "Documents were screened following the inclusion criteria , and data were extracted in regard to registration date , study objective , type of design , sponsor , patient , sample size , intervention , and evaluation index .", "Evidence Elements": {"Participant": [], "Intervention": [], "Outcome": []}, "Evidence Propositions": []}, {"Section": "METHODS", "Text": "Descriptive analysis was conducted .", "Evidence Elements": {"Participant": [], "Intervention": [], "Outcome": []}, "Evidence Propositions": []}, {"Section": "METHODS", "Text": "A total of 49 clinical trial protocols of TCM for COVID-19 were included .", "Evidence Elements": {"Participant": [{"term": "COVID-19", "negation": "affirmed", "UMLS": "", "start": 50, "end": 58}], "Intervention": [{"term": "TCM", "negation": "affirmed", "UMLS": "", "start": 42, "end": 45}], "Outcome": []}, "Evidence Propositions": []}, {"Section": "METHODS", "Text": "Primary sponsors were mainly hospitals or universities in places like Hubei , Beijing , Zhejiang and other regions .", "Evidence Elements": {"Participant": [], "Intervention": [], "Outcome": []}, "Evidence Propositions": []}, {"Section": "METHODS", "Text": "The implementation units are mainly in Hubei , Guangdong , Zhejiang , Henan and other regional hospitals .", "Evidence Elements": {"Participant": [], "Intervention": [], "Outcome": []}, "Evidence Propositions": []}, {"Section": "METHODS", "Text": "The types of study design were mainly experimental studies ( 40 ) , including 30 randomized parallel controlled trials , 7 non-randomized controlled trials , 2 single arm trials and 1 consecutively recruited trial ; besides , there were also 6 observational studies , 2 health service studies and 1 preventive study .", "Evidence Elements": {"Participant": [], "Intervention": [], "Outcome": []}, "Evidence Propositions": []}, {"Section": "METHODS", "Text": "The sample size reached a total of 30 562 cases , with a maximum of 20 000 for a single study and a minimum of 30 .", "Evidence Elements": {"Participant": [], "Intervention": [], "Outcome": []}, "Evidence Propositions": []}, {"Section": "METHODS", "Text": "The 49 trials subjects included healthy people ( 3 ) , isolation and observation cases ( 1 ) , suspected cases ( 10 ) , confirmed COVID-19 patients ( 31 ) and COVID-19 recovery patients ( 4 ) .", "Evidence Elements": {"Participant": [{"term": "healthy people", "negation": "affirmed", "UMLS": "", "start": 32, "end": 46}, {"term": "isolation and observation cases", "negation": "affirmed", "UMLS": "", "start": 55, "end": 86}], "Intervention": [], "Outcome": []}, "Evidence Propositions": []}, {"Section": "METHODS", "Text": "Of the 31 trials planned to include confirmed COVID-19 patients , 16 protocols no definite disease classification , 3 with a clear exclusion of severe subjects , 4 with common subjects , 2 with light , common or severe subjects , 1 with light and common subjects , 1 with common or severe subjects , 3 with severe subjects , and 1 with severe or critical subjects .", "Evidence Elements": {"Participant": [{"term": "COVID-19", "negation": "affirmed", "UMLS": "", "start": 46, "end": 54}], "Intervention": [{"term": "light and common", "negation": "negated", "UMLS": "", "start": 237, "end": 253}, {"term": "common", "negation": "negated", "UMLS": "", "start": 169, "end": 175}], "Outcome": []}, "Evidence Propositions": []}, {"Section": "METHODS", "Text": "The experimental interventions included Chinese patent medicine ( Lianhua Qingwen Capsules / Granules , Huoxiang Zhengqi Dropping Pills / Oral Liquid , Babao Dan , Gubiao Jiedu Ling , Jinhao Jiere Granules , Compound Yu-xingcao Mixture , Jinye Baidu Granules , Shufeng Jiedu Capsuless , Shuanghuanglian Oral Liquid , Tanreqing Injection , Xuebijing Injection , Reduning Injection , Xiyanping Injection ) , Chinese medicinal decoction and taichi .", "Evidence Elements": {"Participant": [], "Intervention": [{"term": "Chinese patent medicine", "negation": "affirmed", "UMLS": "", "start": 40, "end": 63}, {"term": "Oral Liquid", "negation": "affirmed", "UMLS": "", "start": 138, "end": 149}, {"term": "Babao Dan", "negation": "affirmed", "UMLS": "", "start": 152, "end": 161}, {"term": "Gubiao Jiedu Ling", "negation": "affirmed", "UMLS": "", "start": 164, "end": 181}, {"term": "Jinhao Jiere Granules", "negation": "affirmed", "UMLS": "", "start": 184, "end": 205}, {"term": "Compound Yu-xingcao Mixture", "negation": "affirmed", "UMLS": "", "start": 208, "end": 235}, {"term": "Jinye Baidu Granules", "negation": "affirmed", "UMLS": "", "start": 238, "end": 258}, {"term": "Shufeng Jiedu Capsuless", "negation": "affirmed", "UMLS": "", "start": 261, "end": 284}, {"term": "Shuanghuanglian Oral Liquid", "negation": "affirmed", "UMLS": "", "start": 287, "end": 314}, {"term": "Tanreqing Injection", "negation": "affirmed", "UMLS": "", "start": 317, "end": 336}], "Outcome": []}, "Evidence Propositions": []}, {"Section": "METHODS", "Text": "The primary evaluation outcomes mainly included antipyretic time , clinical symptom relief , novel coronavirus nucleic acid turning to negative , conversion rate of severe cases and chest CT .", "Evidence Elements": {"Participant": [], "Intervention": [], "Outcome": [{"term": "antipyretic time", "negation": "affirmed", "UMLS": "", "start": 48, "end": 64}, {"term": "clinical symptom relief", "negation": "affirmed", "UMLS": "", "start": 67, "end": 90}, {"term": "novel coronavirus nucleic acid turning to negative", "negation": "affirmed", "UMLS": "", "start": 93, "end": 143}, {"term": "conversion rate of severe cases", "negation": "affirmed", "UMLS": "", "start": 146, "end": 177}]}, "Evidence Propositions": []}, {"Section": "RESULTS", "Text": "There was a quick response of clinical research on the prevention and treatment of COVID-19 with TCM , with the current registered protocols covers the whole process of disease prevention , treatment and rehabilitation .", "Evidence Elements": {"Participant": [], "Intervention": [], "Outcome": []}, "Evidence Propositions": []}, {"Section": "CONCLUSIONS", "Text": "However , issues need to be concerned , including unclear definition of patient 's condition , unclear research objectives , unclear intervention process and inappropriate outcomes , etc .", "Evidence Elements": {"Participant": [], "Intervention": [], "Outcome": []}, "Evidence Propositions": []}, {"Section": "CONCLUSIONS", "Text": "In addition , researchers should consider the actual difficulties and workload of doctors in epidemic response environment , and make effort to optimize the process and improve the operability of research protocols under the principle of medical ethics .", "Evidence Elements": {"Participant": [], "Intervention": [], "Outcome": []}, "Evidence Propositions": []}]}