{"doc_id": "32283711", "type of study": "Therapy", "title": "", "abstract": "In December 2019, a novel coronavirus (SARS-CoV-2) was identified in COVID-19 patients in Wuhan, Hubei Province, China.\nSARS-CoV-2 shares both high sequence similarity and the use of the same cell entry receptor, angiotensin-converting enzyme 2 (ACE2), with severe acute respiratory syndrome coronavirus (SARS-CoV).\nSeveral studies have provided bioinformatic evidence of potential routes of SARS-CoV-2 infection in respiratory, cardiovascular, digestive and urinary systems.\nHowever, whether the reproductive system is a potential target of SARS-CoV-2 infection has not yet been determined.\nHere, we investigate the expression pattern of ACE2 in adult human testes at the level of single-cell transcriptomes.\nThe results indicate that ACE2 is predominantly enriched in spermatogonia and Leydig and Sertoli cells.\nGene Set Enrichment Analysis (GSEA) indicates that Gene Ontology (GO) categories associated with viral reproduction and transmission are highly enriched in ACE2-positive spermatogonia, while male gamete generation related terms are downregulated.\nCell-cell junction and immunity-related GO terms are increased in ACE2-positive Leydig and Sertoli cells, but mitochondria and reproduction-related GO terms are decreased.\nThese findings provide evidence that the human testis is a potential target of SARS-CoV-2 infection, which may have significant impact on our understanding of the pathophysiology of this rapidly spreading disease.\n", "Evidence Map": {"Enrollment": [{"term": "adult human testes", "negation": "affirmed", "UMLS": "", "start": 56, "end": 74}, {"term": "spermatogonia", "negation": "affirmed", "UMLS": "", "start": 60, "end": 73}, {"term": "ACE2-positive spermatogonia", "negation": "affirmed", "UMLS": "", "start": 160, "end": 187}], "Comparison Results": [], "Study Arm 1 Results": [], "Study Arm 2 Results": []}, "Sentence-level breakdown": [{"Section": "TITLE", "Text": "In December 2019 , a novel coronavirus ( SARS-CoV-2 ) was identified in COVID-19 patients in Wuhan , Hubei Province , China .", "Evidence Elements": {"Participant": [], "Intervention": [{"term": "SARS-CoV-2 )", "negation": "affirmed", "UMLS": "", "start": 41, "end": 53}], "Outcome": []}, "Evidence Propositions": []}, {"Section": "BACKGROUND", "Text": "SARS-CoV-2 shares both high sequence similarity and the use of the same cell entry receptor , angiotensin-converting enzyme 2 ( ACE2 ) , with severe acute respiratory syndrome coronavirus ( SARS-CoV ) .", "Evidence Elements": {"Participant": [], "Intervention": [], "Outcome": []}, "Evidence Propositions": []}, {"Section": "BACKGROUND", "Text": "Several studies have provided bioinformatic evidence of potential routes of SARS-CoV-2 infection in respiratory , cardiovascular , digestive and urinary systems .", "Evidence Elements": {"Participant": [], "Intervention": [], "Outcome": []}, "Evidence Propositions": []}, {"Section": "BACKGROUND", "Text": "However , whether the reproductive system is a potential target of SARS-CoV-2 infection has not yet been determined .", "Evidence Elements": {"Participant": [], "Intervention": [], "Outcome": []}, "Evidence Propositions": []}, {"Section": "RESULTS", "Text": "Here , we investigate the expression pattern of ACE2 in adult human testes at the level of single-cell transcriptomes .", "Evidence Elements": {"Participant": [{"term": "adult human testes", "negation": "affirmed", "UMLS": "", "start": 56, "end": 74}], "Intervention": [{"term": "ACE2", "negation": "affirmed", "UMLS": "", "start": 48, "end": 52}], "Outcome": [{"term": "expression pattern", "negation": "affirmed", "UMLS": "", "start": 26, "end": 44}]}, "Evidence Propositions": []}, {"Section": "RESULTS", "Text": "The results indicate that ACE2 is predominantly enriched in spermatogonia and Leydig and Sertoli cells .", "Evidence Elements": {"Participant": [{"term": "spermatogonia", "negation": "affirmed", "UMLS": "", "start": 60, "end": 73}], "Intervention": [], "Outcome": [{"term": "ACE2", "negation": "affirmed", "UMLS": "", "start": 26, "end": 30}]}, "Evidence Propositions": []}, {"Section": "RESULTS", "Text": "Gene Set Enrichment Analysis ( GSEA ) indicates that Gene Ontology ( GO ) categories associated with viral reproduction and transmission are highly enriched in ACE2-positive spermatogonia , while male gamete generation related terms are downregulated .", "Evidence Elements": {"Participant": [{"term": "ACE2-positive spermatogonia", "negation": "affirmed", "UMLS": "", "start": 160, "end": 187}], "Intervention": [], "Outcome": [{"term": "Gene Ontology ( GO ) categories associated with viral reproduction and transmission", "negation": "affirmed", "UMLS": "", "start": 53, "end": 136}, {"term": "male gamete", "negation": "affirmed", "UMLS": "", "start": 196, "end": 207}]}, "Evidence Propositions": []}, {"Section": "RESULTS", "Text": "Cell-cell junction and immunity-related GO terms are increased in ACE2-positive Leydig and Sertoli cells , but mitochondria and reproduction-related GO terms are decreased .", "Evidence Elements": {"Participant": [], "Intervention": [{"term": "ACE2-positive Leydig", "negation": "affirmed", "UMLS": "", "start": 66, "end": 86}, {"term": "Sertoli", "negation": "affirmed", "UMLS": "", "start": 91, "end": 98}], "Outcome": [{"term": "Cell-cell junction", "negation": "affirmed", "UMLS": "", "start": 0, "end": 18}, {"term": "immunity-related GO terms", "negation": "affirmed", "UMLS": "", "start": 23, "end": 48}, {"term": "mitochondria", "negation": "affirmed", "UMLS": "", "start": 111, "end": 123}, {"term": "reproduction-related GO terms", "negation": "affirmed", "UMLS": "", "start": 128, "end": 157}]}, "Evidence Propositions": [{"Intervention": "ACE2-positive Leydig", "Observation": "increased", "Outcome": "Cell-cell junction", "Count": ""}, {"Intervention": "ACE2-positive Leydig", "Observation": "increased", "Outcome": "immunity-related GO terms", "Count": ""}, {"Intervention": "Sertoli", "Observation": "increased", "Outcome": "Cell-cell junction", "Count": ""}, {"Intervention": "Sertoli", "Observation": "increased", "Outcome": "immunity-related GO terms", "Count": ""}]}, {"Section": "CONCLUSIONS", "Text": "These findings provide evidence that the human testis is a potential target of SARS-CoV-2 infection , which may have significant impact on our understanding of the pathophysiology of this rapidly spreading disease .", "Evidence Elements": {"Participant": [], "Intervention": [], "Outcome": []}, "Evidence Propositions": []}]}