{"doc_id": "32281317", "type of study": "Therapy", "title": "", "abstract": "Coronavirus disease 2019 (COVID-19) caused by severe acute respiratory syndrome coronavirus-2 not yet has established its treatment, but convalescent plasma has been expected to increase survival rates as in the case with other emerging viral infections.\nWe describe two cases of COVID-19 treated with convalescent plasma infusion.\nBoth patients presented severe pneumonia with acute respiratory distress syndrome and showed a favorable outcome after the use of convalescent plasma in addition to systemic corticosteroid.\nTo our knowledge, this is the first report of the use of convalescent plasma therapy for COVID-19 in Korea.\n", "Evidence Map": {"Enrollment": [{"term": "COVID-19", "negation": "affirmed", "UMLS": "", "start": 25, "end": 33}, {"term": "severe pneumonia", "negation": "affirmed", "UMLS": "", "start": 24, "end": 40}, {"term": "acute respiratory distress syndrome", "negation": "affirmed", "UMLS": "", "start": 46, "end": 81}, {"term": "COVID-19", "negation": "affirmed", "UMLS": "", "start": 90, "end": 98}], "Comparison Results": [], "Study Arm 1 Results": [], "Study Arm 2 Results": []}, "Sentence-level breakdown": [{"Section": "TITLE", "Text": "Coronavirus disease 2019 ( COVID-19 ) caused by severe acute respiratory syndrome coronavirus-2 not yet has established its treatment , but convalescent plasma has been expected to increase survival rates as in the case with other emerging viral infections .", "Evidence Elements": {"Participant": [], "Intervention": [], "Outcome": []}, "Evidence Propositions": []}, {"Section": "RESULTS", "Text": "We describe two cases of COVID-19 treated with convalescent plasma infusion .", "Evidence Elements": {"Participant": [{"term": "COVID-19", "negation": "affirmed", "UMLS": "", "start": 25, "end": 33}], "Intervention": [{"term": "convalescent plasma infusion", "negation": "affirmed", "UMLS": "", "start": 47, "end": 75}], "Outcome": []}, "Evidence Propositions": []}, {"Section": "RESULTS", "Text": "Both patients presented severe pneumonia with acute respiratory distress syndrome and showed a favorable outcome after the use of convalescent plasma in addition to systemic corticosteroid .", "Evidence Elements": {"Participant": [{"term": "severe pneumonia", "negation": "affirmed", "UMLS": "", "start": 24, "end": 40}, {"term": "acute respiratory distress syndrome", "negation": "affirmed", "UMLS": "", "start": 46, "end": 81}], "Intervention": [{"term": "convalescent plasma in addition to systemic corticosteroid", "negation": "affirmed", "UMLS": "", "start": 130, "end": 188}], "Outcome": [{"term": "outcome", "negation": "affirmed", "UMLS": "", "start": 105, "end": 112}]}, "Evidence Propositions": []}, {"Section": "CONCLUSIONS", "Text": "To our knowledge , this is the first report of the use of convalescent plasma therapy for COVID-19 in Korea .", "Evidence Elements": {"Participant": [{"term": "COVID-19", "negation": "affirmed", "UMLS": "", "start": 90, "end": 98}], "Intervention": [{"term": "convalescent plasma therapy", "negation": "affirmed", "UMLS": "", "start": 58, "end": 85}], "Outcome": []}, "Evidence Propositions": []}]}