{"doc_id": "31981224", "type of study": "Therapy", "title": "", "abstract": "Coronaviruses (CoVs) are by far the largest group of known positive-sense RNA viruses having an extensive range of natural hosts.\nIn the past few decades, newly evolved Coronaviruses have posed a global threat to public health.\nThe immune response is essential to control and eliminate CoV infections, however, maladjusted immune responses may result in immunopathology and impaired pulmonary gas exchange.\nGaining a deeper understanding of the interaction between Coronaviruses and the innate immune systems of the hosts may shed light on the development and persistence of inflammation in the lungs and hopefully can reduce the risk of lung inflammation caused by CoVs.\nIn this review, we provide an update on CoV infections and relevant diseases, particularly the host defense against CoV-induced inflammation of lung tissue, as well as the role of the innate immune system in the pathogenesis and clinical treatment.\nThis highlights the importance of immune responses under coronavirus infection and improve the understanding of the features of CoV-induced inflammatory response.\n", "Evidence Map": {"Enrollment": [], "Comparison Results": [], "Study Arm 1 Results": [], "Study Arm 2 Results": []}, "Sentence-level breakdown": [{"Section": "TITLE", "Text": "Coronaviruses ( CoVs ) are by far the largest group of known positive-sense RNA viruses having an extensive range of natural hosts .", "Evidence Elements": {"Participant": [], "Intervention": [], "Outcome": []}, "Evidence Propositions": []}, {"Section": "CONCLUSIONS", "Text": "In this review , we provide an update on CoV infections and relevant diseases , particularly the host defense against CoV-induced inflammation of lung tissue , as well as the role of the innate immune system in the pathogenesis and clinical treatment .", "Evidence Elements": {"Participant": [], "Intervention": [{"term": "CoV infections", "negation": "affirmed", "UMLS": "", "start": 41, "end": 55}], "Outcome": [{"term": "host defense against CoV-induced inflammation of lung tissue", "negation": "affirmed", "UMLS": "", "start": 97, "end": 157}, {"term": "immune system", "negation": "affirmed", "UMLS": "", "start": 194, "end": 207}]}, "Evidence Propositions": []}, {"Section": "CONCLUSIONS", "Text": "This highlights the importance of immune responses under coronavirus infection and improve the understanding of the features of CoV-induced inflammatory response .", "Evidence Elements": {"Participant": [], "Intervention": [], "Outcome": []}, "Evidence Propositions": []}]}