{"doc_id": "32015560", "type of study": "Therapy", "title": "", "abstract": "As the outbreak of a deadly new coronavirus in China and its rapid spread is rattling countries, only the collective international experience and advances derived from past outbreaks can accelerate its control.\n", "Evidence Map": {"Enrollment": [], "Comparison Results": [], "Study Arm 1 Results": [], "Study Arm 2 Results": []}, "Sentence-level breakdown": [{"Section": "TITLE", "Text": "As the outbreak of a deadly new coronavirus in China and its rapid spread is rattling countries , only the collective international experience and advances derived from past outbreaks can accelerate its control .", "Evidence Elements": {"Participant": [], "Intervention": [], "Outcome": []}, "Evidence Propositions": []}]}