{"doc_id": "32017984", "type of study": "Therapy", "title": "", "abstract": "On 10 January 2020, a new coronavirus causing a pneumonia outbreak in Wuhan City in central China was denoted as 2019-nCoV by the World Health Organization (WHO).\nAs of 24 January 2020, there were 887 confirmed cases of 2019-nCoV infection, including 26 deaths, reported in China and other countries.\nTherefore, combating this new virus and stopping the epidemic is a matter of urgency.\nHere, we focus on advances in research and development of fast diagnosis methods, as well as potential prophylactics and therapeutics to prevent or treat 2019-nCoV infection.\n", "Evidence Map": {"Enrollment": [], "Comparison Results": [], "Study Arm 1 Results": [], "Study Arm 2 Results": []}, "Sentence-level breakdown": [{"Section": "TITLE", "Text": "On 10 January 2020 , a new coronavirus causing a pneumonia outbreak in Wuhan City in central China was denoted as 2019-nCoV by the World Health Organization ( WHO ) .", "Evidence Elements": {"Participant": [], "Intervention": [], "Outcome": []}, "Evidence Propositions": []}, {"Section": "RESULTS", "Text": "As of 24 January 2020 , there were 887 confirmed cases of 2019-nCoV infection , including 26 deaths , reported in China and other countries .", "Evidence Elements": {"Participant": [], "Intervention": [], "Outcome": [{"term": "confirmed cases", "negation": "affirmed", "UMLS": "", "start": 39, "end": 54}, {"term": "2019-nCoV infection", "negation": "affirmed", "UMLS": "", "start": 58, "end": 77}, {"term": "deaths", "negation": "affirmed", "UMLS": "", "start": 93, "end": 99}]}, "Evidence Propositions": []}, {"Section": "CONCLUSIONS", "Text": "Therefore , combating this new virus and stopping the epidemic is a matter of urgency .", "Evidence Elements": {"Participant": [], "Intervention": [], "Outcome": []}, "Evidence Propositions": []}, {"Section": "CONCLUSIONS", "Text": "Here , we focus on advances in research and development of fast diagnosis methods , as well as potential prophylactics and therapeutics to prevent or treat 2019-nCoV infection .", "Evidence Elements": {"Participant": [], "Intervention": [], "Outcome": []}, "Evidence Propositions": []}]}