{"doc_id": "32023685", "type of study": "Therapy", "title": "", "abstract": "The recent outbreak of respiratory illness in Wuhan, China is caused by a novel coronavirus, named 2019-nCoV, which is genetically close to a bat-derived coronavirus.\n2019-nCoV is categorized as beta genus coronavirus, same as the two other strains - severe acute respiratory syndrome coronavirus (SARS-CoV) and Middle East respiratory syndrome coronavirus (MERS-CoV).\nAntiviral drugs commonly used in clinical practice, including neuraminidase inhibitors (oseltamivir, paramivir, zanamivir, etc.), ganciclovir, acyclovir and ribavirin, are invalid for 2019-nCoV and not recommended.\nDrugs are possibly effective for 2019-nCoV include: remdesivir, lopinavir / ritonavir, lopinavir / ritonavir combined with interferon-beta, convalescent plasma, and monoclonal antibodies.\nBut the efficacy and safety of these drugs for 2019-nCoV pneumonia patients need to be assessed by further clinical trials.\n", "Evidence Map": {"Enrollment": [{"term": "2019-nCoV", "negation": "affirmed", "UMLS": "", "start": 33, "end": 42}], "Comparison Results": [], "Study Arm 1 Results": [], "Study Arm 2 Results": []}, "Sentence-level breakdown": [{"Section": "TITLE", "Text": "The recent outbreak of respiratory illness in Wuhan , China is caused by a novel coronavirus , named 2019-nCoV , which is genetically close to a bat-derived coronavirus .", "Evidence Elements": {"Participant": [], "Intervention": [], "Outcome": []}, "Evidence Propositions": []}, {"Section": "RESULTS", "Text": "2019-nCoV is categorized as beta genus coronavirus , same as the two other strains-severe acute respiratory syndrome coronavirus ( SARS-CoV ) and Middle East respiratory syndrome coronavirus ( MERS-CoV ) .", "Evidence Elements": {"Participant": [], "Intervention": [], "Outcome": []}, "Evidence Propositions": []}, {"Section": "RESULTS", "Text": "Antiviral drugs commonly used in clinical practice , including neuraminidase inhibitors ( oseltamivir , paramivir , zanamivir , etc . ) , ganciclovir , acyclovir and ribavirin , are invalid for 2019-nCoV and not recommended .", "Evidence Elements": {"Participant": [], "Intervention": [], "Outcome": []}, "Evidence Propositions": []}, {"Section": "CONCLUSIONS", "Text": "Drugs are possibly effective for 2019-nCoV include : remdesivir , lopinavir / ritonavir , lopinavir / ritonavir combined with interferon-beta , convalescent plasma , and monoclonal antibodies .", "Evidence Elements": {"Participant": [{"term": "2019-nCoV", "negation": "affirmed", "UMLS": "", "start": 33, "end": 42}], "Intervention": [{"term": "remdesivir", "negation": "affirmed", "UMLS": "", "start": 53, "end": 63}, {"term": "ritonavir", "negation": "affirmed", "UMLS": "", "start": 78, "end": 87}, {"term": "ritonavir combined with interferon-beta", "negation": "affirmed", "UMLS": "", "start": 102, "end": 141}, {"term": "convalescent", "negation": "affirmed", "UMLS": "", "start": 144, "end": 156}], "Outcome": []}, "Evidence Propositions": []}, {"Section": "CONCLUSIONS", "Text": "But the efficacy and safety of these drugs for 2019-nCoV pneumonia patients need to be assessed by further clinical trials .", "Evidence Elements": {"Participant": [], "Intervention": [], "Outcome": []}, "Evidence Propositions": []}]}