{"doc_id": "32023681", "type of study": "Therapy", "title": "", "abstract": "Since December 2019, China has been experiencing an outbreak of new infectious disease caused by 2019 novel coronavirus (2019-nCoV).\nThe clinical features include fever, coughing, shortness of breath, and inflammatory pulmonary infiltration revealed by X ray.\nChina rapidly identified 2019-nCoV-related pneumonia a statutory infectious disease.\nTo standardize the diagnosis and treatment of this new infectious disease, operational guidelines for the diagnosis and management of 2019-nCoV infection is accomplished by Peking Union Medical College Hospital.\n", "Evidence Map": {"Enrollment": [{"term": "fever", "negation": "affirmed", "UMLS": "", "start": 30, "end": 35}, {"term": "coughing", "negation": "affirmed", "UMLS": "", "start": 38, "end": 46}, {"term": "shortness of breath", "negation": "affirmed", "UMLS": "", "start": 49, "end": 68}, {"term": "inflammatory pulmonary infiltration", "negation": "affirmed", "UMLS": "", "start": 75, "end": 110}], "Comparison Results": [], "Study Arm 1 Results": [], "Study Arm 2 Results": []}, "Sentence-level breakdown": [{"Section": "TITLE", "Text": "Since December 2019 , China has been experiencing an outbreak of new infectious disease caused by 2019 novel coronavirus ( 2019-nCoV ) .", "Evidence Elements": {"Participant": [], "Intervention": [], "Outcome": []}, "Evidence Propositions": []}, {"Section": "OBJECTIVE", "Text": "To standardize the diagnosis and treatment of this new infectious disease , operational guidelines for the diagnosis and management of 2019-nCoV infection is accomplished by Peking Union Medical College Hospital .", "Evidence Elements": {"Participant": [], "Intervention": [], "Outcome": []}, "Evidence Propositions": []}]}