{"doc_id": "32023682", "type of study": "Therapy", "title": "", "abstract": "The outbreak of pneumonia caused by the novel coronavirus 2019-nCoV in Wuhan, Hubei province of China, at the end of 2019 shaped tremendous challenges to China's public health and clinical treatment.\nThe virus belongs to the beta genus Coronavirus in the family Corornaviridae, and is closely related to SARS-CoV and MERS-CoV, causing severe symptoms of pneumonia.\nThe virus is transmitted through droplets, close contact, and other means, and patients in the incubation period could potentially transmit the virus to other persons.\nAccording to current observations, 2019-nCoV is weaker than SARS in pathogenesis, but has stronger transmission competence; it's mechanism of cross-species spread might be related with angiotensin-converting enzyme II (ACE2), which is consistent with the receptor SARS-CoV. After the outbreak of this disease, Chinese scientists invested a lot of energy to carry out research by developing rapid diagnostic reagents, identifying the characters of the pathogen, screening out clinical drugs that may inhibit the virus, and are rapidly developing vaccines.\nThe emergence of 2019-nCoV reminds us once again of the importance of establishing a systematic coronavirus surveillance network.\nIt also poses new challenges to prevention and control of the emerging epidemic and rapidly responses on scientific research.\n", "Evidence Map": {"Enrollment": [], "Comparison Results": [], "Study Arm 1 Results": [], "Study Arm 2 Results": []}, "Sentence-level breakdown": [{"Section": "TITLE", "Text": "The outbreak of pneumonia caused by the novel coronavirus 2019-nCoV in Wuhan , Hubei province of China , at the end of 2019 shaped tremendous challenges to China 's public health and clinical treatment .", "Evidence Elements": {"Participant": [], "Intervention": [], "Outcome": []}, "Evidence Propositions": []}, {"Section": "RESULTS", "Text": "The virus belongs to the beta genus Coronavirus in the family Corornaviridae , and is closely related to SARS-CoV and MERS-CoV , causing severe symptoms of pneumonia .", "Evidence Elements": {"Participant": [], "Intervention": [], "Outcome": []}, "Evidence Propositions": []}, {"Section": "RESULTS", "Text": "The virus is transmitted through droplets , close contact , and other means , and patients in the incubation period could potentially transmit the virus to other persons .", "Evidence Elements": {"Participant": [], "Intervention": [], "Outcome": []}, "Evidence Propositions": []}, {"Section": "CONCLUSIONS", "Text": "According to current observations , 2019-nCoV is weaker than SARS in pathogenesis , but has stronger transmission competence ; it 's mechanism of cross-species spread might be related with angiotensin-converting enzyme II ( ACE2 ) , which is consistent with the receptor SARS-CoV . After the outbreak of this disease , Chinese scientists invested a lot of energy to carry out research by developing rapid diagnostic reagents , identifying the characters of the pathogen , screening out clinical drugs that may inhibit the virus , and are rapidly developing vaccines .", "Evidence Elements": {"Participant": [], "Intervention": [], "Outcome": [{"term": "transmission competence", "negation": "affirmed", "UMLS": "", "start": 101, "end": 124}]}, "Evidence Propositions": []}, {"Section": "CONCLUSIONS", "Text": "The emergence of 2019-nCoV reminds us once again of the importance of establishing a systematic coronavirus surveillance network .", "Evidence Elements": {"Participant": [], "Intervention": [], "Outcome": []}, "Evidence Propositions": []}, {"Section": "CONCLUSIONS", "Text": "It also poses new challenges to prevention and control of the emerging epidemic and rapidly responses on scientific research .", "Evidence Elements": {"Participant": [], "Intervention": [], "Outcome": []}, "Evidence Propositions": []}]}