{"doc_id": "32023687", "type of study": "Therapy", "title": "", "abstract": "A recent epidemic of pneumonia cases in Wuhan China was caused by a novel coronavirus with strong infectivity, the 2019 novel coronavirus (2019-nCoV).\nThe article provides the pulmonary rehabilitation (PR) methods in the principle of 4S (simple, safe, satisfy, save) for patients with pneumonia caused by the novel coronavirus, shows how to establish a ventilative and convectional PR environment to prevent the spread of virus through droplets, how to guide the patients to carry out PR, how to carry out respiratory muscle training, effective cough, expectoration, sneeze, general exercise, digestive function rehabilitation and psychological rehabilitation, and how to clean and disinfect the PR environment.\n", "Evidence Map": {"Enrollment": [{"term": "pneumonia", "negation": "affirmed", "UMLS": "", "start": 141, "end": 150}], "Comparison Results": [], "Study Arm 1 Results": [], "Study Arm 2 Results": []}, "Sentence-level breakdown": [{"Section": "TITLE", "Text": "A recent epidemic of pneumonia cases in Wuhan China was caused by a novel coronavirus with strong infectivity , the 2019 novel coronavirus ( 2019-nCoV ) .", "Evidence Elements": {"Participant": [], "Intervention": [], "Outcome": []}, "Evidence Propositions": []}, {"Section": "CONCLUSIONS", "Text": "The article provides the pulmonary rehabilitation ( PR ) methods in the principle of 4S ( simple , safe , satisfy , save ) for patients with pneumonia caused by the novel coronavirus , shows how to establish a ventilative and convectional PR environment to prevent the spread of virus through droplets , how to guide the patients to carry out PR , how to carry out respiratory muscle training , effective cough , expectoration , sneeze , general exercise , digestive function rehabilitation and psychological rehabilitation , and how to clean and disinfect the PR environment .", "Evidence Elements": {"Participant": [{"term": "pneumonia", "negation": "affirmed", "UMLS": "", "start": 141, "end": 150}], "Intervention": [{"term": "pulmonary rehabilitation ( PR ) methods", "negation": "affirmed", "UMLS": "", "start": 25, "end": 64}, {"term": "ventilative and convectional PR environment", "negation": "affirmed", "UMLS": "", "start": 210, "end": 253}], "Outcome": [{"term": "respiratory muscle training", "negation": "affirmed", "UMLS": "", "start": 365, "end": 392}, {"term": "effective cough", "negation": "affirmed", "UMLS": "", "start": 395, "end": 410}, {"term": "expectoration", "negation": "affirmed", "UMLS": "", "start": 413, "end": 426}, {"term": "sneeze", "negation": "affirmed", "UMLS": "", "start": 429, "end": 435}, {"term": "general exercise", "negation": "affirmed", "UMLS": "", "start": 438, "end": 454}]}, "Evidence Propositions": []}]}