{"doc_id": "32020915", "type of study": "Therapy", "title": "", "abstract": "The novel coronavirus (2019-nCoV) outbreak, which initially began in China, has spread to many countries around the globe, with the number of confirmed cases increasing every day.\nWith a death toll exceeding that of the SARS-CoV outbreak back in 2002 and 2003 in China, 2019-nCoV has led to a public health emergency of international concern, putting all health organizations on high alert.\nHerein, we present on an overview of the currently available information on the pathogenesis, epidemiology, clinical presentation, diagnosis, and treatment of this virus.\n", "Evidence Map": {"Enrollment": [], "Comparison Results": [], "Study Arm 1 Results": [], "Study Arm 2 Results": []}, "Sentence-level breakdown": [{"Section": "TITLE", "Text": "The novel coronavirus ( 2019-nCoV ) outbreak , which initially began in China , has spread to many countries around the globe , with the number of confirmed cases increasing every day .", "Evidence Elements": {"Participant": [], "Intervention": [], "Outcome": []}, "Evidence Propositions": []}, {"Section": "RESULTS", "Text": "With a death toll exceeding that of the SARS-CoV outbreak back in 2002 and 2003 in China , 2019-nCoV has led to a public health emergency of international concern , putting all health organizations on high alert .", "Evidence Elements": {"Participant": [], "Intervention": [], "Outcome": []}, "Evidence Propositions": []}, {"Section": "CONCLUSIONS", "Text": "Herein , we present on an overview of the currently available information on the pathogenesis , epidemiology , clinical presentation , diagnosis , and treatment of this virus .", "Evidence Elements": {"Participant": [], "Intervention": [], "Outcome": []}, "Evidence Propositions": []}]}