{"doc_id": "32022370", "type of study": "Therapy", "title": "", "abstract": "With the current trajectory of the 2019-nCoV outbreak unknown, public health and medicinal measures will both be needed to contain spreading of the virus and to optimize patient outcomes.\nAlthough little is known about the virus, an examination of the genome sequence shows strong homology with its better-studied cousin, SARS-CoV. The spike protein used for host cell infection shows key nonsynonymous mutations that might hamper the efficacy of previously developed therapeutics but remains a viable target for the development of biologics and macrocyclic peptides.\nOther key drug targets, including RNA-dependent RNA polymerase and coronavirus main proteinase (3CLpro), share a strikingly high (>95 %) homology to SARS-CoV. Herein, we suggest four potential drug candidates (an ACE2-based peptide, remdesivir, 3CLpro-1 and a novel vinylsulfone protease inhibitor) that could be used to treat patients suffering with the 2019-nCoV. We also summarize previous efforts into drugging these targets and hope to help in the development of broad-spectrum anti-coronaviral agents for future epidemics.\nWhat's sauce for the goose? Little is known about the coronavirus causing the current outbreak; however, it shares strong sequence homology with its better-studied cousin SARS-CoV. Based on previous studies of targeting SARS-CoV, we suggest four potential candidates that could be used to drug the viral spike protein, RNA-dependent RNA polymerase, and coronavirus main proteinase.\n", "Evidence Map": {"Enrollment": [], "Comparison Results": [], "Study Arm 1 Results": [], "Study Arm 2 Results": []}, "Sentence-level breakdown": [{"Section": "TITLE", "Text": "With the current trajectory of the 2019-nCoV outbreak unknown , public health and medicinal measures will both be needed to contain spreading of the virus and to optimize patient outcomes .", "Evidence Elements": {"Participant": [], "Intervention": [], "Outcome": []}, "Evidence Propositions": []}, {"Section": "RESULTS", "Text": "Although little is known about the virus , an examination of the genome sequence shows strong homology with its better-studied cousin , SARS-CoV . The spike protein used for host cell infection shows key nonsynonymous mutations that might hamper the efficacy of previously developed therapeutics but remains a viable target for the development of biologics and macrocyclic peptides .", "Evidence Elements": {"Participant": [], "Intervention": [], "Outcome": []}, "Evidence Propositions": []}, {"Section": "RESULTS", "Text": "Other key drug targets , including RNA-dependent RNA polymerase and coronavirus main proteinase ( 3CLpro ) , share a strikingly high ( > 95 % ) homology to SARS-CoV . Herein , we suggest four potential drug candidates ( an ACE2-based peptide , remdesivir , 3CLpro-1 and a novel vinylsulfone protease inhibitor ) that could be used to treat patients suffering with the 2019-nCoV . We also summarize previous efforts into drugging these targets and hope to help in the development of broad", "Evidence Elements": {"Participant": [], "Intervention": [{"term": "remdesivir", "negation": "affirmed", "UMLS": "", "start": 244, "end": 254}], "Outcome": []}, "Evidence Propositions": []}, {"Section": "CONCLUSIONS", "Text": "What 's sauce for the goose ? Little is known about the coronavirus causing the current outbreak ; however , it shares strong sequence homology with its better-studied cousin SARS-CoV . Based on previous studies of targeting SARS-CoV , we suggest four potential candidates that could be used to drug the viral spike protein , RNA-dependent RNA polymerase , and coronavirus main proteinase .", "Evidence Elements": {"Participant": [], "Intervention": [], "Outcome": []}, "Evidence Propositions": []}]}