{"doc_id": "32029004", "type of study": "Therapy", "title": "", "abstract": "In December 2019, a new type viral pneumonia cases occurred in Wuhan, Hubei Province; and then named \"2019 novel coronavirus (2019-nCoV)\" by the World Health Organization (WHO) on 12 January 2020.\nFor it is a never been experienced respiratory disease before and with infection ability widely and quickly, it attracted the world's attention but without treatment and control manual.\nFor the request from frontline clinicians and public health professionals of 2019-nCoV infected pneumonia management, an evidence-based guideline urgently needs to be developed.\nTherefore, we drafted this guideline according to the rapid advice guidelines methodology and general rules of WHO guideline development; we also added the first-hand management data of Zhongnan Hospital of Wuhan University.\nThis guideline includes the guideline methodology, epidemiological characteristics, disease screening and population prevention, diagnosis, treatment and control (including traditional Chinese Medicine), nosocomial infection prevention and control, and disease nursing of the 2019-nCoV. Moreover, we also provide a whole process of a successful treatment case of the severe 2019-nCoV infected pneumonia and experience and lessons of hospital rescue for 2019-nCoV infections.\nThis rapid advice guideline is suitable for the first frontline doctors and nurses, managers of hospitals and healthcare sections, community residents, public health persons, relevant researchers, and all person who are interested in the 2019-nCoV.\n", "Evidence Map": {"Enrollment": [{"term": "2019-nCoV", "negation": "affirmed", "UMLS": "", "start": 284, "end": 293}, {"term": "severe 2019-nCoV infected pneumonia", "negation": "affirmed", "UMLS": "", "start": 377, "end": 412}], "Comparison Results": [], "Study Arm 1 Results": [], "Study Arm 2 Results": []}, "Sentence-level breakdown": [{"Section": "TITLE", "Text": "In December 2019 , a new type viral pneumonia cases occurred in Wuhan , Hubei Province ; and then named \" 2019 novel coronavirus ( 2019-nCoV ) \" by the World Health Organization ( WHO ) on 12 January 2020 .", "Evidence Elements": {"Participant": [], "Intervention": [], "Outcome": []}, "Evidence Propositions": []}, {"Section": "METHODS", "Text": "Therefore , we drafted this guideline according to the rapid advice guidelines methodology and general rules of WHO guideline development ; we also added the first-hand management data of Zhongnan Hospital of Wuhan University .", "Evidence Elements": {"Participant": [], "Intervention": [], "Outcome": []}, "Evidence Propositions": []}, {"Section": "METHODS", "Text": "This guideline includes the guideline methodology , epidemiological characteristics , disease screening and population prevention , diagnosis , treatment and control ( including traditional Chinese Medicine ) , nosocomial infection prevention and control , and disease nursing of the 2019-nCoV . Moreover , we also provide a whole process of a successful treatment case of the severe 2019-nCoV infected pneumonia and experience and lessons of hospital rescue for 2019-nCoV infections .", "Evidence Elements": {"Participant": [{"term": "2019-nCoV", "negation": "affirmed", "UMLS": "", "start": 284, "end": 293}, {"term": "severe 2019-nCoV infected pneumonia", "negation": "affirmed", "UMLS": "", "start": 377, "end": 412}], "Intervention": [], "Outcome": [{"term": "diagnosis", "negation": "affirmed", "UMLS": "", "start": 132, "end": 141}, {"term": "treatment", "negation": "affirmed", "UMLS": "", "start": 144, "end": 153}, {"term": "nosocomial infection prevention and control", "negation": "affirmed", "UMLS": "", "start": 211, "end": 254}, {"term": "disease nursing", "negation": "affirmed", "UMLS": "", "start": 261, "end": 276}, {"term": "successful treatment case", "negation": "affirmed", "UMLS": "", "start": 344, "end": 369}]}, "Evidence Propositions": []}, {"Section": "CONCLUSIONS", "Text": "This rapid advice guideline is suitable for the first frontline doctors and nurses , managers of hospitals and healthcare sections , community residents , public health persons , relevant researchers , and all person who are interested in the 2019-nCoV .", "Evidence Elements": {"Participant": [], "Intervention": [], "Outcome": []}, "Evidence Propositions": []}]}