{"doc_id": "32026148", "type of study": "Therapy", "title": "", "abstract": "Since December 2019, an epidemic caused by novel coronavirus (2019-nCoV) infection has occurred unexpectedly in China.\nAs of 8 pm, 31 January 2020, more than 20 pediatric cases have been reported in China.\nOf these cases, ten patients were identified in Zhejiang Province, with an age of onset ranging from 112 days to 17 years.\nFollowing the latest National recommendations for diagnosis and treatment of pneumonia caused by 2019-nCoV (the 4th edition) and current status of clinical practice in Zhejiang Province, recommendations for the diagnosis and treatment of respiratory infection caused by 2019-nCoV for children were drafted by the National Clinical Research Center for Child Health, the National Children's Regional Medical Center, Children's Hospital, Zhejiang University School of Medicine to further standardize the protocol for diagnosis and treatment of respiratory infection in children caused by 2019-nCoV.\n", "Evidence Map": {"Enrollment": [{"term": "infection", "negation": "affirmed", "UMLS": "", "start": 253, "end": 262}, {"term": "children", "negation": "affirmed", "UMLS": "", "start": 287, "end": 295}], "Comparison Results": [], "Study Arm 1 Results": [], "Study Arm 2 Results": []}, "Sentence-level breakdown": [{"Section": "TITLE", "Text": "Since December 2019 , an epidemic caused by novel coronavirus ( 2019-nCoV ) infection has occurred unexpectedly in China .", "Evidence Elements": {"Participant": [], "Intervention": [], "Outcome": []}, "Evidence Propositions": []}, {"Section": "METHODS", "Text": "Of these cases , ten patients were identified in Zhejiang Province , with an age of onset ranging from 112 days to 17 years .", "Evidence Elements": {"Participant": [], "Intervention": [], "Outcome": []}, "Evidence Propositions": []}, {"Section": "METHODS", "Text": "Following the latest National recommendations for diagnosis and treatment of pneumonia caused by 2019-nCoV ( the 4th edition ) and current status of clinical practice in Zhejiang Province , recommendations for the diagnosis and treatment of respiratory infection caused by 2019-nCoV for children were drafted by the National Clinical Research Center for Child Health , the National Children 's Regional Medical Center , Children 's Hospital , Zhejiang University School of Medicine to further standardize the protocol for diagnosis and treatment of respiratory infection in children caused by 2019-nCoV .", "Evidence Elements": {"Participant": [{"term": "infection", "negation": "affirmed", "UMLS": "", "start": 253, "end": 262}, {"term": "children", "negation": "affirmed", "UMLS": "", "start": 287, "end": 295}], "Intervention": [], "Outcome": []}, "Evidence Propositions": []}]}