{"doc_id": "32022276", "type of study": "Therapy", "title": "", "abstract": "The 2019 novel coronavirus (2019-nCoV) outbreak has caused a large number of deaths with thousands of confirmed cases worldwide, especially in East Asia.\nThis study took an immunoinformatics approach to identify significant cytotoxic T lymphocyte (CTL) and B cell epitopes in the 2019-nCoV surface glycoprotein.\nAlso, interactions between identified CTL epitopes and their corresponding major histocompatibility complex (MHC) class I supertype representatives prevalent in China were studied by molecular dynamics simulations.\nWe identified five CTL epitopes, three sequential B cell epitopes and five discontinuous B cell epitopes in the viral surface glycoprotein.\nAlso, during simulations, the CTL epitopes were observed to be binding MHC class I peptide-binding grooves via multiple contacts, with continuous hydrogen bonds and salt bridge anchors, indicating their potential in generating immune responses.\nSome of these identified epitopes can be potential candidates for the development of 2019-nCoV vaccines.\nFive CTL epitopes and eight B cell epitopes were computationally identified.\nEpitope-MHC-I complexes were studied by molecular dynamics simulation.\nPersistent H-bonds and salt bridges were observed between epitopes and MHC-I. The identified epitopes can be a promising foundation for vaccine development.\n", "Evidence Map": {"Enrollment": [], "Comparison Results": [], "Study Arm 1 Results": [], "Study Arm 2 Results": []}, "Sentence-level breakdown": [{"Section": "TITLE", "Text": "The 2019 novel coronavirus ( 2019-nCoV ) outbreak has caused a large number of deaths with thousands of confirmed cases worldwide , especially in East Asia .", "Evidence Elements": {"Participant": [], "Intervention": [], "Outcome": []}, "Evidence Propositions": []}, {"Section": "OBJECTIVE", "Text": "This study took an immunoinformatics approach to identify significant cytotoxic T lymphocyte ( CTL ) and B cell epitopes in the 2019-nCoV surface glycoprotein .", "Evidence Elements": {"Participant": [], "Intervention": [{"term": "2019-nCoV", "negation": "affirmed", "UMLS": "", "start": 128, "end": 137}], "Outcome": [{"term": "cytotoxic T lymphocyte ( CTL )", "negation": "affirmed", "UMLS": "", "start": 70, "end": 100}, {"term": "B cell epitopes", "negation": "affirmed", "UMLS": "", "start": 105, "end": 120}]}, "Evidence Propositions": []}, {"Section": "METHODS", "Text": "Also , interactions between identified CTL epitopes and their corresponding major histocompatibility complex ( MHC ) class I supertype representatives prevalent in China were studied by molecular dynamics simulations .", "Evidence Elements": {"Participant": [], "Intervention": [{"term": "epitopes", "negation": "affirmed", "UMLS": "", "start": 43, "end": 51}], "Outcome": [{"term": "interactions between", "negation": "affirmed", "UMLS": "", "start": 7, "end": 27}, {"term": "corresponding major histocompatibility complex ( MHC ) class I supertype representatives", "negation": "affirmed", "UMLS": "", "start": 62, "end": 150}]}, "Evidence Propositions": []}, {"Section": "RESULTS", "Text": "We identified five CTL epitopes , three sequential B cell epitopes and five discontinuous B cell epitopes in the viral surface glycoprotein .", "Evidence Elements": {"Participant": [], "Intervention": [], "Outcome": [{"term": "CTL epitopes", "negation": "affirmed", "UMLS": "", "start": 19, "end": 31}, {"term": "sequential B cell epitopes", "negation": "affirmed", "UMLS": "", "start": 40, "end": 66}, {"term": "discontinuous B cell epitopes", "negation": "affirmed", "UMLS": "", "start": 76, "end": 105}, {"term": "surface", "negation": "affirmed", "UMLS": "", "start": 119, "end": 126}]}, "Evidence Propositions": []}, {"Section": "RESULTS", "Text": "Also , during simulations , the CTL epitopes were observed to be binding MHC class I peptide-binding grooves via multiple contacts , with continuous hydrogen bonds and salt bridge anchors , indicating their potential in generating immune responses .", "Evidence Elements": {"Participant": [], "Intervention": [{"term": "CTL epitopes", "negation": "affirmed", "UMLS": "", "start": 32, "end": 44}], "Outcome": []}, "Evidence Propositions": []}, {"Section": "RESULTS", "Text": "Some of these identified epitopes can be potential candidates for the development of 2019-nCoV vaccines .", "Evidence Elements": {"Participant": [], "Intervention": [], "Outcome": []}, "Evidence Propositions": []}, {"Section": "RESULTS", "Text": "Five CTL epitopes and eight B cell epitopes were computationally identified .", "Evidence Elements": {"Participant": [], "Intervention": [], "Outcome": [{"term": "CTL epitopes", "negation": "affirmed", "UMLS": "", "start": 5, "end": 17}, {"term": "B cell epitopes", "negation": "affirmed", "UMLS": "", "start": 28, "end": 43}]}, "Evidence Propositions": []}, {"Section": "CONCLUSIONS", "Text": "Epitope-MHC-I complexes were studied by molecular dynamics simulation .", "Evidence Elements": {"Participant": [], "Intervention": [], "Outcome": [{"term": "Epitope-MHC-I complexes", "negation": "affirmed", "UMLS": "", "start": 0, "end": 23}]}, "Evidence Propositions": []}, {"Section": "CONCLUSIONS", "Text": "Persistent H-bonds and salt bridges were observed between epitopes and MHC-I . The identified epitopes can be a promising foundation for vaccine development .", "Evidence Elements": {"Participant": [], "Intervention": [{"term": "epitopes and MHC-I", "negation": "affirmed", "UMLS": "", "start": 58, "end": 76}], "Outcome": [{"term": "Persistent H-bonds", "negation": "affirmed", "UMLS": "", "start": 0, "end": 18}, {"term": "salt bridges", "negation": "affirmed", "UMLS": "", "start": 23, "end": 35}]}, "Evidence Propositions": []}]}