{"doc_id": "32037389", "type of study": "Therapy", "title": "", "abstract": "Pneumonia associated with the 2019 novel coronavirus (2019-nCoV) is continuously and rapidly circulating at present.\nNo effective antiviral treatment has been verified thus far.\nWe report here the clinical characteristics and therapeutic procedure for four patients with mild or severe 2019-nCoV pneumonia admitted to Shanghai Public Health Clinical Center.\nAll the patients were given antiviral treatment including lopinavir/ritonavir (Kaletra ), arbidol, and Shufeng Jiedu Capsule (SFJDC, a traditional Chinese medicine) and other necessary support care.\nAfter treatment, three patients gained significant improvement in pneumonia associated symptoms, two of whom were confirmed 2019-nCoV negative and discharged, and one of whom was virus negative at the first test.\nThe remaining patient with severe pneumonia had shown signs of improvement by the cutoff date for data collection.\nResults obtained in the current study may provide clues for treatment of 2019-nCoV pneumonia.\nThe efficacy of antiviral treatment including lopinavir/ritonavir, arbidol, and SFJDC warrants further verification in future study.\n", "Evidence Map": {"Enrollment": [{"term": "mild or severe 2019-nCoV pneumonia", "negation": "affirmed", "UMLS": "", "start": 93, "end": 127}, {"term": "severe pneumonia", "negation": "affirmed", "UMLS": "", "start": 27, "end": 43}, {"term": "2019-nCoV pneumonia", "negation": "affirmed", "UMLS": "", "start": 73, "end": 92}], "Comparison Results": [], "Study Arm 1 Results": [], "Study Arm 2 Results": []}, "Sentence-level breakdown": [{"Section": "TITLE", "Text": "Pneumonia associated with the 2019 novel coronavirus ( 2019-nCoV ) is continuously and rapidly circulating at present .", "Evidence Elements": {"Participant": [], "Intervention": [], "Outcome": []}, "Evidence Propositions": []}, {"Section": "OBJECTIVE", "Text": "We report here the clinical characteristics and therapeutic procedure for four patients with mild or severe 2019-nCoV pneumonia admitted to Shanghai Public Health Clinical Center .", "Evidence Elements": {"Participant": [{"term": "mild or severe 2019-nCoV pneumonia", "negation": "affirmed", "UMLS": "", "start": 93, "end": 127}], "Intervention": [], "Outcome": [{"term": "clinical characteristics", "negation": "affirmed", "UMLS": "", "start": 19, "end": 43}, {"term": "therapeutic procedure", "negation": "affirmed", "UMLS": "", "start": 48, "end": 69}]}, "Evidence Propositions": []}, {"Section": "METHODS", "Text": "All the patients were given antiviral treatment including lopinavir / ritonavir ( Kaletra ) , arbidol , and Shufeng Jiedu Capsule ( SFJDC , a traditional Chinese medicine ) and other necessary support care .", "Evidence Elements": {"Participant": [], "Intervention": [], "Outcome": []}, "Evidence Propositions": []}, {"Section": "RESULTS", "Text": "After treatment , three patients gained significant improvement in pneumonia associated symptoms , two of whom were confirmed 2019-nCoV negative and discharged , and one of whom was virus negative at the first test .", "Evidence Elements": {"Participant": [], "Intervention": [], "Outcome": [{"term": "pneumonia associated symptoms", "negation": "affirmed", "UMLS": "", "start": 67, "end": 96}, {"term": "2019-nCoV negative", "negation": "affirmed", "UMLS": "", "start": 126, "end": 144}, {"term": "discharged", "negation": "affirmed", "UMLS": "", "start": 149, "end": 159}, {"term": "virus negative", "negation": "affirmed", "UMLS": "", "start": 182, "end": 196}]}, "Evidence Propositions": []}, {"Section": "RESULTS", "Text": "The remaining patient with severe pneumonia had shown signs of improvement by the cutoff date for data collection .", "Evidence Elements": {"Participant": [{"term": "severe pneumonia", "negation": "affirmed", "UMLS": "", "start": 27, "end": 43}], "Intervention": [], "Outcome": [{"term": "improvement", "negation": "affirmed", "UMLS": "", "start": 63, "end": 74}]}, "Evidence Propositions": []}, {"Section": "CONCLUSIONS", "Text": "Results obtained in the current study may provide clues for treatment of 2019-nCoV pneumonia .", "Evidence Elements": {"Participant": [{"term": "2019-nCoV pneumonia", "negation": "affirmed", "UMLS": "", "start": 73, "end": 92}], "Intervention": [], "Outcome": []}, "Evidence Propositions": []}, {"Section": "CONCLUSIONS", "Text": "The efficacy of antiviral treatment including lopinavir / ritonavir , arbidol , and SFJDC warrants further verification in future study .", "Evidence Elements": {"Participant": [], "Intervention": [], "Outcome": []}, "Evidence Propositions": []}]}