{"doc_id": "32035430", "type of study": "Therapy", "title": "", "abstract": "Along with the sharp increase of confirmed cases novel coronavirus infection, more critically ill cases require extracorporeal membrane oxygenation (ECMO) support.\nBased on the clinical data of novel coronavirus pneumonia (NCP), as well as the dada from previous clinical studies and the recommendations from the Extracorporeal Life Support Organization (ELSO), the committee board of the Chinese Society of Extracorporeal Life Support (CSECLS) made this recommendations to guide clinical ECMO application in the patients with NCP.\n", "Evidence Map": {"Enrollment": [{"term": "novel coronavirus pneumonia ( NCP )", "negation": "affirmed", "UMLS": "", "start": 30, "end": 65}], "Comparison Results": [], "Study Arm 1 Results": [], "Study Arm 2 Results": []}, "Sentence-level breakdown": [{"Section": "TITLE", "Text": "Along with the sharp increase of confirmed cases novel coronavirus infection , more critically ill cases require extracorporeal membrane oxygenation ( ECMO ) support .", "Evidence Elements": {"Participant": [], "Intervention": [], "Outcome": []}, "Evidence Propositions": []}, {"Section": "CONCLUSIONS", "Text": "Based on the clinical data of novel coronavirus pneumonia ( NCP ) , as well as the dada from previous clinical studies and the recommendations from the Extracorporeal Life Support Organization ( ELSO ) , the committee board of the Chinese Society of Extracorporeal Life Support ( CSECLS ) made this recommendations to guide clinical ECMO application in the patients with NCP .", "Evidence Elements": {"Participant": [{"term": "novel coronavirus pneumonia ( NCP )", "negation": "affirmed", "UMLS": "", "start": 30, "end": 65}], "Intervention": [], "Outcome": []}, "Evidence Propositions": []}]}