{"doc_id": "32045235", "type of study": "Therapy", "title": "", "abstract": "The main protease of coronaviruses and the 3C protease of enteroviruses share a similar active-site architecture and a unique requirement for glutamine in the P1 position of the substrate.\nBecause of their unique specificity and essential role in viral polyprotein processing, these proteases are suitable targets for the development of antiviral drugs.\nIn order to obtain near-equipotent, broad-spectrum antivirals against alphacoronaviruses, betacoronaviruses, and enteroviruses, we pursued a structure-based design of peptidomimetic alpha-ketoamides as inhibitors of main and 3C proteases.\nSix crystal structures of protease-inhibitor complexes were determined as part of this study.\nCompounds synthesized were tested against the recombinant proteases as well as in viral replicons and virus-infected cell cultures; most of them were not cell-toxic.\nOptimization of the P2 substituent of the alpha-ketoamides proved crucial for achieving near-equipotency against the three virus genera.\nThe best near-equipotent inhibitors, 11u (P2 = cyclopentylmethyl) and 11r (P2 = cyclohexylmethyl), display low-micromolar EC50 values against enteroviruses, alphacoronaviruses, and betacoronaviruses in cell cultures.\nIn Huh7 cells, 11r exhibits three-digit picomolar activity against the Middle East Respiratory Syndrome coronavirus.\n", "Evidence Map": {"Enrollment": [{"term": "enteroviruses", "negation": "affirmed", "UMLS": "", "start": 116, "end": 129}, {"term": "enteroviruses", "negation": "affirmed", "UMLS": "", "start": 148, "end": 161}], "Comparison Results": [], "Study Arm 1 Results": [], "Study Arm 2 Results": []}, "Sentence-level breakdown": [{"Section": "TITLE", "Text": "The main protease of coronaviruses and the 3C protease of enteroviruses share a similar active-site architecture and a unique requirement for glutamine in the P1 position of the substrate .", "Evidence Elements": {"Participant": [], "Intervention": [], "Outcome": []}, "Evidence Propositions": []}, {"Section": "METHODS", "Text": "In order to obtain near-equipotent , broad-spectrum antivirals against alphacoronaviruses , betacoronaviruses , and enteroviruses , we pursued a structure-based design of peptidomimetic alpha-ketoamides as inhibitors of main and 3C proteases .", "Evidence Elements": {"Participant": [{"term": "enteroviruses", "negation": "affirmed", "UMLS": "", "start": 116, "end": 129}], "Intervention": [{"term": "peptidomimetic alpha-ketoamides", "negation": "affirmed", "UMLS": "", "start": 171, "end": 202}], "Outcome": [{"term": "alphacoronaviruses", "negation": "affirmed", "UMLS": "", "start": 71, "end": 89}, {"term": "betacoronaviruses", "negation": "affirmed", "UMLS": "", "start": 92, "end": 109}]}, "Evidence Propositions": []}, {"Section": "METHODS", "Text": "Six crystal structures of protease-inhibitor complexes were determined as part of this study .", "Evidence Elements": {"Participant": [], "Intervention": [{"term": "protease-inhibitor complexes", "negation": "affirmed", "UMLS": "", "start": 26, "end": 54}], "Outcome": [{"term": "crystal", "negation": "affirmed", "UMLS": "", "start": 4, "end": 11}]}, "Evidence Propositions": []}, {"Section": "RESULTS", "Text": "Compounds synthesized were tested against the recombinant proteases as well as in viral replicons and virus-infected cell cultures ; most of them were not cell-toxic .", "Evidence Elements": {"Participant": [], "Intervention": [], "Outcome": []}, "Evidence Propositions": []}, {"Section": "RESULTS", "Text": "Optimization of the P2 substituent of the alpha-ketoamides proved crucial for achieving near-equipotency against the three virus genera .", "Evidence Elements": {"Participant": [], "Intervention": [], "Outcome": []}, "Evidence Propositions": []}, {"Section": "RESULTS", "Text": "The best near-equipotent inhibitors , 11u ( P2 = cyclopentylmethyl ) and 11r ( P2 = cyclohexylmethyl ) , display low-micromolar EC50 values against enteroviruses , alphacoronaviruses , and betacoronaviruses in cell cultures .", "Evidence Elements": {"Participant": [{"term": "enteroviruses", "negation": "affirmed", "UMLS": "", "start": 148, "end": 161}], "Intervention": [{"term": "11u (", "negation": "affirmed", "UMLS": "", "start": 38, "end": 43}, {"term": "= cyclopentylmethyl )", "negation": "affirmed", "UMLS": "", "start": 47, "end": 68}, {"term": "11r ( P2 = cyclohexylmethyl )", "negation": "affirmed", "UMLS": "", "start": 73, "end": 102}], "Outcome": []}, "Evidence Propositions": []}, {"Section": "CONCLUSIONS", "Text": "In Huh7 cells , 11r exhibits three-digit picomolar activity against the Middle East Respiratory Syndrome coronavirus .", "Evidence Elements": {"Participant": [], "Intervention": [{"term": "11r", "negation": "affirmed", "UMLS": "", "start": 16, "end": 19}], "Outcome": []}, "Evidence Propositions": []}]}