{"doc_id": "32040667", "type of study": "Therapy", "title": "", "abstract": "With the expanding use of molecular assays, viral pathogens are increasingly recognized among critically ill adult patients with community-acquired severe respiratory illness; studies have detected respiratory viral infections (RVIs) in 17-53% of such patients.\nIn addition, novel pathogens including zoonotic coronaviruses like the agents causing Severe Acute Respiratory Syndrome (SARS), Middle East Respiratory Syndrome (MERS) and the 2019 novel coronavirus (2019 nCoV) are still being identified.\nPatients with severe RVIs requiring ICU care present typically with hypoxemic respiratory failure.\nOseltamivir is the most widely used neuraminidase inhibitor for treatment of influenza; data suggest that early use is associated with reduced mortality in critically ill patients with influenza.\nAt present, there are no antiviral therapies of proven efficacy for other severe RVIs.\nSeveral adjunctive pharmacologic interventions have been studied for their immunomodulatory effects, including macrolides, corticosteroids, cyclooxygenase-2 inhibitors, sirolimus, statins, anti-influenza immune plasma, and vitamin C, but none is recommended at present in severe RVIs.\nEvidence-based supportive care is the mainstay for management of severe respiratory viral infection.\nNon-invasive ventilation in patients with severe RVI causing acute hypoxemic respiratory failure and pneumonia is associated with a high likelihood of transition to invasive ventilation.\nLimited existing knowledge highlights the need for data regarding supportive care and adjunctive pharmacologic therapy that is specific for critically ill patients with severe RVI.\nThere is a need for more pragmatic and efficient designs to test different therapeutics both individually and in combination.\nThe online version of this article (10.1007/s00134-020-05943-5) contains supplementary material, which is available to authorized users.\n", "Evidence Map": {"Enrollment": [{"term": "RVIs", "negation": "affirmed", "UMLS": "", "start": 21, "end": 25}, {"term": "care", "negation": "affirmed", "UMLS": "", "start": 40, "end": 44}, {"term": "respiratory failure", "negation": "affirmed", "UMLS": "", "start": 78, "end": 97}, {"term": "critically ill patients with", "negation": "affirmed", "UMLS": "", "start": 157, "end": 185}, {"term": "severe RVI", "negation": "affirmed", "UMLS": "", "start": 42, "end": 52}, {"term": "acute hypoxemic respiratory failure", "negation": "affirmed", "UMLS": "", "start": 61, "end": 96}, {"term": "pneumonia", "negation": "affirmed", "UMLS": "", "start": 101, "end": 110}], "Comparison Results": [], "Study Arm 1 Results": [], "Study Arm 2 Results": []}, "Sentence-level breakdown": [{"Section": "TITLE", "Text": "With the expanding use of molecular assays , viral pathogens are increasingly recognized among critically ill adult patients with community-acquired severe respiratory illness ; studies have detected respiratory viral infections ( RVIs ) in 17-53 % of such patients .", "Evidence Elements": {"Participant": [], "Intervention": [], "Outcome": []}, "Evidence Propositions": []}, {"Section": "RESULTS", "Text": "In addition , novel pathogens including zoonotic coronaviruses like the agents causing Severe Acute Respiratory Syndrome ( SARS ) , Middle East Respiratory Syndrome ( MERS ) and the 2019 novel coronavirus ( 2019 nCoV ) are still being identified .", "Evidence Elements": {"Participant": [], "Intervention": [], "Outcome": []}, "Evidence Propositions": []}, {"Section": "RESULTS", "Text": "Patients with severe RVIs requiring ICU care present typically with hypoxemic respiratory failure .", "Evidence Elements": {"Participant": [{"term": "RVIs", "negation": "affirmed", "UMLS": "", "start": 21, "end": 25}, {"term": "care", "negation": "affirmed", "UMLS": "", "start": 40, "end": 44}, {"term": "respiratory failure", "negation": "affirmed", "UMLS": "", "start": 78, "end": 97}], "Intervention": [], "Outcome": []}, "Evidence Propositions": []}, {"Section": "RESULTS", "Text": "Oseltamivir is the most widely used neuraminidase inhibitor for treatment of influenza ; data suggest that early use is associated with reduced mortality in critically ill patients with influenza .", "Evidence Elements": {"Participant": [{"term": "critically ill patients with", "negation": "affirmed", "UMLS": "", "start": 157, "end": 185}], "Intervention": [], "Outcome": [{"term": "mortality", "negation": "affirmed", "UMLS": "", "start": 144, "end": 153}]}, "Evidence Propositions": []}, {"Section": "RESULTS", "Text": "At present , there are no antiviral therapies of proven efficacy for other severe RVIs .", "Evidence Elements": {"Participant": [], "Intervention": [], "Outcome": []}, "Evidence Propositions": []}, {"Section": "RESULTS", "Text": "Several adjunctive pharmacologic interventions have been studied for their immunomodulatory effects , including macrolides , corticosteroids , cyclooxygenase-2 inhibitors , sirolimus , statins , anti-influenza immune plasma , and vitamin C , but none is recommended at present in severe RVIs .", "Evidence Elements": {"Participant": [], "Intervention": [], "Outcome": []}, "Evidence Propositions": []}, {"Section": "CONCLUSIONS", "Text": "Evidence-based supportive care is the mainstay for management of severe respiratory viral infection .", "Evidence Elements": {"Participant": [], "Intervention": [], "Outcome": []}, "Evidence Propositions": []}, {"Section": "CONCLUSIONS", "Text": "Non-invasive ventilation in patients with severe RVI causing acute hypoxemic respiratory failure and pneumonia is associated with a high likelihood of transition to invasive ventilation .", "Evidence Elements": {"Participant": [{"term": "severe RVI", "negation": "affirmed", "UMLS": "", "start": 42, "end": 52}, {"term": "acute hypoxemic respiratory failure", "negation": "affirmed", "UMLS": "", "start": 61, "end": 96}, {"term": "pneumonia", "negation": "affirmed", "UMLS": "", "start": 101, "end": 110}], "Intervention": [{"term": "Non-invasive ventilation", "negation": "affirmed", "UMLS": "", "start": 0, "end": 24}], "Outcome": [{"term": "transition to invasive ventilation", "negation": "affirmed", "UMLS": "", "start": 151, "end": 185}]}, "Evidence Propositions": [{"Intervention": "Non-invasive ventilation", "Observation": "high", "Outcome": "transition to invasive ventilation", "Count": ""}]}, {"Section": "CONCLUSIONS", "Text": "Limited existing knowledge highlights the need for data regarding supportive care and adjunctive pharmacologic therapy that is specific for critically ill patients with severe RVI .", "Evidence Elements": {"Participant": [], "Intervention": [], "Outcome": []}, "Evidence Propositions": []}, {"Section": "CONCLUSIONS", "Text": "There is a need for more pragmatic and efficient designs to test different therapeutics both individually and in combination .", "Evidence Elements": {"Participant": [], "Intervention": [], "Outcome": []}, "Evidence Propositions": []}, {"Section": "CONCLUSIONS", "Text": "The online version of this article ( 10.1007 / s00134-020-05943-5 ) contains supplementary material , which is available to authorized users .", "Evidence Elements": {"Participant": [], "Intervention": [], "Outcome": []}, "Evidence Propositions": []}]}