{"doc_id": "32048501", "type of study": "Therapy", "title": "", "abstract": "Respiratory support is a very important technique for saving severe 2019-nCoV pneumonia patients who suffering respiratory failure, which can improve oxygenation, reduce mortality.\nTherefore, how to reasonable using respiratory support technique is the key point that relating success or failure.\nIn this paper, the authors introduce their experience on treating severe 2019-nCoV pneumonia, it is hopeful for current fighting against 2019-nCoV in China.\n", "Evidence Map": {"Enrollment": [{"term": "severe 2019-nCoV pneumonia", "negation": "affirmed", "UMLS": "", "start": 67, "end": 93}], "Comparison Results": [], "Study Arm 1 Results": [], "Study Arm 2 Results": []}, "Sentence-level breakdown": [{"Section": "TITLE", "Text": "Respiratory support is a very important technique for saving severe 2019-nCoV pneumonia patients who suffering respiratory failure , which can improve oxygenation , reduce mortality .", "Evidence Elements": {"Participant": [], "Intervention": [], "Outcome": []}, "Evidence Propositions": []}, {"Section": "RESULTS", "Text": "Therefore , how to reasonable using respiratory support technique is the key point that relating success or failure .", "Evidence Elements": {"Participant": [], "Intervention": [], "Outcome": [{"term": "success", "negation": "affirmed", "UMLS": "", "start": 97, "end": 104}]}, "Evidence Propositions": []}, {"Section": "CONCLUSIONS", "Text": "In this paper , the authors introduce their experience on treating severe 2019-nCoV pneumonia , it is hopeful for current fighting against 2019-nCoV in China .", "Evidence Elements": {"Participant": [{"term": "severe 2019-nCoV pneumonia", "negation": "affirmed", "UMLS": "", "start": 67, "end": 93}], "Intervention": [], "Outcome": []}, "Evidence Propositions": []}]}