{"doc_id": "32057209", "type of study": "Therapy", "title": "", "abstract": "The New Coronavirus Pneumonia (NCP, also named as COVID-19 by WHO on Feb 11 2020, is now causing a severe public health emergency in China since.\nThe number of diagnosed cases is more than 40,000 until the submission of this manuscript.\nCoronavirus has caused several epidemic situations world widely, but the present contagious disease caused by 2019 new Coronavirus is unprecedentedly fulminating.\nThe published cohorts of 2019 new Coronavirus (n-Cov) are single-center studies, or retrospective studies.\nWe here share the therapeutic experiences of NCP treatment with literature review.\nCombination of Ribavirin and Interferon-alpha is recommended by the 5(th) edition National Health Commission's Regimen (Revised Edition) because of the effect on MERS (Middle East Respiratory Syndrome), and the effectiveness of Lopinavir/Ritonavir and Remdisivir needs to be confirmed by randomized controlled trial (RCT), given the situation of no specific antivirus drug on NCP is unavailable.\nSystemic glucocorticosteroid is recommended as a short term use (1~2 mg.kg(-1).d(-1), 3~5d ) by the 5(th) edition National Health Commission's Regimen (Revised Edition) yet RCTs are expected to confirm the effectiveness.\nInappropriate application of antibiotics should be avoided, especially the combination of broad-spectrum antibiotics, for the NCP is not often complicated with bacterial infection.\n", "Evidence Map": {"Enrollment": [], "Comparison Results": [], "Study Arm 1 Results": [], "Study Arm 2 Results": []}, "Sentence-level breakdown": [{"Section": "TITLE", "Text": "The New Coronavirus Pneumonia ( NCP , also named as COVID-19 by WHO on Feb 11 2020 , is now causing a severe public health emergency in China since .", "Evidence Elements": {"Participant": [], "Intervention": [], "Outcome": []}, "Evidence Propositions": []}, {"Section": "METHODS", "Text": "The published cohorts of 2019 new Coronavirus ( n-Cov ) are single-center studies , or retrospective studies .", "Evidence Elements": {"Participant": [], "Intervention": [], "Outcome": []}, "Evidence Propositions": []}, {"Section": "RESULTS", "Text": "We here share the therapeutic experiences of NCP treatment with literature review .", "Evidence Elements": {"Participant": [], "Intervention": [{"term": "NCP treatment", "negation": "affirmed", "UMLS": "", "start": 45, "end": 58}], "Outcome": []}, "Evidence Propositions": []}, {"Section": "RESULTS", "Text": "Combination of Ribavirin and Interferon-alpha is recommended by the 5 ( th ) edition National Health Commission 's Regimen ( Revised Edition ) because of the effect on MERS ( Middle East Respiratory Syndrome ) , and the effectiveness of Lopinavir / Ritonavir and Remdisivir needs to be confirmed by randomized controlled trial ( RCT ) , given the situation of no specific antivirus drug on NCP is unavailable .", "Evidence Elements": {"Participant": [], "Intervention": [], "Outcome": []}, "Evidence Propositions": []}, {"Section": "RESULTS", "Text": "Systemic glucocorticosteroid is recommended as a short term use ( 1 ~2 mg . kg ( -1 ) . d ( -1 ) , 3 ~ 5d ) by the 5 ( th ) edition National Health Commission 's Regimen ( Revised Edition ) yet RCTs are expected to confirm the effectiveness .", "Evidence Elements": {"Participant": [], "Intervention": [], "Outcome": []}, "Evidence Propositions": []}, {"Section": "CONCLUSIONS", "Text": "Inappropriate application of antibiotics should be avoided , especially the combination of broad-spectrum antibiotics , for the NCP is not often complicated with bacterial infection .", "Evidence Elements": {"Participant": [], "Intervention": [], "Outcome": []}, "Evidence Propositions": []}]}