{"doc_id": "32052373", "type of study": "Therapy", "title": "", "abstract": "A global health emergency has been declared by the World Health Organization as the 2019-nCoV outbreak spreads across the world, with confirmed patients in Canada.\nPatients infected with 2019-nCoV are at risk for developing respiratory failure and requiring admission to critical care units.\nWhile providing optimal treatment for these patients, careful execution of infection control measures is necessary to prevent nosocomial transmission to other patients and to healthcare workers providing care.\nAlthough the exact mechanisms of transmission are currently unclear, human-to-human transmission can occur, and the risk of airborne spread during aerosol-generating medical procedures remains a concern in specific circumstances.\nThis paper summarizes important considerations regarding patient screening, environmental controls, personal protective equipment, resuscitation measures (including intubation), and critical care unit operations planning as we prepare for the possibility of new imported cases or local outbreaks of 2019-nCoV. Although understanding of the 2019-nCoV virus is evolving, lessons learned from prior infectious disease challenges such as Severe Acute Respiratory Syndrome will hopefully improve our state of readiness regardless of the number of cases we eventually manage in Canada.\n", "Evidence Map": {"Enrollment": [], "Comparison Results": [], "Study Arm 1 Results": [], "Study Arm 2 Results": []}, "Sentence-level breakdown": [{"Section": "TITLE", "Text": "A global health emergency has been declared by the World Health Organization as the 2019-nCoV outbreak spreads across the world , with confirmed patients in Canada .", "Evidence Elements": {"Participant": [], "Intervention": [], "Outcome": []}, "Evidence Propositions": []}, {"Section": "CONCLUSIONS", "Text": "This paper summarizes important considerations regarding patient screening , environmental controls , personal protective equipment , resuscitation measures ( including intubation ) , and critical care unit operations planning as we prepare for the possibility of new imported cases or local outbreaks of 2019-nCoV . Although understanding of the 2019-nCoV virus is evolving , lessons learned from prior infectious disease challenges such as Severe Acute Respiratory Syndrome will hopefully improve our state of readiness regardless of the number of cases we eventually manage in Canada .", "Evidence Elements": {"Participant": [], "Intervention": [], "Outcome": [{"term": "controls", "negation": "affirmed", "UMLS": "", "start": 91, "end": 99}, {"term": "equipment", "negation": "affirmed", "UMLS": "", "start": 122, "end": 131}, {"term": "resuscitation measures", "negation": "affirmed", "UMLS": "", "start": 134, "end": 156}]}, "Evidence Propositions": []}]}