{"doc_id": "32050635", "type of study": "Therapy", "title": "", "abstract": "In early December 2019 a cluster of cases of pneumonia of unknown cause was identified in Wuhan, a city of 11 million persons in the People's Republic of China.\nFurther investigation revealed these cases to result from infection with a newly identified coronavirus, initially termed 2019-nCoV and subsequently SARS-CoV-2.\nThe infection moved rapidly through China, spread to Thailand and Japan, extended into adjacent countries through infected persons travelling by air, eventually reaching multiple countries and continents.\nSimilar to such other coronaviruses as those causing the Middle East respiratory syndrome (MERS) and severe acute respiratory syndrome (SARS), the new coronavirus was reported to spread via natural aerosols from human-to-human.\nIn the early stages of this epidemic the case fatality rate is estimated to be approximately 2%, with the majority of deaths occurring in special populations.\nUnfortunately, there is limited experience with coronavirus infections during pregnancy, and it now appears certain that pregnant women have become infected during the present 2019-nCoV epidemic.\nIn order to assess the potential of the Wuhan 2019-nCoV to cause maternal, fetal and neonatal morbidity and other poor obstetrical outcomes, this communication reviews the published data addressing the epidemiological and clinical effects of SARS, MERS, and other coronavirus infections on pregnant women and their infants.\nRecommendations are also made for the consideration of pregnant women in the design, clinical trials, and implementation of future 2019-nCoV vaccines.\n", "Evidence Map": {"Enrollment": [{"term": "cases of pneumonia of unknown cause", "negation": "affirmed", "UMLS": "", "start": 36, "end": 71}, {"term": "pregnant", "negation": "affirmed", "UMLS": "", "start": 294, "end": 302}, {"term": "pregnant women", "negation": "affirmed", "UMLS": "", "start": 55, "end": 69}], "Comparison Results": [], "Study Arm 1 Results": [], "Study Arm 2 Results": []}, "Sentence-level breakdown": [{"Section": "TITLE", "Text": "In early December 2019 a cluster of cases of pneumonia of unknown cause was identified in Wuhan , a city of 11 million persons in the People 's Republic of China .", "Evidence Elements": {"Participant": [{"term": "cases of pneumonia of unknown cause", "negation": "affirmed", "UMLS": "", "start": 36, "end": 71}], "Intervention": [], "Outcome": [{"term": "cluster", "negation": "affirmed", "UMLS": "", "start": 25, "end": 32}]}, "Evidence Propositions": []}, {"Section": "RESULTS", "Text": "Further investigation revealed these cases to result from infection with a newly identified coronavirus , initially termed 2019-nCoV and subsequently SARS-CoV-2 .", "Evidence Elements": {"Participant": [], "Intervention": [], "Outcome": []}, "Evidence Propositions": []}, {"Section": "RESULTS", "Text": "The infection moved rapidly through China , spread to Thailand and Japan , extended into adjacent countries through infected persons travelling by air , eventually reaching multiple countries and continents .", "Evidence Elements": {"Participant": [], "Intervention": [], "Outcome": []}, "Evidence Propositions": []}, {"Section": "RESULTS", "Text": "Similar to such other coronaviruses as those causing the Middle East respiratory syndrome ( MERS ) and severe acute respiratory syndrome ( SARS ) , the new coronavirus was reported to spread via natural aerosols from human-to-human .", "Evidence Elements": {"Participant": [], "Intervention": [], "Outcome": []}, "Evidence Propositions": []}, {"Section": "RESULTS", "Text": "In the early stages of this epidemic the case fatality rate is estimated to be approximately 2 % , with the majority of deaths occurring in special populations .", "Evidence Elements": {"Participant": [], "Intervention": [], "Outcome": [{"term": "case fatality rate", "negation": "affirmed", "UMLS": "", "start": 41, "end": 59}]}, "Evidence Propositions": []}, {"Section": "RESULTS", "Text": "Unfortunately , there is limited experience with coronavirus infections during pregnancy , and it now appears certain that pregnant women have become infected during the present 2019-nCoV epidemic .", "Evidence Elements": {"Participant": [], "Intervention": [], "Outcome": []}, "Evidence Propositions": []}, {"Section": "CONCLUSIONS", "Text": "In order to assess the potential of the Wuhan 2019-nCoV to cause maternal , fetal and neonatal morbidity and other poor obstetrical outcomes , this communication reviews the published data addressing the epidemiological and clinical effects of SARS , MERS , and other coronavirus infections on pregnant women and their infants .", "Evidence Elements": {"Participant": [{"term": "pregnant", "negation": "affirmed", "UMLS": "", "start": 294, "end": 302}], "Intervention": [{"term": "Wuhan 2019-nCoV", "negation": "affirmed", "UMLS": "", "start": 40, "end": 55}, {"term": "SARS", "negation": "affirmed", "UMLS": "", "start": 244, "end": 248}, {"term": "MERS", "negation": "affirmed", "UMLS": "", "start": 251, "end": 255}, {"term": "coronavirus infections", "negation": "affirmed", "UMLS": "", "start": 268, "end": 290}], "Outcome": [{"term": "maternal , fetal and neonatal morbidity", "negation": "affirmed", "UMLS": "", "start": 65, "end": 104}, {"term": "poor obstetrical outcomes", "negation": "affirmed", "UMLS": "", "start": 115, "end": 140}]}, "Evidence Propositions": []}, {"Section": "CONCLUSIONS", "Text": "Recommendations are also made for the consideration of pregnant women in the design , clinical trials , and implementation of future 2019-nCoV vaccines .", "Evidence Elements": {"Participant": [{"term": "pregnant women", "negation": "affirmed", "UMLS": "", "start": 55, "end": 69}], "Intervention": [], "Outcome": []}, "Evidence Propositions": []}]}