{"doc_id": "32052466", "type of study": "Therapy", "title": "", "abstract": "An outbreak of a novel coronavirus (COVID-19 or 2019-CoV) infection has posed significant threats to international health and the economy.\nIn the absence of treatment for this virus, there is an urgent need to find alternative methods to control the spread of disease.\nHere, we have conducted an online search for all treatment options related to coronavirus infections as well as some RNA-virus infection and we have found that general treatments, coronavirus-specific treatments, and antiviral treatments should be useful in fighting COVID-19.\nWe suggest that the nutritional status of each infected patient should be evaluated before the administration of general treatments and the current children's RNA-virus vaccines including influenza vaccine should be immunized for uninfected people and health care workers.\nIn addition, convalescent plasma should be given to COVID-19 patients if it is available.\nIn conclusion, we suggest that all the potential interventions be implemented to control the emerging COVID-19 if the infection is uncontrollable.\n", "Evidence Map": {"Enrollment": [{"term": "infections", "negation": "affirmed", "UMLS": "", "start": 91, "end": 101}, {"term": "infection", "negation": "affirmed", "UMLS": "", "start": 91, "end": 100}, {"term": "uninfected", "negation": "affirmed", "UMLS": "", "start": 231, "end": 241}, {"term": "health care", "negation": "affirmed", "UMLS": "", "start": 253, "end": 264}, {"term": "COVID-19", "negation": "affirmed", "UMLS": "", "start": 103, "end": 111}], "Comparison Results": [], "Study Arm 1 Results": [], "Study Arm 2 Results": []}, "Sentence-level breakdown": [{"Section": "TITLE", "Text": "An outbreak of a novel coronavirus ( COVID-19 or 2019-CoV ) infection has posed significant threats to international health and the economy .", "Evidence Elements": {"Participant": [], "Intervention": [], "Outcome": []}, "Evidence Propositions": []}, {"Section": "RESULTS", "Text": "In the absence of treatment for this virus , there is an urgent need to find alternative methods to control the spread of disease .", "Evidence Elements": {"Participant": [], "Intervention": [], "Outcome": []}, "Evidence Propositions": []}, {"Section": "RESULTS", "Text": "Here , we have conducted an online search for all treatment options related to coronavirus infections as well as some RNA-virus infection and we have found that general treatments , coronavirus-specific treatments , and antiviral treatments should be useful in fighting COVID-19 .", "Evidence Elements": {"Participant": [{"term": "infections", "negation": "affirmed", "UMLS": "", "start": 91, "end": 101}, {"term": "infection", "negation": "affirmed", "UMLS": "", "start": 91, "end": 100}], "Intervention": [{"term": "general treatments", "negation": "affirmed", "UMLS": "", "start": 161, "end": 179}, {"term": "coronavirus-specific treatments", "negation": "affirmed", "UMLS": "", "start": 182, "end": 213}, {"term": "antiviral treatments", "negation": "affirmed", "UMLS": "", "start": 220, "end": 240}], "Outcome": []}, "Evidence Propositions": []}, {"Section": "RESULTS", "Text": "We suggest that the nutritional status of each infected patient should be evaluated before the administration of general treatments and the current children 's RNA-virus vaccines including influenza vaccine should be immunized for uninfected people and health care workers .", "Evidence Elements": {"Participant": [{"term": "uninfected", "negation": "affirmed", "UMLS": "", "start": 231, "end": 241}, {"term": "health care", "negation": "affirmed", "UMLS": "", "start": 253, "end": 264}], "Intervention": [{"term": "vaccine", "negation": "affirmed", "UMLS": "", "start": 170, "end": 177}], "Outcome": [{"term": "status", "negation": "affirmed", "UMLS": "", "start": 32, "end": 38}]}, "Evidence Propositions": []}, {"Section": "RESULTS", "Text": "In addition , convalescent plasma should be given to COVID-19 patients if it is available .", "Evidence Elements": {"Participant": [], "Intervention": [], "Outcome": []}, "Evidence Propositions": []}, {"Section": "CONCLUSIONS", "Text": "In conclusion , we suggest that all the potential interventions be implemented to control the emerging COVID-19 if the infection is uncontrollable .", "Evidence Elements": {"Participant": [{"term": "COVID-19", "negation": "affirmed", "UMLS": "", "start": 103, "end": 111}], "Intervention": [], "Outcome": []}, "Evidence Propositions": []}]}