{"doc_id": "32051072", "type of study": "Therapy", "title": "", "abstract": "2019 novel coronavirus (2019-nCoV) infection has been spreading in China since December 2019.\nNeonates are presumably the high-risk population susceptible to 2019-nCoV due to immature immune function.\nThe neonatal intensive care unit (NICU) should be prepared for 2019-nCoV infections as far as possible.\nThe emergency response plan enables the efficient response capability of NICU.\nDuring the epidemic of 2019-nCoV, the emergency response plan for the NICU should be based on the actual situation, including diagnosis, isolation, and treatment, as well as available equipment and staffing, and take into account the psychosocial needs of the families and neonatal care staff.\n", "Evidence Map": {"Enrollment": [], "Comparison Results": [], "Study Arm 1 Results": [], "Study Arm 2 Results": []}, "Sentence-level breakdown": [{"Section": "TITLE", "Text": "2019 novel coronavirus ( 2019-nCoV ) infection has been spreading in China since December 2019 .", "Evidence Elements": {"Participant": [], "Intervention": [], "Outcome": []}, "Evidence Propositions": []}, {"Section": "RESULTS", "Text": "Neonates are presumably the high-risk population susceptible to 2019-nCoV due to immature immune function .", "Evidence Elements": {"Participant": [], "Intervention": [], "Outcome": []}, "Evidence Propositions": []}, {"Section": "CONCLUSIONS", "Text": "The neonatal intensive care unit ( NICU ) should be prepared for 2019-nCoV infections as far as possible .", "Evidence Elements": {"Participant": [], "Intervention": [], "Outcome": []}, "Evidence Propositions": []}, {"Section": "CONCLUSIONS", "Text": "The emergency response plan enables the efficient response capability of NICU .", "Evidence Elements": {"Participant": [], "Intervention": [], "Outcome": []}, "Evidence Propositions": []}, {"Section": "CONCLUSIONS", "Text": "During the epidemic of 2019-nCoV , the emergency response plan for the NICU should be based on the actual situation , including diagnosis , isolation , and treatment , as well as available equipment and staffing , and take into account the psychosocial needs of the families and neonatal care staff .", "Evidence Elements": {"Participant": [], "Intervention": [], "Outcome": []}, "Evidence Propositions": []}]}