{"doc_id": "32061198", "type of study": "Therapy", "title": "", "abstract": "The novel coronavirus 2019 (COVID-19) infected patients by binding human ACE2, leading to severe pneumonia and highly mortality rate in patients.\nAt present, there is no definite and effective treatment for COVID-19.\nACE2 plays an important role in the RAS, and the imbalance between ACE/Ang II/AT1R pathway and ACE2/Ang (1-7)/Mas receptor pathway in the RAS system will lead to multi-system inflammation.\nIncreased ACE and Ang II are poor prognostic factors for severe pneumonia.\nAnimal studies have shown that RAS inhibitors could effectively relieve symptoms of acute severe pneumonia and respiratory failure.\nThe binding of COVID-19 and ACE2 resulted in the exhaustion of ACE2, and then ACE2/Ang (1-7)/Mas receptor pathway was inhibited.\nThe balance of the RAS system was broken, and this would lead to the exacerbation of acute severe pneumonia.\nTherefore, we speculate that ACEI and AT1R inhibitors could be used in patients with COVID-19 pneumonia under the condition of controlling blood pressure, and might reduce the pulmonary inflammatory response and mortality.\n", "Evidence Map": {"Enrollment": [{"term": "severe pneumonia", "negation": "affirmed", "UMLS": "", "start": 57, "end": 73}, {"term": "COVID-19 pneumonia", "negation": "affirmed", "UMLS": "", "start": 86, "end": 104}], "Comparison Results": [], "Study Arm 1 Results": [], "Study Arm 2 Results": []}, "Sentence-level breakdown": [{"Section": "TITLE", "Text": "The novel coronavirus 2019 ( COVID-19 ) infected patients by binding human ACE2 , leading to severe pneumonia and highly mortality rate in patients .", "Evidence Elements": {"Participant": [], "Intervention": [], "Outcome": []}, "Evidence Propositions": []}, {"Section": "RESULTS", "Text": "The binding of COVID-19 and ACE2 resulted in the exhaustion of ACE2 , and then ACE2 / Ang ( 1-7 ) / Mas receptor pathway was inhibited .", "Evidence Elements": {"Participant": [], "Intervention": [{"term": "COVID-19 and ACE2", "negation": "affirmed", "UMLS": "", "start": 15, "end": 32}], "Outcome": [{"term": "exhaustion of ACE2", "negation": "affirmed", "UMLS": "", "start": 49, "end": 67}, {"term": "(", "negation": "affirmed", "UMLS": "", "start": 90, "end": 91}, {"term": "Mas receptor", "negation": "affirmed", "UMLS": "", "start": 100, "end": 112}]}, "Evidence Propositions": []}, {"Section": "RESULTS", "Text": "The balance of the RAS system was broken , and this would lead to the exacerbation of acute severe pneumonia .", "Evidence Elements": {"Participant": [], "Intervention": [], "Outcome": []}, "Evidence Propositions": []}, {"Section": "CONCLUSIONS", "Text": "Therefore , we speculate that ACEI and AT1R inhibitors could be used in patients with COVID-19 pneumonia under the condition of controlling blood pressure , and might reduce the pulmonary inflammatory response and mortality .", "Evidence Elements": {"Participant": [{"term": "COVID-19 pneumonia", "negation": "affirmed", "UMLS": "", "start": 86, "end": 104}], "Intervention": [{"term": "ACEI", "negation": "affirmed", "UMLS": "", "start": 30, "end": 34}, {"term": "AT1R inhibitors", "negation": "affirmed", "UMLS": "", "start": 39, "end": 54}], "Outcome": [{"term": "pulmonary inflammatory response", "negation": "affirmed", "UMLS": "", "start": 178, "end": 209}]}, "Evidence Propositions": [{"Intervention": "ACEI", "Observation": "reduce", "Outcome": "pulmonary inflammatory response", "Count": ""}, {"Intervention": "AT1R inhibitors", "Observation": "reduce", "Outcome": "pulmonary inflammatory response", "Count": ""}]}]}