{"doc_id": "32066206", "type of study": "Therapy", "title": "", "abstract": "The novel coronavirus pneumonia (NCP) has cost a great loss to the health and economic property of Chines people.\nUnder such a special circumstance, how to deal with such patients with acute aortic syndrome has become a serious challenge.\nRapid diagnosis of concomitant NCP, safe and effective transportation, implementation of the interventional procedure, protection of vascular surgical team and postoperative management and follow-up of such patients have become urgent problems for us.\nCombined with the latest novel government documents, the literature and the experiences from Wuhan, we answered the above questions briefly and plainly.\nIt also hopes to inspire the national vascular surgeons to manage critical emergencies in vascular surgery and even routine vascular diseases with NCP, as a final point to limit the severe epidemic situation, and minimize the damage of NCP.\n", "Evidence Map": {"Enrollment": [], "Comparison Results": [], "Study Arm 1 Results": [], "Study Arm 2 Results": []}, "Sentence-level breakdown": [{"Section": "TITLE", "Text": "The novel coronavirus pneumonia ( NCP ) has cost a great loss to the health and economic property of Chines people .", "Evidence Elements": {"Participant": [], "Intervention": [], "Outcome": []}, "Evidence Propositions": []}, {"Section": "METHODS", "Text": "Combined with the latest novel government documents , the literature and the experiences from Wuhan , we answered the above questions briefly and plainly .", "Evidence Elements": {"Participant": [], "Intervention": [], "Outcome": []}, "Evidence Propositions": []}, {"Section": "CONCLUSIONS", "Text": "It also hopes to inspire the national vascular surgeons to manage critical emergencies in vascular surgery and even routine vascular diseases with NCP , as a final point to limit the severe epidemic situation , and minimize the damage of NCP .", "Evidence Elements": {"Participant": [], "Intervention": [], "Outcome": []}, "Evidence Propositions": []}]}