{"doc_id": "32074786", "type of study": "Therapy", "title": "", "abstract": "The outbreak of the novel coronavirus pneumonia (NCP) has become a public health emergency in China.\nChinese authorities and health agencies had devoted great efforts to control this disease.\nAs surgeons specialized in the treatment of gastrointestinal tumors, we should always be aware of the prevention for NCP and incorporate this awareness into every detail of clinical practice.\nFor the patients with gastrointestinal tumors, pre-admission screening should be done in order to rule out NCP.\nReal-time RT-PCR panel and chest CT scan should be conducted for patients with fever (>37.3C), travel history to Hubei Province within 14 days, or contact history with residents from Wuhan district within 14 days.\nPrevention measures for both medical staffs and the screen-negative admitted patients should also be enhanced because false negative is possible.\nMedical instruments should be properly discarded or disinfected according to standardized procedures established by the local center for disease control and prevention (CDC).\nSurgical operation should be reduced at a minimal level to prevent cross infection in this special period.\nSurgical intervention for benign tumor should be postponed.\nFor malignant tumor, multidisciplinary therapy (MDT) is recommended and non-surgical anti-tumor therapy should be selected with higher priority.\nNeoadjuvant therapy is highly recommended for gastrointestinal cancer at advanced stages that meet the indications of NCCN guideline (gastric cancer T stage >= 2/rectal cancer T stage >= 3/unresectable colon cancer).\nGastric or esophagogastricjunction (EGJ) malignant tumor with obstruction can be managed with gastric tube decompression or stent placement to relieve the symptoms.\nTransnasal enteral feeding tube intubation/percutaneous endoscopic gastrostomy could be adopted to ensure enteral nutrition supply.\nFor colorectal malignancy with simple intestinal obstruction, stent placement can achieve a high success rate, which not only helps avoid emergency surgery, but also creates a better condition for subsequent surgery.\nTranscatheter arterial embolization for hemostasis is an alternative choice for gastrointestinal tumor with bleeding.\nHowever, emergency operation still must be performed for patients with acute uncontrolled bleeding, obstruction or after other alternative treatment measures fail.\nAll cases with suspicious or confirmed with NCP must be reported to the local CDC department.\nAll invasive intervention must be performed in a designated isolation area.\nTertiary prevention measure must be adopted for all anesthetists with additional face mask or medical goggle protection to prevent respiratory droplet transmission.\nPreventive enterostomy is preferable in lower digestive tract surgery.\nThoroughly disinfecting the operating room after surgery is necessary.\nFever after surgery must be carefully differentiated whether it's caused by post-surgery abdominal infection/inflammation or NCP.\nSingle-room isolation and related examinations should be performed according to the standard procedures.\nWe believe that with the unprecedentedly joint efforts of doctors and patients, we will eventually win this war against NCP.\n", "Evidence Map": {"Enrollment": [{"term": "fever ( > 37.3C", "negation": "affirmed", "UMLS": "", "start": 79, "end": 94}, {"term": "travel history to Hubei Province", "negation": "affirmed", "UMLS": "", "start": 99, "end": 131}, {"term": "contact history", "negation": "affirmed", "UMLS": "", "start": 152, "end": 167}, {"term": "with NCP", "negation": "affirmed", "UMLS": "", "start": 39, "end": 47}, {"term": "lower digestive tract surgery", "negation": "affirmed", "UMLS": "", "start": 40, "end": 69}], "Comparison Results": [], "Study Arm 1 Results": [], "Study Arm 2 Results": []}, "Sentence-level breakdown": [{"Section": "TITLE", "Text": "The outbreak of the novel coronavirus pneumonia ( NCP ) has become a public health emergency in China .", "Evidence Elements": {"Participant": [], "Intervention": [], "Outcome": []}, "Evidence Propositions": []}, {"Section": "RESULTS", "Text": "However , emergency operation still must be performed for patients with acute uncontrolled bleeding , obstruction or after other alternative treatment measures fail .", "Evidence Elements": {"Participant": [], "Intervention": [], "Outcome": []}, "Evidence Propositions": []}, {"Section": "RESULTS", "Text": "All cases with suspicious or confirmed with NCP must be reported to the local CDC department .", "Evidence Elements": {"Participant": [{"term": "with NCP", "negation": "affirmed", "UMLS": "", "start": 39, "end": 47}], "Intervention": [], "Outcome": []}, "Evidence Propositions": []}, {"Section": "RESULTS", "Text": "All invasive intervention must be performed in a designated isolation area .", "Evidence Elements": {"Participant": [], "Intervention": [], "Outcome": []}, "Evidence Propositions": []}, {"Section": "CONCLUSIONS", "Text": "Tertiary prevention measure must be adopted for all anesthetists with additional face mask or medical goggle protection to prevent respiratory droplet transmission .", "Evidence Elements": {"Participant": [], "Intervention": [], "Outcome": []}, "Evidence Propositions": []}, {"Section": "CONCLUSIONS", "Text": "Preventive enterostomy is preferable in lower digestive tract surgery .", "Evidence Elements": {"Participant": [{"term": "lower digestive tract surgery", "negation": "affirmed", "UMLS": "", "start": 40, "end": 69}], "Intervention": [{"term": "Preventive enterostomy", "negation": "affirmed", "UMLS": "", "start": 0, "end": 22}], "Outcome": []}, "Evidence Propositions": []}, {"Section": "CONCLUSIONS", "Text": "Thoroughly disinfecting the operating room after surgery is necessary .", "Evidence Elements": {"Participant": [], "Intervention": [], "Outcome": []}, "Evidence Propositions": []}, {"Section": "CONCLUSIONS", "Text": "Fever after surgery must be carefully differentiated whether it 's caused by post-surgery abdominal infection / inflammation or NCP .", "Evidence Elements": {"Participant": [], "Intervention": [], "Outcome": []}, "Evidence Propositions": []}, {"Section": "CONCLUSIONS", "Text": "Single-room isolation and related examinations should be performed according to the standard procedures .", "Evidence Elements": {"Participant": [], "Intervention": [], "Outcome": []}, "Evidence Propositions": []}, {"Section": "CONCLUSIONS", "Text": "We believe that with the unprecedentedly joint efforts of doctors and patients , we will eventually win this war against NCP .", "Evidence Elements": {"Participant": [], "Intervention": [], "Outcome": []}, "Evidence Propositions": []}]}