{"doc_id": "32077660", "type of study": "Therapy", "title": "", "abstract": "Objective: To analyze the clinical characteristics of cases of novel coronavirus pneumonia and a preliminary study to explore the relationship between different clinical classification and liver damage.\nMethods: Consecutively confirmed novel coronavirus infection cases admitted to seven designated hospitals during January 23, 2020 to February 8, 2020 were included.\nClinical classification (mild, moderate, severe, and critical) was carried out according to the diagnosis and treatment program of novel coronavirus pneumonia (Trial Fifth Edition) issued by the National Health Commission.\nThe research data were analyzed using SPSS19.0 statistical software.\nQuantitative data were expressed as median (interquartile range), and qualitative data were expressed as frequency and rate.\nResults: 32 confirmed cases that met the inclusion criteria were included.\n28 cases were of mild or moderate type (87.50%), and four cases (12.50%) of severe or critical type.\nFour cases (12.5%) were combined with one underlying disease (bronchial asthma, coronary heart disease, malignant tumor, chronic kidney disease), and one case (3.13%) was simultaneously combined with high blood pressure and malignant tumor.\nThe results of laboratory examination showed that the alanine aminotransferase (ALT), aspartate aminotransferase (AST), albumin (ALB), and total bilirubin (TBil) for entire cohort were 26.98 (16.88 ~ 46.09) U/L and 24.75 (18.71 ~ 31.79) U/L, 39.00 (36.20 ~ 44.20) g/L and 16.40 (11.34 ~ 21.15) mumol/L, respectively.\nALT, AST, ALB and TBil of the mild or moderate subgroups were 22.75 (16.31 ~ 37.25) U/L, 23.63 (18.71 ~ 26.50) U/L, 39.70 (36.50 ~ 46.10) g/L, and 15.95 (11.34 ~ 20.83) mumol/L, respectively.\nALT, AST, ALB and TBil of the severe or critical subgroups were 60.25 (40.88 ~ 68.90) U/L, 37.00 (20.88 ~ 64.45) U/L, 35.75 (28.68 ~ 42.00) g/L, and 20.50 (11.28 ~ 25.00) mumol/L, respectively.\nConclusion: The results of this multicenter retrospective study suggests that novel coronavirus pneumonia combined with liver damage is more likely to be caused by adverse drug reactions and systemic inflammation in severe patients receiving medical treatment.\nTherefore, liver function monitoring and evaluation should be strengthened during the treatment of such patients.\n", "Evidence Map": {"Enrollment": [{"term": "novel coronavirus pneumonia", "negation": "affirmed", "UMLS": "", "start": 64, "end": 91}, {"term": "novel coronavirus infection", "negation": "affirmed", "UMLS": "", "start": 34, "end": 61}, {"term": "novel coronavirus pneumonia", "negation": "affirmed", "UMLS": "", "start": 136, "end": 163}, {"term": "bronchial asthma", "negation": "affirmed", "UMLS": "", "start": 66, "end": 82}, {"term": "coronary heart disease", "negation": "affirmed", "UMLS": "", "start": 85, "end": 107}, {"term": "malignant tumor", "negation": "affirmed", "UMLS": "", "start": 110, "end": 125}, {"term": "chronic kidney disease", "negation": "affirmed", "UMLS": "", "start": 128, "end": 150}, {"term": "severe", "negation": "affirmed", "UMLS": "", "start": 217, "end": 223}, {"term": "medical", "negation": "affirmed", "UMLS": "", "start": 243, "end": 250}], "Comparison Results": [], "Study Arm 1 Results": [], "Study Arm 2 Results": []}, "Sentence-level breakdown": [{"Section": "TITLE", "Text": "Objective : To analyze the clinical characteristics of cases of novel coronavirus pneumonia and a preliminary study to explore the relationship between different clinical classification and liver damage .", "Evidence Elements": {"Participant": [{"term": "novel coronavirus pneumonia", "negation": "affirmed", "UMLS": "", "start": 64, "end": 91}], "Intervention": [{"term": "different clinical classification and liver", "negation": "affirmed", "UMLS": "", "start": 152, "end": 195}], "Outcome": [{"term": "clinical characteristics", "negation": "affirmed", "UMLS": "", "start": 27, "end": 51}]}, "Evidence Propositions": []}, {"Section": "METHODS", "Text": "Methods : Consecutively confirmed novel coronavirus infection cases admitted to seven designated hospitals during January 23 , 2020 to February 8 , 2020 were included .", "Evidence Elements": {"Participant": [{"term": "novel coronavirus infection", "negation": "affirmed", "UMLS": "", "start": 34, "end": 61}], "Intervention": [], "Outcome": []}, "Evidence Propositions": []}, {"Section": "METHODS", "Text": "Clinical classification ( mild , moderate , severe , and critical ) was carried out according to the diagnosis and treatment program of novel coronavirus pneumonia ( Trial Fifth Edition ) issued by the National Health Commission .", "Evidence Elements": {"Participant": [{"term": "novel coronavirus pneumonia", "negation": "affirmed", "UMLS": "", "start": 136, "end": 163}], "Intervention": [], "Outcome": [{"term": "classification", "negation": "affirmed", "UMLS": "", "start": 9, "end": 23}]}, "Evidence Propositions": []}, {"Section": "METHODS", "Text": "The research data were analyzed using SPSS19.0 statistical software .", "Evidence Elements": {"Participant": [], "Intervention": [], "Outcome": []}, "Evidence Propositions": []}, {"Section": "METHODS", "Text": "Quantitative data were expressed as median ( interquartile range ) , and qualitative data were expressed as frequency and rate .", "Evidence Elements": {"Participant": [], "Intervention": [], "Outcome": []}, "Evidence Propositions": []}, {"Section": "RESULTS", "Text": "Results : 32 confirmed cases that met the inclusion criteria were included .", "Evidence Elements": {"Participant": [], "Intervention": [], "Outcome": []}, "Evidence Propositions": []}, {"Section": "RESULTS", "Text": "28 cases were of mild or moderate type ( 87.50 % ) , and four cases ( 12.50 % ) of severe or critical type .", "Evidence Elements": {"Participant": [], "Intervention": [{"term": "mild or moderate type", "negation": "affirmed", "UMLS": "", "start": 17, "end": 38}], "Outcome": []}, "Evidence Propositions": []}, {"Section": "RESULTS", "Text": "Four cases ( 12.5 % ) were combined with one underlying disease ( bronchial asthma , coronary heart disease , malignant tumor , chronic kidney disease ) , and one case ( 3.13 % ) was simultaneously combined with high blood pressure and malignant tumor .", "Evidence Elements": {"Participant": [{"term": "bronchial asthma", "negation": "affirmed", "UMLS": "", "start": 66, "end": 82}, {"term": "coronary heart disease", "negation": "affirmed", "UMLS": "", "start": 85, "end": 107}, {"term": "malignant tumor", "negation": "affirmed", "UMLS": "", "start": 110, "end": 125}, {"term": "chronic kidney disease", "negation": "affirmed", "UMLS": "", "start": 128, "end": 150}], "Intervention": [], "Outcome": []}, "Evidence Propositions": []}, {"Section": "RESULTS", "Text": "The results of laboratory examination showed that the alanine aminotransferase ( ALT ) , aspartate aminotransferase ( AST ) , albumin ( ALB ) , and total bilirubin ( TBil ) for entire cohort were 26.98 ( 16.88 ~ 46.09 ) U / L and 24.75 ( 18.71 ~ 31.79 ) U / L , 39.00 ( 36.20 ~ 44.20 ) g / L and 16.40 ( 11.34 ~ 21.15 ) mumol / L , respectively .", "Evidence Elements": {"Participant": [], "Intervention": [], "Outcome": [{"term": "alanine aminotransferase ( ALT )", "negation": "affirmed", "UMLS": "", "start": 54, "end": 86}, {"term": "aspartate aminotransferase ( AST )", "negation": "affirmed", "UMLS": "", "start": 89, "end": 123}, {"term": "albumin ( ALB )", "negation": "affirmed", "UMLS": "", "start": 126, "end": 141}, {"term": "total bilirubin ( TBil )", "negation": "affirmed", "UMLS": "", "start": 148, "end": 172}]}, "Evidence Propositions": []}, {"Section": "RESULTS", "Text": "ALT , AST , ALB and TBil of the mild or moderate subgroups were 22.75 ( 16.31 ~ 37.25 ) U / L , 23.63 ( 18.71 ~ 26.50 ) U / L , 39.70 ( 36.50 ~ 46.10 ) g / L , and 15.95 ( 11.34 ~ 20.83 ) mumol / L , respectively .", "Evidence Elements": {"Participant": [], "Intervention": [], "Outcome": [{"term": "ALT", "negation": "affirmed", "UMLS": "", "start": 0, "end": 3}, {"term": "AST", "negation": "affirmed", "UMLS": "", "start": 6, "end": 9}, {"term": "ALB", "negation": "affirmed", "UMLS": "", "start": 12, "end": 15}, {"term": "TBil", "negation": "affirmed", "UMLS": "", "start": 20, "end": 24}]}, "Evidence Propositions": []}, {"Section": "RESULTS", "Text": "ALT , AST , ALB and TBil of the severe or critical subgroups were 60.25 ( 40.88 ~ 68.90 ) U / L , 37.00 ( 20.88 ~ 64.45 ) U / L , 35.75 ( 28.68 ~ 42.00 ) g / L , and 20.50 ( 11.28 ~ 25.00 ) mumol / L , respectively .", "Evidence Elements": {"Participant": [], "Intervention": [], "Outcome": [{"term": "ALT", "negation": "affirmed", "UMLS": "", "start": 0, "end": 3}, {"term": "AST", "negation": "affirmed", "UMLS": "", "start": 6, "end": 9}, {"term": "ALB", "negation": "affirmed", "UMLS": "", "start": 12, "end": 15}, {"term": "TBil", "negation": "affirmed", "UMLS": "", "start": 20, "end": 24}]}, "Evidence Propositions": []}, {"Section": "CONCLUSIONS", "Text": "Conclusion : The results of this multicenter retrospective study suggests that novel coronavirus pneumonia combined with liver damage is more likely to be caused by adverse drug reactions and systemic inflammation in severe patients receiving medical treatment .", "Evidence Elements": {"Participant": [{"term": "severe", "negation": "affirmed", "UMLS": "", "start": 217, "end": 223}, {"term": "medical", "negation": "affirmed", "UMLS": "", "start": 243, "end": 250}], "Intervention": [{"term": "novel coronavirus pneumonia combined with liver damage", "negation": "affirmed", "UMLS": "", "start": 79, "end": 133}], "Outcome": [{"term": "adverse drug reactions", "negation": "affirmed", "UMLS": "", "start": 165, "end": 187}, {"term": "systemic inflammation", "negation": "affirmed", "UMLS": "", "start": 192, "end": 213}]}, "Evidence Propositions": [{"Intervention": ["novel coronavirus pneumonia combined with liver damage"], "Observation": "more likely", "Outcome": "adverse drug reactions", "Count": ""}, {"Intervention": ["novel coronavirus pneumonia combined with liver damage"], "Observation": "more likely", "Outcome": "systemic inflammation", "Count": ""}]}, {"Section": "CONCLUSIONS", "Text": "Therefore , liver function monitoring and evaluation should be strengthened during the treatment of such patients .", "Evidence Elements": {"Participant": [], "Intervention": [], "Outcome": []}, "Evidence Propositions": []}]}