{"doc_id": "32079150", "type of study": "Therapy", "title": "", "abstract": "The geographic spread of 2019 novel coronavirus (COVID-19) infections from the epicenter of Wuhan, China, has provided an opportunity to study the natural history of the recently emerged virus.\nUsing publicly available event-date data from the ongoing epidemic, the present study investigated the incubation period and other time intervals that govern the epidemiological dynamics of COVID-19 infections.\nOur results show that the incubation period falls within the range of 2-14 days with 95% confidence and has a mean of around 5 days when approximated using the best-fit lognormal distribution.\nThe mean time from illness onset to hospital admission (for treatment and/or isolation) was estimated at 3-4 days without truncation and at 5-9 days when right truncated.\nBased on the 95th percentile estimate of the incubation period, we recommend that the length of quarantine should be at least 14 days.\nThe median time delay of 13 days from illness onset to death (17 days with right truncation) should be considered when estimating the COVID-19 case fatality risk.\n", "Evidence Map": {"Enrollment": [{"term": "COVID-19", "negation": "affirmed", "UMLS": "", "start": 191, "end": 199}], "Comparison Results": [], "Study Arm 1 Results": [], "Study Arm 2 Results": []}, "Sentence-level breakdown": [{"Section": "TITLE", "Text": "The geographic spread of 2019 novel coronavirus ( COVID-19 ) infections from the epicenter of Wuhan , China , has provided an opportunity to study the natural history of the recently emerged virus .", "Evidence Elements": {"Participant": [], "Intervention": [], "Outcome": []}, "Evidence Propositions": []}, {"Section": "RESULTS", "Text": "Using publicly available event-date data from the ongoing epidemic , the present study investigated the incubation period and other time intervals that govern the epidemiological dynamics of COVID-19 infections .", "Evidence Elements": {"Participant": [{"term": "COVID-19", "negation": "affirmed", "UMLS": "", "start": 191, "end": 199}], "Intervention": [], "Outcome": [{"term": "incubation period", "negation": "affirmed", "UMLS": "", "start": 104, "end": 121}, {"term": "epidemiological dynamics", "negation": "affirmed", "UMLS": "", "start": 163, "end": 187}]}, "Evidence Propositions": []}, {"Section": "RESULTS", "Text": "Our results show that the incubation period falls within the range of 2-14 days with 95 % confidence and has a mean of around 5 days when approximated using the best-fit lognormal distribution .", "Evidence Elements": {"Participant": [], "Intervention": [], "Outcome": [{"term": "incubation period", "negation": "affirmed", "UMLS": "", "start": 26, "end": 43}, {"term": "mean", "negation": "affirmed", "UMLS": "", "start": 111, "end": 115}]}, "Evidence Propositions": []}, {"Section": "RESULTS", "Text": "The mean time from illness onset to hospital admission ( for treatment and / or isolation ) was estimated at 3-4 days without truncation and at 5-9 days when right truncated .", "Evidence Elements": {"Participant": [], "Intervention": [{"term": "without", "negation": "negated", "UMLS": "", "start": 118, "end": 125}, {"term": "truncation", "negation": "negated", "UMLS": "", "start": 126, "end": 136}], "Outcome": [{"term": "mean time from illness onset to hospital admission", "negation": "affirmed", "UMLS": "", "start": 4, "end": 54}, {"term": "or isolation", "negation": "affirmed", "UMLS": "", "start": 77, "end": 89}]}, "Evidence Propositions": []}, {"Section": "RESULTS", "Text": "Based on the 95th percentile estimate of the incubation period , we recommend that the length of quarantine should be at least 14 days .", "Evidence Elements": {"Participant": [], "Intervention": [], "Outcome": []}, "Evidence Propositions": []}, {"Section": "CONCLUSIONS", "Text": "The median time delay of 13 days from illness onset to death ( 17 days with right truncation ) should be considered when estimating the COVID-19 case fatality risk .", "Evidence Elements": {"Participant": [], "Intervention": [{"term": "right truncation", "negation": "affirmed", "UMLS": "", "start": 76, "end": 92}], "Outcome": [{"term": "median time delay", "negation": "affirmed", "UMLS": "", "start": 4, "end": 21}, {"term": "COVID-19 case", "negation": "affirmed", "UMLS": "", "start": 136, "end": 149}]}, "Evidence Propositions": [{"Intervention": "right truncation", "Observation": "17 days", "Outcome": "median time delay", "Count": ""}]}]}