{"doc_id": "32074550", "type of study": "Therapy", "title": "", "abstract": "The coronavirus disease 2019 (COVID-19) virus is spreading rapidly, and scientists are endeavoring to discover drugs for its efficacious treatment in China.\nChloroquine phosphate, an old drug for treatment of malaria, is shown to have apparent efficacy and acceptable safety against COVID-19 associated pneumonia in multicenter clinical trials conducted in China.\nThe drug is recommended to be included in the next version of the Guidelines for the Prevention, Diagnosis, and Treatment of Pneumonia Caused by COVID-19 issued by the National Health Commission of the People's Republic of China for treatment of COVID-19 infection in larger populations in the future.\n", "Evidence Map": {"Enrollment": [{"term": "COVID-19 associated pneumonia", "negation": "affirmed", "UMLS": "", "start": 128, "end": 157}], "Comparison Results": [], "Study Arm 1 Results": [], "Study Arm 2 Results": []}, "Sentence-level breakdown": [{"Section": "TITLE", "Text": "The coronavirus disease 2019 ( COVID-19 ) virus is spreading rapidly , and scientists are endeavoring to discover drugs for its efficacious treatment in China .", "Evidence Elements": {"Participant": [], "Intervention": [], "Outcome": []}, "Evidence Propositions": []}, {"Section": "CONCLUSIONS", "Text": "Chloroquine phosphate , an old drug for treatment of malaria , is shown to have apparent efficacy and acceptable safety against COVID-19 associated pneumonia in multicenter clinical trials conducted in China .", "Evidence Elements": {"Participant": [{"term": "COVID-19 associated pneumonia", "negation": "affirmed", "UMLS": "", "start": 128, "end": 157}], "Intervention": [{"term": "Chloroquine phosphate", "negation": "affirmed", "UMLS": "", "start": 0, "end": 21}], "Outcome": [{"term": "efficacy", "negation": "affirmed", "UMLS": "", "start": 89, "end": 97}, {"term": "safety", "negation": "affirmed", "UMLS": "", "start": 113, "end": 119}]}, "Evidence Propositions": []}, {"Section": "CONCLUSIONS", "Text": "The drug is recommended to be included in the next version of the Guidelines for the Prevention , Diagnosis , and Treatment of Pneumonia Caused by COVID-19 issued by the National Health Commission of the People 's Republic of China for treatment of COVID-19 infection in larger populations in the future .", "Evidence Elements": {"Participant": [], "Intervention": [], "Outcome": []}, "Evidence Propositions": []}]}