{"doc_id": "32077441", "type of study": "Therapy", "title": "", "abstract": "2019 12    ,                    (  :    , 2019 novel coronavirus disease, COVID-19),                     ,                                ,        ,           ,                                 ,                       ,            ,                  ,         ,              ,         ,\n", "Evidence Map": {"Enrollment": [], "Comparison Results": [], "Study Arm 1 Results": [], "Study Arm 2 Results": []}, "Sentence-level breakdown": [{"Section": "TITLE", "Text": "2019 12 , ( : , 2019 novel coronavirus disease , COVID-19 ) , , , , , , , , , , , ,", "Evidence Elements": {"Participant": [], "Intervention": [], "Outcome": []}, "Evidence Propositions": []}]}