{"doc_id": "32075877", "type of study": "Therapy", "title": "", "abstract": "The outbreak of a novel betacoronavirus (2019-nCoV) represents a pandemic threat that has been declared a public health emergency of international concern.\nThe CoV spike (S) glycoprotein is a key target for vaccines, therapeutic antibodies, and diagnostics.\nTo facilitate medical countermeasure (MCM) development, we determined a 3.5 A-resolution cryo-EM structure of the 2019-nCoV S trimer in the prefusion conformation.\nThe predominant state of the trimer has one of the three receptor-binding domains (RBDs) rotated up in a receptor-accessible conformation.\nWe also show biophysical and structural evidence that the 2019-nCoV S binds ACE2 with higher affinity than SARS-CoV S. Additionally, we tested several published SARS-CoV RBD-specific monoclonal antibodies and found that they do not have appreciable binding to 2019-nCoV S, suggesting antibody cross-reactivity may be limited between the two RBDs.\nThe structure of 2019-nCoV S should enable rapid development and evaluation of MCMs to address the ongoing public health crisis.\n", "Evidence Map": {"Enrollment": [], "Comparison Results": [], "Study Arm 1 Results": [], "Study Arm 2 Results": []}, "Sentence-level breakdown": [{"Section": "TITLE", "Text": "The outbreak of a novel betacoronavirus ( 2019-nCoV ) represents a pandemic threat that has been declared a public health emergency of international concern .", "Evidence Elements": {"Participant": [], "Intervention": [], "Outcome": []}, "Evidence Propositions": []}, {"Section": "RESULTS", "Text": "To facilitate medical countermeasure ( MCM ) development , we determined a 3.5 A-resolution cryo-EM structure of the 2019-nCoV S trimer in the prefusion conformation .", "Evidence Elements": {"Participant": [], "Intervention": [{"term": "2019-nCoV S trimer", "negation": "affirmed", "UMLS": "", "start": 117, "end": 135}], "Outcome": [{"term": "medical countermeasure", "negation": "affirmed", "UMLS": "", "start": 14, "end": 36}]}, "Evidence Propositions": []}, {"Section": "RESULTS", "Text": "The predominant state of the trimer has one of the three receptor-binding domains ( RBDs ) rotated up in a receptor-accessible conformation .", "Evidence Elements": {"Participant": [], "Intervention": [], "Outcome": []}, "Evidence Propositions": []}, {"Section": "RESULTS", "Text": "We also show biophysical and structural evidence that the 2019-nCoV S binds ACE2 with higher affinity than SARS-CoV S . Additionally , we tested several published SARS-CoV RBD-specific monoclonal antibodies and found that they do not have appreciable binding to 2019-nCoV S , suggesting antibody cross-reactivity may be limited between the two RBDs .", "Evidence Elements": {"Participant": [], "Intervention": [{"term": "2019-nCoV S", "negation": "negated", "UMLS": "", "start": 58, "end": 69}, {"term": "SARS-CoV S", "negation": "affirmed", "UMLS": "", "start": 107, "end": 117}, {"term": "2019-nCoV S", "negation": "negated", "UMLS": "", "start": 58, "end": 69}], "Outcome": [{"term": "ACE2", "negation": "affirmed", "UMLS": "", "start": 76, "end": 80}, {"term": "affinity", "negation": "affirmed", "UMLS": "", "start": 93, "end": 101}, {"term": "binding", "negation": "negated", "UMLS": "", "start": 251, "end": 258}, {"term": "antibody cross-reactivity", "negation": "negated", "UMLS": "", "start": 287, "end": 312}]}, "Evidence Propositions": [{"Intervention": [], "Observation": "higher", "Outcome": "", "Count": ""}]}, {"Section": "CONCLUSIONS", "Text": "The structure of 2019-nCoV S should enable rapid development and evaluation of MCMs to address the ongoing public health crisis .", "Evidence Elements": {"Participant": [], "Intervention": [], "Outcome": []}, "Evidence Propositions": []}]}