{"doc_id": "32072569", "type of study": "Therapy", "title": "", "abstract": "There is a current worldwide outbreak of a new type of coronavirus (2019-nCoV), which originated from Wuhan in China and has now spread to 17 other countries.\nGovernments are under increased pressure to stop the outbreak spiraling into a global health emergency.\nAt this stage, preparedness, transparency, and sharing of information are crucial to risk assessments and beginning outbreak control activities.\nThis information should include reports from outbreak sites and from laboratories supporting the investigation.\nThis paper aggregates and consolidates the virology, epidemiology, clinical management strategies from both English and Chinese literature, official news channels, and other official government documents.\nIn addition, by fitting the number of infections with a single-term exponential model, we report that the infection is spreading at an exponential rate, with a doubling period of 1.8 days.\n", "Evidence Map": {"Enrollment": [], "Comparison Results": [], "Study Arm 1 Results": [], "Study Arm 2 Results": []}, "Sentence-level breakdown": [{"Section": "TITLE", "Text": "There is a current worldwide outbreak of a new type of coronavirus ( 2019-nCoV ) , which originated from Wuhan in China and has now spread to 17 other countries .", "Evidence Elements": {"Participant": [], "Intervention": [], "Outcome": []}, "Evidence Propositions": []}, {"Section": "RESULTS", "Text": "This paper aggregates and consolidates the virology , epidemiology , clinical management strategies from both English and Chinese literature , official news channels , and other official government documents .", "Evidence Elements": {"Participant": [], "Intervention": [], "Outcome": [{"term": "clinical management strategies", "negation": "affirmed", "UMLS": "", "start": 69, "end": 99}]}, "Evidence Propositions": []}, {"Section": "CONCLUSIONS", "Text": "In addition , by fitting the number of infections with a single-term exponential model , we report that the infection is spreading at an exponential rate , with a doubling period of 1.8 days .", "Evidence Elements": {"Participant": [], "Intervention": [], "Outcome": [{"term": "number of infections", "negation": "affirmed", "UMLS": "", "start": 29, "end": 49}, {"term": "infection", "negation": "affirmed", "UMLS": "", "start": 39, "end": 48}]}, "Evidence Propositions": []}]}