{"doc_id": "32077661", "type of study": "Therapy", "title": "", "abstract": "Definite evidence has shown that the novel coronavirus (COVID-19) could be transmitted from person to person, so far more than 1,700 bedside clinicians have been infected.\nA lot of respiratory treatments for critically ill patients are deemed as high-risk factors for nosocomial transmission, such as intubation, manual ventilation by resuscitator, noninvasive ventilation, high-flow nasal cannula, bronchoscopy examination, suction and patient transportation, etc, due to its high possibility to cause or worsen the spread of the virus.\nAs such, we developed this consensus recommendations on all those high-risk treatments, based on the current evidence as well as the resource limitation in some areas, with the aim to reduce the nosocomial transmission and optimize the treatment for the COVID-19 pneumonia patients.\nThose recommendations include: (1) Standard prevention and protection, and patient isolation; (2) Patient wearing mask during HFNC treatment; (3) Using dual limb ventilator with filters placed at the ventilator outlets, or using heat-moisture exchanger (HME) instead of heated humidification in single limb ventilator with HME placed between exhalation port and mask; avoid using mask with exhalation port on the mask; (4) Placing filter between resuscitator and mask or artificial airway; (5) For spontaneous breathing patients, placing mask for patients during bronchoscopy examination; for patients receiving noninvasive ventilation, using the special mask with bronchoscopy port to perform bronchoscopy; (6) Using sedation and paralytics during intubation, cuff pressure should be maintained between 25-30 cmH(2)O; (7) In-line suction catheter is recommended and it can be used for one week; (8) Dual-limb heated wire circuits are recommended and only changed with visible soiled; (9.\nFor patients who need breathing support during transportation, placing an HME between ventilator and patient; (10) PSV is recommended for implementing spontaneous breathing trial (SBT), avoid using T-piece to do SBT.\nWhen tracheotomy patients are weaned from ventilator, HME should be used, avoid using T-piece or tracheostomy mask.\n(11) Avoid unnecessary bronchial hygiene therapy; (12) For patients who need aerosol therapy, dry powder inhaler metered dose inhaler with spacer is recommended for spontaneous breathing patients; while vibrating mesh nebulizer is recommended for ventilated patients and additional filter is recommended to be placed at the expiratory port of ventilation during nebulization.\n", "Evidence Map": {"Enrollment": [{"term": "HFNC treatment", "negation": "affirmed", "UMLS": "", "start": 133, "end": 147}, {"term": "spontaneous breathing", "negation": "affirmed", "UMLS": "", "start": 518, "end": 539}, {"term": "aerosol therapy", "negation": "affirmed", "UMLS": "", "start": 82, "end": 97}, {"term": "spontaneous breathing", "negation": "affirmed", "UMLS": "", "start": 171, "end": 192}, {"term": "ventilated", "negation": "affirmed", "UMLS": "", "start": 254, "end": 264}], "Comparison Results": [], "Study Arm 1 Results": [], "Study Arm 2 Results": []}, "Sentence-level breakdown": [{"Section": "TITLE", "Text": "Definite evidence has shown that the novel coronavirus ( COVID-19 ) could be transmitted from person to person , so far more than 1,700 bedside clinicians have been infected .", "Evidence Elements": {"Participant": [], "Intervention": [], "Outcome": []}, "Evidence Propositions": []}, {"Section": "RESULTS", "Text": "A lot of respiratory treatments for critically ill patients are deemed as high-risk factors for nosocomial transmission , such as intubation , manual ventilation by resuscitator , noninvasive ventilation , high-flow nasal cannula , bronchoscopy examination , suction and patient transportation , etc , due to its high possibility to cause or worsen the spread of the virus .", "Evidence Elements": {"Participant": [], "Intervention": [], "Outcome": []}, "Evidence Propositions": []}, {"Section": "RESULTS", "Text": "As such , we developed this consensus recommendations on all those high-risk treatments , based on the current evidence as well as the resource limitation in some areas , with the aim to reduce the nosocomial transmission and optimize the treatment for the COVID-19 pneumonia patients .", "Evidence Elements": {"Participant": [], "Intervention": [{"term": "treatments", "negation": "affirmed", "UMLS": "", "start": 77, "end": 87}], "Outcome": [{"term": "nosocomial transmission", "negation": "affirmed", "UMLS": "", "start": 198, "end": 221}, {"term": "treatment", "negation": "affirmed", "UMLS": "", "start": 77, "end": 86}]}, "Evidence Propositions": []}, {"Section": "RESULTS", "Text": "Those recommendations include : ( 1 ) Standard prevention and protection , and patient isolation ; ( 2 ) Patient wearing mask during HFNC treatment ; ( 3 ) Using dual limb ventilator with filters placed at the ventilator outlets , or using heat-moisture exchanger ( HME ) instead of heated humidification in single limb ventilator with HME placed between exhalation port and mask ; avoid using mask with exhalation port on the mask ; ( 4 ) Placing filter between resuscitator and mask or artificial airway ; ( 5 ) For spontaneous breathing patients , placing mask for patients during", "Evidence Elements": {"Participant": [{"term": "HFNC treatment", "negation": "affirmed", "UMLS": "", "start": 133, "end": 147}, {"term": "spontaneous breathing", "negation": "affirmed", "UMLS": "", "start": 518, "end": 539}], "Intervention": [{"term": "Standard prevention", "negation": "affirmed", "UMLS": "", "start": 38, "end": 57}, {"term": "isolation", "negation": "affirmed", "UMLS": "", "start": 87, "end": 96}, {"term": "wearing mask", "negation": "affirmed", "UMLS": "", "start": 113, "end": 125}, {"term": "dual limb ventilator with filters placed at the ventilator outlets", "negation": "affirmed", "UMLS": "", "start": 162, "end": 228}, {"term": "heat-moisture exchanger ( HME ) instead of heated humidification", "negation": "affirmed", "UMLS": "", "start": 240, "end": 304}, {"term": "limb ventilator with HME placed between exhalation port and mask", "negation": "affirmed", "UMLS": "", "start": 315, "end": 379}, {"term": "mask with exhalation port on the mask", "negation": "affirmed", "UMLS": "", "start": 394, "end": 431}, {"term": "Placing filter between resuscitator and mask or artificial airway", "negation": "affirmed", "UMLS": "", "start": 440, "end": 505}, {"term": "mask", "negation": "affirmed", "UMLS": "", "start": 121, "end": 125}], "Outcome": []}, "Evidence Propositions": []}, {"Section": "RESULTS", "Text": "For patients who need breathing support during transportation , placing an HME between ventilator and patient ; ( 10 ) PSV is recommended for implementing spontaneous breathing trial ( SBT ) , avoid using T-piece to do SBT .", "Evidence Elements": {"Participant": [], "Intervention": [], "Outcome": []}, "Evidence Propositions": []}, {"Section": "RESULTS", "Text": "When tracheotomy patients are weaned from ventilator , HME should be used , avoid using T-piece or tracheostomy mask .", "Evidence Elements": {"Participant": [], "Intervention": [], "Outcome": []}, "Evidence Propositions": []}, {"Section": "CONCLUSIONS", "Text": "( 11 ) Avoid unnecessary bronchial hygiene therapy ; ( 12 ) For patients who need aerosol therapy , dry powder inhaler metered dose inhaler with spacer is recommended for spontaneous breathing patients ; while vibrating mesh nebulizer is recommended for ventilated patients and additional filter is recommended to be placed at the expiratory port of ventilation during nebulization .", "Evidence Elements": {"Participant": [{"term": "aerosol therapy", "negation": "affirmed", "UMLS": "", "start": 82, "end": 97}, {"term": "spontaneous breathing", "negation": "affirmed", "UMLS": "", "start": 171, "end": 192}, {"term": "ventilated", "negation": "affirmed", "UMLS": "", "start": 254, "end": 264}], "Intervention": [{"term": "dry powder inhaler metered dose inhaler with spacer", "negation": "affirmed", "UMLS": "", "start": 100, "end": 151}, {"term": "vibrating mesh nebulizer", "negation": "affirmed", "UMLS": "", "start": 210, "end": 234}, {"term": "additional filter", "negation": "affirmed", "UMLS": "", "start": 278, "end": 295}], "Outcome": []}, "Evidence Propositions": []}]}