{"doc_id": "32081428", "type of study": "Therapy", "title": "", "abstract": "2019-nCoV is a newly identified coronavirus with high similarity to SARS-CoV. We performed a structural analysis of the receptor binding domain (RBD) of spike glycoprotein responsible for entry of coronaviruses into host cells.\nThe RBDs from the two viruses share 72% identity in amino acid sequences, and molecular simulation reveals highly similar ternary structures.\nHowever, 2019-nCoV has a distinct loop with flexible glycyl residues replacing rigid prolyl residues in SARS-CoV. Molecular modeling revealed that 2019-nCoV RBD has a stronger interaction with angiotensin converting enzyme 2 (ACE2).\nA unique phenylalanine F486 in the flexible loop likely plays a major role because its penetration into a deep hydrophobic pocket in ACE2.\nACE2 is widely expressed with conserved primary structures throughout the animal kingdom from fish, amphibians, reptiles, birds, to mammals.\nStructural analysis suggests that ACE2 from these animals can potentially bind RBD of 2019-nCoV, making them all possible natural hosts for the virus.\n2019-nCoV is thought to be transmitted through respiratory droplets.\nHowever, since ACE2 is predominantly expressed in intestines, testis, and kidney, fecal-oral and other routes of transmission are also possible.\nFinally, antibodies and small molecular inhibitors that can block the interaction of ACE2 with RBD should be developed to combat the virus.\nSpike glycoprotein of 2019-nCoV may confer a strong ACE2 receptor binding.\nConserved expression of ACE2 suggests a wide range of natural hosts for 2019-nCoV. Tissue expression of ACE2 suggests multiple routes of 2019-nCoV transmission.\n", "Evidence Map": {"Enrollment": [], "Comparison Results": [], "Study Arm 1 Results": [], "Study Arm 2 Results": []}, "Sentence-level breakdown": [{"Section": "TITLE", "Text": "2019-nCoV is a newly identified coronavirus with high similarity to SARS-CoV . We performed a structural analysis of the receptor binding domain ( RBD ) of spike glycoprotein responsible for entry of coronaviruses into host cells .", "Evidence Elements": {"Participant": [], "Intervention": [], "Outcome": []}, "Evidence Propositions": []}, {"Section": "RESULTS", "Text": "The RBDs from the two viruses share 72 % identity in amino acid sequences , and molecular simulation reveals highly similar ternary structures .", "Evidence Elements": {"Participant": [], "Intervention": [], "Outcome": []}, "Evidence Propositions": []}, {"Section": "RESULTS", "Text": "However , 2019-nCoV has a distinct loop with flexible glycyl residues replacing rigid prolyl residues in SARS-CoV . Molecular modeling revealed that 2019-nCoV RBD has a stronger interaction with angiotensin converting enzyme 2 ( ACE2 ) .", "Evidence Elements": {"Participant": [], "Intervention": [{"term": "2019-nCoV", "negation": "affirmed", "UMLS": "", "start": 10, "end": 19}, {"term": "2019-nCoV RBD", "negation": "affirmed", "UMLS": "", "start": 149, "end": 162}], "Outcome": [{"term": "loop", "negation": "affirmed", "UMLS": "", "start": 35, "end": 39}, {"term": "interaction", "negation": "affirmed", "UMLS": "", "start": 178, "end": 189}, {"term": "angiotensin converting enzyme", "negation": "affirmed", "UMLS": "", "start": 195, "end": 224}]}, "Evidence Propositions": []}, {"Section": "RESULTS", "Text": "A unique phenylalanine F486 in the flexible loop likely plays a major role because its penetration into a deep hydrophobic pocket in ACE2 .", "Evidence Elements": {"Participant": [], "Intervention": [], "Outcome": []}, "Evidence Propositions": []}, {"Section": "RESULTS", "Text": "ACE2 is widely expressed with conserved primary structures throughout the animal kingdom from fish , amphibians , reptiles , birds , to mammals .", "Evidence Elements": {"Participant": [], "Intervention": [], "Outcome": []}, "Evidence Propositions": []}, {"Section": "RESULTS", "Text": "Structural analysis suggests that ACE2 from these animals can potentially bind RBD of 2019-nCoV , making them all possible natural hosts for the virus .", "Evidence Elements": {"Participant": [], "Intervention": [], "Outcome": [{"term": "of 2019-nCoV", "negation": "affirmed", "UMLS": "", "start": 83, "end": 95}]}, "Evidence Propositions": []}, {"Section": "RESULTS", "Text": "2019-nCoV is thought to be transmitted through respiratory droplets .", "Evidence Elements": {"Participant": [], "Intervention": [], "Outcome": []}, "Evidence Propositions": []}, {"Section": "RESULTS", "Text": "However , since ACE2 is predominantly expressed in intestines , testis , and kidney , fecal-oral and other routes of transmission are also possible .", "Evidence Elements": {"Participant": [], "Intervention": [], "Outcome": []}, "Evidence Propositions": []}, {"Section": "RESULTS", "Text": "Finally , antibodies and small molecular inhibitors that can block the interaction of ACE2 with RBD should be developed to combat the virus .", "Evidence Elements": {"Participant": [], "Intervention": [], "Outcome": []}, "Evidence Propositions": []}, {"Section": "RESULTS", "Text": "Spike glycoprotein of 2019-nCoV may confer a strong ACE2 receptor binding .", "Evidence Elements": {"Participant": [], "Intervention": [], "Outcome": []}, "Evidence Propositions": []}, {"Section": "CONCLUSIONS", "Text": "Conserved expression of ACE2 suggests a wide range of natural hosts for 2019-nCoV . Tissue expression of ACE2 suggests multiple routes of 2019-nCoV transmission .", "Evidence Elements": {"Participant": [], "Intervention": [{"term": "Conserved expression of ACE2", "negation": "affirmed", "UMLS": "", "start": 0, "end": 28}], "Outcome": [{"term": "2019-nCoV", "negation": "affirmed", "UMLS": "", "start": 72, "end": 81}, {"term": "Tissue expression of ACE2", "negation": "affirmed", "UMLS": "", "start": 84, "end": 109}, {"term": "2019-nCoV", "negation": "affirmed", "UMLS": "", "start": 72, "end": 81}]}, "Evidence Propositions": [{"Intervention": "Conserved expression of ACE2", "Observation": "wide range of natural hosts", "Outcome": "2019-nCoV", "Count": ""}]}]}