{"doc_id": "32087334", "type of study": "Therapy", "title": "", "abstract": "At the end of December 2019, a novel coronavirus, 2019-nCoV, caused an outbreak of pneumonia spreading from Wuhan, Hubei province, to the whole country of China, which has posed great threats to public health and attracted enormous attention around the world.\nTo date, there are no clinically approved vaccines or antiviral drugs available for these human coronavirus infections.\nIntensive research on the novel emerging human infectious coronaviruses is urgently needed to elucidate their route of transmission and pathogenic mechanisms, and to identify potential drug targets, which would promote the development of effective preventive and therapeutic countermeasures.\nHerein, we describe the epidemic and etiological characteristics of 2019-nCoV, discuss its essential biological features, including tropism and receptor usage, summarize approaches for disease prevention and treatment, and speculate on the transmission route of 2019-nCoV.\n", "Evidence Map": {"Enrollment": [], "Comparison Results": [], "Study Arm 1 Results": [], "Study Arm 2 Results": []}, "Sentence-level breakdown": [{"Section": "TITLE", "Text": "At the end of December 2019 , a novel coronavirus , 2019-nCoV , caused an outbreak of pneumonia spreading from Wuhan , Hubei province , to the whole country of China , which has posed great threats to public health and attracted enormous attention around the world .", "Evidence Elements": {"Participant": [], "Intervention": [], "Outcome": []}, "Evidence Propositions": []}, {"Section": "CONCLUSIONS", "Text": "Herein , we describe the epidemic and etiological characteristics of 2019-nCoV , discuss its essential biological features , including tropism and receptor usage , summarize approaches for disease prevention and treatment , and speculate on the transmission route of 2019-nCoV .", "Evidence Elements": {"Participant": [], "Intervention": [{"term": "2019-nCoV", "negation": "affirmed", "UMLS": "", "start": 69, "end": 78}], "Outcome": [{"term": "epidemic and etiological characteristics", "negation": "affirmed", "UMLS": "", "start": 25, "end": 65}]}, "Evidence Propositions": []}]}