{"doc_id": "32087621", "type of study": "Therapy", "title": "", "abstract": "COVID-19 has been prevalent in Wuhan and spread rapidly to all of our country.\nSome cases can develop into ARDS, or even death.\nWe will share the treatment experience of severe COVID-19 with the first-line treatment experience.\nThe best respiratory support mode should be selected, but the timing of intubation and protection during intubation are two difficulties; patients with high level peep and poor effect in prone position can be given ECMO support.\nFor COVID-19 patients with mechanical ventilation, reasonable sedation and analgesia strategies should be formulated; delirium should not be ignored.\nIn addition, there is up regulation of inflammatory factors in patients with severe COVID-19, but the effect of renal replacement therapy needs to be further confirmed by clinical research.\n", "Evidence Map": {"Enrollment": [{"term": "severe COVID-19", "negation": "affirmed", "UMLS": "", "start": 42, "end": 57}], "Comparison Results": [], "Study Arm 1 Results": [], "Study Arm 2 Results": []}, "Sentence-level breakdown": [{"Section": "TITLE", "Text": "COVID-19 has been prevalent in Wuhan and spread rapidly to all of our country .", "Evidence Elements": {"Participant": [], "Intervention": [], "Outcome": []}, "Evidence Propositions": []}, {"Section": "RESULTS", "Text": "We will share the treatment experience of severe COVID-19 with the first-line treatment experience .", "Evidence Elements": {"Participant": [{"term": "severe COVID-19", "negation": "affirmed", "UMLS": "", "start": 42, "end": 57}], "Intervention": [], "Outcome": []}, "Evidence Propositions": []}, {"Section": "RESULTS", "Text": "The best respiratory support mode should be selected , but the timing of intubation and protection during intubation are two difficulties ; patients with high level peep and poor effect in prone position can be given ECMO support .", "Evidence Elements": {"Participant": [], "Intervention": [], "Outcome": []}, "Evidence Propositions": []}, {"Section": "RESULTS", "Text": "For COVID-19 patients with mechanical ventilation , reasonable sedation and analgesia strategies should be formulated ; delirium should not be ignored .", "Evidence Elements": {"Participant": [], "Intervention": [], "Outcome": []}, "Evidence Propositions": []}, {"Section": "CONCLUSIONS", "Text": "In addition , there is up regulation of inflammatory factors in patients with severe COVID-19 , but the effect of renal replacement therapy needs to be further confirmed by clinical research .", "Evidence Elements": {"Participant": [], "Intervention": [], "Outcome": []}, "Evidence Propositions": []}]}