{"doc_id": "32084675", "type of study": "Therapy", "title": "", "abstract": "In December 2019, a new outbreak of coronavirus pneumonia began to occur.\nIts pathogen is 2019-nCoV, which has the characteristics of strong infectivity and general susceptibility.\nThe current situation of prevention and control of new coronavirus pneumonia is severe.\nIn this context, as front-line medical workers bearing important responsibilities and pressure, while through strict management strategy, we can minimize the risk of infection exposure.\nBy summarizing the research progress and guidelines in recent years in the fields of colorectal cancer disease screening, treatment strategies(including early colorectal cancer, locally advanced colorectal cancer, obstructive colorectal cancer, metastatic colorectal cancer and the treatment of patients after neoadjuvant therapy), the choice of medication and time limit for adjuvant therapy, the protective measures for patients undergoing emergency surgery, the re-examination of postoperative patients and the protection of medical staff, etc., authors improve treatment strategies in order to provide more choices for patients to obtain the best treatment under the severe epidemic situation of new coronavirus pneumonia.\nMeanwhile we hope that it can also provide more timely treatment modeling schemes for colleagues.\n", "Evidence Map": {"Enrollment": [{"term": "early colorectal cancer", "negation": "affirmed", "UMLS": "", "start": 156, "end": 179}, {"term": "locally advanced colorectal cancer", "negation": "affirmed", "UMLS": "", "start": 182, "end": 216}, {"term": "obstructive colorectal cancer", "negation": "affirmed", "UMLS": "", "start": 219, "end": 248}, {"term": "metastatic colorectal cancer", "negation": "affirmed", "UMLS": "", "start": 251, "end": 279}, {"term": "neoadjuvant therapy", "negation": "affirmed", "UMLS": "", "start": 316, "end": 335}, {"term": "emergency surgery", "negation": "affirmed", "UMLS": "", "start": 451, "end": 468}], "Comparison Results": [], "Study Arm 1 Results": [], "Study Arm 2 Results": []}, "Sentence-level breakdown": [{"Section": "TITLE", "Text": "In December 2019 , a new outbreak of coronavirus pneumonia began to occur .", "Evidence Elements": {"Participant": [], "Intervention": [], "Outcome": []}, "Evidence Propositions": []}, {"Section": "CONCLUSIONS", "Text": "The current situation of prevention and control of new coronavirus pneumonia is severe .", "Evidence Elements": {"Participant": [], "Intervention": [], "Outcome": []}, "Evidence Propositions": []}, {"Section": "CONCLUSIONS", "Text": "In this context , as front-line medical workers bearing important responsibilities and pressure , while through strict management strategy , we can minimize the risk of infection exposure .", "Evidence Elements": {"Participant": [], "Intervention": [], "Outcome": []}, "Evidence Propositions": []}, {"Section": "CONCLUSIONS", "Text": "By summarizing the research progress and guidelines in recent years in the fields of colorectal cancer disease screening , treatment strategies ( including early colorectal cancer , locally advanced colorectal cancer , obstructive colorectal cancer , metastatic colorectal cancer and the treatment of patients after neoadjuvant therapy ) , the choice of medication and time limit for adjuvant therapy , the protective measures for patients undergoing emergency surgery , the re-examination of postoperative patients and the protection of medical staff , etc . , authors improve treatment strategies in order to provide more choices for patients to obtain the best treatment", "Evidence Elements": {"Participant": [{"term": "early colorectal cancer", "negation": "affirmed", "UMLS": "", "start": 156, "end": 179}, {"term": "locally advanced colorectal cancer", "negation": "affirmed", "UMLS": "", "start": 182, "end": 216}, {"term": "obstructive colorectal cancer", "negation": "affirmed", "UMLS": "", "start": 219, "end": 248}, {"term": "metastatic colorectal cancer", "negation": "affirmed", "UMLS": "", "start": 251, "end": 279}, {"term": "neoadjuvant therapy", "negation": "affirmed", "UMLS": "", "start": 316, "end": 335}, {"term": "emergency surgery", "negation": "affirmed", "UMLS": "", "start": 451, "end": 468}], "Intervention": [], "Outcome": [{"term": "protective measures", "negation": "affirmed", "UMLS": "", "start": 407, "end": 426}, {"term": "re-examination of", "negation": "affirmed", "UMLS": "", "start": 475, "end": 492}]}, "Evidence Propositions": []}, {"Section": "CONCLUSIONS", "Text": "Meanwhile we hope that it can also provide more timely treatment modeling schemes for colleagues .", "Evidence Elements": {"Participant": [], "Intervention": [], "Outcome": []}, "Evidence Propositions": []}]}