{"doc_id": "32096396", "type of study": "Therapy", "title": "", "abstract": "The outbreak of COVID-19 occurred in Wuhan, Hubei province of China, at the end of 2019, and spread rapidly across the country.\nAfter the outbreak of this disease, the overwhelming majority of cities have launched the \"first level response\" and the regular diagnosis and treatment of cancer patients are greatly affected.\nThe digestive systemic cancer is the most common malignancy.\nMost patients are diagnosed in the advanced stage with poor prognosis.\nThe epidemic of COVID-19 poses new challenges to diagnosis and treatment of the patients with digestive system malignancies.\nBased on the fully understanding of the characteristics of digestive system tumors, we should change the treatment strategy and adopt more reasonable treatment strategy timely during the epidemic period to minimize the adverse effects of the epidemic of COVID-19 on the treatment.\n", "Evidence Map": {"Enrollment": [], "Comparison Results": [], "Study Arm 1 Results": [], "Study Arm 2 Results": []}, "Sentence-level breakdown": [{"Section": "TITLE", "Text": "The outbreak of COVID-19 occurred in Wuhan , Hubei province of China , at the end of 2019 , and spread rapidly across the country .", "Evidence Elements": {"Participant": [], "Intervention": [], "Outcome": []}, "Evidence Propositions": []}, {"Section": "CONCLUSIONS", "Text": "Based on the fully understanding of the characteristics of digestive system tumors , we should change the treatment strategy and adopt more reasonable treatment strategy timely during the epidemic period to minimize the adverse effects of the epidemic of COVID-19 on the treatment .", "Evidence Elements": {"Participant": [], "Intervention": [], "Outcome": []}, "Evidence Propositions": []}]}