{"doc_id": "32096395", "type of study": "Therapy", "title": "", "abstract": "Currently, the epidemic of 2019 coronavirus disease (COVID-19) is still ongoing.\nIts characteristics include high contagiousness, herd susceptibility and clinical phenotype diversity, which have a severe influence on people's daily life and rountine therapy for other diseases.\nBreast dieases are clinical common diseases.\nIn the central epidemic area of COVID-19, the clinical specialists of breast diseases should consider all of the following factors comprehensively: the prevention of COVID-19, the diagnosis and treatment of breast diseases and the accessibility of medical resources.\nBesides, we should select the appropriate therapy and optimize treatment process so as to prevent the propagation and cross infection of COVID-19 as well as manage the breast diseases without delay.\nTherefore, we carried out some management proposals of the patients with breast diseases in the central epidemic area during the epidemic of COVID-19 on the basis of conventional treatment guidelines and clinical experiences.\nThe suggestions and corrections from colleagues will be welcomed.\n", "Evidence Map": {"Enrollment": [{"term": "breast diseases", "negation": "affirmed", "UMLS": "", "start": 74, "end": 89}], "Comparison Results": [], "Study Arm 1 Results": [], "Study Arm 2 Results": []}, "Sentence-level breakdown": [{"Section": "TITLE", "Text": "Currently , the epidemic of 2019 coronavirus disease ( COVID-19 ) is still ongoing .", "Evidence Elements": {"Participant": [], "Intervention": [], "Outcome": []}, "Evidence Propositions": []}, {"Section": "METHODS", "Text": "Therefore , we carried out some management proposals of the patients with breast diseases in the central epidemic area during the epidemic of COVID-19 on the basis of conventional treatment guidelines and clinical experiences .", "Evidence Elements": {"Participant": [{"term": "breast diseases", "negation": "affirmed", "UMLS": "", "start": 74, "end": 89}], "Intervention": [], "Outcome": []}, "Evidence Propositions": []}, {"Section": "METHODS", "Text": "The suggestions and corrections from colleagues will be welcomed .", "Evidence Elements": {"Participant": [], "Intervention": [], "Outcome": []}, "Evidence Propositions": []}]}