{"doc_id": "32092748", "type of study": "Therapy", "title": "", "abstract": "Rapidly sharing scientific information is an effective way to reduce public panic about COVID-19, and doing so is the key to providing real-time guidance to epidemiologists working to contain the outbreak, clinicians managing patients, and modelers helping to understand future developments and the possible effectiveness of various interventions.\nThis issue has rapidly reviewed and published articles describing COVID-19, including the drug treatment options for SARS-CoV-2, its clinical characteristics, and therapies involving a combination of Chinese and Western medicine, the efficacy of chloroquine phosphate in the treatment of COVID-19 associated pneumonia according to clinical studies, and reflections on the system of reserve medical supplies for public health emergencies.\nAs an academic journal, we will continue to quickly and transparently share data with frontline healthcare workers who need to know the epidemiological and clinical features of COVID-19.\n", "Evidence Map": {"Enrollment": [{"term": "associated pneumonia", "negation": "affirmed", "UMLS": "", "start": 301, "end": 321}], "Comparison Results": [], "Study Arm 1 Results": [], "Study Arm 2 Results": []}, "Sentence-level breakdown": [{"Section": "TITLE", "Text": "Rapidly sharing scientific information is an effective way to reduce public panic about COVID-19 , and doing so is the key to providing real-time guidance to epidemiologists working to contain the outbreak , clinicians managing patients , and modelers helping to understand future developments and the possible effectiveness of various interventions .", "Evidence Elements": {"Participant": [], "Intervention": [], "Outcome": []}, "Evidence Propositions": []}, {"Section": "CONCLUSIONS", "Text": "As an academic journal , we will continue to quickly and transparently share data with frontline healthcare workers who need to know the epidemiological and clinical features of COVID-19 .", "Evidence Elements": {"Participant": [], "Intervention": [], "Outcome": []}, "Evidence Propositions": []}]}