{"doc_id": "32094225", "type of study": "Therapy", "title": "", "abstract": "Antiviral drugs for managing infections with human coronaviruses are not yet approved, posing a serious challenge to current global efforts aimed at containing the outbreak of severe acute respiratory syndrome-coronavirus 2 (CoV-2).\nRemdesivir (RDV) is an investigational compound with a broad spectrum of antiviral activities against RNA viruses, including severe acute respiratory syndrome-CoV and Middle East respiratory syndrome (MERS-CoV).\nRDV is a nucleotide analog inhibitor of RNA-dependent RNA polymerases (RdRps).\nHere, we co-expressed the MERS-CoV nonstructural proteins nsp5, nsp7, nsp8, and nsp12 (RdRp) in insect cells as a part a polyprotein to study the mechanism of inhibition of MERS-CoV RdRp by RDV.\nWe initially demonstrated that nsp8 and nsp12 form an active complex.\nThe triphosphate form of the inhibitor (RDV-TP) competes with its natural counterpart ATP.\nOf note, the selectivity value for RDV-TP obtained here with a steady-state approach suggests that it is more efficiently incorporated than ATP and two other nucleotide analogs.\nOnce incorporated at position i, the inhibitor caused RNA synthesis arrest at position i + 3.\nHence, the likely mechanism of action is delayed RNA chain termination.\nThe additional three nucleotides may protect the inhibitor from excision by the viral 3'-5' exonuclease activity.\nTogether, these results help to explain the high potency of RDV against RNA viruses in cell-based assays.\n", "Evidence Map": {"Enrollment": [], "Comparison Results": [], "Study Arm 1 Results": [], "Study Arm 2 Results": []}, "Sentence-level breakdown": [{"Section": "TITLE", "Text": "Antiviral drugs for managing infections with human coronaviruses are not yet approved , posing a serious challenge to current global efforts aimed at containing the outbreak of severe acute respiratory syndrome-coronavirus 2 ( CoV-2 ) .", "Evidence Elements": {"Participant": [], "Intervention": [], "Outcome": []}, "Evidence Propositions": []}, {"Section": "METHODS", "Text": "Here , we co-expressed the MERS-CoV nonstructural proteins nsp5 , nsp7 , nsp8 , and nsp12 ( RdRp ) in insect cells as a part a polyprotein to study the mechanism of inhibition of MERS-CoV RdRp by RDV .", "Evidence Elements": {"Participant": [], "Intervention": [], "Outcome": [{"term": "MERS-CoV nonstructural proteins nsp5", "negation": "affirmed", "UMLS": "", "start": 27, "end": 63}, {"term": "mechanism of", "negation": "affirmed", "UMLS": "", "start": 152, "end": 164}]}, "Evidence Propositions": []}, {"Section": "RESULTS", "Text": "We initially demonstrated that nsp8 and nsp12 form an active complex .", "Evidence Elements": {"Participant": [], "Intervention": [], "Outcome": []}, "Evidence Propositions": []}, {"Section": "RESULTS", "Text": "The triphosphate form of the inhibitor ( RDV-TP ) competes with its natural counterpart ATP .", "Evidence Elements": {"Participant": [], "Intervention": [], "Outcome": []}, "Evidence Propositions": []}, {"Section": "RESULTS", "Text": "Of note , the selectivity value for RDV-TP obtained here with a steady-state approach suggests that it is more efficiently incorporated than ATP and two other nucleotide analogs .", "Evidence Elements": {"Participant": [], "Intervention": [{"term": "RDV-TP", "negation": "affirmed", "UMLS": "", "start": 36, "end": 42}, {"term": "ATP", "negation": "affirmed", "UMLS": "", "start": 141, "end": 144}], "Outcome": [{"term": "selectivity value", "negation": "affirmed", "UMLS": "", "start": 14, "end": 31}, {"term": "incorporated", "negation": "affirmed", "UMLS": "", "start": 123, "end": 135}]}, "Evidence Propositions": []}, {"Section": "RESULTS", "Text": "Once incorporated at position i , the inhibitor caused RNA synthesis arrest at position i+3 .", "Evidence Elements": {"Participant": [], "Intervention": [{"term": "inhibitor", "negation": "affirmed", "UMLS": "", "start": 38, "end": 47}], "Outcome": [{"term": "RNA synthesis arrest", "negation": "affirmed", "UMLS": "", "start": 55, "end": 75}, {"term": "position i+3", "negation": "affirmed", "UMLS": "", "start": 79, "end": 91}]}, "Evidence Propositions": []}, {"Section": "CONCLUSIONS", "Text": "Hence , the likely mechanism of action is delayed RNA chain termination .", "Evidence Elements": {"Participant": [], "Intervention": [], "Outcome": [{"term": "RNA chain", "negation": "affirmed", "UMLS": "", "start": 50, "end": 59}]}, "Evidence Propositions": []}, {"Section": "CONCLUSIONS", "Text": "The additional three nucleotides may protect the inhibitor from excision by the viral 3'-5 ' exonuclease activity .", "Evidence Elements": {"Participant": [], "Intervention": [], "Outcome": []}, "Evidence Propositions": []}, {"Section": "CONCLUSIONS", "Text": "Together , these results help to explain the high potency of RDV against RNA viruses in cell-based assays .", "Evidence Elements": {"Participant": [], "Intervention": [{"term": "RDV", "negation": "affirmed", "UMLS": "", "start": 61, "end": 64}], "Outcome": [{"term": "potency", "negation": "affirmed", "UMLS": "", "start": 50, "end": 57}, {"term": "viruses", "negation": "affirmed", "UMLS": "", "start": 77, "end": 84}]}, "Evidence Propositions": []}]}