{"doc_id": "32098466", "type of study": "Therapy", "title": "", "abstract": "Thousands of medical workers in the Military support Hubei medical team are exerting themselves in many hospitals in Hubei Province.\nThey are diligent in treating patients, at the same time, they constantly summarize experience and combine the characteristics of military hospitals.\nAccording to \"the Diagnosis and Treatment of New Coronavirus Pneumonia \"(6th edition) of the National Health Commission of the People's Republic of China, a new guideline for the diagnosis and treatment of 2019 novel coronavirus infection suitable for the military (first trial version) was established.\nSome unique opinions and suggestions are put forward in terms of disease name, diagnosis criteria, antiviral treatment, glucocorticoid application, etc.\nThis article will make a proper interpretation in order to understand the guideline better and help guide the diagnosis and treatment of diseases.\n", "Evidence Map": {"Enrollment": [{"term": "Coronavirus Pneumonia", "negation": "affirmed", "UMLS": "", "start": 50, "end": 71}, {"term": "coronavirus infection", "negation": "affirmed", "UMLS": "", "start": 223, "end": 244}], "Comparison Results": [], "Study Arm 1 Results": [], "Study Arm 2 Results": []}, "Sentence-level breakdown": [{"Section": "TITLE", "Text": "Thousands of medical workers in the Military support Hubei medical team are exerting themselves in many hospitals in Hubei Province .", "Evidence Elements": {"Participant": [], "Intervention": [], "Outcome": []}, "Evidence Propositions": []}, {"Section": "OBJECTIVE", "Text": "According to \" the Diagnosis and Treatment of New Coronavirus Pneumonia \" ( 6th edition ) of the National Health Commission of the People 's Republic of China , a new guideline for the diagnosis and treatment of 2019 novel coronavirus infection suitable for the military ( first trial version ) was established .", "Evidence Elements": {"Participant": [{"term": "Coronavirus Pneumonia", "negation": "affirmed", "UMLS": "", "start": 50, "end": 71}, {"term": "coronavirus infection", "negation": "affirmed", "UMLS": "", "start": 223, "end": 244}], "Intervention": [], "Outcome": []}, "Evidence Propositions": []}, {"Section": "RESULTS", "Text": "Some unique opinions and suggestions are put forward in terms of disease name , diagnosis criteria , antiviral treatment , glucocorticoid application , etc .", "Evidence Elements": {"Participant": [], "Intervention": [], "Outcome": []}, "Evidence Propositions": []}, {"Section": "CONCLUSIONS", "Text": "This article will make a proper interpretation in order to understand the guideline better and help guide the diagnosis and treatment of diseases .", "Evidence Elements": {"Participant": [], "Intervention": [], "Outcome": []}, "Evidence Propositions": []}]}