{"doc_id": "32098422", "type of study": "Therapy", "title": "", "abstract": "After the outbreak of the severe acute respiratory syndrome (SARS) in the world in 2003, human coronaviruses (HCoVs) have been reported as pathogens that cause severe symptoms in respiratory tract infections.\nRecently, a new emerged HCoV isolated from the respiratory epithelium of unexplained pneumonia patients in the Wuhan seafood market caused a major disease outbreak and has been named the severe acute respiratory syndrome coronavirus 2 (SARS-CoV-2).\nThis virus causes acute lung symptoms, leading to a condition that has been named as \"coronavirus disease 2019\" (COVID-19).\nThe emergence of SARS-CoV-2 and of SARS-CoV caused widespread fear and concern and has threatened global health security.\nThere are some similarities and differences in the epidemiology and clinical features between these two viruses and diseases that are caused by these viruses.\nThe goal of this work is to systematically review and compare between SARS-CoV and SARS-CoV-2 in the context of their virus incubation, originations, diagnosis and treatment methods, genomic and proteomic sequences, and pathogenic mechanisms.\n", "Evidence Map": {"Enrollment": [], "Comparison Results": [], "Study Arm 1 Results": [], "Study Arm 2 Results": []}, "Sentence-level breakdown": [{"Section": "TITLE", "Text": "After the outbreak of the severe acute respiratory syndrome ( SARS ) in the world in 2003 , human coronaviruses ( HCoVs ) have been reported as pathogens that cause severe symptoms in respiratory tract infections .", "Evidence Elements": {"Participant": [], "Intervention": [], "Outcome": []}, "Evidence Propositions": []}, {"Section": "CONCLUSIONS", "Text": "The goal of this work is to systematically review and compare between SARS-CoV and SARS-CoV-2 in the context of their virus incubation , originations , diagnosis and treatment methods , genomic and proteomic sequences , and pathogenic mechanisms .", "Evidence Elements": {"Participant": [], "Intervention": [{"term": "SARS-CoV", "negation": "affirmed", "UMLS": "", "start": 70, "end": 78}, {"term": "SARS-CoV-2", "negation": "affirmed", "UMLS": "", "start": 83, "end": 93}], "Outcome": []}, "Evidence Propositions": []}]}