{"doc_id": "32105468", "type of study": "Therapy", "title": "", "abstract": "Structure-based stabilization of protein-protein interactions (PPIs) is a promising strategy for drug discovery.\nHowever, this approach has mainly focused on the stabilization of native PPIs, and non-native PPIs have received little consideration.\nHere, we identified a non-native interaction interface on the three-dimensional dimeric structure of the N-terminal domain of the MERS-CoV nucleocapsid protein (MERS-CoV N-NTD).\nThe interface formed a conserved hydrophobic cavity suitable for targeted drug screening.\nBy considering the hydrophobic complementarity during the virtual screening step, we identified 5-benzyloxygramine as a new N protein PPI orthosteric stabilizer that exhibits both antiviral and N-NTD protein-stabilizing activities.\nX-ray crystallography and small-angle X-ray scattering showed that 5-benzyloxygramine stabilizes the N-NTD dimers through simultaneous hydrophobic interactions with both partners, resulting in abnormal N protein oligomerization that was further confirmed in the cell.\nThis unique approach based on the identification and stabilization of non-native PPIs of N protein could be applied toward drug discovery against CoV diseases.\n", "Evidence Map": {"Enrollment": [], "Comparison Results": [], "Study Arm 1 Results": [], "Study Arm 2 Results": []}, "Sentence-level breakdown": [{"Section": "TITLE", "Text": "Structure-based stabilization of protein-protein interactions ( PPIs ) is a promising strategy for drug discovery .", "Evidence Elements": {"Participant": [], "Intervention": [], "Outcome": []}, "Evidence Propositions": []}, {"Section": "RESULTS", "Text": "Here , we identified a non-native interaction interface on the three-dimensional dimeric structure of the N-terminal domain of the MERS-CoV nucleocapsid protein ( MERS-CoV N-NTD ) .", "Evidence Elements": {"Participant": [], "Intervention": [], "Outcome": [{"term": "structure of the", "negation": "affirmed", "UMLS": "", "start": 89, "end": 105}, {"term": "domain of the MERS-CoV nucleocapsid protein (", "negation": "affirmed", "UMLS": "", "start": 117, "end": 162}]}, "Evidence Propositions": []}, {"Section": "RESULTS", "Text": "The interface formed a conserved hydrophobic cavity suitable for targeted drug screening .", "Evidence Elements": {"Participant": [], "Intervention": [], "Outcome": []}, "Evidence Propositions": []}, {"Section": "RESULTS", "Text": "By considering the hydrophobic complementarity during the virtual screening step , we identified 5-benzyloxygramine as a new N protein PPI orthosteric stabilizer that exhibits both antiviral and N-NTD protein-stabilizing activities .", "Evidence Elements": {"Participant": [], "Intervention": [{"term": "5-benzyloxygramine", "negation": "affirmed", "UMLS": "", "start": 97, "end": 115}], "Outcome": [{"term": "antiviral", "negation": "affirmed", "UMLS": "", "start": 181, "end": 190}, {"term": "protein-stabilizing", "negation": "affirmed", "UMLS": "", "start": 201, "end": 220}]}, "Evidence Propositions": []}, {"Section": "RESULTS", "Text": "X-ray crystallography and small-angle X-ray scattering showed that 5-benzyloxygramine stabilizes the N-NTD dimers through simultaneous hydrophobic interactions with both partners , resulting in abnormal N protein oligomerization that was further confirmed in the cell .", "Evidence Elements": {"Participant": [], "Intervention": [{"term": "5-benzyloxygramine", "negation": "affirmed", "UMLS": "", "start": 67, "end": 85}], "Outcome": [{"term": "N-NTD dimers", "negation": "affirmed", "UMLS": "", "start": 101, "end": 113}, {"term": "N protein oligomerization", "negation": "affirmed", "UMLS": "", "start": 203, "end": 228}]}, "Evidence Propositions": []}, {"Section": "CONCLUSIONS", "Text": "This unique approach based on the identification and stabilization of non-native PPIs of N protein could be applied toward drug discovery against CoV diseases .", "Evidence Elements": {"Participant": [], "Intervention": [], "Outcome": []}, "Evidence Propositions": []}]}