{"doc_id": "32105052", "type of study": "Therapy", "title": "", "abstract": "Since December 2019, unexplained pneumonia has appeared in Wuhan City, Hubei Province, and a new type of coronavirus infection was confirmed as COVID-19.\nCOVID-19 spread rapidly nationwide and abroad.\nThe COVID-19 has brought huge impacts to all the people and walks of life, especially to the medical and health systems.\nIt has also brought great challenges to the treatment of patients with cancer.\nEsophageal cancer is a common malignant tumor in China and most of the patients are in the middle and advanced stage when diagnosed, with immunosuppressive and poor prognosis.\nThe selection of surgical procedures and perioperative managements of esophageal cancer require all thoracic surgeons work together to figure out a reasonable system of surgical treatment and emergency response.\n", "Evidence Map": {"Enrollment": [], "Comparison Results": [], "Study Arm 1 Results": [], "Study Arm 2 Results": []}, "Sentence-level breakdown": [{"Section": "TITLE", "Text": "Since December 2019 , unexplained pneumonia has appeared in Wuhan City , Hubei Province , and a new type of coronavirus infection was confirmed as COVID-19 .", "Evidence Elements": {"Participant": [], "Intervention": [], "Outcome": []}, "Evidence Propositions": []}, {"Section": "RESULTS", "Text": "COVID-19 spread rapidly nationwide and abroad .", "Evidence Elements": {"Participant": [], "Intervention": [], "Outcome": []}, "Evidence Propositions": []}, {"Section": "RESULTS", "Text": "The COVID-19 has brought huge impacts to all the people and walks of life , especially to the medical and health systems .", "Evidence Elements": {"Participant": [], "Intervention": [], "Outcome": []}, "Evidence Propositions": []}, {"Section": "RESULTS", "Text": "It has also brought great challenges to the treatment of patients with cancer .", "Evidence Elements": {"Participant": [], "Intervention": [], "Outcome": []}, "Evidence Propositions": []}, {"Section": "CONCLUSIONS", "Text": "Esophageal cancer is a common malignant tumor in China and most of the patients are in the middle and advanced stage when diagnosed , with immunosuppressive and poor prognosis .", "Evidence Elements": {"Participant": [], "Intervention": [], "Outcome": []}, "Evidence Propositions": []}, {"Section": "CONCLUSIONS", "Text": "The selection of surgical procedures and perioperative managements of esophageal cancer require all thoracic surgeons work together to figure out a reasonable system of surgical treatment and emergency response .", "Evidence Elements": {"Participant": [], "Intervention": [], "Outcome": []}, "Evidence Propositions": []}]}