{"doc_id": "32105090", "type of study": "Therapy", "title": "", "abstract": "As the world is witnessing the epidemic of COVID-19, a disease caused by a novel coronavirus, SARS-CoV-2, emerging genetics and clinical evidences suggest a similar path to those of SARS and MERS.\nThe rapid genomic sequencing and open access data, together with advanced vaccine technology, are expected to give us more knowledge on the pathogen itself, including the host immune response as well as the plan for therapeutic vaccines in the near future.\nThis review aims to provide a comparative view among SARS-CoV, MERS-CoV and the newly epidemic SARS-CoV-2, in the hope to gain a better understanding of the host-pathogen interaction, host immune responses, and the pathogen immune evasion strategies.\nThis predictive view may help in designing an immune intervention or preventive vaccine for COVID-19 in the near future.\n", "Evidence Map": {"Enrollment": [], "Comparison Results": [], "Study Arm 1 Results": [], "Study Arm 2 Results": []}, "Sentence-level breakdown": [{"Section": "TITLE", "Text": "As the world is witnessing the epidemic of COVID-19 , a disease caused by a novel coronavirus , SARS-CoV-2 , emerging genetics and clinical evidences suggest a similar path to those of SARS and MERS .", "Evidence Elements": {"Participant": [], "Intervention": [], "Outcome": []}, "Evidence Propositions": []}, {"Section": "CONCLUSIONS", "Text": "This review aims to provide a comparative view among SARS-CoV , MERS-CoV and the newly epidemic SARS-CoV-2 , in the hope to gain a better understanding of the host-pathogen interaction , host immune responses , and the pathogen immune evasion strategies .", "Evidence Elements": {"Participant": [], "Intervention": [{"term": "SARS-CoV", "negation": "affirmed", "UMLS": "", "start": 53, "end": 61}, {"term": "MERS-CoV", "negation": "affirmed", "UMLS": "", "start": 64, "end": 72}, {"term": "SARS-CoV-2", "negation": "affirmed", "UMLS": "", "start": 96, "end": 106}], "Outcome": [{"term": "host-pathogen interaction", "negation": "affirmed", "UMLS": "", "start": 159, "end": 184}, {"term": "host immune responses", "negation": "affirmed", "UMLS": "", "start": 187, "end": 208}]}, "Evidence Propositions": []}, {"Section": "CONCLUSIONS", "Text": "This predictive view may help in designing an immune intervention or preventive vaccine for COVID-19 in the near future .", "Evidence Elements": {"Participant": [], "Intervention": [], "Outcome": []}, "Evidence Propositions": []}]}