{"doc_id": "32108862", "type of study": "Therapy", "title": "", "abstract": "Genome Detective is a web-based, user-friendly software application to quickly and accurately assemble all known virus genomes from next generation sequencing datasets.\nThis application allows the identification of phylogenetic clusters and genotypes from assembled genomes in FASTA format.\nSince its release in 2019, we have produced a number of typing tools for emergent viruses that have caused large outbreaks, such as Zika and Yellow Fever Virus in Brazil.\nHere, we present The Genome Detective Coronavirus Typing Tool that can accurately identify the novel severe acute respiratory syndrome (SARS) related coronavirus (SARS-CoV-2) sequences isolated in China and around the world.\nThe tool can accept up to 2,000 sequences per submission and the analysis of a new whole genome sequence will take approximately one minute.\nThe tool has been tested and validated with hundreds of whole genomes from ten coronavirus species, and correctly classified all of the SARS-related coronavirus (SARSr-CoV) and all of the available public data for SARS-CoV-2.\nThe tool also allows tracking of new viral mutations as the outbreak expands globally, which may help to accelerate the development of novel diagnostics, drugs and vaccines to stop the COVID-19 disease.\nhttps://www.genomedetective.com/app/typingtool/cov  Click here for additional data file.\nSupplementary data are available at Bioinformatics online.\n", "Evidence Map": {"Enrollment": [], "Comparison Results": [], "Study Arm 1 Results": [], "Study Arm 2 Results": []}, "Sentence-level breakdown": [{"Section": "TITLE", "Text": "Genome Detective is a web-based , user-friendly software application to quickly and accurately assemble all known virus genomes from next generation sequencing datasets .", "Evidence Elements": {"Participant": [], "Intervention": [], "Outcome": []}, "Evidence Propositions": []}, {"Section": "RESULTS", "Text": "Here , we present The Genome Detective Coronavirus Typing Tool that can accurately identify the novel severe acute respiratory syndrome ( SARS ) related coronavirus ( SARS-CoV-2 ) sequences isolated in China and around the world .", "Evidence Elements": {"Participant": [], "Intervention": [], "Outcome": [{"term": "severe acute respiratory syndrome ( SARS ) related coronavirus ( SARS-CoV-2 ) sequences", "negation": "affirmed", "UMLS": "", "start": 102, "end": 189}]}, "Evidence Propositions": []}, {"Section": "RESULTS", "Text": "The tool can accept up to 2,000 sequences per submission and the analysis of a new whole genome sequence will take approximately one minute .", "Evidence Elements": {"Participant": [], "Intervention": [], "Outcome": []}, "Evidence Propositions": []}, {"Section": "RESULTS", "Text": "The tool has been tested and validated with hundreds of whole genomes from ten coronavirus species , and correctly classified all of the SARS-related coronavirus ( SARSr-CoV ) and all of the available public data for SARS-CoV-2 .", "Evidence Elements": {"Participant": [], "Intervention": [], "Outcome": [{"term": "coronavirus ( SARSr-CoV )", "negation": "affirmed", "UMLS": "", "start": 150, "end": 175}]}, "Evidence Propositions": []}, {"Section": "RESULTS", "Text": "The tool also allows tracking of new viral mutations as the outbreak expands globally , which may help to accelerate the development of novel diagnostics , drugs and vaccines to stop the COVID-19 disease .", "Evidence Elements": {"Participant": [], "Intervention": [], "Outcome": []}, "Evidence Propositions": []}, {"Section": "RESULTS", "Text": "https:/ / www . genomedetective.com / app / typingtool / cov Click here for additional data file .", "Evidence Elements": {"Participant": [], "Intervention": [], "Outcome": []}, "Evidence Propositions": []}, {"Section": "CONCLUSIONS", "Text": "Supplementary data are available at Bioinformatics online .", "Evidence Elements": {"Participant": [], "Intervention": [], "Outcome": []}, "Evidence Propositions": []}]}