{"doc_id": "32108495", "type of study": "Therapy", "title": "", "abstract": "OBJECTIVE.\nSince the outbreak of the novel coronavirus pulmonary illness coronavirus disease 2019 (COVID-19) in China, more than 79,000 people have contracted the virus worldwide.\nThe virus is rapidly spreading with human-to-human transmission despite imposed precautions.\nBecause similar pulmonary syndromes have been reported from other strains of the coronavirus family, our aim is to review the lessons from imaging studies obtained during severe acute respiratory syndrome (SARS) and Middle East respiratory syndrome (MERS) outbreaks.\nCONCLUSION.\nThe review of experiences with the MERS and SARS outbreaks will help us better understand the role of the radiologist in combating the outbreak of COVID-19.\nThe known imaging manifestations of the novel coronavirus and the possible unknowns will also be discussed.\n", "Evidence Map": {"Enrollment": [{"term": "syndrome", "negation": "affirmed", "UMLS": "", "start": 26, "end": 34}, {"term": "East respiratory", "negation": "affirmed", "UMLS": "", "start": 226, "end": 242}], "Comparison Results": [], "Study Arm 1 Results": [], "Study Arm 2 Results": []}, "Sentence-level breakdown": [{"Section": "TITLE", "Text": "OBJECTIVE .", "Evidence Elements": {"Participant": [], "Intervention": [], "Outcome": []}, "Evidence Propositions": []}, {"Section": "CONCLUSIONS", "Text": "CONCLUSION .", "Evidence Elements": {"Participant": [], "Intervention": [], "Outcome": []}, "Evidence Propositions": []}, {"Section": "CONCLUSIONS", "Text": "The review of experiences with the MERS and SARS outbreaks will help us better understand the role of the radiologist in combating the outbreak of COVID-19 .", "Evidence Elements": {"Participant": [], "Intervention": [], "Outcome": []}, "Evidence Propositions": []}, {"Section": "CONCLUSIONS", "Text": "The known imaging manifestations of the novel coronavirus and the possible unknowns will also be discussed .", "Evidence Elements": {"Participant": [], "Intervention": [], "Outcome": []}, "Evidence Propositions": []}]}