{"doc_id": "32104907", "type of study": "Therapy", "title": "", "abstract": "In the past few decades, coronaviruses have risen as a global threat to public health.\nCurrently, the outbreak of coronavirus disease-19 (COVID-19) from Wuhan caused a worldwide panic.\nThere are no specific antiviral therapies for COVID-19.\nHowever, there are agents that were used during the severe acute respiratory syndrome (SARS) and Middle East respiratory syndrome (MERS) epidemics.\nWe could learn from SARS and MERS.\nLopinavir (LPV) is an effective agent that inhibits the protease activity of coronavirus.\nIn this review, we discuss the literature on the efficacy of LPV in vitro and in vivo, especially in patients with SARS and MERS, so that we might clarify the potential for the use of LPV in patients with COVID-19.\nLPV is an effective agent inhibiting coronavirus in vitro and animal studies.\nThe treatment of LPV improved outcomes of SARS and MERS patients.\nLPV may be a potential treatment option for COVID-19.\n", "Evidence Map": {"Enrollment": [{"term": "SARS", "negation": "affirmed", "UMLS": "", "start": 117, "end": 121}, {"term": "MERS", "negation": "affirmed", "UMLS": "", "start": 126, "end": 130}, {"term": "SARS", "negation": "affirmed", "UMLS": "", "start": 42, "end": 46}, {"term": "MERS", "negation": "affirmed", "UMLS": "", "start": 51, "end": 55}, {"term": "COVID-19", "negation": "affirmed", "UMLS": "", "start": 44, "end": 52}], "Comparison Results": [], "Study Arm 1 Results": [], "Study Arm 2 Results": []}, "Sentence-level breakdown": [{"Section": "TITLE", "Text": "In the past few decades , coronaviruses have risen as a global threat to public health .", "Evidence Elements": {"Participant": [], "Intervention": [], "Outcome": []}, "Evidence Propositions": []}, {"Section": "RESULTS", "Text": "However , there are agents that were used during the severe acute respiratory syndrome ( SARS ) and Middle East respiratory syndrome ( MERS ) epidemics .", "Evidence Elements": {"Participant": [], "Intervention": [], "Outcome": []}, "Evidence Propositions": []}, {"Section": "RESULTS", "Text": "We could learn from SARS and MERS .", "Evidence Elements": {"Participant": [], "Intervention": [], "Outcome": []}, "Evidence Propositions": []}, {"Section": "RESULTS", "Text": "Lopinavir ( LPV ) is an effective agent that inhibits the protease activity of coronavirus .", "Evidence Elements": {"Participant": [], "Intervention": [], "Outcome": []}, "Evidence Propositions": []}, {"Section": "RESULTS", "Text": "In this review , we discuss the literature on the efficacy of LPV in vitro and in vivo , especially in patients with SARS and MERS , so that we might clarify the potential for the use of LPV in patients with COVID-19 .", "Evidence Elements": {"Participant": [{"term": "SARS", "negation": "affirmed", "UMLS": "", "start": 117, "end": 121}, {"term": "MERS", "negation": "affirmed", "UMLS": "", "start": 126, "end": 130}], "Intervention": [{"term": "LPV", "negation": "affirmed", "UMLS": "", "start": 62, "end": 65}, {"term": "LPV", "negation": "affirmed", "UMLS": "", "start": 62, "end": 65}], "Outcome": []}, "Evidence Propositions": []}, {"Section": "RESULTS", "Text": "LPV is an effective agent inhibiting coronavirus in vitro and animal studies .", "Evidence Elements": {"Participant": [], "Intervention": [], "Outcome": []}, "Evidence Propositions": []}, {"Section": "RESULTS", "Text": "The treatment of LPV improved outcomes of SARS and MERS patients .", "Evidence Elements": {"Participant": [{"term": "SARS", "negation": "affirmed", "UMLS": "", "start": 42, "end": 46}, {"term": "MERS", "negation": "affirmed", "UMLS": "", "start": 51, "end": 55}], "Intervention": [{"term": "LPV", "negation": "affirmed", "UMLS": "", "start": 17, "end": 20}], "Outcome": [{"term": "outcomes", "negation": "affirmed", "UMLS": "", "start": 30, "end": 38}]}, "Evidence Propositions": []}, {"Section": "CONCLUSIONS", "Text": "LPV may be a potential treatment option for COVID-19 .", "Evidence Elements": {"Participant": [{"term": "COVID-19", "negation": "affirmed", "UMLS": "", "start": 44, "end": 52}], "Intervention": [{"term": "LPV", "negation": "affirmed", "UMLS": "", "start": 0, "end": 3}], "Outcome": []}, "Evidence Propositions": []}]}