{"doc_id": "32108459", "type of study": "Therapy", "title": "", "abstract": "Prevention and control about the situation of 2019 coronavirus disease (COVID-19) are grim at present.\nIn addition to supporting the frontline actively, medical workers in general surgery spare no efforts in making good diagnosis and treatment of specialized diseases by optimizing treatment process, providing medical advice online, mastering indications of delayed operation and emergency operation reasonably, etc.\nBudd-Chiari syndrome is a complex disorder, and severity of the disease varies, serious cases can be life threatening.\nWhile fighting the epidemic, medical workers should also ensure the medical needs of patients.\nHowever, instead of continuing the traditional treatment, a new management system should be developed.\nBased on the characteristics of Budd-Chiari syndrome patients in China and our experience, patients are divided into ordinary cases and critical cases, and treatment strategies suitable for the epidemic period of COVID-19 are put forward for reference and discussion by physicians.\n", "Evidence Map": {"Enrollment": [{"term": "Budd-Chiari syndrome", "negation": "affirmed", "UMLS": "", "start": 32, "end": 52}], "Comparison Results": [], "Study Arm 1 Results": [], "Study Arm 2 Results": []}, "Sentence-level breakdown": [{"Section": "TITLE", "Text": "Prevention and control about the situation of 2019 coronavirus disease ( COVID-19 ) are grim at present .", "Evidence Elements": {"Participant": [], "Intervention": [], "Outcome": []}, "Evidence Propositions": []}, {"Section": "RESULTS", "Text": "While fighting the epidemic , medical workers should also ensure the medical needs of patients .", "Evidence Elements": {"Participant": [], "Intervention": [], "Outcome": []}, "Evidence Propositions": []}, {"Section": "RESULTS", "Text": "However , instead of continuing the traditional treatment , a new management system should be developed .", "Evidence Elements": {"Participant": [], "Intervention": [], "Outcome": []}, "Evidence Propositions": []}, {"Section": "CONCLUSIONS", "Text": "Based on the characteristics of Budd-Chiari syndrome patients in China and our experience , patients are divided into ordinary cases and critical cases , and treatment strategies suitable for the epidemic period of COVID-19 are put forward for reference and discussion by physicians .", "Evidence Elements": {"Participant": [{"term": "Budd-Chiari syndrome", "negation": "affirmed", "UMLS": "", "start": 32, "end": 52}], "Intervention": [], "Outcome": []}, "Evidence Propositions": []}]}