{"doc_id": "32108359", "type of study": "Therapy", "title": "", "abstract": "Recently, a novel coronavirus (SARS-COV-2) emerged which is responsible for the recent outbreak in Wuhan, China.\nGenetically, it is closely related to SARS-CoV and MERS-CoV. The situation is getting worse and worse, therefore, there is an urgent need for designing a suitable peptide vaccine component against the SARS-COV-2.\nHere, we characterized spike glycoprotein to obtain immunogenic epitopes.\nNext, we chose 13 Major Histocompatibility Complex-(MHC) I and 3 MHC-II epitopes, having antigenic properties.\nThese epitopes are usually linked to specific linkers to build vaccine components and molecularly dock on toll-like receptor-5 to get binding affinity.\nTherefore, to provide a fast immunogenic profile of these epitopes, we performed immunoinformatics analysis so that the rapid development of the vaccine might bring this disastrous situation to the end earlier.\nThe potential epitopes of coronavirus (SARS-CoV-2) are identified.\nThe docking complex of the construct vaccine and TLR5 is described.\nPeptide-based vaccine developed and in silico validation is provided.\nCommon epitopes of coronavirus (SARS-CoV-2) against B-cells and T-cells are listed.\n", "Evidence Map": {"Enrollment": [], "Comparison Results": [], "Study Arm 1 Results": [], "Study Arm 2 Results": []}, "Sentence-level breakdown": [{"Section": "TITLE", "Text": "Recently , a novel coronavirus ( SARS-COV-2 ) emerged which is responsible for the recent outbreak in Wuhan , China .", "Evidence Elements": {"Participant": [], "Intervention": [], "Outcome": []}, "Evidence Propositions": []}, {"Section": "OBJECTIVE", "Text": "Here , we characterized spike glycoprotein to obtain immunogenic epitopes .", "Evidence Elements": {"Participant": [], "Intervention": [{"term": "spike glycoprotein", "negation": "affirmed", "UMLS": "", "start": 24, "end": 42}], "Outcome": [{"term": "immunogenic", "negation": "affirmed", "UMLS": "", "start": 53, "end": 64}]}, "Evidence Propositions": []}, {"Section": "RESULTS", "Text": "Next , we chose 13 Major Histocompatibility Complex-( MHC ) I and 3 MHC-II epitopes , having antigenic properties .", "Evidence Elements": {"Participant": [], "Intervention": [], "Outcome": []}, "Evidence Propositions": []}, {"Section": "RESULTS", "Text": "These epitopes are usually linked to specific linkers to build vaccine components and molecularly dock on toll-like receptor-5 to get binding affinity .", "Evidence Elements": {"Participant": [], "Intervention": [], "Outcome": []}, "Evidence Propositions": []}, {"Section": "RESULTS", "Text": "Therefore , to provide a fast immunogenic profile of these epitopes , we performed immunoinformatics analysis so that the rapid development of the vaccine might bring this disastrous situation to the end earlier .", "Evidence Elements": {"Participant": [], "Intervention": [], "Outcome": [{"term": "profile", "negation": "affirmed", "UMLS": "", "start": 42, "end": 49}]}, "Evidence Propositions": []}, {"Section": "RESULTS", "Text": "The potential epitopes of coronavirus ( SARS-CoV-2 ) are identified .", "Evidence Elements": {"Participant": [], "Intervention": [], "Outcome": []}, "Evidence Propositions": []}, {"Section": "RESULTS", "Text": "The docking complex of the construct vaccine and TLR5 is described .", "Evidence Elements": {"Participant": [], "Intervention": [{"term": "construct vaccine and TLR5", "negation": "affirmed", "UMLS": "", "start": 27, "end": 53}], "Outcome": [{"term": "docking complex", "negation": "affirmed", "UMLS": "", "start": 4, "end": 19}]}, "Evidence Propositions": []}, {"Section": "RESULTS", "Text": "Peptide-based vaccine developed and in silico validation is provided .", "Evidence Elements": {"Participant": [], "Intervention": [{"term": "Peptide-based vaccine", "negation": "affirmed", "UMLS": "", "start": 0, "end": 21}], "Outcome": []}, "Evidence Propositions": []}, {"Section": "CONCLUSIONS", "Text": "Common epitopes of coronavirus ( SARS-CoV-2 ) against B-cells and T-cells are listed .", "Evidence Elements": {"Participant": [], "Intervention": [], "Outcome": []}, "Evidence Propositions": []}]}