{"doc_id": "32108160", "type of study": "Therapy", "title": "", "abstract": "In late December 2019, a cluster of patients with 'atypical pneumonia' of unknown etiology was reported in Wuhan, China.\nA novel human coronavirus, now provisionally called 'SARS-CoV-2', was identified as the cause of this disease, now named 'COVID-19'.\n", "Evidence Map": {"Enrollment": [{"term": "pneumonia", "negation": "affirmed", "UMLS": "", "start": 61, "end": 70}], "Comparison Results": [], "Study Arm 1 Results": [], "Study Arm 2 Results": []}, "Sentence-level breakdown": [{"Section": "TITLE", "Text": "In late December 2019 , a cluster of patients with 'atypical pneumonia ' of unknown etiology was reported in Wuhan , China .", "Evidence Elements": {"Participant": [{"term": "pneumonia", "negation": "affirmed", "UMLS": "", "start": 61, "end": 70}], "Intervention": [], "Outcome": []}, "Evidence Propositions": []}, {"Section": "CONCLUSIONS", "Text": "A novel human coronavirus , now provisionally called ' SARS-CoV-2 ' , was identified as the cause of this disease , now named ' COVID-19 ' .", "Evidence Elements": {"Participant": [], "Intervention": [], "Outcome": []}, "Evidence Propositions": []}]}