{"doc_id": "32100980", "type of study": "Therapy", "title": "", "abstract": "The outbreak of novel coronavirus pneumonia (NCP) makes the medical treatment of colorectal cancers difficult.\nCancer patients are more susceptible to infection and tumor history is defined as an important factor of poor prognosis, which challenges both doctors and patients.\nFor metastatic colorectal cancer (CRC) patients, maintenance therapy is the optimal choice.\nThe patients with tumor progression or poor biological behaviorshould receive or or continue combination chemotherapy.\nAdjuvant chemotherapy should reduce the intensity of treatment and shorten the therapy time.\nFever patients during chemotherapy need to receive differential diagnosis and screening according to national standards.\nPatients with stable diseases and good general conditions may delay imaging examination.. Clinicians should make individual clinical decisions based on the specifics of each patient durding epidemic situation.\n", "Evidence Map": {"Enrollment": [{"term": "tumor progression", "negation": "affirmed", "UMLS": "", "start": 18, "end": 35}, {"term": "poor biological behaviorshould", "negation": "affirmed", "UMLS": "", "start": 39, "end": 69}], "Comparison Results": [], "Study Arm 1 Results": [], "Study Arm 2 Results": []}, "Sentence-level breakdown": [{"Section": "TITLE", "Text": "The outbreak of novel coronavirus pneumonia ( NCP ) makes the medical treatment of colorectal cancers difficult .", "Evidence Elements": {"Participant": [], "Intervention": [], "Outcome": []}, "Evidence Propositions": []}, {"Section": "METHODS", "Text": "The patients with tumor progression or poor biological behaviorshould receive or or continue combination chemotherapy .", "Evidence Elements": {"Participant": [{"term": "tumor progression", "negation": "affirmed", "UMLS": "", "start": 18, "end": 35}, {"term": "poor biological behaviorshould", "negation": "affirmed", "UMLS": "", "start": 39, "end": 69}], "Intervention": [{"term": "chemotherapy", "negation": "affirmed", "UMLS": "", "start": 105, "end": 117}], "Outcome": []}, "Evidence Propositions": []}, {"Section": "RESULTS", "Text": "Adjuvant chemotherapy should reduce the intensity of treatment and shorten the therapy time .", "Evidence Elements": {"Participant": [], "Intervention": [], "Outcome": []}, "Evidence Propositions": []}, {"Section": "CONCLUSIONS", "Text": "Fever patients during chemotherapy need to receive differential diagnosis and screening according to national standards .", "Evidence Elements": {"Participant": [], "Intervention": [], "Outcome": []}, "Evidence Propositions": []}, {"Section": "CONCLUSIONS", "Text": "Patients with stable diseases and good general conditions may delay imaging examination . . Clinicians should make individual clinical decisions based on the specifics of each patient durding epidemic situation .", "Evidence Elements": {"Participant": [], "Intervention": [], "Outcome": []}, "Evidence Propositions": []}]}