{"doc_id": "32105632", "type of study": "Therapy", "title": "", "abstract": "An ongoing outbreak of pneumonia associated with the severe acute respiratory coronavirus 2 (SARS-CoV-2) started in December, 2019, in Wuhan, China.\nInformation about critically ill patients with SARS-CoV-2 infection is scarce.\nWe aimed to describe the clinical course and outcomes of critically ill patients with SARS-CoV-2 pneumonia.\nIn this single-centered, retrospective, observational study, we enrolled 52 critically ill adult patients with SARS-CoV-2 pneumonia who were admitted to the intensive care unit (ICU) of Wuhan Jin Yin-tan hospital (Wuhan, China) between late December, 2019, and Jan 26, 2020.\nDemographic data, symptoms, laboratory values, comorbidities, treatments, and clinical outcomes were all collected.\nData were compared between survivors and non-survivors.\nThe primary outcome was 28-day mortality, as of Feb 9, 2020.\nSecondary outcomes included incidence of SARS-CoV-2-related acute respiratory distress syndrome (ARDS) and the proportion of patients requiring mechanical ventilation.\nOf 710 patients with SARS-CoV-2 pneumonia, 52 critically ill adult patients were included.\nThe mean age of the 52 patients was 59 7 (SD 13 3) years, 35 (67%) were men, 21 (40%) had chronic illness, 51 (98%) had fever.\n32 (61 5%) patients had died at 28 days, and the median duration from admission to the intensive care unit (ICU) to death was 7 (IQR 3-11) days for non-survivors.\nCompared with survivors, non-survivors were older (64 6 years [11 2] vs 51 9 years [12 9]), more likely to develop ARDS (26 [81%] patients vs 9 [45%] patients), and more likely to receive mechanical ventilation (30 [94%] patients vs 7 [35%] patients), either invasively or non-invasively.\nMost patients had organ function damage, including 35 (67%) with ARDS, 15 (29%) with acute kidney injury, 12 (23%) with cardiac injury, 15 (29%) with liver dysfunction, and one (2%) with pneumothorax.\n37 (71%) patients required mechanical ventilation.\nHospital-acquired infection occurred in seven (13 5%) patients.\nThe mortality of critically ill patients with SARS-CoV-2 pneumonia is considerable.\nThe survival time of the non-survivors is likely to be within 1-2 weeks after ICU admission.\nOlder patients (>65 years) with comorbidities and ARDS are at increased risk of death.\nThe severity of SARS-CoV-2 pneumonia poses great strain on critical care resources in hospitals, especially if they are not adequately staffed or resourced.\nNone.\n", "Evidence Map": {"Enrollment": [{"term": "critically ill patients", "negation": "affirmed", "UMLS": "", "start": 57, "end": 80}, {"term": "SARS-CoV-2 pneumonia", "negation": "affirmed", "UMLS": "", "start": 86, "end": 106}, {"term": "critically ill adult patients", "negation": "affirmed", "UMLS": "", "start": 79, "end": 108}, {"term": "SARS-CoV-2 pneumonia", "negation": "affirmed", "UMLS": "", "start": 114, "end": 134}, {"term": "SARS-CoV-2 pneumonia", "negation": "affirmed", "UMLS": "", "start": 21, "end": 41}, {"term": "critically ill adult patients", "negation": "affirmed", "UMLS": "", "start": 47, "end": 76}, {"term": "non-survivors", "negation": "affirmed", "UMLS": "", "start": 26, "end": 39}, {"term": "older", "negation": "affirmed", "UMLS": "", "start": 45, "end": 50}, {"term": "organ function damage", "negation": "affirmed", "UMLS": "", "start": 18, "end": 39}, {"term": "ARDS", "negation": "affirmed", "UMLS": "", "start": 69, "end": 73}, {"term": "acute kidney injury", "negation": "affirmed", "UMLS": "", "start": 93, "end": 112}, {"term": "critically ill patients with SARS-CoV-2 pneumonia", "negation": "affirmed", "UMLS": "", "start": 17, "end": 66}], "Comparison Results": [], "Study Arm 1 Results": [], "Study Arm 2 Results": []}, "Sentence-level breakdown": [{"Section": "TITLE", "Text": "An ongoing outbreak of pneumonia associated with the severe acute respiratory coronavirus 2 ( SARS-CoV-2 ) started in December , 2019 , in Wuhan , China .", "Evidence Elements": {"Participant": [], "Intervention": [], "Outcome": []}, "Evidence Propositions": []}, {"Section": "OBJECTIVE", "Text": "We aimed to describe the clinical course and outcomes of critically ill patients with SARS-CoV-2 pneumonia .", "Evidence Elements": {"Participant": [{"term": "critically ill patients", "negation": "affirmed", "UMLS": "", "start": 57, "end": 80}, {"term": "SARS-CoV-2 pneumonia", "negation": "affirmed", "UMLS": "", "start": 86, "end": 106}], "Intervention": [], "Outcome": [{"term": "clinical course", "negation": "affirmed", "UMLS": "", "start": 25, "end": 40}, {"term": "outcomes", "negation": "affirmed", "UMLS": "", "start": 45, "end": 53}]}, "Evidence Propositions": []}, {"Section": "METHODS", "Text": "In this single-centered , retrospective , observational study , we enrolled 52 critically ill adult patients with SARS-CoV-2 pneumonia who were admitted to the intensive care unit ( ICU ) of Wuhan Jin Yin-tan hospital ( Wuhan , China ) between late December , 2019 , and Jan 26 , 2020 .", "Evidence Elements": {"Participant": [{"term": "critically ill adult patients", "negation": "affirmed", "UMLS": "", "start": 79, "end": 108}, {"term": "SARS-CoV-2 pneumonia", "negation": "affirmed", "UMLS": "", "start": 114, "end": 134}], "Intervention": [], "Outcome": []}, "Evidence Propositions": []}, {"Section": "METHODS", "Text": "Demographic data , symptoms , laboratory values , comorbidities , treatments , and clinical outcomes were all collected .", "Evidence Elements": {"Participant": [], "Intervention": [], "Outcome": [{"term": "symptoms", "negation": "affirmed", "UMLS": "", "start": 19, "end": 27}, {"term": "laboratory values", "negation": "affirmed", "UMLS": "", "start": 30, "end": 47}, {"term": "comorbidities", "negation": "affirmed", "UMLS": "", "start": 50, "end": 63}, {"term": "treatments", "negation": "affirmed", "UMLS": "", "start": 66, "end": 76}]}, "Evidence Propositions": []}, {"Section": "METHODS", "Text": "Data were compared between survivors and non-survivors .", "Evidence Elements": {"Participant": [], "Intervention": [{"term": "survivors", "negation": "affirmed", "UMLS": "", "start": 27, "end": 36}, {"term": "non-survivors", "negation": "affirmed", "UMLS": "", "start": 41, "end": 54}], "Outcome": []}, "Evidence Propositions": []}, {"Section": "METHODS", "Text": "The primary outcome was 28-day mortality , as of Feb 9 , 2020 .", "Evidence Elements": {"Participant": [], "Intervention": [], "Outcome": [{"term": "28-day mortality", "negation": "affirmed", "UMLS": "", "start": 24, "end": 40}]}, "Evidence Propositions": []}, {"Section": "METHODS", "Text": "Secondary outcomes included incidence of SARS-CoV-2-related acute respiratory distress syndrome ( ARDS ) and the proportion of patients requiring mechanical ventilation .", "Evidence Elements": {"Participant": [], "Intervention": [], "Outcome": [{"term": "incidence of SARS-CoV-2-related acute respiratory distress syndrome ( ARDS )", "negation": "affirmed", "UMLS": "", "start": 28, "end": 104}, {"term": "proportion of patients requiring", "negation": "affirmed", "UMLS": "", "start": 113, "end": 145}]}, "Evidence Propositions": []}, {"Section": "RESULTS", "Text": "Of 710 patients with SARS-CoV-2 pneumonia , 52 critically ill adult patients were included .", "Evidence Elements": {"Participant": [{"term": "SARS-CoV-2 pneumonia", "negation": "affirmed", "UMLS": "", "start": 21, "end": 41}, {"term": "critically ill adult patients", "negation": "affirmed", "UMLS": "", "start": 47, "end": 76}], "Intervention": [], "Outcome": []}, "Evidence Propositions": []}, {"Section": "RESULTS", "Text": "The mean age of the 52 patients was 59 7 ( SD 13 3 ) years , 35 ( 67 % ) were men , 21 ( 40 % ) had chronic illness , 51 ( 98 % ) had fever .", "Evidence Elements": {"Participant": [], "Intervention": [], "Outcome": []}, "Evidence Propositions": []}, {"Section": "RESULTS", "Text": "32 ( 61 5 % ) patients had died at 28 days , and the median duration from admission to the intensive care unit ( ICU ) to death was 7 (IQR 3-11 ) days for non-survivors .", "Evidence Elements": {"Participant": [], "Intervention": [], "Outcome": [{"term": "died", "negation": "affirmed", "UMLS": "", "start": 27, "end": 31}, {"term": "median duration from admission to the intensive care unit ( ICU ) to death", "negation": "affirmed", "UMLS": "", "start": 53, "end": 127}]}, "Evidence Propositions": []}, {"Section": "RESULTS", "Text": "Compared with survivors , non-survivors were older ( 64 6 years [ 11 2 ] vs 51 9 years [ 12 9 ] ) , more likely to develop ARDS ( 26 [ 81 % ] patients vs 9 [ 45 % ] patients ) , and more likely to receive mechanical ventilation ( 30 [ 94 % ] patients vs 7 [ 35 % ] patients ) , either invasively or non-invasively .", "Evidence Elements": {"Participant": [{"term": "non-survivors", "negation": "affirmed", "UMLS": "", "start": 26, "end": 39}, {"term": "older", "negation": "affirmed", "UMLS": "", "start": 45, "end": 50}], "Intervention": [{"term": "survivors", "negation": "affirmed", "UMLS": "", "start": 14, "end": 23}], "Outcome": [{"term": "ARDS", "negation": "affirmed", "UMLS": "", "start": 123, "end": 127}]}, "Evidence Propositions": [{"Intervention": [], "Observation": "more likely", "Outcome": "ARDS", "Count": ""}, {"Intervention": "survivors", "Observation": "", "Count": "26 [ 81 % ] patients", "Outcome": "ARDS"}]}, {"Section": "RESULTS", "Text": "Most patients had organ function damage , including 35 ( 67 % ) with ARDS , 15 ( 29 % ) with acute kidney injury , 12 ( 23 % ) with cardiac injury , 15 ( 29 % ) with liver dysfunction , and one ( 2 % ) with pneumothorax .", "Evidence Elements": {"Participant": [{"term": "organ function damage", "negation": "affirmed", "UMLS": "", "start": 18, "end": 39}, {"term": "ARDS", "negation": "affirmed", "UMLS": "", "start": 69, "end": 73}, {"term": "acute kidney injury", "negation": "affirmed", "UMLS": "", "start": 93, "end": 112}], "Intervention": [], "Outcome": []}, "Evidence Propositions": []}, {"Section": "RESULTS", "Text": "37 ( 71 % ) patients required mechanical ventilation .", "Evidence Elements": {"Participant": [], "Intervention": [], "Outcome": []}, "Evidence Propositions": []}, {"Section": "RESULTS", "Text": "Hospital-acquired infection occurred in seven ( 13 5 % ) patients .", "Evidence Elements": {"Participant": [], "Intervention": [], "Outcome": [{"term": "Hospital-acquired infection", "negation": "affirmed", "UMLS": "", "start": 0, "end": 27}]}, "Evidence Propositions": []}, {"Section": "CONCLUSIONS", "Text": "The mortality of critically ill patients with SARS-CoV-2 pneumonia is considerable .", "Evidence Elements": {"Participant": [{"term": "critically ill patients with SARS-CoV-2 pneumonia", "negation": "affirmed", "UMLS": "", "start": 17, "end": 66}], "Intervention": [], "Outcome": [{"term": "mortality", "negation": "affirmed", "UMLS": "", "start": 4, "end": 13}]}, "Evidence Propositions": []}, {"Section": "CONCLUSIONS", "Text": "The survival time of the non-survivors is likely to be within 1-2 weeks after ICU admission .", "Evidence Elements": {"Participant": [], "Intervention": [{"term": "non-survivors", "negation": "affirmed", "UMLS": "", "start": 25, "end": 38}], "Outcome": [{"term": "survival time", "negation": "affirmed", "UMLS": "", "start": 4, "end": 17}]}, "Evidence Propositions": [{"Intervention": "non-survivors", "Observation": "1-2 weeks", "Outcome": "survival time", "Count": ""}]}, {"Section": "CONCLUSIONS", "Text": "Older patients ( > 65 years ) with comorbidities and ARDS are at increased risk of death .", "Evidence Elements": {"Participant": [], "Intervention": [], "Outcome": []}, "Evidence Propositions": []}, {"Section": "CONCLUSIONS", "Text": "The severity of SARS-CoV-2 pneumonia poses great strain on critical care resources in hospitals , especially if they are not adequately staffed or resourced .", "Evidence Elements": {"Participant": [], "Intervention": [], "Outcome": []}, "Evidence Propositions": []}, {"Section": "CONCLUSIONS", "Text": "None .", "Evidence Elements": {"Participant": [], "Intervention": [], "Outcome": []}, "Evidence Propositions": []}]}