{"doc_id": "32106567", "type of study": "Therapy", "title": "", "abstract": "The beginning of 2020 has seen the emergence of COVID-19 outbreak caused by a novel coronavirus, Severe Acute Respiratory Syndrome Coronavirus 2 (SARS-CoV-2).\nThere is an imminent need to better understand this new virus and to develop ways to control its spread.\nIn this study, we sought to gain insights for vaccine design against SARS-CoV-2 by considering the high genetic similarity between SARS-CoV-2 and SARS-CoV, which caused the outbreak in 2003, and leveraging existing immunological studies of SARS-CoV. By screening the experimentally-determined SARS-CoV-derived B cell and T cell epitopes in the immunogenic structural proteins of SARS-CoV, we identified a set of B cell and T cell epitopes derived from the spike (S) and nucleocapsid (N) proteins that map identically to SARS-CoV-2 proteins.\nAs no mutation has been observed in these identified epitopes among the 120 available SARS-CoV-2 sequences (as of 21 February 2020), immune targeting of these epitopes may potentially offer protection against this novel virus.\nFor the T cell epitopes, we performed a population coverage analysis of the associated MHC alleles and proposed a set of epitopes that is estimated to provide broad coverage globally, as well as in China.\nOur findings provide a screened set of epitopes that can help guide experimental efforts towards the development of vaccines against SARS-CoV-2.\n", "Evidence Map": {"Enrollment": [{"term": "SARS-CoV-2", "negation": "affirmed", "UMLS": "", "start": 70, "end": 80}], "Comparison Results": [], "Study Arm 1 Results": [], "Study Arm 2 Results": []}, "Sentence-level breakdown": [{"Section": "TITLE", "Text": "The beginning of 2020 has seen the emergence of COVID-19 outbreak caused by a novel coronavirus , Severe Acute Respiratory Syndrome Coronavirus 2 ( SARS-CoV-2 ) .", "Evidence Elements": {"Participant": [], "Intervention": [], "Outcome": []}, "Evidence Propositions": []}, {"Section": "OBJECTIVE", "Text": "In this study , we sought to gain insights for vaccine design against SARS-CoV-2 by considering the high genetic similarity between SARS-CoV-2 and SARS-CoV , which caused the outbreak in 2003 , and leveraging existing immunological studies of SARS-CoV . By screening the experimentally-determined SARS-CoV-derived B cell and T cell epitopes in the immunogenic structural proteins of SARS-CoV , we identified a set of B cell and T cell epitopes derived from the spike ( S ) and nucleo", "Evidence Elements": {"Participant": [{"term": "SARS-CoV-2", "negation": "affirmed", "UMLS": "", "start": 70, "end": 80}], "Intervention": [], "Outcome": [{"term": "cell and T cell epitopes", "negation": "affirmed", "UMLS": "", "start": 316, "end": 340}, {"term": "B cell and T cell", "negation": "affirmed", "UMLS": "", "start": 314, "end": 331}]}, "Evidence Propositions": []}, {"Section": "RESULTS", "Text": "As no mutation has been observed in these identified epitopes among the 120 available SARS-CoV-2 sequences ( as of 21 February 2020 ) , immune targeting of these epitopes may potentially offer protection against this novel virus .", "Evidence Elements": {"Participant": [], "Intervention": [], "Outcome": []}, "Evidence Propositions": []}, {"Section": "RESULTS", "Text": "For the T cell epitopes , we performed a population coverage analysis of the associated MHC alleles and proposed a set of epitopes that is estimated to provide broad coverage globally , as well as in China .", "Evidence Elements": {"Participant": [], "Intervention": [], "Outcome": [{"term": "T cell epitopes", "negation": "affirmed", "UMLS": "", "start": 8, "end": 23}]}, "Evidence Propositions": []}, {"Section": "CONCLUSIONS", "Text": "Our findings provide a screened set of epitopes that can help guide experimental efforts towards the development of vaccines against SARS-CoV-2 .", "Evidence Elements": {"Participant": [], "Intervention": [], "Outcome": []}, "Evidence Propositions": []}]}