{"doc_id": "32117569", "type of study": "Therapy", "title": "", "abstract": "A novel coronavirus (2019-nCoV) originating in Wuhan, China presents a potential respiratory viral pandemic to the world population.\nCurrent efforts are focused on containment and quarantine of infected individuals.\nUltimately, the outbreak could be controlled with a protective vaccine to prevent 2019-nCoV infection.\nWhile vaccine research should be pursued intensely, there exists today no therapy to treat 2019-nCoV upon infection, despite an urgent need to find options to help these patients and preclude potential death.\nHerein, I review the potential options to treat 2019-nCoV in patients, with an emphasis on the necessity for speed and timeliness in developing new and effective therapies in this outbreak. I consider the options of drug repurposing, developing neutralizing monoclonal antibody therapy, and an oligonucleotide strategy targeting the viral RNA genome, emphasizing the promise and pitfalls of these approaches.\nFinally, I advocate for the fastest strategy to develop a treatment now, which could be resistant to any mutations the virus may have in the future.\nThe proposal is a biologic that blocks 2019-nCoV entry using a soluble version of the viral receptor, angiotensin-converting enzyme 2 (ACE2), fused to an immunoglobulin Fc domain (ACE2-Fc), providing a neutralizing antibody with maximal breath to avoid any viral escape, while also helping to recruit the immune system to build lasting immunity.\nThe ACE2-Fc therapy would also supplement decreased ACE2 levels in the lungs during infection, thereby directly treating acute respiratory distress pathophysiology as a third mechanism of action.\nThe sequence of the ACE2-Fc protein is provided to investigators, allowing its possible use in recombinant protein expression systems to start producing drug today to treat patients under compassionate use, while formal clinical trials are later undertaken.\nSuch a treatment could help infected patients before a protective vaccine is developed and widely available in the coming months to year(s).\n", "Evidence Map": {"Enrollment": [{"term": "2019-nCoV", "negation": "affirmed", "UMLS": "", "start": 49, "end": 58}, {"term": "infection", "negation": "affirmed", "UMLS": "", "start": 84, "end": 93}, {"term": "acute respiratory distress pathophysiology", "negation": "affirmed", "UMLS": "", "start": 122, "end": 164}], "Comparison Results": [], "Study Arm 1 Results": [], "Study Arm 2 Results": []}, "Sentence-level breakdown": [{"Section": "TITLE", "Text": "A novel coronavirus ( 2019-nCoV ) originating in Wuhan , China presents a potential respiratory viral pandemic to the world population .", "Evidence Elements": {"Participant": [], "Intervention": [], "Outcome": []}, "Evidence Propositions": []}, {"Section": "RESULTS", "Text": "Herein , I review the potential options to treat 2019-nCoV in patients , with an emphasis on the necessity for speed and timeliness in developing new and effective therapies in this outbreak . I consider the options of drug repurposing , developing neutralizing monoclonal antibody therapy , and an oligonucleotide strategy targeting the viral RNA genome , emphasizing the promise and pitfalls of these approaches .", "Evidence Elements": {"Participant": [{"term": "2019-nCoV", "negation": "affirmed", "UMLS": "", "start": 49, "end": 58}], "Intervention": [{"term": "oligonucleotide", "negation": "affirmed", "UMLS": "", "start": 299, "end": 314}], "Outcome": []}, "Evidence Propositions": []}, {"Section": "RESULTS", "Text": "Finally , I advocate for the fastest strategy to develop a treatment now , which could be resistant to any mutations the virus may have in the future .", "Evidence Elements": {"Participant": [], "Intervention": [], "Outcome": []}, "Evidence Propositions": []}, {"Section": "RESULTS", "Text": "The proposal is a biologic that blocks 2019-nCoV entry using a soluble version of the viral receptor , angiotensin-converting enzyme 2 ( ACE2 ) , fused to an immunoglobulin Fc domain ( ACE2-Fc ) , providing a neutralizing antibody with maximal breath to avoid any viral escape , while also helping to recruit the immune system to build lasting immunity .", "Evidence Elements": {"Participant": [], "Intervention": [], "Outcome": []}, "Evidence Propositions": []}, {"Section": "RESULTS", "Text": "The ACE2-Fc therapy would also supplement decreased ACE2 levels in the lungs during infection , thereby directly treating acute respiratory distress pathophysiology as a third mechanism of action .", "Evidence Elements": {"Participant": [{"term": "infection", "negation": "affirmed", "UMLS": "", "start": 84, "end": 93}, {"term": "acute respiratory distress pathophysiology", "negation": "affirmed", "UMLS": "", "start": 122, "end": 164}], "Intervention": [{"term": "ACE2-Fc", "negation": "affirmed", "UMLS": "", "start": 4, "end": 11}], "Outcome": [{"term": "ACE2 levels in the lungs", "negation": "affirmed", "UMLS": "", "start": 52, "end": 76}]}, "Evidence Propositions": []}, {"Section": "RESULTS", "Text": "The sequence of the ACE2-Fc protein is provided to investigators , allowing its possible use in recombinant protein expression systems to start producing drug today to treat patients under compassionate use , while formal clinical trials are later undertaken .", "Evidence Elements": {"Participant": [], "Intervention": [], "Outcome": []}, "Evidence Propositions": []}, {"Section": "CONCLUSIONS", "Text": "Such a treatment could help infected patients before a protective vaccine is developed and widely available in the coming months to year (s ) .", "Evidence Elements": {"Participant": [], "Intervention": [], "Outcome": []}, "Evidence Propositions": []}]}