{"doc_id": "32110875", "type of study": "Therapy", "title": "", "abstract": "Rapid diagnostics, vaccines and therapeutics are important interventions for the management of the 2019 novel coronavirus (2019-nCoV) outbreak.\nIt is timely to systematically review the potential of these interventions, including those for Middle East respiratory syndrome-Coronavirus (MERS-CoV) and severe acute respiratory syndrome (SARS)-CoV, to guide policymakers globally on their prioritization of resources for research and development.\nA systematic search was carried out in three major electronic databases (PubMed, Embase and Cochrane Library) to identify published studies in accordance with the Preferred Reporting Items for Systematic Reviews and Meta-Analyses (PRISMA) guidelines.\nSupplementary strategies through Google Search and personal communications were used.\nA total of 27 studies fulfilled the criteria for review.\nSeveral laboratory protocols for confirmation of suspected 2019-nCoV cases using real-time reverse transcription polymerase chain reaction (RT-PCR) have been published.\nA commercial RT-PCR kit developed by the Beijing Genomic Institute is currently widely used in China and likely in Asia.\nHowever, serological assays as well as point-of-care testing kits have not been developed but are likely in the near future.\nSeveral vaccine candidates are in the pipeline.\nThe likely earliest Phase 1 vaccine trial is a synthetic DNA-based candidate.\nA number of novel compounds as well as therapeutics licensed for other conditions appear to have in vitro efficacy against the 2019-nCoV. Some are being tested in clinical trials against MERS-CoV and SARS-CoV, while others have been listed for clinical trials against 2019-nCoV. However, there are currently no effective specific antivirals or drug combinations supported by high-level evidence.\n", "Evidence Map": {"Enrollment": [{"term": "Middle East respiratory syndrome-Coronavirus ( MERS-CoV )", "negation": "affirmed", "UMLS": "", "start": 97, "end": 154}, {"term": "severe acute respiratory syndrome ( SARS ) -CoV", "negation": "affirmed", "UMLS": "", "start": 159, "end": 206}], "Comparison Results": [], "Study Arm 1 Results": [], "Study Arm 2 Results": []}, "Sentence-level breakdown": [{"Section": "TITLE", "Text": "Rapid diagnostics , vaccines and therapeutics are important interventions for the management of the 2019 novel coronavirus ( 2019-nCoV ) outbreak .", "Evidence Elements": {"Participant": [], "Intervention": [], "Outcome": []}, "Evidence Propositions": []}, {"Section": "METHODS", "Text": "A systematic search was carried out in three major electronic databases ( PubMed , Embase and Cochrane Library ) to identify published studies in accordance with the Preferred Reporting Items for Systematic Reviews and Meta-Analyses ( PRISMA ) guidelines .", "Evidence Elements": {"Participant": [], "Intervention": [], "Outcome": []}, "Evidence Propositions": []}, {"Section": "METHODS", "Text": "Supplementary strategies through Google Search and personal communications were used .", "Evidence Elements": {"Participant": [], "Intervention": [], "Outcome": []}, "Evidence Propositions": []}, {"Section": "RESULTS", "Text": "A total of 27 studies fulfilled the criteria for review .", "Evidence Elements": {"Participant": [], "Intervention": [], "Outcome": []}, "Evidence Propositions": []}, {"Section": "RESULTS", "Text": "Several laboratory protocols for confirmation of suspected 2019-nCoV cases using real-time reverse transcription polymerase chain reaction ( RT-PCR ) have been published .", "Evidence Elements": {"Participant": [], "Intervention": [], "Outcome": []}, "Evidence Propositions": []}, {"Section": "RESULTS", "Text": "A commercial RT-PCR kit developed by the Beijing Genomic Institute is currently widely used in China and likely in Asia .", "Evidence Elements": {"Participant": [], "Intervention": [], "Outcome": []}, "Evidence Propositions": []}, {"Section": "RESULTS", "Text": "However , serological assays as well as point-of-care testing kits have not been developed but are likely in the near future .", "Evidence Elements": {"Participant": [], "Intervention": [], "Outcome": []}, "Evidence Propositions": []}, {"Section": "RESULTS", "Text": "Several vaccine candidates are in the pipeline .", "Evidence Elements": {"Participant": [], "Intervention": [], "Outcome": []}, "Evidence Propositions": []}, {"Section": "CONCLUSIONS", "Text": "The likely earliest Phase 1 vaccine trial is a synthetic DNA-based candidate .", "Evidence Elements": {"Participant": [], "Intervention": [], "Outcome": []}, "Evidence Propositions": []}, {"Section": "CONCLUSIONS", "Text": "A number of novel compounds as well as therapeutics licensed for other conditions appear to have in vitro efficacy against the 2019-nCoV . Some are being tested in clinical trials against MERS-CoV and SARS-CoV , while others have been listed for clinical trials against 2019-nCoV . However , there are currently no effective specific antivirals or drug combinations supported by high-level evidence .", "Evidence Elements": {"Participant": [], "Intervention": [], "Outcome": []}, "Evidence Propositions": []}]}