{"doc_id": "32113846", "type of study": "Therapy", "title": "", "abstract": "In this study we execute a rational screen to identify Chinese medical herbs that are commonly used in treating viral respiratory infections and also contain compounds that might directly inhibit 2019 novel coronavirus (2019-nCoV), an ongoing novel coronavirus that causes pneumonia.\nThere were two main steps in the screening process.\nIn the first step we conducted a literature search for natural compounds that had been biologically confirmed as against sever acute respiratory syndrome coronavirus or Middle East respiratory syndrome coronavirus.\nResulting compounds were cross-checked for listing in the Traditional Chinese Medicine Systems Pharmacology Database.\nCompounds meeting both requirements were subjected to absorption, distribution, metabolism and excretion (ADME) evaluation to verify that oral administration would be effective.\nNext, a docking analysis was used to test whether the compound had the potential for direct 2019-nCoV protein interaction.\nIn the second step we searched Chinese herbal databases to identify plants containing the selected compounds.\nPlants containing 2 or more of the compounds identified in our screen were then checked against the catalogue for classic herbal usage.\nFinally, network pharmacology analysis was used to predict the general in vivo effects of each selected herb.\nOf the natural compounds screened, 13 that exist in traditional Chinese medicines were also found to have potential anti-2019-nCoV activity.\nFurther, 125 Chinese herbs were found to contain 2 or more of these 13 compounds.\nOf these 125 herbs, 26 are classically catalogued as treating viral respiratory infections.\nNetwork pharmacology analysis predicted that the general in vivo roles of these 26 herbal plants were related to regulating viral infection, immune/inflammation reactions and hypoxia response.\nChinese herbal treatments classically used for treating viral respiratory infection might contain direct anti-2019-nCoV compounds.\n", "Evidence Map": {"Enrollment": [{"term": "infections", "negation": "affirmed", "UMLS": "", "start": 130, "end": 140}, {"term": "sever acute", "negation": "affirmed", "UMLS": "", "start": 121, "end": 132}, {"term": "syndrome", "negation": "affirmed", "UMLS": "", "start": 145, "end": 153}], "Comparison Results": [], "Study Arm 1 Results": [], "Study Arm 2 Results": []}, "Sentence-level breakdown": [{"Section": "TITLE", "Text": "In this study we execute a rational screen to identify Chinese medical herbs that are commonly used in treating viral respiratory infections and also contain compounds that might directly inhibit 2019 novel coronavirus ( 2019-nCoV ) , an ongoing novel coronavirus that causes pneumonia .", "Evidence Elements": {"Participant": [{"term": "infections", "negation": "affirmed", "UMLS": "", "start": 130, "end": 140}], "Intervention": [{"term": "Chinese medical herbs", "negation": "affirmed", "UMLS": "", "start": 55, "end": 76}], "Outcome": []}, "Evidence Propositions": []}, {"Section": "METHODS", "Text": "There were two main steps in the screening process .", "Evidence Elements": {"Participant": [], "Intervention": [], "Outcome": []}, "Evidence Propositions": []}, {"Section": "METHODS", "Text": "In the first step we conducted a literature search for natural compounds that had been biologically confirmed as against sever acute respiratory syndrome coronavirus or Middle East respiratory syndrome coronavirus .", "Evidence Elements": {"Participant": [{"term": "sever acute", "negation": "affirmed", "UMLS": "", "start": 121, "end": 132}, {"term": "syndrome", "negation": "affirmed", "UMLS": "", "start": 145, "end": 153}], "Intervention": [], "Outcome": []}, "Evidence Propositions": []}, {"Section": "METHODS", "Text": "Resulting compounds were cross-checked for listing in the Traditional Chinese Medicine Systems Pharmacology Database .", "Evidence Elements": {"Participant": [], "Intervention": [], "Outcome": []}, "Evidence Propositions": []}, {"Section": "METHODS", "Text": "Compounds meeting both requirements were subjected to absorption , distribution , metabolism and excretion ( ADME ) evaluation to verify that oral administration would be effective .", "Evidence Elements": {"Participant": [], "Intervention": [], "Outcome": [{"term": "absorption , distribution , metabolism and excretion ( ADME )", "negation": "affirmed", "UMLS": "", "start": 54, "end": 115}]}, "Evidence Propositions": []}, {"Section": "METHODS", "Text": "Next , a docking analysis was used to test whether the compound had the potential for direct 2019-nCoV protein interaction .", "Evidence Elements": {"Participant": [], "Intervention": [], "Outcome": [{"term": "direct 2019-nCoV protein", "negation": "affirmed", "UMLS": "", "start": 86, "end": 110}]}, "Evidence Propositions": []}, {"Section": "METHODS", "Text": "In the second step we searched Chinese herbal databases to identify plants containing the selected compounds .", "Evidence Elements": {"Participant": [], "Intervention": [], "Outcome": []}, "Evidence Propositions": []}, {"Section": "METHODS", "Text": "Plants containing 2 or more of the compounds identified in our screen were then checked against the catalogue for classic herbal usage .", "Evidence Elements": {"Participant": [], "Intervention": [], "Outcome": []}, "Evidence Propositions": []}, {"Section": "METHODS", "Text": "Finally , network pharmacology analysis was used to predict the general in vivo effects of each selected herb .", "Evidence Elements": {"Participant": [], "Intervention": [], "Outcome": [{"term": "general in vivo effects", "negation": "affirmed", "UMLS": "", "start": 64, "end": 87}]}, "Evidence Propositions": []}, {"Section": "RESULTS", "Text": "Of the natural compounds screened , 13 that exist in traditional Chinese medicines were also found to have potential anti-2019-nCoV activity .", "Evidence Elements": {"Participant": [], "Intervention": [], "Outcome": [{"term": "anti-2019-nCoV", "negation": "affirmed", "UMLS": "", "start": 117, "end": 131}]}, "Evidence Propositions": []}, {"Section": "RESULTS", "Text": "Further , 125 Chinese herbs were found to contain 2 or more of these 13 compounds .", "Evidence Elements": {"Participant": [], "Intervention": [], "Outcome": []}, "Evidence Propositions": []}, {"Section": "RESULTS", "Text": "Of these 125 herbs , 26 are classically catalogued as treating viral respiratory infections .", "Evidence Elements": {"Participant": [], "Intervention": [], "Outcome": []}, "Evidence Propositions": []}, {"Section": "RESULTS", "Text": "Network pharmacology analysis predicted that the general in vivo roles of these 26 herbal plants were related to regulating viral infection , immune / inflammation reactions and hypoxia response .", "Evidence Elements": {"Participant": [], "Intervention": [{"term": "general in vivo roles", "negation": "affirmed", "UMLS": "", "start": 49, "end": 70}, {"term": "herbal plants", "negation": "affirmed", "UMLS": "", "start": 83, "end": 96}], "Outcome": [{"term": "viral infection", "negation": "affirmed", "UMLS": "", "start": 124, "end": 139}, {"term": "inflammation reactions", "negation": "affirmed", "UMLS": "", "start": 151, "end": 173}, {"term": "hypoxia", "negation": "affirmed", "UMLS": "", "start": 178, "end": 185}]}, "Evidence Propositions": []}, {"Section": "CONCLUSIONS", "Text": "Chinese herbal treatments classically used for treating viral respiratory infection might contain direct anti-2019-nCoV compounds .", "Evidence Elements": {"Participant": [], "Intervention": [], "Outcome": []}, "Evidence Propositions": []}]}