{"doc_id": "32118639", "type of study": "Therapy", "title": "", "abstract": "A patient's infectivity is determined by the presence of the virus in different body fluids, secretions, and excreta.\nThe persistence and clearance of viral RNA from different specimens of patients with 2019 novel coronavirus disease (COVID-19) remain unclear.\nThis study analyzed the clearance time and factors influencing 2019 novel coronavirus (2019-nCoV) RNA in different samples from patients with COVID-19, providing further evidence to improve the management of patients during convalescence.\nThe clinical data and laboratory test results of convalescent patients with COVID-19 who were admitted to from January 20, 2020 to February 10, 2020 were collected retrospectively.\nThe reverse transcription polymerase chain reaction (RT-PCR) results for patients' oropharyngeal swab, stool, urine, and serum samples were collected and analyzed.\nConvalescent patients refer to recovered non-febrile patients without respiratory symptoms who had two successive (minimum 24 h sampling interval) negative RT-PCR results for viral RNA from oropharyngeal swabs.\nThe effects of cluster of differentiation 4 (CD4)+ T lymphocytes, inflammatory indicators, and glucocorticoid treatment on viral nucleic acid clearance were analyzed.\nIn the 292 confirmed cases, 66 patients recovered after treatment and were included in our study.\nIn total, 28 (42.4%) women and 38 men (57.6%) with a median age of 44.0 (34.0-62.0) years were analyzed.\nAfter in-hospital treatment, patients' inflammatory indicators decreased with improved clinical condition.\nThe median time from the onset of symptoms to first negative RT-PCR results for oropharyngeal swabs in convalescent patients was 9.5 (6.0-11.0) days.\nBy February 10, 2020, 11 convalescent patients (16.7%) still tested positive for viral RNA from stool specimens and the other 55 patients' stool specimens were negative for 2019-nCoV following a median duration of 11.0 (9.0-16.0) days after symptom onset.\nAmong these 55 patients, 43 had a longer duration until stool specimens were negative for viral RNA than for throat swabs, with a median delay of 2.0 (1.0-4.0) days.\nResults for only four (6.9%) urine samples were positive for viral nucleic acid out of 58 cases; viral RNA was still present in three patients' urine specimens after throat swabs were negative.\nUsing a multiple linear regression model (F = 2.669, P = 0.044, and adjusted R2 = 0.122), the analysis showed that the CD4+ T lymphocyte count may help predict the duration of viral RNA detection in patients' stools (t = -2.699, P = 0.010).\nThe duration of viral RNA detection from oropharyngeal swabs and fecal samples in the glucocorticoid treatment group was longer than that in the non-glucocorticoid treatment group (15 days vs. 8.0 days, respectively; t = 2.550, P = 0.013) and the duration of viral RNA detection in fecal samples in the glucocorticoid treatment group was longer than that in the non-glucocorticoid treatment group (20 days vs. 11 days, respectively; t = 4.631, P < 0.001).\nThere was no statistically significant difference in inflammatory indicators between patients with positive fecal viral RNA test results and those with negative results (P > 0.05).\nIn brief, as the clearance of viral RNA in patients' stools was delayed compared to that in oropharyngeal swabs, it is important to identify viral RNA in feces during convalescence.\nBecause of the delayed clearance of viral RNA in the glucocorticoid treatment group, glucocorticoids are not recommended in the treatment of COVID-19, especially for mild disease.\nThe duration of RNA detection may relate to host cell immunity.\n", "Evidence Map": {"Enrollment": [{"term": "COVID-19", "negation": "affirmed", "UMLS": "", "start": 144, "end": 152}, {"term": "convalescent", "negation": "affirmed", "UMLS": "", "start": 49, "end": 61}, {"term": "COVID-19", "negation": "affirmed", "UMLS": "", "start": 76, "end": 84}, {"term": "Convalescent", "negation": "affirmed", "UMLS": "", "start": 0, "end": 12}, {"term": "recovered non-febrile", "negation": "affirmed", "UMLS": "", "start": 31, "end": 52}, {"term": "respiratory symptoms", "negation": "negated", "UMLS": "", "start": 70, "end": 90}, {"term": "convalescent", "negation": "affirmed", "UMLS": "", "start": 103, "end": 115}, {"term": "COVID-19", "negation": "negated", "UMLS": "", "start": 142, "end": 150}], "Comparison Results": [], "Study Arm 1 Results": [], "Study Arm 2 Results": []}, "Sentence-level breakdown": [{"Section": "TITLE", "Text": "A patient 's infectivity is determined by the presence of the virus in different body fluids , secretions , and excreta .", "Evidence Elements": {"Participant": [], "Intervention": [], "Outcome": [{"term": "infectivity", "negation": "affirmed", "UMLS": "", "start": 13, "end": 24}]}, "Evidence Propositions": []}, {"Section": "OBJECTIVE", "Text": "This study analyzed the clearance time and factors influencing 2019 novel coronavirus ( 2019-nCoV ) RNA in different samples from patients with COVID-19 , providing further evidence to improve the management of patients during convalescence .", "Evidence Elements": {"Participant": [{"term": "COVID-19", "negation": "affirmed", "UMLS": "", "start": 144, "end": 152}], "Intervention": [], "Outcome": [{"term": "clearance time", "negation": "affirmed", "UMLS": "", "start": 24, "end": 38}, {"term": "2019 novel coronavirus ( 2019-nCoV ) RNA", "negation": "affirmed", "UMLS": "", "start": 63, "end": 103}]}, "Evidence Propositions": []}, {"Section": "METHODS", "Text": "The clinical data and laboratory test results of convalescent patients with COVID-19 who were admitted to from January 20 , 2020 to February 10 , 2020 were collected retrospectively .", "Evidence Elements": {"Participant": [{"term": "convalescent", "negation": "affirmed", "UMLS": "", "start": 49, "end": 61}, {"term": "COVID-19", "negation": "affirmed", "UMLS": "", "start": 76, "end": 84}], "Intervention": [], "Outcome": [{"term": "clinical data", "negation": "affirmed", "UMLS": "", "start": 4, "end": 17}, {"term": "laboratory test results", "negation": "affirmed", "UMLS": "", "start": 22, "end": 45}]}, "Evidence Propositions": []}, {"Section": "METHODS", "Text": "The reverse transcription polymerase chain reaction ( RT-PCR ) results for patients ' oropharyngeal swab , stool , urine , and serum samples were collected and analyzed .", "Evidence Elements": {"Participant": [], "Intervention": [], "Outcome": [{"term": "reverse transcription polymerase chain reaction ( RT-PCR )", "negation": "affirmed", "UMLS": "", "start": 4, "end": 62}]}, "Evidence Propositions": []}, {"Section": "RESULTS", "Text": "Convalescent patients refer to recovered non-febrile patients without respiratory symptoms who had two successive ( minimum 24 h sampling interval ) negative RT-PCR results for viral RNA from oropharyngeal swabs .", "Evidence Elements": {"Participant": [{"term": "Convalescent", "negation": "affirmed", "UMLS": "", "start": 0, "end": 12}, {"term": "recovered non-febrile", "negation": "affirmed", "UMLS": "", "start": 31, "end": 52}, {"term": "respiratory symptoms", "negation": "negated", "UMLS": "", "start": 70, "end": 90}], "Intervention": [], "Outcome": [{"term": "RNA", "negation": "affirmed", "UMLS": "", "start": 183, "end": 186}]}, "Evidence Propositions": []}, {"Section": "RESULTS", "Text": "The effects of cluster of differentiation 4 ( CD4 ) + T lymphocytes , inflammatory indicators , and glucocorticoid treatment on viral nucleic acid clearance were analyzed .", "Evidence Elements": {"Participant": [], "Intervention": [{"term": "cluster of differentiation 4 ( CD4 ) + T lymphocytes", "negation": "affirmed", "UMLS": "", "start": 15, "end": 67}, {"term": "glucocorticoid treatment", "negation": "affirmed", "UMLS": "", "start": 100, "end": 124}], "Outcome": [{"term": "inflammatory indicators", "negation": "affirmed", "UMLS": "", "start": 70, "end": 93}, {"term": "viral", "negation": "affirmed", "UMLS": "", "start": 128, "end": 133}]}, "Evidence Propositions": []}, {"Section": "RESULTS", "Text": "In the 292 confirmed cases , 66 patients recovered after treatment and were included in our study .", "Evidence Elements": {"Participant": [], "Intervention": [], "Outcome": [{"term": "recovered", "negation": "affirmed", "UMLS": "", "start": 41, "end": 50}]}, "Evidence Propositions": []}, {"Section": "RESULTS", "Text": "In total , 28 ( 42.4 % ) women and 38 men ( 57.6 % ) with a median age of 44.0 ( 34.0-62.0 ) years were analyzed .", "Evidence Elements": {"Participant": [], "Intervention": [], "Outcome": []}, "Evidence Propositions": []}, {"Section": "RESULTS", "Text": "After in-hospital treatment , patients ' inflammatory indicators decreased with improved clinical condition .", "Evidence Elements": {"Participant": [], "Intervention": [], "Outcome": [{"term": "inflammatory indicators", "negation": "affirmed", "UMLS": "", "start": 41, "end": 64}]}, "Evidence Propositions": []}, {"Section": "RESULTS", "Text": "The median time from the onset of symptoms to first negative RT-PCR results for oropharyngeal swabs in convalescent patients was 9.5 ( 6.0-11.0 ) days .", "Evidence Elements": {"Participant": [{"term": "convalescent", "negation": "affirmed", "UMLS": "", "start": 103, "end": 115}], "Intervention": [], "Outcome": [{"term": "median time from the onset of symptoms to first negative RT-PCR results for oropharyngeal swabs", "negation": "affirmed", "UMLS": "", "start": 4, "end": 99}]}, "Evidence Propositions": []}, {"Section": "RESULTS", "Text": "By February 10 , 2020 , 11 convalescent patients ( 16.7 % ) still tested positive for viral RNA from stool specimens and the other 55 patients ' stool specimens were negative for 2019-nCoV following a median duration of 11.0 ( 9.0-16.0 ) days after symptom onset .", "Evidence Elements": {"Participant": [], "Intervention": [], "Outcome": [{"term": "positive for viral RNA", "negation": "affirmed", "UMLS": "", "start": 73, "end": 95}, {"term": "stool specimens", "negation": "affirmed", "UMLS": "", "start": 101, "end": 116}]}, "Evidence Propositions": []}, {"Section": "RESULTS", "Text": "Among these 55 patients , 43 had a longer duration until stool specimens were negative for viral RNA than for throat swabs , with a median delay of 2.0 ( 1.0-4.0 ) days .", "Evidence Elements": {"Participant": [], "Intervention": [{"term": "throat swabs", "negation": "negated", "UMLS": "", "start": 110, "end": 122}], "Outcome": [{"term": "duration until stool specimens were negative for viral RNA", "negation": "affirmed", "UMLS": "", "start": 42, "end": 100}, {"term": "median delay", "negation": "negated", "UMLS": "", "start": 132, "end": 144}]}, "Evidence Propositions": [{"Intervention": [], "Observation": "longer", "Outcome": "", "Count": ""}]}, {"Section": "RESULTS", "Text": "Results for only four ( 6.9 % ) urine samples were positive for viral nucleic acid out of 58 cases ; viral RNA was still present in three patients ' urine specimens after throat swabs were negative .", "Evidence Elements": {"Participant": [], "Intervention": [], "Outcome": [{"term": "viral nucleic acid", "negation": "affirmed", "UMLS": "", "start": 64, "end": 82}, {"term": "viral RNA", "negation": "affirmed", "UMLS": "", "start": 101, "end": 110}]}, "Evidence Propositions": []}, {"Section": "RESULTS", "Text": "Using a multiple linear regression model ( F = 2.669 , P = 0.044 , and adjusted R2 = 0.122 ) , the analysis showed that the CD4+ T lymphocyte count may help predict the duration of viral RNA detection in patients ' stools ( t = -2.699 , P = 0.010 ) .", "Evidence Elements": {"Participant": [], "Intervention": [], "Outcome": [{"term": "CD4+ T lymphocyte count", "negation": "affirmed", "UMLS": "", "start": 124, "end": 147}, {"term": "duration of viral RNA detection", "negation": "affirmed", "UMLS": "", "start": 169, "end": 200}]}, "Evidence Propositions": []}, {"Section": "RESULTS", "Text": "The duration of viral RNA detection from oropharyngeal swabs and fecal samples in the glucocorticoid treatment group was longer than that in the non-glucocorticoid treatment group ( 15 days vs . 8.0 days , respectively ; t = 2.550 , P = 0.013 ) and the duration of viral RNA detection in fecal samples in the glucocorticoid treatment group was longer than that in the non-glucocorticoid treatment group ( 20 days vs . 11 days , respectively ; t = 4.631", "Evidence Elements": {"Participant": [], "Intervention": [{"term": "glucocorticoid treatment", "negation": "affirmed", "UMLS": "", "start": 86, "end": 110}, {"term": "non-glucocorticoid treatment", "negation": "affirmed", "UMLS": "", "start": 145, "end": 173}, {"term": "glucocorticoid treatment", "negation": "affirmed", "UMLS": "", "start": 86, "end": 110}, {"term": "non-glucocorticoid treatment", "negation": "affirmed", "UMLS": "", "start": 145, "end": 173}], "Outcome": [{"term": "duration of viral RNA detection from oropharyngeal swabs and fecal samples", "negation": "affirmed", "UMLS": "", "start": 4, "end": 78}, {"term": "duration of viral RNA detection in fecal samples", "negation": "affirmed", "UMLS": "", "start": 253, "end": 301}]}, "Evidence Propositions": [{"Intervention": ["glucocorticoid treatment", "non-glucocorticoid treatment"], "Observation": "longer", "Outcome": "duration of viral RNA detection from oropharyngeal swabs and fecal samples", "Count": ""}, {"Intervention": "glucocorticoid treatment", "Observation": "15 days", "Outcome": "duration of viral RNA detection from oropharyngeal swabs and fecal samples", "Count": ""}, {"Intervention": "non-glucocorticoid treatment", "Observation": "15 days", "Outcome": "duration of viral RNA detection from oropharyngeal swabs and fecal samples", "Count": ""}, {"Intervention": ["glucocorticoid treatment", "non-glucocorticoid treatment"], "Observation": "longer", "Outcome": "duration of viral RNA detection in fecal samples", "Count": ""}, {"Intervention": "glucocorticoid treatment", "Observation": "20 days", "Outcome": "duration of viral RNA detection in fecal samples", "Count": ""}, {"Intervention": "glucocorticoid treatment", "Observation": "20 days", "Outcome": "duration of viral RNA detection in fecal samples", "Count": ""}, {"Intervention": "non-glucocorticoid treatment", "Observation": "11", "Outcome": "duration of viral RNA detection in fecal samples", "Count": ""}]}, {"Section": "RESULTS", "Text": "There was no statistically significant difference in inflammatory indicators between patients with positive fecal viral RNA test results and those with negative results ( P > 0.05 ) .", "Evidence Elements": {"Participant": [], "Intervention": [{"term": "positive fecal viral RNA test results", "negation": "negated", "UMLS": "", "start": 99, "end": 136}, {"term": "negative results", "negation": "negated", "UMLS": "", "start": 152, "end": 168}], "Outcome": [{"term": "inflammatory indicators", "negation": "negated", "UMLS": "", "start": 53, "end": 76}]}, "Evidence Propositions": [{"Intervention": ["positive fecal viral RNA test results", "negative results"], "Observation": "statistically significant difference", "Outcome": "inflammatory indicators", "Count": ""}]}, {"Section": "CONCLUSIONS", "Text": "In brief , as the clearance of viral RNA in patients ' stools was delayed compared to that in oropharyngeal swabs , it is important to identify viral RNA in feces during convalescence .", "Evidence Elements": {"Participant": [], "Intervention": [{"term": "oropharyngeal", "negation": "affirmed", "UMLS": "", "start": 94, "end": 107}], "Outcome": [{"term": "clearance of viral RNA", "negation": "affirmed", "UMLS": "", "start": 18, "end": 40}, {"term": "viral RNA", "negation": "affirmed", "UMLS": "", "start": 31, "end": 40}]}, "Evidence Propositions": [{"Intervention": "oropharyngeal", "Observation": "delayed", "Outcome": "clearance of viral RNA", "Count": ""}]}, {"Section": "CONCLUSIONS", "Text": "Because of the delayed clearance of viral RNA in the glucocorticoid treatment group , glucocorticoids are not recommended in the treatment of COVID-19 , especially for mild disease .", "Evidence Elements": {"Participant": [{"term": "COVID-19", "negation": "negated", "UMLS": "", "start": 142, "end": 150}], "Intervention": [{"term": "glucocorticoid treatment", "negation": "affirmed", "UMLS": "", "start": 53, "end": 77}, {"term": "glucocorticoids", "negation": "affirmed", "UMLS": "", "start": 86, "end": 101}], "Outcome": [{"term": "clearance of viral RNA", "negation": "affirmed", "UMLS": "", "start": 23, "end": 45}]}, "Evidence Propositions": []}, {"Section": "CONCLUSIONS", "Text": "The duration of RNA detection may relate to host cell immunity .", "Evidence Elements": {"Participant": [], "Intervention": [], "Outcome": []}, "Evidence Propositions": []}]}