{"doc_id": "32113704", "type of study": "Therapy", "title": "", "abstract": "Coronavirus disease (COVID-19) is caused by SARS-COV2 and represents the causative agent of a potentially fatal disease that is of great global public health concern.\nBased on the large number of infected people that were exposed to the wet animal market in Wuhan City, China, it is suggested that this is likely the zoonotic origin of COVID-19.\nPerson-to-person transmission of COVID-19 infection led to the isolation of patients that were subsequently administered a variety of treatments.\nExtensive measures to reduce person-to-person transmission of COVID-19 have been implemented to control the current outbreak.\nSpecial attention and efforts to protect or reduce transmission should be applied in susceptible populations including children, health care providers, and elderly people.\nIn this review, we highlights the symptoms, epidemiology, transmission, pathogenesis, phylogenetic analysis and future directions to control the spread of this fatal disease.\nCoronavirus disease (COVID-19) represents global public health concern and WHO declares public health emergency.\nThe phylogenetic analysis revealed that COVID-19 is potentially a zoonotic virus.\nSpecial attention is necessary to protect or reduce transmission in susceptible populations.\nCOVID-19 develop intestinal symptoms like diarrhea, while low percentage of MERS-CoV or SARS-CoV patients had diarrhea.\nIdentification of novel chemotherapeutic drugs for treating COVID-19 infections is urgently warranted.\n", "Evidence Map": {"Enrollment": [{"term": "COVID-19", "negation": "affirmed", "UMLS": "", "start": 0, "end": 8}], "Comparison Results": [], "Study Arm 1 Results": [], "Study Arm 2 Results": []}, "Sentence-level breakdown": [{"Section": "TITLE", "Text": "Coronavirus disease ( COVID-19 ) is caused by SARS-COV2 and represents the causative agent of a potentially fatal disease that is of great global public health concern .", "Evidence Elements": {"Participant": [], "Intervention": [], "Outcome": []}, "Evidence Propositions": []}, {"Section": "RESULTS", "Text": "Based on the large number of infected people that were exposed to the wet animal market in Wuhan City , China , it is suggested that this is likely the zoonotic origin of COVID-19 .", "Evidence Elements": {"Participant": [], "Intervention": [], "Outcome": []}, "Evidence Propositions": []}, {"Section": "RESULTS", "Text": "Person-to-person transmission of COVID-19 infection led to the isolation of patients that were subsequently administered a variety of treatments .", "Evidence Elements": {"Participant": [], "Intervention": [], "Outcome": []}, "Evidence Propositions": []}, {"Section": "RESULTS", "Text": "Extensive measures to reduce person-to-person transmission of COVID-19 have been implemented to control the current outbreak .", "Evidence Elements": {"Participant": [], "Intervention": [], "Outcome": []}, "Evidence Propositions": []}, {"Section": "RESULTS", "Text": "Special attention and efforts to protect or reduce transmission should be applied in susceptible populations including children , health care providers , and elderly people .", "Evidence Elements": {"Participant": [], "Intervention": [], "Outcome": []}, "Evidence Propositions": []}, {"Section": "RESULTS", "Text": "In this review , we highlights the symptoms , epidemiology , transmission , pathogenesis , phylogenetic analysis and future directions to control the spread of this fatal disease .", "Evidence Elements": {"Participant": [], "Intervention": [], "Outcome": [{"term": "symptoms", "negation": "affirmed", "UMLS": "", "start": 35, "end": 43}, {"term": "transmission", "negation": "affirmed", "UMLS": "", "start": 61, "end": 73}, {"term": "pathogenesis", "negation": "affirmed", "UMLS": "", "start": 76, "end": 88}, {"term": "phylogenetic", "negation": "affirmed", "UMLS": "", "start": 91, "end": 103}]}, "Evidence Propositions": []}, {"Section": "RESULTS", "Text": "Coronavirus disease ( COVID-19 ) represents global public health concern and WHO declares public health emergency .", "Evidence Elements": {"Participant": [], "Intervention": [], "Outcome": []}, "Evidence Propositions": []}, {"Section": "RESULTS", "Text": "The phylogenetic analysis revealed that COVID-19 is potentially a zoonotic virus .", "Evidence Elements": {"Participant": [], "Intervention": [], "Outcome": []}, "Evidence Propositions": []}, {"Section": "RESULTS", "Text": "Special attention is necessary to protect or reduce transmission in susceptible populations .", "Evidence Elements": {"Participant": [], "Intervention": [], "Outcome": []}, "Evidence Propositions": []}, {"Section": "CONCLUSIONS", "Text": "COVID-19 develop intestinal symptoms like diarrhea , while low percentage of MERS-CoV or SARS-CoV patients had diarrhea .", "Evidence Elements": {"Participant": [{"term": "COVID-19", "negation": "affirmed", "UMLS": "", "start": 0, "end": 8}], "Intervention": [{"term": "low percentage of MERS-CoV or SARS-CoV", "negation": "affirmed", "UMLS": "", "start": 59, "end": 97}], "Outcome": [{"term": "intestinal symptoms", "negation": "affirmed", "UMLS": "", "start": 17, "end": 36}, {"term": "diarrhea", "negation": "affirmed", "UMLS": "", "start": 42, "end": 50}]}, "Evidence Propositions": []}, {"Section": "CONCLUSIONS", "Text": "Identification of novel chemotherapeutic drugs for treating COVID-19 infections is urgently warranted .", "Evidence Elements": {"Participant": [], "Intervention": [], "Outcome": []}, "Evidence Propositions": []}]}