{"doc_id": "32119961", "type of study": "Therapy", "title": "", "abstract": "A newly emerged Human Coronavirus (HCoV) is reported two months ago in Wuhan, China (COVID-19).\nUntil today >2700 deaths from the 80,000 confirmed cases reported mainly in China and 40 other countries.\nHuman to human transmission is confirmed for COVID-19 by China a month ago.\nBased on the World Health Organization (WHO) reports, SARS HCoV is responsible for >8000 cases with confirmed 774 deaths.\nAdditionally, MERS HCoV is responsible for 858 deaths out of about 2500 reported cases.\nThe current study aims to test anti-HCV drugs against COVID-19 RNA dependent RNA polymerase (RdRp).\nIn this study, sequence analysis, modeling, and docking are used to build a model for Wuhan COVID-19 RdRp.\nAdditionally, the newly emerged Wuhan HCoV RdRp model is targeted by anti-polymerase drugs, including the approved drugs Sofosbuvir and Ribavirin.\nThe results suggest the effectiveness of Sofosbuvir, IDX-184, Ribavirin, and Remidisvir as potent drugs against the newly emerged HCoV disease.\nThe present study presents a perfect model for COVID-19 RdRp enabling its testing in silico against anti-polymerase drugs.\nBesides, the study presents some drugs that previously proved its efficiency against the newly emerged viral infection.\nCOVID-19 RdRp shares 97% sequence identity to SARS.\nCOVID-19 RdRp model is built to study inhibitors.\nSofosbuvir, Ribavirin, and Remdesivir can bind to COVID-19 RdRp.\nIDX-184 may be used as a seed to obtain a potent inhibitor specific against COVID-19 RdRp.\n", "Evidence Map": {"Enrollment": [{"term": "newly", "negation": "affirmed", "UMLS": "", "start": 119, "end": 124}, {"term": "emerged viral", "negation": "affirmed", "UMLS": "", "start": 96, "end": 109}], "Comparison Results": [], "Study Arm 1 Results": [], "Study Arm 2 Results": []}, "Sentence-level breakdown": [{"Section": "TITLE", "Text": "A newly emerged Human Coronavirus ( HCoV ) is reported two months ago in Wuhan , China ( COVID-19 ) .", "Evidence Elements": {"Participant": [], "Intervention": [], "Outcome": []}, "Evidence Propositions": []}, {"Section": "OBJECTIVE", "Text": "The current study aims to test anti-HCV drugs against COVID-19 RNA dependent RNA polymerase ( RdRp ) .", "Evidence Elements": {"Participant": [], "Intervention": [{"term": "anti-HCV drugs", "negation": "affirmed", "UMLS": "", "start": 31, "end": 45}], "Outcome": [{"term": "COVID-19 RNA dependent RNA polymerase (", "negation": "affirmed", "UMLS": "", "start": 54, "end": 93}]}, "Evidence Propositions": []}, {"Section": "RESULTS", "Text": "In this study , sequence analysis , modeling , and docking are used to build a model for Wuhan COVID-19 RdRp .", "Evidence Elements": {"Participant": [], "Intervention": [], "Outcome": []}, "Evidence Propositions": []}, {"Section": "RESULTS", "Text": "Additionally , the newly emerged Wuhan HCoV RdRp model is targeted by anti-polymerase drugs , including the approved drugs Sofosbuvir and Ribavirin .", "Evidence Elements": {"Participant": [], "Intervention": [], "Outcome": []}, "Evidence Propositions": []}, {"Section": "RESULTS", "Text": "The results suggest the effectiveness of Sofosbuvir , IDX-184 , Ribavirin , and Remidisvir as potent drugs against the newly emerged HCoV disease .", "Evidence Elements": {"Participant": [{"term": "newly", "negation": "affirmed", "UMLS": "", "start": 119, "end": 124}], "Intervention": [{"term": "Sofosbuvir", "negation": "affirmed", "UMLS": "", "start": 41, "end": 51}, {"term": "IDX-184", "negation": "affirmed", "UMLS": "", "start": 54, "end": 61}, {"term": "Ribavirin", "negation": "affirmed", "UMLS": "", "start": 64, "end": 73}, {"term": "Remidisvir", "negation": "affirmed", "UMLS": "", "start": 80, "end": 90}], "Outcome": []}, "Evidence Propositions": []}, {"Section": "RESULTS", "Text": "The present study presents a perfect model for COVID-19 RdRp enabling its testing in silico against anti-polymerase drugs .", "Evidence Elements": {"Participant": [], "Intervention": [], "Outcome": []}, "Evidence Propositions": []}, {"Section": "RESULTS", "Text": "Besides , the study presents some drugs that previously proved its efficiency against the newly emerged viral infection .", "Evidence Elements": {"Participant": [{"term": "emerged viral", "negation": "affirmed", "UMLS": "", "start": 96, "end": 109}], "Intervention": [], "Outcome": []}, "Evidence Propositions": []}, {"Section": "RESULTS", "Text": "COVID-19 RdRp shares 97 % sequence identity to SARS .", "Evidence Elements": {"Participant": [], "Intervention": [{"term": "COVID-19 RdRp", "negation": "affirmed", "UMLS": "", "start": 0, "end": 13}], "Outcome": [{"term": "sequence identity", "negation": "affirmed", "UMLS": "", "start": 26, "end": 43}]}, "Evidence Propositions": []}, {"Section": "RESULTS", "Text": "COVID-19 RdRp model is built to study inhibitors .", "Evidence Elements": {"Participant": [], "Intervention": [], "Outcome": []}, "Evidence Propositions": []}, {"Section": "RESULTS", "Text": "Sofosbuvir , Ribavirin , and Remdesivir can bind to COVID-19 RdRp .", "Evidence Elements": {"Participant": [], "Intervention": [{"term": "Sofosbuvir", "negation": "affirmed", "UMLS": "", "start": 0, "end": 10}, {"term": "Ribavirin", "negation": "affirmed", "UMLS": "", "start": 13, "end": 22}, {"term": "Remdesivir", "negation": "affirmed", "UMLS": "", "start": 29, "end": 39}], "Outcome": []}, "Evidence Propositions": []}, {"Section": "CONCLUSIONS", "Text": "IDX-184 may be used as a seed to obtain a potent inhibitor specific against COVID-19 RdRp .", "Evidence Elements": {"Participant": [], "Intervention": [], "Outcome": []}, "Evidence Propositions": []}]}