{"doc_id": "32118391", "type of study": "Therapy", "title": "", "abstract": "With a large number of COVID-19 patients discharging from hospital, some had showed re-fever and positive nucleic acid test after discharge from hospital.\nThis might be due to the biological characteristics of 2019-nCoV, and might also be related to the basic disease, clinical status, glucocorticoid using, sample sampling, processing and detecting of patients, and some even related to the re-infection or secondary bacterial virus infection.\nTherefore, we suggest that in view of this phenomenon, further stratified management of discharge from hospital should be carried out on the basis of guidelines, especially for patients with advanced age, underlying diseases or severe or critical pneumonia.\nFor those patients who can't completely deoxygenate for a long time after hospitalization, individualized treatment methods and different discharge evaluation criteria should be adopted to ensure the complete cure of patients and prevent recurrencing after discharge from hospital.\n", "Evidence Map": {"Enrollment": [{"term": "COVID-19", "negation": "affirmed", "UMLS": "", "start": 23, "end": 31}], "Comparison Results": [], "Study Arm 1 Results": [], "Study Arm 2 Results": []}, "Sentence-level breakdown": [{"Section": "TITLE", "Text": "With a large number of COVID-19 patients discharging from hospital , some had showed re-fever and positive nucleic acid test after discharge from hospital .", "Evidence Elements": {"Participant": [{"term": "COVID-19", "negation": "affirmed", "UMLS": "", "start": 23, "end": 31}], "Intervention": [], "Outcome": [{"term": "re-fever", "negation": "affirmed", "UMLS": "", "start": 85, "end": 93}, {"term": "nucleic acid test", "negation": "affirmed", "UMLS": "", "start": 107, "end": 124}, {"term": "from", "negation": "affirmed", "UMLS": "", "start": 53, "end": 57}]}, "Evidence Propositions": []}, {"Section": "RESULTS", "Text": "This might be due to the biological characteristics of 2019-nCoV , and might also be related to the basic disease , clinical status , glucocorticoid using , sample sampling , processing and detecting of patients , and some even related to the re-infection or secondary bacterial virus infection .", "Evidence Elements": {"Participant": [], "Intervention": [], "Outcome": []}, "Evidence Propositions": []}, {"Section": "CONCLUSIONS", "Text": "Therefore , we suggest that in view of this phenomenon , further stratified management of discharge from hospital should be carried out on the basis of guidelines , especially for patients with advanced age , underlying diseases or severe or critical pneumonia .", "Evidence Elements": {"Participant": [], "Intervention": [], "Outcome": []}, "Evidence Propositions": []}, {"Section": "CONCLUSIONS", "Text": "For those patients who can 't completely deoxygenate for a long time after hospitalization , individualized treatment methods and different discharge evaluation criteria should be adopted to ensure the complete cure of patients and prevent recurrencing after discharge from hospital .", "Evidence Elements": {"Participant": [], "Intervention": [], "Outcome": []}, "Evidence Propositions": []}]}