{"doc_id": "32114747", "type of study": "Therapy", "title": "", "abstract": "Coronavirus disease 2019 (COVID-19) has seriously affected the safety of patients and social stability.\nSome COVID-19 patients in the later stage of disease may develop into acute respiratory distress syndrome or even multiple organ failure.\nHowever, one of the most important mechanisms underlying the deterioration of disease is cytokine storm.\nAt present, some therapies such as interleukin-6 antibody blocker, stem cell therapy, and transfusion of convalescent plasma have been applied to counteract the cytokine storm with some progresses being achieved.\nThis article reviews the influences of cytokine storm syndrome on the COVID-19 and the corresponding immunotherapies to resist cytokine storm.\n", "Evidence Map": {"Enrollment": [], "Comparison Results": [], "Study Arm 1 Results": [], "Study Arm 2 Results": []}, "Sentence-level breakdown": [{"Section": "TITLE", "Text": "Coronavirus disease 2019 ( COVID-19 ) has seriously affected the safety of patients and social stability .", "Evidence Elements": {"Participant": [], "Intervention": [], "Outcome": []}, "Evidence Propositions": []}, {"Section": "CONCLUSIONS", "Text": "Some COVID-19 patients in the later stage of disease may develop into acute respiratory distress syndrome or even multiple organ failure .", "Evidence Elements": {"Participant": [], "Intervention": [], "Outcome": []}, "Evidence Propositions": []}, {"Section": "CONCLUSIONS", "Text": "However , one of the most important mechanisms underlying the deterioration of disease is cytokine storm .", "Evidence Elements": {"Participant": [], "Intervention": [], "Outcome": []}, "Evidence Propositions": []}, {"Section": "CONCLUSIONS", "Text": "At present , some therapies such as interleukin-6 antibody blocker , stem cell therapy , and transfusion of convalescent plasma have been applied to counteract the cytokine storm with some progresses being achieved .", "Evidence Elements": {"Participant": [], "Intervention": [], "Outcome": []}, "Evidence Propositions": []}, {"Section": "CONCLUSIONS", "Text": "This article reviews the influences of cytokine storm syndrome on the COVID-19 and the corresponding immunotherapies to resist cytokine storm .", "Evidence Elements": {"Participant": [], "Intervention": [{"term": "cytokine storm syndrome", "negation": "affirmed", "UMLS": "", "start": 39, "end": 62}, {"term": "immunotherapies", "negation": "affirmed", "UMLS": "", "start": 101, "end": 116}], "Outcome": [{"term": "COVID-19", "negation": "affirmed", "UMLS": "", "start": 70, "end": 78}, {"term": "cytokine storm", "negation": "affirmed", "UMLS": "", "start": 39, "end": 53}]}, "Evidence Propositions": []}]}