{"doc_id": "32118394", "type of study": "Therapy", "title": "", "abstract": "With the increasing number of cases and widening geographical spread, the 2019 novel coronavirus disease (COVID-19) has been classified as one of the class B infectious diseases but prevented and controlled as class A infectious disease by the National Health Commission of China.\nThe diagnosis and treatment of lung cancer patients have been challenged greatly because of extraordinary public health measures since the lung cancer patients are a high-risk population during the COVID-19 outbreak period.\nStrict protection for lung cancer patients is needed to avoid infection.\nLung cancer patients are difficult to differentiate from patients with COVID-19 in terms of clinical symptoms, which will bring great trouble to the clinical work and physical and mental health of lung cancer patients.\nThis review will demonstrate how to applicate appropriate and individual management for lung cancer patients to protect them from COVID-19.\n", "Evidence Map": {"Enrollment": [{"term": "lung cancer", "negation": "affirmed", "UMLS": "", "start": 88, "end": 99}], "Comparison Results": [], "Study Arm 1 Results": [], "Study Arm 2 Results": []}, "Sentence-level breakdown": [{"Section": "TITLE", "Text": "With the increasing number of cases and widening geographical spread , the 2019 novel coronavirus disease ( COVID-19 ) has been classified as one of the class B infectious diseases but prevented and controlled as class A infectious disease by the National Health Commission of China .", "Evidence Elements": {"Participant": [], "Intervention": [], "Outcome": []}, "Evidence Propositions": []}, {"Section": "CONCLUSIONS", "Text": "This review will demonstrate how to applicate appropriate and individual management for lung cancer patients to protect them from COVID-19 .", "Evidence Elements": {"Participant": [{"term": "lung cancer", "negation": "affirmed", "UMLS": "", "start": 88, "end": 99}], "Intervention": [{"term": "appropriate and individual management", "negation": "affirmed", "UMLS": "", "start": 46, "end": 83}], "Outcome": []}, "Evidence Propositions": []}]}