{"doc_id": "32129518", "type of study": "Therapy", "title": "", "abstract": "At the time of writing this commentary (February 2020), the coronavirus COVID-19 epidemic has already resulted in more fatalities compared with the SARS and MERS coronavirus epidemics combined.\nTherapeutics that may assist to contain its rapid spread and reduce its high mortality rates are urgently needed.\nDeveloping vaccines against the SARS-CoV-2 virus may take many months.\nMoreover, vaccines based on viral-encoded peptides may not be effective against future coronavirus epidemics, as virus mutations could make them futile.\nIndeed, new Influenza virus strains emerge every year, requiring new immunizations.\nA tentative suggestion based on existing therapeutics, which would likely be resistant to new coronavirus mutations, is to use available angiotensin receptor 1 (AT1R) blockers, such as losartan, as therapeutics for reducing the aggressiveness and mortality from SARS-CoV-2 virus infections.\nThis idea is based on observations that the angiotensin-converting enzyme 2 (ACE2) very likely serves as the binding site for SARS-CoV-2, the strain implicated in the current COVID-19 epidemic, similarly to strain SARS-CoV implicated in the 2002-2003 SARS epidemic.\nThis commentary elaborates on the idea of considering AT1R blockers as tentative treatment for SARS-CoV-2 infections, and proposes a research direction based on datamining of clinical patient records for assessing its feasibility.\n", "Evidence Map": {"Enrollment": [{"term": "SARS-CoV-2 infections", "negation": "affirmed", "UMLS": "", "start": 95, "end": 116}], "Comparison Results": [], "Study Arm 1 Results": [], "Study Arm 2 Results": []}, "Sentence-level breakdown": [{"Section": "TITLE", "Text": "At the time of writing this commentary ( February 2020 ) , the coronavirus COVID-19 epidemic has already resulted in more fatalities compared with the SARS and MERS coronavirus epidemics combined .", "Evidence Elements": {"Participant": [], "Intervention": [], "Outcome": []}, "Evidence Propositions": []}, {"Section": "RESULTS", "Text": "This idea is based on observations that the angiotensin-converting enzyme 2 ( ACE2 ) very likely serves as the binding site for SARS-CoV-2 , the strain implicated in the current COVID-19 epidemic , similarly to strain SARS-CoV implicated in the 2002-2003 SARS epidemic .", "Evidence Elements": {"Participant": [], "Intervention": [], "Outcome": []}, "Evidence Propositions": []}, {"Section": "CONCLUSIONS", "Text": "This commentary elaborates on the idea of considering AT1R blockers as tentative treatment for SARS-CoV-2 infections , and proposes a research direction based on datamining of clinical patient records for assessing its feasibility .", "Evidence Elements": {"Participant": [{"term": "SARS-CoV-2 infections", "negation": "affirmed", "UMLS": "", "start": 95, "end": 116}], "Intervention": [{"term": "AT1R blockers", "negation": "affirmed", "UMLS": "", "start": 54, "end": 67}], "Outcome": []}, "Evidence Propositions": []}]}