{"doc_id": "32125132", "type of study": "Therapy", "title": "", "abstract": "The outbreak of coronavirus disease 2019 (COVID-19) has become a public health emergency of major international concern.\nGiven the systemic immunosuppressive state caused by malignancy and anticancer treatments, patients with advanced lung cancer may be at a higher risk of COVID-19 infection.\nDuring epidemic of COVID-19, a guideline for the optimal management of patients with advanced lung cancer urgently needs to be proposed to distinguish the symptoms of COVID-19 and the side effects of antitumor drugs.\nThis network questionnaire survey was conducted on the lung cancer group of the Chinese Thoracic Society, Chinese Medical Association; the lung cancer group of the Chinese Society of Clinical Oncology Youth Committee; and the Chinese Respiratory Oncology Collaboration.\n321 valid questionnaires were received.\nBased on the guidelines on lung cancer and the results of the questionnaires, a consensus was reached.\nDuring the epidemic of COVID-19, We recommended that patients with advanced NSCLC should be treated as outpatients as possible at the nearest medical center; Patients who need to be hospitalized for antitumor treatment should be excluded from COVID-19 infection; More intensive attention should be paid to identification of COVID-19-related symptoms and adverse reactions caused by the malignancy or antitumor treatments.\nStronger personal protection should be made for advanced NSCLC patients; An intentional postponing of antitumor treatment should be considered according to patient performance status.\nTreatment strategies should be made according to different types of advanced NSCLC patients and efficacy and toxicity of drugs.\n", "Evidence Map": {"Enrollment": [{"term": "advanced NSCLC", "negation": "affirmed", "UMLS": "", "start": 48, "end": 62}], "Comparison Results": [], "Study Arm 1 Results": [], "Study Arm 2 Results": []}, "Sentence-level breakdown": [{"Section": "TITLE", "Text": "The outbreak of coronavirus disease 2019 ( COVID-19 ) has become a public health emergency of major international concern .", "Evidence Elements": {"Participant": [], "Intervention": [], "Outcome": []}, "Evidence Propositions": []}, {"Section": "METHODS", "Text": "This network questionnaire survey was conducted on the lung cancer group of the Chinese Thoracic Society , Chinese Medical Association ; the lung cancer group of the Chinese Society of Clinical Oncology Youth Committee ; and the Chinese Respiratory Oncology Collaboration .", "Evidence Elements": {"Participant": [], "Intervention": [], "Outcome": []}, "Evidence Propositions": []}, {"Section": "METHODS", "Text": "321 valid questionnaires were received .", "Evidence Elements": {"Participant": [], "Intervention": [], "Outcome": []}, "Evidence Propositions": []}, {"Section": "RESULTS", "Text": "Based on the guidelines on lung cancer and the results of the questionnaires , a consensus was reached .", "Evidence Elements": {"Participant": [], "Intervention": [], "Outcome": []}, "Evidence Propositions": []}, {"Section": "RESULTS", "Text": "During the epidemic of COVID-19 , We recommended that patients with advanced NSCLC should be treated as outpatients as possible at the nearest medical center ; Patients who need to be hospitalized for antitumor treatment should be excluded from COVID-19 infection ; More intensive attention should be paid to identification of COVID-19-related symptoms and adverse reactions caused by the malignancy or antitumor treatments .", "Evidence Elements": {"Participant": [], "Intervention": [], "Outcome": []}, "Evidence Propositions": []}, {"Section": "RESULTS", "Text": "Stronger personal protection should be made for advanced NSCLC patients ; An intentional postponing of antitumor treatment should be considered according to patient performance status .", "Evidence Elements": {"Participant": [{"term": "advanced NSCLC", "negation": "affirmed", "UMLS": "", "start": 48, "end": 62}], "Intervention": [], "Outcome": [{"term": "personal protection", "negation": "affirmed", "UMLS": "", "start": 9, "end": 28}, {"term": "antitumor treatment", "negation": "affirmed", "UMLS": "", "start": 103, "end": 122}]}, "Evidence Propositions": []}, {"Section": "CONCLUSIONS", "Text": "Treatment strategies should be made according to different types of advanced NSCLC patients and efficacy and toxicity of drugs .", "Evidence Elements": {"Participant": [], "Intervention": [], "Outcome": []}, "Evidence Propositions": []}]}