{"doc_id": "32125362", "type of study": "Therapy", "title": "", "abstract": "Importance: Severe acute respiratory syndrome coronavirus 2 (SARS-CoV-2) emerged in Wuhan, China, in December 2019 and has spread globally with sustained human-to-human transmission outside China.\nObjective: To report the initial experience in Singapore with the epidemiologic investigation of this outbreak, clinical features, and management.\nDesign, Setting, and Participants: Descriptive case series of the first 18 patients diagnosed with polymerase chain reaction (PCR)-confirmed SARS-CoV-2 infection at 4 hospitals in Singapore from January 23 to February 3, 2020; final follow-up date was February 25, 2020.\nExposures: Confirmed SARS-CoV-2 infection.\nMain Outcomes and Measures: Clinical, laboratory, and radiologic data were collected, including PCR cycle threshold values from nasopharyngeal swabs and viral shedding in blood, urine, and stool.\nClinical course was summarized, including requirement for supplemental oxygen and intensive care and use of empirical treatment with lopinavir-ritonavir.\nResults: Among the 18 hospitalized patients with PCR-confirmed SARS-CoV-2 infection (median age, 47 years; 9 [50%] women), clinical presentation was an upper respiratory tract infection in 12 (67%), and viral shedding from the nasopharynx was prolonged for 7 days or longer among 15 (83%).\nSix individuals (33%) required supplemental oxygen; of these, 2 required intensive care.\nThere were no deaths.\nVirus was detectable in the stool (4/8 [50%]) and blood (1/12 [8%]) by PCR but not in urine.\nFive individuals requiring supplemental oxygen were treated with lopinavir-ritonavir.\nFor 3 of the 5 patients, fever resolved and supplemental oxygen requirement was reduced within 3 days, whereas 2 deteriorated with progressive respiratory failure.\nFour of the 5 patients treated with lopinavir-ritonavir developed nausea, vomiting, and/or diarrhea, and 3 developed abnormal liver function test results.\nConclusions and Relevance: Among the first 18 patients diagnosed with SARS-CoV-2 infection in Singapore, clinical presentation was frequently a mild respiratory tract infection.\nSome patients required supplemental oxygen and had variable clinical outcomes following treatment with an antiretroviral agent.\n", "Evidence Map": {"Enrollment": [{"term": "polymerase chain reaction ( PCR ) -confirmed SARS-CoV-2 infection", "negation": "affirmed", "UMLS": "", "start": 102, "end": 167}, {"term": "hospitalized", "negation": "affirmed", "UMLS": "", "start": 23, "end": 35}, {"term": "PCR-confirmed SARS-CoV-2 infection", "negation": "affirmed", "UMLS": "", "start": 50, "end": 84}, {"term": "upper respiratory tract infection", "negation": "affirmed", "UMLS": "", "start": 161, "end": 194}, {"term": "supplemental oxygen", "negation": "affirmed", "UMLS": "", "start": 27, "end": 46}, {"term": "SARS-CoV-2 infection", "negation": "affirmed", "UMLS": "", "start": 71, "end": 91}, {"term": "mild respiratory", "negation": "affirmed", "UMLS": "", "start": 146, "end": 162}], "Comparison Results": [], "Study Arm 1 Results": [], "Study Arm 2 Results": []}, "Sentence-level breakdown": [{"Section": "TITLE", "Text": "Importance : Severe acute respiratory syndrome coronavirus 2 ( SARS-CoV-2 ) emerged in Wuhan , China , in December 2019 and has spread globally with sustained human-to-human transmission outside China .", "Evidence Elements": {"Participant": [], "Intervention": [], "Outcome": []}, "Evidence Propositions": []}, {"Section": "OBJECTIVE", "Text": "Objective : To report the initial experience in Singapore with the epidemiologic investigation of this outbreak , clinical features , and management .", "Evidence Elements": {"Participant": [], "Intervention": [], "Outcome": [{"term": "investigation", "negation": "affirmed", "UMLS": "", "start": 81, "end": 94}, {"term": "clinical features", "negation": "affirmed", "UMLS": "", "start": 114, "end": 131}]}, "Evidence Propositions": []}, {"Section": "METHODS", "Text": "Design , Setting , and Participants : Descriptive case series of the first 18 patients diagnosed with polymerase chain reaction ( PCR ) -confirmed SARS-CoV-2 infection at 4 hospitals in Singapore from January 23 to February 3 , 2020 ; final follow-up date was February 25 , 2020 .", "Evidence Elements": {"Participant": [{"term": "polymerase chain reaction ( PCR ) -confirmed SARS-CoV-2 infection", "negation": "affirmed", "UMLS": "", "start": 102, "end": 167}], "Intervention": [], "Outcome": []}, "Evidence Propositions": []}, {"Section": "RESULTS", "Text": "Exposures : Confirmed SARS-CoV-2 infection .", "Evidence Elements": {"Participant": [], "Intervention": [], "Outcome": [{"term": "Confirmed SARS-CoV-2", "negation": "affirmed", "UMLS": "", "start": 12, "end": 32}]}, "Evidence Propositions": []}, {"Section": "RESULTS", "Text": "Main Outcomes and Measures : Clinical , laboratory , and radiologic data were collected , including PCR cycle threshold values from nasopharyngeal swabs and viral shedding in blood , urine , and stool .", "Evidence Elements": {"Participant": [], "Intervention": [], "Outcome": [{"term": "PCR cycle threshold values from", "negation": "affirmed", "UMLS": "", "start": 100, "end": 131}, {"term": "viral shedding", "negation": "affirmed", "UMLS": "", "start": 157, "end": 171}]}, "Evidence Propositions": []}, {"Section": "RESULTS", "Text": "Clinical course was summarized , including requirement for supplemental oxygen and intensive care and use of empirical treatment with lopinavir-ritonavir .", "Evidence Elements": {"Participant": [], "Intervention": [], "Outcome": [{"term": "requirement for supplemental oxygen and intensive care", "negation": "affirmed", "UMLS": "", "start": 43, "end": 97}, {"term": "empirical treatment", "negation": "affirmed", "UMLS": "", "start": 109, "end": 128}]}, "Evidence Propositions": []}, {"Section": "RESULTS", "Text": "Results : Among the 18 hospitalized patients with PCR-confirmed SARS-CoV-2 infection ( median age , 47 years ; 9 [ 50 % ] women ) , clinical presentation was an upper respiratory tract infection in 12 ( 67 % ) , and viral shedding from the nasopharynx was prolonged for 7 days or longer among 15 ( 83 % ) .", "Evidence Elements": {"Participant": [{"term": "hospitalized", "negation": "affirmed", "UMLS": "", "start": 23, "end": 35}, {"term": "PCR-confirmed SARS-CoV-2 infection", "negation": "affirmed", "UMLS": "", "start": 50, "end": 84}, {"term": "upper respiratory tract infection", "negation": "affirmed", "UMLS": "", "start": 161, "end": 194}], "Intervention": [], "Outcome": [{"term": "clinical presentation", "negation": "affirmed", "UMLS": "", "start": 132, "end": 153}, {"term": "viral shedding", "negation": "affirmed", "UMLS": "", "start": 216, "end": 230}]}, "Evidence Propositions": []}, {"Section": "RESULTS", "Text": "Six individuals ( 33 % ) required supplemental oxygen ; of these , 2 required intensive care .", "Evidence Elements": {"Participant": [], "Intervention": [{"term": "supplemental oxygen", "negation": "affirmed", "UMLS": "", "start": 34, "end": 53}], "Outcome": []}, "Evidence Propositions": []}, {"Section": "RESULTS", "Text": "There were no deaths .", "Evidence Elements": {"Participant": [], "Intervention": [], "Outcome": [{"term": "deaths", "negation": "negated", "UMLS": "", "start": 14, "end": 20}]}, "Evidence Propositions": []}, {"Section": "RESULTS", "Text": "Virus was detectable in the stool ( 4 / 8 [ 50 % ] ) and blood ( 1 / 12 [ 8 % ] ) by PCR but not in urine .", "Evidence Elements": {"Participant": [], "Intervention": [], "Outcome": [{"term": "Virus", "negation": "affirmed", "UMLS": "", "start": 0, "end": 5}]}, "Evidence Propositions": []}, {"Section": "RESULTS", "Text": "Five individuals requiring supplemental oxygen were treated with lopinavir-ritonavir .", "Evidence Elements": {"Participant": [{"term": "supplemental oxygen", "negation": "affirmed", "UMLS": "", "start": 27, "end": 46}], "Intervention": [{"term": "lopinavir-ritonavir", "negation": "affirmed", "UMLS": "", "start": 65, "end": 84}], "Outcome": []}, "Evidence Propositions": []}, {"Section": "RESULTS", "Text": "For 3 of the 5 patients , fever resolved and supplemental oxygen requirement was reduced within 3 days , whereas 2 deteriorated with progressive respiratory failure .", "Evidence Elements": {"Participant": [], "Intervention": [], "Outcome": [{"term": "fever resolved", "negation": "affirmed", "UMLS": "", "start": 26, "end": 40}, {"term": "supplemental oxygen requirement", "negation": "negated", "UMLS": "", "start": 45, "end": 76}, {"term": "progressive", "negation": "negated", "UMLS": "", "start": 133, "end": 144}]}, "Evidence Propositions": []}, {"Section": "RESULTS", "Text": "Four of the 5 patients treated with lopinavir-ritonavir developed nausea , vomiting , and / or diarrhea , and 3 developed abnormal liver function test results .", "Evidence Elements": {"Participant": [], "Intervention": [{"term": "lopinavir-ritonavir", "negation": "affirmed", "UMLS": "", "start": 36, "end": 55}], "Outcome": [{"term": "nausea", "negation": "affirmed", "UMLS": "", "start": 66, "end": 72}, {"term": "vomiting", "negation": "affirmed", "UMLS": "", "start": 75, "end": 83}, {"term": "or diarrhea", "negation": "affirmed", "UMLS": "", "start": 92, "end": 103}, {"term": "liver", "negation": "affirmed", "UMLS": "", "start": 131, "end": 136}]}, "Evidence Propositions": [{"Intervention": "lopinavir-ritonavir", "Observation": "", "Count": "Four of the 5 patients", "Outcome": "nausea"}, {"Intervention": "lopinavir-ritonavir", "Observation": "", "Count": "Four of the 5 patients", "Outcome": "vomiting"}]}, {"Section": "RESULTS", "Text": "Conclusions and Relevance : Among the first 18 patients diagnosed with SARS-CoV-2 infection in Singapore , clinical presentation was frequently a mild respiratory tract infection .", "Evidence Elements": {"Participant": [{"term": "SARS-CoV-2 infection", "negation": "affirmed", "UMLS": "", "start": 71, "end": 91}, {"term": "mild respiratory", "negation": "affirmed", "UMLS": "", "start": 146, "end": 162}], "Intervention": [], "Outcome": []}, "Evidence Propositions": []}, {"Section": "RESULTS", "Text": "Some patients required supplemental oxygen and had variable clinical outcomes following treatment with an antiretroviral agent .", "Evidence Elements": {"Participant": [], "Intervention": [], "Outcome": []}, "Evidence Propositions": []}]}