{"doc_id": "32133578", "type of study": "Therapy", "title": "", "abstract": "In late December 2019, a cluster of cases with 2019 Novel Coronavirus pneumonia (SARS-CoV-2) in Wuhan, China, aroused worldwide concern.\nPrevious studies have reported epidemiological and clinical characteristics of coronavirus disease 2019 (COVID-19).\nThe purpose of this brief review is to summarize those published studies as of late February 2020 on the clinical features, symptoms, complications, and treatments of COVID-19 and help provide guidance for frontline medical staff in the clinical management of this outbreak.\n", "Evidence Map": {"Enrollment": [{"term": "COVID-19", "negation": "affirmed", "UMLS": "", "start": 170, "end": 178}], "Comparison Results": [], "Study Arm 1 Results": [], "Study Arm 2 Results": []}, "Sentence-level breakdown": [{"Section": "TITLE", "Text": "In late December 2019 , a cluster of cases with 2019 Novel Coronavirus pneumonia ( SARS-CoV-2 ) in Wuhan , China , aroused worldwide concern .", "Evidence Elements": {"Participant": [], "Intervention": [], "Outcome": []}, "Evidence Propositions": []}, {"Section": "CONCLUSIONS", "Text": "The purpose of this brief review is to summarize those published studies as of late February 2020 on the clinical features , symptoms , complications , and treatments of COVID-19 and help provide guidance for frontline medical staff in the clinical management of this outbreak .", "Evidence Elements": {"Participant": [{"term": "COVID-19", "negation": "affirmed", "UMLS": "", "start": 170, "end": 178}], "Intervention": [], "Outcome": [{"term": "clinical features", "negation": "affirmed", "UMLS": "", "start": 105, "end": 122}, {"term": "symptoms", "negation": "affirmed", "UMLS": "", "start": 125, "end": 133}, {"term": "complications", "negation": "affirmed", "UMLS": "", "start": 136, "end": 149}, {"term": "treatments", "negation": "affirmed", "UMLS": "", "start": 156, "end": 166}]}, "Evidence Propositions": []}]}