{"doc_id": "32130973", "type of study": "Therapy", "title": "", "abstract": "Integrin may act as an alternative receptor for SARS-CoV-2 and could be implicated in its transmission and pathology.\nThe spike protein of SARS-CoV-2 acquired a RGD motif known to bind integrins.\nThis motif is absent from other coronaviruses.\nThe integrin-binding motif is present at the surface of the spike protein, close to the ACE2 receptor-binding region.\nIntegrin binding may be a promising therapeutics target, and should be tested experimentally.\n", "Evidence Map": {"Enrollment": [], "Comparison Results": [], "Study Arm 1 Results": [], "Study Arm 2 Results": []}, "Sentence-level breakdown": [{"Section": "TITLE", "Text": "Integrin may act as an alternative receptor for SARS-CoV-2 and could be implicated in its transmission and pathology .", "Evidence Elements": {"Participant": [], "Intervention": [], "Outcome": []}, "Evidence Propositions": []}, {"Section": "RESULTS", "Text": "This motif is absent from other coronaviruses .", "Evidence Elements": {"Participant": [], "Intervention": [], "Outcome": []}, "Evidence Propositions": []}, {"Section": "RESULTS", "Text": "The integrin-binding motif is present at the surface of the spike protein , close to the ACE2 receptor-binding region .", "Evidence Elements": {"Participant": [], "Intervention": [], "Outcome": []}, "Evidence Propositions": []}, {"Section": "CONCLUSIONS", "Text": "Integrin binding may be a promising therapeutics target , and should be tested experimentally .", "Evidence Elements": {"Participant": [], "Intervention": [], "Outcome": []}, "Evidence Propositions": []}]}