{"doc_id": "32144890", "type of study": "Therapy", "title": "", "abstract": "Another animal to human transmission of a coronavirus occurred in December 2019 on a live animal market in the Chinese city of Wuhan causing an epidemic in China, reaching now different continents.\nThis minireview summarizes the research literature on the virological, clinical and epidemiological aspects of this epidemic published until end of February 2020.\n", "Evidence Map": {"Enrollment": [], "Comparison Results": [], "Study Arm 1 Results": [], "Study Arm 2 Results": []}, "Sentence-level breakdown": [{"Section": "TITLE", "Text": "Another animal to human transmission of a coronavirus occurred in December 2019 on a live animal market in the Chinese city of Wuhan causing an epidemic in China , reaching now different continents .", "Evidence Elements": {"Participant": [], "Intervention": [], "Outcome": []}, "Evidence Propositions": []}, {"Section": "CONCLUSIONS", "Text": "This minireview summarizes the research literature on the virological , clinical and epidemiological aspects of this epidemic published until end of February 2020 .", "Evidence Elements": {"Participant": [], "Intervention": [], "Outcome": []}, "Evidence Propositions": []}]}