{"doc_id": "32145718", "type of study": "Therapy", "title": "", "abstract": "It has been nearly 30 years since the publication of \"Healing the Schism: Epidemiology, Medicine, and the Public's Health\" by Professor Kerr L. White.\nAlthough scholars have been calling for strengthening the integration of public health and clinical medicine in Chinese medical education and eliminating barriers between public health professionals and clinicians, these effects are not obvious.\nThe epidemic situation of COVID-19 has become an open course for Chinese citizens on the treatment, prevention and control of infectious diseases.\nConsequently, the public has higher expectations on the modernization of public health governance, and the social atmosphere of bridging the gap between public health and clinical medical education has been establishing.\nIn the future, when combating with novel infectious diseases and public health emergencies, the response capacity of public health system and treatment capacity of clinical system in China will be significantly improved, and the situation of insufficient integration of medical treatment and prevention is bound to be reversed.\n", "Evidence Map": {"Enrollment": [], "Comparison Results": [], "Study Arm 1 Results": [], "Study Arm 2 Results": []}, "Sentence-level breakdown": [{"Section": "TITLE", "Text": "It has been nearly 30 years since the publication of \" Healing the Schism : Epidemiology , Medicine , and the Public 's Health \" by Professor Kerr L. White .", "Evidence Elements": {"Participant": [], "Intervention": [], "Outcome": []}, "Evidence Propositions": []}, {"Section": "RESULTS", "Text": "Although scholars have been calling for strengthening the integration of public health and clinical medicine in Chinese medical education and eliminating barriers between public health professionals and clinicians , these effects are not obvious .", "Evidence Elements": {"Participant": [], "Intervention": [], "Outcome": []}, "Evidence Propositions": []}, {"Section": "RESULTS", "Text": "The epidemic situation of COVID-19 has become an open course for Chinese citizens on the treatment , prevention and control of infectious diseases .", "Evidence Elements": {"Participant": [], "Intervention": [], "Outcome": []}, "Evidence Propositions": []}, {"Section": "CONCLUSIONS", "Text": "Consequently , the public has higher expectations on the modernization of public health governance , and the social atmosphere of bridging the gap between public health and clinical medical education has been establishing .", "Evidence Elements": {"Participant": [], "Intervention": [], "Outcome": []}, "Evidence Propositions": []}, {"Section": "CONCLUSIONS", "Text": "In the future , when combating with novel infectious diseases and public health emergencies , the response capacity of public health system and treatment capacity of clinical system in China will be significantly improved , and the situation of insufficient integration of medical treatment and prevention is bound to be reversed .", "Evidence Elements": {"Participant": [], "Intervention": [], "Outcome": []}, "Evidence Propositions": []}]}