{"doc_id": "32142651", "type of study": "Therapy", "title": "", "abstract": "The recent emergence of the novel, pathogenic SARS-coronavirus 2 (SARS-CoV-2) in China and its rapid national and international spread pose a global health emergency.\nCell entry of coronaviruses depends on binding of the viral spike (S) proteins to cellular receptors and on S protein priming by host cell proteases.\nUnravelling which cellular factors are used by SARS-CoV-2 for entry might provide insights into viral transmission and reveal therapeutic targets.\nHere, we demonstrate that SARS-CoV-2 uses the SARS-CoV receptor ACE2 for entry and the serine protease TMPRSS2 for S protein priming.\nA TMPRSS2 inhibitor approved for clinical use blocked entry and might constitute a treatment option.\nFinally, we show that the sera from convalescent SARS patients cross-neutralized SARS-2-S-driven entry.\nOur results reveal important commonalities between SARS-CoV-2 and SARS-CoV infection and identify a potential target for antiviral intervention.\nSARS-CoV-2 uses the SARS-CoV receptor ACE2 for host cell entry The spike protein of SARS-CoV-2 is primed by TMPRSS2 Antibodies against SARS-CoV spike may offer some protection against SARS-CoV-2 The emerging SARS-coronavirus 2 (SARS-CoV-2) threatens public health.\nHoffmann and coworkers show that SARS-CoV-2 infection depends on the host cell factors ACE2 and TMPRSS2 and can be blocked by a clinically proven protease inhibitor.\nThese findings might help to establish options for prevention and treatment.\n", "Evidence Map": {"Enrollment": [{"term": "convalescent SARS", "negation": "affirmed", "UMLS": "", "start": 37, "end": 54}], "Comparison Results": [], "Study Arm 1 Results": [], "Study Arm 2 Results": []}, "Sentence-level breakdown": [{"Section": "TITLE", "Text": "The recent emergence of the novel , pathogenic SARS-coronavirus 2 ( SARS-CoV-2 ) in China and its rapid national and international spread pose a global health emergency .", "Evidence Elements": {"Participant": [], "Intervention": [], "Outcome": []}, "Evidence Propositions": []}, {"Section": "RESULTS", "Text": "Cell entry of coronaviruses depends on binding of the viral spike ( S ) proteins to cellular receptors and on S protein priming by host cell proteases .", "Evidence Elements": {"Participant": [], "Intervention": [], "Outcome": []}, "Evidence Propositions": []}, {"Section": "RESULTS", "Text": "Unravelling which cellular factors are used by SARS-CoV-2 for entry might provide insights into viral transmission and reveal therapeutic targets .", "Evidence Elements": {"Participant": [], "Intervention": [], "Outcome": []}, "Evidence Propositions": []}, {"Section": "RESULTS", "Text": "Here , we demonstrate that SARS-CoV-2 uses the SARS-CoV receptor ACE2 for entry and the serine protease TMPRSS2 for S protein priming .", "Evidence Elements": {"Participant": [], "Intervention": [{"term": "SARS-CoV-2", "negation": "affirmed", "UMLS": "", "start": 27, "end": 37}], "Outcome": []}, "Evidence Propositions": []}, {"Section": "RESULTS", "Text": "A TMPRSS2 inhibitor approved for clinical use blocked entry and might constitute a treatment option .", "Evidence Elements": {"Participant": [], "Intervention": [], "Outcome": []}, "Evidence Propositions": []}, {"Section": "CONCLUSIONS", "Text": "Finally , we show that the sera from convalescent SARS patients cross-neutralized SARS-2-S-driven entry .", "Evidence Elements": {"Participant": [{"term": "convalescent SARS", "negation": "affirmed", "UMLS": "", "start": 37, "end": 54}], "Intervention": [{"term": "sera", "negation": "affirmed", "UMLS": "", "start": 27, "end": 31}], "Outcome": [{"term": "SARS-2-S-driven", "negation": "affirmed", "UMLS": "", "start": 82, "end": 97}]}, "Evidence Propositions": []}, {"Section": "CONCLUSIONS", "Text": "Our results reveal important commonalities between SARS-CoV-2 and SARS-CoV infection and identify a potential target for antiviral intervention .", "Evidence Elements": {"Participant": [], "Intervention": [{"term": "SARS-CoV-2", "negation": "affirmed", "UMLS": "", "start": 51, "end": 61}, {"term": "SARS-CoV infection", "negation": "affirmed", "UMLS": "", "start": 66, "end": 84}], "Outcome": []}, "Evidence Propositions": []}, {"Section": "CONCLUSIONS", "Text": "SARS-CoV-2 uses the SARS-CoV receptor ACE2 for host cell entry The spike protein of SARS-CoV-2 is primed by TMPRSS2 Antibodies against SARS-CoV spike may offer some protection against SARS-CoV-2 The emerging SARS-coronavirus 2 ( SARS-CoV-2 ) threatens public health .", "Evidence Elements": {"Participant": [], "Intervention": [], "Outcome": []}, "Evidence Propositions": []}, {"Section": "CONCLUSIONS", "Text": "Hoffmann and coworkers show that SARS-CoV-2 infection depends on the host cell factors ACE2 and TMPRSS2 and can be blocked by a clinically proven protease inhibitor .", "Evidence Elements": {"Participant": [], "Intervention": [], "Outcome": []}, "Evidence Propositions": []}, {"Section": "CONCLUSIONS", "Text": "These findings might help to establish options for prevention and treatment .", "Evidence Elements": {"Participant": [], "Intervention": [], "Outcome": []}, "Evidence Propositions": []}]}