{"doc_id": "32147628", "type of study": "Therapy", "title": "", "abstract": "The SARS-CoV-2 virus emerged in December 2019 and then spread rapidly worldwide, particularly to China, Japan, and South Korea.\nScientists are endeavoring to find antivirals specific to the virus.\nSeveral drugs such as chloroquine, arbidol, remdesivir, and favipiravir are currently undergoing clinical studies to test their efficacy and safety in the treatment of coronavirus disease 2019 (COVID-19) in China; some promising results have been achieved thus far.\nThis article summarizes agents with potential efficacy against SARS-CoV-2.\n", "Evidence Map": {"Enrollment": [{"term": "SARS-CoV-2", "negation": "affirmed", "UMLS": "", "start": 63, "end": 73}], "Comparison Results": [], "Study Arm 1 Results": [], "Study Arm 2 Results": []}, "Sentence-level breakdown": [{"Section": "TITLE", "Text": "The SARS-CoV-2 virus emerged in December 2019 and then spread rapidly worldwide , particularly to China , Japan , and South Korea .", "Evidence Elements": {"Participant": [], "Intervention": [], "Outcome": []}, "Evidence Propositions": []}, {"Section": "CONCLUSIONS", "Text": "This article summarizes agents with potential efficacy against SARS-CoV-2 .", "Evidence Elements": {"Participant": [{"term": "SARS-CoV-2", "negation": "affirmed", "UMLS": "", "start": 63, "end": 73}], "Intervention": [], "Outcome": [{"term": "efficacy", "negation": "affirmed", "UMLS": "", "start": 46, "end": 54}]}, "Evidence Propositions": []}]}