{"doc_id": "32145185", "type of study": "Therapy", "title": "", "abstract": "The Middle East respiratory syndrome coronavirus (MERS-CoV) is a lethal zoonotic pathogen that was first identified in humans in Saudi Arabia and Jordan in 2012.\nIntermittent sporadic cases, community clusters, and nosocomial outbreaks of MERS-CoV continue to occur.\nBetween April 2012 and December 2019, 2499 laboratory-confirmed cases of MERS-CoV infection, including 858 deaths (34 3% mortality) were reported from 27 countries to WHO, the majority of which were reported by Saudi Arabia (2106 cases, 780 deaths).\nLarge outbreaks of human-to-human transmission have occurred, the largest in Riyadh and Jeddah in 2014 and in South Korea in 2015.\nMERS-CoV remains a high-threat pathogen identified by WHO as a priority pathogen because it causes severe disease that has a high mortality rate, epidemic potential, and no medical countermeasures.\nThis Seminar provides an update on the current knowledge and perspectives on MERS epidemiology, virology, mode of transmission, pathogenesis, diagnosis, clinical features, management, infection control, development of new therapeutics and vaccines, and highlights unanswered questions and priorities for research, improved management, and prevention.\n", "Evidence Map": {"Enrollment": [{"term": "laboratory-confirmed cases of MERS-CoV infection", "negation": "affirmed", "UMLS": "", "start": 44, "end": 92}], "Comparison Results": [], "Study Arm 1 Results": [], "Study Arm 2 Results": []}, "Sentence-level breakdown": [{"Section": "TITLE", "Text": "The Middle East respiratory syndrome coronavirus ( MERS-CoV ) is a lethal zoonotic pathogen that was first identified in humans in Saudi Arabia and Jordan in 2012 .", "Evidence Elements": {"Participant": [], "Intervention": [], "Outcome": []}, "Evidence Propositions": []}, {"Section": "RESULTS", "Text": "Intermittent sporadic cases , community clusters , and nosocomial outbreaks of MERS-CoV continue to occur .", "Evidence Elements": {"Participant": [], "Intervention": [], "Outcome": []}, "Evidence Propositions": []}, {"Section": "RESULTS", "Text": "Between April 2012 and December 2019 , 2499 laboratory-confirmed cases of MERS-CoV infection , including 858 deaths ( 34 3 % mortality ) were reported from 27 countries to WHO , the majority of which were reported by Saudi Arabia ( 2106 cases , 780 deaths ) .", "Evidence Elements": {"Participant": [{"term": "laboratory-confirmed cases of MERS-CoV infection", "negation": "affirmed", "UMLS": "", "start": 44, "end": 92}], "Intervention": [], "Outcome": [{"term": "deaths", "negation": "affirmed", "UMLS": "", "start": 109, "end": 115}]}, "Evidence Propositions": []}, {"Section": "CONCLUSIONS", "Text": "Large outbreaks of human-to-human transmission have occurred , the largest in Riyadh and Jeddah in 2014 and in South Korea in 2015 .", "Evidence Elements": {"Participant": [], "Intervention": [], "Outcome": []}, "Evidence Propositions": []}, {"Section": "CONCLUSIONS", "Text": "MERS-CoV remains a high-threat pathogen identified by WHO as a priority pathogen because it causes severe disease that has a high mortality rate , epidemic potential , and no medical countermeasures .", "Evidence Elements": {"Participant": [], "Intervention": [], "Outcome": []}, "Evidence Propositions": []}, {"Section": "CONCLUSIONS", "Text": "This Seminar provides an update on the current knowledge and perspectives on MERS epidemiology , virology , mode of transmission , pathogenesis , diagnosis , clinical features , management , infection control , development of new therapeutics and vaccines , and highlights unanswered questions and priorities for research , improved management , and prevention .", "Evidence Elements": {"Participant": [], "Intervention": [], "Outcome": [{"term": "epidemiology", "negation": "affirmed", "UMLS": "", "start": 82, "end": 94}, {"term": "of transmission", "negation": "affirmed", "UMLS": "", "start": 113, "end": 128}, {"term": "pathogenesis", "negation": "affirmed", "UMLS": "", "start": 131, "end": 143}, {"term": "diagnosis", "negation": "affirmed", "UMLS": "", "start": 146, "end": 155}, {"term": "clinical features", "negation": "affirmed", "UMLS": "", "start": 158, "end": 175}, {"term": "management", "negation": "affirmed", "UMLS": "", "start": 178, "end": 188}, {"term": "infection control", "negation": "affirmed", "UMLS": "", "start": 191, "end": 208}, {"term": "development of new therapeutics and vaccines", "negation": "affirmed", "UMLS": "", "start": 211, "end": 255}]}, "Evidence Propositions": []}]}