{"doc_id": "32149773", "type of study": "Therapy", "title": "", "abstract": "At the end of 2019, a novel coronavirus outbreak causative organism has been subsequently designated the 2019 novel coronavirus (2019-nCoV).\nThe effectiveness of adjunctive glucocorticoid therapy in the management of 2019-nCoV-infected patients with severe lower respiratory tract infections is not clear, and warrants further investigation.\nThe present study will be conducted as an open-labeled, randomized, controlled trial.\nWe will enrol 48 subjects from Chongqing Public Health Medical Center.\nEach eligible subject will be assigned to an intervention group (methylprednisolone via intravenous injection at a dose of 1-2 mg/kg/day for 3 days) or a control group (no glucocorticoid use) randomly, at a 1:1 ratio.\nSubjects in both groups will be invited for 28 days of follow-up which will be scheduled at four consecutive visit points.\nWe will use the clinical improvement rate as our primary endpoint.\nSecondary endpoints include the timing of clinical improvement after intervention, duration of mechanical ventilation, duration of hospitalization, overall incidence of adverse events, as well as rate of adverse events at each visit, and mortality at 2 and 4 weeks.\nThe present coronavirus outbreak is the third serious global coronavirus outbreak in the past two decades.\nOral and parenteral glucocorticoids have been used in the management of severe respiratory symptoms in coronavirus-infected patients in the past.\nHowever, there remains no definitive evidence in the literature for or against the utilization of systemic glucocorticoids in seriously ill patients with coronavirus-related severe respiratory disease, or indeed in other types of severe respiratory disease.\nIn this study, we hope to discover evidence either supporting or opposing the systemic therapeutic administration of glucocorticoids in patients with severe coronavirus disease 2019.\nClinicalTrials.gov, ChiCTR2000029386, http://www.chictr.org.cn/showproj.aspx?proj=48777.\n", "Evidence Map": {"Enrollment": [{"term": "severe coronavirus disease", "negation": "affirmed", "UMLS": "", "start": 151, "end": 177}], "Comparison Results": [], "Study Arm 1 Results": [], "Study Arm 2 Results": []}, "Sentence-level breakdown": [{"Section": "TITLE", "Text": "At the end of 2019 , a novel coronavirus outbreak causative organism has been subsequently designated the 2019 novel coronavirus ( 2019-nCoV ) .", "Evidence Elements": {"Participant": [], "Intervention": [], "Outcome": []}, "Evidence Propositions": []}, {"Section": "METHODS", "Text": "The present study will be conducted as an open-labeled , randomized , controlled trial .", "Evidence Elements": {"Participant": [], "Intervention": [], "Outcome": []}, "Evidence Propositions": []}, {"Section": "METHODS", "Text": "We will enrol 48 subjects from Chongqing Public Health Medical Center .", "Evidence Elements": {"Participant": [], "Intervention": [], "Outcome": []}, "Evidence Propositions": []}, {"Section": "METHODS", "Text": "Each eligible subject will be assigned to an intervention group ( methylprednisolone via intravenous injection at a dose of 1-2 mg / kg / day for 3 days ) or a control group ( no glucocorticoid use ) randomly , at a 1:1 ratio .", "Evidence Elements": {"Participant": [], "Intervention": [{"term": "intervention", "negation": "affirmed", "UMLS": "", "start": 45, "end": 57}, {"term": "methylprednisolone", "negation": "affirmed", "UMLS": "", "start": 66, "end": 84}, {"term": "control", "negation": "affirmed", "UMLS": "", "start": 160, "end": 167}, {"term": "glucocorticoid", "negation": "negated", "UMLS": "", "start": 179, "end": 193}], "Outcome": []}, "Evidence Propositions": []}, {"Section": "METHODS", "Text": "Subjects in both groups will be invited for 28 days of follow-up which will be scheduled at four consecutive visit points .", "Evidence Elements": {"Participant": [], "Intervention": [{"term": "groups", "negation": "affirmed", "UMLS": "", "start": 17, "end": 23}], "Outcome": []}, "Evidence Propositions": []}, {"Section": "METHODS", "Text": "We will use the clinical improvement rate as our primary endpoint .", "Evidence Elements": {"Participant": [], "Intervention": [], "Outcome": [{"term": "clinical improvement rate", "negation": "affirmed", "UMLS": "", "start": 16, "end": 41}]}, "Evidence Propositions": []}, {"Section": "METHODS", "Text": "Secondary endpoints include the timing of clinical improvement after intervention , duration of mechanical ventilation , duration of hospitalization , overall incidence of adverse events , as well as rate of adverse events at each visit , and mortality at 2 and 4 weeks .", "Evidence Elements": {"Participant": [], "Intervention": [{"term": "after intervention", "negation": "affirmed", "UMLS": "", "start": 63, "end": 81}], "Outcome": [{"term": "timing of clinical improvement", "negation": "affirmed", "UMLS": "", "start": 32, "end": 62}, {"term": "duration of mechanical ventilation", "negation": "affirmed", "UMLS": "", "start": 84, "end": 118}, {"term": "duration of hospitalization", "negation": "affirmed", "UMLS": "", "start": 121, "end": 148}, {"term": "overall incidence of adverse events", "negation": "affirmed", "UMLS": "", "start": 151, "end": 186}, {"term": "rate of adverse events", "negation": "affirmed", "UMLS": "", "start": 200, "end": 222}, {"term": "mortality", "negation": "affirmed", "UMLS": "", "start": 243, "end": 252}]}, "Evidence Propositions": []}, {"Section": "RESULTS", "Text": "The present coronavirus outbreak is the third serious global coronavirus outbreak in the past two decades .", "Evidence Elements": {"Participant": [], "Intervention": [], "Outcome": []}, "Evidence Propositions": []}, {"Section": "RESULTS", "Text": "Oral and parenteral glucocorticoids have been used in the management of severe respiratory symptoms in coronavirus-infected patients in the past .", "Evidence Elements": {"Participant": [], "Intervention": [], "Outcome": []}, "Evidence Propositions": []}, {"Section": "RESULTS", "Text": "However , there remains no definitive evidence in the literature for or against the utilization of systemic glucocorticoids in seriously ill patients with coronavirus-related severe respiratory disease , or indeed in other types of severe respiratory disease .", "Evidence Elements": {"Participant": [], "Intervention": [], "Outcome": []}, "Evidence Propositions": []}, {"Section": "CONCLUSIONS", "Text": "In this study , we hope to discover evidence either supporting or opposing the systemic therapeutic administration of glucocorticoids in patients with severe coronavirus disease 2019 .", "Evidence Elements": {"Participant": [{"term": "severe coronavirus disease", "negation": "affirmed", "UMLS": "", "start": 151, "end": 177}], "Intervention": [], "Outcome": []}, "Evidence Propositions": []}, {"Section": "CONCLUSIONS", "Text": "ClinicalTrials.gov , ChiCTR2000029386 , http:/ / www . chictr.org . cn / showproj . aspx ? proj = 48777 .", "Evidence Elements": {"Participant": [], "Intervention": [], "Outcome": []}, "Evidence Propositions": []}]}