{"doc_id": "32155444", "type of study": "Therapy", "title": "", "abstract": "The emergence of SARS-CoV-2 has resulted in >90,000 infections and >3,000 deaths.\nCoronavirus spike (S) glycoproteins promote entry into cells and are the main target of antibodies.\nWe show that SARS-CoV-2 S uses ACE2 to enter cells and that the receptor-binding domains of SARS-CoV-2 S and SARS-CoV S bind with similar affinities to human ACE2, correlating with the efficient spread of SARS-CoV-2 among humans.\nWe found that the SARS-CoV-2 S glycoprotein harbors a furin cleavage site at the boundary between the S1/S2 subunits, which is processed during biogenesis and sets this virus apart from SARS-CoV and SARS-related CoVs.\nWe determined cryo-EM structures of the SARS-CoV-2 S ectodomain trimer, providing a blueprint for the design of vaccines and inhibitors of viral entry.\nFinally, we demonstrate that SARS-CoV S murine polyclonal antibodies potently inhibited SARS-CoV-2 S mediated entry into cells, indicating that cross-neutralizing antibodies targeting conserved S epitopes can be elicited upon vaccination.\nSARS-CoV-2 uses ACE2 to enter target cells SARS-CoV-2 and SARS-CoV bind with similar affinities to ACE2 Structures of SARS-CoV-2 spike glycoprotein in two conformations SARS-CoV polyclonal antibodies inhibit SARS-CoV-2 spike-mediated entry into cells SARS-CoV-2, a newly emerged pathogen spreading worldwide, binds with high affinity to human ACE2 and uses it as an entry receptor to invade target cells.\nCryo-EM structures of the SARS-CoV-2 spike glycoprotein in two distinct conformations, along with inhibition of spike-mediated entry by SARS-CoV polyclonal antibodies, provide a blueprint for the design of vaccines and therapeutics.\n", "Evidence Map": {"Enrollment": [], "Comparison Results": [], "Study Arm 1 Results": [], "Study Arm 2 Results": []}, "Sentence-level breakdown": [{"Section": "TITLE", "Text": "The emergence of SARS-CoV-2 has resulted in > 90,000 infections and > 3,000 deaths .", "Evidence Elements": {"Participant": [], "Intervention": [], "Outcome": []}, "Evidence Propositions": []}, {"Section": "RESULTS", "Text": "We found that the SARS-CoV-2 S glycoprotein harbors a furin cleavage site at the boundary between the S1 / S2 subunits , which is processed during biogenesis and sets this virus apart from SARS-CoV and SARS-related CoVs .", "Evidence Elements": {"Participant": [], "Intervention": [{"term": "SARS-CoV-2 S glycoprotein", "negation": "affirmed", "UMLS": "", "start": 18, "end": 43}, {"term": "SARS-CoV", "negation": "negated", "UMLS": "", "start": 18, "end": 26}, {"term": "SARS-related", "negation": "negated", "UMLS": "", "start": 202, "end": 214}], "Outcome": []}, "Evidence Propositions": []}, {"Section": "RESULTS", "Text": "We determined cryo-EM structures of the SARS-CoV-2 S ectodomain trimer , providing a blueprint for the design of vaccines and inhibitors of viral entry .", "Evidence Elements": {"Participant": [], "Intervention": [{"term": "SARS-CoV-2 S ectodomain trimer", "negation": "affirmed", "UMLS": "", "start": 40, "end": 70}], "Outcome": [{"term": "cryo-EM structures", "negation": "affirmed", "UMLS": "", "start": 14, "end": 32}]}, "Evidence Propositions": []}, {"Section": "RESULTS", "Text": "Finally , we demonstrate that SARS-CoV S murine polyclonal antibodies potently inhibited SARS-CoV-2 S mediated entry into cells , indicating that cross-neutralizing antibodies targeting conserved S epitopes can be elicited upon vaccination .", "Evidence Elements": {"Participant": [], "Intervention": [{"term": "SARS-CoV S murine polyclonal antibodies", "negation": "affirmed", "UMLS": "", "start": 30, "end": 69}], "Outcome": [{"term": "SARS-CoV-2 S mediated entry into cells", "negation": "affirmed", "UMLS": "", "start": 89, "end": 127}, {"term": "cross-neutralizing antibodies", "negation": "affirmed", "UMLS": "", "start": 146, "end": 175}, {"term": "conserved S epitopes", "negation": "affirmed", "UMLS": "", "start": 186, "end": 206}]}, "Evidence Propositions": []}, {"Section": "RESULTS", "Text": "SARS-CoV-2 uses ACE2 to enter target cells SARS-CoV-2 and SARS-CoV bind with similar affinities to ACE2 Structures of SARS-CoV-2 spike glycoprotein in two conformations SARS-CoV polyclonal antibodies inhibit SARS-CoV-2 spike-mediated entry into cells SARS-CoV-2 , a newly emerged pathogen spreading worldwide , binds with high affinity to human ACE2 and uses it as an entry receptor to invade target cells .", "Evidence Elements": {"Participant": [], "Intervention": [], "Outcome": []}, "Evidence Propositions": []}, {"Section": "CONCLUSIONS", "Text": "Cryo-EM structures of the SARS-CoV-2 spike glycoprotein in two distinct conformations , along with inhibition of spike-mediated entry by SARS-CoV polyclonal antibodies , provide a blueprint for the design of vaccines and therapeutics .", "Evidence Elements": {"Participant": [], "Intervention": [], "Outcome": []}, "Evidence Propositions": []}]}