{"doc_id": "32157732", "type of study": "Therapy", "title": "", "abstract": "The human fragment crystallizable (Fc)gamma receptor (R) interacts with antigen-complexed immunoglobulin (Ig)G ligands to both activate and modulate a powerful network of inflammatory host-protective effector functions that are key to the normal physiology of immune resistance to pathogens.\nMore than 100 therapeutic monoclonal antibodies (mAbs) are approved or in late stage clinical trials, many of which harness the potent FcgammaR-mediated effector systems to varying degrees.\nThis is most evident for antibodies targeting cancer cells inducing antibody-dependent killing or phagocytosis but is also true to some degree for the mAbs that neutralize or remove small macromolecules such as cytokines or other Igs.\nThe use of mAb therapeutics has also revealed a \"scaffolding\" role for FcgammaR which, in different contexts, may either underpin the therapeutic mAb action such as immune agonism or trigger catastrophic adverse effects.\nThe still unmet therapeutic need in many cancers, inflammatory diseases or emerging infections such as severe acute respiratory syndrome coronavirus 2 (SARS-CoV-2) requires increased effort on the development of improved and novel mAbs.\nA more mature appreciation of the immunobiology of individual FcgammaR function and the complexity of the relationships between FcgammaRs and antibodies is fueling efforts to develop more potent \"next-gen\" therapeutic antibodies.\nSuch development strategies now include focused glycan or protein engineering of the Fc to increase affinity and/or tailor specificity for selective engagement of individual activating FcgammaRs or the inhibitory FcgammaRIIb or alternatively, for the ablation of FcgammaR interaction altogether.\nThis review touches on recent aspects of FcgammaR and IgG immunobiology and its relationship with the present and future actions of therapeutic mAbs.\nFragment crystallizable (Fc) receptors for immunoglobulin (Ig)G activate and modulate a powerful network of inflammatory, host-protective effector functions that are central to effective and balanced immune responses.\nThese responses are also harnessed:or avoided:by therapeutic monoclonal antibodies.\nThe use and manipulation of IgG2, IgG4 as well as IgG1 for optimized activating or inhibitory FcgammaR effector functions will underpin the development of potent \"next-gen\" antibody therapeutics.\n", "Evidence Map": {"Enrollment": [], "Comparison Results": [], "Study Arm 1 Results": [], "Study Arm 2 Results": []}, "Sentence-level breakdown": [{"Section": "TITLE", "Text": "The human fragment crystallizable ( Fc ) gamma receptor ( R ) interacts with antigen-complexed immunoglobulin ( Ig ) G ligands to both activate and modulate a powerful network of inflammatory host-protective effector functions that are key to the normal physiology of immune resistance to pathogens .", "Evidence Elements": {"Participant": [], "Intervention": [], "Outcome": []}, "Evidence Propositions": []}, {"Section": "RESULTS", "Text": "These responses are also harnessed : or avoided : by therapeutic monoclonal antibodies .", "Evidence Elements": {"Participant": [], "Intervention": [], "Outcome": []}, "Evidence Propositions": []}, {"Section": "CONCLUSIONS", "Text": "The use and manipulation of IgG2 , IgG4 as well as IgG1 for optimized activating or inhibitory FcgammaR effector functions will underpin the development of potent \" next-gen \" antibody therapeutics .", "Evidence Elements": {"Participant": [], "Intervention": [], "Outcome": []}, "Evidence Propositions": []}]}