{"doc_id": "32167153", "type of study": "Therapy", "title": "", "abstract": "A new coronavirus, referred to as SARS-CoV-2, is responsible for the recent outbreak of severe respiratory disease.\nThis outbreak first detected in Wuhan, China in December 2019, has spread to other regions of China and to 25 other countries as of January, 2020.\nIt has been known since the 2003 SARS epidemic that the receptor critical for SARS-CoV entry into host cells is the angiotensin-converting enzyme 2 (ACE2).\nThe S1 domain of the spike protein of SARS-CoV attaches the virus to its cellular receptor ACE2 on the host cells.\nWe thought that it is timely to explain the connection between the SARS-CoV, SARS-CoV-2, ACE2 and the rationale for soluble ACE2 as a potential therapy.\n", "Evidence Map": {"Enrollment": [], "Comparison Results": [], "Study Arm 1 Results": [], "Study Arm 2 Results": []}, "Sentence-level breakdown": [{"Section": "TITLE", "Text": "A new coronavirus , referred to as SARS-CoV-2 , is responsible for the recent outbreak of severe respiratory disease .", "Evidence Elements": {"Participant": [], "Intervention": [], "Outcome": []}, "Evidence Propositions": []}, {"Section": "RESULTS", "Text": "This outbreak first detected in Wuhan , China in December 2019 , has spread to other regions of China and to 25 other countries as of January , 2020 .", "Evidence Elements": {"Participant": [], "Intervention": [], "Outcome": []}, "Evidence Propositions": []}, {"Section": "RESULTS", "Text": "It has been known since the 2003 SARS epidemic that the receptor critical for SARS-CoV entry into host cells is the angiotensin-converting enzyme 2 ( ACE2 ) .", "Evidence Elements": {"Participant": [], "Intervention": [], "Outcome": []}, "Evidence Propositions": []}, {"Section": "RESULTS", "Text": "The S1 domain of the spike protein of SARS-CoV attaches the virus to its cellular receptor ACE2 on the host cells .", "Evidence Elements": {"Participant": [], "Intervention": [], "Outcome": []}, "Evidence Propositions": []}, {"Section": "CONCLUSIONS", "Text": "We thought that it is timely to explain the connection between the SARS-CoV , SARS-CoV-2 , ACE2 and the rationale for soluble ACE2 as a potential therapy .", "Evidence Elements": {"Participant": [], "Intervention": [], "Outcome": []}, "Evidence Propositions": []}]}