{"doc_id": "32164424", "type of study": "Therapy", "title": "", "abstract": "As of 22 February 2020, more than 77662 cases of confirmed COVID-19 have been documented globally with over 2360 deaths.\nCommon presentations of confirmed cases include fever, fatigue, dry cough, upper airway congestion, sputum production, shortness of breath, myalgia/arthralgia with lymphopenia, prolonged prothrombin time, elevated C-reactive protein, and elevated lactate dehydrogenase.\nThe reported severe/critical case ratio is approximately 7-10% and median time to intensive care admission is 9.5-10.5 days with mortality of around 1-2% varied geographically.\nSimilar to outbreaks of other newly identified virus, there is no proven regimen from conventional medicine and most reports managed the patients with lopinavir/ritonavir, ribavirin, beta-interferon, glucocorticoid and supportive treatment with remdesivir undergoing clinical trial.\nIn China, Chinese medicine is proposed as a treatment option by national and provincial guidelines with substantial utilization.\nWe reviewed the latest national and provincial clinical guidelines, retrospective cohort studies, and case series regarding the treatment of COVID-19 by add-on Chinese medicine.\nWe have also reviewed the clinical evidence generated from SARS and H1N1 management with hypothesized mechanisms and latest in silico findings to identify candidate Chinese medicines for the consideration of possible trials and management.\nGiven the paucity of strongly evidence-based regimens, the available data suggest that Chinese medicine could be considered as an adjunctive therapeutic option in the management of COVID-19.\n", "Evidence Map": {"Enrollment": [{"term": "fever", "negation": "affirmed", "UMLS": "", "start": 48, "end": 53}, {"term": "fatigue", "negation": "affirmed", "UMLS": "", "start": 56, "end": 63}, {"term": "dry cough", "negation": "affirmed", "UMLS": "", "start": 66, "end": 75}, {"term": "upper airway congestion", "negation": "affirmed", "UMLS": "", "start": 78, "end": 101}, {"term": "production", "negation": "affirmed", "UMLS": "", "start": 111, "end": 121}, {"term": "shortness", "negation": "affirmed", "UMLS": "", "start": 124, "end": 133}, {"term": "breath", "negation": "affirmed", "UMLS": "", "start": 137, "end": 143}, {"term": "COVID-19", "negation": "affirmed", "UMLS": "", "start": 143, "end": 151}, {"term": "SARS", "negation": "affirmed", "UMLS": "", "start": 59, "end": 63}, {"term": "H1N1", "negation": "affirmed", "UMLS": "", "start": 68, "end": 72}], "Comparison Results": [], "Study Arm 1 Results": [], "Study Arm 2 Results": []}, "Sentence-level breakdown": [{"Section": "TITLE", "Text": "As of 22 February 2020 , more than 77662 cases of confirmed COVID-19 have been documented globally with over 2360 deaths .", "Evidence Elements": {"Participant": [], "Intervention": [], "Outcome": []}, "Evidence Propositions": []}, {"Section": "METHODS", "Text": "We reviewed the latest national and provincial clinical guidelines , retrospective cohort studies , and case series regarding the treatment of COVID-19 by add-on Chinese medicine .", "Evidence Elements": {"Participant": [{"term": "COVID-19", "negation": "affirmed", "UMLS": "", "start": 143, "end": 151}], "Intervention": [{"term": "add-on", "negation": "affirmed", "UMLS": "", "start": 155, "end": 161}], "Outcome": []}, "Evidence Propositions": []}, {"Section": "CONCLUSIONS", "Text": "We have also reviewed the clinical evidence generated from SARS and H1N1 management with hypothesized mechanisms and latest in silico findings to identify candidate Chinese medicines for the consideration of possible trials and management .", "Evidence Elements": {"Participant": [{"term": "SARS", "negation": "affirmed", "UMLS": "", "start": 59, "end": 63}, {"term": "H1N1", "negation": "affirmed", "UMLS": "", "start": 68, "end": 72}], "Intervention": [], "Outcome": []}, "Evidence Propositions": []}, {"Section": "CONCLUSIONS", "Text": "Given the paucity of strongly evidence-based regimens , the available data suggest that Chinese medicine could be considered as an adjunctive therapeutic option in the management of COVID-19 .", "Evidence Elements": {"Participant": [], "Intervention": [], "Outcome": []}, "Evidence Propositions": []}]}