{"doc_id": "32164085", "type of study": "Therapy", "title": "", "abstract": "At the end of December 2019, a novel coronavirus (COVID-19) caused an outbreak in Wuhan, and has quickly spread to all provinces in China and 26 other countries around the world, leading to a serious situation for epidemic prevention.\nSo far, there is still no specific medicine.\nPrevious studies have shown that chloroquine phosphate (chloroquine) had a wide range of antiviral effects, including anti-coronavirus.\nHere we found that treating the patients diagnosed as novel coronavirus pneumonia with chloroquine might improve the success rate of treatment, shorten hospital stay and improve patient outcome.\nIn order to guide and regulate the use of chloroquine in patients with novel coronavirus pneumonia, the multicenter collaboration group of Department of Science and Technology of Guangdong Province and Health Commission of Guangdong Province for chloroquine in the treatment of novel coronavirus pneumonia developed this expert consensus after extensive discussion.\nIt recommended chloroquine phosphate tablet, 500mg twice per day for 10 days for patients diagnosed as mild, moderate and severe cases of novel coronavirus pneumonia and without contraindications to chloroquine.\n", "Evidence Map": {"Enrollment": [{"term": "novel coronavirus pneumonia", "negation": "affirmed", "UMLS": "", "start": 54, "end": 81}, {"term": "novel coronavirus pneumonia", "negation": "affirmed", "UMLS": "", "start": 71, "end": 98}, {"term": "novel coronavirus pneumonia", "negation": "affirmed", "UMLS": "", "start": 71, "end": 98}, {"term": "mild , moderate and severe", "negation": "affirmed", "UMLS": "", "start": 104, "end": 130}, {"term": "novel coronavirus pneumonia", "negation": "affirmed", "UMLS": "", "start": 140, "end": 167}], "Comparison Results": [], "Study Arm 1 Results": [], "Study Arm 2 Results": []}, "Sentence-level breakdown": [{"Section": "TITLE", "Text": "At the end of December 2019 , a novel coronavirus ( COVID-19 ) caused an outbreak in Wuhan , and has quickly spread to all provinces in China and 26 other countries around the world , leading to a serious situation for epidemic prevention .", "Evidence Elements": {"Participant": [], "Intervention": [], "Outcome": []}, "Evidence Propositions": []}, {"Section": "RESULTS", "Text": "Here we found that treating the patients diagnosed as novel coronavirus pneumonia with chloroquine might improve the success rate of treatment , shorten hospital stay and improve patient outcome .", "Evidence Elements": {"Participant": [{"term": "novel coronavirus pneumonia", "negation": "affirmed", "UMLS": "", "start": 54, "end": 81}], "Intervention": [{"term": "chloroquine", "negation": "affirmed", "UMLS": "", "start": 87, "end": 98}], "Outcome": [{"term": "success rate of treatment", "negation": "affirmed", "UMLS": "", "start": 117, "end": 142}, {"term": "hospital stay", "negation": "affirmed", "UMLS": "", "start": 153, "end": 166}, {"term": "patient", "negation": "affirmed", "UMLS": "", "start": 32, "end": 39}]}, "Evidence Propositions": [{"Intervention": "chloroquine", "Observation": "improve", "Outcome": "success rate of treatment", "Count": ""}]}, {"Section": "CONCLUSIONS", "Text": "In order to guide and regulate the use of chloroquine in patients with novel coronavirus pneumonia , the multicenter collaboration group of Department of Science and Technology of Guangdong Province and Health Commission of Guangdong Province for chloroquine in the treatment of novel coronavirus pneumonia developed this expert consensus after extensive discussion .", "Evidence Elements": {"Participant": [{"term": "novel coronavirus pneumonia", "negation": "affirmed", "UMLS": "", "start": 71, "end": 98}, {"term": "novel coronavirus pneumonia", "negation": "affirmed", "UMLS": "", "start": 71, "end": 98}], "Intervention": [{"term": "chloroquine", "negation": "affirmed", "UMLS": "", "start": 42, "end": 53}, {"term": "chloroquine", "negation": "affirmed", "UMLS": "", "start": 42, "end": 53}], "Outcome": []}, "Evidence Propositions": []}, {"Section": "CONCLUSIONS", "Text": "It recommended chloroquine phosphate tablet , 500mg twice per day for 10 days for patients diagnosed as mild , moderate and severe cases of novel coronavirus pneumonia and without contraindications to chloroquine .", "Evidence Elements": {"Participant": [{"term": "mild , moderate and severe", "negation": "affirmed", "UMLS": "", "start": 104, "end": 130}, {"term": "novel coronavirus pneumonia", "negation": "affirmed", "UMLS": "", "start": 140, "end": 167}], "Intervention": [{"term": "chloroquine phosphate tablet", "negation": "affirmed", "UMLS": "", "start": 15, "end": 43}], "Outcome": []}, "Evidence Propositions": []}]}