{"doc_id": "32164090", "type of study": "Therapy", "title": "", "abstract": "Objective: To investigate the clinical characteristics of medical staff with novel coronavirus pneumonia(NCP).\nMethods: 30 patients infected with novel coronavirus referred to jianghan university hospital between January 11, 2020 and January 3, 2020 were studied.\nThe data reviewed included those of clinical manifestations, laboratory investigation and Radiographic features.\nResults: The patients consisted of 10 men and 20 women, including 22 doctors and 8 nurses,aged 21~59 years(mean 35+-8 years).They were divided to 26 common type and 4 severe cases, all of whom had close(within 1m) contact with patients infected of novel coronavirus pneumonia.\nThe average contact times were 12 (7,16) and the average cumulative contact time was 2 (1.5,2.7) h.\nClinical symptoms of these patients were fever in 23 patients (76.67%) , headache in 16 petients (53.33%) , fatigue or myalgia in 21patients (70%) , nausea, vomiting or diarrhea in 9 petients (30%) , cough in 25 petients (83.33%) , and dyspnea in 14 petients (46.67%) .Routine blood test revealed WBC<4.0x10(9)/L in 8 petients (26.67%) , (4-10) x10(9)/L in 22 petients (73.33%) , and WBC>4.0x10(9)/L in 4 petients (13.33%) during the disease.\nLymphocyte count<1.0x10(9)/L occurred in 12 petients (40%),abnormal liver function in 7 petients (23.33%) ,myocardial damage in 5 petients(16.67%), elevated D-dimer (>0.5mg/l) in 5 patients (16.67%).\nCompared with normal patients, the average exposure times, cumulative exposure time, BMI, Fever time, white blood cell count, liver enzyme, LDH, myoenzyme and D-dimer were significantly increased in severe patients, while the lymphocyte count and albumin levels in peripheral blood were significantly decreased.\nChest CT mainly showed patchy shadows and interstitial changes.\nAccording to imaging examination, 11 patients (36.67%) showed Unilateral pneumonia and 19 patients (63.33%) showed bilateral pneumonia,4 patients (13.33%) showed bilateral multiple mottling and ground-glass opacity.\nCompared with the patients infected in the protected period, the proportion of severe infection and bilateral pneumonia were both increased in the patients infected in unprotected period.\nConclusion: Medical staffs are at higher risk of infection.\nInfection rates are associated with contact time, the amount of suction virus.\nSevere patients had BMI increased, heating time prolonged, white blood cell count, lymphocyte count, D-dimer and albumin level significantly changed and were prone to be complicated with liver damage and myocardial damage.\nStrict protection measures is important to prevent infection for medical workers.\n", "Evidence Map": {"Enrollment": [{"term": "medical staff", "negation": "affirmed", "UMLS": "", "start": 59, "end": 72}, {"term": "novel coronavirus", "negation": "affirmed", "UMLS": "", "start": 78, "end": 95}, {"term": "novel coronavirus", "negation": "affirmed", "UMLS": "", "start": 36, "end": 53}, {"term": "Medical staffs", "negation": "affirmed", "UMLS": "", "start": 13, "end": 27}, {"term": "liver", "negation": "affirmed", "UMLS": "", "start": 191, "end": 196}], "Comparison Results": [], "Study Arm 1 Results": [], "Study Arm 2 Results": []}, "Sentence-level breakdown": [{"Section": "TITLE", "Text": "Objective : To investigate the clinical characteristics of medical staff with novel coronavirus pneumonia ( NCP ) .", "Evidence Elements": {"Participant": [{"term": "medical staff", "negation": "affirmed", "UMLS": "", "start": 59, "end": 72}, {"term": "novel coronavirus", "negation": "affirmed", "UMLS": "", "start": 78, "end": 95}], "Intervention": [], "Outcome": [{"term": "clinical characteristics", "negation": "affirmed", "UMLS": "", "start": 31, "end": 55}]}, "Evidence Propositions": []}, {"Section": "METHODS", "Text": "Methods : 30 patients infected with novel coronavirus referred to jianghan university hospital between January 11 , 2020 and January 3 , 2020 were studied .", "Evidence Elements": {"Participant": [{"term": "novel coronavirus", "negation": "affirmed", "UMLS": "", "start": 36, "end": 53}], "Intervention": [], "Outcome": []}, "Evidence Propositions": []}, {"Section": "METHODS", "Text": "The data reviewed included those of clinical manifestations , laboratory investigation and Radiographic features .", "Evidence Elements": {"Participant": [], "Intervention": [], "Outcome": []}, "Evidence Propositions": []}, {"Section": "METHODS", "Text": "Results : The patients consisted of 10 men and 20 women , including 22 doctors and 8 nurses , aged 21 ~ 59 years ( mean 35+-8 years ) . They were divided to 26 common type and 4 severe cases , all of whom had close ( within 1m ) contact with patients infected of novel coronavirus pneumonia .", "Evidence Elements": {"Participant": [], "Intervention": [], "Outcome": []}, "Evidence Propositions": []}, {"Section": "RESULTS", "Text": "The average contact times were 12 ( 7 , 16 ) and the average cumulative contact time was 2 ( 1.5 , 2.7 ) h .", "Evidence Elements": {"Participant": [], "Intervention": [], "Outcome": [{"term": "average contact times", "negation": "affirmed", "UMLS": "", "start": 4, "end": 25}, {"term": "average cumulative contact time", "negation": "affirmed", "UMLS": "", "start": 53, "end": 84}]}, "Evidence Propositions": []}, {"Section": "RESULTS", "Text": "Clinical symptoms of these patients were fever in 23 patients ( 76.67 % ) , headache in 16 petients ( 53.33 % ) , fatigue or myalgia in 21patients ( 70 % ) , nausea , vomiting or diarrhea in 9 petients ( 30 % ) , cough in 25 petients ( 83.33 % ) , and dyspnea in 14 petients ( 46.67 % ) . Routine blood test revealed WBC < 4.0x10 ( 9 ) /L in 8 petients ( 26.67 % ) , ( 4-10 ) x10", "Evidence Elements": {"Participant": [], "Intervention": [], "Outcome": [{"term": "Clinical symptoms", "negation": "affirmed", "UMLS": "", "start": 0, "end": 17}, {"term": "fever", "negation": "affirmed", "UMLS": "", "start": 41, "end": 46}, {"term": "headache", "negation": "affirmed", "UMLS": "", "start": 76, "end": 84}, {"term": "fatigue", "negation": "affirmed", "UMLS": "", "start": 114, "end": 121}, {"term": "myalgia", "negation": "affirmed", "UMLS": "", "start": 125, "end": 132}, {"term": "nausea", "negation": "affirmed", "UMLS": "", "start": 158, "end": 164}, {"term": "vomiting", "negation": "affirmed", "UMLS": "", "start": 167, "end": 175}, {"term": "diarrhea", "negation": "affirmed", "UMLS": "", "start": 179, "end": 187}, {"term": "cough", "negation": "affirmed", "UMLS": "", "start": 213, "end": 218}, {"term": "dyspnea", "negation": "affirmed", "UMLS": "", "start": 252, "end": 259}, {"term": "WBC", "negation": "affirmed", "UMLS": "", "start": 317, "end": 320}]}, "Evidence Propositions": []}, {"Section": "RESULTS", "Text": "Lymphocyte count < 1.0x10 ( 9 ) /L occurred in 12 petients ( 40 % ) , abnormal liver function in 7 petients ( 23.33 % ) , myocardial damage in 5 petients ( 16.67 % ) , elevated D-dimer ( > 0.5mg / l ) in 5 patients ( 16.67 % ) .", "Evidence Elements": {"Participant": [], "Intervention": [], "Outcome": [{"term": "Lymphocyte count < 1.0x10 ( 9", "negation": "affirmed", "UMLS": "", "start": 0, "end": 29}, {"term": "liver function", "negation": "affirmed", "UMLS": "", "start": 79, "end": 93}, {"term": "myocardial", "negation": "affirmed", "UMLS": "", "start": 122, "end": 132}]}, "Evidence Propositions": []}, {"Section": "RESULTS", "Text": "Compared with normal patients , the average exposure times , cumulative exposure time , BMI , Fever time , white blood cell count , liver enzyme , LDH , myoenzyme and D-dimer were significantly increased in severe patients , while the lymphocyte count and albumin levels in peripheral blood were significantly decreased .", "Evidence Elements": {"Participant": [], "Intervention": [{"term": "normal", "negation": "affirmed", "UMLS": "", "start": 14, "end": 20}, {"term": "severe", "negation": "affirmed", "UMLS": "", "start": 207, "end": 213}], "Outcome": [{"term": "average exposure times", "negation": "affirmed", "UMLS": "", "start": 36, "end": 58}, {"term": "cumulative exposure time", "negation": "affirmed", "UMLS": "", "start": 61, "end": 85}, {"term": "BMI", "negation": "affirmed", "UMLS": "", "start": 88, "end": 91}, {"term": "Fever time", "negation": "affirmed", "UMLS": "", "start": 94, "end": 104}, {"term": "white blood cell count", "negation": "affirmed", "UMLS": "", "start": 107, "end": 129}, {"term": "liver enzyme", "negation": "affirmed", "UMLS": "", "start": 132, "end": 144}, {"term": "LDH", "negation": "affirmed", "UMLS": "", "start": 147, "end": 150}, {"term": "myoenzyme", "negation": "affirmed", "UMLS": "", "start": 153, "end": 162}, {"term": "D-dimer", "negation": "affirmed", "UMLS": "", "start": 167, "end": 174}, {"term": "lymphocyte count", "negation": "affirmed", "UMLS": "", "start": 235, "end": 251}]}, "Evidence Propositions": [{"Intervention": "normal", "Observation": "significantly increased", "Outcome": "D-dimer", "Count": ""}, {"Intervention": "severe", "Observation": "significantly increased", "Outcome": "D-dimer", "Count": ""}]}, {"Section": "RESULTS", "Text": "Chest CT mainly showed patchy shadows and interstitial changes .", "Evidence Elements": {"Participant": [], "Intervention": [], "Outcome": [{"term": "Chest CT", "negation": "affirmed", "UMLS": "", "start": 0, "end": 8}, {"term": "patchy shadows", "negation": "affirmed", "UMLS": "", "start": 23, "end": 37}, {"term": "interstitial changes", "negation": "affirmed", "UMLS": "", "start": 42, "end": 62}]}, "Evidence Propositions": []}, {"Section": "RESULTS", "Text": "According to imaging examination , 11 patients ( 36.67 % ) showed Unilateral pneumonia and 19 patients ( 63.33 % ) showed bilateral pneumonia , 4 patients ( 13.33 % ) showed bilateral multiple mottling and ground-glass opacity .", "Evidence Elements": {"Participant": [], "Intervention": [], "Outcome": [{"term": "Unilateral pneumonia", "negation": "affirmed", "UMLS": "", "start": 66, "end": 86}, {"term": "bilateral pneumonia", "negation": "affirmed", "UMLS": "", "start": 122, "end": 141}]}, "Evidence Propositions": []}, {"Section": "RESULTS", "Text": "Compared with the patients infected in the protected period , the proportion of severe infection and bilateral pneumonia were both increased in the patients infected in unprotected period .", "Evidence Elements": {"Participant": [], "Intervention": [{"term": "unprotected", "negation": "affirmed", "UMLS": "", "start": 169, "end": 180}], "Outcome": [{"term": "proportion of severe infection and bilateral pneumonia", "negation": "affirmed", "UMLS": "", "start": 66, "end": 120}]}, "Evidence Propositions": [{"Intervention": "unprotected", "Observation": "increased", "Outcome": "proportion of severe infection and bilateral pneumonia", "Count": ""}]}, {"Section": "CONCLUSIONS", "Text": "Conclusion : Medical staffs are at higher risk of infection .", "Evidence Elements": {"Participant": [{"term": "Medical staffs", "negation": "affirmed", "UMLS": "", "start": 13, "end": 27}], "Intervention": [], "Outcome": [{"term": "risk of", "negation": "affirmed", "UMLS": "", "start": 42, "end": 49}]}, "Evidence Propositions": []}, {"Section": "CONCLUSIONS", "Text": "Infection rates are associated with contact time , the amount of suction virus .", "Evidence Elements": {"Participant": [], "Intervention": [], "Outcome": [{"term": "Infection rates", "negation": "affirmed", "UMLS": "", "start": 0, "end": 15}, {"term": "contact time", "negation": "affirmed", "UMLS": "", "start": 36, "end": 48}, {"term": "amount of suction", "negation": "affirmed", "UMLS": "", "start": 55, "end": 72}]}, "Evidence Propositions": []}, {"Section": "CONCLUSIONS", "Text": "Severe patients had BMI increased , heating time prolonged , white blood cell count , lymphocyte count , D-dimer and albumin level significantly changed and were prone to be complicated with liver damage and myocardial damage .", "Evidence Elements": {"Participant": [{"term": "liver", "negation": "affirmed", "UMLS": "", "start": 191, "end": 196}], "Intervention": [], "Outcome": [{"term": "BMI", "negation": "affirmed", "UMLS": "", "start": 20, "end": 23}, {"term": "heating time", "negation": "affirmed", "UMLS": "", "start": 36, "end": 48}, {"term": "white blood cell count", "negation": "affirmed", "UMLS": "", "start": 61, "end": 83}, {"term": "lymphocyte count", "negation": "affirmed", "UMLS": "", "start": 86, "end": 102}, {"term": "D-dimer", "negation": "affirmed", "UMLS": "", "start": 105, "end": 112}, {"term": "albumin level", "negation": "affirmed", "UMLS": "", "start": 117, "end": 130}]}, "Evidence Propositions": []}, {"Section": "CONCLUSIONS", "Text": "Strict protection measures is important to prevent infection for medical workers .", "Evidence Elements": {"Participant": [], "Intervention": [], "Outcome": []}, "Evidence Propositions": []}]}