{"doc_id": "32162456", "type of study": "Therapy", "title": "", "abstract": "The recently emerged 2019 Novel Coronavirus (SARS-CoV-2) and associated COVID-19 disease cause serious or even fatal respiratory tract infection and yet no approved therapeutics or effective treatment is currently available to effectively combat the outbreak.\nThis urgent situation is pressing the world to respond with the development of novel vaccine or a small molecule therapeutics for SARS-CoV-2.\nAlong these efforts, the structure of SARS-CoV-2 main protease (Mpro) has been rapidly resolved and made publicly available to facilitate global efforts to develop novel drug candidates.\nRecently, our group has developed a novel deep learning platform - Deep Docking (DD) which provides fast prediction of docking scores of Glide (or any other docking program) and, hence, enables structure-based virtual screening of billions of purchasable molecules in a short time.\nIn the current study we applied DD to all 1.3 billion compounds from ZINC15 library to identify top 1,000 potential ligands for SARS-CoV-2 Mpro protein.\nThe compounds are made publicly available for further characterization and development by scientific community.\n", "Evidence Map": {"Enrollment": [{"term": "SARS-CoV-2 Mpro protein", "negation": "affirmed", "UMLS": "", "start": 128, "end": 151}], "Comparison Results": [], "Study Arm 1 Results": [], "Study Arm 2 Results": []}, "Sentence-level breakdown": [{"Section": "TITLE", "Text": "The recently emerged 2019 Novel Coronavirus ( SARS-CoV-2 ) and associated COVID-19 disease cause serious or even fatal respiratory tract infection and yet no approved therapeutics or effective treatment is currently available to effectively combat the outbreak .", "Evidence Elements": {"Participant": [], "Intervention": [], "Outcome": []}, "Evidence Propositions": []}, {"Section": "CONCLUSIONS", "Text": "In the current study we applied DD to all 1.3 billion compounds from ZINC15 library to identify top 1,000 potential ligands for SARS-CoV-2 Mpro protein .", "Evidence Elements": {"Participant": [{"term": "SARS-CoV-2 Mpro protein", "negation": "affirmed", "UMLS": "", "start": 128, "end": 151}], "Intervention": [{"term": "DD", "negation": "affirmed", "UMLS": "", "start": 32, "end": 34}], "Outcome": []}, "Evidence Propositions": []}, {"Section": "CONCLUSIONS", "Text": "The compounds are made publicly available for further characterization and development by scientific community .", "Evidence Elements": {"Participant": [], "Intervention": [], "Outcome": []}, "Evidence Propositions": []}]}