{"doc_id": "32161092", "type of study": "Therapy", "title": "", "abstract": "The new decade of the 21st century (2020) started with the emergence of a novel coronavirus known as SARS-CoV-2 that caused an epidemic of coronavirus disease (COVID-19) in Wuhan, China.\nIt is the third highly pathogenic and transmissible coronavirus after severe acute respiratory syndrome coronavirus (SARS-CoV) and Middle East respiratory syndrome coronavirus (MERS-CoV) emerged in humans.\nThe source of origin, transmission to humans, and mechanisms associated with the pathogenicity of SARS-CoV-2 are not yet clear, however, its resemblance to SARS-CoV and several other bat coronaviruses was recently confirmed through genome sequencing-related studies.\nThe new decade of the 21st century (2020) started with the emergence of a novel coronavirus known as SARS-CoV-2 that caused an epidemic of coronavirus disease (COVID-19) in Wuhan, China.\nIt is the third highly pathogenic and transmissible coronavirus after severe acute respiratory syndrome coronavirus (SARS-CoV) and Middle East respiratory syndrome coronavirus (MERS-CoV) emerged in humans.\nThe source of origin, transmission to humans, and mechanisms associated with the pathogenicity of SARS-CoV-2 are not yet clear, however, its resemblance to SARS-CoV and several other bat coronaviruses was recently confirmed through genome sequencing-related studies.\nThe development of therapeutic strategies is necessary in order to prevent further epidemics and cure infections.\nIn this review, we summarize current information about the emergence, origin, diversity, and epidemiology of three pathogenic coronaviruses with a specific focus on the current outbreak in Wuhan, China.\nFurthermore, we discuss the clinical features and potential therapeutic options that may be effective against SARS-CoV-2.\n", "Evidence Map": {"Enrollment": [], "Comparison Results": [], "Study Arm 1 Results": [], "Study Arm 2 Results": []}, "Sentence-level breakdown": [{"Section": "TITLE", "Text": "The new decade of the 21st century ( 2020 ) started with the emergence of a novel coronavirus known as SARS-CoV-2 that caused an epidemic of coronavirus disease ( COVID-19 ) in Wuhan , China .", "Evidence Elements": {"Participant": [], "Intervention": [], "Outcome": []}, "Evidence Propositions": []}, {"Section": "RESULTS", "Text": "It is the third highly pathogenic and transmissible coronavirus after severe acute respiratory syndrome coronavirus ( SARS-CoV ) and Middle East respiratory syndrome coronavirus ( MERS-CoV ) emerged in humans .", "Evidence Elements": {"Participant": [], "Intervention": [], "Outcome": []}, "Evidence Propositions": []}, {"Section": "RESULTS", "Text": "The source of origin , transmission to humans , and mechanisms associated with the pathogenicity of SARS-CoV-2 are not yet clear , however , its resemblance to SARS-CoV and several other bat coronaviruses was recently confirmed through genome sequencing-related studies .", "Evidence Elements": {"Participant": [], "Intervention": [], "Outcome": []}, "Evidence Propositions": []}, {"Section": "RESULTS", "Text": "The new decade of the 21st century ( 2020 ) started with the emergence of a novel coronavirus known as SARS-CoV-2 that caused an epidemic of coronavirus disease ( COVID-19 ) in Wuhan , China .", "Evidence Elements": {"Participant": [], "Intervention": [], "Outcome": []}, "Evidence Propositions": []}, {"Section": "RESULTS", "Text": "It is the third highly pathogenic and transmissible coronavirus after severe acute respiratory syndrome coronavirus ( SARS-CoV ) and Middle East respiratory syndrome coronavirus ( MERS-CoV ) emerged in humans .", "Evidence Elements": {"Participant": [], "Intervention": [], "Outcome": []}, "Evidence Propositions": []}, {"Section": "RESULTS", "Text": "The source of origin , transmission to humans , and mechanisms associated with the pathogenicity of SARS-CoV-2 are not yet clear , however , its resemblance to SARS-CoV and several other bat coronaviruses was recently confirmed through genome sequencing-related studies .", "Evidence Elements": {"Participant": [], "Intervention": [], "Outcome": []}, "Evidence Propositions": []}, {"Section": "RESULTS", "Text": "The development of therapeutic strategies is necessary in order to prevent further epidemics and cure infections .", "Evidence Elements": {"Participant": [], "Intervention": [], "Outcome": []}, "Evidence Propositions": []}, {"Section": "CONCLUSIONS", "Text": "In this review , we summarize current information about the emergence , origin , diversity , and epidemiology of three pathogenic coronaviruses with a specific focus on the current outbreak in Wuhan , China .", "Evidence Elements": {"Participant": [], "Intervention": [], "Outcome": []}, "Evidence Propositions": []}, {"Section": "CONCLUSIONS", "Text": "Furthermore , we discuss the clinical features and potential therapeutic options that may be effective against SARS-CoV-2 .", "Evidence Elements": {"Participant": [], "Intervention": [], "Outcome": []}, "Evidence Propositions": []}]}