{"doc_id": "32167524", "type of study": "Therapy", "title": "", "abstract": "Importance: Coronavirus disease 2019 (COVID-19) is an emerging infectious disease that was first reported in Wuhan, China, and has subsequently spread worldwide.\nRisk factors for the clinical outcomes of COVID-19 pneumonia have not yet been well delineated.\nObjective: To describe the clinical characteristics and outcomes in patients with COVID-19 pneumonia who developed acute respiratory distress syndrome (ARDS) or died.\nDesign, Setting, and Participants: Retrospective cohort study of 201 patients with confirmed COVID-19 pneumonia admitted to Wuhan Jinyintan Hospital in China between December 25, 2019, and January 26, 2020.\nThe final date of follow-up was February 13, 2020.\nExposures: Confirmed COVID-19 pneumonia.\nMain Outcomes and Measures: The development of ARDS and death.\nEpidemiological, demographic, clinical, laboratory, management, treatment, and outcome data were also collected and analyzed.\nResults: Of 201 patients, the median age was 51 years (interquartile range, 43-60 years), and 128 (63.7%) patients were men.\nEighty-four patients (41.8%) developed ARDS, and of those 84 patients, 44 (52.4%) died.\nIn those who developed ARDS, compared with those who did not, more patients presented with dyspnea (50 of 84 [59.5%] patients and 30 of 117 [25.6%] patients, respectively [difference, 33.9%; 95% CI, 19.7%-48.1%]) and had comorbidities such as hypertension (23 of 84 [27.4%] patients and 16 of 117 [13.7%] patients, respectively [difference, 13.7%; 95% CI, 1.3%-26.1%]) and diabetes (16 of 84 [19.0%] patients and 6 of 117 [5.1%] patients, respectively [difference, 13.9%; 95% CI, 3.6%-24.2%]).\nIn bivariate Cox regression analysis, risk factors associated with the development of ARDS and progression from ARDS to death included older age (hazard ratio [HR], 3.26; 95% CI 2.08-5.11; and HR, 6.17; 95% CI, 3.26-11.67, respectively), neutrophilia (HR, 1.14; 95% CI, 1.09-1.19; and HR, 1.08; 95% CI, 1.01-1.17, respectively), and organ and coagulation dysfunction (eg, higher lactate dehydrogenase [HR, 1.61; 95% CI, 1.44-1.79; and HR, 1.30; 95% CI, 1.11-1.52, respectively] and D-dimer [HR, 1.03; 95% CI, 1.01-1.04; and HR, 1.02; 95% CI, 1.01-1.04, respectively]).\nHigh fever (>=39  C) was associated with higher likelihood of ARDS development (HR, 1.77; 95% CI, 1.11-2.84) and lower likelihood of death (HR, 0.41; 95% CI, 0.21-0.82).\nAmong patients with ARDS, treatment with methylprednisolone decreased the risk of death (HR, 0.38; 95% CI, 0.20-0.72).\nConclusions and Relevance: Older age was associated with greater risk of development of ARDS and death likely owing to less rigorous immune response.\nAlthough high fever was associated with the development of ARDS, it was also associated with better outcomes among patients with ARDS.\nMoreover, treatment with methylprednisolone may be beneficial for patients who develop ARDS.\n", "Evidence Map": {"Enrollment": [{"term": "COVID-19 pneumonia", "negation": "affirmed", "UMLS": "", "start": 83, "end": 101}, {"term": "acute respiratory distress syndrome ( ARDS", "negation": "affirmed", "UMLS": "", "start": 116, "end": 158}, {"term": "confirmed COVID-19 pneumonia", "negation": "affirmed", "UMLS": "", "start": 86, "end": 114}, {"term": "Confirmed COVID-19", "negation": "affirmed", "UMLS": "", "start": 12, "end": 30}, {"term": "ARDS", "negation": "affirmed", "UMLS": "", "start": 23, "end": 27}, {"term": "dyspnea", "negation": "negated", "UMLS": "", "start": 93, "end": 100}, {"term": "comorbidities", "negation": "negated", "UMLS": "", "start": 242, "end": 255}, {"term": "hypertension", "negation": "negated", "UMLS": "", "start": 264, "end": 276}, {"term": "ARDS", "negation": "affirmed", "UMLS": "", "start": 20, "end": 24}], "Comparison Results": [], "Study Arm 1 Results": [], "Study Arm 2 Results": []}, "Sentence-level breakdown": [{"Section": "TITLE", "Text": "Importance : Coronavirus disease 2019 ( COVID-19 ) is an emerging infectious disease that was first reported in Wuhan , China , and has subsequently spread worldwide .", "Evidence Elements": {"Participant": [], "Intervention": [], "Outcome": []}, "Evidence Propositions": []}, {"Section": "OBJECTIVE", "Text": "Objective : To describe the clinical characteristics and outcomes in patients with COVID-19 pneumonia who developed acute respiratory distress syndrome ( ARDS ) or died .", "Evidence Elements": {"Participant": [{"term": "COVID-19 pneumonia", "negation": "affirmed", "UMLS": "", "start": 83, "end": 101}, {"term": "acute respiratory distress syndrome ( ARDS", "negation": "affirmed", "UMLS": "", "start": 116, "end": 158}], "Intervention": [], "Outcome": [{"term": "clinical characteristics", "negation": "affirmed", "UMLS": "", "start": 28, "end": 52}, {"term": "outcomes", "negation": "affirmed", "UMLS": "", "start": 57, "end": 65}]}, "Evidence Propositions": []}, {"Section": "METHODS", "Text": "Design , Setting , and Participants : Retrospective cohort study of 201 patients with confirmed COVID-19 pneumonia admitted to Wuhan Jinyintan Hospital in China between December 25 , 2019 , and January 26 , 2020 .", "Evidence Elements": {"Participant": [{"term": "confirmed COVID-19 pneumonia", "negation": "affirmed", "UMLS": "", "start": 86, "end": 114}], "Intervention": [], "Outcome": []}, "Evidence Propositions": []}, {"Section": "METHODS", "Text": "The final date of follow-up was February 13 , 2020 .", "Evidence Elements": {"Participant": [], "Intervention": [], "Outcome": []}, "Evidence Propositions": []}, {"Section": "METHODS", "Text": "Exposures : Confirmed COVID-19 pneumonia .", "Evidence Elements": {"Participant": [{"term": "Confirmed COVID-19", "negation": "affirmed", "UMLS": "", "start": 12, "end": 30}], "Intervention": [], "Outcome": []}, "Evidence Propositions": []}, {"Section": "METHODS", "Text": "Main Outcomes and Measures : The development of ARDS and death .", "Evidence Elements": {"Participant": [], "Intervention": [], "Outcome": [{"term": "development of ARDS and", "negation": "affirmed", "UMLS": "", "start": 33, "end": 56}]}, "Evidence Propositions": []}, {"Section": "METHODS", "Text": "Epidemiological , demographic , clinical , laboratory , management , treatment , and outcome data were also collected and analyzed .", "Evidence Elements": {"Participant": [], "Intervention": [], "Outcome": []}, "Evidence Propositions": []}, {"Section": "RESULTS", "Text": "Results : Of 201 patients , the median age was 51 years ( interquartile range , 43-60 years ) , and 128 ( 63.7 % ) patients were men .", "Evidence Elements": {"Participant": [], "Intervention": [], "Outcome": []}, "Evidence Propositions": []}, {"Section": "RESULTS", "Text": "Eighty-four patients ( 41.8 % ) developed ARDS , and of those 84 patients , 44 ( 52.4 % ) died .", "Evidence Elements": {"Participant": [], "Intervention": [], "Outcome": [{"term": "ARDS", "negation": "affirmed", "UMLS": "", "start": 42, "end": 46}]}, "Evidence Propositions": []}, {"Section": "RESULTS", "Text": "In those who developed ARDS , compared with those who did not , more patients presented with dyspnea ( 50 of 84 [ 59.5 % ] patients and 30 of 117 [ 25.6 % ] patients , respectively [ difference , 33.9 % ; 95 % CI , 19.7 % -48.1 % ] ) and had comorbidities such as hypertension ( 23 of 84 [ 27.4 % ] patients and 16 of 117 [ 13.7 % ] patients , respectively [ difference , 13.7 % ; 95 % CI , 1.3 %-26 .", "Evidence Elements": {"Participant": [{"term": "ARDS", "negation": "affirmed", "UMLS": "", "start": 23, "end": 27}, {"term": "dyspnea", "negation": "negated", "UMLS": "", "start": 93, "end": 100}, {"term": "comorbidities", "negation": "negated", "UMLS": "", "start": 242, "end": 255}, {"term": "hypertension", "negation": "negated", "UMLS": "", "start": 264, "end": 276}], "Intervention": [{"term": "not", "negation": "negated", "UMLS": "", "start": 58, "end": 61}], "Outcome": []}, "Evidence Propositions": [{"Intervention": ["not"], "Observation": "", "Count": "more patients", "Outcome": ""}]}, {"Section": "RESULTS", "Text": "In bivariate Cox regression analysis , risk factors associated with the development of ARDS and progression from ARDS to death included older age ( hazard ratio [ HR ] , 3.26 ; 95 % CI 2.08-5.11 ; and HR , 6.17 ; 95 % CI , 3.26-11.67 , respectively ) , neutrophilia ( HR , 1.14 ; 95 % CI , 1.09-1.19 ; and HR , 1.08 ; 95 % CI , 1.01-1.17 , respectively ) ,", "Evidence Elements": {"Participant": [], "Intervention": [], "Outcome": [{"term": "risk factors", "negation": "affirmed", "UMLS": "", "start": 39, "end": 51}, {"term": "development of ARDS", "negation": "affirmed", "UMLS": "", "start": 72, "end": 91}, {"term": "progression from ARDS to death", "negation": "affirmed", "UMLS": "", "start": 96, "end": 126}, {"term": "older age", "negation": "affirmed", "UMLS": "", "start": 136, "end": 145}, {"term": "neutrophilia", "negation": "affirmed", "UMLS": "", "start": 253, "end": 265}]}, "Evidence Propositions": []}, {"Section": "RESULTS", "Text": "High fever ( > =39 C ) was associated with higher likelihood of ARDS development ( HR , 1.77 ; 95 % CI , 1.11-2.84 ) and lower likelihood of death ( HR , 0.41 ; 95 % CI , 0.21-0.82 ) .", "Evidence Elements": {"Participant": [], "Intervention": [{"term": "High fever ( > =39 C )", "negation": "affirmed", "UMLS": "", "start": 0, "end": 22}], "Outcome": [{"term": "likelihood of ARDS development", "negation": "affirmed", "UMLS": "", "start": 50, "end": 80}]}, "Evidence Propositions": []}, {"Section": "RESULTS", "Text": "Among patients with ARDS , treatment with methylprednisolone decreased the risk of death ( HR , 0.38 ; 95 % CI , 0.20-0.72 ) .", "Evidence Elements": {"Participant": [{"term": "ARDS", "negation": "affirmed", "UMLS": "", "start": 20, "end": 24}], "Intervention": [{"term": "methylprednisolone", "negation": "affirmed", "UMLS": "", "start": 42, "end": 60}], "Outcome": [{"term": "risk of death", "negation": "affirmed", "UMLS": "", "start": 75, "end": 88}]}, "Evidence Propositions": []}, {"Section": "RESULTS", "Text": "Conclusions and Relevance : Older age was associated with greater risk of development of ARDS and death likely owing to less rigorous immune response .", "Evidence Elements": {"Participant": [], "Intervention": [{"term": "Older age", "negation": "affirmed", "UMLS": "", "start": 28, "end": 37}], "Outcome": [{"term": "risk of development of ARDS", "negation": "affirmed", "UMLS": "", "start": 66, "end": 93}, {"term": "death", "negation": "affirmed", "UMLS": "", "start": 98, "end": 103}]}, "Evidence Propositions": [{"Intervention": [], "Observation": "greater", "Outcome": "", "Count": ""}, {"Intervention": ["Older age"], "Observation": "less", "Outcome": "", "Count": ""}]}, {"Section": "RESULTS", "Text": "Although high fever was associated with the development of ARDS , it was also associated with better outcomes among patients with ARDS .", "Evidence Elements": {"Participant": [], "Intervention": [{"term": "high fever", "negation": "affirmed", "UMLS": "", "start": 9, "end": 19}], "Outcome": [{"term": "development of ARDS", "negation": "affirmed", "UMLS": "", "start": 44, "end": 63}, {"term": "outcomes", "negation": "affirmed", "UMLS": "", "start": 101, "end": 109}]}, "Evidence Propositions": []}, {"Section": "CONCLUSIONS", "Text": "Moreover , treatment with methylprednisolone may be beneficial for patients who develop ARDS .", "Evidence Elements": {"Participant": [], "Intervention": [{"term": "methylprednisolone", "negation": "affirmed", "UMLS": "", "start": 26, "end": 44}], "Outcome": []}, "Evidence Propositions": []}]}