{"doc_id": "32160149", "type of study": "Therapy", "title": "", "abstract": "The etiologic agent of an outbreak of pneumonia in Wuhan, China, was identified as severe acute respiratory syndrome coronavirus 2 in January 2020.\nA patient in the United States was given a diagnosis of infection with this virus by the state of Washington and the US Centers for Disease Control and Prevention on January 20, 2020.\nWe isolated virus from nasopharyngeal and oropharyngeal specimens from this patient and characterized the viral sequence, replication properties, and cell culture tropism.\nWe found that the virus replicates to high titer in Vero-CCL81 cells and Vero E6 cells in the absence of trypsin.\nWe also deposited the virus into 2 virus repositories, making it broadly available to the public health and research communities.\nWe hope that open access to this reagent will expedite development of medical countermeasures.\n", "Evidence Map": {"Enrollment": [], "Comparison Results": [], "Study Arm 1 Results": [], "Study Arm 2 Results": []}, "Sentence-level breakdown": [{"Section": "TITLE", "Text": "The etiologic agent of an outbreak of pneumonia in Wuhan , China , was identified as severe acute respiratory syndrome coronavirus 2 in January 2020 .", "Evidence Elements": {"Participant": [], "Intervention": [], "Outcome": []}, "Evidence Propositions": []}, {"Section": "METHODS", "Text": "A patient in the United States was given a diagnosis of infection with this virus by the state of Washington and the US Centers for Disease Control and Prevention on January 20 , 2020 .", "Evidence Elements": {"Participant": [], "Intervention": [], "Outcome": []}, "Evidence Propositions": []}, {"Section": "METHODS", "Text": "We isolated virus from nasopharyngeal and oropharyngeal specimens from this patient and characterized the viral sequence , replication properties , and cell culture tropism .", "Evidence Elements": {"Participant": [], "Intervention": [], "Outcome": [{"term": "virus", "negation": "affirmed", "UMLS": "", "start": 12, "end": 17}, {"term": "viral sequence", "negation": "affirmed", "UMLS": "", "start": 106, "end": 120}, {"term": "replication properties", "negation": "affirmed", "UMLS": "", "start": 123, "end": 145}, {"term": "cell", "negation": "affirmed", "UMLS": "", "start": 152, "end": 156}]}, "Evidence Propositions": []}, {"Section": "RESULTS", "Text": "We found that the virus replicates to high titer in Vero-CCL81 cells and Vero E6 cells in the absence of trypsin .", "Evidence Elements": {"Participant": [], "Intervention": [{"term": "Vero-CCL81", "negation": "affirmed", "UMLS": "", "start": 52, "end": 62}, {"term": "Vero", "negation": "affirmed", "UMLS": "", "start": 52, "end": 56}, {"term": "absence of trypsin", "negation": "affirmed", "UMLS": "", "start": 94, "end": 112}], "Outcome": [{"term": "virus replicates", "negation": "affirmed", "UMLS": "", "start": 18, "end": 34}]}, "Evidence Propositions": [{"Intervention": "Vero-CCL81", "Observation": "high titer", "Outcome": "virus replicates", "Count": ""}, {"Intervention": "absence of trypsin", "Observation": "high titer", "Outcome": "virus replicates", "Count": ""}]}, {"Section": "RESULTS", "Text": "We also deposited the virus into 2 virus repositories , making it broadly available to the public health and research communities .", "Evidence Elements": {"Participant": [], "Intervention": [], "Outcome": []}, "Evidence Propositions": []}, {"Section": "CONCLUSIONS", "Text": "We hope that open access to this reagent will expedite development of medical countermeasures .", "Evidence Elements": {"Participant": [], "Intervention": [], "Outcome": []}, "Evidence Propositions": []}]}