{"doc_id": "32165541", "type of study": "Therapy", "title": "", "abstract": "A novel betacoronavirus, severe acute respiratory syndrome coronavirus 2 (SARS-CoV-2), which caused a large respiratory outbreak in Wuhan, China in December 2019, is currently spreading across many countries globally.\nHere, we show that a TMPRSS2-expressing VeroE6 cell line is highly susceptible to SARS-CoV-2 infection, making it useful for isolating and propagating SARS-CoV-2.\nOur results reveal that, in common with SARS- and Middle East respiratory syndrome-CoV, SARS-CoV-2 infection is enhanced by TMPRSS2.\n", "Evidence Map": {"Enrollment": [{"term": "SARS- and Middle East respiratory syndrome-CoV", "negation": "affirmed", "UMLS": "", "start": 41, "end": 87}], "Comparison Results": [], "Study Arm 1 Results": [], "Study Arm 2 Results": []}, "Sentence-level breakdown": [{"Section": "TITLE", "Text": "A novel betacoronavirus , severe acute respiratory syndrome coronavirus 2 ( SARS-CoV-2 ) , which caused a large respiratory outbreak in Wuhan , China in December 2019 , is currently spreading across many countries globally .", "Evidence Elements": {"Participant": [], "Intervention": [], "Outcome": []}, "Evidence Propositions": []}, {"Section": "CONCLUSIONS", "Text": "Here , we show that a TMPRSS2-expressing VeroE6 cell line is highly susceptible to SARS-CoV-2 infection , making it useful for isolating and propagating SARS-CoV-2 .", "Evidence Elements": {"Participant": [], "Intervention": [{"term": "TMPRSS2-expressing VeroE6 cell line", "negation": "affirmed", "UMLS": "", "start": 22, "end": 57}], "Outcome": [{"term": "SARS-CoV-2 infection", "negation": "affirmed", "UMLS": "", "start": 83, "end": 103}]}, "Evidence Propositions": [{"Intervention": "TMPRSS2-expressing VeroE6 cell line", "Observation": "highly susceptible", "Outcome": "SARS-CoV-2 infection", "Count": ""}]}, {"Section": "CONCLUSIONS", "Text": "Our results reveal that , in common with SARS- and Middle East respiratory syndrome-CoV , SARS-CoV-2 infection is enhanced by TMPRSS2 .", "Evidence Elements": {"Participant": [{"term": "SARS- and Middle East respiratory syndrome-CoV", "negation": "affirmed", "UMLS": "", "start": 41, "end": 87}], "Intervention": [], "Outcome": [{"term": "SARS-CoV-2 infection", "negation": "affirmed", "UMLS": "", "start": 90, "end": 110}]}, "Evidence Propositions": []}]}