{"doc_id": "32162896", "type of study": "Therapy", "title": "", "abstract": "The outbreak of SARS-CoV-2 disease (COVID-19) is currently, March 2020, affecting more than 100,000 people worldwide and, according to the WHO (World Health Organization), a pandemic is shortly expected.\nThe virus infects the lower respiratory tract and causes severe pneumonia and mortality in approximately 10% and 3-5%, respectively, of cases, mainly among the elderly and/or people affected by other diseases.\nAHCC is an alpha-glucan-based standardized mushroom extract that has been extensively investigated as an immunostimulant both in animals and/or in humans affected by West Nile virus, influenza virus, avian influenza virus, hepatitis C virus, papillomavirus, herpes virus, hepatitis B virus and HIV by promoting a regulated and protective immune response.\nAlthough the efficacy of AHCC has not yet been specifically evaluated with respect to SARS-CoV-2 disease, its action in promoting a protective response to a wide range of viral infections, and the current absence of effective vaccines, could support its use in the prevention of diseases provoked by human pathogenic coronavirus, including COVID-19.\n", "Evidence Map": {"Enrollment": [], "Comparison Results": [], "Study Arm 1 Results": [], "Study Arm 2 Results": []}, "Sentence-level breakdown": [{"Section": "TITLE", "Text": "The outbreak of SARS-CoV-2 disease ( COVID-19 ) is currently , March 2020 , affecting more than 100,000 people worldwide and , according to the WHO ( World Health Organization ) , a pandemic is shortly expected .", "Evidence Elements": {"Participant": [], "Intervention": [], "Outcome": []}, "Evidence Propositions": []}, {"Section": "RESULTS", "Text": "The virus infects the lower respiratory tract and causes severe pneumonia and mortality in approximately 10 % and 3-5 % , respectively , of cases , mainly among the elderly and / or people affected by other diseases .", "Evidence Elements": {"Participant": [], "Intervention": [], "Outcome": []}, "Evidence Propositions": []}, {"Section": "CONCLUSIONS", "Text": "AHCC is an alpha-glucan-based standardized mushroom extract that has been extensively investigated as an immunostimulant both in animals and / or in humans affected by West Nile virus , influenza virus , avian influenza virus , hepatitis C virus , papillomavirus , herpes virus , hepatitis B virus and HIV by promoting a regulated and protective immune response .", "Evidence Elements": {"Participant": [], "Intervention": [], "Outcome": []}, "Evidence Propositions": []}, {"Section": "CONCLUSIONS", "Text": "Although the efficacy of AHCC has not yet been specifically evaluated with respect to SARS-CoV-2 disease , its action in promoting a protective response to a wide range of viral infections , and the current absence of effective vaccines , could support its use in the prevention of diseases provoked by human pathogenic coronavirus , including COVID-19 .", "Evidence Elements": {"Participant": [], "Intervention": [], "Outcome": []}, "Evidence Propositions": []}]}