{"doc_id": "32169119", "type of study": "Therapy", "title": "", "abstract": "An acute respiratory disease, caused by a novel coronavirus (SARS-CoV-2, previously known as 2019-nCoV), the coronavirus disease 2019 (COVID-19) has spread throughout China and received worldwide attention.\nOn 30 January 2020, World Health Organization (WHO) officially declared the COVID-19 epidemic as a public health emergency of international concern.\nThe emergence of SARS-CoV-2, since the severe acute respiratory syndrome coronavirus (SARS-CoV) in 2002 and Middle East respiratory syndrome coronavirus (MERS-CoV) in 2012, marked the third introduction of a highly pathogenic and large-scale epidemic coronavirus into the human population in the twenty-first century.\nAs of 1 March 2020, a total of 87,137 confirmed cases globally, 79,968 confirmed in China and 7169 outside of China, with 2977 deaths (3.4%) had been reported by WHO.\nMeanwhile, several independent research groups have identified that SARS-CoV-2 belongs to beta-coronavirus, with highly identical genome to bat coronavirus, pointing to bat as the natural host.\nThe novel coronavirus uses the same receptor, angiotensin-converting enzyme 2 (ACE2) as that for SARS-CoV, and mainly spreads through the respiratory tract.\nImportantly, increasingly evidence showed sustained human-to-human transmission, along with many exported cases across the globe.\nThe clinical symptoms of COVID-19 patients include fever, cough, fatigue and a small population of patients appeared gastrointestinal infection symptoms.\nThe elderly and people with underlying diseases are susceptible to infection and prone to serious outcomes, which may be associated with acute respiratory distress syndrome (ARDS) and cytokine storm.\nCurrently, there are few specific antiviral strategies, but several potent candidates of antivirals and repurposed drugs are under urgent investigation.\nIn this review, we summarized the latest research progress of the epidemiology, pathogenesis, and clinical characteristics of COVID-19, and discussed the current treatment and scientific advancements to combat the epidemic novel coronavirus.\n", "Evidence Map": {"Enrollment": [], "Comparison Results": [], "Study Arm 1 Results": [], "Study Arm 2 Results": []}, "Sentence-level breakdown": [{"Section": "TITLE", "Text": "An acute respiratory disease , caused by a novel coronavirus ( SARS-CoV-2 , previously known as 2019-nCoV ) , the coronavirus disease 2019 ( COVID-19 ) has spread throughout China and received worldwide attention .", "Evidence Elements": {"Participant": [], "Intervention": [], "Outcome": []}, "Evidence Propositions": []}, {"Section": "RESULTS", "Text": "On 30 January 2020 , World Health Organization ( WHO ) officially declared the COVID-19 epidemic as a public health emergency of international concern .", "Evidence Elements": {"Participant": [], "Intervention": [], "Outcome": []}, "Evidence Propositions": []}, {"Section": "RESULTS", "Text": "The emergence of SARS-CoV-2 , since the severe acute respiratory syndrome coronavirus ( SARS-CoV ) in 2002 and Middle East respiratory syndrome coronavirus ( MERS-CoV ) in 2012 , marked the third introduction of a highly pathogenic and large-scale epidemic coronavirus into the human population in the twenty-first century .", "Evidence Elements": {"Participant": [], "Intervention": [], "Outcome": []}, "Evidence Propositions": []}, {"Section": "RESULTS", "Text": "As of 1 March 2020 , a total of 87,137 confirmed cases globally , 79,968 confirmed in China and 7169 outside of China , with 2977 deaths ( 3.4 % ) had been reported by WHO .", "Evidence Elements": {"Participant": [], "Intervention": [], "Outcome": [{"term": "deaths", "negation": "affirmed", "UMLS": "", "start": 130, "end": 136}]}, "Evidence Propositions": []}, {"Section": "RESULTS", "Text": "Meanwhile , several independent research groups have identified that SARS-CoV-2 belongs to beta-coronavirus , with highly identical genome to bat coronavirus , pointing to bat as the natural host .", "Evidence Elements": {"Participant": [], "Intervention": [], "Outcome": []}, "Evidence Propositions": []}, {"Section": "RESULTS", "Text": "The novel coronavirus uses the same receptor , angiotensin-converting enzyme 2 ( ACE2 ) as that for SARS-CoV , and mainly spreads through the respiratory tract .", "Evidence Elements": {"Participant": [], "Intervention": [], "Outcome": []}, "Evidence Propositions": []}, {"Section": "RESULTS", "Text": "Importantly , increasingly evidence showed sustained human-to-human transmission , along with many exported cases across the globe .", "Evidence Elements": {"Participant": [], "Intervention": [], "Outcome": []}, "Evidence Propositions": []}, {"Section": "RESULTS", "Text": "The clinical symptoms of COVID-19 patients include fever , cough , fatigue and a small population of patients appeared gastrointestinal infection symptoms .", "Evidence Elements": {"Participant": [], "Intervention": [], "Outcome": []}, "Evidence Propositions": []}, {"Section": "RESULTS", "Text": "The elderly and people with underlying diseases are susceptible to infection and prone to serious outcomes , which may be associated with acute respiratory distress syndrome ( ARDS ) and cytokine storm .", "Evidence Elements": {"Participant": [], "Intervention": [], "Outcome": []}, "Evidence Propositions": []}, {"Section": "CONCLUSIONS", "Text": "Currently , there are few specific antiviral strategies , but several potent candidates of antivirals and repurposed drugs are under urgent investigation .", "Evidence Elements": {"Participant": [], "Intervention": [], "Outcome": []}, "Evidence Propositions": []}, {"Section": "CONCLUSIONS", "Text": "In this review , we summarized the latest research progress of the epidemiology , pathogenesis , and clinical characteristics of COVID-19 , and discussed the current treatment and scientific advancements to combat the epidemic novel coronavirus .", "Evidence Elements": {"Participant": [], "Intervention": [], "Outcome": []}, "Evidence Propositions": []}]}