{"doc_id": "32171952", "type of study": "Therapy", "title": "", "abstract": "The latest summary of the COVID-19 outbreak in China; There might be an oral-fecal transmission of the virus; Aggregates and consolidates the epidemiology, clinical manifestations, diagnosis, treatments and preventions of this new type of coronavirus.\nThere is a current worldwide outbreak of the novel coronavirus Covid-19 (coronavirus disease 2019; the pathogen called SARS-CoV-2; previously 2019-nCoV), which originated from Wuhan in China and has now spread to 6 continents including 66 countries, as of 24:00 on March 2, 2020.\nGovernments are under increased pressure to stop the outbreak from spiraling into a global health emergency.\nAt this stage, preparedness, transparency, and sharing of information are crucial to risk assessments and beginning outbreak control activities.\nThis information should include reports from outbreak site and from laboratories supporting the investigation.\nThis paper aggregates and consolidates the epidemiology, clinical manifestations, diagnosis, treatments and preventions of this new type of coronavirus.\n", "Evidence Map": {"Enrollment": [], "Comparison Results": [], "Study Arm 1 Results": [], "Study Arm 2 Results": []}, "Sentence-level breakdown": [{"Section": "TITLE", "Text": "The latest summary of the COVID-19 outbreak in China ; There might be an oral-fecal transmission of the virus ; Aggregates and consolidates the epidemiology , clinical manifestations , diagnosis , treatments and preventions of this new type of coronavirus .", "Evidence Elements": {"Participant": [], "Intervention": [], "Outcome": []}, "Evidence Propositions": []}, {"Section": "RESULTS", "Text": "This information should include reports from outbreak site and from laboratories supporting the investigation .", "Evidence Elements": {"Participant": [], "Intervention": [], "Outcome": []}, "Evidence Propositions": []}, {"Section": "CONCLUSIONS", "Text": "This paper aggregates and consolidates the epidemiology , clinical manifestations , diagnosis , treatments and preventions of this new type of coronavirus .", "Evidence Elements": {"Participant": [], "Intervention": [], "Outcome": []}, "Evidence Propositions": []}]}