{"doc_id": "32172669", "type of study": "Therapy", "title": "", "abstract": "Since December 2019, China has been experiencing an outbreak of a new infectious disease caused by severe acute respiratory syndrome coronavirus 2 (SARS-CoV-2).\nThe clinical features include fever, coughing, shortness of breath, and inflammatory lung infiltration.\nChina rapidly listed SARS-CoV-2-related pneumonia as a statutory infectious disease.\nTo standardize the diagnosis and treatment of this new infectious disease, an operational recommendation for the diagnosis and management of SARS-CoV-2 infection is developed by Peking Union Medical College Hospital.\n", "Evidence Map": {"Enrollment": [{"term": "fever", "negation": "affirmed", "UMLS": "", "start": 30, "end": 35}, {"term": "coughing", "negation": "affirmed", "UMLS": "", "start": 38, "end": 46}, {"term": "shortness of breath", "negation": "affirmed", "UMLS": "", "start": 49, "end": 68}], "Comparison Results": [], "Study Arm 1 Results": [], "Study Arm 2 Results": []}, "Sentence-level breakdown": [{"Section": "TITLE", "Text": "Since December 2019 , China has been experiencing an outbreak of a new infectious disease caused by severe acute respiratory syndrome coronavirus 2 ( SARS-CoV-2 ) .", "Evidence Elements": {"Participant": [], "Intervention": [], "Outcome": []}, "Evidence Propositions": []}, {"Section": "OBJECTIVE", "Text": "To standardize the diagnosis and treatment of this new infectious disease , an operational recommendation for the diagnosis and management of SARS-CoV-2 infection is developed by Peking Union Medical College Hospital .", "Evidence Elements": {"Participant": [], "Intervention": [], "Outcome": []}, "Evidence Propositions": []}]}