{"doc_id": "32170865", "type of study": "Therapy", "title": "", "abstract": "In late December 2019, a cluster of unexplained pneumonia cases has been reported in Wuhan, China.\nA few days later, the causative agent of this mysterious pneumonia was identified as a novel coronavirus.\nThis causative virus has been temporarily named as severe acute respiratory syndrome coronavirus 2 and the relevant infected disease has been named as coronavirus disease 2019 (COVID-19) by the World Health Organization, respectively.\nThe COVID-19 epidemic is spreading in China and all over the world now.\nThe purpose of this review is primarily to review the pathogen, clinical features, diagnosis, and treatment of COVID-19, but also to comment briefly on the epidemiology and pathology based on the current evidence.\nThis review is primarily to review the pathogen, clinical features, diagnosis, and treatment of COVID-19, but also to comment briefly on the epidemiology and pathology based on the current evidence.\nWe strongly recommend that the criteria of clinical diagnosed cases based on the symptoms, exposure history, and typical manifestations on chest CT imaging should be used in COVID-19 affected areas that are in shortage of RT-PCR testing kits to control the COVID-19 epidemic.\n", "Evidence Map": {"Enrollment": [{"term": "COVID-19", "negation": "affirmed", "UMLS": "", "start": 114, "end": 122}, {"term": "COVID-19", "negation": "affirmed", "UMLS": "", "start": 99, "end": 107}], "Comparison Results": [], "Study Arm 1 Results": [], "Study Arm 2 Results": []}, "Sentence-level breakdown": [{"Section": "TITLE", "Text": "In late December 2019 , a cluster of unexplained pneumonia cases has been reported in Wuhan , China .", "Evidence Elements": {"Participant": [], "Intervention": [], "Outcome": []}, "Evidence Propositions": []}, {"Section": "OBJECTIVE", "Text": "The purpose of this review is primarily to review the pathogen , clinical features , diagnosis , and treatment of COVID-19 , but also to comment briefly on the epidemiology and pathology based on the current evidence .", "Evidence Elements": {"Participant": [{"term": "COVID-19", "negation": "affirmed", "UMLS": "", "start": 114, "end": 122}], "Intervention": [], "Outcome": []}, "Evidence Propositions": []}, {"Section": "OBJECTIVE", "Text": "This review is primarily to review the pathogen , clinical features , diagnosis , and treatment of COVID-19 , but also to comment briefly on the epidemiology and pathology based on the current evidence .", "Evidence Elements": {"Participant": [{"term": "COVID-19", "negation": "affirmed", "UMLS": "", "start": 99, "end": 107}], "Intervention": [], "Outcome": []}, "Evidence Propositions": []}, {"Section": "CONCLUSIONS", "Text": "We strongly recommend that the criteria of clinical diagnosed cases based on the symptoms , exposure history , and typical manifestations on chest CT imaging should be used in COVID-19 affected areas that are in shortage of RT-PCR testing kits to control the COVID-19 epidemic .", "Evidence Elements": {"Participant": [], "Intervention": [], "Outcome": []}, "Evidence Propositions": []}]}