{"doc_id": "32171740", "type of study": "Therapy", "title": "", "abstract": "Recently, a novel coronavirus (2019-nCoV), officially known as severe acute respiratory syndrome coronavirus 2 (SARS-CoV-2), emerged in China.\nDespite drastic containment measures, the spread of this virus is ongoing.\nSARS-CoV-2 is the aetiological agent of coronavirus disease 2019 (COVID-19) characterised by pulmonary infection in humans.\nThe efforts of international health authorities have since focused on rapid diagnosis and isolation of patients as well as the search for therapies able to counter the most severe effects of the disease.\nIn the absence of a known efficient therapy and because of the situation of a public-health emergency, it made sense to investigate the possible effect of chloroquine/hydroxychloroquine against SARS-CoV-2 since this molecule was previously described as a potent inhibitor of most coronaviruses, including SARS-CoV-1.\nPreliminary trials of chloroquine repurposing in the treatment of COVID-19 in China have been encouraging, leading to several new trials.\nHere we discuss the possible mechanisms of chloroquine interference with the SARS-CoV-2 replication cycle.\n", "Evidence Map": {"Enrollment": [], "Comparison Results": [], "Study Arm 1 Results": [], "Study Arm 2 Results": []}, "Sentence-level breakdown": [{"Section": "TITLE", "Text": "Recently , a novel coronavirus ( 2019-nCoV ) , officially known as severe acute respiratory syndrome coronavirus 2 ( SARS-CoV-2 ) , emerged in China .", "Evidence Elements": {"Participant": [], "Intervention": [], "Outcome": []}, "Evidence Propositions": []}, {"Section": "RESULTS", "Text": "Despite drastic containment measures , the spread of this virus is ongoing .", "Evidence Elements": {"Participant": [], "Intervention": [], "Outcome": []}, "Evidence Propositions": []}, {"Section": "RESULTS", "Text": "SARS-CoV-2 is the aetiological agent of coronavirus disease 2019 ( COVID-19 ) characterised by pulmonary infection in humans .", "Evidence Elements": {"Participant": [], "Intervention": [], "Outcome": []}, "Evidence Propositions": []}, {"Section": "RESULTS", "Text": "The efforts of international health authorities have since focused on rapid diagnosis and isolation of patients as well as the search for therapies able to counter the most severe effects of the disease .", "Evidence Elements": {"Participant": [], "Intervention": [], "Outcome": []}, "Evidence Propositions": []}, {"Section": "RESULTS", "Text": "In the absence of a known efficient therapy and because of the situation of a public-health emergency , it made sense to investigate the possible effect of chloroquine / hydroxychloroquine against SARS-CoV-2 since this molecule was previously described as a potent inhibitor of most coronaviruses , including SARS-CoV-1 .", "Evidence Elements": {"Participant": [], "Intervention": [{"term": "hydroxychloroquine", "negation": "negated", "UMLS": "", "start": 170, "end": 188}], "Outcome": []}, "Evidence Propositions": []}, {"Section": "RESULTS", "Text": "Preliminary trials of chloroquine repurposing in the treatment of COVID-19 in China have been encouraging , leading to several new trials .", "Evidence Elements": {"Participant": [], "Intervention": [], "Outcome": []}, "Evidence Propositions": []}, {"Section": "CONCLUSIONS", "Text": "Here we discuss the possible mechanisms of chloroquine interference with the SARS-CoV-2 replication cycle .", "Evidence Elements": {"Participant": [], "Intervention": [{"term": "chloroquine", "negation": "affirmed", "UMLS": "", "start": 43, "end": 54}], "Outcome": [{"term": "SARS-CoV-2 replication cycle", "negation": "affirmed", "UMLS": "", "start": 77, "end": 105}]}, "Evidence Propositions": []}]}