{"doc_id": "32171190", "type of study": "Therapy", "title": "", "abstract": "Objective: To analyze the clinical characteristics of the severe or critically ill patients with novel coronavirus pneumonia (COVID-19), and evaluate the impact of complicated myocardial injury on the prognosis of these patients.\nMethods: A retrospective study was conducted in 54 patients who admitted to Tongji hospital from February 3, 2020 to February 24, 2020 and met the criteria of severe or critical conditions of COVID-19.\nThe clinical characteristics and hospital mortality rate were analyzed and compared between the patients with or without myocardial injury, which was defined with 3 times higher serum cardiac troponin value.\nResults: The age of the 54 patients was 68.0(59.8, 74.3) years.\nAmong all the patients, 24 (44.4%) patients were complicated with hypertension, 13 (24.1%) with diabetes, 8 (14.8%) with coronary heart disease, and 3 (5.6%) with previous cerebral infarction.\nDuring hospitalization, 24 (44.4%) of the patients were complicated with myocardial injury and 26 (48.1%) patients died in hospital.\nIn-hospital mortality was significantly higher in patients with myocardial injury than in patients without myocardial injury (14 (60.9%) vs. 8 (25.8%), P=0.013).\nMoreover, the levels of C-reactive protein (153.6 (80.3, 240.7) ng/L vs. 49.8 (15.9, 101.9) ng/L) and N-terminal pro-B-type natriuretic peptide (852.0 (400.0, 2 315.3) ng/L vs. 197.0 (115.3, 631.0) ng/L) were significantly higher than patients without myocardial injury (all P<0.01).\nConclusions: Prevalence of myocardial injury is high among severe or critically ill COVID-19 patients.\nSevere or critically ill COVID-19 patients with myocardial injury face a significantly higher risk of in-hospital mortality.\nThe study suggests that it is important to monitor and manage the myocardial injury during hospitalization for severe or critically ill COVID-19 patients.\n", "Evidence Map": {"Enrollment": [{"term": "severe or critically ill patients", "negation": "affirmed", "UMLS": "", "start": 59, "end": 92}, {"term": "novel coronavirus pneumonia ( COVID-19 )", "negation": "affirmed", "UMLS": "", "start": 98, "end": 138}, {"term": "complicated myocardial injury", "negation": "affirmed", "UMLS": "", "start": 168, "end": 197}, {"term": "hospital", "negation": "affirmed", "UMLS": "", "start": 84, "end": 92}, {"term": "severe or critical", "negation": "affirmed", "UMLS": "", "start": 162, "end": 180}, {"term": "complicated with hypertension", "negation": "affirmed", "UMLS": "", "start": 53, "end": 82}, {"term": "diabetes", "negation": "affirmed", "UMLS": "", "start": 104, "end": 112}, {"term": "severe or critically ill COVID-19", "negation": "affirmed", "UMLS": "", "start": 60, "end": 93}, {"term": "Severe or critically ill COVID-19", "negation": "affirmed", "UMLS": "", "start": 0, "end": 33}, {"term": "myocardial injury", "negation": "affirmed", "UMLS": "", "start": 48, "end": 65}, {"term": "hospitalization", "negation": "affirmed", "UMLS": "", "start": 91, "end": 106}, {"term": "severe or critically ill COVID-19", "negation": "affirmed", "UMLS": "", "start": 111, "end": 144}], "Comparison Results": [], "Study Arm 1 Results": [], "Study Arm 2 Results": []}, "Sentence-level breakdown": [{"Section": "TITLE", "Text": "Objective : To analyze the clinical characteristics of the severe or critically ill patients with novel coronavirus pneumonia ( COVID-19 ) , and evaluate the impact of complicated myocardial injury on the prognosis of these patients .", "Evidence Elements": {"Participant": [{"term": "severe or critically ill patients", "negation": "affirmed", "UMLS": "", "start": 59, "end": 92}, {"term": "novel coronavirus pneumonia ( COVID-19 )", "negation": "affirmed", "UMLS": "", "start": 98, "end": 138}, {"term": "complicated myocardial injury", "negation": "affirmed", "UMLS": "", "start": 168, "end": 197}], "Intervention": [], "Outcome": [{"term": "clinical characteristics", "negation": "affirmed", "UMLS": "", "start": 27, "end": 51}]}, "Evidence Propositions": []}, {"Section": "METHODS", "Text": "Methods : A retrospective study was conducted in 54 patients who admitted to Tongji hospital from February 3 , 2020 to February 24 , 2020 and met the criteria of severe or critical conditions of COVID-19 .", "Evidence Elements": {"Participant": [{"term": "hospital", "negation": "affirmed", "UMLS": "", "start": 84, "end": 92}, {"term": "severe or critical", "negation": "affirmed", "UMLS": "", "start": 162, "end": 180}], "Intervention": [], "Outcome": []}, "Evidence Propositions": []}, {"Section": "METHODS", "Text": "The clinical characteristics and hospital mortality rate were analyzed and compared between the patients with or without myocardial injury , which was defined with 3 times higher serum cardiac troponin value .", "Evidence Elements": {"Participant": [], "Intervention": [{"term": "with or without myocardial injury", "negation": "affirmed", "UMLS": "", "start": 105, "end": 138}], "Outcome": [{"term": "clinical characteristics", "negation": "affirmed", "UMLS": "", "start": 4, "end": 28}, {"term": "hospital mortality rate", "negation": "affirmed", "UMLS": "", "start": 33, "end": 56}]}, "Evidence Propositions": []}, {"Section": "RESULTS", "Text": "Results : The age of the 54 patients was 68.0 ( 59.8 , 74.3 ) years .", "Evidence Elements": {"Participant": [], "Intervention": [], "Outcome": []}, "Evidence Propositions": []}, {"Section": "RESULTS", "Text": "Among all the patients , 24 ( 44.4 % ) patients were complicated with hypertension , 13 ( 24.1 % ) with diabetes , 8 ( 14.8 % ) with coronary heart disease , and 3 ( 5.6 % ) with previous cerebral infarction .", "Evidence Elements": {"Participant": [{"term": "complicated with hypertension", "negation": "affirmed", "UMLS": "", "start": 53, "end": 82}, {"term": "diabetes", "negation": "affirmed", "UMLS": "", "start": 104, "end": 112}], "Intervention": [], "Outcome": []}, "Evidence Propositions": []}, {"Section": "RESULTS", "Text": "During hospitalization , 24 ( 44.4 % ) of the patients were complicated with myocardial injury and 26 ( 48.1 % ) patients died in hospital .", "Evidence Elements": {"Participant": [], "Intervention": [], "Outcome": [{"term": "complicated with myocardial injury", "negation": "affirmed", "UMLS": "", "start": 60, "end": 94}]}, "Evidence Propositions": []}, {"Section": "RESULTS", "Text": "In-hospital mortality was significantly higher in patients with myocardial injury than in patients without myocardial injury ( 14 ( 60.9 % ) vs . 8 ( 25.8 % ) , P = 0.013 ) .", "Evidence Elements": {"Participant": [], "Intervention": [{"term": "myocardial injury", "negation": "negated", "UMLS": "", "start": 64, "end": 81}, {"term": "without myocardial injury", "negation": "affirmed", "UMLS": "", "start": 99, "end": 124}], "Outcome": [{"term": "In-hospital mortality", "negation": "affirmed", "UMLS": "", "start": 0, "end": 21}]}, "Evidence Propositions": [{"Intervention": ["myocardial injury", "without myocardial injury"], "Observation": "significantly higher", "Outcome": "In-hospital mortality", "Count": ""}, {"Intervention": "myocardial injury", "Observation": "14 ( 60.9 % )", "Outcome": "In-hospital mortality", "Count": ""}, {"Intervention": "without myocardial injury", "Observation": "14 ( 60.9 % )", "Outcome": "In-hospital mortality", "Count": ""}]}, {"Section": "RESULTS", "Text": "Moreover , the levels of C-reactive protein ( 153.6 ( 80.3 , 240.7 ) ng / L vs . 49.8 ( 15.9 , 101.9 ) ng / L ) and N-terminal pro-B-type natriuretic peptide ( 852.0 ( 400.0 , 2 315.3 ) ng / L vs . 197.0 ( 115.3 , 631.0 ) ng / L ) were significantly higher than patients without myocardial injury ( all P < 0.01 ) .", "Evidence Elements": {"Participant": [], "Intervention": [], "Outcome": [{"term": "levels of C-reactive protein", "negation": "affirmed", "UMLS": "", "start": 15, "end": 43}, {"term": "and N-terminal pro-B-type natriuretic peptide", "negation": "affirmed", "UMLS": "", "start": 112, "end": 157}]}, "Evidence Propositions": []}, {"Section": "CONCLUSIONS", "Text": "Conclusions : Prevalence of myocardial injury is high among severe or critically ill COVID-19 patients .", "Evidence Elements": {"Participant": [{"term": "severe or critically ill COVID-19", "negation": "affirmed", "UMLS": "", "start": 60, "end": 93}], "Intervention": [], "Outcome": [{"term": "Prevalence of myocardial injury", "negation": "affirmed", "UMLS": "", "start": 14, "end": 45}]}, "Evidence Propositions": []}, {"Section": "CONCLUSIONS", "Text": "Severe or critically ill COVID-19 patients with myocardial injury face a significantly higher risk of in-hospital mortality .", "Evidence Elements": {"Participant": [{"term": "Severe or critically ill COVID-19", "negation": "affirmed", "UMLS": "", "start": 0, "end": 33}, {"term": "myocardial injury", "negation": "affirmed", "UMLS": "", "start": 48, "end": 65}], "Intervention": [], "Outcome": [{"term": "risk of in-hospital mortality", "negation": "affirmed", "UMLS": "", "start": 94, "end": 123}]}, "Evidence Propositions": []}, {"Section": "CONCLUSIONS", "Text": "The study suggests that it is important to monitor and manage the myocardial injury during hospitalization for severe or critically ill COVID-19 patients .", "Evidence Elements": {"Participant": [{"term": "hospitalization", "negation": "affirmed", "UMLS": "", "start": 91, "end": 106}, {"term": "severe or critically ill COVID-19", "negation": "affirmed", "UMLS": "", "start": 111, "end": 144}], "Intervention": [], "Outcome": [{"term": "myocardial injury", "negation": "affirmed", "UMLS": "", "start": 66, "end": 83}]}, "Evidence Propositions": []}]}