{"doc_id": "32174096", "type of study": "Therapy", "title": "", "abstract": "Objective: To explore the management strategies for patients with gynecological malignant tumors during the outbreak and transmission of COVID-19.\nMethods: We retrospectively analyzed the clinical characteristics, treatment, and disease outcomes of three patients with gynecological malignancies associated with COVID-19 in Renmin Hospital of Wuhan University, and proposed management strategies for patients with gynecological tumors underriskof COVID-19.\nResults: Based on the national diagnosis and treatment protocol as well as research progress for COVID-19, three patients with COVID-19 were treated.\nMeanwhile, they were also appropriately adjusted the treatment plan in accordance with the clinical guidelines for gynecological tumors.\nPneumonia was cured in 2 patients, and one patient died of COVID-19.\nConclusions: Patients with gynecological malignant tumors are high-risk groups prone to COVID-19, and gynecological oncologists need to carry out education, prevention, control and treatment according to specific conditions.\nWhile, actively preventing and controlling COVID-19, the diagnosis and treatment of gynecological malignant tumors should be carried out in an orderly and safe manner.\n", "Evidence Map": {"Enrollment": [{"term": "gynecological malignant tumors", "negation": "affirmed", "UMLS": "", "start": 67, "end": 97}, {"term": "gynecological malignancies", "negation": "affirmed", "UMLS": "", "start": 125, "end": 151}, {"term": "COVID-19", "negation": "affirmed", "UMLS": "", "start": 168, "end": 176}, {"term": "COVID-19", "negation": "affirmed", "UMLS": "", "start": 98, "end": 106}, {"term": "COVID-19", "negation": "affirmed", "UMLS": "", "start": 98, "end": 106}, {"term": "gynecological", "negation": "affirmed", "UMLS": "", "start": 116, "end": 129}], "Comparison Results": [], "Study Arm 1 Results": [], "Study Arm 2 Results": []}, "Sentence-level breakdown": [{"Section": "TITLE", "Text": "Objective : To explore the management strategies for patients with gynecological malignant tumors during the outbreak and transmission of COVID-19 .", "Evidence Elements": {"Participant": [{"term": "gynecological malignant tumors", "negation": "affirmed", "UMLS": "", "start": 67, "end": 97}], "Intervention": [], "Outcome": []}, "Evidence Propositions": []}, {"Section": "METHODS", "Text": "Methods : We retrospectively analyzed the clinical characteristics , treatment , and disease outcomes of three patients with gynecological malignancies associated with COVID-19 in Renmin Hospital of Wuhan University , and proposed management strategies for patients with gynecological tumors underriskof COVID-19 .", "Evidence Elements": {"Participant": [{"term": "gynecological malignancies", "negation": "affirmed", "UMLS": "", "start": 125, "end": 151}, {"term": "COVID-19", "negation": "affirmed", "UMLS": "", "start": 168, "end": 176}], "Intervention": [], "Outcome": [{"term": "clinical characteristics", "negation": "affirmed", "UMLS": "", "start": 42, "end": 66}, {"term": "treatment", "negation": "affirmed", "UMLS": "", "start": 69, "end": 78}, {"term": "disease outcomes", "negation": "affirmed", "UMLS": "", "start": 85, "end": 101}, {"term": "management", "negation": "affirmed", "UMLS": "", "start": 231, "end": 241}]}, "Evidence Propositions": []}, {"Section": "RESULTS", "Text": "Results : Based on the national diagnosis and treatment protocol as well as research progress for COVID-19 , three patients with COVID-19 were treated .", "Evidence Elements": {"Participant": [{"term": "COVID-19", "negation": "affirmed", "UMLS": "", "start": 98, "end": 106}, {"term": "COVID-19", "negation": "affirmed", "UMLS": "", "start": 98, "end": 106}], "Intervention": [], "Outcome": []}, "Evidence Propositions": []}, {"Section": "RESULTS", "Text": "Meanwhile , they were also appropriately adjusted the treatment plan in accordance with the clinical guidelines for gynecological tumors .", "Evidence Elements": {"Participant": [{"term": "gynecological", "negation": "affirmed", "UMLS": "", "start": 116, "end": 129}], "Intervention": [], "Outcome": []}, "Evidence Propositions": []}, {"Section": "RESULTS", "Text": "Pneumonia was cured in 2 patients , and one patient died of COVID-19 .", "Evidence Elements": {"Participant": [], "Intervention": [], "Outcome": [{"term": "Pneumonia", "negation": "affirmed", "UMLS": "", "start": 0, "end": 9}, {"term": "cured", "negation": "affirmed", "UMLS": "", "start": 14, "end": 19}, {"term": "died of", "negation": "affirmed", "UMLS": "", "start": 52, "end": 59}]}, "Evidence Propositions": []}, {"Section": "CONCLUSIONS", "Text": "Conclusions : Patients with gynecological malignant tumors are high-risk groups prone to COVID-19 , and gynecological oncologists need to carry out education , prevention , control and treatment according to specific conditions .", "Evidence Elements": {"Participant": [], "Intervention": [], "Outcome": []}, "Evidence Propositions": []}, {"Section": "CONCLUSIONS", "Text": "While , actively preventing and controlling COVID-19 , the diagnosis and treatment of gynecological malignant tumors should be carried out in an orderly and safe manner .", "Evidence Elements": {"Participant": [], "Intervention": [], "Outcome": []}, "Evidence Propositions": []}]}