{"doc_id": "32171193", "type of study": "Therapy", "title": "", "abstract": "Coronavirus-19 (COVI-19) involves humans as well as animals and may cause serious damage to the respiratory tract, including the lung: coronavirus disease (COVID-19).\nThis pathogenic virus has been identified in swabs performed on the throat and nose of patients who suffer from or are suspected of the disease.\nWhen COVI-19 infect the upper and lower respiratory tract it can cause mild or highly acute respiratory syndrome with consequent release of pro-inflammatory cytokines, including interleukin (IL)-1beta and IL-6.\nThe binding of COVI-19 to the Toll Like Receptor (TLR) causes the release of pro-IL-1beta which is cleaved by caspase-1, followed by inflammasome activation and production of active mature IL-1beta which is a mediator of lung inflammation, fever and fibrosis.\nSuppression of pro-inflammatory IL-1 family members and IL-6 have been shown to have a therapeutic effect in many inflammatory diseases, including viral infections.\nCytokine IL-37 has the ability to suppress innate and acquired immune response and also has the capacity to inhibit inflammation by acting on IL-18Ralpha receptor.\nIL-37 performs its immunosuppressive activity by acting on mTOR and increasing the adenosine monophosphate (AMP) kinase.\nThis cytokine inhibits class II histocompatibility complex (MHC) molecules and inflammation in inflammatory diseases by suppressing MyD88 and subsequently IL-1beta, IL-6, TNF and CCL2.\nThe suppression of IL-1beta by IL-37 in inflammatory state induced by coronavirus-19 can have a new therapeutic effect previously unknown.\nAnother inhibitory cytokine is IL-38, the newest cytokine of the IL-1 family members, produced by several immune cells including B cells and macrophages.\nIL-38 is also a suppressor cytokine which inhibits IL-1beta and other pro-inflammatory IL-family members.\nIL-38 is a potential therapeutic cytokine which inhibits inflammation in viral infections including that caused by coronavirus-19, providing a new relevant strategy.\n", "Evidence Map": {"Enrollment": [], "Comparison Results": [], "Study Arm 1 Results": [], "Study Arm 2 Results": []}, "Sentence-level breakdown": [{"Section": "TITLE", "Text": "Coronavirus-19 ( COVI-19 ) involves humans as well as animals and may cause serious damage to the respiratory tract , including the lung : coronavirus disease ( COVID-19 ) .", "Evidence Elements": {"Participant": [], "Intervention": [], "Outcome": []}, "Evidence Propositions": []}, {"Section": "RESULTS", "Text": "When COVI-19 infect the upper and lower respiratory tract it can cause mild or highly acute respiratory syndrome with consequent release of pro-inflammatory cytokines , including interleukin ( IL ) -1beta and IL-6 .", "Evidence Elements": {"Participant": [], "Intervention": [], "Outcome": []}, "Evidence Propositions": []}, {"Section": "RESULTS", "Text": "The binding of COVI-19 to the Toll Like Receptor ( TLR ) causes the release of pro-IL-1beta which is cleaved by caspase-1 , followed by inflammasome activation and production of active mature IL-1beta which is a mediator of lung inflammation , fever and fibrosis .", "Evidence Elements": {"Participant": [], "Intervention": [], "Outcome": []}, "Evidence Propositions": []}, {"Section": "RESULTS", "Text": "Suppression of pro-inflammatory IL-1 family members and IL-6 have been shown to have a therapeutic effect in many inflammatory diseases , including viral infections .", "Evidence Elements": {"Participant": [], "Intervention": [], "Outcome": []}, "Evidence Propositions": []}, {"Section": "RESULTS", "Text": "Cytokine IL-37 has the ability to suppress innate and acquired immune response and also has the capacity to inhibit inflammation by acting on IL-18Ralpha receptor .", "Evidence Elements": {"Participant": [], "Intervention": [], "Outcome": []}, "Evidence Propositions": []}, {"Section": "RESULTS", "Text": "IL-37 performs its immunosuppressive activity by acting on mTOR and increasing the adenosine monophosphate ( AMP ) kinase .", "Evidence Elements": {"Participant": [], "Intervention": [], "Outcome": []}, "Evidence Propositions": []}, {"Section": "RESULTS", "Text": "This cytokine inhibits class II histocompatibility complex ( MHC ) molecules and inflammation in inflammatory diseases by suppressing MyD88 and subsequently IL-1beta , IL-6 , TNF and CCL2 .", "Evidence Elements": {"Participant": [], "Intervention": [], "Outcome": []}, "Evidence Propositions": []}, {"Section": "CONCLUSIONS", "Text": "The suppression of IL-1beta by IL-37 in inflammatory state induced by coronavirus-19 can have a new therapeutic effect previously unknown .", "Evidence Elements": {"Participant": [], "Intervention": [], "Outcome": []}, "Evidence Propositions": []}, {"Section": "CONCLUSIONS", "Text": "Another inhibitory cytokine is IL-38 , the newest cytokine of the IL-1 family members , produced by several immune cells including B cells and macrophages .", "Evidence Elements": {"Participant": [], "Intervention": [], "Outcome": []}, "Evidence Propositions": []}, {"Section": "CONCLUSIONS", "Text": "IL-38 is also a suppressor cytokine which inhibits IL-1beta and other pro-inflammatory IL-family members .", "Evidence Elements": {"Participant": [], "Intervention": [], "Outcome": []}, "Evidence Propositions": []}, {"Section": "CONCLUSIONS", "Text": "IL-38 is a potential therapeutic cytokine which inhibits inflammation in viral infections including that caused by coronavirus-19 , providing a new relevant strategy .", "Evidence Elements": {"Participant": [], "Intervention": [], "Outcome": []}, "Evidence Propositions": []}]}