{"doc_id": "32173110", "type of study": "Therapy", "title": "", "abstract": "COVID-19 (coronavirus disease 2019) is a public health emergency of international concern.\nAs of this time, there is no known effective pharmaceutical treatment, although it is much needed for patient contracting the severe form of the disease.\nThe aim of this systematic review was to summarize the evidence regarding chloroquine for the treatment of COVID-19.\nPubMed, EMBASE, and three trial Registries were searched for studies on the use of chloroquine in patients with COVID-19.\nWe included six articles (one narrative letter, one in-vitro study, one editorial, expert consensus paper, two national guideline documents) and 23 ongoing clinical trials in China.\nChloroquine seems to be effective in limiting the replication of SARS-CoV-2 (virus causing COVID-19) in vitro.\nThere is rationale, pre-clinical evidence of effectiveness and evidence of safety from long-time clinical use for other indications to justify clinical research on chloroquine in patients with COVID-19.\nHowever, clinical use should either adhere to the Monitored Emergency Use of Unregistered Interventions (MEURI) framework or be ethically approved as a trial as stated by the World Health Organization.\nSafety data and data from high-quality clinical trials are urgently needed.\nNo specific pharmacological treatments are available to date for COVID-19.\nChloroquine is a widely used, safe and cheap, effective in viral infections in pre-clinical studies.\nSpecific pre-clinical evidence and expert opinions suggest potential use against SARS-CoV-2.\nA search in trial registries shows that 23 clinical trials are ongoing in China.\nThere is a urgent need of high-quality clinical data from different geographic areas.\n", "Evidence Map": {"Enrollment": [{"term": "COVID-19", "negation": "affirmed", "UMLS": "", "start": 107, "end": 115}], "Comparison Results": [], "Study Arm 1 Results": [], "Study Arm 2 Results": []}, "Sentence-level breakdown": [{"Section": "TITLE", "Text": "COVID-19 ( coronavirus disease 2019 ) is a public health emergency of international concern .", "Evidence Elements": {"Participant": [], "Intervention": [], "Outcome": []}, "Evidence Propositions": []}, {"Section": "OBJECTIVE", "Text": "The aim of this systematic review was to summarize the evidence regarding chloroquine for the treatment of COVID-19 .", "Evidence Elements": {"Participant": [{"term": "COVID-19", "negation": "affirmed", "UMLS": "", "start": 107, "end": 115}], "Intervention": [{"term": "chloroquine", "negation": "affirmed", "UMLS": "", "start": 74, "end": 85}], "Outcome": []}, "Evidence Propositions": []}, {"Section": "METHODS", "Text": "PubMed , EMBASE , and three trial Registries were searched for studies on the use of chloroquine in patients with COVID-19 .", "Evidence Elements": {"Participant": [], "Intervention": [{"term": "chloroquine", "negation": "affirmed", "UMLS": "", "start": 85, "end": 96}], "Outcome": []}, "Evidence Propositions": []}, {"Section": "METHODS", "Text": "We included six articles ( one narrative letter , one in-vitro study , one editorial , expert consensus paper , two national guideline documents ) and 23 ongoing clinical trials in China .", "Evidence Elements": {"Participant": [], "Intervention": [], "Outcome": []}, "Evidence Propositions": []}, {"Section": "RESULTS", "Text": "Chloroquine seems to be effective in limiting the replication of SARS-CoV-2 ( virus causing COVID-19 ) in vitro .", "Evidence Elements": {"Participant": [], "Intervention": [{"term": "Chloroquine", "negation": "affirmed", "UMLS": "", "start": 0, "end": 11}], "Outcome": [{"term": "replication of SARS-CoV-2", "negation": "affirmed", "UMLS": "", "start": 50, "end": 75}]}, "Evidence Propositions": [{"Intervention": "Chloroquine", "Observation": "limiting", "Outcome": "replication of SARS-CoV-2", "Count": ""}]}, {"Section": "RESULTS", "Text": "There is rationale , pre-clinical evidence of effectiveness and evidence of safety from long-time clinical use for other indications to justify clinical research on chloroquine in patients with COVID-19 .", "Evidence Elements": {"Participant": [], "Intervention": [], "Outcome": []}, "Evidence Propositions": []}, {"Section": "RESULTS", "Text": "However , clinical use should either adhere to the Monitored Emergency Use of Unregistered Interventions ( MEURI ) framework or be ethically approved as a trial as stated by the World Health Organization .", "Evidence Elements": {"Participant": [], "Intervention": [], "Outcome": []}, "Evidence Propositions": []}, {"Section": "RESULTS", "Text": "Safety data and data from high-quality clinical trials are urgently needed .", "Evidence Elements": {"Participant": [], "Intervention": [], "Outcome": []}, "Evidence Propositions": []}, {"Section": "RESULTS", "Text": "No specific pharmacological treatments are available to date for COVID-19 .", "Evidence Elements": {"Participant": [], "Intervention": [], "Outcome": []}, "Evidence Propositions": []}, {"Section": "RESULTS", "Text": "Chloroquine is a widely used , safe and cheap , effective in viral infections in pre-clinical studies .", "Evidence Elements": {"Participant": [], "Intervention": [], "Outcome": []}, "Evidence Propositions": []}, {"Section": "RESULTS", "Text": "Specific pre-clinical evidence and expert opinions suggest potential use against SARS-CoV-2 .", "Evidence Elements": {"Participant": [], "Intervention": [], "Outcome": []}, "Evidence Propositions": []}, {"Section": "RESULTS", "Text": "A search in trial registries shows that 23 clinical trials are ongoing in China .", "Evidence Elements": {"Participant": [], "Intervention": [], "Outcome": []}, "Evidence Propositions": []}, {"Section": "CONCLUSIONS", "Text": "There is a urgent need of high-quality clinical data from different geographic areas .", "Evidence Elements": {"Participant": [], "Intervention": [], "Outcome": []}, "Evidence Propositions": []}]}