{"doc_id": "32187887", "type of study": "Therapy", "title": "", "abstract": "Since December 2019, patients with unexplained pneumonia have been found in Wuhan City, Hubei Province, China.\nThe pathogen in these cases is a new type of coronavirus.\nThe World Health Organization confirmed this diagnosis and named the pathogen SARSCoV-2.\nThe disease caused by SARSCoV-2 is called Corona Virus Disease (COVID-2019).\nThe virus is highly infectious and pathogenic, causing human-to-human transmission.\nAt present, SARSCoV-2 is still rampant in the world.\nZhengzhou City in Henan Province serves as an example, 102 people have been confirmed to be infected with SARSCoV-2 (at 24:00 on February 5th, 2020), including three children, the youngest is 4 years old.\nFrom the perspective of clinical pediatricians as the first line fighting the epidemic, this paper will discuss the clinical characteristics, prevention and control measures, outcomes, diagnosis, and treatment of pediatric cases.\n", "Evidence Map": {"Enrollment": [{"term": "SARSCoV-2", "negation": "affirmed", "UMLS": "", "start": 107, "end": 116}], "Comparison Results": [], "Study Arm 1 Results": [], "Study Arm 2 Results": []}, "Sentence-level breakdown": [{"Section": "TITLE", "Text": "Since December 2019 , patients with unexplained pneumonia have been found in Wuhan City , Hubei Province , China .", "Evidence Elements": {"Participant": [], "Intervention": [], "Outcome": []}, "Evidence Propositions": []}, {"Section": "RESULTS", "Text": "Zhengzhou City in Henan Province serves as an example , 102 people have been confirmed to be infected with SARSCoV-2 ( at 24:00 on February 5th , 2020 ) , including three children , the youngest is 4 years old .", "Evidence Elements": {"Participant": [{"term": "SARSCoV-2", "negation": "affirmed", "UMLS": "", "start": 107, "end": 116}], "Intervention": [], "Outcome": []}, "Evidence Propositions": []}, {"Section": "CONCLUSIONS", "Text": "From the perspective of clinical pediatricians as the first line fighting the epidemic , this paper will discuss the clinical characteristics , prevention and control measures , outcomes , diagnosis , and treatment of pediatric cases .", "Evidence Elements": {"Participant": [], "Intervention": [], "Outcome": [{"term": "characteristics", "negation": "affirmed", "UMLS": "", "start": 126, "end": 141}, {"term": "prevention and", "negation": "affirmed", "UMLS": "", "start": 144, "end": 158}, {"term": "measures", "negation": "affirmed", "UMLS": "", "start": 167, "end": 175}, {"term": "outcomes", "negation": "affirmed", "UMLS": "", "start": 178, "end": 186}, {"term": "diagnosis", "negation": "affirmed", "UMLS": "", "start": 189, "end": 198}]}, "Evidence Propositions": []}]}