{"doc_id": "32188753", "type of study": "Therapy", "title": "", "abstract": "The recent emergence of severe acute respiratory syndrome coronavirus 2 (SARS-CoV-2) from the Hubei province in China in late 2019 demonstrates the epidemic potential of coronaviruses.\nThe rapid spread of this virus across the world in only 2 months highlights the transmissibility of this family of viruses and the significant morbidity and mortality that they can cause.\nWe highlight the current state of knowledge of coronavirus biology while answering questions concerning the current outbreak of SARS-CoV-2.\nThe recent emergence of severe acute respiratory syndrome coronavirus 2 (SARS-CoV-2) from the Hubei province in China in late 2019 demonstrates the epidemic potential of coronaviruses.\nThe rapid spread of this virus across the world in only 2 months highlights the transmissibility of this family of viruses and the significant morbidity and mortality that they can cause.\nWe highlight the current state of knowledge of coronavirus biology while answering questions concerning the current outbreak of SARS-CoV-2.\n", "Evidence Map": {"Enrollment": [], "Comparison Results": [], "Study Arm 1 Results": [], "Study Arm 2 Results": []}, "Sentence-level breakdown": [{"Section": "TITLE", "Text": "The recent emergence of severe acute respiratory syndrome coronavirus 2 ( SARS-CoV-2 ) from the Hubei province in China in late 2019 demonstrates the epidemic potential of coronaviruses .", "Evidence Elements": {"Participant": [], "Intervention": [], "Outcome": []}, "Evidence Propositions": []}, {"Section": "RESULTS", "Text": "We highlight the current state of knowledge of coronavirus biology while answering questions concerning the current outbreak of SARS-CoV-2 .", "Evidence Elements": {"Participant": [], "Intervention": [], "Outcome": []}, "Evidence Propositions": []}, {"Section": "RESULTS", "Text": "The recent emergence of severe acute respiratory syndrome coronavirus 2 ( SARS-CoV-2 ) from the Hubei province in China in late 2019 demonstrates the epidemic potential of coronaviruses .", "Evidence Elements": {"Participant": [], "Intervention": [], "Outcome": []}, "Evidence Propositions": []}, {"Section": "RESULTS", "Text": "The rapid spread of this virus across the world in only 2 months highlights the transmissibility of this family of viruses and the significant morbidity and mortality that they can cause .", "Evidence Elements": {"Participant": [], "Intervention": [], "Outcome": []}, "Evidence Propositions": []}, {"Section": "CONCLUSIONS", "Text": "We highlight the current state of knowledge of coronavirus biology while answering questions concerning the current outbreak of SARS-CoV-2 .", "Evidence Elements": {"Participant": [], "Intervention": [], "Outcome": []}, "Evidence Propositions": []}]}