{"doc_id": "32187464", "type of study": "Therapy", "title": "", "abstract": "No therapeutics have yet been proven effective for the treatment of severe illness caused by SARS-CoV-2.\nWe conducted a randomized, controlled, open-label trial involving hospitalized adult patients with confirmed SARS-CoV-2 infection, which causes the respiratory illness Covid-19, and an oxygen saturation (Sao2) of 94% or less while they were breathing ambient air or a ratio of the partial pressure of oxygen (Pao2) to the fraction of inspired oxygen (Fio2) of less than 300 mm Hg.\nPatients were randomly assigned in a 1:1 ratio to receive either lopinavir-ritonavir (400 mg and 100 mg, respectively) twice a day for 14 days, in addition to standard care, or standard care alone.\nThe primary end point was the time to clinical improvement, defined as the time from randomization to either an improvement of two points on a seven-category ordinal scale or discharge from the hospital, whichever came first.\nA total of 199 patients with laboratory-confirmed SARS-CoV-2 infection underwent randomization; 99 were assigned to the lopinavir-ritonavir group, and 100 to the standard-care group.\nTreatment with lopinavir-ritonavir was not associated with a difference from standard care in the time to clinical improvement (hazard ratio for clinical improvement, 1.24; 95% confidence interval [CI], 0.90 to 1.72).\nMortality at 28 days was similar in the lopinavir-ritonavir group and the standard-care group (19.2% vs. 25.0%; difference, -5.8 percentage points; 95% CI, -17.3 to 5.7).\nThe percentages of patients with detectable viral RNA at various time points were similar.\nIn a modified intention-to-treat analysis, lopinavir-ritonavir led to a median time to clinical improvement that was shorter by 1 day than that observed with standard care (hazard ratio, 1.39; 95% CI, 1.00 to 1.91).\nGastrointestinal adverse events were more common in the lopinavir-ritonavir group, but serious adverse events were more common in the standard-care group.\nLopinavir-ritonavir treatment was stopped early in 13 patients (13.8%) because of adverse events.\nIn hospitalized adult patients with severe Covid-19, no benefit was observed with lopinavir-ritonavir treatment beyond standard care.\nFuture trials in patients with severe illness may help to confirm or exclude the possibility of a treatment benefit.\n(Funded by Major Projects of National Science and Technology on New Drug Creation and Development and others; Chinese Clinical Trial Register number, ChiCTR2000029308.)\n", "Evidence Map": {"Enrollment": [{"term": "hospitalized adult patients", "negation": "affirmed", "UMLS": "", "start": 68, "end": 95}, {"term": "SARS-CoV-2 infection", "negation": "affirmed", "UMLS": "", "start": 111, "end": 131}, {"term": "respiratory illness Covid-19", "negation": "affirmed", "UMLS": "", "start": 151, "end": 179}, {"term": "oxygen saturation ( Sao2 ) of 94 % or less", "negation": "affirmed", "UMLS": "", "start": 189, "end": 231}, {"term": "ratio of the partial pressure of oxygen ( Pao2 ) to the fraction of", "negation": "affirmed", "UMLS": "", "start": 275, "end": 342}, {"term": "laboratory-confirmed SARS-CoV-2 infection", "negation": "affirmed", "UMLS": "", "start": 29, "end": 70}, {"term": "hospitalized adult patients", "negation": "affirmed", "UMLS": "", "start": 3, "end": 30}, {"term": "severe Covid-19", "negation": "affirmed", "UMLS": "", "start": 36, "end": 51}], "Comparison Results": [], "Study Arm 1 Results": [], "Study Arm 2 Results": []}, "Sentence-level breakdown": [{"Section": "TITLE", "Text": "No therapeutics have yet been proven effective for the treatment of severe illness caused by SARS-CoV-2 .", "Evidence Elements": {"Participant": [], "Intervention": [], "Outcome": []}, "Evidence Propositions": []}, {"Section": "METHODS", "Text": "We conducted a randomized , controlled , open-label trial involving hospitalized adult patients with confirmed SARS-CoV-2 infection , which causes the respiratory illness Covid-19 , and an oxygen saturation ( Sao2 ) of 94 % or less while they were breathing ambient air or a ratio of the partial pressure of oxygen ( Pao2 ) to the fraction of inspired oxygen ( Fio2 ) of less than 300 mm Hg .", "Evidence Elements": {"Participant": [{"term": "hospitalized adult patients", "negation": "affirmed", "UMLS": "", "start": 68, "end": 95}, {"term": "SARS-CoV-2 infection", "negation": "affirmed", "UMLS": "", "start": 111, "end": 131}, {"term": "respiratory illness Covid-19", "negation": "affirmed", "UMLS": "", "start": 151, "end": 179}, {"term": "oxygen saturation ( Sao2 ) of 94 % or less", "negation": "affirmed", "UMLS": "", "start": 189, "end": 231}, {"term": "ratio of the partial pressure of oxygen ( Pao2 ) to the fraction of", "negation": "affirmed", "UMLS": "", "start": 275, "end": 342}], "Intervention": [], "Outcome": []}, "Evidence Propositions": []}, {"Section": "METHODS", "Text": "Patients were randomly assigned in a 1:1 ratio to receive either lopinavir-ritonavir ( 400 mg and 100 mg , respectively ) twice a day for 14 days , in addition to standard care , or standard care alone .", "Evidence Elements": {"Participant": [], "Intervention": [{"term": "lopinavir-ritonavir", "negation": "affirmed", "UMLS": "", "start": 65, "end": 84}, {"term": "in addition to standard care", "negation": "affirmed", "UMLS": "", "start": 148, "end": 176}], "Outcome": []}, "Evidence Propositions": []}, {"Section": "METHODS", "Text": "The primary end point was the time to clinical improvement , defined as the time from randomization to either an improvement of two points on a seven-category ordinal scale or discharge from the hospital , whichever came first .", "Evidence Elements": {"Participant": [], "Intervention": [], "Outcome": [{"term": "time to clinical improvement", "negation": "affirmed", "UMLS": "", "start": 30, "end": 58}, {"term": "time from randomization to either an improvement of two points on a seven-category ordinal scale or discharge from the hospital", "negation": "affirmed", "UMLS": "", "start": 76, "end": 203}]}, "Evidence Propositions": []}, {"Section": "RESULTS", "Text": "A total of 199 patients with laboratory-confirmed SARS-CoV-2 infection underwent randomization ; 99 were assigned to the lopinavir-ritonavir group , and 100 to the standard-care group .", "Evidence Elements": {"Participant": [{"term": "laboratory-confirmed SARS-CoV-2 infection", "negation": "affirmed", "UMLS": "", "start": 29, "end": 70}], "Intervention": [{"term": "lopinavir-ritonavir", "negation": "affirmed", "UMLS": "", "start": 121, "end": 140}], "Outcome": []}, "Evidence Propositions": []}, {"Section": "RESULTS", "Text": "Treatment with lopinavir-ritonavir was not associated with a difference from standard care in the time to clinical improvement ( hazard ratio for clinical improvement , 1.24 ; 95 % confidence interval [ CI ] , 0.90 to 1.72 ) .", "Evidence Elements": {"Participant": [], "Intervention": [{"term": "lopinavir-ritonavir", "negation": "affirmed", "UMLS": "", "start": 15, "end": 34}, {"term": "standard care", "negation": "negated", "UMLS": "", "start": 77, "end": 90}], "Outcome": [{"term": "time to clinical improvement", "negation": "negated", "UMLS": "", "start": 98, "end": 126}]}, "Evidence Propositions": [{"Intervention": ["lopinavir-ritonavir", "standard care"], "Observation": "difference", "Outcome": "time to clinical improvement", "Count": ""}]}, {"Section": "RESULTS", "Text": "Mortality at 28 days was similar in the lopinavir-ritonavir group and the standard-care group ( 19.2 % vs . 25.0 % ; difference , -5.8 percentage points ; 95 % CI , -17.3 to 5.7 ) .", "Evidence Elements": {"Participant": [], "Intervention": [{"term": "lopinavir-ritonavir", "negation": "affirmed", "UMLS": "", "start": 40, "end": 59}, {"term": "standard-care", "negation": "affirmed", "UMLS": "", "start": 74, "end": 87}], "Outcome": [{"term": "Mortality at 28 days", "negation": "affirmed", "UMLS": "", "start": 0, "end": 20}]}, "Evidence Propositions": [{"Intervention": ["lopinavir-ritonavir", "standard-care"], "Observation": "similar", "Outcome": "Mortality at 28 days", "Count": ""}, {"Intervention": "lopinavir-ritonavir", "Observation": "19.2 %", "Outcome": "Mortality at 28 days", "Count": ""}, {"Intervention": "standard-care", "Observation": "25.0 %", "Outcome": "Mortality at 28 days", "Count": ""}]}, {"Section": "RESULTS", "Text": "The percentages of patients with detectable viral RNA at various time points were similar .", "Evidence Elements": {"Participant": [], "Intervention": [], "Outcome": [{"term": "percentages of patients with detectable viral RNA at various time points", "negation": "affirmed", "UMLS": "", "start": 4, "end": 76}]}, "Evidence Propositions": [{"Intervention": [], "Observation": "similar", "Outcome": "percentages of patients with detectable viral RNA at various time points", "Count": ""}]}, {"Section": "RESULTS", "Text": "In a modified intention-to-treat analysis , lopinavir-ritonavir led to a median time to clinical improvement that was shorter by 1 day than that observed with standard care ( hazard ratio , 1.39 ; 95 % CI , 1.00 to 1.91 ) .", "Evidence Elements": {"Participant": [], "Intervention": [{"term": "lopinavir-ritonavir", "negation": "affirmed", "UMLS": "", "start": 44, "end": 63}, {"term": "standard care", "negation": "affirmed", "UMLS": "", "start": 159, "end": 172}], "Outcome": [{"term": "median time to clinical improvement", "negation": "affirmed", "UMLS": "", "start": 73, "end": 108}]}, "Evidence Propositions": [{"Intervention": ["lopinavir-ritonavir", "standard care"], "Observation": "shorter by 1 day", "Outcome": "median time to clinical improvement", "Count": ""}]}, {"Section": "RESULTS", "Text": "Gastrointestinal adverse events were more common in the lopinavir-ritonavir group , but serious adverse events were more common in the standard-care group .", "Evidence Elements": {"Participant": [], "Intervention": [{"term": "lopinavir-ritonavir", "negation": "affirmed", "UMLS": "", "start": 56, "end": 75}, {"term": "standard-care", "negation": "affirmed", "UMLS": "", "start": 135, "end": 148}], "Outcome": [{"term": "Gastrointestinal adverse events", "negation": "affirmed", "UMLS": "", "start": 0, "end": 31}, {"term": "serious adverse events", "negation": "affirmed", "UMLS": "", "start": 88, "end": 110}]}, "Evidence Propositions": [{"Intervention": ["lopinavir-ritonavir"], "Observation": "more common", "Outcome": "Gastrointestinal adverse events", "Count": ""}, {"Intervention": ["standard-care"], "Observation": "more common", "Outcome": "serious adverse events", "Count": ""}]}, {"Section": "RESULTS", "Text": "Lopinavir-ritonavir treatment was stopped early in 13 patients ( 13.8 % ) because of adverse events .", "Evidence Elements": {"Participant": [], "Intervention": [{"term": "Lopinavir-ritonavir treatment", "negation": "affirmed", "UMLS": "", "start": 0, "end": 29}], "Outcome": []}, "Evidence Propositions": []}, {"Section": "CONCLUSIONS", "Text": "In hospitalized adult patients with severe Covid-19 , no benefit was observed with lopinavir-ritonavir treatment beyond standard care .", "Evidence Elements": {"Participant": [{"term": "hospitalized adult patients", "negation": "affirmed", "UMLS": "", "start": 3, "end": 30}, {"term": "severe Covid-19", "negation": "affirmed", "UMLS": "", "start": 36, "end": 51}], "Intervention": [{"term": "lopinavir-ritonavir treatment", "negation": "negated", "UMLS": "", "start": 83, "end": 112}, {"term": "standard", "negation": "negated", "UMLS": "", "start": 120, "end": 128}], "Outcome": []}, "Evidence Propositions": []}, {"Section": "CONCLUSIONS", "Text": "Future trials in patients with severe illness may help to confirm or exclude the possibility of a treatment benefit .", "Evidence Elements": {"Participant": [], "Intervention": [], "Outcome": []}, "Evidence Propositions": []}, {"Section": "CONCLUSIONS", "Text": "( Funded by Major Projects of National Science and Technology on New Drug Creation and Development and others ; Chinese Clinical Trial Register number , ChiCTR2000029308 . )", "Evidence Elements": {"Participant": [], "Intervention": [], "Outcome": []}, "Evidence Propositions": []}]}