{"doc_id": "32186952", "type of study": "Therapy", "title": "", "abstract": "The novel coronavirus infection (COVID-19 or Coronavirus disease 2019) that emerged from Wuhan, Hubei province of China has spread to many countries worldwide.\nEfforts have been made to develop vaccines against human coronavirus (CoV) infections such as MERS and SARS in the past decades.\nHowever, to date, no licensed antiviral treatment or vaccine exists for MERS and SARS.\nMost of the efforts for developing CoV vaccines and drugs target the spike glycoprotein or S protein, the major inducer of neutralizing antibodies.\nAlthough a few candidates have shown efficacy in in vitro studies, not many have progressed to randomized animal or human trials, hence may have limited use to counter COVID-19 infection.\nThis article highlights ongoing advances in designing vaccines and therapeutics to counter COVID-19 while also focusing on such experiences and advances as made with earlier SARS- and MERS-CoVs, which together could enable efforts to halt this emerging virus infection.\n", "Evidence Map": {"Enrollment": [], "Comparison Results": [], "Study Arm 1 Results": [], "Study Arm 2 Results": []}, "Sentence-level breakdown": [{"Section": "TITLE", "Text": "The novel coronavirus infection ( COVID-19 or Coronavirus disease 2019 ) that emerged from Wuhan , Hubei province of China has spread to many countries worldwide .", "Evidence Elements": {"Participant": [], "Intervention": [], "Outcome": []}, "Evidence Propositions": []}, {"Section": "OBJECTIVE", "Text": "However , to date , no licensed antiviral treatment or vaccine exists for MERS and SARS .", "Evidence Elements": {"Participant": [], "Intervention": [], "Outcome": []}, "Evidence Propositions": []}, {"Section": "RESULTS", "Text": "Most of the efforts for developing CoV vaccines and drugs target the spike glycoprotein or S protein , the major inducer of neutralizing antibodies .", "Evidence Elements": {"Participant": [], "Intervention": [], "Outcome": []}, "Evidence Propositions": []}, {"Section": "RESULTS", "Text": "Although a few candidates have shown efficacy in in vitro studies , not many have progressed to randomized animal or human trials , hence may have limited use to counter COVID-19 infection .", "Evidence Elements": {"Participant": [], "Intervention": [], "Outcome": []}, "Evidence Propositions": []}, {"Section": "CONCLUSIONS", "Text": "This article highlights ongoing advances in designing vaccines and therapeutics to counter COVID-19 while also focusing on such experiences and advances as made with earlier SARS- and MERS-CoVs , which together could enable efforts to halt this emerging virus infection .", "Evidence Elements": {"Participant": [], "Intervention": [], "Outcome": []}, "Evidence Propositions": []}]}