{"doc_id": "32187921", "type of study": "Therapy", "title": "", "abstract": "The 2019 coronavirus disease(COVID-19) has cost a great loss to the health and economic property of Chines people.\nUnder such a special circumstance, how to deal with such patients with acute aortic syndrome has become a serious challenge.\nRapid diagnosis of concomitant COVID-19, safe and effective transportation, implementation of the interventional procedure, protection of vascular surgical team and postoperative management and follow-up of such patients have become urgent problems for us.\nCombined with the latest novel government documents, the literature and the experiences from Wuhan, we answered the above questions briefly and plainly.\nWe also hope to inspire the national vascular surgeons to manage critical emergencies in vascular surgery and even routine vascular diseases with COVID-19, as a final point to limit the severe epidemic situation, and minimize the damage of COVID-19.\n", "Evidence Map": {"Enrollment": [], "Comparison Results": [], "Study Arm 1 Results": [], "Study Arm 2 Results": []}, "Sentence-level breakdown": [{"Section": "TITLE", "Text": "The 2019 coronavirus disease ( COVID-19 ) has cost a great loss to the health and economic property of Chines people .", "Evidence Elements": {"Participant": [], "Intervention": [], "Outcome": []}, "Evidence Propositions": []}, {"Section": "METHODS", "Text": "Combined with the latest novel government documents , the literature and the experiences from Wuhan , we answered the above questions briefly and plainly .", "Evidence Elements": {"Participant": [], "Intervention": [], "Outcome": []}, "Evidence Propositions": []}, {"Section": "CONCLUSIONS", "Text": "We also hope to inspire the national vascular surgeons to manage critical emergencies in vascular surgery and even routine vascular diseases with COVID-19 , as a final point to limit the severe epidemic situation , and minimize the damage of COVID-19 .", "Evidence Elements": {"Participant": [], "Intervention": [], "Outcome": []}, "Evidence Propositions": []}]}