{"doc_id": "32186711", "type of study": "Therapy", "title": "", "abstract": "Intravenous infusions of angiotensin-converting enzyme inhibitors (ACEIs) and angiotensin receptor blockers (ARBs) in experimental animals increase the numbers of angiotensin-converting enzyme 2 (ACE2) receptors in the cardiopulmonary circulation.\nACE2 receptors serve as binding sites for SARS-CoV-2 virions in the lungs.\nPatients who take ACEIs and ARBS may be at increased risk of severe disease outcomes due to SARS-CoV-2 infections.\n", "Evidence Map": {"Enrollment": [], "Comparison Results": [], "Study Arm 1 Results": [], "Study Arm 2 Results": []}, "Sentence-level breakdown": [{"Section": "TITLE", "Text": "Intravenous infusions of angiotensin-converting enzyme inhibitors ( ACEIs ) and angiotensin receptor blockers ( ARBs ) in experimental animals increase the numbers of angiotensin-converting enzyme 2 ( ACE2 ) receptors in the cardiopulmonary circulation .", "Evidence Elements": {"Participant": [], "Intervention": [], "Outcome": [{"term": "numbers", "negation": "affirmed", "UMLS": "", "start": 156, "end": 163}, {"term": "angiotensin-converting", "negation": "affirmed", "UMLS": "", "start": 25, "end": 47}]}, "Evidence Propositions": []}, {"Section": "CONCLUSIONS", "Text": "ACE2 receptors serve as binding sites for SARS-CoV-2 virions in the lungs .", "Evidence Elements": {"Participant": [], "Intervention": [], "Outcome": []}, "Evidence Propositions": []}, {"Section": "CONCLUSIONS", "Text": "Patients who take ACEIs and ARBS may be at increased risk of severe disease outcomes due to SARS-CoV-2 infections .", "Evidence Elements": {"Participant": [], "Intervention": [{"term": "ACEIs", "negation": "affirmed", "UMLS": "", "start": 18, "end": 23}, {"term": "ARBS", "negation": "affirmed", "UMLS": "", "start": 28, "end": 32}], "Outcome": [{"term": "risk of severe disease outcomes due to SARS-CoV-2 infections", "negation": "affirmed", "UMLS": "", "start": 53, "end": 113}]}, "Evidence Propositions": []}]}