{"doc_id": "32198275", "type of study": "Therapy", "title": "", "abstract": "As of 17 February, 2020, China has 70 635 confirmed cases of coronavirus disease 2019 (COVID-19), including 1772 deaths [1].\nHuman-to-human spread of the virus via respiratory droplets is currently considered to be the main route of transmission.\nHowever, exhaled air dispersion during non-invasive respiratory support may increase the risk of coronavirus transmission, and requires more attention from medical personnel and patients.\nNon-invasive respiratory support plays an essential role in the treatment of COVID-19.\nMore awareness is needed of viral transmission through exhaled air.\nhttp://bit.ly/39kNrrF\n", "Evidence Map": {"Enrollment": [], "Comparison Results": [], "Study Arm 1 Results": [], "Study Arm 2 Results": []}, "Sentence-level breakdown": [{"Section": "TITLE", "Text": "As of 17 February , 2020 , China has 70 635 confirmed cases of coronavirus disease 2019 ( COVID-19 ) , including 1772 deaths [ 1 ] .", "Evidence Elements": {"Participant": [], "Intervention": [], "Outcome": []}, "Evidence Propositions": []}, {"Section": "CONCLUSIONS", "Text": "http:/ / bit . ly / 39kNrrF", "Evidence Elements": {"Participant": [], "Intervention": [], "Outcome": []}, "Evidence Propositions": []}]}