{"doc_id": "32198291", "type of study": "Therapy", "title": "", "abstract": "The COVID-19 pandemic caused by SARS-CoV-2 is a global health emergency.\nAn attractive drug target among coronaviruses is the main protease (Mpro, 3CLpro), due to its essential role in processing the polyproteins that are translated from the viral RNA.\nWe report the X-ray structures of the unliganded SARS-CoV-2 Mpro and its complex with an alpha-ketoamide inhibitor.\nThis was derived from a previously designed inhibitor but with the P3-P2 amide bond incorporated into a pyridone ring to enhance the half-life of the compound in plasma.\nBased on the structure, we developed the lead compound into a potent inhibitor of the SARS-CoV-2 Mpro.\nThe pharmacokinetic characterization of the optimized inhibitor reveals a pronounced lung tropism and suitability for administration by the inhalative route.\n", "Evidence Map": {"Enrollment": [], "Comparison Results": [], "Study Arm 1 Results": [], "Study Arm 2 Results": []}, "Sentence-level breakdown": [{"Section": "TITLE", "Text": "The COVID-19 pandemic caused by SARS-CoV-2 is a global health emergency .", "Evidence Elements": {"Participant": [], "Intervention": [], "Outcome": []}, "Evidence Propositions": []}, {"Section": "OBJECTIVE", "Text": "We report the X-ray structures of the unliganded SARS-CoV-2 Mpro and its complex with an alpha-ketoamide inhibitor .", "Evidence Elements": {"Participant": [], "Intervention": [{"term": "unliganded SARS-CoV-2 Mpro", "negation": "affirmed", "UMLS": "", "start": 38, "end": 64}, {"term": "complex with an alpha-ketoamide inhibitor", "negation": "affirmed", "UMLS": "", "start": 73, "end": 114}], "Outcome": []}, "Evidence Propositions": []}, {"Section": "RESULTS", "Text": "This was derived from a previously designed inhibitor but with the P3-P2 amide bond incorporated into a pyridone ring to enhance the half-life of the compound in plasma .", "Evidence Elements": {"Participant": [], "Intervention": [], "Outcome": []}, "Evidence Propositions": []}, {"Section": "RESULTS", "Text": "Based on the structure , we developed the lead compound into a potent inhibitor of the SARS-CoV-2 Mpro .", "Evidence Elements": {"Participant": [], "Intervention": [], "Outcome": []}, "Evidence Propositions": []}, {"Section": "CONCLUSIONS", "Text": "The pharmacokinetic characterization of the optimized inhibitor reveals a pronounced lung tropism and suitability for administration by the inhalative route .", "Evidence Elements": {"Participant": [], "Intervention": [{"term": "optimized inhibitor", "negation": "affirmed", "UMLS": "", "start": 44, "end": 63}], "Outcome": [{"term": "lung tropism", "negation": "affirmed", "UMLS": "", "start": 85, "end": 97}]}, "Evidence Propositions": []}]}