{"doc_id": "32196032", "type of study": "Therapy", "title": "", "abstract": "Identifying antibodies (Abs) that neutralize infectious agents is the first step for developing therapeutics, vaccines, and diagnostic tools for those infectious agents.\nHowever, current approaches for identifying neutralizing Abs (nAbs) typically rely on dilution-based assays that are costly, inefficient, and only survey a small subset of the entire repertoire.\nThere are also intrinsic biases in many steps of conventional nAb identification processes.\nMore importantly, conventional assays rely on simply Ab-antigen binding assays, which may not result in identifying the most potent nAbs, as the strongest binder may not be the most potent nAb.\nDroplet microfluidic systems have the capability to overcome such limitations by conducting complex multi-step assays with high reliability, resolution, and throughput in a pico-liter volume water-in-oil emulsion droplet format.\nHere, we describe the development of PRESCIENT (Platform for the Rapid Evaluation of antibody SucCess using Integrated microfluidics ENabled Technology), a droplet microfluidic system that can enable high-throughput single-cell resolution identification of nAb repertoires elicited in response to a viral infection.\nWe demonstrated PRESCIENT's ability to identify Abs that neutralize a model viral agent, Murine coronavirus (Murine Hepatitis Virus), which causes high mortality rates in experimentally infected mice.\nIn-droplet infection of host cells by the virus was first demonstrated, followed by demonstration of in-droplet neutralization by nAbs produced from a single Ab-producing hybridoma cell.\nFinally, fluorescent intensity analyses of two populations of hybridoma cell lines, (nAb-producing and non-nAb-producing hybridoma cell lines) successfully discriminated between the two populations.\nThe presented strategy and platform have the potential to identify and investigate neutralizing activities against a broad range of potential infectious agents for which nAbs have yet to be discovered, significantly advancing the nAb identification process, as well as reinvigorating the field of Ab discovery, characterization, and development.\n", "Evidence Map": {"Enrollment": [], "Comparison Results": [], "Study Arm 1 Results": [], "Study Arm 2 Results": []}, "Sentence-level breakdown": [{"Section": "TITLE", "Text": "Identifying antibodies ( Abs ) that neutralize infectious agents is the first step for developing therapeutics , vaccines , and diagnostic tools for those infectious agents .", "Evidence Elements": {"Participant": [], "Intervention": [], "Outcome": []}, "Evidence Propositions": []}, {"Section": "OBJECTIVE", "Text": "Here , we describe the development of PRESCIENT ( Platform for the Rapid Evaluation of antibody SucCess using Integrated microfluidics ENabled Technology ) , a droplet microfluidic system that can enable high-throughput single-cell resolution identification of nAb repertoires elicited in response to a viral infection .", "Evidence Elements": {"Participant": [], "Intervention": [{"term": "PRESCIENT", "negation": "affirmed", "UMLS": "", "start": 38, "end": 47}], "Outcome": []}, "Evidence Propositions": []}, {"Section": "RESULTS", "Text": "We demonstrated PRESCIENT 's ability to identify Abs that neutralize a model viral agent , Murine coronavirus ( Murine Hepatitis Virus ) , which causes high mortality rates in experimentally infected mice .", "Evidence Elements": {"Participant": [], "Intervention": [], "Outcome": [{"term": "Abs", "negation": "affirmed", "UMLS": "", "start": 49, "end": 52}, {"term": "mortality", "negation": "affirmed", "UMLS": "", "start": 157, "end": 166}]}, "Evidence Propositions": []}, {"Section": "RESULTS", "Text": "In-droplet infection of host cells by the virus was first demonstrated , followed by demonstration of in-droplet neutralization by nAbs produced from a single Ab-producing hybridoma cell .", "Evidence Elements": {"Participant": [], "Intervention": [], "Outcome": [{"term": "neutralization", "negation": "affirmed", "UMLS": "", "start": 113, "end": 127}]}, "Evidence Propositions": []}, {"Section": "RESULTS", "Text": "Finally , fluorescent intensity analyses of two populations of hybridoma cell lines , ( nAb-producing and non-nAb-producing hybridoma cell lines ) successfully discriminated between the two populations .", "Evidence Elements": {"Participant": [], "Intervention": [], "Outcome": [{"term": "fluorescent intensity", "negation": "affirmed", "UMLS": "", "start": 10, "end": 31}]}, "Evidence Propositions": []}, {"Section": "CONCLUSIONS", "Text": "The presented strategy and platform have the potential to identify and investigate neutralizing activities against a broad range of potential infectious agents for which nAbs have yet to be discovered , significantly advancing the nAb identification process , as well as reinvigorating the field of Ab discovery , characterization , and development .", "Evidence Elements": {"Participant": [], "Intervention": [], "Outcome": []}, "Evidence Propositions": []}]}