{"doc_id": "32195698", "type of study": "Therapy", "title": "", "abstract": "Healthcare systems worldwide are responding to Coronavirus Disease 2019 (COVID-19), an emerging infectious syndrome caused by the Severe Acute Respiratory Syndrome Coronavirus 2 (SARS-CoV-2) virus.\nPatients with COVID-19 can progress from asymptomatic or mild illness to hypoxemic respiratory failure or multisystem organ failure, necessitating intubation and intensive care management.\nHealthcare providers, and particularly anesthesiologists, are at the frontline of this epidemic, and they need to be aware of the best available evidence to guide therapeutic management of patients with COVID-19 and to keep themselves safe while doing so.\nHere, the authors review COVID-19 pathogenesis, presentation, diagnosis, and potential therapeutics, with a focus on management of COVID-19-associated respiratory failure.\nThe authors draw on literature from other viral epidemics, treatment of acute respiratory distress syndrome, and recent publications on COVID-19, as well as guidelines from major health organizations.\nThis review provides a comprehensive summary of the evidence currently available to guide management of critically ill patients with COVID-19.\nPatients with COVID-19 may require intubation and critical care management.\nThis comprehensive review summarizes management recommendations in critical care and perioperative settings, based on current understanding of coronavirus biology and acute respiratory distress syndrome pathophysiology.\n", "Evidence Map": {"Enrollment": [{"term": "critically ill patients with COVID-19", "negation": "affirmed", "UMLS": "", "start": 104, "end": 141}, {"term": "critical care", "negation": "affirmed", "UMLS": "", "start": 67, "end": 80}, {"term": "perioperative settings", "negation": "affirmed", "UMLS": "", "start": 85, "end": 107}], "Comparison Results": [], "Study Arm 1 Results": [], "Study Arm 2 Results": []}, "Sentence-level breakdown": [{"Section": "TITLE", "Text": "Healthcare systems worldwide are responding to Coronavirus Disease 2019 ( COVID-19 ) , an emerging infectious syndrome caused by the Severe Acute Respiratory Syndrome Coronavirus 2 ( SARS-CoV-2 ) virus .", "Evidence Elements": {"Participant": [], "Intervention": [], "Outcome": []}, "Evidence Propositions": []}, {"Section": "METHODS", "Text": "Here , the authors review COVID-19 pathogenesis , presentation , diagnosis , and potential therapeutics , with a focus on management of COVID-19-associated respiratory failure .", "Evidence Elements": {"Participant": [], "Intervention": [], "Outcome": [{"term": "COVID-19 pathogenesis", "negation": "affirmed", "UMLS": "", "start": 26, "end": 47}]}, "Evidence Propositions": []}, {"Section": "METHODS", "Text": "The authors draw on literature from other viral epidemics , treatment of acute respiratory distress syndrome , and recent publications on COVID-19 , as well as guidelines from major health organizations .", "Evidence Elements": {"Participant": [], "Intervention": [], "Outcome": []}, "Evidence Propositions": []}, {"Section": "RESULTS", "Text": "This review provides a comprehensive summary of the evidence currently available to guide management of critically ill patients with COVID-19 .", "Evidence Elements": {"Participant": [{"term": "critically ill patients with COVID-19", "negation": "affirmed", "UMLS": "", "start": 104, "end": 141}], "Intervention": [], "Outcome": []}, "Evidence Propositions": []}, {"Section": "RESULTS", "Text": "Patients with COVID-19 may require intubation and critical care management .", "Evidence Elements": {"Participant": [], "Intervention": [], "Outcome": [{"term": "intubation", "negation": "affirmed", "UMLS": "", "start": 35, "end": 45}, {"term": "care management", "negation": "affirmed", "UMLS": "", "start": 59, "end": 74}]}, "Evidence Propositions": []}, {"Section": "CONCLUSIONS", "Text": "This comprehensive review summarizes management recommendations in critical care and perioperative settings , based on current understanding of coronavirus biology and acute respiratory distress syndrome pathophysiology .", "Evidence Elements": {"Participant": [{"term": "critical care", "negation": "affirmed", "UMLS": "", "start": 67, "end": 80}, {"term": "perioperative settings", "negation": "affirmed", "UMLS": "", "start": 85, "end": 107}], "Intervention": [], "Outcome": []}, "Evidence Propositions": []}]}