{"doc_id": "32196707", "type of study": "Therapy", "title": "", "abstract": "The outbreak of 2019 novel coronavirus (COVID-19) infection emerged in Wuhan, China, in December 2019.\nSince then the novel coronavirus pneumonia disease has been spreading quickly and many countries and territories have been affected, with major outbreaks in China, South Korea, Italy, and Iran.\nInfluenza virus has been known as a common pathogen in winter and it can cause pneumonia.\nIt was found clinically that very few patients were diagnosed with both COVID-19 and influenza virus.\nA total of 5 of the 115 patients confirmed with COVID-19 were also diagnosed with influenza virus infection, with three cases being influenza A and two cases being influenza B. In this study, we describe the clinical characteristics of those patients who got infected with COVID-19 as well as influenza virus.\nCommon symptoms at onset of illness included fever (five [100%] patients), cough (five [100%] patients), shortness of breath (five [100%] patients), nasal tampon (three [60%] patients), pharyngalgia (three [60%] patients), myalgia (two [40%] patients), fatigue (two [40%] patients), headache (two [40%] patients), and expectoration (two [40%] patients).\nThe laboratory results showed that compared to the normal values, the patients' lymphocytes were reduced (four [80%] patients), and liver functions alanine aminotransferase and aspartate aminotransferase (two [40%] patients and two [40%] patients) and C-reactive protein (four [80%] patients) were increased when admitted to hospital.\nThey stayed in the hospital for 14, 30, 17, 12, and 19 days (28.4 +- 7.02), respectively.\nThe main complications for the patients were acute respiratory distress syndrome (one [20%] patients), acute liver injury (three [60%] patients), and diarrhea (two [40%] patients).\nAll patients were given antiviral therapy (including oseltamivir), oxygen inhalation, and antibiotics.\nThree patients were treated with glucocorticoids including two treated with oral glucocorticoids.\nOne of the five patients had transient hemostatic medication for hemoptysis.\nFortunately, all patients did not need intensive care unit and were discharged from the hospital without death.\nIn conclusion, those patients with both COVID-19 and influenza virus infection did not appear to show a more severe condition because based on the laboratory findings, imaging studies, and patient prognosis, they showed similar clinical characteristics as those patients with COVID-19 infection only.\nHowever, it is worth noting that the symptoms of nasal tampon and pharyngalgia may be more prone to appear for those coinfection patients.\n", "Evidence Map": {"Enrollment": [{"term": "COVID-19", "negation": "affirmed", "UMLS": "", "start": 72, "end": 80}, {"term": "influenza virus", "negation": "affirmed", "UMLS": "", "start": 85, "end": 100}, {"term": "COVID-19", "negation": "affirmed", "UMLS": "", "start": 48, "end": 56}, {"term": "influenza virus infection", "negation": "affirmed", "UMLS": "", "start": 82, "end": 107}, {"term": "COVID-19", "negation": "affirmed", "UMLS": "", "start": 48, "end": 56}, {"term": "cough", "negation": "affirmed", "UMLS": "", "start": 81, "end": 86}, {"term": "shortness of breath", "negation": "affirmed", "UMLS": "", "start": 117, "end": 136}, {"term": "nasal tampon", "negation": "affirmed", "UMLS": "", "start": 167, "end": 179}, {"term": "hemoptysis", "negation": "affirmed", "UMLS": "", "start": 65, "end": 75}, {"term": "COVID-19", "negation": "negated", "UMLS": "", "start": 41, "end": 49}, {"term": "influenza virus infection", "negation": "affirmed", "UMLS": "", "start": 54, "end": 79}], "Comparison Results": [], "Study Arm 1 Results": [], "Study Arm 2 Results": []}, "Sentence-level breakdown": [{"Section": "TITLE", "Text": "The outbreak of 2019 novel coronavirus ( COVID-19 ) infection emerged in Wuhan , China , in December 2019 .", "Evidence Elements": {"Participant": [], "Intervention": [], "Outcome": []}, "Evidence Propositions": []}, {"Section": "METHODS", "Text": "A total of 5 of the 115 patients confirmed with COVID-19 were also diagnosed with influenza virus infection , with three cases being influenza A and two cases being influenza B . In this study , we describe the clinical characteristics of those patients who got infected with COVID-19 as well as influenza virus .", "Evidence Elements": {"Participant": [{"term": "COVID-19", "negation": "affirmed", "UMLS": "", "start": 48, "end": 56}, {"term": "influenza virus infection", "negation": "affirmed", "UMLS": "", "start": 82, "end": 107}, {"term": "COVID-19", "negation": "affirmed", "UMLS": "", "start": 48, "end": 56}], "Intervention": [{"term": "influenza A", "negation": "affirmed", "UMLS": "", "start": 133, "end": 144}, {"term": "influenza B", "negation": "affirmed", "UMLS": "", "start": 165, "end": 176}], "Outcome": [{"term": "clinical characteristics", "negation": "affirmed", "UMLS": "", "start": 211, "end": 235}]}, "Evidence Propositions": []}, {"Section": "METHODS", "Text": "Common symptoms at onset of illness included fever ( five [ 100 % ] patients ) , cough ( five [ 100 % ] patients ) , shortness of breath ( five [ 100 % ] patients ) , nasal tampon ( three [ 60 % ] patients ) , pharyngalgia ( three [ 60 % ] patients ) , myalgia ( two [ 40 % ] patients ) , fatigue ( two [ 40 % ] patients ) , headache ( two [ 40 % ] patients ) , and expectoration ( two [ 40 % ] patients ) .", "Evidence Elements": {"Participant": [{"term": "cough", "negation": "affirmed", "UMLS": "", "start": 81, "end": 86}, {"term": "shortness of breath", "negation": "affirmed", "UMLS": "", "start": 117, "end": 136}, {"term": "nasal tampon", "negation": "affirmed", "UMLS": "", "start": 167, "end": 179}], "Intervention": [], "Outcome": [{"term": "Common symptoms", "negation": "affirmed", "UMLS": "", "start": 0, "end": 15}, {"term": "fever", "negation": "affirmed", "UMLS": "", "start": 45, "end": 50}]}, "Evidence Propositions": []}, {"Section": "RESULTS", "Text": "The laboratory results showed that compared to the normal values , the patients ' lymphocytes were reduced ( four [ 80 % ] patients ) , and liver functions alanine aminotransferase and aspartate aminotransferase ( two [ 40 % ] patients and two [ 40 % ] patients ) and C-reactive protein ( four [ 80 % ] patients ) were increased when admitted to hospital .", "Evidence Elements": {"Participant": [], "Intervention": [], "Outcome": [{"term": "lymphocytes", "negation": "affirmed", "UMLS": "", "start": 82, "end": 93}, {"term": "liver functions alanine aminotransferase", "negation": "affirmed", "UMLS": "", "start": 140, "end": 180}, {"term": "aspartate aminotransferase", "negation": "affirmed", "UMLS": "", "start": 185, "end": 211}]}, "Evidence Propositions": []}, {"Section": "RESULTS", "Text": "They stayed in the hospital for 14 , 30 , 17 , 12 , and 19 days ( 28.4 +-7.02 ) , respectively .", "Evidence Elements": {"Participant": [], "Intervention": [], "Outcome": []}, "Evidence Propositions": []}, {"Section": "RESULTS", "Text": "The main complications for the patients were acute respiratory distress syndrome ( one [ 20 % ] patients ) , acute liver injury ( three [ 60 % ] patients ) , and diarrhea ( two [ 40 % ] patients ) .", "Evidence Elements": {"Participant": [], "Intervention": [], "Outcome": [{"term": "main complications", "negation": "affirmed", "UMLS": "", "start": 4, "end": 22}, {"term": "acute respiratory distress syndrome", "negation": "affirmed", "UMLS": "", "start": 45, "end": 80}, {"term": "acute liver injury", "negation": "affirmed", "UMLS": "", "start": 109, "end": 127}]}, "Evidence Propositions": []}, {"Section": "RESULTS", "Text": "All patients were given antiviral therapy ( including oseltamivir ) , oxygen inhalation , and antibiotics .", "Evidence Elements": {"Participant": [], "Intervention": [{"term": "therapy", "negation": "affirmed", "UMLS": "", "start": 34, "end": 41}], "Outcome": []}, "Evidence Propositions": []}, {"Section": "RESULTS", "Text": "Three patients were treated with glucocorticoids including two treated with oral glucocorticoids .", "Evidence Elements": {"Participant": [], "Intervention": [{"term": "glucocorticoids", "negation": "affirmed", "UMLS": "", "start": 33, "end": 48}, {"term": "oral glucocorticoids", "negation": "affirmed", "UMLS": "", "start": 76, "end": 96}], "Outcome": []}, "Evidence Propositions": []}, {"Section": "RESULTS", "Text": "One of the five patients had transient hemostatic medication for hemoptysis .", "Evidence Elements": {"Participant": [{"term": "hemoptysis", "negation": "affirmed", "UMLS": "", "start": 65, "end": 75}], "Intervention": [{"term": "transient hemostatic medication", "negation": "affirmed", "UMLS": "", "start": 29, "end": 60}], "Outcome": []}, "Evidence Propositions": []}, {"Section": "RESULTS", "Text": "Fortunately , all patients did not need intensive care unit and were discharged from the hospital without death .", "Evidence Elements": {"Participant": [], "Intervention": [], "Outcome": [{"term": "intensive care unit", "negation": "negated", "UMLS": "", "start": 40, "end": 59}, {"term": "discharged from the hospital without", "negation": "affirmed", "UMLS": "", "start": 69, "end": 105}]}, "Evidence Propositions": []}, {"Section": "RESULTS", "Text": "In conclusion , those patients with both COVID-19 and influenza virus infection did not appear to show a more severe condition because based on the laboratory findings , imaging studies , and patient prognosis , they showed similar clinical characteristics as those patients with COVID-19 infection only .", "Evidence Elements": {"Participant": [{"term": "COVID-19", "negation": "negated", "UMLS": "", "start": 41, "end": 49}, {"term": "influenza virus infection", "negation": "affirmed", "UMLS": "", "start": 54, "end": 79}], "Intervention": [], "Outcome": [{"term": "condition", "negation": "negated", "UMLS": "", "start": 117, "end": 126}, {"term": "clinical characteristics", "negation": "negated", "UMLS": "", "start": 232, "end": 256}]}, "Evidence Propositions": []}, {"Section": "CONCLUSIONS", "Text": "However , it is worth noting that the symptoms of nasal tampon and pharyngalgia may be more prone to appear for those coinfection patients .", "Evidence Elements": {"Participant": [], "Intervention": [], "Outcome": []}, "Evidence Propositions": []}]}