{"doc_id": "32194980", "type of study": "Therapy", "title": "", "abstract": "Human coronaviruses (HCoVs), including severe acute respiratory syndrome coronavirus (SARS-CoV) and 2019 novel coronavirus (2019-nCoV, also known as SARS-CoV-2), lead global epidemics with high morbidity and mortality.\nHowever, there are currently no effective drugs targeting 2019-nCoV/SARS-CoV-2.\nDrug repurposing, representing as an effective drug discovery strategy from existing drugs, could shorten the time and reduce the cost compared to de novo drug discovery.\nIn this study, we present an integrative, antiviral drug repurposing methodology implementing a systems pharmacology-based network medicine platform, quantifying the interplay between the HCoV-host interactome and drug targets in the human protein-protein interaction network.\nPhylogenetic analyses of 15 HCoV whole genomes reveal that 2019-nCoV/SARS-CoV-2 shares the highest nucleotide sequence identity with SARS-CoV (79.7%).\nSpecifically, the envelope and nucleocapsid proteins of 2019-nCoV/SARS-CoV-2 are two evolutionarily conserved regions, having the sequence identities of 96% and 89.6%, respectively, compared to SARS-CoV. Using network proximity analyses of drug targets and HCoV-host interactions in the human interactome, we prioritize 16 potential anti-HCoV repurposable drugs (e.g., melatonin, mercaptopurine, and sirolimus) that are further validated by enrichment analyses of drug-gene signatures and HCoV-induced transcriptomics data in human cell lines.\nWe further identify three potential drug combinations (e.g., sirolimus plus dactinomycin, mercaptopurine plus melatonin, and toremifene plus emodin) captured by the \"Complementary Exposure\" pattern: the targets of the drugs both hit the HCoV-host subnetwork, but target separate neighborhoods in the human interactome network.\nIn summary, this study offers powerful network-based methodologies for rapid identification of candidate repurposable drugs and potential drug combinations targeting 2019-nCoV/SARS-CoV-2.\n", "Evidence Map": {"Enrollment": [], "Comparison Results": [], "Study Arm 1 Results": [], "Study Arm 2 Results": []}, "Sentence-level breakdown": [{"Section": "TITLE", "Text": "Human coronaviruses ( HCoVs ) , including severe acute respiratory syndrome coronavirus ( SARS-CoV ) and 2019 novel coronavirus ( 2019-nCoV , also known as SARS-CoV-2 ) , lead global epidemics with high morbidity and mortality .", "Evidence Elements": {"Participant": [], "Intervention": [], "Outcome": []}, "Evidence Propositions": []}, {"Section": "OBJECTIVE", "Text": "In this study , we present an integrative , antiviral drug repurposing methodology implementing a systems pharmacology-based network medicine platform , quantifying the interplay between the HCoV-host interactome and drug targets in the human protein-protein interaction network .", "Evidence Elements": {"Participant": [], "Intervention": [], "Outcome": [{"term": "interplay", "negation": "affirmed", "UMLS": "", "start": 169, "end": 178}, {"term": "between the", "negation": "affirmed", "UMLS": "", "start": 179, "end": 190}, {"term": "targets", "negation": "affirmed", "UMLS": "", "start": 222, "end": 229}]}, "Evidence Propositions": []}, {"Section": "RESULTS", "Text": "Phylogenetic analyses of 15 HCoV whole genomes reveal that 2019-nCoV / SARS-CoV-2 shares the highest nucleotide sequence identity with SARS-CoV ( 79.7 % ) .", "Evidence Elements": {"Participant": [], "Intervention": [{"term": "SARS-CoV-2", "negation": "affirmed", "UMLS": "", "start": 71, "end": 81}, {"term": "SARS-CoV", "negation": "affirmed", "UMLS": "", "start": 71, "end": 79}], "Outcome": [{"term": "nucleotide sequence identity", "negation": "affirmed", "UMLS": "", "start": 101, "end": 129}]}, "Evidence Propositions": []}, {"Section": "RESULTS", "Text": "Specifically , the envelope and nucleocapsid proteins of 2019-nCoV / SARS-CoV-2 are two evolutionarily conserved regions , having the sequence identities of 96 % and 89.6 % , respectively , compared to SARS-CoV . Using network proximity analyses of drug targets and HCoV-host interactions in the human interactome , we prioritize 16 potential anti-HCoV repurposable drugs ( e.g. , melatonin , mercaptopurine , and sirolimus ) that are further validated by enrichment analyses", "Evidence Elements": {"Participant": [], "Intervention": [{"term": "SARS-CoV-2", "negation": "affirmed", "UMLS": "", "start": 69, "end": 79}, {"term": "SARS-CoV", "negation": "affirmed", "UMLS": "", "start": 69, "end": 77}, {"term": "melatonin", "negation": "affirmed", "UMLS": "", "start": 381, "end": 390}, {"term": "mercaptopurine", "negation": "affirmed", "UMLS": "", "start": 393, "end": 407}, {"term": "sirolimus", "negation": "affirmed", "UMLS": "", "start": 414, "end": 423}], "Outcome": [{"term": "envelope and nucleocapsid proteins", "negation": "affirmed", "UMLS": "", "start": 19, "end": 53}, {"term": "anti-HCoV repurposable", "negation": "affirmed", "UMLS": "", "start": 343, "end": 365}]}, "Evidence Propositions": []}, {"Section": "RESULTS", "Text": "We further identify three potential drug combinations ( e.g. , sirolimus plus dactinomycin , mercaptopurine plus melatonin , and toremifene plus emodin ) captured by the \" Complementary Exposure \" pattern : the targets of the drugs both hit the HCoV-host subnetwork , but target separate neighborhoods in the human interactome network .", "Evidence Elements": {"Participant": [], "Intervention": [{"term": "sirolimus plus dactinomycin", "negation": "affirmed", "UMLS": "", "start": 63, "end": 90}, {"term": "mercaptopurine plus melatonin", "negation": "affirmed", "UMLS": "", "start": 93, "end": 122}, {"term": "toremifene plus emodin", "negation": "affirmed", "UMLS": "", "start": 129, "end": 151}], "Outcome": []}, "Evidence Propositions": []}, {"Section": "CONCLUSIONS", "Text": "In summary , this study offers powerful network-based methodologies for rapid identification of candidate repurposable drugs and potential drug combinations targeting 2019-nCoV / SARS-CoV-2 .", "Evidence Elements": {"Participant": [], "Intervention": [], "Outcome": []}, "Evidence Propositions": []}]}