{"doc_id": "32194995", "type of study": "Therapy", "title": "", "abstract": "The outbreak of 2019-novel coronavirus disease (COVID-19) that is caused by SARS-CoV-2 has spread rapidly in China, and has developed to be a Public Health Emergency of International Concern.\nHowever, no specific antiviral treatments or vaccines are available yet.\nThis work aims to share strategies and candidate antigens to develop safe and effective vaccines against SARS-CoV-2.\n", "Evidence Map": {"Enrollment": [{"term": "SARS-CoV-2", "negation": "affirmed", "UMLS": "", "start": 105, "end": 115}], "Comparison Results": [], "Study Arm 1 Results": [], "Study Arm 2 Results": []}, "Sentence-level breakdown": [{"Section": "TITLE", "Text": "The outbreak of 2019-novel coronavirus disease ( COVID-19 ) that is caused by SARS-CoV-2 has spread rapidly in China , and has developed to be a Public Health Emergency of International Concern .", "Evidence Elements": {"Participant": [], "Intervention": [], "Outcome": []}, "Evidence Propositions": []}, {"Section": "RESULTS", "Text": "However , no specific antiviral treatments or vaccines are available yet .", "Evidence Elements": {"Participant": [], "Intervention": [], "Outcome": []}, "Evidence Propositions": []}, {"Section": "CONCLUSIONS", "Text": "This work aims to share strategies and candidate antigens to develop safe and effective vaccines against SARS-CoV-2 .", "Evidence Elements": {"Participant": [{"term": "SARS-CoV-2", "negation": "affirmed", "UMLS": "", "start": 105, "end": 115}], "Intervention": [], "Outcome": []}, "Evidence Propositions": []}]}