{"doc_id": "32197238", "type of study": "Therapy", "title": "", "abstract": "The first confirmed case of coronavirus disease 2019 (COVID-19) in the United States was reported on January 20, 2020, in Snohomish County, Washington.\nAt the epicenter of COVID-19 in the United States, the Seattle Cancer Care Alliance, Fred Hutchinson Cancer Research Center, and University of Washington are at the forefront of delivering care to patients with cancer during this public health crisis.\nThis Special Feature highlights the unique circumstances and challenges of cancer treatment amidst this global pandemic, and the importance of organizational structure, preparation, agility, and a shared vision for continuing to provide cancer treatment to patients in the face of uncertainty and rapid change.\n", "Evidence Map": {"Enrollment": [], "Comparison Results": [], "Study Arm 1 Results": [], "Study Arm 2 Results": []}, "Sentence-level breakdown": [{"Section": "TITLE", "Text": "The first confirmed case of coronavirus disease 2019 ( COVID-19 ) in the United States was reported on January 20 , 2020 , in Snohomish County , Washington .", "Evidence Elements": {"Participant": [], "Intervention": [], "Outcome": []}, "Evidence Propositions": []}, {"Section": "CONCLUSIONS", "Text": "At the epicenter of COVID-19 in the United States , the Seattle Cancer Care Alliance , Fred Hutchinson Cancer Research Center , and University of Washington are at the forefront of delivering care to patients with cancer during this public health crisis .", "Evidence Elements": {"Participant": [], "Intervention": [], "Outcome": []}, "Evidence Propositions": []}, {"Section": "CONCLUSIONS", "Text": "This Special Feature highlights the unique circumstances and challenges of cancer treatment amidst this global pandemic , and the importance of organizational structure , preparation , agility , and a shared vision for continuing to provide cancer treatment to patients in the face of uncertainty and rapid change .", "Evidence Elements": {"Participant": [], "Intervention": [], "Outcome": []}, "Evidence Propositions": []}]}