{"doc_id": "32196391", "type of study": "Therapy", "title": "", "abstract": "The current coronavirus (COVID-19) pandemic is again reminding us of the importance of using telehealth to deliver care, especially as means of reducing the risk of cross-contamination caused by close contact.\nFor telehealth to be effective as part of an emergency response it first needs to become a routinely used part of our health system.\nHence, it is time to step back and ask why telehealth is not mainstreamed.\nIn this article, we highlight key requirements for this to occur.\nStrategies to ensure that telehealth is used regularly in acute, post-acute and emergency situations, alongside conventional service delivery methods, include flexible funding arrangements, training and accrediting our health workforce.\nTelehealth uptake also requires a significant change in management effort and the redesign of existing models of care.\nImplementing telehealth proactively rather than reactively is more likely to generate greater benefits in the long-term, and help with the everyday (and emergency) challenges in healthcare.\n", "Evidence Map": {"Enrollment": [], "Comparison Results": [], "Study Arm 1 Results": [], "Study Arm 2 Results": []}, "Sentence-level breakdown": [{"Section": "TITLE", "Text": "The current coronavirus ( COVID-19 ) pandemic is again reminding us of the importance of using telehealth to deliver care , especially as means of reducing the risk of cross-contamination caused by close contact .", "Evidence Elements": {"Participant": [], "Intervention": [], "Outcome": []}, "Evidence Propositions": []}, {"Section": "RESULTS", "Text": "Strategies to ensure that telehealth is used regularly in acute , post-acute and emergency situations , alongside conventional service delivery methods , include flexible funding arrangements , training and accrediting our health workforce .", "Evidence Elements": {"Participant": [], "Intervention": [], "Outcome": []}, "Evidence Propositions": []}, {"Section": "RESULTS", "Text": "Telehealth uptake also requires a significant change in management effort and the redesign of existing models of care .", "Evidence Elements": {"Participant": [], "Intervention": [], "Outcome": [{"term": "management effort", "negation": "affirmed", "UMLS": "", "start": 56, "end": 73}]}, "Evidence Propositions": []}, {"Section": "CONCLUSIONS", "Text": "Implementing telehealth proactively rather than reactively is more likely to generate greater benefits in the long-term , and help with the everyday ( and emergency ) challenges in healthcare .", "Evidence Elements": {"Participant": [], "Intervention": [{"term": "telehealth", "negation": "affirmed", "UMLS": "", "start": 13, "end": 23}, {"term": "reactively", "negation": "negated", "UMLS": "", "start": 48, "end": 58}], "Outcome": [{"term": "benefits", "negation": "negated", "UMLS": "", "start": 94, "end": 102}]}, "Evidence Propositions": [{"Intervention": ["telehealth", "reactively"], "Observation": "more likely", "Outcome": "", "Count": ""}, {"Intervention": [], "Observation": "greater", "Outcome": "", "Count": ""}]}]}