{"doc_id": "32195705", "type of study": "Therapy", "title": "", "abstract": "The COVID-19 outbreak has led to 80,409 diagnosed cases and 3,012 deaths in mainland China based on the data released on March 4, 2020.\nApproximately 3.2% of patients with COVID-19 required intubation and invasive ventilation at some point in the disease course.\nProviding best practices regarding intubation and ventilation for an overwhelming number of patients with COVID-19 amid an enhanced risk of cross-infection is a daunting undertaking.\nThe authors presented the experience of caring for the critically ill patients with COVID-19 in Wuhan.\nIt is extremely important to follow strict self-protection precautions.\nTimely, but not premature, intubation is crucial to counter a progressively enlarging oxygen debt despite high-flow oxygen therapy and bilevel positive airway pressure ventilation.\nThorough preparation, satisfactory preoxygenation, modified rapid sequence induction, and rapid intubation using a video laryngoscope are widely used intubation strategies in Wuhan.\nLung-protective ventilation, prone position ventilation, and adequate sedation and analgesia are essential components of ventilation management.\nThe authors summarize the experience of managing intubation and ventilation for critically ill patients with COVID-19 in Wuhan. Anesthesiologists and intensivists are mandated to provide the best practices while following strict self-protection precautions.\nSupplemental Digital Content is available in the text.\n", "Evidence Map": {"Enrollment": [{"term": "critically ill patients with COVID-19", "negation": "affirmed", "UMLS": "", "start": 55, "end": 92}, {"term": "critically ill patients with COVID-19", "negation": "affirmed", "UMLS": "", "start": 80, "end": 117}, {"term": "Anesthesiologists", "negation": "affirmed", "UMLS": "", "start": 129, "end": 146}, {"term": "intensivists", "negation": "affirmed", "UMLS": "", "start": 151, "end": 163}], "Comparison Results": [], "Study Arm 1 Results": [], "Study Arm 2 Results": []}, "Sentence-level breakdown": [{"Section": "TITLE", "Text": "The COVID-19 outbreak has led to 80,409 diagnosed cases and 3,012 deaths in mainland China based on the data released on March 4 , 2020 .", "Evidence Elements": {"Participant": [], "Intervention": [], "Outcome": []}, "Evidence Propositions": []}, {"Section": "RESULTS", "Text": "The authors presented the experience of caring for the critically ill patients with COVID-19 in Wuhan .", "Evidence Elements": {"Participant": [{"term": "critically ill patients with COVID-19", "negation": "affirmed", "UMLS": "", "start": 55, "end": 92}], "Intervention": [], "Outcome": []}, "Evidence Propositions": []}, {"Section": "RESULTS", "Text": "It is extremely important to follow strict self-protection precautions .", "Evidence Elements": {"Participant": [], "Intervention": [], "Outcome": []}, "Evidence Propositions": []}, {"Section": "RESULTS", "Text": "Timely , but not premature , intubation is crucial to counter a progressively enlarging oxygen debt despite high-flow oxygen therapy and bilevel positive airway pressure ventilation .", "Evidence Elements": {"Participant": [], "Intervention": [], "Outcome": []}, "Evidence Propositions": []}, {"Section": "RESULTS", "Text": "Thorough preparation , satisfactory preoxygenation , modified rapid sequence induction , and rapid intubation using a video laryngoscope are widely used intubation strategies in Wuhan .", "Evidence Elements": {"Participant": [], "Intervention": [], "Outcome": []}, "Evidence Propositions": []}, {"Section": "RESULTS", "Text": "Lung-protective ventilation , prone position ventilation , and adequate sedation and analgesia are essential components of ventilation management .", "Evidence Elements": {"Participant": [], "Intervention": [], "Outcome": []}, "Evidence Propositions": []}, {"Section": "RESULTS", "Text": "The authors summarize the experience of managing intubation and ventilation for critically ill patients with COVID-19 in Wuhan . Anesthesiologists and intensivists are mandated to provide the best practices while following strict self-protection precautions .", "Evidence Elements": {"Participant": [{"term": "critically ill patients with COVID-19", "negation": "affirmed", "UMLS": "", "start": 80, "end": 117}, {"term": "Anesthesiologists", "negation": "affirmed", "UMLS": "", "start": 129, "end": 146}, {"term": "intensivists", "negation": "affirmed", "UMLS": "", "start": 151, "end": 163}], "Intervention": [], "Outcome": [{"term": "intubation", "negation": "affirmed", "UMLS": "", "start": 49, "end": 59}, {"term": "ventilation", "negation": "affirmed", "UMLS": "", "start": 64, "end": 75}]}, "Evidence Propositions": []}, {"Section": "CONCLUSIONS", "Text": "Supplemental Digital Content is available in the text .", "Evidence Elements": {"Participant": [], "Intervention": [], "Outcome": []}, "Evidence Propositions": []}]}