{"doc_id": "32192296", "type of study": "Therapy", "title": "", "abstract": "Corona virus disease 2019 (COVID-19) is currently raging in China.\nIt has been proven that COVID-19 can be transmitted from human to human and cause hospital infection, which seriously threatens surgical staffs and inpatients.\nAlthough colorectal surgery is not a front-line subject in the fight against the epidemic, but in this special situation, it is a difficult task to provide the highest quality medical services and ensure the orderly clinical work, on the premise of maximizing the protection for patients and their families, health of medical staff, and the safety of wards and hospitals, We summarize how to carry out the clinical practice of colorectal surgery under the situation of the prevention and control of the COVID-19 epidemiology, including the procedures of diagnose and treatment for emergency patients with colorectal tumor, and share the experiences of the diagnosis of colorectal tumor, the management of patients with colorectal cancer who are scheduled to be admitted for surgery, the protection of wards, the perioperative management.\nMore importantly, we introduce in detail the operative management and perioperative management of colorectal surgery patients suspected or diagnosed with new coronary pneumonia, including prevention and control measures for medical staff, operating rooms and surgical instruments.\nThe main points are as follows: (1) Multidisciplinary team (MDT) must be run through the diagnosis and treatment of colorectal cancer.\nThe members include not only routine departments, but also respiratory department and infectious department.\n(2) Colonoscopy examination may cause cross infection of COVID-19 to patients and doctors.\nTherefore, it is prior to examine the emergency cases and life-threatening patients (bleeding, obstruction, gastrointestinal foreign bodies, etc.).\nIf the emergent patients (intestinal obstruction) with suspected or confirmed COVID-19, the surgeons must perform emergency surgery, and intestinal decompressive tube through colonoscopy is not recommended.\n(3) The colorectal cancer patients with suspected or confirmed COVID-19 should be placed in the isolated room with separate medical devices, and the operative room with negative pressure (under -5 Pa) must be separated.\nAll disposable medical items, body fluids and feces of the patients in perioperative periods must be unified disposed according to the medical waste standard.\n(4) The surgical medical workers who process colorectal cancer patients with COVID-19 must be protected by three-level.\nAfter operation, the medical workers must receive medical observation and be isolated for 14 days.\nWe hope our \"Renji experience\" will be beneficial to colleagues.\n", "Evidence Map": {"Enrollment": [{"term": "colorectal surgery", "negation": "affirmed", "UMLS": "", "start": 99, "end": 117}, {"term": "new coronary pneumonia", "negation": "affirmed", "UMLS": "", "start": 155, "end": 177}, {"term": "emergency cases", "negation": "affirmed", "UMLS": "", "start": 39, "end": 54}, {"term": "life-threatening patients", "negation": "affirmed", "UMLS": "", "start": 59, "end": 84}, {"term": "bleeding", "negation": "affirmed", "UMLS": "", "start": 87, "end": 95}, {"term": "obstruction", "negation": "affirmed", "UMLS": "", "start": 98, "end": 109}, {"term": "colorectal cancer", "negation": "affirmed", "UMLS": "", "start": 10, "end": 27}, {"term": "suspected or confirmed COVID-19", "negation": "affirmed", "UMLS": "", "start": 42, "end": 73}], "Comparison Results": [], "Study Arm 1 Results": [], "Study Arm 2 Results": []}, "Sentence-level breakdown": [{"Section": "TITLE", "Text": "Corona virus disease 2019 ( COVID-19 ) is currently raging in China .", "Evidence Elements": {"Participant": [], "Intervention": [], "Outcome": []}, "Evidence Propositions": []}, {"Section": "METHODS", "Text": "More importantly , we introduce in detail the operative management and perioperative management of colorectal surgery patients suspected or diagnosed with new coronary pneumonia , including prevention and control measures for medical staff , operating rooms and surgical instruments .", "Evidence Elements": {"Participant": [{"term": "colorectal surgery", "negation": "affirmed", "UMLS": "", "start": 99, "end": 117}, {"term": "new coronary pneumonia", "negation": "affirmed", "UMLS": "", "start": 155, "end": 177}], "Intervention": [], "Outcome": [{"term": "operative management", "negation": "affirmed", "UMLS": "", "start": 46, "end": 66}, {"term": "perioperative management", "negation": "affirmed", "UMLS": "", "start": 71, "end": 95}, {"term": "measures", "negation": "affirmed", "UMLS": "", "start": 213, "end": 221}]}, "Evidence Propositions": []}, {"Section": "RESULTS", "Text": "The main points are as follows : ( 1 ) Multidisciplinary team ( MDT ) must be run through the diagnosis and treatment of colorectal cancer .", "Evidence Elements": {"Participant": [], "Intervention": [], "Outcome": []}, "Evidence Propositions": []}, {"Section": "RESULTS", "Text": "The members include not only routine departments , but also respiratory department and infectious department .", "Evidence Elements": {"Participant": [], "Intervention": [], "Outcome": []}, "Evidence Propositions": []}, {"Section": "RESULTS", "Text": "( 2 ) Colonoscopy examination may cause cross infection of COVID-19 to patients and doctors .", "Evidence Elements": {"Participant": [], "Intervention": [], "Outcome": []}, "Evidence Propositions": []}, {"Section": "RESULTS", "Text": "Therefore , it is prior to examine the emergency cases and life-threatening patients ( bleeding , obstruction , gastrointestinal foreign bodies , etc . ) .", "Evidence Elements": {"Participant": [{"term": "emergency cases", "negation": "affirmed", "UMLS": "", "start": 39, "end": 54}, {"term": "life-threatening patients", "negation": "affirmed", "UMLS": "", "start": 59, "end": 84}, {"term": "bleeding", "negation": "affirmed", "UMLS": "", "start": 87, "end": 95}, {"term": "obstruction", "negation": "affirmed", "UMLS": "", "start": 98, "end": 109}], "Intervention": [], "Outcome": []}, "Evidence Propositions": []}, {"Section": "RESULTS", "Text": "If the emergent patients ( intestinal obstruction ) with suspected or confirmed COVID-19 , the surgeons must perform emergency surgery , and intestinal decompressive tube through colonoscopy is not recommended .", "Evidence Elements": {"Participant": [], "Intervention": [], "Outcome": []}, "Evidence Propositions": []}, {"Section": "RESULTS", "Text": "( 3 ) The colorectal cancer patients with suspected or confirmed COVID-19 should be placed in the isolated room with separate medical devices , and the operative room with negative pressure ( under-5 Pa ) must be separated .", "Evidence Elements": {"Participant": [{"term": "colorectal cancer", "negation": "affirmed", "UMLS": "", "start": 10, "end": 27}, {"term": "suspected or confirmed COVID-19", "negation": "affirmed", "UMLS": "", "start": 42, "end": 73}], "Intervention": [], "Outcome": []}, "Evidence Propositions": []}, {"Section": "RESULTS", "Text": "All disposable medical items , body fluids and feces of the patients in perioperative periods must be unified disposed according to the medical waste standard .", "Evidence Elements": {"Participant": [], "Intervention": [], "Outcome": []}, "Evidence Propositions": []}, {"Section": "CONCLUSIONS", "Text": "( 4 ) The surgical medical workers who process colorectal cancer patients with COVID-19 must be protected by three-level .", "Evidence Elements": {"Participant": [], "Intervention": [], "Outcome": []}, "Evidence Propositions": []}, {"Section": "CONCLUSIONS", "Text": "After operation , the medical workers must receive medical observation and be isolated for 14 days .", "Evidence Elements": {"Participant": [], "Intervention": [], "Outcome": []}, "Evidence Propositions": []}, {"Section": "CONCLUSIONS", "Text": "We hope our \" Renji experience \" will be beneficial to colleagues .", "Evidence Elements": {"Participant": [], "Intervention": [], "Outcome": []}, "Evidence Propositions": []}]}