{"doc_id": "32192297", "type of study": "Therapy", "title": "", "abstract": "The outbreak of corona virus disease 2019 (COVID-19) makes the medical treatment of colorectal cancers difficult.\nCancer patients are more susceptible to infection and tumor history is defined as an important factor of poor prognosis, which challenges both doctors and patients.\nFor metastatic colorectal cancer (CRC) patients, maintenance therapy is the optimal choice.\nThe patients with tumor progression or poor biological behavior should receive or continue combination chemotherapy.\nAdjuvant chemotherapy should reduce the intensity of treatment and shorten the therapy time.\nFever patients during chemotherapy need to receive differential diagnosis and screening according to national standards.\nPatients with stable diseases and good general conditions may delay imaging examination.\nClinicians should make individual clinical decisions based on the specifics of each patient during epidemic situation.\n", "Evidence Map": {"Enrollment": [], "Comparison Results": [], "Study Arm 1 Results": [], "Study Arm 2 Results": []}, "Sentence-level breakdown": [{"Section": "TITLE", "Text": "The outbreak of corona virus disease 2019 ( COVID-19 ) makes the medical treatment of colorectal cancers difficult .", "Evidence Elements": {"Participant": [], "Intervention": [], "Outcome": []}, "Evidence Propositions": []}, {"Section": "RESULTS", "Text": "Adjuvant chemotherapy should reduce the intensity of treatment and shorten the therapy time .", "Evidence Elements": {"Participant": [], "Intervention": [], "Outcome": []}, "Evidence Propositions": []}, {"Section": "RESULTS", "Text": "Fever patients during chemotherapy need to receive differential diagnosis and screening according to national standards .", "Evidence Elements": {"Participant": [], "Intervention": [], "Outcome": []}, "Evidence Propositions": []}, {"Section": "RESULTS", "Text": "Patients with stable diseases and good general conditions may delay imaging examination .", "Evidence Elements": {"Participant": [], "Intervention": [], "Outcome": []}, "Evidence Propositions": []}, {"Section": "CONCLUSIONS", "Text": "Clinicians should make individual clinical decisions based on the specifics of each patient during epidemic situation .", "Evidence Elements": {"Participant": [], "Intervention": [], "Outcome": []}, "Evidence Propositions": []}]}