{"doc_id": "32196083", "type of study": "Therapy", "title": "", "abstract": "A novel coronavirus disease (COVID-19), caused by infection with SARS-CoV-2, has swept across 31 provinces in China and over 40 countries worldwide.\nThe transition from first symptoms to acute respiratory distress syndrome (ARDS) is highly likely to be due to uncontrolled cytokine release.\nThere is an urgent need to identify safe and effective drugs for treatment.\nChloroquine (CQ) exhibits a promising inhibitory effect.\nHowever, the clinical use of CQ can cause severe side effects.\nWe propose that hydroxychloroquine (HCQ), which exhibits an antiviral effect highly similar to that of CQ, could serve as a better therapeutic approach.\nHCQ is likely to attenuate the severe progression of COVID-19, inhibiting the cytokine storm by suppressing T cell activation.\nIt has a safer clinical profile and is suitable for those who are pregnant.\nIt is cheaper and more readily available in China.\nWe herein strongly urge that clinical trials are performed to assess the preventive effects of HCQ in both disease infection and progression.\n", "Evidence Map": {"Enrollment": [{"term": "pregnant", "negation": "affirmed", "UMLS": "", "start": 66, "end": 74}], "Comparison Results": [], "Study Arm 1 Results": [], "Study Arm 2 Results": []}, "Sentence-level breakdown": [{"Section": "TITLE", "Text": "A novel coronavirus disease ( COVID-19 ) , caused by infection with SARS-CoV-2 , has swept across 31 provinces in China and over 40 countries worldwide .", "Evidence Elements": {"Participant": [], "Intervention": [], "Outcome": []}, "Evidence Propositions": []}, {"Section": "OBJECTIVE", "Text": "We propose that hydroxychloroquine ( HCQ ) , which exhibits an antiviral effect highly similar to that of CQ , could serve as a better therapeutic approach .", "Evidence Elements": {"Participant": [], "Intervention": [{"term": "hydroxychloroquine ( HCQ", "negation": "affirmed", "UMLS": "", "start": 16, "end": 40}], "Outcome": []}, "Evidence Propositions": []}, {"Section": "RESULTS", "Text": "HCQ is likely to attenuate the severe progression of COVID-19 , inhibiting the cytokine storm by suppressing T cell activation .", "Evidence Elements": {"Participant": [], "Intervention": [{"term": "HCQ", "negation": "affirmed", "UMLS": "", "start": 0, "end": 3}], "Outcome": [{"term": "severe", "negation": "affirmed", "UMLS": "", "start": 31, "end": 37}, {"term": "cytokine storm", "negation": "affirmed", "UMLS": "", "start": 79, "end": 93}, {"term": "T cell", "negation": "affirmed", "UMLS": "", "start": 109, "end": 115}]}, "Evidence Propositions": [{"Intervention": "HCQ", "Observation": "attenuate", "Outcome": "severe", "Count": ""}, {"Intervention": "HCQ", "Observation": "inhibiting", "Outcome": "cytokine storm", "Count": ""}]}, {"Section": "RESULTS", "Text": "It has a safer clinical profile and is suitable for those who are pregnant .", "Evidence Elements": {"Participant": [{"term": "pregnant", "negation": "affirmed", "UMLS": "", "start": 66, "end": 74}], "Intervention": [], "Outcome": []}, "Evidence Propositions": []}, {"Section": "RESULTS", "Text": "It is cheaper and more readily available in China .", "Evidence Elements": {"Participant": [], "Intervention": [], "Outcome": []}, "Evidence Propositions": []}, {"Section": "CONCLUSIONS", "Text": "We herein strongly urge that clinical trials are performed to assess the preventive effects of HCQ in both disease infection and progression .", "Evidence Elements": {"Participant": [], "Intervention": [], "Outcome": []}, "Evidence Propositions": []}]}