{"doc_id": "32208840", "type of study": "Therapy", "title": "", "abstract": "Three leading infectious disease experts in China were invited to share their bedside observations in the management of COVID-19 patients.\nProfessor Taisheng Li was sent to Wuhan to provide frontline medical care.\nHe depicts the clinical course of SARS-CoV-2 infection.\nFurthermore, he observes the significant abnormality of coagulation function and proposes that the early intravenous immunoglobulin and low molecular weight heparin anticoagulation therapy are very important.\nProfessor Hongzhou Lu, a leader in China to try various anti-viral drugs, expresses concern on the quality of the ongoing clinical trials as most trials are small in scale and repetitive in nature, and emphasizes the importance of the quick publication of clinical trial results.\nRegarding the traditional Chinese medicine, Professor Lu suggests to develop a creative evaluation system because of the complicated chemical compositions.\nProfessor Wenhong Zhang is responsible for Shanghai's overall clinical management of the COVID-19 cases.\nHe introduces the team approach to manage COVID-19 patients.\nFor severe or critically ill patients, in addition to the respiratory supportive treatment, timely multiorgan evaluation and treatment is very crucial.\nThe medical decisions and interventions are carefully tailored to the unique characteristics of each patient.\n", "Evidence Map": {"Enrollment": [{"term": "SARS-CoV-2 infection", "negation": "affirmed", "UMLS": "", "start": 34, "end": 54}, {"term": "COVID-19", "negation": "affirmed", "UMLS": "", "start": 90, "end": 98}, {"term": "COVID-19", "negation": "affirmed", "UMLS": "", "start": 42, "end": 50}], "Comparison Results": [], "Study Arm 1 Results": [], "Study Arm 2 Results": []}, "Sentence-level breakdown": [{"Section": "TITLE", "Text": "Three leading infectious disease experts in China were invited to share their bedside observations in the management of COVID-19 patients .", "Evidence Elements": {"Participant": [], "Intervention": [], "Outcome": []}, "Evidence Propositions": []}, {"Section": "METHODS", "Text": "Professor Taisheng Li was sent to Wuhan to provide frontline medical care .", "Evidence Elements": {"Participant": [], "Intervention": [], "Outcome": []}, "Evidence Propositions": []}, {"Section": "RESULTS", "Text": "He depicts the clinical course of SARS-CoV-2 infection .", "Evidence Elements": {"Participant": [{"term": "SARS-CoV-2 infection", "negation": "affirmed", "UMLS": "", "start": 34, "end": 54}], "Intervention": [], "Outcome": [{"term": "clinical course", "negation": "affirmed", "UMLS": "", "start": 15, "end": 30}]}, "Evidence Propositions": []}, {"Section": "RESULTS", "Text": "Furthermore , he observes the significant abnormality of coagulation function and proposes that the early intravenous immunoglobulin and low molecular weight heparin anticoagulation therapy are very important .", "Evidence Elements": {"Participant": [], "Intervention": [], "Outcome": [{"term": "coagulation function", "negation": "affirmed", "UMLS": "", "start": 57, "end": 77}]}, "Evidence Propositions": []}, {"Section": "RESULTS", "Text": "Professor Hongzhou Lu , a leader in China to try various anti-viral drugs , expresses concern on the quality of the ongoing clinical trials as most trials are small in scale and repetitive in nature , and emphasizes the importance of the quick publication of clinical trial results .", "Evidence Elements": {"Participant": [], "Intervention": [], "Outcome": []}, "Evidence Propositions": []}, {"Section": "RESULTS", "Text": "Regarding the traditional Chinese medicine , Professor Lu suggests to develop a creative evaluation system because of the complicated chemical compositions .", "Evidence Elements": {"Participant": [], "Intervention": [], "Outcome": []}, "Evidence Propositions": []}, {"Section": "CONCLUSIONS", "Text": "Professor Wenhong Zhang is responsible for Shanghai 's overall clinical management of the COVID-19 cases .", "Evidence Elements": {"Participant": [{"term": "COVID-19", "negation": "affirmed", "UMLS": "", "start": 90, "end": 98}], "Intervention": [], "Outcome": []}, "Evidence Propositions": []}, {"Section": "CONCLUSIONS", "Text": "He introduces the team approach to manage COVID-19 patients .", "Evidence Elements": {"Participant": [{"term": "COVID-19", "negation": "affirmed", "UMLS": "", "start": 42, "end": 50}], "Intervention": [{"term": "team approach", "negation": "affirmed", "UMLS": "", "start": 18, "end": 31}], "Outcome": []}, "Evidence Propositions": []}, {"Section": "CONCLUSIONS", "Text": "For severe or critically ill patients , in addition to the respiratory supportive treatment , timely multiorgan evaluation and treatment is very crucial .", "Evidence Elements": {"Participant": [], "Intervention": [], "Outcome": []}, "Evidence Propositions": []}, {"Section": "CONCLUSIONS", "Text": "The medical decisions and interventions are carefully tailored to the unique characteristics of each patient .", "Evidence Elements": {"Participant": [], "Intervention": [], "Outcome": []}, "Evidence Propositions": []}]}