{"doc_id": "32205349", "type of study": "Therapy", "title": "", "abstract": "Novel severe acute respiratory syndrome coronavirus 2 (SARS-CoV-2) lies behind the ongoing outbreak of coronavirus disease 2019 (COVID-19).\nThere is a growing understanding of SARS-CoV-2 in virology, epidemiology, and clinical management strategies.\nHowever, no anti-SARS-CoV-2 drug or vaccine has been officially approved due to the absence of adequate evidence.\nScientists are racing to develop a treatment for COVID-19.\nRecent studies have revealed many attractive therapeutic options, even if some of them remain to be further confirmed in rigorous preclinical models and clinical trials.\nNovel severe acute respiratory syndrome coronavirus 2 (SARS-CoV-2) lies behind the ongoing outbreak of coronavirus disease 2019 (COVID-19).\nThere is a growing understanding of SARS-CoV-2 in virology, epidemiology, and clinical management strategies.\nHowever, no anti-SARS-CoV-2 drug or vaccine has been officially approved due to the absence of adequate evidence.\nScientists are racing to develop a treatment for COVID-19.\nRecent studies have revealed many attractive therapeutic options, even if some of them remain to be further confirmed in rigorous preclinical models and clinical trials.\nIn this minireview, we aim to summarize the updated potential approaches against SARS-CoV-2.\nWe emphasize that further efforts are warranted to develop the safest and most effective approach.\n", "Evidence Map": {"Enrollment": [], "Comparison Results": [], "Study Arm 1 Results": [], "Study Arm 2 Results": []}, "Sentence-level breakdown": [{"Section": "TITLE", "Text": "Novel severe acute respiratory syndrome coronavirus 2 ( SARS-CoV-2 ) lies behind the ongoing outbreak of coronavirus disease 2019 ( COVID-19 ) .", "Evidence Elements": {"Participant": [], "Intervention": [], "Outcome": []}, "Evidence Propositions": []}, {"Section": "RESULTS", "Text": "However , no anti-SARS-CoV-2 drug or vaccine has been officially approved due to the absence of adequate evidence .", "Evidence Elements": {"Participant": [], "Intervention": [], "Outcome": []}, "Evidence Propositions": []}, {"Section": "RESULTS", "Text": "Scientists are racing to develop a treatment for COVID-19 .", "Evidence Elements": {"Participant": [], "Intervention": [], "Outcome": []}, "Evidence Propositions": []}, {"Section": "RESULTS", "Text": "Recent studies have revealed many attractive therapeutic options , even if some of them remain to be further confirmed in rigorous preclinical models and clinical trials .", "Evidence Elements": {"Participant": [], "Intervention": [], "Outcome": []}, "Evidence Propositions": []}, {"Section": "RESULTS", "Text": "Novel severe acute respiratory syndrome coronavirus 2 ( SARS-CoV-2 ) lies behind the ongoing outbreak of coronavirus disease 2019 ( COVID-19 ) .", "Evidence Elements": {"Participant": [], "Intervention": [], "Outcome": []}, "Evidence Propositions": []}, {"Section": "RESULTS", "Text": "There is a growing understanding of SARS-CoV-2 in virology , epidemiology , and clinical management strategies .", "Evidence Elements": {"Participant": [], "Intervention": [], "Outcome": []}, "Evidence Propositions": []}, {"Section": "RESULTS", "Text": "However , no anti-SARS-CoV-2 drug or vaccine has been officially approved due to the absence of adequate evidence .", "Evidence Elements": {"Participant": [], "Intervention": [], "Outcome": []}, "Evidence Propositions": []}, {"Section": "RESULTS", "Text": "Scientists are racing to develop a treatment for COVID-19 .", "Evidence Elements": {"Participant": [], "Intervention": [], "Outcome": []}, "Evidence Propositions": []}, {"Section": "RESULTS", "Text": "Recent studies have revealed many attractive therapeutic options , even if some of them remain to be further confirmed in rigorous preclinical models and clinical trials .", "Evidence Elements": {"Participant": [], "Intervention": [], "Outcome": []}, "Evidence Propositions": []}, {"Section": "CONCLUSIONS", "Text": "In this minireview , we aim to summarize the updated potential approaches against SARS-CoV-2 .", "Evidence Elements": {"Participant": [], "Intervention": [], "Outcome": []}, "Evidence Propositions": []}, {"Section": "CONCLUSIONS", "Text": "We emphasize that further efforts are warranted to develop the safest and most effective approach .", "Evidence Elements": {"Participant": [], "Intervention": [], "Outcome": []}, "Evidence Propositions": []}]}