{"doc_id": "32204751", "type of study": "Therapy", "title": "", "abstract": "The recent ongoing outbreak of severe pneumonia associated with a novel coronavirus (SARS-CoV-2), currently of unknown origin, creates a world emergency that has put global public health institutions on high alert.\nAt present there is limited clinical information of the SARS-CoV-2 and there is no specific treatment recommended, although technical guidances and suggestions have been developed and will continue to be updated as additional information becomes available.\nPreventive treatment has an important role to control and avoid the spread of severe respiratory disease, but often is difficult to obtain and sometimes cannot be effective to reduce the risk of deterioration of the underlining lung pathology.\nIn order to define an effective and safe treatment for SARS-CoV-2-associated disease, we provide considerations on the actual treatments, on how to avoid complications and the undesirable side effects related to them and to select and apply earlier the most appropriate treatment.\nApproaching to treat severe respiratory disease in infants and children, the risks related to the development of atelectasis starting invasive or non-invasive ventilation support and the risk of oxygen toxicity must be taken into serious consideration.\nFor an appropriate and effective approach to treat severe pediatric respiratory diseases, two main different strategies can be proposed according to the stage and severity of the patient conditions: patient in the initial phase and with non-severe lung pathology and patient with severe initial respiratory impairment and/or with delay in arrival to observation.\nThe final outcome is strictly connected with the ability to apply an appropriate treatment early and to reduce all the complications that can arise during the intensive care admission.\n", "Evidence Map": {"Enrollment": [{"term": "SARS-CoV-2-associated disease", "negation": "affirmed", "UMLS": "", "start": 55, "end": 84}, {"term": "severe pediatric respiratory diseases", "negation": "affirmed", "UMLS": "", "start": 51, "end": 88}, {"term": "non-severe lung pathology", "negation": "affirmed", "UMLS": "", "start": 239, "end": 264}, {"term": "severe initial respiratory impairment", "negation": "affirmed", "UMLS": "", "start": 282, "end": 319}, {"term": "delay", "negation": "affirmed", "UMLS": "", "start": 334, "end": 339}], "Comparison Results": [], "Study Arm 1 Results": [], "Study Arm 2 Results": []}, "Sentence-level breakdown": [{"Section": "TITLE", "Text": "The recent ongoing outbreak of severe pneumonia associated with a novel coronavirus ( SARS-CoV-2 ) , currently of unknown origin , creates a world emergency that has put global public health institutions on high alert .", "Evidence Elements": {"Participant": [], "Intervention": [], "Outcome": []}, "Evidence Propositions": []}, {"Section": "RESULTS", "Text": "In order to define an effective and safe treatment for SARS-CoV-2-associated disease , we provide considerations on the actual treatments , on how to avoid complications and the undesirable side effects related to them and to select and apply earlier the most appropriate treatment .", "Evidence Elements": {"Participant": [{"term": "SARS-CoV-2-associated disease", "negation": "affirmed", "UMLS": "", "start": 55, "end": 84}], "Intervention": [], "Outcome": []}, "Evidence Propositions": []}, {"Section": "RESULTS", "Text": "Approaching to treat severe respiratory disease in infants and children , the risks related to the development of atelectasis starting invasive or non-invasive ventilation support and the risk of oxygen toxicity must be taken into serious consideration .", "Evidence Elements": {"Participant": [], "Intervention": [], "Outcome": []}, "Evidence Propositions": []}, {"Section": "RESULTS", "Text": "For an appropriate and effective approach to treat severe pediatric respiratory diseases , two main different strategies can be proposed according to the stage and severity of the patient conditions : patient in the initial phase and with non-severe lung pathology and patient with severe initial respiratory impairment and / or with delay in arrival to observation .", "Evidence Elements": {"Participant": [{"term": "severe pediatric respiratory diseases", "negation": "affirmed", "UMLS": "", "start": 51, "end": 88}, {"term": "non-severe lung pathology", "negation": "affirmed", "UMLS": "", "start": 239, "end": 264}, {"term": "severe initial respiratory impairment", "negation": "affirmed", "UMLS": "", "start": 282, "end": 319}, {"term": "delay", "negation": "affirmed", "UMLS": "", "start": 334, "end": 339}], "Intervention": [], "Outcome": []}, "Evidence Propositions": []}, {"Section": "CONCLUSIONS", "Text": "The final outcome is strictly connected with the ability to apply an appropriate treatment early and to reduce all the complications that can arise during the intensive care admission .", "Evidence Elements": {"Participant": [], "Intervention": [], "Outcome": []}, "Evidence Propositions": []}]}