{"doc_id": "32202343", "type of study": "Therapy", "title": "", "abstract": "The coronavirus disease 2019 (COVID-19) pandemic has affected hundreds of thousands of people.\nData on symptoms and prognosis in children are rare.\nA systematic literature review was carried out to identify papers on COVID-19, which is caused by the severe acute respiratory syndrome coronavirus 2 (SARS-CoV-2), using the MEDLINE and Embase databases between January 1 and March 18, 2020.\nThe search identified 45 relevant scientific papers and letters.\nThe review showed that children have so far accounted for 1%-5% of diagnosed COVID-19 cases, they often have milder disease than adults and deaths have been extremely rare.\nDiagnostic findings have been similar to adults, with fever and respiratory symptoms being prevalent, but fewer children seem to have developed severe pneumonia.\nElevated inflammatory markers were less common in children, and lymphocytopenia seemed rare.\nNewborn infants have developed symptomatic COVID-19, but evidence of vertical intrauterine transmission was scarce.\nSuggested treatment included providing oxygen, inhalations, nutritional support and maintaining fluids and electrolyte balances.\nThe coronavirus disease 2019 has occurred in children, but they seemed to have a milder disease course and better prognosis than adults.\nDeaths were extremely rare.\n", "Evidence Map": {"Enrollment": [{"term": "severe acute respiratory syndrome coronavirus 2 ( SARS-CoV-2 )", "negation": "affirmed", "UMLS": "", "start": 103, "end": 165}, {"term": "children", "negation": "affirmed", "UMLS": "", "start": 23, "end": 31}, {"term": "children", "negation": "affirmed", "UMLS": "", "start": 50, "end": 58}], "Comparison Results": [], "Study Arm 1 Results": [], "Study Arm 2 Results": []}, "Sentence-level breakdown": [{"Section": "TITLE", "Text": "The coronavirus disease 2019 ( COVID-19) pandemic has affected hundreds of thousands of people .", "Evidence Elements": {"Participant": [], "Intervention": [], "Outcome": []}, "Evidence Propositions": []}, {"Section": "METHODS", "Text": "A systematic literature review was carried out to identify papers on COVID-19 , which is caused by the severe acute respiratory syndrome coronavirus 2 ( SARS-CoV-2 ) , using the MEDLINE and Embase databases between January 1 and March 18 , 2020 .", "Evidence Elements": {"Participant": [{"term": "severe acute respiratory syndrome coronavirus 2 ( SARS-CoV-2 )", "negation": "affirmed", "UMLS": "", "start": 103, "end": 165}], "Intervention": [], "Outcome": []}, "Evidence Propositions": []}, {"Section": "METHODS", "Text": "The search identified 45 relevant scientific papers and letters .", "Evidence Elements": {"Participant": [], "Intervention": [], "Outcome": []}, "Evidence Propositions": []}, {"Section": "RESULTS", "Text": "The review showed that children have so far accounted for 1 %-5 % of diagnosed COVID-19 cases , they often have milder disease than adults and deaths have been extremely rare .", "Evidence Elements": {"Participant": [{"term": "children", "negation": "affirmed", "UMLS": "", "start": 23, "end": 31}], "Intervention": [], "Outcome": []}, "Evidence Propositions": []}, {"Section": "RESULTS", "Text": "Diagnostic findings have been similar to adults , with fever and respiratory symptoms being prevalent , but fewer children seem to have developed severe pneumonia .", "Evidence Elements": {"Participant": [], "Intervention": [], "Outcome": []}, "Evidence Propositions": []}, {"Section": "RESULTS", "Text": "Elevated inflammatory markers were less common in children , and lymphocytopenia seemed rare .", "Evidence Elements": {"Participant": [{"term": "children", "negation": "affirmed", "UMLS": "", "start": 50, "end": 58}], "Intervention": [], "Outcome": [{"term": "Elevated inflammatory markers", "negation": "affirmed", "UMLS": "", "start": 0, "end": 29}, {"term": "lymphocytopenia", "negation": "affirmed", "UMLS": "", "start": 65, "end": 80}]}, "Evidence Propositions": [{"Intervention": [], "Observation": "less common", "Outcome": "Elevated inflammatory markers", "Count": ""}]}, {"Section": "CONCLUSIONS", "Text": "Newborn infants have developed symptomatic COVID-19 , but evidence of vertical intrauterine transmission was scarce .", "Evidence Elements": {"Participant": [], "Intervention": [], "Outcome": []}, "Evidence Propositions": []}, {"Section": "CONCLUSIONS", "Text": "Suggested treatment included providing oxygen , inhalations , nutritional support and maintaining fluids and electrolyte balances .", "Evidence Elements": {"Participant": [], "Intervention": [], "Outcome": []}, "Evidence Propositions": []}, {"Section": "CONCLUSIONS", "Text": "The coronavirus disease 2019 has occurred in children , but they seemed to have a milder disease course and better prognosis than adults .", "Evidence Elements": {"Participant": [], "Intervention": [], "Outcome": []}, "Evidence Propositions": []}, {"Section": "CONCLUSIONS", "Text": "Deaths were extremely rare .", "Evidence Elements": {"Participant": [], "Intervention": [], "Outcome": [{"term": "Deaths", "negation": "affirmed", "UMLS": "", "start": 0, "end": 6}]}, "Evidence Propositions": []}]}