{"doc_id": "32208987", "type of study": "Therapy", "title": "", "abstract": "During the spread of the severe acute respiratory syndrome coronavirus-2, some reports of data still emerging and in need of full analysis indicate that certain groups of patients are at risk of COVID-19.\nThis includes patients with hypertension, heart disease, diabetes mellitus, and clearly the elderly.\nMany of those patients are treated with renin-angiotensin system blockers.\nBecause the ACE2 (angiotensin-converting enzyme 2) protein is the receptor that facilitates coronavirus entry into cells, the notion has been popularized that treatment with renin-angiotensin system blockers might increase the risk of developing a severe and fatal severe acute respiratory syndrome coronavirus-2 infection.\nThe present article discusses this concept.\nACE2 in its full-length form is a membrane-bound enzyme, whereas its shorter (soluble) form circulates in blood at very low levels.\nAs a mono-carboxypeptidase, ACE2 contributes to the degradation of several substrates including angiotensins I and II.\nACE (angiotensin-converting enzyme) inhibitors do not inhibit ACE2 because ACE and ACE2 are different enzymes.\nAlthough angiotensin II type 1 receptor blockers have been shown to upregulate ACE2 in experimental animals, the evidence is not always consistent and differs among the diverse angiotensin II type 1 receptor blockers and differing organs.\nMoreover, there are no data to support the notion that ACE inhibitor or angiotensin II type 1 receptor blocker administration facilitates coronavirus entry by increasing ACE2 expression in either animals or humans.\nIndeed, animal data support elevated ACE2 expression as conferring potential protective pulmonary and cardiovascular effects.\nIn summary, based on the currently available evidence, treatment with renin-angiotensin system blockers should not be discontinued because of concerns with coronavirus infection.\n", "Evidence Map": {"Enrollment": [{"term": "hypertension", "negation": "affirmed", "UMLS": "", "start": 28, "end": 40}, {"term": "heart disease", "negation": "affirmed", "UMLS": "", "start": 43, "end": 56}, {"term": "diabetes mellitus", "negation": "affirmed", "UMLS": "", "start": 59, "end": 76}], "Comparison Results": [], "Study Arm 1 Results": [], "Study Arm 2 Results": []}, "Sentence-level breakdown": [{"Section": "TITLE", "Text": "During the spread of the severe acute respiratory syndrome coronavirus-2 , some reports of data still emerging and in need of full analysis indicate that certain groups of patients are at risk of COVID-19 .", "Evidence Elements": {"Participant": [], "Intervention": [], "Outcome": []}, "Evidence Propositions": []}, {"Section": "RESULTS", "Text": "The present article discusses this concept .", "Evidence Elements": {"Participant": [], "Intervention": [], "Outcome": []}, "Evidence Propositions": []}, {"Section": "RESULTS", "Text": "ACE2 in its full-length form is a membrane-bound enzyme , whereas its shorter ( soluble ) form circulates in blood at very low levels .", "Evidence Elements": {"Participant": [], "Intervention": [], "Outcome": []}, "Evidence Propositions": []}, {"Section": "RESULTS", "Text": "As a mono-carboxypeptidase , ACE2 contributes to the degradation of several substrates including angiotensins I and II .", "Evidence Elements": {"Participant": [], "Intervention": [], "Outcome": []}, "Evidence Propositions": []}, {"Section": "RESULTS", "Text": "ACE ( angiotensin-converting enzyme ) inhibitors do not inhibit ACE2 because ACE and ACE2 are different enzymes .", "Evidence Elements": {"Participant": [], "Intervention": [], "Outcome": []}, "Evidence Propositions": []}, {"Section": "RESULTS", "Text": "Although angiotensin II type 1 receptor blockers have been shown to upregulate ACE2 in experimental animals , the evidence is not always consistent and differs among the diverse angiotensin II type 1 receptor blockers and differing organs .", "Evidence Elements": {"Participant": [], "Intervention": [], "Outcome": []}, "Evidence Propositions": []}, {"Section": "RESULTS", "Text": "Moreover , there are no data to support the notion that ACE inhibitor or angiotensin II type 1 receptor blocker administration facilitates coronavirus entry by increasing ACE2 expression in either animals or humans .", "Evidence Elements": {"Participant": [], "Intervention": [{"term": "ACE inhibitor", "negation": "negated", "UMLS": "", "start": 56, "end": 69}, {"term": "II type 1 receptor blocker", "negation": "negated", "UMLS": "", "start": 85, "end": 111}], "Outcome": [{"term": "coronavirus entry", "negation": "negated", "UMLS": "", "start": 139, "end": 156}, {"term": "ACE2 expression", "negation": "negated", "UMLS": "", "start": 171, "end": 186}]}, "Evidence Propositions": []}, {"Section": "CONCLUSIONS", "Text": "Indeed , animal data support elevated ACE2 expression as conferring potential protective pulmonary and cardiovascular effects .", "Evidence Elements": {"Participant": [], "Intervention": [], "Outcome": [{"term": "ACE2 expression", "negation": "affirmed", "UMLS": "", "start": 38, "end": 53}, {"term": "pulmonary and cardiovascular", "negation": "affirmed", "UMLS": "", "start": 89, "end": 117}]}, "Evidence Propositions": []}, {"Section": "CONCLUSIONS", "Text": "In summary , based on the currently available evidence , treatment with renin-angiotensin system blockers should not be discontinued because of concerns with coronavirus infection .", "Evidence Elements": {"Participant": [], "Intervention": [{"term": "renin-angiotensin system blockers", "negation": "affirmed", "UMLS": "", "start": 72, "end": 105}], "Outcome": []}, "Evidence Propositions": []}]}