{"doc_id": "32201449", "type of study": "Therapy", "title": "", "abstract": "The 2019-novel coronavirus (nCoV) is a major source of disaster in the 21th century.\nHowever, the lack of specific drugs to prevent/treat an attack is a major need at this current point of time.\nIn this regard, we conducted a systematic review to identify major druggable targets in coronavirus (CoV).\nWe searched PubMed and RCSB database with keywords HCoV, NCoV, corona virus, SERS-CoV, MERS-CoV, 2019-nCoV, crystal structure, X-ray crystallography structure, NMR structure, target, and drug target till Feb 3, 2020.\nThe search identified seven major targets (spike protein, envelop protein, membrane protein, protease, nucleocapsid protein, hemagglutinin esterase, and helicase) for which drug design can be considered.\nThere are other 16 nonstructural proteins (NSPs), which can also be considered from the drug design perspective.\nThe major structural proteins and NSPs may serve an important role from drug design perspectives.\nHowever, the occurrence of frequent recombination events is a major deterrent factor toward the development of CoV-specific vaccines/drugs.\n", "Evidence Map": {"Enrollment": [{"term": "coronavirus", "negation": "affirmed", "UMLS": "", "start": 89, "end": 100}], "Comparison Results": [], "Study Arm 1 Results": [], "Study Arm 2 Results": []}, "Sentence-level breakdown": [{"Section": "TITLE", "Text": "The 2019-novel coronavirus ( nCoV ) is a major source of disaster in the 21th century .", "Evidence Elements": {"Participant": [], "Intervention": [], "Outcome": []}, "Evidence Propositions": []}, {"Section": "OBJECTIVE", "Text": "In this regard , we conducted a systematic review to identify major druggable targets in coronavirus ( CoV ) .", "Evidence Elements": {"Participant": [{"term": "coronavirus", "negation": "affirmed", "UMLS": "", "start": 89, "end": 100}], "Intervention": [], "Outcome": [{"term": "major druggable targets", "negation": "affirmed", "UMLS": "", "start": 62, "end": 85}]}, "Evidence Propositions": []}, {"Section": "METHODS", "Text": "We searched PubMed and RCSB database with keywords HCoV , NCoV , corona virus , SERS-CoV , MERS-CoV , 2019-nCoV , crystal structure , X-ray crystallography structure , NMR structure , target , and drug target till Feb 3 , 2020 .", "Evidence Elements": {"Participant": [], "Intervention": [], "Outcome": []}, "Evidence Propositions": []}, {"Section": "RESULTS", "Text": "The search identified seven major targets ( spike protein , envelop protein , membrane protein , protease , nucleocapsid protein , hemagglutinin esterase , and helicase ) for which drug design can be considered .", "Evidence Elements": {"Participant": [], "Intervention": [], "Outcome": [{"term": "spike protein", "negation": "affirmed", "UMLS": "", "start": 44, "end": 57}, {"term": "envelop protein", "negation": "affirmed", "UMLS": "", "start": 60, "end": 75}, {"term": "membrane protein", "negation": "affirmed", "UMLS": "", "start": 78, "end": 94}, {"term": "protease", "negation": "affirmed", "UMLS": "", "start": 97, "end": 105}, {"term": "nucleocapsid protein", "negation": "affirmed", "UMLS": "", "start": 108, "end": 128}, {"term": "hemagglutinin esterase", "negation": "affirmed", "UMLS": "", "start": 131, "end": 153}, {"term": "helicase", "negation": "affirmed", "UMLS": "", "start": 160, "end": 168}]}, "Evidence Propositions": []}, {"Section": "RESULTS", "Text": "There are other 16 nonstructural proteins ( NSPs ) , which can also be considered from the drug design perspective .", "Evidence Elements": {"Participant": [], "Intervention": [], "Outcome": []}, "Evidence Propositions": []}, {"Section": "RESULTS", "Text": "The major structural proteins and NSPs may serve an important role from drug design perspectives .", "Evidence Elements": {"Participant": [], "Intervention": [], "Outcome": []}, "Evidence Propositions": []}, {"Section": "CONCLUSIONS", "Text": "However , the occurrence of frequent recombination events is a major deterrent factor toward the development of CoV-specific vaccines / drugs .", "Evidence Elements": {"Participant": [], "Intervention": [], "Outcome": []}, "Evidence Propositions": []}]}