{"doc_id": "32206694", "type of study": "Therapy", "title": "", "abstract": "The emergence of 2019 novel coronavirus (2019-nCoV) is of global concern and might have emerged from RNA recombination among existing coronaviruses.\nCoV spike (S) protein which is crucial for receptor binding, membrane fusion via conformational changes, internalization of the virus, host tissue tropism and comprises crucial targets for vaccine development, remain largely uncharacterized.\nTherefore, the present study has been planned to determine the sequence variation, structural and antigenic divergence of S glycoprotein which may be helpful for the management of 2019-nCoV infection.\nThe sequences of spike glycoprotein of 2019-nCoV and SARS coronavirus (SARS-CoV) were used for the comparison.\nThe sequence variations were determined using EMBOSS Needle pairwise sequence alignment tools.\nThe variation in glycosylation sites was predicted by NetNGlyc 1.0 and validated by N-GlyDE server.\nAntigenicity was predicted by NetCTL 1.2 and validated by IEDB Analysis Resource server.\nThe structural divergence was determined by using SuperPose Version 1.0 based on cryo-EM structure of the SARS coronavirus spike glycoprotein.\nOur data suggests that 2019-nCoV is newly spilled coronavirus into humans in China is closely related to SARS-CoV, which has only 12.8% of difference with SARS-CoV in S protein and has 83.9% similarity in minimal receptor-binding domain with SARS-CoV. Addition of a novel glycosylation sites were observed in 2019-nCoV. In addition, antigenic analysis proposes that great antigenic differences exist between both the viral strains, but some of the epitopes were found to be similar between both the S proteins.\nIn spite of the variation in S protein amino acid composition, we found no significant difference in their structures.\nCollectively, for the first time our results exhibit the emergence of human 2019-nCoV is closely related to predecessor SARS-CoV and provide the evidence that 2019-nCoV uses various novel glycosylation sites as SARS-CoV and may have a potential to become pandemic owing its antigenic discrepancy.\nFurther, demonstration of novel Cytotoxic T lymphocyte epitopes may impart opportunities for the development of peptide based vaccine for the prevention of 2019-nCoV.\n", "Evidence Map": {"Enrollment": [], "Comparison Results": [], "Study Arm 1 Results": [], "Study Arm 2 Results": []}, "Sentence-level breakdown": [{"Section": "TITLE", "Text": "The emergence of 2019 novel coronavirus ( 2019-nCoV ) is of global concern and might have emerged from RNA recombination among existing coronaviruses .", "Evidence Elements": {"Participant": [], "Intervention": [], "Outcome": []}, "Evidence Propositions": []}, {"Section": "OBJECTIVE", "Text": "Therefore , the present study has been planned to determine the sequence variation , structural and antigenic divergence of S glycoprotein which may be helpful for the management of 2019-nCoV infection .", "Evidence Elements": {"Participant": [], "Intervention": [{"term": "S glycoprotein", "negation": "affirmed", "UMLS": "", "start": 124, "end": 138}], "Outcome": [{"term": "sequence variation", "negation": "affirmed", "UMLS": "", "start": 64, "end": 82}, {"term": "structural and antigenic divergence", "negation": "affirmed", "UMLS": "", "start": 85, "end": 120}]}, "Evidence Propositions": []}, {"Section": "METHODS", "Text": "The sequences of spike glycoprotein of 2019-nCoV and SARS coronavirus ( SARS-CoV ) were used for the comparison .", "Evidence Elements": {"Participant": [], "Intervention": [], "Outcome": [{"term": "glycoprotein of 2019-nCoV", "negation": "affirmed", "UMLS": "", "start": 23, "end": 48}, {"term": "coronavirus ( SARS-CoV )", "negation": "affirmed", "UMLS": "", "start": 58, "end": 82}]}, "Evidence Propositions": []}, {"Section": "METHODS", "Text": "The sequence variations were determined using EMBOSS Needle pairwise sequence alignment tools .", "Evidence Elements": {"Participant": [], "Intervention": [], "Outcome": [{"term": "sequence variations", "negation": "affirmed", "UMLS": "", "start": 4, "end": 23}]}, "Evidence Propositions": []}, {"Section": "METHODS", "Text": "The variation in glycosylation sites was predicted by NetNGlyc 1.0 and validated by N-GlyDE server .", "Evidence Elements": {"Participant": [], "Intervention": [], "Outcome": [{"term": "variation in glycosylation sites", "negation": "affirmed", "UMLS": "", "start": 4, "end": 36}]}, "Evidence Propositions": []}, {"Section": "METHODS", "Text": "Antigenicity was predicted by NetCTL 1.2 and validated by IEDB Analysis Resource server .", "Evidence Elements": {"Participant": [], "Intervention": [], "Outcome": [{"term": "Antigenicity", "negation": "affirmed", "UMLS": "", "start": 0, "end": 12}]}, "Evidence Propositions": []}, {"Section": "METHODS", "Text": "The structural divergence was determined by using SuperPose Version 1.0 based on cryo-EM structure of the SARS coronavirus spike glycoprotein .", "Evidence Elements": {"Participant": [], "Intervention": [], "Outcome": [{"term": "structural divergence", "negation": "affirmed", "UMLS": "", "start": 4, "end": 25}]}, "Evidence Propositions": []}, {"Section": "RESULTS", "Text": "Our data suggests that 2019-nCoV is newly spilled coronavirus into humans in China is closely related to SARS-CoV , which has only 12.8 % of difference with SARS-CoV in S protein and has 83.9 % similarity in minimal receptor-binding domain with SARS-CoV . Addition of a novel glycosylation sites were observed in 2019-nCoV . In addition , antigenic analysis proposes that great antigenic differences exist between both the viral strains , but some of the epitopes were found to be similar between both the S proteins", "Evidence Elements": {"Participant": [], "Intervention": [{"term": "2019-nCoV", "negation": "affirmed", "UMLS": "", "start": 23, "end": 32}, {"term": "both the viral strains", "negation": "affirmed", "UMLS": "", "start": 414, "end": 436}], "Outcome": [{"term": "Addition of a novel glycosylation sites", "negation": "affirmed", "UMLS": "", "start": 256, "end": 295}, {"term": "antigenic differences", "negation": "affirmed", "UMLS": "", "start": 378, "end": 399}, {"term": "epitopes", "negation": "affirmed", "UMLS": "", "start": 455, "end": 463}]}, "Evidence Propositions": [{"Intervention": "2019-nCoV", "Observation": "83.9 % similarity", "Outcome": "epitopes", "Count": ""}]}, {"Section": "RESULTS", "Text": "In spite of the variation in S protein amino acid composition , we found no significant difference in their structures .", "Evidence Elements": {"Participant": [], "Intervention": [], "Outcome": []}, "Evidence Propositions": []}, {"Section": "CONCLUSIONS", "Text": "Collectively , for the first time our results exhibit the emergence of human 2019-nCoV is closely related to predecessor SARS-CoV and provide the evidence that 2019-nCoV uses various novel glycosylation sites as SARS-CoV and may have a potential to become pandemic owing its antigenic discrepancy .", "Evidence Elements": {"Participant": [], "Intervention": [], "Outcome": []}, "Evidence Propositions": []}, {"Section": "CONCLUSIONS", "Text": "Further , demonstration of novel Cytotoxic T lymphocyte epitopes may impart opportunities for the development of peptide based vaccine for the prevention of 2019-nCoV .", "Evidence Elements": {"Participant": [], "Intervention": [], "Outcome": []}, "Evidence Propositions": []}]}