{"doc_id": "32203711", "type of study": "Therapy", "title": "", "abstract": "WHO interim guidelines recommend offering extracorporeal membrane oxygenation (ECMO) to eligible patients with acute respiratory distress syndrome (ARDS) related to coronavirus disease 2019 (COVID-19).\nThe number of patients with COVID-19 infection who might develop severe ARDS that is refractory to maximal medical management and require this level of support is currently unknown.\nAvailable evidence from similar patient populations suggests that carefully selected patients with severe ARDS who do not benefit from conventional treatment might be successfully supported with venovenous ECMO.\nThe need for ECMO is relatively low and its use is mostly restricted to specialised centres globally.\nProviding complex therapies such as ECMO during outbreaks of emerging infectious diseases has unique challenges.\nCareful planning, judicious resource allocation, and training of personnel to provide complex therapeutic interventions while adhering to strict infection control measures are all crucial components of an ECMO action plan.\nECMO can be initiated in specialist centres, or patients can receive ECMO during transportation from a centre that is not specialised for this procedure to an expert ECMO centre.\nEnsuring that systems enable safe and coordinated movement of critically ill patients, staff, and equipment is important to improve ECMO access.\nECMO preparedness for the COVID-19 pandemic is important in view of the high transmission rate of the virus and respiratory-related mortality.\n", "Evidence Map": {"Enrollment": [{"term": ")", "negation": "affirmed", "UMLS": "", "start": 85, "end": 86}, {"term": "severe ARDS", "negation": "affirmed", "UMLS": "", "start": 99, "end": 110}], "Comparison Results": [], "Study Arm 1 Results": [], "Study Arm 2 Results": []}, "Sentence-level breakdown": [{"Section": "TITLE", "Text": "WHO interim guidelines recommend offering extracorporeal membrane oxygenation ( ECMO ) to eligible patients with acute respiratory distress syndrome ( ARDS ) related to coronavirus disease 2019 ( COVID-19 ) .", "Evidence Elements": {"Participant": [{"term": ")", "negation": "affirmed", "UMLS": "", "start": 85, "end": 86}], "Intervention": [], "Outcome": []}, "Evidence Propositions": []}, {"Section": "RESULTS", "Text": "Available evidence from similar patient populations suggests that carefully selected patients with severe ARDS who do not benefit from conventional treatment might be successfully supported with venovenous ECMO .", "Evidence Elements": {"Participant": [{"term": "severe ARDS", "negation": "affirmed", "UMLS": "", "start": 99, "end": 110}], "Intervention": [{"term": "conventional treatment", "negation": "negated", "UMLS": "", "start": 135, "end": 157}, {"term": "venovenous ECMO", "negation": "negated", "UMLS": "", "start": 195, "end": 210}], "Outcome": []}, "Evidence Propositions": []}, {"Section": "RESULTS", "Text": "The need for ECMO is relatively low and its use is mostly restricted to specialised centres globally .", "Evidence Elements": {"Participant": [], "Intervention": [], "Outcome": []}, "Evidence Propositions": []}, {"Section": "RESULTS", "Text": "Providing complex therapies such as ECMO during outbreaks of emerging infectious diseases has unique challenges .", "Evidence Elements": {"Participant": [], "Intervention": [], "Outcome": []}, "Evidence Propositions": []}, {"Section": "RESULTS", "Text": "Careful planning , judicious resource allocation , and training of personnel to provide complex therapeutic interventions while adhering to strict infection control measures are all crucial components of an ECMO action plan .", "Evidence Elements": {"Participant": [], "Intervention": [], "Outcome": []}, "Evidence Propositions": []}, {"Section": "RESULTS", "Text": "ECMO can be initiated in specialist centres , or patients can receive ECMO during transportation from a centre that is not specialised for this procedure to an expert ECMO centre .", "Evidence Elements": {"Participant": [], "Intervention": [], "Outcome": []}, "Evidence Propositions": []}, {"Section": "RESULTS", "Text": "Ensuring that systems enable safe and coordinated movement of critically ill patients , staff , and equipment is important to improve ECMO access .", "Evidence Elements": {"Participant": [], "Intervention": [], "Outcome": []}, "Evidence Propositions": []}, {"Section": "CONCLUSIONS", "Text": "ECMO preparedness for the COVID-19 pandemic is important in view of the high transmission rate of the virus and respiratory-related mortality .", "Evidence Elements": {"Participant": [], "Intervention": [], "Outcome": []}, "Evidence Propositions": []}]}