{"doc_id": "32208983", "type of study": "Therapy", "title": "", "abstract": "The COVID-19 pandemic is driving significant change in the healthcare system and disrupting the best practices for diabetic limb preservation, leaving large numbers of patients without care.\nPatients with diabetes and foot ulcers are at increased risk for infections, hospitalization, amputations, and death.\nPodiatric care is associated with fewer diabetes-related amputations, ER visits, hospitalizations, length-of-stay, and costs.\nBut podiatrists must mobilize and adopt the new paradigm of shifts away from hospital care to community-based care.\nImplementing the proposed Pandemic Diabetic Foot Triage System, in-home visits, higher acuity office visits, telemedicine, and remote patient monitoring can help podiatrists manage patients while reducing the COVID-19 risk.\nThe goal of podiatrists during the pandemic is to reduce the burden on the healthcare system by keeping diabetic foot and wound patients safe, functional, and at home.\n", "Evidence Map": {"Enrollment": [{"term": "diabetes", "negation": "affirmed", "UMLS": "", "start": 14, "end": 22}, {"term": "foot ulcers", "negation": "affirmed", "UMLS": "", "start": 27, "end": 38}, {"term": "podiatrists", "negation": "affirmed", "UMLS": "", "start": 166, "end": 177}], "Comparison Results": [], "Study Arm 1 Results": [], "Study Arm 2 Results": []}, "Sentence-level breakdown": [{"Section": "TITLE", "Text": "The COVID-19 pandemic is driving significant change in the healthcare system and disrupting the best practices for diabetic limb preservation , leaving large numbers of patients without care .", "Evidence Elements": {"Participant": [], "Intervention": [], "Outcome": []}, "Evidence Propositions": []}, {"Section": "RESULTS", "Text": "Patients with diabetes and foot ulcers are at increased risk for infections , hospitalization , amputations , and death .", "Evidence Elements": {"Participant": [{"term": "diabetes", "negation": "affirmed", "UMLS": "", "start": 14, "end": 22}, {"term": "foot ulcers", "negation": "affirmed", "UMLS": "", "start": 27, "end": 38}], "Intervention": [], "Outcome": [{"term": "infections", "negation": "affirmed", "UMLS": "", "start": 65, "end": 75}, {"term": "hospitalization", "negation": "affirmed", "UMLS": "", "start": 78, "end": 93}, {"term": "amputations", "negation": "affirmed", "UMLS": "", "start": 96, "end": 107}]}, "Evidence Propositions": []}, {"Section": "RESULTS", "Text": "Podiatric care is associated with fewer diabetes-related amputations , ER visits , hospitalizations , length-of-stay , and costs .", "Evidence Elements": {"Participant": [], "Intervention": [{"term": "Podiatric care", "negation": "affirmed", "UMLS": "", "start": 0, "end": 14}], "Outcome": [{"term": "diabetes-related amputations", "negation": "affirmed", "UMLS": "", "start": 40, "end": 68}, {"term": "ER visits", "negation": "affirmed", "UMLS": "", "start": 71, "end": 80}, {"term": "hospitalizations", "negation": "affirmed", "UMLS": "", "start": 83, "end": 99}]}, "Evidence Propositions": []}, {"Section": "RESULTS", "Text": "But podiatrists must mobilize and adopt the new paradigm of shifts away from hospital care to community-based care .", "Evidence Elements": {"Participant": [], "Intervention": [], "Outcome": []}, "Evidence Propositions": []}, {"Section": "CONCLUSIONS", "Text": "Implementing the proposed Pandemic Diabetic Foot Triage System , in-home visits , higher acuity office visits , telemedicine , and remote patient monitoring can help podiatrists manage patients while reducing the COVID-19 risk .", "Evidence Elements": {"Participant": [{"term": "podiatrists", "negation": "affirmed", "UMLS": "", "start": 166, "end": 177}], "Intervention": [{"term": "Pandemic Diabetic Foot Triage System", "negation": "affirmed", "UMLS": "", "start": 26, "end": 62}], "Outcome": []}, "Evidence Propositions": []}, {"Section": "CONCLUSIONS", "Text": "The goal of podiatrists during the pandemic is to reduce the burden on the healthcare system by keeping diabetic foot and wound patients safe , functional , and at home .", "Evidence Elements": {"Participant": [], "Intervention": [], "Outcome": []}, "Evidence Propositions": []}]}