{"doc_id": "32205232", "type of study": "Therapy", "title": "", "abstract": "Lianhuaqingwen (LH) as traditional Chinese medicine (TCM) formula has been used to treat influenza and exerted broad-spectrum antiviral effects on a series of influenza viruses and immune regulatory effects Ding et al. (2017).\nThe goal of this study is to demonstrate the antiviral activity of LH against the novel SARS-CoV-2 virus and its potential effect in regulating host immune response.\nThe antiviral activity of LH against SARS-CoV-2 was assessed in Vero E6 cells using CPE and plaque reduction assay.\nThe effect of LH on virion morphology was visualized under transmission electron microscope.\nPro-inflammatory cytokine expression levels upon SARS-CoV-2 infection in Huh-7 cells were measured by real-time quantitative PCR assays.\nLH significantly inhibited SARS-CoV-2 replication in Vero E6 cells and markedly reduced pro-inflammatory cytokines (TNF-alpha, IL-6, CCL-2/MCP-1 and CXCL-10/IP-10) production at the mRNA levels.\nFurthermore, LH treatment resulted in abnormal particle morphology of virion in cells.\nLH significantly inhibits the SARS-COV-2 replication, affects virus morphology and exerts anti-inflammatory activity in vitro.\nThese findings indicate that LH protects against the virus attack, making its use a novel strategy for controlling the COVID-19 disease.\n", "Evidence Map": {"Enrollment": [{"term": "SARS-CoV-2 virus", "negation": "affirmed", "UMLS": "", "start": 88, "end": 104}, {"term": "Huh-7", "negation": "affirmed", "UMLS": "", "start": 73, "end": 78}, {"term": "Vero", "negation": "affirmed", "UMLS": "", "start": 53, "end": 57}, {"term": "COVID-19", "negation": "affirmed", "UMLS": "", "start": 120, "end": 128}], "Comparison Results": [], "Study Arm 1 Results": [], "Study Arm 2 Results": []}, "Sentence-level breakdown": [{"Section": "TITLE", "Text": "Lianhuaqingwen ( LH ) as traditional Chinese medicine ( TCM ) formula has been used to treat influenza and exerted broad-spectrum antiviral effects on a series of influenza viruses and immune regulatory effects Ding et al. ( 2017 ) .", "Evidence Elements": {"Participant": [], "Intervention": [], "Outcome": []}, "Evidence Propositions": []}, {"Section": "OBJECTIVE", "Text": "The goal of this study is to demonstrate the antiviral activity of LH against the novel SARS-CoV-2 virus and its potential effect in regulating host immune response .", "Evidence Elements": {"Participant": [{"term": "SARS-CoV-2 virus", "negation": "affirmed", "UMLS": "", "start": 88, "end": 104}], "Intervention": [{"term": "LH", "negation": "affirmed", "UMLS": "", "start": 67, "end": 69}], "Outcome": [{"term": "antiviral activity", "negation": "affirmed", "UMLS": "", "start": 45, "end": 63}, {"term": "host immune response", "negation": "affirmed", "UMLS": "", "start": 144, "end": 164}]}, "Evidence Propositions": []}, {"Section": "METHODS", "Text": "The antiviral activity of LH against SARS-CoV-2 was assessed in Vero E6 cells using CPE and plaque reduction assay .", "Evidence Elements": {"Participant": [], "Intervention": [{"term": "LH against SARS-CoV-2", "negation": "affirmed", "UMLS": "", "start": 26, "end": 47}], "Outcome": [{"term": "antiviral activity", "negation": "affirmed", "UMLS": "", "start": 4, "end": 22}]}, "Evidence Propositions": []}, {"Section": "METHODS", "Text": "The effect of LH on virion morphology was visualized under transmission electron microscope .", "Evidence Elements": {"Participant": [], "Intervention": [{"term": "LH", "negation": "affirmed", "UMLS": "", "start": 14, "end": 16}], "Outcome": [{"term": "virion morphology", "negation": "affirmed", "UMLS": "", "start": 20, "end": 37}]}, "Evidence Propositions": []}, {"Section": "METHODS", "Text": "Pro-inflammatory cytokine expression levels upon SARS-CoV-2 infection in Huh-7 cells were measured by real-time quantitative PCR assays .", "Evidence Elements": {"Participant": [{"term": "Huh-7", "negation": "affirmed", "UMLS": "", "start": 73, "end": 78}], "Intervention": [{"term": "SARS-CoV-2 infection", "negation": "affirmed", "UMLS": "", "start": 49, "end": 69}], "Outcome": [{"term": "Pro-inflammatory cytokine expression levels", "negation": "affirmed", "UMLS": "", "start": 0, "end": 43}]}, "Evidence Propositions": []}, {"Section": "RESULTS", "Text": "LH significantly inhibited SARS-CoV-2 replication in Vero E6 cells and markedly reduced pro-inflammatory cytokines ( TNF-alpha , IL-6 , CCL-2 / MCP-1 and CXCL-10 / IP-10 ) production at the mRNA levels .", "Evidence Elements": {"Participant": [{"term": "Vero", "negation": "affirmed", "UMLS": "", "start": 53, "end": 57}], "Intervention": [{"term": "LH", "negation": "affirmed", "UMLS": "", "start": 0, "end": 2}], "Outcome": [{"term": "SARS-CoV-2 replication", "negation": "affirmed", "UMLS": "", "start": 27, "end": 49}, {"term": "pro-inflammatory cytokines", "negation": "affirmed", "UMLS": "", "start": 88, "end": 114}, {"term": "TNF-alpha", "negation": "affirmed", "UMLS": "", "start": 117, "end": 126}, {"term": "IL-6", "negation": "affirmed", "UMLS": "", "start": 129, "end": 133}, {"term": "MCP-1", "negation": "affirmed", "UMLS": "", "start": 144, "end": 149}, {"term": "IP-10", "negation": "affirmed", "UMLS": "", "start": 164, "end": 169}, {"term": "production", "negation": "affirmed", "UMLS": "", "start": 172, "end": 182}]}, "Evidence Propositions": []}, {"Section": "RESULTS", "Text": "Furthermore , LH treatment resulted in abnormal particle morphology of virion in cells .", "Evidence Elements": {"Participant": [], "Intervention": [{"term": "LH", "negation": "affirmed", "UMLS": "", "start": 14, "end": 16}], "Outcome": [{"term": "particle morphology of virion", "negation": "affirmed", "UMLS": "", "start": 48, "end": 77}]}, "Evidence Propositions": []}, {"Section": "CONCLUSIONS", "Text": "LH significantly inhibits the SARS-COV-2 replication , affects virus morphology and exerts anti-inflammatory activity in vitro .", "Evidence Elements": {"Participant": [], "Intervention": [{"term": "LH", "negation": "affirmed", "UMLS": "", "start": 0, "end": 2}], "Outcome": [{"term": "SARS-COV-2 replication", "negation": "affirmed", "UMLS": "", "start": 30, "end": 52}, {"term": "virus morphology", "negation": "affirmed", "UMLS": "", "start": 63, "end": 79}]}, "Evidence Propositions": []}, {"Section": "CONCLUSIONS", "Text": "These findings indicate that LH protects against the virus attack , making its use a novel strategy for controlling the COVID-19 disease .", "Evidence Elements": {"Participant": [{"term": "COVID-19", "negation": "affirmed", "UMLS": "", "start": 120, "end": 128}], "Intervention": [{"term": "LH", "negation": "affirmed", "UMLS": "", "start": 29, "end": 31}], "Outcome": [{"term": "virus attack", "negation": "affirmed", "UMLS": "", "start": 53, "end": 65}]}, "Evidence Propositions": []}]}