{"doc_id": "32205350", "type of study": "Therapy", "title": "", "abstract": "Tilorone is a 50-year-old synthetic small-molecule compound with antiviral activity that is proposed to induce interferon after oral administration.\nThis drug is used as a broad-spectrum antiviral in several countries of the Russian Federation.\nWe have recently described activity in vitro and in vivo against the Ebola virus.\nAfter a broad screening of additional viruses, we now describe in vitro activity against Chikungunya virus (CHIK) and Middle Eastern respiratory syndrome coronavirus (MERS-CoV).\nTilorone is a 50-year-old synthetic small-molecule compound with antiviral activity that is proposed to induce interferon after oral administration.\nThis drug is used as a broad-spectrum antiviral in several countries of the Russian Federation.\nWe have recently described activity in vitro and in vivo against the Ebola virus.\nAfter a broad screening of additional viruses, we now describe in vitro activity against Chikungunya virus (CHIK) and Middle Eastern respiratory syndrome coronavirus (MERS-CoV).\n", "Evidence Map": {"Enrollment": [], "Comparison Results": [], "Study Arm 1 Results": [], "Study Arm 2 Results": []}, "Sentence-level breakdown": [{"Section": "TITLE", "Text": "Tilorone is a 50-year-old synthetic small-molecule compound with antiviral activity that is proposed to induce interferon after oral administration .", "Evidence Elements": {"Participant": [], "Intervention": [], "Outcome": []}, "Evidence Propositions": []}, {"Section": "RESULTS", "Text": "After a broad screening of additional viruses , we now describe in vitro activity against Chikungunya virus ( CHIK ) and Middle Eastern respiratory syndrome coronavirus ( MERS-CoV ) .", "Evidence Elements": {"Participant": [], "Intervention": [], "Outcome": []}, "Evidence Propositions": []}, {"Section": "RESULTS", "Text": "Tilorone is a 50-year-old synthetic small-molecule compound with antiviral activity that is proposed to induce interferon after oral administration .", "Evidence Elements": {"Participant": [], "Intervention": [], "Outcome": []}, "Evidence Propositions": []}, {"Section": "RESULTS", "Text": "This drug is used as a broad-spectrum antiviral in several countries of the Russian Federation .", "Evidence Elements": {"Participant": [], "Intervention": [], "Outcome": []}, "Evidence Propositions": []}, {"Section": "RESULTS", "Text": "We have recently described activity in vitro and in vivo against the Ebola virus .", "Evidence Elements": {"Participant": [], "Intervention": [], "Outcome": []}, "Evidence Propositions": []}, {"Section": "CONCLUSIONS", "Text": "After a broad screening of additional viruses , we now describe in vitro activity against Chikungunya virus ( CHIK ) and Middle Eastern respiratory syndrome coronavirus ( MERS-CoV ) .", "Evidence Elements": {"Participant": [], "Intervention": [], "Outcome": []}, "Evidence Propositions": []}]}