{"doc_id": "32202064", "type of study": "Therapy", "title": "", "abstract": "The COVID-19 pandemic has rapidly evolved and changed our way of life in an unprecedented manner.\nThe emergence of COVID-19 has impacted transplantation worldwide.\nThe impact has not been just restricted to issues pertaining to donors or recipients, but also health-care resource utilization as the intensity of cases in certain jurisdictions exceeds available capacity.\nHere we provide a personal viewpoint representing different jurisdictions from around the world in order to outline the impact of the current COVID-19 pandemic on organ transplantation.\nBased on our collective experience, we discuss mitigation strategies such as donor screening, resource planning, and a staged approach to transplant volume considerations as local resource issues demand.\nWe also discuss issues related to transplant-related research during the pandemic, the role of transplant infectious diseases, and the influence of transplant societies for education and disseminating current information.\n", "Evidence Map": {"Enrollment": [{"term": "transplantation", "negation": "affirmed", "UMLS": "", "start": 169, "end": 184}], "Comparison Results": [], "Study Arm 1 Results": [], "Study Arm 2 Results": []}, "Sentence-level breakdown": [{"Section": "TITLE", "Text": "The COVID-19 pandemic has rapidly evolved and changed our way of life in an unprecedented manner .", "Evidence Elements": {"Participant": [], "Intervention": [], "Outcome": []}, "Evidence Propositions": []}, {"Section": "RESULTS", "Text": "Here we provide a personal viewpoint representing different jurisdictions from around the world in order to outline the impact of the current COVID-19 pandemic on organ transplantation .", "Evidence Elements": {"Participant": [{"term": "transplantation", "negation": "affirmed", "UMLS": "", "start": 169, "end": 184}], "Intervention": [], "Outcome": []}, "Evidence Propositions": []}, {"Section": "CONCLUSIONS", "Text": "Based on our collective experience , we discuss mitigation strategies such as donor screening , resource planning , and a staged approach to transplant volume considerations as local resource issues demand .", "Evidence Elements": {"Participant": [], "Intervention": [], "Outcome": []}, "Evidence Propositions": []}, {"Section": "CONCLUSIONS", "Text": "We also discuss issues related to transplant-related research during the pandemic , the role of transplant infectious diseases , and the influence of transplant societies for education and disseminating current information .", "Evidence Elements": {"Participant": [], "Intervention": [], "Outcome": []}, "Evidence Propositions": []}]}