{"doc_id": "32207377", "type of study": "Therapy", "title": "", "abstract": "Pseudoviruses are useful virological tools because of their safety and versatility, especially for emerging and re-emerging viruses.\nDue to its high pathogenicity and infectivity and the lack of effective vaccines and therapeutics, live SARS-CoV-2 has to be handled under biosafety level 3 conditions, which has hindered the development of vaccines and therapeutics.\nBased on a VSV pseudovirus production system, a pseudovirus-based neutralization assay has been developed for evaluating neutralizing antibodies against SARS-CoV-2 in biosafety level 2 facilities.\nThe key parameters for this assay were optimized, including cell types, cell numbers, virus inoculum.\nWhen tested against the SARS-CoV-2 pseudovirus, SARS-CoV-2 convalescent patient sera showed high neutralizing potency, which underscore its potential as therapeutics.\nThe limit of detection for this assay was determined as 22.1 and 43.2 for human and mouse serum samples respectively using a panel of 120 negative samples.\nThe cutoff values were set as 30 and 50 for human and mouse serum samples, respectively.\nThis assay showed relatively low coefficient of variations with 15.9% and 16.2% for the intra- and inter-assay analyses respectively.\nTaken together, we established a robust pseudovirus-based neutralization assay for SARS-CoV-2 and are glad to share pseudoviruses and related protocols with the developers of vaccines or therapeutics to fight against this lethal virus.\n", "Evidence Map": {"Enrollment": [{"term": "SARS-CoV-2", "negation": "affirmed", "UMLS": "", "start": 84, "end": 94}], "Comparison Results": [], "Study Arm 1 Results": [], "Study Arm 2 Results": []}, "Sentence-level breakdown": [{"Section": "TITLE", "Text": "Pseudoviruses are useful virological tools because of their safety and versatility , especially for emerging and re-emerging viruses .", "Evidence Elements": {"Participant": [], "Intervention": [], "Outcome": []}, "Evidence Propositions": []}, {"Section": "METHODS", "Text": "The limit of detection for this assay was determined as 22.1 and 43.2 for human and mouse serum samples respectively using a panel of 120 negative samples .", "Evidence Elements": {"Participant": [], "Intervention": [{"term": "human", "negation": "affirmed", "UMLS": "", "start": 74, "end": 79}], "Outcome": [{"term": "limit of detection", "negation": "affirmed", "UMLS": "", "start": 4, "end": 22}]}, "Evidence Propositions": [{"Intervention": "human", "Observation": "22.1", "Outcome": "limit of detection", "Count": ""}]}, {"Section": "METHODS", "Text": "The cutoff values were set as 30 and 50 for human and mouse serum samples , respectively .", "Evidence Elements": {"Participant": [], "Intervention": [], "Outcome": []}, "Evidence Propositions": []}, {"Section": "RESULTS", "Text": "This assay showed relatively low coefficient of variations with 15.9 % and 16.2 % for the intra- and inter-assay analyses respectively .", "Evidence Elements": {"Participant": [], "Intervention": [], "Outcome": [{"term": "coefficient of variations", "negation": "affirmed", "UMLS": "", "start": 33, "end": 58}, {"term": "intra- and", "negation": "affirmed", "UMLS": "", "start": 90, "end": 100}]}, "Evidence Propositions": []}, {"Section": "CONCLUSIONS", "Text": "Taken together , we established a robust pseudovirus-based neutralization assay for SARS-CoV-2 and are glad to share pseudoviruses and related protocols with the developers of vaccines or therapeutics to fight against this lethal virus .", "Evidence Elements": {"Participant": [{"term": "SARS-CoV-2", "negation": "affirmed", "UMLS": "", "start": 84, "end": 94}], "Intervention": [], "Outcome": [{"term": "pseudovirus-based neutralization assay", "negation": "affirmed", "UMLS": "", "start": 41, "end": 79}]}, "Evidence Propositions": []}]}