{"doc_id": "32205186", "type of study": "Therapy", "title": "", "abstract": "The outbreak of the new coronavirus infections COVID-19 in December 2019 in China has quickly become a global health emergency.\nGiven the lack of specific anti-viral therapies, the current management of severe acute respiratory syndrome coronaviruses (SARS-CoV-2) is mainly supportive, even though several compounds are now under investigation for the treatment of this life-threatening disease.\nCOVID-19 pandemic is certainly conditioning the treatment strategy of a complex disorder as rheumatoid arthritis (RA), whose infectious risk is increased compared to the general population because of an overall impairment of immune system typical of autoimmune diseases combined with the iatrogenic effect generated by corticosteroids and immunosuppressive drugs.\nHowever, the increasing knowledge about the pathophysiology of SARS-CoV-2 infection is leading to consider some anti-rheumatic drugs as potential treatment options for the management of COVID-19.\nIn this review we will critically analyse the evidences on either positive or negative effect of drugs commonly used to treat RA in this particular scenario, in order to optimize the current approach to RA patients.\n", "Evidence Map": {"Enrollment": [{"term": "RA", "negation": "affirmed", "UMLS": "", "start": 126, "end": 128}, {"term": "RA", "negation": "affirmed", "UMLS": "", "start": 126, "end": 128}], "Comparison Results": [], "Study Arm 1 Results": [], "Study Arm 2 Results": []}, "Sentence-level breakdown": [{"Section": "TITLE", "Text": "The outbreak of the new coronavirus infections COVID-19 in December 2019 in China has quickly become a global health emergency .", "Evidence Elements": {"Participant": [], "Intervention": [], "Outcome": []}, "Evidence Propositions": []}, {"Section": "CONCLUSIONS", "Text": "In this review we will critically analyse the evidences on either positive or negative effect of drugs commonly used to treat RA in this particular scenario , in order to optimize the current approach to RA patients .", "Evidence Elements": {"Participant": [{"term": "RA", "negation": "affirmed", "UMLS": "", "start": 126, "end": 128}, {"term": "RA", "negation": "affirmed", "UMLS": "", "start": 126, "end": 128}], "Intervention": [], "Outcome": [{"term": "positive or negative effect", "negation": "affirmed", "UMLS": "", "start": 66, "end": 93}]}, "Evidence Propositions": []}]}