{"doc_id": "32203970", "type of study": "Therapy", "title": "", "abstract": "Here, we review the most recent findings on the effects of SARS-CoV-2 infection on kidney diseases, including acute kidney injury, and examine the potential effects of ARBs on the outcomes of patients with COVID-19.\nLastly, we discuss the clinical management of COVID-19 patients with existing chronic renal disorders, particularly those in dialysis and with kidney transplants.\n", "Evidence Map": {"Enrollment": [{"term": "acute kidney injury", "negation": "affirmed", "UMLS": "", "start": 112, "end": 131}, {"term": "COVID-19", "negation": "affirmed", "UMLS": "", "start": 47, "end": 55}, {"term": "existing chronic renal disorders", "negation": "affirmed", "UMLS": "", "start": 70, "end": 102}, {"term": "dialysis", "negation": "affirmed", "UMLS": "", "start": 127, "end": 135}], "Comparison Results": [], "Study Arm 1 Results": [], "Study Arm 2 Results": []}, "Sentence-level breakdown": [{"Section": "TITLE", "Text": "Here , we review the most recent findings on the effects of SARS-CoV-2 infection on kidney diseases , including acute kidney injury , and examine the potential effects of ARBs on the outcomes of patients with COVID-19 .", "Evidence Elements": {"Participant": [{"term": "acute kidney injury", "negation": "affirmed", "UMLS": "", "start": 112, "end": 131}], "Intervention": [{"term": "SARS-CoV-2 infection", "negation": "affirmed", "UMLS": "", "start": 60, "end": 80}, {"term": "ARBs", "negation": "affirmed", "UMLS": "", "start": 171, "end": 175}], "Outcome": [{"term": "kidney diseases", "negation": "affirmed", "UMLS": "", "start": 84, "end": 99}, {"term": "outcomes", "negation": "affirmed", "UMLS": "", "start": 183, "end": 191}]}, "Evidence Propositions": []}, {"Section": "CONCLUSIONS", "Text": "Lastly , we discuss the clinical management of COVID-19 patients with existing chronic renal disorders , particularly those in dialysis and with kidney transplants .", "Evidence Elements": {"Participant": [{"term": "COVID-19", "negation": "affirmed", "UMLS": "", "start": 47, "end": 55}, {"term": "existing chronic renal disorders", "negation": "affirmed", "UMLS": "", "start": 70, "end": 102}, {"term": "dialysis", "negation": "affirmed", "UMLS": "", "start": 127, "end": 135}], "Intervention": [], "Outcome": []}, "Evidence Propositions": []}]}