{"doc_id": "32201353", "type of study": "Therapy", "title": "", "abstract": "COVID-19 is spreading fast with an increasing number of infected patients worldwide.\nThis review summarizes the epidemiology, clinical characteristics, diagnosis, treatment and prevention of COVID-19.\nThe specific mechanism of the virus remains unknown, and specific drugs for the virus have not been developed to date.\nCOVID-19, the disease caused by SARS-CoV-2, is a highly contagious disease.\nThe World Health Organization has declared the ongoing outbreak to be a global public health emergency.\nCurrently, the research on SARS-CoV-2 is in its primary stages.\nBased on current published evidence, this review systematically summarizes the epidemiology, clinical characteristics, diagnosis, treatment and prevention of COVID-19.\nIt is hoped that this review will help the public to recognize and deal with SARS-CoV-2, and provide a reference for future studies.\n", "Evidence Map": {"Enrollment": [], "Comparison Results": [], "Study Arm 1 Results": [], "Study Arm 2 Results": []}, "Sentence-level breakdown": [{"Section": "TITLE", "Text": "COVID-19 is spreading fast with an increasing number of infected patients worldwide .", "Evidence Elements": {"Participant": [], "Intervention": [], "Outcome": []}, "Evidence Propositions": []}, {"Section": "OBJECTIVE", "Text": "This review summarizes the epidemiology , clinical characteristics , diagnosis , treatment and prevention of COVID-19 .", "Evidence Elements": {"Participant": [], "Intervention": [], "Outcome": []}, "Evidence Propositions": []}, {"Section": "RESULTS", "Text": "The specific mechanism of the virus remains unknown , and specific drugs for the virus have not been developed to date .", "Evidence Elements": {"Participant": [], "Intervention": [], "Outcome": []}, "Evidence Propositions": []}, {"Section": "RESULTS", "Text": "COVID-19 , the disease caused by SARS-CoV-2 , is a highly contagious disease .", "Evidence Elements": {"Participant": [], "Intervention": [], "Outcome": []}, "Evidence Propositions": []}, {"Section": "RESULTS", "Text": "The World Health Organization has declared the ongoing outbreak to be a global public health emergency .", "Evidence Elements": {"Participant": [], "Intervention": [], "Outcome": []}, "Evidence Propositions": []}, {"Section": "RESULTS", "Text": "Currently , the research on SARS-CoV-2 is in its primary stages .", "Evidence Elements": {"Participant": [], "Intervention": [], "Outcome": []}, "Evidence Propositions": []}, {"Section": "CONCLUSIONS", "Text": "Based on current published evidence , this review systematically summarizes the epidemiology , clinical characteristics , diagnosis , treatment and prevention of COVID-19 .", "Evidence Elements": {"Participant": [], "Intervention": [], "Outcome": []}, "Evidence Propositions": []}, {"Section": "CONCLUSIONS", "Text": "It is hoped that this review will help the public to recognize and deal with SARS-CoV-2 , and provide a reference for future studies .", "Evidence Elements": {"Participant": [], "Intervention": [], "Outcome": []}, "Evidence Propositions": []}]}