{"doc_id": "32200400", "type of study": "Therapy", "title": "", "abstract": "The coronavirus disease 2019 (COVID-19) outbreak that started in Wuhan, Hubei province, China in December 2019 has now extended across the globe with >100,000 cases and 3,000 deaths reported in 93 countries as of 7 March 2020.\nWe report a case of COVID-19 infection in a 64-year-old man who developed rapidly worsening respiratory failure and acute respiratory distress syndrome (ARDS) that required intubation.\nAs the clinical spectrum of COVID-19 ranges widely from mild illness to ARDS with a high risk of mortality, there is a need for more research to identify early markers of disease severity.\nCurrent evidence suggests that patients with advanced age, pre-existing comorbidities or dyspnoea should be closely monitored, especially at 1-2 weeks after symptom onset.\nIt remains to be seen if laboratory findings such as lymphopenia or elevated lactate dehydrogenase may serve as early surrogates for critical illness or markers of disease recovery.\nManagement of ARDS in COVID-19 remains supportive while we await results of drug trials.\nMore studies are needed to understand the incidence and outcomes of ARDS and critical illness from COVID-19, which will be important for critical care management and resource planning.\n", "Evidence Map": {"Enrollment": [{"term": "rapidly worsening respiratory failure", "negation": "affirmed", "UMLS": "", "start": 74, "end": 111}, {"term": "acute respiratory distress syndrome ( ARDS )", "negation": "affirmed", "UMLS": "", "start": 116, "end": 160}], "Comparison Results": [], "Study Arm 1 Results": [], "Study Arm 2 Results": []}, "Sentence-level breakdown": [{"Section": "TITLE", "Text": "The coronavirus disease 2019 ( COVID-19 ) outbreak that started in Wuhan , Hubei province , China in December 2019 has now extended across the globe with > 100,000 cases and 3,000 deaths reported in 93 countries as of 7 March 2020 .", "Evidence Elements": {"Participant": [], "Intervention": [], "Outcome": []}, "Evidence Propositions": []}, {"Section": "CONCLUSIONS", "Text": "We report a case of COVID-19 infection in a 64-year-old man who developed rapidly worsening respiratory failure and acute respiratory distress syndrome ( ARDS ) that required intubation .", "Evidence Elements": {"Participant": [{"term": "rapidly worsening respiratory failure", "negation": "affirmed", "UMLS": "", "start": 74, "end": 111}, {"term": "acute respiratory distress syndrome ( ARDS )", "negation": "affirmed", "UMLS": "", "start": 116, "end": 160}], "Intervention": [{"term": "COVID-19 infection", "negation": "affirmed", "UMLS": "", "start": 20, "end": 38}], "Outcome": []}, "Evidence Propositions": []}, {"Section": "CONCLUSIONS", "Text": "As the clinical spectrum of COVID-19 ranges widely from mild illness to ARDS with a high risk of mortality , there is a need for more research to identify early markers of disease severity .", "Evidence Elements": {"Participant": [], "Intervention": [], "Outcome": []}, "Evidence Propositions": []}, {"Section": "CONCLUSIONS", "Text": "Current evidence suggests that patients with advanced age , pre-existing comorbidities or dyspnoea should be closely monitored , especially at 1-2 weeks after symptom onset .", "Evidence Elements": {"Participant": [], "Intervention": [], "Outcome": []}, "Evidence Propositions": []}, {"Section": "CONCLUSIONS", "Text": "It remains to be seen if laboratory findings such as lymphopenia or elevated lactate dehydrogenase may serve as early surrogates for critical illness or markers of disease recovery .", "Evidence Elements": {"Participant": [], "Intervention": [], "Outcome": []}, "Evidence Propositions": []}, {"Section": "CONCLUSIONS", "Text": "Management of ARDS in COVID-19 remains supportive while we await results of drug trials .", "Evidence Elements": {"Participant": [], "Intervention": [], "Outcome": []}, "Evidence Propositions": []}, {"Section": "CONCLUSIONS", "Text": "More studies are needed to understand the incidence and outcomes of ARDS and critical illness from COVID-19 , which will be important for critical care management and resource planning .", "Evidence Elements": {"Participant": [], "Intervention": [], "Outcome": []}, "Evidence Propositions": []}]}