{"doc_id": "32204750", "type of study": "Therapy", "title": "", "abstract": "With the spread of coronavirus disease 2019 (COVID-19) and growing knowledge of its diagnosis and treatment, it has been clear that children are also susceptible to severe acute respiratory syndrome coronavirus 2 (SARS-CoV-2).\nThe children with hematological tumors are a special population with immunosuppression and special therapeutic characteristics.\nHere the management guideline for pediatric wards of hematology and oncology during COVID-19 epidemic is established based on the features of children with hematological tumors.\n", "Evidence Map": {"Enrollment": [{"term": "pediatric wards of hematology", "negation": "affirmed", "UMLS": "", "start": 34, "end": 63}, {"term": "oncology", "negation": "affirmed", "UMLS": "", "start": 68, "end": 76}, {"term": "children", "negation": "affirmed", "UMLS": "", "start": 142, "end": 150}, {"term": "hematological tumors", "negation": "affirmed", "UMLS": "", "start": 156, "end": 176}], "Comparison Results": [], "Study Arm 1 Results": [], "Study Arm 2 Results": []}, "Sentence-level breakdown": [{"Section": "TITLE", "Text": "With the spread of coronavirus disease 2019 ( COVID-19 ) and growing knowledge of its diagnosis and treatment , it has been clear that children are also susceptible to severe acute respiratory syndrome coronavirus 2 ( SARS-CoV-2 ) .", "Evidence Elements": {"Participant": [], "Intervention": [], "Outcome": []}, "Evidence Propositions": []}, {"Section": "RESULTS", "Text": "The children with hematological tumors are a special population with immunosuppression and special therapeutic characteristics .", "Evidence Elements": {"Participant": [], "Intervention": [], "Outcome": []}, "Evidence Propositions": []}, {"Section": "CONCLUSIONS", "Text": "Here the management guideline for pediatric wards of hematology and oncology during COVID-19 epidemic is established based on the features of children with hematological tumors .", "Evidence Elements": {"Participant": [{"term": "pediatric wards of hematology", "negation": "affirmed", "UMLS": "", "start": 34, "end": 63}, {"term": "oncology", "negation": "affirmed", "UMLS": "", "start": 68, "end": 76}, {"term": "children", "negation": "affirmed", "UMLS": "", "start": 142, "end": 150}, {"term": "hematological tumors", "negation": "affirmed", "UMLS": "", "start": 156, "end": 176}], "Intervention": [], "Outcome": []}, "Evidence Propositions": []}]}