{"doc_id": "32200663", "type of study": "Therapy", "title": "", "abstract": "Coronavirus disease 2019 (COVID-19) is a global pandemic affecting 185 countries and >3 000 000 patients worldwide as of April 28, 2020.\nCOVID-19 is caused by severe acute respiratory syndrome coronavirus 2, which invades cells through the angiotensin-converting enzyme 2 receptor.\nAmong patients with COVID-19, there is a high prevalence of cardiovascular disease, and >7% of patients experience myocardial injury from the infection (22% of critically ill patients).\nAlthough angiotensin-converting enzyme 2 serves as the portal for infection, the role of angiotensin-converting enzyme inhibitors or angiotensin receptor blockers requires further investigation.\nCOVID-19 poses a challenge for heart transplantation, affecting donor selection, immunosuppression, and posttransplant management.\nThere are a number of promising therapies under active investigation to treat and prevent COVID-19.\n", "Evidence Map": {"Enrollment": [], "Comparison Results": [], "Study Arm 1 Results": [], "Study Arm 2 Results": []}, "Sentence-level breakdown": [{"Section": "TITLE", "Text": "Coronavirus disease 2019 ( COVID-19 ) is a global pandemic affecting 185 countries and > 3 000 000 patients worldwide as of April 28 , 2020 .", "Evidence Elements": {"Participant": [], "Intervention": [], "Outcome": []}, "Evidence Propositions": []}, {"Section": "CONCLUSIONS", "Text": "COVID-19 is caused by severe acute respiratory syndrome coronavirus 2 , which invades cells through the angiotensin-converting enzyme 2 receptor .", "Evidence Elements": {"Participant": [], "Intervention": [], "Outcome": []}, "Evidence Propositions": []}, {"Section": "CONCLUSIONS", "Text": "Among patients with COVID-19 , there is a high prevalence of cardiovascular disease , and > 7 % of patients experience myocardial injury from the infection ( 22 % of critically ill patients ) .", "Evidence Elements": {"Participant": [], "Intervention": [], "Outcome": []}, "Evidence Propositions": []}, {"Section": "CONCLUSIONS", "Text": "Although angiotensin-converting enzyme 2 serves as the portal for infection , the role of angiotensin-converting enzyme inhibitors or angiotensin receptor blockers requires further investigation .", "Evidence Elements": {"Participant": [], "Intervention": [], "Outcome": []}, "Evidence Propositions": []}, {"Section": "CONCLUSIONS", "Text": "COVID-19 poses a challenge for heart transplantation , affecting donor selection , immunosuppression , and posttransplant management .", "Evidence Elements": {"Participant": [], "Intervention": [], "Outcome": []}, "Evidence Propositions": []}, {"Section": "CONCLUSIONS", "Text": "There are a number of promising therapies under active investigation to treat and prevent COVID-19 .", "Evidence Elements": {"Participant": [], "Intervention": [], "Outcome": []}, "Evidence Propositions": []}]}