{"doc_id": "32208494", "type of study": "Therapy", "title": "", "abstract": "Due to the current development around the COVID-19 pandemic, palliative ch has created a Task Force to provide recommendations for health professionals on the treatment of palliative care patients in the various settings - inpatient and outpatient.\n", "Evidence Map": {"Enrollment": [], "Comparison Results": [], "Study Arm 1 Results": [], "Study Arm 2 Results": []}, "Sentence-level breakdown": [{"Section": "TITLE", "Text": "Due to the current development around the COVID-19 pandemic , palliative ch has created a Task Force to provide recommendations for health professionals on the treatment of palliative care patients in the various settings-inpatient and outpatient .", "Evidence Elements": {"Participant": [], "Intervention": [], "Outcome": []}, "Evidence Propositions": []}]}