{"doc_id": "32209385", "type of study": "Therapy", "title": "", "abstract": "Profile of specific antibodies to virus in blood can assist diagnosis and reflect disease course.\nThe preliminary study explored the dynamic profile of IgM and IgG. Serum IgM to SARS-COV-2 last more than a month indicating the prolonged virus replication in infected patients.\n", "Evidence Map": {"Enrollment": [], "Comparison Results": [], "Study Arm 1 Results": [], "Study Arm 2 Results": []}, "Sentence-level breakdown": [{"Section": "TITLE", "Text": "Profile of specific antibodies to virus in blood can assist diagnosis and reflect disease course .", "Evidence Elements": {"Participant": [], "Intervention": [], "Outcome": []}, "Evidence Propositions": []}, {"Section": "CONCLUSIONS", "Text": "The preliminary study explored the dynamic profile of IgM and IgG . Serum IgM to SARS-COV-2 last more than a month indicating the prolonged virus replication in infected patients .", "Evidence Elements": {"Participant": [], "Intervention": [], "Outcome": [{"term": "dynamic profile", "negation": "affirmed", "UMLS": "", "start": 35, "end": 50}, {"term": "IgM", "negation": "affirmed", "UMLS": "", "start": 54, "end": 57}, {"term": "IgG", "negation": "affirmed", "UMLS": "", "start": 62, "end": 65}, {"term": "Serum IgM to SARS-COV-2", "negation": "affirmed", "UMLS": "", "start": 68, "end": 91}, {"term": "virus replication", "negation": "affirmed", "UMLS": "", "start": 140, "end": 157}]}, "Evidence Propositions": [{"Intervention": [], "Observation": "more than a month", "Outcome": "dynamic profile", "Count": ""}, {"Intervention": [], "Observation": "more than a month", "Outcome": "IgG", "Count": ""}, {"Intervention": [], "Observation": "more than a month", "Outcome": "Serum IgM to SARS-COV-2", "Count": ""}]}]}