{"doc_id": "32203437", "type of study": "Therapy", "title": "", "abstract": "Chloroquine : an approved malaria drug : is known in nanomedicine research for the investigation of nanoparticle uptake in cells, and may have potential for the treatment of COVID-19.\n", "Evidence Map": {"Enrollment": [], "Comparison Results": [], "Study Arm 1 Results": [], "Study Arm 2 Results": []}, "Sentence-level breakdown": [{"Section": "TITLE", "Text": "Chloroquine : an approved malaria drug : is known in nanomedicine research for the investigation of nanoparticle uptake in cells , and may have potential for the treatment of COVID-19 .", "Evidence Elements": {"Participant": [], "Intervention": [], "Outcome": []}, "Evidence Propositions": []}]}