{"doc_id": "32205092", "type of study": "Therapy", "title": "", "abstract": "COVID-19 emerges as a pandemic disease with high mortality.\nDevelopment of effective prevention and treatment is an urgent need.\nWe reviewed TH17 responses in patients with SARS-CoV-2 and proposed an FDA approved JAK2 inhibitor Fedratinib for reducing mortality of patients with TH17 type immune profiles.\n", "Evidence Map": {"Enrollment": [{"term": "SARS-CoV-2", "negation": "affirmed", "UMLS": "", "start": 44, "end": 54}, {"term": "TH17 type immune profiles", "negation": "affirmed", "UMLS": "", "start": 150, "end": 175}], "Comparison Results": [], "Study Arm 1 Results": [], "Study Arm 2 Results": []}, "Sentence-level breakdown": [{"Section": "TITLE", "Text": "COVID-19 emerges as a pandemic disease with high mortality .", "Evidence Elements": {"Participant": [], "Intervention": [], "Outcome": []}, "Evidence Propositions": []}, {"Section": "CONCLUSIONS", "Text": "We reviewed TH17 responses in patients with SARS-CoV-2 and proposed an FDA approved JAK2 inhibitor Fedratinib for reducing mortality of patients with TH17 type immune profiles .", "Evidence Elements": {"Participant": [{"term": "SARS-CoV-2", "negation": "affirmed", "UMLS": "", "start": 44, "end": 54}, {"term": "TH17 type immune profiles", "negation": "affirmed", "UMLS": "", "start": 150, "end": 175}], "Intervention": [{"term": "JAK2 inhibitor", "negation": "affirmed", "UMLS": "", "start": 84, "end": 98}, {"term": "Fedratinib", "negation": "affirmed", "UMLS": "", "start": 99, "end": 109}], "Outcome": [{"term": "TH17 responses", "negation": "affirmed", "UMLS": "", "start": 12, "end": 26}, {"term": "mortality", "negation": "affirmed", "UMLS": "", "start": 123, "end": 132}]}, "Evidence Propositions": []}]}