{"doc_id": "32217834", "type of study": "Therapy", "title": "", "abstract": "The pandemic coronavirus infectious disease (COVID-19), caused by severe acute respiratory syndrome coronavirus 2 (SARS-CoV-2), is rapidly spreading across the globe.\nIn this issue of the JCI, Chen and colleagues compared the clinical and immunological characteristics between moderate and severe COVID-19.\nThe authors found that respiratory distress on admission is associated with unfavorable outcomes.\nIncreased cytokine levels (IL-6, IL-10, and TNF-alpha), lymphopenia (in CD4+ and CD8+ T cells), and decreased IFN-gamma expression in CD4+ T cells are associated with severe COVID-19.\nOverall, this study characterized the cytokine storm in severe COVID-19 and provides insights into immune therapeutics and vaccine design.\n", "Evidence Map": {"Enrollment": [{"term": "moderate and severe", "negation": "affirmed", "UMLS": "", "start": 111, "end": 130}, {"term": "severe COVID-19", "negation": "affirmed", "UMLS": "", "start": 57, "end": 72}], "Comparison Results": [], "Study Arm 1 Results": [], "Study Arm 2 Results": []}, "Sentence-level breakdown": [{"Section": "TITLE", "Text": "The pandemic coronavirus infectious disease ( COVID-19 ) , caused by severe acute respiratory syndrome coronavirus 2 ( SARS-CoV-2 ) , is rapidly spreading across the globe .", "Evidence Elements": {"Participant": [], "Intervention": [], "Outcome": []}, "Evidence Propositions": []}, {"Section": "RESULTS", "Text": "In this issue of the JCI , Chen and colleagues compared the clinical and immunological characteristics between moderate and severe COVID-19 .", "Evidence Elements": {"Participant": [{"term": "moderate and severe", "negation": "affirmed", "UMLS": "", "start": 111, "end": 130}], "Intervention": [], "Outcome": [{"term": "clinical and immunological characteristics", "negation": "affirmed", "UMLS": "", "start": 60, "end": 102}]}, "Evidence Propositions": []}, {"Section": "RESULTS", "Text": "The authors found that respiratory distress on admission is associated with unfavorable outcomes .", "Evidence Elements": {"Participant": [], "Intervention": [{"term": "respiratory distress on admission", "negation": "affirmed", "UMLS": "", "start": 23, "end": 56}], "Outcome": [{"term": "unfavorable outcomes", "negation": "affirmed", "UMLS": "", "start": 76, "end": 96}]}, "Evidence Propositions": []}, {"Section": "RESULTS", "Text": "Increased cytokine levels ( IL-6 , IL-10 , and TNF-alpha ) , lymphopenia ( in CD4+ and CD8+ T cells ) , and decreased IFN-gamma expression in CD4+T cells are associated with severe COVID-19 .", "Evidence Elements": {"Participant": [], "Intervention": [], "Outcome": [{"term": "cytokine levels", "negation": "affirmed", "UMLS": "", "start": 10, "end": 25}, {"term": "IL-6", "negation": "affirmed", "UMLS": "", "start": 28, "end": 32}, {"term": "IL-10", "negation": "affirmed", "UMLS": "", "start": 35, "end": 40}, {"term": "TNF-alpha", "negation": "affirmed", "UMLS": "", "start": 47, "end": 56}, {"term": "lymphopenia", "negation": "affirmed", "UMLS": "", "start": 61, "end": 72}, {"term": "IFN-gamma expression in", "negation": "affirmed", "UMLS": "", "start": 118, "end": 141}]}, "Evidence Propositions": []}, {"Section": "CONCLUSIONS", "Text": "Overall , this study characterized the cytokine storm in severe COVID-19 and provides insights into immune therapeutics and vaccine design .", "Evidence Elements": {"Participant": [{"term": "severe COVID-19", "negation": "affirmed", "UMLS": "", "start": 57, "end": 72}], "Intervention": [], "Outcome": [{"term": "cytokine storm", "negation": "affirmed", "UMLS": "", "start": 39, "end": 53}]}, "Evidence Propositions": []}]}