{"doc_id": "32212409", "type of study": "Therapy", "title": "", "abstract": "The novel coronavirus, severe acute respiratory syndrome coronavirus 2 (SARS-CoV-2), is highly infectious, carries significant morbidity and mortality, and has rapidly resulted in strained health care system and hospital resources.\nIn addition to patient-related care concerns in infected individuals, focus must also relate to diminishing community spread, protection of staff, case selection, and concentration of resources.\nThe current document based on available data and consensus opinion addresses appropriate catheterization laboratory preparedness for treating these patients, including procedure-room readiness to minimize external contamination, safe donning and doffing of personal protective equipment (PPE) to eliminate risk to staff, and staffing algorithms to minimize exposure and maximize team availability.\nCase selection and management of both emergent and urgent procedures are discussed in detail, including procedures that may be safely deferred or performed bedside.\n", "Evidence Map": {"Enrollment": [{"term": "emergent and urgent procedures", "negation": "affirmed", "UMLS": "", "start": 38, "end": 68}], "Comparison Results": [], "Study Arm 1 Results": [], "Study Arm 2 Results": []}, "Sentence-level breakdown": [{"Section": "TITLE", "Text": "The novel coronavirus , severe acute respiratory syndrome coronavirus 2 ( SARS-CoV-2 ) , is highly infectious , carries significant morbidity and mortality , and has rapidly resulted in strained health care system and hospital resources .", "Evidence Elements": {"Participant": [], "Intervention": [], "Outcome": []}, "Evidence Propositions": []}, {"Section": "RESULTS", "Text": "In addition to patient-related care concerns in infected individuals , focus must also relate to diminishing community spread , protection of staff , case selection , and concentration of resources .", "Evidence Elements": {"Participant": [], "Intervention": [], "Outcome": []}, "Evidence Propositions": []}, {"Section": "CONCLUSIONS", "Text": "The current document based on available data and consensus opinion addresses appropriate catheterization laboratory preparedness for treating these patients , including procedure-room readiness to minimize external contamination , safe donning and doffing of personal protective equipment ( PPE ) to eliminate risk to staff , and staffing algorithms to minimize exposure and maximize team availability .", "Evidence Elements": {"Participant": [], "Intervention": [], "Outcome": [{"term": "procedure-room", "negation": "affirmed", "UMLS": "", "start": 169, "end": 183}]}, "Evidence Propositions": []}, {"Section": "CONCLUSIONS", "Text": "Case selection and management of both emergent and urgent procedures are discussed in detail , including procedures that may be safely deferred or performed bedside .", "Evidence Elements": {"Participant": [{"term": "emergent and urgent procedures", "negation": "affirmed", "UMLS": "", "start": 38, "end": 68}], "Intervention": [], "Outcome": []}, "Evidence Propositions": []}]}