{"doc_id": "32219363", "type of study": "Therapy", "title": "", "abstract": "Importance: Severe acute respiratory syndrome coronavirus 2 (SARS-CoV-2), which causes coronavirus disease 2019 (COVID-19) has reached a pandemic level.\nCoronaviruses are known to affect the cardiovascular system.\nWe review the basics of coronaviruses, with a focus on COVID-19, along with their effects on the cardiovascular system.\nObservations: Coronavirus disease 2019 can cause a viral pneumonia with additional extrapulmonary manifestations and complications.\nA large proportion of patients have underlying cardiovascular disease and/or cardiac risk factors.\nFactors associated with mortality include male sex, advanced age, and presence of comorbidities including hypertension, diabetes mellitus, cardiovascular diseases, and cerebrovascular diseases.\nAcute cardiac injury determined by elevated high-sensitivity troponin levels is commonly observed in severe cases and is strongly associated with mortality.\nAcute respiratory distress syndrome is also strongly associated with mortality.\nConclusions and Relevance: Coronavirus disease 2019 is associated with a high inflammatory burden that can induce vascular inflammation, myocarditis, and cardiac arrhythmias.\nExtensive efforts are underway to find specific vaccines and antivirals against SARS-CoV-2.\nMeanwhile, cardiovascular risk factors and conditions should be judiciously controlled per evidence-based guidelines.\n", "Evidence Map": {"Enrollment": [], "Comparison Results": [], "Study Arm 1 Results": [], "Study Arm 2 Results": []}, "Sentence-level breakdown": [{"Section": "TITLE", "Text": "Importance : Severe acute respiratory syndrome coronavirus 2 ( SARS-CoV-2 ) , which causes coronavirus disease 2019 ( COVID-19 ) has reached a pandemic level .", "Evidence Elements": {"Participant": [], "Intervention": [], "Outcome": []}, "Evidence Propositions": []}, {"Section": "OBJECTIVE", "Text": "We review the basics of coronaviruses , with a focus on COVID-19 , along with their effects on the cardiovascular system .", "Evidence Elements": {"Participant": [], "Intervention": [], "Outcome": []}, "Evidence Propositions": []}, {"Section": "RESULTS", "Text": "Observations : Coronavirus disease 2019 can cause a viral pneumonia with additional extrapulmonary manifestations and complications .", "Evidence Elements": {"Participant": [], "Intervention": [], "Outcome": []}, "Evidence Propositions": []}, {"Section": "RESULTS", "Text": "A large proportion of patients have underlying cardiovascular disease and / or cardiac risk factors .", "Evidence Elements": {"Participant": [], "Intervention": [], "Outcome": []}, "Evidence Propositions": []}, {"Section": "RESULTS", "Text": "Factors associated with mortality include male sex , advanced age , and presence of comorbidities including hypertension , diabetes mellitus , cardiovascular diseases , and cerebrovascular diseases .", "Evidence Elements": {"Participant": [], "Intervention": [], "Outcome": []}, "Evidence Propositions": []}, {"Section": "RESULTS", "Text": "Acute cardiac injury determined by elevated high-sensitivity troponin levels is commonly observed in severe cases and is strongly associated with mortality .", "Evidence Elements": {"Participant": [], "Intervention": [], "Outcome": []}, "Evidence Propositions": []}, {"Section": "RESULTS", "Text": "Acute respiratory distress syndrome is also strongly associated with mortality .", "Evidence Elements": {"Participant": [], "Intervention": [], "Outcome": [{"term": "Acute respiratory distress syndrome", "negation": "affirmed", "UMLS": "", "start": 0, "end": 35}, {"term": "mortality", "negation": "affirmed", "UMLS": "", "start": 69, "end": 78}]}, "Evidence Propositions": []}, {"Section": "RESULTS", "Text": "Conclusions and Relevance : Coronavirus disease 2019 is associated with a high inflammatory burden that can induce vascular inflammation , myocarditis , and cardiac arrhythmias .", "Evidence Elements": {"Participant": [], "Intervention": [], "Outcome": []}, "Evidence Propositions": []}, {"Section": "RESULTS", "Text": "Extensive efforts are underway to find specific vaccines and antivirals against SARS-CoV-2 .", "Evidence Elements": {"Participant": [], "Intervention": [], "Outcome": []}, "Evidence Propositions": []}, {"Section": "CONCLUSIONS", "Text": "Meanwhile , cardiovascular risk factors and conditions should be judiciously controlled per evidence-based guidelines .", "Evidence Elements": {"Participant": [], "Intervention": [], "Outcome": []}, "Evidence Propositions": []}]}