{"doc_id": "32217657", "type of study": "Therapy", "title": "", "abstract": "Acute exacerbations of COPD (AECOPD) or \"COPD crises\" [1], are crucial events in the natural course of COPD.\nAlthough they can occur at any severity stage, their impact increases as patients develop more severe airflow limitation.\n", "Evidence Map": {"Enrollment": [], "Comparison Results": [], "Study Arm 1 Results": [], "Study Arm 2 Results": []}, "Sentence-level breakdown": [{"Section": "TITLE", "Text": "Acute exacerbations of COPD ( AECOPD ) or \" COPD crises \" [ 1 ] , are crucial events in the natural course of COPD .", "Evidence Elements": {"Participant": [], "Intervention": [], "Outcome": []}, "Evidence Propositions": []}, {"Section": "CONCLUSIONS", "Text": "Although they can occur at any severity stage , their impact increases as patients develop more severe airflow limitation .", "Evidence Elements": {"Participant": [], "Intervention": [], "Outcome": []}, "Evidence Propositions": []}]}