{"doc_id": "32211920", "type of study": "Therapy", "title": "", "abstract": "The current outbreak of coronavirus disease (COVID-19) has reached Germany.\nThe majority of people infected present with mild disease, but there are severe cases that need intensive care.\nUnlike other acute infectious diseases progressing to sepsis, the severe courses of COVID19 seemingly show prolonged progression from onset of first symptoms to life-threatening deterioration of (primarily) lung function.\nDiagnosis relies on PCR using specimens from the respiratory tract.\nSevere ARDS reflects the hallmark of a critical course of the disease.\nPreventing nosocomial infections (primarily by correct use of personal protective equipment) and maintenance of hospitals' operational capability are of utmost importance.\nDepartments of Anaesthesia, Intensive Care and emergency medicine will envisage major challenges.\n", "Evidence Map": {"Enrollment": [], "Comparison Results": [], "Study Arm 1 Results": [], "Study Arm 2 Results": []}, "Sentence-level breakdown": [{"Section": "TITLE", "Text": "The current outbreak of coronavirus disease ( COVID-19 ) has reached Germany .", "Evidence Elements": {"Participant": [], "Intervention": [], "Outcome": []}, "Evidence Propositions": []}, {"Section": "CONCLUSIONS", "Text": "Departments of Anaesthesia , Intensive Care and emergency medicine will envisage major challenges .", "Evidence Elements": {"Participant": [], "Intervention": [], "Outcome": []}, "Evidence Propositions": []}]}