{"doc_id": "32213760", "type of study": "Therapy", "title": "", "abstract": "Based on some publications that associate SARS-CoV-2 infection with the use of anti-hypertensive drug groups such as angiotensin-converting-enzyme inhibitors (e.g. enalapril) or angiotensin II receptor blockers (e.g. losartan), many patients from South America, Central America or Spain, have stopped or intend to interrupt their treatments with these drugs.\nHence, it may exist ominous consequences due to this drop out.\nFor this reason, it is necessary to quickly warn about this situation and the risks associated with it.\n", "Evidence Map": {"Enrollment": [], "Comparison Results": [], "Study Arm 1 Results": [], "Study Arm 2 Results": []}, "Sentence-level breakdown": [{"Section": "TITLE", "Text": "Based on some publications that associate SARS-CoV-2 infection with the use of anti-hypertensive drug groups such as angiotensin-converting-enzyme inhibitors ( e.g . enalapril ) or angiotensin II receptor blockers ( e.g . losartan ) , many patients from South America , Central America or Spain , have stopped or intend to interrupt their treatments with these drugs .", "Evidence Elements": {"Participant": [], "Intervention": [], "Outcome": []}, "Evidence Propositions": []}, {"Section": "CONCLUSIONS", "Text": "For this reason , it is necessary to quickly warn about this situation and the risks associated with it .", "Evidence Elements": {"Participant": [], "Intervention": [], "Outcome": []}, "Evidence Propositions": []}]}