{"doc_id": "32219882", "type of study": "Therapy", "title": "", "abstract": "An outbreak of severe acute respiratory syndrome-related coronavirus 2 infection has posed significant threats to international health and the economy.\nIn the absence of specific treatment for this virus, there is an urgent need to learn from the experience and lessons in China.\nTo reduce the case-fatality rate among coronavirus disease 2019 patients, we should not ignore the complications, such as RNAaemia, acute respiratory distress syndrome, and multiple organ dysfunction.\nTo help understand the advantages and limitations of differential treatments, we provide a timely review and discuss the complications and corresponding major treatments, especially controversial ones such as antiviral therapy (remdesivir, ribavirin, and chloroquine), glucocorticoid therapy, extracorporeal support including an artificial liver system, and extracorporeal membrane oxygenation based on available evidence.\nAs a result, we suggest that antiviral therapy and organ function support are vital to reduce mortality for mild patients and critical patients, respectively.\n", "Evidence Map": {"Enrollment": [{"term": "mild patients", "negation": "affirmed", "UMLS": "", "start": 109, "end": 122}, {"term": "critical patients", "negation": "affirmed", "UMLS": "", "start": 127, "end": 144}], "Comparison Results": [], "Study Arm 1 Results": [], "Study Arm 2 Results": []}, "Sentence-level breakdown": [{"Section": "TITLE", "Text": "An outbreak of severe acute respiratory syndrome-related coronavirus 2 infection has posed significant threats to international health and the economy .", "Evidence Elements": {"Participant": [], "Intervention": [], "Outcome": []}, "Evidence Propositions": []}, {"Section": "RESULTS", "Text": "To reduce the case-fatality rate among coronavirus disease 2019 patients , we should not ignore the complications , such as RNAaemia , acute respiratory distress syndrome , and multiple organ dysfunction .", "Evidence Elements": {"Participant": [], "Intervention": [], "Outcome": []}, "Evidence Propositions": []}, {"Section": "CONCLUSIONS", "Text": "To help understand the advantages and limitations of differential treatments , we provide a timely review and discuss the complications and corresponding major treatments , especially controversial ones such as antiviral therapy ( remdesivir , ribavirin , and chloroquine ) , glucocorticoid therapy , extracorporeal support including an artificial liver system , and extracorporeal membrane oxygenation based on available evidence .", "Evidence Elements": {"Participant": [], "Intervention": [{"term": "antiviral therapy", "negation": "affirmed", "UMLS": "", "start": 211, "end": 228}, {"term": "remdesivir", "negation": "affirmed", "UMLS": "", "start": 231, "end": 241}, {"term": "ribavirin", "negation": "affirmed", "UMLS": "", "start": 244, "end": 253}, {"term": "chloroquine", "negation": "affirmed", "UMLS": "", "start": 260, "end": 271}, {"term": "glucocorticoid therapy", "negation": "affirmed", "UMLS": "", "start": 276, "end": 298}, {"term": "extracorporeal support including an artificial liver system", "negation": "affirmed", "UMLS": "", "start": 301, "end": 360}], "Outcome": [{"term": "complications", "negation": "affirmed", "UMLS": "", "start": 122, "end": 135}, {"term": "treatments", "negation": "affirmed", "UMLS": "", "start": 66, "end": 76}]}, "Evidence Propositions": []}, {"Section": "CONCLUSIONS", "Text": "As a result , we suggest that antiviral therapy and organ function support are vital to reduce mortality for mild patients and critical patients , respectively .", "Evidence Elements": {"Participant": [{"term": "mild patients", "negation": "affirmed", "UMLS": "", "start": 109, "end": 122}, {"term": "critical patients", "negation": "affirmed", "UMLS": "", "start": 127, "end": 144}], "Intervention": [{"term": "antiviral therapy", "negation": "affirmed", "UMLS": "", "start": 30, "end": 47}, {"term": "organ function support", "negation": "affirmed", "UMLS": "", "start": 52, "end": 74}], "Outcome": [{"term": "mortality", "negation": "affirmed", "UMLS": "", "start": 95, "end": 104}]}, "Evidence Propositions": []}]}