{"doc_id": "32215548", "type of study": "Therapy", "title": "", "abstract": "Crohn's disease [CD] and ulcerative colitis [UC], the main inflammatory bowel diseases [IBD] in humans, are chronic, immune-inflammatory diseases, the pathogenesis of which suggests a complex interaction between environmental factors and genetic susceptibility.\nThese disabling conditions affect millions of individuals and, together with the drugs used to treat them, can put patients at risk of developing complications and other conditions.\nThis is particularly relevant today, as coronavirus disease [Covid-19] has rapidly spread from China to countries where IBD are more prevalent, and there is convincing evidence that Covid-19-mediated morbidity and mortality are higher in subjects with comorbidities.\nThe primary objectives of this Viewpoint are to provide a focused overview of the factors and mechanisms by which the novel severe acute respiratory syndrome coronavirus 2 [SARS-CoV-2] infects cells and to illustrate the link between such determinants and intestinal inflammation.\nWe also provide clues about the reasons why the overall IBD population might have no increased risk of developing SARS-CoV-2 infection and highlight the potential of cytokine blockers, used to treat IBD patients, to prevent Covid-driven pneumonia.\n", "Evidence Map": {"Enrollment": [], "Comparison Results": [], "Study Arm 1 Results": [], "Study Arm 2 Results": []}, "Sentence-level breakdown": [{"Section": "TITLE", "Text": "Crohn 's disease [ CD ] and ulcerative colitis [ UC ] , the main inflammatory bowel diseases [ IBD ] in humans , are chronic , immune-inflammatory diseases , the pathogenesis of which suggests a complex interaction between environmental factors and genetic susceptibility .", "Evidence Elements": {"Participant": [], "Intervention": [], "Outcome": []}, "Evidence Propositions": []}, {"Section": "RESULTS", "Text": "The primary objectives of this Viewpoint are to provide a focused overview of the factors and mechanisms by which the novel severe acute respiratory syndrome coronavirus 2 [ SARS-CoV-2 ] infects cells and to illustrate the link between such determinants and intestinal inflammation .", "Evidence Elements": {"Participant": [], "Intervention": [{"term": "acute respiratory syndrome coronavirus 2 [ SARS-CoV-2 ]", "negation": "affirmed", "UMLS": "", "start": 131, "end": 186}], "Outcome": []}, "Evidence Propositions": []}, {"Section": "CONCLUSIONS", "Text": "We also provide clues about the reasons why the overall IBD population might have no increased risk of developing SARS-CoV-2 infection and highlight the potential of cytokine blockers , used to treat IBD patients , to prevent Covid-driven pneumonia .", "Evidence Elements": {"Participant": [], "Intervention": [], "Outcome": [{"term": "risk of developing SARS-CoV-2 infection", "negation": "negated", "UMLS": "", "start": 95, "end": 134}]}, "Evidence Propositions": []}]}