{"doc_id": "32219057", "type of study": "Therapy", "title": "", "abstract": "The goal of this review is to provide a timely overview on efforts to develop a vaccine for the 2019 novel coronavirus SARS-CoV-2, the causative agent of coronavirus disease (COVID-19).\nPrevious research efforts to develop a severe acute respiratory syndrome coronavirus (SARS-CoV) vaccine in the years following the 2003 pandemic have opened the door for investigators to design vaccine concepts and approaches for the COVID-19 epidemic in China.\nBoth SARS-CoV and SARS-CoV-2 exhibit a high degree of genetic similarity and bind to the same host cell ACE2 receptor.\nBased on previous experience with SARS-CoV vaccines, it is expected that all COVID-19 vaccines will require careful safety evaluations for immunopotentiation that could lead to increased infectivity or eosinophilic infiltration.\nBesides this, a COVID-19 vaccine target product profile must address vaccinating at-risk human populations including frontline healthcare workers, individuals over the age of 60, and those with underlying and debilitating chronic conditions.\nAmong the vaccine technologies under evaluation are whole virus vaccines, recombinant protein subunit vaccines, and nucleic acid vaccines.\nEach current vaccine strategy has distinct advantages and disadvantages.\nTherefore, it is paramount that multiple strategies be advanced quickly and then evaluated for safety and efficacy.\nUltimately, the safety studies to minimize undesired immunopotentiation will become the most significant bottleneck in terms of time.\n", "Evidence Map": {"Enrollment": [], "Comparison Results": [], "Study Arm 1 Results": [], "Study Arm 2 Results": []}, "Sentence-level breakdown": [{"Section": "TITLE", "Text": "The goal of this review is to provide a timely overview on efforts to develop a vaccine for the 2019 novel coronavirus SARS-CoV-2 , the causative agent of coronavirus disease ( COVID-19 ) .", "Evidence Elements": {"Participant": [], "Intervention": [{"term": "vaccine", "negation": "affirmed", "UMLS": "", "start": 80, "end": 87}], "Outcome": []}, "Evidence Propositions": []}, {"Section": "RESULTS", "Text": "Previous research efforts to develop a severe acute respiratory syndrome coronavirus ( SARS-CoV ) vaccine in the years following the 2003 pandemic have opened the door for investigators to design vaccine concepts and approaches for the COVID-19 epidemic in China .", "Evidence Elements": {"Participant": [], "Intervention": [], "Outcome": []}, "Evidence Propositions": []}, {"Section": "RESULTS", "Text": "Both SARS-CoV and SARS-CoV-2 exhibit a high degree of genetic similarity and bind to the same host cell ACE2 receptor .", "Evidence Elements": {"Participant": [], "Intervention": [], "Outcome": []}, "Evidence Propositions": []}, {"Section": "RESULTS", "Text": "Based on previous experience with SARS-CoV vaccines , it is expected that all COVID-19 vaccines will require careful safety evaluations for immunopotentiation that could lead to increased infectivity or eosinophilic infiltration .", "Evidence Elements": {"Participant": [], "Intervention": [], "Outcome": []}, "Evidence Propositions": []}, {"Section": "RESULTS", "Text": "Besides this , a COVID-19 vaccine target product profile must address vaccinating at-risk human populations including frontline healthcare workers , individuals over the age of 60 , and those with underlying and debilitating chronic conditions .", "Evidence Elements": {"Participant": [], "Intervention": [], "Outcome": []}, "Evidence Propositions": []}, {"Section": "RESULTS", "Text": "Among the vaccine technologies under evaluation are whole virus vaccines , recombinant protein subunit vaccines , and nucleic acid vaccines .", "Evidence Elements": {"Participant": [], "Intervention": [], "Outcome": []}, "Evidence Propositions": []}, {"Section": "RESULTS", "Text": "Each current vaccine strategy has distinct advantages and disadvantages .", "Evidence Elements": {"Participant": [], "Intervention": [], "Outcome": []}, "Evidence Propositions": []}, {"Section": "RESULTS", "Text": "Therefore , it is paramount that multiple strategies be advanced quickly and then evaluated for safety and efficacy .", "Evidence Elements": {"Participant": [], "Intervention": [], "Outcome": []}, "Evidence Propositions": []}, {"Section": "CONCLUSIONS", "Text": "Ultimately , the safety studies to minimize undesired immunopotentiation will become the most significant bottleneck in terms of time .", "Evidence Elements": {"Participant": [], "Intervention": [], "Outcome": []}, "Evidence Propositions": []}]}