{"doc_id": "32215956", "type of study": "Therapy", "title": "", "abstract": "The novel coronavirus disease is currently causing a major pandemic.\nIt is caused by the severe acute respiratory syndrome coronavirus 2 (SARS-CoV-2), a member of the Betacoronavirus genus that also includes the SARS-CoV and Middle East respiratory syndrome coronavirus.\nWhile patients typically present with fever and a respiratory illness, some patients also report gastrointestinal symptoms such as diarrhea, vomiting, and abdominal pain.\nStudies have identified the SARS-CoV-2 RNA in stool specimens of infected patients, and its viral receptor angiotensin converting enzyme 2 was found to be highly expressed in gastrointestinal epithelial cells.\nThese suggest that SARS-CoV-2 can actively infect and replicate in the gastrointestinal tract.\nThis has important implications to the disease management, transmission, and infection control.\nIn this article, we review the important gastrointestinal aspects of the disease.\n", "Evidence Map": {"Enrollment": [], "Comparison Results": [], "Study Arm 1 Results": [], "Study Arm 2 Results": []}, "Sentence-level breakdown": [{"Section": "TITLE", "Text": "The novel coronavirus disease is currently causing a major pandemic .", "Evidence Elements": {"Participant": [], "Intervention": [], "Outcome": []}, "Evidence Propositions": []}, {"Section": "RESULTS", "Text": "It is caused by the severe acute respiratory syndrome coronavirus 2 ( SARS-CoV-2 ) , a member of the Betacoronavirus genus that also includes the SARS-CoV and Middle East respiratory syndrome coronavirus .", "Evidence Elements": {"Participant": [], "Intervention": [], "Outcome": []}, "Evidence Propositions": []}, {"Section": "RESULTS", "Text": "While patients typically present with fever and a respiratory illness , some patients also report gastrointestinal symptoms such as diarrhea , vomiting , and abdominal pain .", "Evidence Elements": {"Participant": [], "Intervention": [], "Outcome": []}, "Evidence Propositions": []}, {"Section": "RESULTS", "Text": "Studies have identified the SARS-CoV-2 RNA in stool specimens of infected patients , and its viral receptor angiotensin converting enzyme 2 was found to be highly expressed in gastrointestinal epithelial cells .", "Evidence Elements": {"Participant": [], "Intervention": [], "Outcome": []}, "Evidence Propositions": []}, {"Section": "RESULTS", "Text": "These suggest that SARS-CoV-2 can actively infect and replicate in the gastrointestinal tract .", "Evidence Elements": {"Participant": [], "Intervention": [{"term": "SARS-CoV-2", "negation": "affirmed", "UMLS": "", "start": 19, "end": 29}], "Outcome": []}, "Evidence Propositions": []}, {"Section": "RESULTS", "Text": "This has important implications to the disease management , transmission , and infection control .", "Evidence Elements": {"Participant": [], "Intervention": [], "Outcome": []}, "Evidence Propositions": []}, {"Section": "CONCLUSIONS", "Text": "In this article , we review the important gastrointestinal aspects of the disease .", "Evidence Elements": {"Participant": [], "Intervention": [], "Outcome": []}, "Evidence Propositions": []}]}