{"doc_id": "32219814", "type of study": "Therapy", "title": "", "abstract": "Since December 2019, a series of highly infectious cases of unexplained pneumonia have been discovered in Wuhan, Hubei Province, which have been confirmed as '2019 corona virus disease' caused by severe acute respiratory syndrome coronavirus 2 (SARS-CoV-2).\nSARS-CoV-2 virus can invade many human systems including the lungs.\nPatients with central nervous system involvement may show a series of neurological symptoms, which is easy to be misdiagnosed and neglected, thereby increasing the risk of SARS-CoV-2 transmission.\nHereditary ataxia is a large group of neurodegenerative diseases with great clinical and genetic heterogeneity and high mortality and disability.\nIn view of the seriousness of the COVID-19 epidemic, a series of prevention and control measures adopted by the government have restricted the follow-up, diagnosis and treatment of patients by the hospitals, which has a great impact on their mental and physical health.\nIn order to standardize the management of patients during the prevention and control of COVID-19 epidemic, the Specialized Committee of Neurogenetics of the Neurophysician Branch of Chinese Medical Doctor Association has formulated this consensus, with an aim to help patients to overcome the difficulties and pass the epidemic prevention period safely.\n", "Evidence Map": {"Enrollment": [], "Comparison Results": [], "Study Arm 1 Results": [], "Study Arm 2 Results": []}, "Sentence-level breakdown": [{"Section": "TITLE", "Text": "Since December 2019 , a series of highly infectious cases of unexplained pneumonia have been discovered in Wuhan , Hubei Province , which have been confirmed as '2019 corona virus disease ' caused by severe acute respiratory syndrome coronavirus 2 ( SARS-CoV-2 ) .", "Evidence Elements": {"Participant": [], "Intervention": [], "Outcome": []}, "Evidence Propositions": []}, {"Section": "CONCLUSIONS", "Text": "In order to standardize the management of patients during the prevention and control of COVID-19 epidemic , the Specialized Committee of Neurogenetics of the Neurophysician Branch of Chinese Medical Doctor Association has formulated this consensus , with an aim to help patients to overcome the difficulties and pass the epidemic prevention period safely .", "Evidence Elements": {"Participant": [], "Intervention": [], "Outcome": []}, "Evidence Propositions": []}]}