{"doc_id": "32218151", "type of study": "Therapy", "title": "", "abstract": "During its first two and a half months, the recently emerged 2019 novel coronavirus, SARS-CoV-2, has already infected over one-hundred thousand people worldwide and has taken more than four thousand lives.\nHowever, the swiftly spreading virus also caused an unprecedentedly rapid response from the research community facing the unknown health challenge of potentially enormous proportions.\nUnfortunately, the experimental research to understand the molecular mechanisms behind the viral infection and to design a vaccine or antivirals is costly and takes months to develop.\nTo expedite the advancement of our knowledge, we leveraged data about the related coronaviruses that is readily available in public databases and integrated these data into a single computational pipeline.\nAs a result, we provide comprehensive structural genomics and interactomics roadmaps of SARS-CoV-2 and use this information to infer the possible functional differences and similarities with the related SARS coronavirus.\nAll data are made publicly available to the research community.\n", "Evidence Map": {"Enrollment": [], "Comparison Results": [], "Study Arm 1 Results": [], "Study Arm 2 Results": []}, "Sentence-level breakdown": [{"Section": "TITLE", "Text": "During its first two and a half months , the recently emerged 2019 novel coronavirus , SARS-CoV-2 , has already infected over one-hundred thousand people worldwide and has taken more than four thousand lives .", "Evidence Elements": {"Participant": [], "Intervention": [], "Outcome": []}, "Evidence Propositions": []}, {"Section": "CONCLUSIONS", "Text": "To expedite the advancement of our knowledge , we leveraged data about the related coronaviruses that is readily available in public databases and integrated these data into a single computational pipeline .", "Evidence Elements": {"Participant": [], "Intervention": [], "Outcome": []}, "Evidence Propositions": []}, {"Section": "CONCLUSIONS", "Text": "As a result , we provide comprehensive structural genomics and interactomics roadmaps of SARS-CoV-2 and use this information to infer the possible functional differences and similarities with the related SARS coronavirus .", "Evidence Elements": {"Participant": [], "Intervention": [{"term": "SARS-CoV-2", "negation": "affirmed", "UMLS": "", "start": 89, "end": 99}], "Outcome": [{"term": "similarities", "negation": "affirmed", "UMLS": "", "start": 174, "end": 186}]}, "Evidence Propositions": []}, {"Section": "CONCLUSIONS", "Text": "All data are made publicly available to the research community .", "Evidence Elements": {"Participant": [], "Intervention": [], "Outcome": []}, "Evidence Propositions": []}]}