{"doc_id": "32213337", "type of study": "Therapy", "title": "", "abstract": "Coronavirus disease 2019 (COVID-19) causes severe community and nosocomial outbreaks.\nComprehensive data for serial respiratory viral load and serum antibody responses from patients infected with severe acute respiratory syndrome coronavirus 2 (SARS-CoV-2) are not yet available.\nNasopharyngeal and throat swabs are usually obtained for serial viral load monitoring of respiratory infections but gathering these specimens can cause discomfort for patients and put health-care workers at risk.\nWe aimed to ascertain the serial respiratory viral load of SARS-CoV-2 in posterior oropharyngeal (deep throat) saliva samples from patients with COVID-19, and serum antibody responses.\nWe did a cohort study at two hospitals in Hong Kong.\nWe included patients with laboratory-confirmed COVID-19.\nWe obtained samples of blood, urine, posterior oropharyngeal saliva, and rectal swabs.\nSerial viral load was ascertained by reverse transcriptase quantitative PCR (RT-qPCR).\nAntibody levels against the SARS-CoV-2 internal nucleoprotein (NP) and surface spike protein receptor binding domain (RBD) were measured using EIA.\nWhole-genome sequencing was done to identify possible mutations arising during infection.\nBetween Jan 22, 2020, and Feb 12, 2020, 30 patients were screened for inclusion, of whom 23 were included (median age 62 years [range 37-75]).\nThe median viral load in posterior oropharyngeal saliva or other respiratory specimens at presentation was 5 2 log10 copies per mL (IQR 4 1-7 0).\nSalivary viral load was highest during the first week after symptom onset and subsequently declined with time (slope -0 15, 95% CI -0 19 to -0 11; R2=0 71).\nIn one patient, viral RNA was detected 25 days after symptom onset.\nOlder age was correlated with higher viral load (Spearman's rho=0 48, 95% CI 0 074-0 75; p=0 020).\nFor 16 patients with serum samples available 14 days or longer after symptom onset, rates of seropositivity were 94% for anti-NP IgG (n=15), 88% for anti-NP IgM (n=14), 100% for anti-RBD IgG (n=16), and 94% for anti-RBD IgM (n=15).\nAnti-SARS-CoV-2-NP or anti-SARS-CoV-2-RBD IgG levels correlated with virus neutralisation titre (R2>0 9).\nNo genome mutations were detected on serial samples.\nPosterior oropharyngeal saliva samples are a non-invasive specimen more acceptable to patients and health-care workers.\nUnlike severe acute respiratory syndrome, patients with COVID-19 had the highest viral load near presentation, which could account for the fast-spreading nature of this epidemic.\nThis finding emphasises the importance of stringent infection control and early use of potent antiviral agents, alone or in combination, for high-risk individuals.\nSerological assay can complement RT-qPCR for diagnosis.\nRichard and Carol Yu, May Tam Mak Mei Yin, The Shaw Foundation Hong Kong, Michael Tong, Marina Lee, Government Consultancy Service, and Sanming Project of Medicine.\n", "Evidence Map": {"Enrollment": [{"term": "COVID-19", "negation": "affirmed", "UMLS": "", "start": 147, "end": 155}, {"term": "laboratory-confirmed COVID-19", "negation": "affirmed", "UMLS": "", "start": 26, "end": 55}, {"term": "health-care workers", "negation": "affirmed", "UMLS": "", "start": 99, "end": 118}, {"term": "severe acute respiratory syndrome", "negation": "affirmed", "UMLS": "", "start": 7, "end": 40}, {"term": "COVID-19", "negation": "affirmed", "UMLS": "", "start": 57, "end": 65}], "Comparison Results": [], "Study Arm 1 Results": [], "Study Arm 2 Results": []}, "Sentence-level breakdown": [{"Section": "TITLE", "Text": "Coronavirus disease 2019 ( COVID-19 ) causes severe community and nosocomial outbreaks .", "Evidence Elements": {"Participant": [], "Intervention": [], "Outcome": []}, "Evidence Propositions": []}, {"Section": "OBJECTIVE", "Text": "We aimed to ascertain the serial respiratory viral load of SARS-CoV-2 in posterior oropharyngeal ( deep throat ) saliva samples from patients with COVID-19 , and serum antibody responses .", "Evidence Elements": {"Participant": [{"term": "COVID-19", "negation": "affirmed", "UMLS": "", "start": 147, "end": 155}], "Intervention": [], "Outcome": [{"term": "serial respiratory viral load of SARS-CoV-2", "negation": "affirmed", "UMLS": "", "start": 26, "end": 69}]}, "Evidence Propositions": []}, {"Section": "METHODS", "Text": "We did a cohort study at two hospitals in Hong Kong .", "Evidence Elements": {"Participant": [], "Intervention": [], "Outcome": []}, "Evidence Propositions": []}, {"Section": "METHODS", "Text": "We included patients with laboratory-confirmed COVID-19 .", "Evidence Elements": {"Participant": [{"term": "laboratory-confirmed COVID-19", "negation": "affirmed", "UMLS": "", "start": 26, "end": 55}], "Intervention": [], "Outcome": []}, "Evidence Propositions": []}, {"Section": "METHODS", "Text": "We obtained samples of blood , urine , posterior oropharyngeal saliva , and rectal swabs .", "Evidence Elements": {"Participant": [], "Intervention": [], "Outcome": []}, "Evidence Propositions": []}, {"Section": "METHODS", "Text": "Serial viral load was ascertained by reverse transcriptase quantitative PCR ( RT-qPCR ) .", "Evidence Elements": {"Participant": [], "Intervention": [], "Outcome": [{"term": "Serial viral load", "negation": "affirmed", "UMLS": "", "start": 0, "end": 17}]}, "Evidence Propositions": []}, {"Section": "METHODS", "Text": "Antibody levels against the SARS-CoV-2 internal nucleoprotein ( NP ) and surface spike protein receptor binding domain ( RBD ) were measured using EIA .", "Evidence Elements": {"Participant": [], "Intervention": [], "Outcome": [{"term": "Antibody levels against the SARS-CoV-2 internal nucleoprotein ( NP ) and surface spike protein receptor binding domain ( RBD )", "negation": "affirmed", "UMLS": "", "start": 0, "end": 126}]}, "Evidence Propositions": []}, {"Section": "METHODS", "Text": "Whole-genome sequencing was done to identify possible mutations arising during infection .", "Evidence Elements": {"Participant": [], "Intervention": [], "Outcome": []}, "Evidence Propositions": []}, {"Section": "RESULTS", "Text": "Between Jan 22 , 2020 , and Feb 12 , 2020 , 30 patients were screened for inclusion , of whom 23 were included ( median age 62 years [ range 37-75 ] ) .", "Evidence Elements": {"Participant": [], "Intervention": [], "Outcome": []}, "Evidence Propositions": []}, {"Section": "RESULTS", "Text": "The median viral load in posterior oropharyngeal saliva or other respiratory specimens at presentation was 5 2 log10 copies per mL (IQR 4 1-7 0) .", "Evidence Elements": {"Participant": [], "Intervention": [], "Outcome": [{"term": "median viral load in posterior oropharyngeal saliva or other respiratory specimens", "negation": "affirmed", "UMLS": "", "start": 4, "end": 86}]}, "Evidence Propositions": []}, {"Section": "RESULTS", "Text": "Salivary viral load was highest during the first week after symptom onset and subsequently declined with time ( slope -0 15 , 95 % CI -0 19 to -0 11 ; R2 = 0 71 ) .", "Evidence Elements": {"Participant": [], "Intervention": [], "Outcome": [{"term": "Salivary viral load", "negation": "affirmed", "UMLS": "", "start": 0, "end": 19}]}, "Evidence Propositions": [{"Intervention": [], "Observation": "highest", "Outcome": "Salivary viral load", "Count": ""}]}, {"Section": "RESULTS", "Text": "In one patient , viral RNA was detected 25 days after symptom onset .", "Evidence Elements": {"Participant": [], "Intervention": [], "Outcome": [{"term": "viral RNA", "negation": "affirmed", "UMLS": "", "start": 17, "end": 26}]}, "Evidence Propositions": []}, {"Section": "RESULTS", "Text": "Older age was correlated with higher viral load ( Spearman 's rho = 0 48 , 95 % CI 0 074-0 75 ; p = 0 020 ) .", "Evidence Elements": {"Participant": [], "Intervention": [{"term": "Older age", "negation": "affirmed", "UMLS": "", "start": 0, "end": 9}], "Outcome": [{"term": "viral load", "negation": "affirmed", "UMLS": "", "start": 37, "end": 47}]}, "Evidence Propositions": []}, {"Section": "RESULTS", "Text": "For 16 patients with serum samples available 14 days or longer after symptom onset , rates of seropositivity were 94 % for anti-NP IgG ( n = 15 ) , 88 % for anti-NP IgM ( n = 14 ) , 100 % for anti-RBD IgG ( n = 16 ) , and 94 % for anti-RBD IgM ( n = 15 ) .", "Evidence Elements": {"Participant": [], "Intervention": [], "Outcome": [{"term": "rates of seropositivity", "negation": "affirmed", "UMLS": "", "start": 85, "end": 108}, {"term": "anti-NP IgG", "negation": "affirmed", "UMLS": "", "start": 123, "end": 134}, {"term": "anti-NP IgM", "negation": "affirmed", "UMLS": "", "start": 157, "end": 168}]}, "Evidence Propositions": []}, {"Section": "RESULTS", "Text": "Anti-SARS-CoV-2-NP or anti-SARS-CoV-2-RBD IgG levels correlated with virus neutralisation titre ( R2 > 0 9 ) .", "Evidence Elements": {"Participant": [], "Intervention": [], "Outcome": [{"term": "Anti-SARS-CoV-2-NP", "negation": "affirmed", "UMLS": "", "start": 0, "end": 18}, {"term": "anti-SARS-CoV-2-RBD IgG levels", "negation": "affirmed", "UMLS": "", "start": 22, "end": 52}, {"term": "virus neutralisation titre", "negation": "affirmed", "UMLS": "", "start": 69, "end": 95}]}, "Evidence Propositions": []}, {"Section": "RESULTS", "Text": "No genome mutations were detected on serial samples .", "Evidence Elements": {"Participant": [], "Intervention": [], "Outcome": [{"term": "genome mutations", "negation": "negated", "UMLS": "", "start": 3, "end": 19}]}, "Evidence Propositions": []}, {"Section": "CONCLUSIONS", "Text": "Posterior oropharyngeal saliva samples are a non-invasive specimen more acceptable to patients and health-care workers .", "Evidence Elements": {"Participant": [{"term": "health-care workers", "negation": "affirmed", "UMLS": "", "start": 99, "end": 118}], "Intervention": [{"term": "Posterior oropharyngeal saliva samples", "negation": "affirmed", "UMLS": "", "start": 0, "end": 38}], "Outcome": []}, "Evidence Propositions": [{"Intervention": ["Posterior oropharyngeal saliva samples"], "Observation": "more acceptable", "Outcome": "", "Count": ""}]}, {"Section": "CONCLUSIONS", "Text": "Unlike severe acute respiratory syndrome , patients with COVID-19 had the highest viral load near presentation , which could account for the fast-spreading nature of this epidemic .", "Evidence Elements": {"Participant": [{"term": "severe acute respiratory syndrome", "negation": "affirmed", "UMLS": "", "start": 7, "end": 40}, {"term": "COVID-19", "negation": "affirmed", "UMLS": "", "start": 57, "end": 65}], "Intervention": [], "Outcome": [{"term": "viral load near presentation", "negation": "affirmed", "UMLS": "", "start": 82, "end": 110}]}, "Evidence Propositions": []}, {"Section": "CONCLUSIONS", "Text": "This finding emphasises the importance of stringent infection control and early use of potent antiviral agents , alone or in combination , for high-risk individuals .", "Evidence Elements": {"Participant": [], "Intervention": [], "Outcome": []}, "Evidence Propositions": []}, {"Section": "CONCLUSIONS", "Text": "Serological assay can complement RT-qPCR for diagnosis .", "Evidence Elements": {"Participant": [], "Intervention": [], "Outcome": []}, "Evidence Propositions": []}, {"Section": "CONCLUSIONS", "Text": "Richard and Carol Yu, May Tam Mak Mei Yin, The Shaw Foundation Hong Kong, Michael Tong, Marina Lee, Government Consultancy Service , and Sanming Project of Medicine .", "Evidence Elements": {"Participant": [], "Intervention": [], "Outcome": []}, "Evidence Propositions": []}]}