{"doc_id": "32216114", "type of study": "Therapy", "title": "", "abstract": "Swine acute diarrhea syndrome coronavirus (SADS-CoV) is a novel coronavirus that is involved in severe diarrhea disease in piglets, causing considerable agricultural and economic loss in China.\nThe emergence of this new coronavirus increases the importance of understanding SADS-CoV as well as antivirals.\nCoronaviral proteases, including main proteases and papain-like proteases (PLP), are attractive antiviral targets because of their essential roles in polyprotein processing and thus viral maturation.\nHere, we describe the biochemical and structural identification of recombinant SADS papain-like protease 2 (PLP2) domain of nsp3.\nThe SADS-CoV PLP2 was shown to cleave nsp1 proteins and also peptides mimicking the nsp2 nsp3 cleavage site and also had deubiquitinating and deISGynating activity by in vitro assays.\nThe crystal structure adopts an architecture resembling that of PLPs from other coronaviruses.\nWe characterize both conserved and unique structural features likely directing the interaction of PLP2 with the substrates, including the tentative mapping of active site and other essential residues.\nThese results provide a foundation for understanding the molecular basis of coronaviral PLPs' catalytic mechanism and for the screening and design of therapeutics to combat infection by SADS coronavirus.\nPDB Code(s): http://firstglance.jmol.org/fg.htm?mol=6L5T;\n", "Evidence Map": {"Enrollment": [], "Comparison Results": [], "Study Arm 1 Results": [], "Study Arm 2 Results": []}, "Sentence-level breakdown": [{"Section": "TITLE", "Text": "Swine acute diarrhea syndrome coronavirus ( SADS-CoV ) is a novel coronavirus that is involved in severe diarrhea disease in piglets , causing considerable agricultural and economic loss in China .", "Evidence Elements": {"Participant": [], "Intervention": [], "Outcome": []}, "Evidence Propositions": []}, {"Section": "METHODS", "Text": "Here , we describe the biochemical and structural identification of recombinant SADS papain-like protease 2 ( PLP2 ) domain of nsp3 .", "Evidence Elements": {"Participant": [], "Intervention": [{"term": "recombinant SADS papain-like protease 2 ( PLP2 )", "negation": "affirmed", "UMLS": "", "start": 68, "end": 116}], "Outcome": [{"term": "and structural identification", "negation": "affirmed", "UMLS": "", "start": 35, "end": 64}]}, "Evidence Propositions": []}, {"Section": "RESULTS", "Text": "The SADS-CoV PLP2 was shown to cleave nsp1 proteins and also peptides mimicking the nsp2 nsp3 cleavage site and also had deubiquitinating and deISGynating activity by in vitro assays .", "Evidence Elements": {"Participant": [], "Intervention": [{"term": "SADS-CoV PLP2", "negation": "affirmed", "UMLS": "", "start": 4, "end": 17}], "Outcome": [{"term": "deubiquitinating and deISGynating activity", "negation": "affirmed", "UMLS": "", "start": 121, "end": 163}]}, "Evidence Propositions": []}, {"Section": "RESULTS", "Text": "The crystal structure adopts an architecture resembling that of PLPs from other coronaviruses .", "Evidence Elements": {"Participant": [], "Intervention": [], "Outcome": []}, "Evidence Propositions": []}, {"Section": "RESULTS", "Text": "We characterize both conserved and unique structural features likely directing the interaction of PLP2 with the substrates , including the tentative mapping of active site and other essential residues .", "Evidence Elements": {"Participant": [], "Intervention": [], "Outcome": []}, "Evidence Propositions": []}, {"Section": "RESULTS", "Text": "These results provide a foundation for understanding the molecular basis of coronaviral PLPs ' catalytic mechanism and for the screening and design of therapeutics to combat infection by SADS coronavirus .", "Evidence Elements": {"Participant": [], "Intervention": [], "Outcome": []}, "Evidence Propositions": []}, {"Section": "CONCLUSIONS", "Text": "PDB Code ( s ) : http:/ / firstglance . jmol.org / fg . htm ? mol = 6L5T ;", "Evidence Elements": {"Participant": [], "Intervention": [], "Outcome": []}, "Evidence Propositions": []}]}