{"doc_id": "32217113", "type of study": "Therapy", "title": "", "abstract": "The current coronavirus disease 2019 (COVID-19) pneumonia pandemic, caused by the severe acute respiratory syndrome coronavirus 2 (SARS-CoV-2) is spreading globally at an accelerated rate, with a basic reproduction number (R0) of 2-2.5, indicating that 2-3 persons will be infected from an index patient.\nA serious public health emergency, it is particularly deadly in vulnerable populations and communities in which healthcare providers are insufficiently prepared to manage the infection.\nAs of March 16, 2020, there are more than 180,000 confirmed cases of COVID-19 worldwide, with more than 7000 related deaths.\nThe SARS-CoV-2 virus has been isolated from asymptomatic individuals, and affected patients continue to be infectious 2 weeks after cessation of symptoms.\nThe substantial morbidity and socioeconomic impact have necessitated drastic measures across all continents, including nationwide lockdowns and border closures.\nPregnant women and their fetuses represent a high-risk population during infectious disease outbreaks.\nTo date, the outcomes of 55 pregnant women infected with COVID-19 and 46 neonates have been reported in the literature, with no definite evidence of vertical transmission.\nPhysiological and mechanical changes in pregnancy increase susceptibility to infections in general, particularly when the cardiorespiratory system is affected, and encourage rapid progression to respiratory failure in the gravida.\nFurthermore, the pregnancy bias toward T-helper 2 (Th2) system dominance, which protects the fetus, leaves the mother vulnerable to viral infections, which are more effectively contained by the Th1 system.\nThese unique challenges mandate an integrated approach to pregnancies affected by SARS-CoV-2.\nHere we present a review of COVID-19 in pregnancy, bringing together the various factors integral to the understanding of pathophysiology and susceptibility, diagnostic challenges with real-time reverse transcription polymerase chain reaction (RT-PCR) assays, therapeutic controversies, intrauterine transmission, and maternal-fetal complications.\nWe discuss the latest options in antiviral therapy and vaccine development, including the novel use of chloroquine in the management of COVID-19.\nFetal surveillance, in view of the predisposition to growth restriction and special considerations during labor and delivery, is addressed.\nIn addition, we focus on keeping frontline obstetric care providers safe while continuing to provide essential services.\nOur clinical service model is built around the principles of workplace segregation, responsible social distancing, containment of cross-infection to healthcare providers, judicious use of personal protective equipment, and telemedicine.\nOur aim is to share a framework that can be adopted by tertiary maternity units managing pregnant women in the flux of a pandemic while maintaining the safety of the patient and healthcare provider at its core.\n", "Evidence Map": {"Enrollment": [{"term": "pregnant women", "negation": "affirmed", "UMLS": "", "start": 29, "end": 43}, {"term": "neonates", "negation": "affirmed", "UMLS": "", "start": 74, "end": 82}, {"term": "COVID-19", "negation": "affirmed", "UMLS": "", "start": 28, "end": 36}, {"term": "pregnancy", "negation": "affirmed", "UMLS": "", "start": 40, "end": 49}, {"term": "pregnant women", "negation": "affirmed", "UMLS": "", "start": 89, "end": 103}], "Comparison Results": [], "Study Arm 1 Results": [], "Study Arm 2 Results": []}, "Sentence-level breakdown": [{"Section": "TITLE", "Text": "The current coronavirus disease 2019 ( COVID-19 ) pneumonia pandemic , caused by the severe acute respiratory syndrome coronavirus 2 ( SARS-CoV-2 ) is spreading globally at an accelerated rate , with a basic reproduction number ( R0 ) of 2-2.5 , indicating that 2-3 persons will be infected from an index patient .", "Evidence Elements": {"Participant": [], "Intervention": [], "Outcome": []}, "Evidence Propositions": []}, {"Section": "RESULTS", "Text": "Here we present a review of COVID-19 in pregnancy , bringing together the various factors integral to the understanding of pathophysiology and susceptibility , diagnostic challenges with real-time reverse transcription polymerase chain reaction ( RT-PCR ) assays , therapeutic controversies , intrauterine transmission , and maternal-fetal complications .", "Evidence Elements": {"Participant": [{"term": "COVID-19", "negation": "affirmed", "UMLS": "", "start": 28, "end": 36}, {"term": "pregnancy", "negation": "affirmed", "UMLS": "", "start": 40, "end": 49}], "Intervention": [], "Outcome": [{"term": "diagnostic", "negation": "affirmed", "UMLS": "", "start": 160, "end": 170}, {"term": "therapeutic controversies", "negation": "affirmed", "UMLS": "", "start": 265, "end": 290}]}, "Evidence Propositions": []}, {"Section": "RESULTS", "Text": "We discuss the latest options in antiviral therapy and vaccine development , including the novel use of chloroquine in the management of COVID-19 .", "Evidence Elements": {"Participant": [], "Intervention": [{"term": "chloroquine", "negation": "affirmed", "UMLS": "", "start": 104, "end": 115}], "Outcome": []}, "Evidence Propositions": []}, {"Section": "RESULTS", "Text": "Fetal surveillance , in view of the predisposition to growth restriction and special considerations during labor and delivery , is addressed .", "Evidence Elements": {"Participant": [], "Intervention": [], "Outcome": [{"term": "surveillance", "negation": "affirmed", "UMLS": "", "start": 6, "end": 18}]}, "Evidence Propositions": []}, {"Section": "RESULTS", "Text": "In addition , we focus on keeping frontline obstetric care providers safe while continuing to provide essential services .", "Evidence Elements": {"Participant": [], "Intervention": [{"term": "frontline obstetric care providers", "negation": "affirmed", "UMLS": "", "start": 34, "end": 68}, {"term": "continuing", "negation": "affirmed", "UMLS": "", "start": 80, "end": 90}], "Outcome": []}, "Evidence Propositions": []}, {"Section": "RESULTS", "Text": "Our clinical service model is built around the principles of workplace segregation , responsible social distancing , containment of cross-infection to healthcare providers , judicious use of personal protective equipment , and telemedicine .", "Evidence Elements": {"Participant": [], "Intervention": [], "Outcome": []}, "Evidence Propositions": []}, {"Section": "CONCLUSIONS", "Text": "Our aim is to share a framework that can be adopted by tertiary maternity units managing pregnant women in the flux of a pandemic while maintaining the safety of the patient and healthcare provider at its core .", "Evidence Elements": {"Participant": [{"term": "pregnant women", "negation": "affirmed", "UMLS": "", "start": 89, "end": 103}], "Intervention": [], "Outcome": []}, "Evidence Propositions": []}]}