{"doc_id": "32219846", "type of study": "Therapy", "title": "", "abstract": "The SARS-CoV-2 virus, which causes coronavirus disease 2019 (COVID-19), has rapidly swept across the world since its identification in December 2019.\nOtolaryngologists are at unique risk due to the close contact with mucus membranes of the upper respiratory tract and have been among the most affected healthcare workers in Wuhan, China.\nWe present information on COVID-19 management relevant to otolaryngologists on the frontlines of this pandemic and provide preliminary guidance based on practices implemented in China and other countries and practical strategies deployed at Stanford University.\nLaryngoscope, 2020.\n", "Evidence Map": {"Enrollment": [{"term": "otolaryngologists", "negation": "affirmed", "UMLS": "", "start": 58, "end": 75}], "Comparison Results": [], "Study Arm 1 Results": [], "Study Arm 2 Results": []}, "Sentence-level breakdown": [{"Section": "TITLE", "Text": "The SARS-CoV-2 virus , which causes coronavirus disease 2019 ( COVID-19 ) , has rapidly swept across the world since its identification in December 2019 .", "Evidence Elements": {"Participant": [], "Intervention": [], "Outcome": []}, "Evidence Propositions": []}, {"Section": "OBJECTIVE", "Text": "We present information on COVID-19 management relevant to otolaryngologists on the frontlines of this pandemic and provide preliminary guidance based on practices implemented in China and other countries and practical strategies deployed at Stanford University .", "Evidence Elements": {"Participant": [{"term": "otolaryngologists", "negation": "affirmed", "UMLS": "", "start": 58, "end": 75}], "Intervention": [], "Outcome": [{"term": "COVID-19 management", "negation": "affirmed", "UMLS": "", "start": 26, "end": 45}]}, "Evidence Propositions": []}, {"Section": "METHODS", "Text": "Laryngoscope , 2020 .", "Evidence Elements": {"Participant": [], "Intervention": [], "Outcome": []}, "Evidence Propositions": []}]}