{"doc_id": "32214704", "type of study": "Therapy", "title": "", "abstract": "A novel coronavirus has been identified as the causative agent of the severe acute respiratory syndrome (SARS).\nFor all the SARS-CoV associated proteins derivated from the SARS-CoV genome, the physiochemical properties such as the molecular weight, isoelectric point and extinction coefficient of each protein were calculated.\nThe transmembrane segments and subcellular localization (SubLocation) prediction and conserved protein motifs search against database were employed to analyze the function of SARS-CoV proteins.\nAlso, the homology protein sequence alignment and evolutionary distance matrix calculation between SARS-CoV associated proteins and the corresponding proteins of other coronaviruses were employed to identify the classification and phylogenetic relationship between SARS-CoV and other coronaviruses.\nThe results showed that SARS-CoV is a novel coronavirus which is different from any of the three previously known groups of coronviruses, but it is closer to Bo-CoV and MHV than to other coronaviruses.\nThis study is in aid of experimental determination of SARS-CoV proteomics and the development of antiviral vaccine.\n", "Evidence Map": {"Enrollment": [], "Comparison Results": [], "Study Arm 1 Results": [], "Study Arm 2 Results": []}, "Sentence-level breakdown": [{"Section": "TITLE", "Text": "A novel coronavirus has been identified as the causative agent of the severe acute respiratory syndrome ( SARS ) .", "Evidence Elements": {"Participant": [], "Intervention": [], "Outcome": []}, "Evidence Propositions": []}, {"Section": "METHODS", "Text": "For all the SARS-CoV associated proteins derivated from the SARS-CoV genome , the physiochemical properties such as the molecular weight , isoelectric point and extinction coefficient of each protein were calculated .", "Evidence Elements": {"Participant": [], "Intervention": [{"term": "associated proteins", "negation": "affirmed", "UMLS": "", "start": 21, "end": 40}], "Outcome": [{"term": "physiochemical properties", "negation": "affirmed", "UMLS": "", "start": 82, "end": 107}, {"term": "molecular weight", "negation": "affirmed", "UMLS": "", "start": 120, "end": 136}, {"term": "isoelectric point", "negation": "affirmed", "UMLS": "", "start": 139, "end": 156}, {"term": "extinction coefficient", "negation": "affirmed", "UMLS": "", "start": 161, "end": 183}]}, "Evidence Propositions": []}, {"Section": "METHODS", "Text": "The transmembrane segments and subcellular localization ( SubLocation ) prediction and conserved protein motifs search against database were employed to analyze the function of SARS-CoV proteins .", "Evidence Elements": {"Participant": [], "Intervention": [], "Outcome": [{"term": "transmembrane segments", "negation": "affirmed", "UMLS": "", "start": 4, "end": 26}, {"term": "subcellular localization ( SubLocation )", "negation": "affirmed", "UMLS": "", "start": 31, "end": 71}, {"term": "function", "negation": "affirmed", "UMLS": "", "start": 165, "end": 173}]}, "Evidence Propositions": []}, {"Section": "METHODS", "Text": "Also , the homology protein sequence alignment and evolutionary distance matrix calculation between SARS-CoV associated proteins and the corresponding proteins of other coronaviruses were employed to identify the classification and phylogenetic relationship between SARS-CoV and other coronaviruses .", "Evidence Elements": {"Participant": [], "Intervention": [{"term": "SARS-CoV associated proteins", "negation": "affirmed", "UMLS": "", "start": 100, "end": 128}, {"term": "SARS-CoV", "negation": "affirmed", "UMLS": "", "start": 100, "end": 108}, {"term": "other", "negation": "affirmed", "UMLS": "", "start": 163, "end": 168}], "Outcome": [{"term": "homology protein sequence alignment", "negation": "affirmed", "UMLS": "", "start": 11, "end": 46}, {"term": "evolutionary distance matrix calculation", "negation": "affirmed", "UMLS": "", "start": 51, "end": 91}, {"term": "corresponding proteins", "negation": "affirmed", "UMLS": "", "start": 137, "end": 159}, {"term": "other coronaviruses", "negation": "affirmed", "UMLS": "", "start": 163, "end": 182}, {"term": "classification and", "negation": "affirmed", "UMLS": "", "start": 213, "end": 231}, {"term": "phylogenetic relationship", "negation": "affirmed", "UMLS": "", "start": 232, "end": 257}]}, "Evidence Propositions": []}, {"Section": "RESULTS", "Text": "The results showed that SARS-CoV is a novel coronavirus which is different from any of the three previously known groups of coronviruses , but it is closer to Bo-CoV and MHV than to other coronaviruses .", "Evidence Elements": {"Participant": [], "Intervention": [{"term": "SARS-CoV", "negation": "affirmed", "UMLS": "", "start": 24, "end": 32}, {"term": "Bo-CoV", "negation": "affirmed", "UMLS": "", "start": 159, "end": 165}, {"term": "MHV", "negation": "affirmed", "UMLS": "", "start": 170, "end": 173}], "Outcome": [{"term": "coronavirus", "negation": "affirmed", "UMLS": "", "start": 44, "end": 55}]}, "Evidence Propositions": [{"Intervention": ["SARS-CoV"], "Observation": "different", "Outcome": "", "Count": ""}, {"Intervention": ["SARS-CoV", "Bo-CoV", "MHV"], "Observation": "closer", "Outcome": "", "Count": ""}]}, {"Section": "CONCLUSIONS", "Text": "This study is in aid of experimental determination of SARS-CoV proteomics and the development of antiviral vaccine .", "Evidence Elements": {"Participant": [], "Intervention": [], "Outcome": []}, "Evidence Propositions": []}]}