{"doc_id": "32218301", "type of study": "Therapy", "title": "", "abstract": "Respiratory RNA viruses are responsible for recurrent acute respiratory illnesses that still represent a major medical need.\nPreviously we developed a large variety of benzimidazole derivatives able to inhibit these viruses.\nHerein, two series of (thio)semicarbazone- and hydrazone-based benzimidazoles have been explored, by derivatizing 5-acetyl benzimidazoles previously reported by us, thereby evaluating the influence of the modification on the antiviral activity.\nCompounds 6, 8, 16 and 17, bearing the 5-(thio)semicarbazone and 5-hydrazone functionalities in combination with the 2-benzyl ring on the benzimidazole core structure, acted as dual inhibitors of influenza A virus and human coronavirus.\nFor respiratory syncytial virus (RSV), activity is limited to the 5-thiosemicarbazone (25) and 5-hydrazone (22) compounds carrying the 2-[(benzotriazol-1/2-yl)methyl]benzimidazole scaffold.\nThese molecules proved to be the most effective antiviral agents, able to reach the potency profile of the licensed drug ribavirin.\nThe molecular docking analysis explained the SAR of these compounds around their binding mode to the target RSV F protein, revealing the key contacts for further assessment.\nThe herein-investigated benzimidazole-based derivatives may represent valuable hit compounds, deserving subsequent structural improvements towards more efficient antiviral agents for the treatment of pathologies caused by these human respiratory viruses.\n", "Evidence Map": {"Enrollment": [], "Comparison Results": [], "Study Arm 1 Results": [], "Study Arm 2 Results": []}, "Sentence-level breakdown": [{"Section": "TITLE", "Text": "Respiratory RNA viruses are responsible for recurrent acute respiratory illnesses that still represent a major medical need .", "Evidence Elements": {"Participant": [], "Intervention": [], "Outcome": []}, "Evidence Propositions": []}, {"Section": "RESULTS", "Text": "Herein , two series of ( thio ) semicarbazone- and hydrazone-based benzimidazoles have been explored , by derivatizing 5-acetyl benzimidazoles previously reported by us , thereby evaluating the influence of the modification on the antiviral activity .", "Evidence Elements": {"Participant": [], "Intervention": [{"term": "( thio ) semicarbazone- and hydrazone-based benzimidazoles", "negation": "affirmed", "UMLS": "", "start": 23, "end": 81}, {"term": "benzimidazoles", "negation": "affirmed", "UMLS": "", "start": 67, "end": 81}], "Outcome": []}, "Evidence Propositions": []}, {"Section": "RESULTS", "Text": "Compounds 6 , 8 , 16 and 17 , bearing the 5- ( thio ) semicarbazone and 5-hydrazone functionalities in combination with the 2-benzyl ring on the benzimidazole core structure , acted as dual inhibitors of influenza A virus and human coronavirus .", "Evidence Elements": {"Participant": [], "Intervention": [], "Outcome": []}, "Evidence Propositions": []}, {"Section": "RESULTS", "Text": "For respiratory syncytial virus ( RSV ) , activity is limited to the 5-thiosemicarbazone ( 25 ) and 5-hydrazone ( 22 ) compounds carrying the 2- [ ( benzotriazol-1 / 2-yl ) methyl ] benzimidazole scaffold .", "Evidence Elements": {"Participant": [], "Intervention": [], "Outcome": []}, "Evidence Propositions": []}, {"Section": "RESULTS", "Text": "These molecules proved to be the most effective antiviral agents , able to reach the potency profile of the licensed drug ribavirin .", "Evidence Elements": {"Participant": [], "Intervention": [], "Outcome": []}, "Evidence Propositions": []}, {"Section": "RESULTS", "Text": "The molecular docking analysis explained the SAR of these compounds around their binding mode to the target RSV F protein , revealing the key contacts for further assessment .", "Evidence Elements": {"Participant": [], "Intervention": [], "Outcome": [{"term": "SAR", "negation": "affirmed", "UMLS": "", "start": 45, "end": 48}, {"term": "binding mode", "negation": "affirmed", "UMLS": "", "start": 81, "end": 93}]}, "Evidence Propositions": []}, {"Section": "CONCLUSIONS", "Text": "The herein-investigated benzimidazole-based derivatives may represent valuable hit compounds , deserving subsequent structural improvements towards more efficient antiviral agents for the treatment of pathologies caused by these human respiratory viruses .", "Evidence Elements": {"Participant": [], "Intervention": [], "Outcome": []}, "Evidence Propositions": []}]}