{"doc_id": "32214286", "type of study": "Therapy", "title": "", "abstract": "COVID-19 has affected the United States leading to a national emergency with health care and economic impact, propelling the country into a recession with disrupted lifestyles not seen in recent history.\nCOVID-19 is a serious illness leading to multiple deaths in various countries including the United States.\nSeveral million Americans satisfy the Center for Disease Control and Prevention (CDC) criteria for being high risk.\nUnfortunately, the available supply of medical beds and equipment for mechanical ventilation are much less than is projected to be needed.\nThe World Health Organization (WHO) and multiple agencies led by the CDC in the United States have attempted to organize intensive outbreak investigation programs utilizing appropriate preventive measures, evaluation, and treatment.\nThe clinical spectrum of COVID-19 varies from asymptomatic forms to conditions encompassing multiorgan and systemic manifestations in terms of septic shock, and multiple organ dysfunction (MOD) syndromes.\nThe presently approved treatments are supportive but not curative for the disease.\nThere are multiple treatments being studied.\nThese include vaccines, medications Remdesivir and hydroxychloroquine and potentially combination therapy.\nFinally, expanded umbilical cord mesenchymal stem cells or (UC-MSCs) may have a role and are being studied.\nThe cure of COVID-19 is essentially dependent on the patients' own immune system.\nWhen the immune system is over activated in an attempt to kill the virus, this can lead to the production of a large number of inflammatory factors, resulting in severe cytokine storm.\nThe cytokine storm may induce organ damage followed by the edema, dysfunction of air exchange, acute respiratory distress syndrome (ARDS), acute cardiac injury, and secondary infection, which may lead to death.\nThus, at this point, the avoidance of the cytokine storm may be the key for the treatment of HCOV-19 infected patients.\nIn China, where there was limited availability of effective modalities to manage COVID-19 several patients were treated with expanded UC-MSCs.\nAdditionally, the Italian College of Anesthesia, Analgesia, Resuscitation and Intensive Care have reported guidelines to treat coronavirus patients with stem cells in the hope of decreasing the number of patients going to the ICU, and, also relatively quickly getting them out of ICU.\nIn this manuscript, we describe the urgent need for various solutions, pathogenesis of coronavirus and the clinical evidence for treatment of COVID-19 with stem cells.\nThe limited but emerging evidence regarding UC MSC in managing COVID-19 suggests that it might be considered for compassionate use in critically ill patients to reduce morbidity and mortality in the United States.\nThe administration and Coronavirus Task Force might wish to approach the potential of expanded UC-MSCs as an evolutionary therapeutic strategy in managing COVID-19 illness with a 3-pronged approach: If proven safe and effective on a specific and limited basis...1.\nMinimize regulatory burden by all agencies so that critically ill COVID-19 patients will have access regardless of their financial circumstance.2.\nInstitute appropriate safeguards to avoid negative consequences from unscrupulous actors.3.\nWith proper informed consent from patients or proxy when necessary, and subject to accumulation of data in that cohort, allow the procedure to be initiated in critically ill patients who are not responding to conventional therapies.\nKEY WORDS: Coronavirus, COVID-19, cytokine storm, multiorgan failure, expanded umbilical cord mesenchymal stem cells.\n", "Evidence Map": {"Enrollment": [{"term": "Coronavirus", "negation": "affirmed", "UMLS": "", "start": 12, "end": 23}, {"term": "COVID-19", "negation": "affirmed", "UMLS": "", "start": 26, "end": 34}, {"term": "cytokine storm", "negation": "affirmed", "UMLS": "", "start": 37, "end": 51}, {"term": "multiorgan failure", "negation": "affirmed", "UMLS": "", "start": 54, "end": 72}, {"term": "expanded", "negation": "affirmed", "UMLS": "", "start": 75, "end": 83}], "Comparison Results": [], "Study Arm 1 Results": [], "Study Arm 2 Results": []}, "Sentence-level breakdown": [{"Section": "TITLE", "Text": "COVID-19 has affected the United States leading to a national emergency with health care and economic impact , propelling the country into a recession with disrupted lifestyles not seen in recent history .", "Evidence Elements": {"Participant": [], "Intervention": [], "Outcome": []}, "Evidence Propositions": []}, {"Section": "RESULTS", "Text": "Several million Americans satisfy the Center for Disease Control and Prevention ( CDC ) criteria for being high risk .", "Evidence Elements": {"Participant": [], "Intervention": [], "Outcome": []}, "Evidence Propositions": []}, {"Section": "RESULTS", "Text": "Unfortunately , the available supply of medical beds and equipment for mechanical ventilation are much less than is projected to be needed .", "Evidence Elements": {"Participant": [], "Intervention": [], "Outcome": []}, "Evidence Propositions": []}, {"Section": "RESULTS", "Text": "The World Health Organization ( WHO ) and multiple agencies led by the CDC in the United States have attempted to organize intensive outbreak investigation programs utilizing appropriate preventive measures , evaluation , and treatment .", "Evidence Elements": {"Participant": [], "Intervention": [], "Outcome": []}, "Evidence Propositions": []}, {"Section": "RESULTS", "Text": "The clinical spectrum of COVID-19 varies from asymptomatic forms to conditions encompassing multiorgan and systemic manifestations in terms of septic shock , and multiple organ dysfunction ( MOD ) syndromes .", "Evidence Elements": {"Participant": [], "Intervention": [], "Outcome": []}, "Evidence Propositions": []}, {"Section": "RESULTS", "Text": "The presently approved treatments are supportive but not curative for the disease .", "Evidence Elements": {"Participant": [], "Intervention": [], "Outcome": []}, "Evidence Propositions": []}, {"Section": "RESULTS", "Text": "There are multiple treatments being studied .", "Evidence Elements": {"Participant": [], "Intervention": [], "Outcome": []}, "Evidence Propositions": []}, {"Section": "RESULTS", "Text": "These include vaccines , medications Remdesivir and hydroxychloroquine and potentially combination therapy .", "Evidence Elements": {"Participant": [], "Intervention": [], "Outcome": []}, "Evidence Propositions": []}, {"Section": "RESULTS", "Text": "Finally , expanded umbilical cord mesenchymal stem cells or ( UC-MSCs ) may have a role and are being studied .", "Evidence Elements": {"Participant": [], "Intervention": [], "Outcome": []}, "Evidence Propositions": []}, {"Section": "RESULTS", "Text": "The cure of COVID-19 is essentially dependent on the patients ' own immune system .", "Evidence Elements": {"Participant": [], "Intervention": [], "Outcome": []}, "Evidence Propositions": []}, {"Section": "RESULTS", "Text": "When the immune system is over activated in an attempt to kill the virus , this can lead to the production of a large number of inflammatory factors , resulting in severe cytokine storm .", "Evidence Elements": {"Participant": [], "Intervention": [], "Outcome": []}, "Evidence Propositions": []}, {"Section": "RESULTS", "Text": "The cytokine storm may induce organ damage followed by the edema , dysfunction of air exchange , acute respiratory distress syndrome ( ARDS ) , acute cardiac injury , and secondary infection , which may lead to death .", "Evidence Elements": {"Participant": [], "Intervention": [], "Outcome": []}, "Evidence Propositions": []}, {"Section": "RESULTS", "Text": "Thus , at this point , the avoidance of the cytokine storm may be the key for the treatment of HCOV-19 infected patients .", "Evidence Elements": {"Participant": [], "Intervention": [], "Outcome": []}, "Evidence Propositions": []}, {"Section": "RESULTS", "Text": "In China , where there was limited availability of effective modalities to manage COVID-19 several patients were treated with expanded UC-MSCs .", "Evidence Elements": {"Participant": [], "Intervention": [], "Outcome": []}, "Evidence Propositions": []}, {"Section": "RESULTS", "Text": "Additionally , the Italian College of Anesthesia , Analgesia , Resuscitation and Intensive Care have reported guidelines to treat coronavirus patients with stem cells in the hope of decreasing the number of patients going to the ICU , and , also relatively quickly getting them out of ICU .", "Evidence Elements": {"Participant": [], "Intervention": [], "Outcome": []}, "Evidence Propositions": []}, {"Section": "RESULTS", "Text": "In this manuscript , we describe the urgent need for various solutions , pathogenesis of coronavirus and the clinical evidence for treatment of COVID-19 with stem cells .", "Evidence Elements": {"Participant": [], "Intervention": [], "Outcome": []}, "Evidence Propositions": []}, {"Section": "RESULTS", "Text": "The limited but emerging evidence regarding UC MSC in managing COVID-19 suggests that it might be considered for compassionate use in critically ill patients to reduce morbidity and mortality in the United States .", "Evidence Elements": {"Participant": [], "Intervention": [], "Outcome": []}, "Evidence Propositions": []}, {"Section": "RESULTS", "Text": "The administration and Coronavirus Task Force might wish to approach the potential of expanded UC-MSCs as an evolutionary therapeutic strategy in managing COVID-19 illness with a 3-pronged approach : If proven safe and effective on a specific and limited basis . . . 1 .", "Evidence Elements": {"Participant": [], "Intervention": [], "Outcome": []}, "Evidence Propositions": []}, {"Section": "RESULTS", "Text": "Minimize regulatory burden by all agencies so that critically ill COVID-19 patients will have access regardless of their financial circumstance . 2 .", "Evidence Elements": {"Participant": [], "Intervention": [], "Outcome": []}, "Evidence Propositions": []}, {"Section": "RESULTS", "Text": "Institute appropriate safeguards to avoid negative consequences from unscrupulous actors . 3 .", "Evidence Elements": {"Participant": [], "Intervention": [], "Outcome": []}, "Evidence Propositions": []}, {"Section": "RESULTS", "Text": "With proper informed consent from patients or proxy when necessary , and subject to accumulation of data in that cohort , allow the procedure to be initiated in critically ill patients who are not responding to conventional therapies .", "Evidence Elements": {"Participant": [], "Intervention": [], "Outcome": []}, "Evidence Propositions": []}, {"Section": "RESULTS", "Text": "KEY WORDS : Coronavirus , COVID-19 , cytokine storm , multiorgan failure , expanded umbilical cord mesenchymal stem cells .", "Evidence Elements": {"Participant": [{"term": "Coronavirus", "negation": "affirmed", "UMLS": "", "start": 12, "end": 23}, {"term": "COVID-19", "negation": "affirmed", "UMLS": "", "start": 26, "end": 34}, {"term": "cytokine storm", "negation": "affirmed", "UMLS": "", "start": 37, "end": 51}, {"term": "multiorgan failure", "negation": "affirmed", "UMLS": "", "start": 54, "end": 72}, {"term": "expanded", "negation": "affirmed", "UMLS": "", "start": 75, "end": 83}], "Intervention": [], "Outcome": []}, "Evidence Propositions": []}]}