{"doc_id": "32219428", "type of study": "Therapy", "title": "", "abstract": "Importance: Coronavirus disease 2019 (COVID-19) is a pandemic with no specific therapeutic agents and substantial mortality.\nIt is critical to find new treatments.\nObjective: To determine whether convalescent plasma transfusion may be beneficial in the treatment of critically ill patients with severe acute respiratory syndrome coronavirus 2 (SARS-CoV-2) infection.\nDesign, Setting, and Participants: Case series of 5 critically ill patients with laboratory-confirmed COVID-19 and acute respiratory distress syndrome (ARDS) who met the following criteria: severe pneumonia with rapid progression and continuously high viral load despite antiviral treatment; Pao2/Fio2 <300; and mechanical ventilation.\nAll 5 were treated with convalescent plasma transfusion.\nThe study was conducted at the infectious disease department, Shenzhen Third People's Hospital in Shenzhen, China, from January 20, 2020, to March 25, 2020; final date of follow-up was March 25, 2020.\nClinical outcomes were compared before and after convalescent plasma transfusion.\nExposures: Patients received transfusion with convalescent plasma with a SARS-CoV-2-specific antibody (IgG) binding titer greater than 1:1000 (end point dilution titer, by enzyme-linked immunosorbent assay [ELISA]) and a neutralization titer greater than 40 (end point dilution titer) that had been obtained from 5 patients who recovered from COVID-19.\nConvalescent plasma was administered between 10 and 22 days after admission.\nMain Outcomes and Measures: Changes of body temperature, Sequential Organ Failure Assessment (SOFA) score (range 0-24, with higher scores indicating more severe illness), Pao2/Fio2, viral load, serum antibody titer, routine blood biochemical index, ARDS, and ventilatory and extracorporeal membrane oxygenation (ECMO) supports before and after convalescent plasma transfusion.\nResults: All 5 patients (age range, 36-65 years; 2 women) were receiving mechanical ventilation at the time of treatment and all had received antiviral agents and methylprednisolone.\nFollowing plasma transfusion, body temperature normalized within 3 days in 4 of 5 patients, the SOFA score decreased, and Pao2/Fio2 increased within 12 days (range, 172-276 before and 284-366 after).\nViral loads also decreased and became negative within 12 days after the transfusion, and SARS-CoV-2-specific ELISA and neutralizing antibody titers increased following the transfusion (range, 40-60 before and 80-320 on day 7).\nARDS resolved in 4 patients at 12 days after transfusion, and 3 patients were weaned from mechanical ventilation within 2 weeks of treatment.\nOf the 5 patients, 3 have been discharged from the hospital (length of stay: 53, 51, and 55 days), and 2 are in stable condition at 37 days after transfusion.\nConclusions and Relevance: In this preliminary uncontrolled case series of 5 critically ill patients with COVID-19 and ARDS, administration of convalescent plasma containing neutralizing antibody was followed by improvement in their clinical status.\nThe limited sample size and study design preclude a definitive statement about the potential effectiveness of this treatment, and these observations require evaluation in clinical trials.\n", "Evidence Map": {"Enrollment": [{"term": "critically ill patients", "negation": "affirmed", "UMLS": "", "start": 103, "end": 126}, {"term": "severe acute respiratory syndrome coronavirus 2 (", "negation": "affirmed", "UMLS": "", "start": 132, "end": 181}, {"term": "critically ill patients", "negation": "affirmed", "UMLS": "", "start": 55, "end": 78}, {"term": "laboratory-confirmed COVID-19", "negation": "affirmed", "UMLS": "", "start": 84, "end": 113}, {"term": "acute respiratory distress syndrome ( ARDS )", "negation": "affirmed", "UMLS": "", "start": 118, "end": 162}, {"term": "severe pneumonia with", "negation": "affirmed", "UMLS": "", "start": 196, "end": 217}, {"term": "rapid progression", "negation": "affirmed", "UMLS": "", "start": 218, "end": 235}, {"term": "continuously high viral load", "negation": "affirmed", "UMLS": "", "start": 240, "end": 268}, {"term": "convalescent plasma transfusion", "negation": "affirmed", "UMLS": "", "start": 24, "end": 55}, {"term": "transfusion", "negation": "affirmed", "UMLS": "", "start": 30, "end": 41}, {"term": "plasma", "negation": "affirmed", "UMLS": "", "start": 60, "end": 66}, {"term": "antibody ( IgG ) binding titer greater than 1:1000", "negation": "affirmed", "UMLS": "", "start": 94, "end": 144}, {"term": "titer greater than 40", "negation": "affirmed", "UMLS": "", "start": 244, "end": 265}, {"term": "mechanical ventilation", "negation": "affirmed", "UMLS": "", "start": 78, "end": 100}, {"term": "critically ill patients", "negation": "affirmed", "UMLS": "", "start": 78, "end": 101}, {"term": "COVID-19", "negation": "affirmed", "UMLS": "", "start": 107, "end": 115}, {"term": "ARDS", "negation": "affirmed", "UMLS": "", "start": 120, "end": 124}], "Comparison Results": [], "Study Arm 1 Results": [], "Study Arm 2 Results": []}, "Sentence-level breakdown": [{"Section": "TITLE", "Text": "Importance : Coronavirus disease 2019 ( COVID-19 ) is a pandemic with no specific therapeutic agents and substantial mortality .", "Evidence Elements": {"Participant": [], "Intervention": [], "Outcome": []}, "Evidence Propositions": []}, {"Section": "OBJECTIVE", "Text": "Objective : To determine whether convalescent plasma transfusion may be beneficial in the treatment of critically ill patients with severe acute respiratory syndrome coronavirus 2 ( SARS-CoV-2 ) infection .", "Evidence Elements": {"Participant": [{"term": "critically ill patients", "negation": "affirmed", "UMLS": "", "start": 103, "end": 126}, {"term": "severe acute respiratory syndrome coronavirus 2 (", "negation": "affirmed", "UMLS": "", "start": 132, "end": 181}], "Intervention": [{"term": "convalescent plasma transfusion", "negation": "affirmed", "UMLS": "", "start": 33, "end": 64}], "Outcome": []}, "Evidence Propositions": []}, {"Section": "METHODS", "Text": "Design , Setting , and Participants : Case series of 5 critically ill patients with laboratory-confirmed COVID-19 and acute respiratory distress syndrome ( ARDS ) who met the following criteria : severe pneumonia with rapid progression and continuously high viral load despite antiviral treatment ; Pao2 / Fio2 < 300 ; and mechanical ventilation .", "Evidence Elements": {"Participant": [{"term": "critically ill patients", "negation": "affirmed", "UMLS": "", "start": 55, "end": 78}, {"term": "laboratory-confirmed COVID-19", "negation": "affirmed", "UMLS": "", "start": 84, "end": 113}, {"term": "acute respiratory distress syndrome ( ARDS )", "negation": "affirmed", "UMLS": "", "start": 118, "end": 162}, {"term": "severe pneumonia with", "negation": "affirmed", "UMLS": "", "start": 196, "end": 217}, {"term": "rapid progression", "negation": "affirmed", "UMLS": "", "start": 218, "end": 235}, {"term": "continuously high viral load", "negation": "affirmed", "UMLS": "", "start": 240, "end": 268}], "Intervention": [], "Outcome": []}, "Evidence Propositions": []}, {"Section": "METHODS", "Text": "All 5 were treated with convalescent plasma transfusion .", "Evidence Elements": {"Participant": [{"term": "convalescent plasma transfusion", "negation": "affirmed", "UMLS": "", "start": 24, "end": 55}], "Intervention": [], "Outcome": []}, "Evidence Propositions": []}, {"Section": "METHODS", "Text": "The study was conducted at the infectious disease department , Shenzhen Third People 's Hospital in Shenzhen , China , from January 20 , 2020 , to March 25 , 2020 ; final date of follow-up was March 25 , 2020 .", "Evidence Elements": {"Participant": [], "Intervention": [], "Outcome": []}, "Evidence Propositions": []}, {"Section": "METHODS", "Text": "Clinical outcomes were compared before and after convalescent plasma transfusion .", "Evidence Elements": {"Participant": [], "Intervention": [{"term": "convalescent plasma transfusion", "negation": "affirmed", "UMLS": "", "start": 49, "end": 80}], "Outcome": [{"term": "Clinical outcomes", "negation": "affirmed", "UMLS": "", "start": 0, "end": 17}]}, "Evidence Propositions": []}, {"Section": "METHODS", "Text": "Exposures : Patients received transfusion with convalescent plasma with a SARS-CoV-2-specific antibody ( IgG ) binding titer greater than 1:1000 ( end point dilution titer , by enzyme-linked immunosorbent assay [ ELISA ] ) and a neutralization titer greater than 40 ( end point dilution titer ) that had been obtained from 5 patients who recovered from COVID-19 .", "Evidence Elements": {"Participant": [{"term": "transfusion", "negation": "affirmed", "UMLS": "", "start": 30, "end": 41}, {"term": "plasma", "negation": "affirmed", "UMLS": "", "start": 60, "end": 66}, {"term": "antibody ( IgG ) binding titer greater than 1:1000", "negation": "affirmed", "UMLS": "", "start": 94, "end": 144}, {"term": "titer greater than 40", "negation": "affirmed", "UMLS": "", "start": 244, "end": 265}], "Intervention": [], "Outcome": []}, "Evidence Propositions": []}, {"Section": "METHODS", "Text": "Convalescent plasma was administered between 10 and 22 days after admission .", "Evidence Elements": {"Participant": [], "Intervention": [{"term": "Convalescent plasma", "negation": "affirmed", "UMLS": "", "start": 0, "end": 19}], "Outcome": []}, "Evidence Propositions": []}, {"Section": "METHODS", "Text": "Main Outcomes and Measures : Changes of body temperature , Sequential Organ Failure Assessment ( SOFA ) score ( range 0-24 , with higher scores indicating more severe illness ) , Pao2 / Fio2 , viral load , serum antibody titer , routine blood biochemical index , ARDS , and ventilatory and extracorporeal membrane oxygenation ( ECMO ) supports before and after convalescent plasma transfusion .", "Evidence Elements": {"Participant": [], "Intervention": [], "Outcome": [{"term": "Changes", "negation": "affirmed", "UMLS": "", "start": 29, "end": 36}, {"term": "body temperature", "negation": "affirmed", "UMLS": "", "start": 40, "end": 56}, {"term": "Sequential Organ Failure Assessment ( SOFA ) score", "negation": "affirmed", "UMLS": "", "start": 59, "end": 109}, {"term": "Fio2", "negation": "affirmed", "UMLS": "", "start": 186, "end": 190}, {"term": "viral load", "negation": "affirmed", "UMLS": "", "start": 193, "end": 203}, {"term": "serum antibody titer", "negation": "affirmed", "UMLS": "", "start": 206, "end": 226}, {"term": "routine blood biochemical index", "negation": "affirmed", "UMLS": "", "start": 229, "end": 260}, {"term": "ARDS", "negation": "affirmed", "UMLS": "", "start": 263, "end": 267}]}, "Evidence Propositions": []}, {"Section": "RESULTS", "Text": "Results : All 5 patients ( age range , 36-65 years ; 2 women ) were receiving mechanical ventilation at the time of treatment and all had received antiviral agents and methylprednisolone .", "Evidence Elements": {"Participant": [{"term": "mechanical ventilation", "negation": "affirmed", "UMLS": "", "start": 78, "end": 100}], "Intervention": [], "Outcome": []}, "Evidence Propositions": []}, {"Section": "RESULTS", "Text": "Following plasma transfusion , body temperature normalized within 3 days in 4 of 5 patients , the SOFA score decreased , and Pao2 / Fio2 increased within 12 days ( range , 172-276 before and 284-366 after ) .", "Evidence Elements": {"Participant": [], "Intervention": [], "Outcome": [{"term": "body temperature", "negation": "affirmed", "UMLS": "", "start": 31, "end": 47}, {"term": "SOFA score", "negation": "affirmed", "UMLS": "", "start": 98, "end": 108}, {"term": "Fio2", "negation": "affirmed", "UMLS": "", "start": 132, "end": 136}]}, "Evidence Propositions": []}, {"Section": "RESULTS", "Text": "Viral loads also decreased and became negative within 12 days after the transfusion , and SARS-CoV-2-specific ELISA and neutralizing antibody titers increased following the transfusion ( range , 40-60 before and 80-320 on day 7 ) .", "Evidence Elements": {"Participant": [], "Intervention": [], "Outcome": [{"term": "Viral loads", "negation": "affirmed", "UMLS": "", "start": 0, "end": 11}, {"term": "SARS-CoV-2-specific ELISA", "negation": "affirmed", "UMLS": "", "start": 90, "end": 115}, {"term": "neutralizing antibody titers", "negation": "affirmed", "UMLS": "", "start": 120, "end": 148}]}, "Evidence Propositions": []}, {"Section": "RESULTS", "Text": "ARDS resolved in 4 patients at 12 days after transfusion , and 3 patients were weaned from mechanical ventilation within 2 weeks of treatment .", "Evidence Elements": {"Participant": [], "Intervention": [{"term": "mechanical ventilation", "negation": "negated", "UMLS": "", "start": 91, "end": 113}], "Outcome": [{"term": "ARDS", "negation": "affirmed", "UMLS": "", "start": 0, "end": 4}, {"term": "resolved", "negation": "negated", "UMLS": "", "start": 5, "end": 13}]}, "Evidence Propositions": []}, {"Section": "RESULTS", "Text": "Of the 5 patients , 3 have been discharged from the hospital ( length of stay : 53 , 51 , and 55 days ) , and 2 are in stable condition at 37 days after transfusion .", "Evidence Elements": {"Participant": [], "Intervention": [], "Outcome": [{"term": "discharged from the hospital", "negation": "affirmed", "UMLS": "", "start": 32, "end": 60}, {"term": "length of stay", "negation": "affirmed", "UMLS": "", "start": 63, "end": 77}]}, "Evidence Propositions": []}, {"Section": "RESULTS", "Text": "Conclusions and Relevance : In this preliminary uncontrolled case series of 5 critically ill patients with COVID-19 and ARDS , administration of convalescent plasma containing neutralizing antibody was followed by improvement in their clinical status .", "Evidence Elements": {"Participant": [{"term": "critically ill patients", "negation": "affirmed", "UMLS": "", "start": 78, "end": 101}, {"term": "COVID-19", "negation": "affirmed", "UMLS": "", "start": 107, "end": 115}, {"term": "ARDS", "negation": "affirmed", "UMLS": "", "start": 120, "end": 124}], "Intervention": [{"term": "convalescent plasma containing neutralizing antibody", "negation": "affirmed", "UMLS": "", "start": 145, "end": 197}], "Outcome": []}, "Evidence Propositions": []}, {"Section": "RESULTS", "Text": "The limited sample size and study design preclude a definitive statement about the potential effectiveness of this treatment , and these observations require evaluation in clinical trials .", "Evidence Elements": {"Participant": [], "Intervention": [], "Outcome": []}, "Evidence Propositions": []}]}