{"doc_id": "32210741", "type of study": "Therapy", "title": "", "abstract": "Direct-acting antivirals are effective tools to control viral infections.\nSARS-CoV-2 is a coronavirus associated with the epidemiological outbreak in late 2019.\nPrevious reports showed that HIV-1 protease inhibitors could block SARS-CoV main protease.\nBased on that and using an in silico approach, we evaluated SARS-CoV-2 main protease as a target for HIV-1 protease inhibitors to reveal the structural features related to their antiviral effect.\nOur results showed that several HIV inhibitors such as lopinavir, ritonavir, and saquinavir produce strong interaction with the active site of SARS-CoV-2 main protease.\nFurthermore, broad library protease inhibitors obtained from PubChem and ZINC (www.zinc.docking.org) were evaluated.\nOur analysis revealed 20 compounds that could be clustered into three groups based on their chemical features.\nThen, these structures could serve as leading compounds to develop a series of derivatives optimizing their activity against SARS-CoV-2 and other coronaviruses.\nAltogether, the results presented in this work contribute to gain a deep understanding of the molecular pharmacology of SARS-CoV-2 treatment and validate the use of protease inhibitors against SARS-CoV-2.\n", "Evidence Map": {"Enrollment": [{"term": "HIV-1 protease inhibitors", "negation": "affirmed", "UMLS": "", "start": 102, "end": 127}], "Comparison Results": [], "Study Arm 1 Results": [], "Study Arm 2 Results": []}, "Sentence-level breakdown": [{"Section": "TITLE", "Text": "Direct-acting antivirals are effective tools to control viral infections .", "Evidence Elements": {"Participant": [], "Intervention": [], "Outcome": []}, "Evidence Propositions": []}, {"Section": "RESULTS", "Text": "Based on that and using an in silico approach , we evaluated SARS-CoV-2 main protease as a target for HIV-1 protease inhibitors to reveal the structural features related to their antiviral effect .", "Evidence Elements": {"Participant": [{"term": "HIV-1 protease inhibitors", "negation": "affirmed", "UMLS": "", "start": 102, "end": 127}], "Intervention": [], "Outcome": [{"term": "SARS-CoV-2 main protease", "negation": "affirmed", "UMLS": "", "start": 61, "end": 85}, {"term": "structural features", "negation": "affirmed", "UMLS": "", "start": 142, "end": 161}, {"term": "antiviral", "negation": "affirmed", "UMLS": "", "start": 179, "end": 188}]}, "Evidence Propositions": []}, {"Section": "RESULTS", "Text": "Our results showed that several HIV inhibitors such as lopinavir , ritonavir , and saquinavir produce strong interaction with the active site of SARS-CoV-2 main protease .", "Evidence Elements": {"Participant": [], "Intervention": [{"term": "HIV inhibitors", "negation": "affirmed", "UMLS": "", "start": 32, "end": 46}, {"term": "lopinavir", "negation": "affirmed", "UMLS": "", "start": 55, "end": 64}, {"term": "ritonavir", "negation": "affirmed", "UMLS": "", "start": 67, "end": 76}, {"term": "saquinavir", "negation": "affirmed", "UMLS": "", "start": 83, "end": 93}], "Outcome": [{"term": "interaction", "negation": "affirmed", "UMLS": "", "start": 109, "end": 120}, {"term": "active site of SARS-CoV-2", "negation": "affirmed", "UMLS": "", "start": 130, "end": 155}]}, "Evidence Propositions": []}, {"Section": "RESULTS", "Text": "Furthermore , broad library protease inhibitors obtained from PubChem and ZINC ( www . zinc . docking.org ) were evaluated .", "Evidence Elements": {"Participant": [], "Intervention": [], "Outcome": [{"term": "broad library protease inhibitors", "negation": "affirmed", "UMLS": "", "start": 14, "end": 47}]}, "Evidence Propositions": []}, {"Section": "RESULTS", "Text": "Our analysis revealed 20 compounds that could be clustered into three groups based on their chemical features .", "Evidence Elements": {"Participant": [], "Intervention": [], "Outcome": []}, "Evidence Propositions": []}, {"Section": "RESULTS", "Text": "Then , these structures could serve as leading compounds to develop a series of derivatives optimizing their activity against SARS-CoV-2 and other coronaviruses .", "Evidence Elements": {"Participant": [], "Intervention": [], "Outcome": []}, "Evidence Propositions": []}, {"Section": "CONCLUSIONS", "Text": "Altogether , the results presented in this work contribute to gain a deep understanding of the molecular pharmacology of SARS-CoV-2 treatment and validate the use of protease inhibitors against SARS-CoV-2 .", "Evidence Elements": {"Participant": [], "Intervention": [], "Outcome": []}, "Evidence Propositions": []}]}