{"doc_id": "32216698", "type of study": "Therapy", "title": "", "abstract": "Patients with hypertension, diabetes, coronary heart disease, cerebrovascular illness, chronic obstructive pulmonary disease, and kidney dysfunction have worse clinical outcomes when infected with SARS-CoV-2, for unknown reasons.\nThe purpose of this review is to summarize the evidence for the existence of elevated plasmin(ogen) in COVID-19 patients with these comorbid conditions.\nPlasmin, and other proteases, may cleave a newly inserted furin site in the S protein of SARS-CoV-2, extracellularly, which increases its infectivity and virulence.\nHyperfibrinolysis associated with plasmin leads to elevated D-dimer in severe patients.\nThe plasmin(ogen) system may prove a promising therapeutic target for combating COVID-19.\n", "Evidence Map": {"Enrollment": [{"term": "hypertension", "negation": "affirmed", "UMLS": "", "start": 14, "end": 26}, {"term": "diabetes", "negation": "affirmed", "UMLS": "", "start": 29, "end": 37}, {"term": "coronary heart disease", "negation": "affirmed", "UMLS": "", "start": 40, "end": 62}, {"term": "cerebrovascular illness", "negation": "affirmed", "UMLS": "", "start": 65, "end": 88}, {"term": "chronic obstructive pulmonary disease", "negation": "affirmed", "UMLS": "", "start": 91, "end": 128}, {"term": "kidney dysfunction", "negation": "affirmed", "UMLS": "", "start": 135, "end": 153}, {"term": "COVID-19", "negation": "affirmed", "UMLS": "", "start": 106, "end": 114}, {"term": "severe", "negation": "affirmed", "UMLS": "", "start": 71, "end": 77}], "Comparison Results": [], "Study Arm 1 Results": [], "Study Arm 2 Results": []}, "Sentence-level breakdown": [{"Section": "TITLE", "Text": "Patients with hypertension , diabetes , coronary heart disease , cerebrovascular illness , chronic obstructive pulmonary disease , and kidney dysfunction have worse clinical outcomes when infected with SARS-CoV-2 , for unknown reasons .", "Evidence Elements": {"Participant": [{"term": "hypertension", "negation": "affirmed", "UMLS": "", "start": 14, "end": 26}, {"term": "diabetes", "negation": "affirmed", "UMLS": "", "start": 29, "end": 37}, {"term": "coronary heart disease", "negation": "affirmed", "UMLS": "", "start": 40, "end": 62}, {"term": "cerebrovascular illness", "negation": "affirmed", "UMLS": "", "start": 65, "end": 88}, {"term": "chronic obstructive pulmonary disease", "negation": "affirmed", "UMLS": "", "start": 91, "end": 128}, {"term": "kidney dysfunction", "negation": "affirmed", "UMLS": "", "start": 135, "end": 153}], "Intervention": [], "Outcome": [{"term": "clinical outcomes", "negation": "affirmed", "UMLS": "", "start": 165, "end": 182}]}, "Evidence Propositions": []}, {"Section": "OBJECTIVE", "Text": "The purpose of this review is to summarize the evidence for the existence of elevated plasmin ( ogen ) in COVID-19 patients with these comorbid conditions .", "Evidence Elements": {"Participant": [{"term": "COVID-19", "negation": "affirmed", "UMLS": "", "start": 106, "end": 114}], "Intervention": [], "Outcome": [{"term": "plasmin ( ogen )", "negation": "affirmed", "UMLS": "", "start": 86, "end": 102}]}, "Evidence Propositions": []}, {"Section": "RESULTS", "Text": "Plasmin , and other proteases , may cleave a newly inserted furin site in the S protein of SARS-CoV-2 , extracellularly , which increases its infectivity and virulence .", "Evidence Elements": {"Participant": [], "Intervention": [], "Outcome": []}, "Evidence Propositions": []}, {"Section": "CONCLUSIONS", "Text": "Hyperfibrinolysis associated with plasmin leads to elevated D-dimer in severe patients .", "Evidence Elements": {"Participant": [{"term": "severe", "negation": "affirmed", "UMLS": "", "start": 71, "end": 77}], "Intervention": [{"term": "Hyperfibrinolysis associated with plasmin", "negation": "affirmed", "UMLS": "", "start": 0, "end": 41}], "Outcome": [{"term": "D-dimer", "negation": "affirmed", "UMLS": "", "start": 60, "end": 67}]}, "Evidence Propositions": []}, {"Section": "CONCLUSIONS", "Text": "The plasmin ( ogen ) system may prove a promising therapeutic target for combating COVID-19 .", "Evidence Elements": {"Participant": [], "Intervention": [], "Outcome": []}, "Evidence Propositions": []}]}