{"doc_id": "32220178", "type of study": "Therapy", "title": "", "abstract": "Coronavirus disease 2019 (COVID-19) caused by the novel coronavirus, also known as severe acute respiratory syndrome coronavirus 2 (SARS-Cov-2), has become a Public Health Emergency of International Concern.\nDue to the large infection population, broad transmissibility and high mortality, it is urgent to find out the efficient and specific methods to prevent and treat COVID-19.\nAs biological products have broadly applied in the prevention and treatment of severe epidemic diseases, they are promising in blocking novel coronavirus infection.\nAccording to the research advances of severe acute respiratory syndrome (SARS) and Middle East respiratory syndrome (MERS), we reviewed the potential application of biological products such as interferon, convalescent plasma, intestinal micro-ecological regulators, vaccines and therapeutic antibodies, etc. , on prevention and treatment of COVID-19.\nMay this review be helpful for conquering COVID-19 in the near future.\n", "Evidence Map": {"Enrollment": [], "Comparison Results": [], "Study Arm 1 Results": [], "Study Arm 2 Results": []}, "Sentence-level breakdown": [{"Section": "TITLE", "Text": "Coronavirus disease 2019 ( COVID-19 ) caused by the novel coronavirus , also known as severe acute respiratory syndrome coronavirus 2 ( SARS-Cov-2 ) , has become a Public Health Emergency of International Concern .", "Evidence Elements": {"Participant": [], "Intervention": [], "Outcome": []}, "Evidence Propositions": []}, {"Section": "RESULTS", "Text": "According to the research advances of severe acute respiratory syndrome ( SARS ) and Middle East respiratory syndrome ( MERS ) , we reviewed the potential application of biological products such as interferon , convalescent plasma , intestinal micro-ecological regulators , vaccines and therapeutic antibodies , etc . , on prevention and treatment of COVID-19 .", "Evidence Elements": {"Participant": [], "Intervention": [{"term": "biological", "negation": "affirmed", "UMLS": "", "start": 170, "end": 180}], "Outcome": []}, "Evidence Propositions": []}, {"Section": "CONCLUSIONS", "Text": "May this review be helpful for conquering COVID-19 in the near future .", "Evidence Elements": {"Participant": [], "Intervention": [], "Outcome": []}, "Evidence Propositions": []}]}