{"doc_id": "32226290", "type of study": "Therapy", "title": "", "abstract": "Coronaviruses (CoVs) are a group of enveloped, single-stranded positive genomic RNA viruses and some of them are known to cause severe respiratory diseases in human, including Severe Acute Respiratory Syndrome (SARS), Middle East Respiratory Syndrome (MERS) and the ongoing coronavirus disease-19 (COVID-19).\nOne key element in viral infection is the process of viral entry into the host cells.\nIn the last two decades, there is increasing understanding on the importance of the endocytic pathway and the autophagy process in viral entry and replication.\nAs a result, the endocytic pathway including endosome and lysosome has become important targets for development of therapeutic strategies in combating diseases caused by CoVs.\nIn this mini-review, we will focus on the importance of the endocytic pathway as well as the autophagy process in viral infection of several pathogenic CoVs inclusive of SARS-CoV, MERS-CoV and the new CoV named as severe acute respiratory syndrome coronavirus 2 (SARS-CoV-2), and discuss the development of therapeutic agents by targeting these processes.\nSuch knowledge will provide important clues for control of the ongoing epidemic of SARS-CoV-2 infection and treatment of COVID-19.\n", "Evidence Map": {"Enrollment": [{"term": "severe acute respiratory syndrome coronavirus 2", "negation": "affirmed", "UMLS": "", "start": 216, "end": 263}], "Comparison Results": [], "Study Arm 1 Results": [], "Study Arm 2 Results": []}, "Sentence-level breakdown": [{"Section": "TITLE", "Text": "Coronaviruses ( CoVs ) are a group of enveloped , single-stranded positive genomic RNA viruses and some of them are known to cause severe respiratory diseases in human , including Severe Acute Respiratory Syndrome ( SARS ) , Middle East Respiratory Syndrome ( MERS ) and the ongoing coronavirus disease-19 ( COVID-19 ) .", "Evidence Elements": {"Participant": [], "Intervention": [], "Outcome": []}, "Evidence Propositions": []}, {"Section": "RESULTS", "Text": "One key element in viral infection is the process of viral entry into the host cells .", "Evidence Elements": {"Participant": [], "Intervention": [], "Outcome": []}, "Evidence Propositions": []}, {"Section": "RESULTS", "Text": "In the last two decades , there is increasing understanding on the importance of the endocytic pathway and the autophagy process in viral entry and replication .", "Evidence Elements": {"Participant": [], "Intervention": [], "Outcome": []}, "Evidence Propositions": []}, {"Section": "CONCLUSIONS", "Text": "As a result , the endocytic pathway including endosome and lysosome has become important targets for development of therapeutic strategies in combating diseases caused by CoVs .", "Evidence Elements": {"Participant": [], "Intervention": [], "Outcome": []}, "Evidence Propositions": []}, {"Section": "CONCLUSIONS", "Text": "In this mini-review , we will focus on the importance of the endocytic pathway as well as the autophagy process in viral infection of several pathogenic CoVs inclusive of SARS-CoV , MERS-CoV and the new CoV named as severe acute respiratory syndrome coronavirus 2 ( SARS-CoV-2 ) , and discuss the development of therapeutic agents by targeting these processes .", "Evidence Elements": {"Participant": [{"term": "severe acute respiratory syndrome coronavirus 2", "negation": "affirmed", "UMLS": "", "start": 216, "end": 263}], "Intervention": [], "Outcome": [{"term": "viral", "negation": "affirmed", "UMLS": "", "start": 115, "end": 120}]}, "Evidence Propositions": []}, {"Section": "CONCLUSIONS", "Text": "Such knowledge will provide important clues for control of the ongoing epidemic of SARS-CoV-2 infection and treatment of COVID-19 .", "Evidence Elements": {"Participant": [], "Intervention": [], "Outcome": []}, "Evidence Propositions": []}]}