{"doc_id": "32221172", "type of study": "Therapy", "title": "", "abstract": "Since the first recognition of a cluster of novel respiratory viral infections in China in late December 2019, intensivists in the United States have watched with growing concern as infections with the severe acute respiratory syndrome coronavirus 2 (SARS-CoV-2) virus:now named Coronavirus Disease of 2019 (COVID-19):have spread to hospitals in the United States.\nBecause COVID-19 is extremely transmissible and can progress to a severe form of respiratory failure, the potential to overwhelm available critical care resources is high and critical care management of COVID-19 patients has been thrust into the spotlight.\nCOVID-19 arrived in the United States in January and, as anticipated, has dramatically increased the usage of critical care resources.\nThree of the hardest-hit cities have been Seattle, New York City, and Chicago with a combined total of over 14,000 cases as of March 23, 2020.\nIn this special article, we describe initial clinical impressions of critical care of COVID-19 in these areas, with attention to clinical presentation, laboratory values, organ system effects, treatment strategies, and resource management.\nWe highlight clinical observations that align with or differ from already published reports.\nThese impressions represent only the early empiric experience of the authors and are not intended to serve as recommendations or guidelines for practice, but rather as a starting point for intensivists preparing to address COVID-19 when it arrives in their community.\n", "Evidence Map": {"Enrollment": [{"term": "critical care", "negation": "affirmed", "UMLS": "", "start": 70, "end": 83}, {"term": "COVID-19", "negation": "affirmed", "UMLS": "", "start": 87, "end": 95}], "Comparison Results": [], "Study Arm 1 Results": [], "Study Arm 2 Results": []}, "Sentence-level breakdown": [{"Section": "TITLE", "Text": "Since the first recognition of a cluster of novel respiratory viral infections in China in late December 2019 , intensivists in the United States have watched with growing concern as infections with the severe acute respiratory syndrome coronavirus 2 ( SARS-CoV-2 ) virus : now named Coronavirus Disease of 2019 ( COVID-19 ) : have spread to hospitals in the United States .", "Evidence Elements": {"Participant": [], "Intervention": [], "Outcome": []}, "Evidence Propositions": []}, {"Section": "RESULTS", "Text": "In this special article , we describe initial clinical impressions of critical care of COVID-19 in these areas , with attention to clinical presentation , laboratory values , organ system effects , treatment strategies , and resource management .", "Evidence Elements": {"Participant": [{"term": "critical care", "negation": "affirmed", "UMLS": "", "start": 70, "end": 83}, {"term": "COVID-19", "negation": "affirmed", "UMLS": "", "start": 87, "end": 95}], "Intervention": [], "Outcome": [{"term": "initial clinical impressions", "negation": "affirmed", "UMLS": "", "start": 38, "end": 66}, {"term": "clinical presentation", "negation": "affirmed", "UMLS": "", "start": 131, "end": 152}, {"term": "laboratory values", "negation": "affirmed", "UMLS": "", "start": 155, "end": 172}, {"term": "organ system effects", "negation": "affirmed", "UMLS": "", "start": 175, "end": 195}]}, "Evidence Propositions": []}, {"Section": "RESULTS", "Text": "We highlight clinical observations that align with or differ from already published reports .", "Evidence Elements": {"Participant": [], "Intervention": [], "Outcome": []}, "Evidence Propositions": []}, {"Section": "CONCLUSIONS", "Text": "These impressions represent only the early empiric experience of the authors and are not intended to serve as recommendations or guidelines for practice , but rather as a starting point for intensivists preparing to address COVID-19 when it arrives in their community .", "Evidence Elements": {"Participant": [], "Intervention": [], "Outcome": []}, "Evidence Propositions": []}]}