{"doc_id": "32229732", "type of study": "Therapy", "title": "", "abstract": "Whether the patients with coronavirus disease 19 (COVID-19) infected by severe acute respiratory syndrome (SARS)-CoV-2 would commonly develop acute kidney injury (AKI) is an important issue worthy of clinical attention.\nThis study aimed to explore the effects of SARS-CoV-2 infection on renal function through analyzing the clinical data of 116 hospitalized COVID-19-confirmed patients.\nOne hundred sixteen COVID-19-confirmed patients enrolled in this study were hospitalized in the Department of Infectious Diseases, Renmin Hospital of Wuhan University from January 14 to February 13, 2020.\nThe recorded information includes demographic data, medical history, contact history, potential comorbidities, symptoms, signs, laboratory test results, chest computer tomography scans, and treatment measures.\nSARS-CoV-2 RNA in 53 urine sediments of enrolled patients was detected by real-time reverse transcription-polymerase chain reaction.\nTwelve (10.8%) patients showed mild increase of blood urea nitrogen or creatinine (<26 mumol/L within 48 h), and 8 (7.2%) patients showed trace or 1+ albuminuria in 111 COVID-19-confirmed patients without chronic kidney disease (CKD).\nAll these patients did not meet the diagnostic criteria of AKI.\nIn addition, 5 patients with CKD who were undergone regular continuous renal replacement therapy (CRRT) before admission were confirmed infection of SARS-CoV-2 and diagnosed as COVID-19.\nIn addition to therapy for COVID-19, CRRT was also applied 3 times weekly during hospitalization for these 5 patients with CKD.\nIn the course of treatment, the renal function indicators showed stable state in all 5 patients with CKD, without exacerbation of CKD, and pulmonary inflammation was gradually absorbed.\nAll 5 patients with CKD were survived.\nMoreover, SARS-CoV-2 RNA in urine sediments was positive only in 3 patients from 48 cases without CKD, and 1 patient had a positive for SARS-CoV-2 open reading frame 1ab from 5 cases with CKD.\nAKI was uncommon in COVID-19.\nSARS-CoV-2 infection does not result in AKI, or aggravate CKD in the COVID-19 patients.\n", "Evidence Map": {"Enrollment": [{"term": "hospitalized COVID-19-confirmed", "negation": "affirmed", "UMLS": "", "start": 125, "end": 156}, {"term": "COVID-19-confirmed", "negation": "affirmed", "UMLS": "", "start": 20, "end": 38}, {"term": "hospitalized", "negation": "affirmed", "UMLS": "", "start": 76, "end": 88}, {"term": "AKI", "negation": "negated", "UMLS": "", "start": 59, "end": 62}, {"term": "CKD", "negation": "affirmed", "UMLS": "", "start": 30, "end": 33}, {"term": "regular continuous renal replacement therapy ( CRRT )", "negation": "affirmed", "UMLS": "", "start": 53, "end": 106}, {"term": "infection of SARS-CoV-2", "negation": "affirmed", "UMLS": "", "start": 139, "end": 162}, {"term": "COVID-19", "negation": "affirmed", "UMLS": "", "start": 27, "end": 35}, {"term": "hospitalization", "negation": "affirmed", "UMLS": "", "start": 82, "end": 97}, {"term": "CKD", "negation": "negated", "UMLS": "", "start": 102, "end": 105}, {"term": "exacerbation of CKD", "negation": "negated", "UMLS": "", "start": 116, "end": 135}, {"term": "CKD", "negation": "affirmed", "UMLS": "", "start": 20, "end": 23}, {"term": "CKD", "negation": "negated", "UMLS": "", "start": 99, "end": 102}, {"term": "COVID-19", "negation": "affirmed", "UMLS": "", "start": 20, "end": 28}, {"term": "COVID-19", "negation": "negated", "UMLS": "", "start": 70, "end": 78}], "Comparison Results": [], "Study Arm 1 Results": [], "Study Arm 2 Results": []}, "Sentence-level breakdown": [{"Section": "TITLE", "Text": "Whether the patients with coronavirus disease 19 ( COVID-19 ) infected by severe acute respiratory syndrome ( SARS ) -CoV-2 would commonly develop acute kidney injury ( AKI ) is an important issue worthy of clinical attention .", "Evidence Elements": {"Participant": [], "Intervention": [], "Outcome": []}, "Evidence Propositions": []}, {"Section": "OBJECTIVE", "Text": "This study aimed to explore the effects of SARS-CoV-2 infection on renal function through analyzing the clinical data of 116 hospitalized COVID-19-confirmed patients .", "Evidence Elements": {"Participant": [{"term": "hospitalized COVID-19-confirmed", "negation": "affirmed", "UMLS": "", "start": 125, "end": 156}], "Intervention": [{"term": "SARS-CoV-2 infection", "negation": "affirmed", "UMLS": "", "start": 43, "end": 63}], "Outcome": [{"term": "renal function", "negation": "affirmed", "UMLS": "", "start": 67, "end": 81}]}, "Evidence Propositions": []}, {"Section": "METHODS", "Text": "One hundred sixteen COVID-19-confirmed patients enrolled in this study were hospitalized in the Department of Infectious Diseases , Renmin Hospital of Wuhan University from January 14 to February 13 , 2020 .", "Evidence Elements": {"Participant": [{"term": "COVID-19-confirmed", "negation": "affirmed", "UMLS": "", "start": 20, "end": 38}, {"term": "hospitalized", "negation": "affirmed", "UMLS": "", "start": 76, "end": 88}], "Intervention": [], "Outcome": []}, "Evidence Propositions": []}, {"Section": "METHODS", "Text": "The recorded information includes demographic data , medical history , contact history , potential comorbidities , symptoms , signs , laboratory test results , chest computer tomography scans , and treatment measures .", "Evidence Elements": {"Participant": [], "Intervention": [], "Outcome": []}, "Evidence Propositions": []}, {"Section": "METHODS", "Text": "SARS-CoV-2 RNA in 53 urine sediments of enrolled patients was detected by real-time reverse transcription-polymerase chain reaction .", "Evidence Elements": {"Participant": [], "Intervention": [], "Outcome": [{"term": "SARS-CoV-2 RNA", "negation": "affirmed", "UMLS": "", "start": 0, "end": 14}]}, "Evidence Propositions": []}, {"Section": "RESULTS", "Text": "Twelve ( 10.8 % ) patients showed mild increase of blood urea nitrogen or creatinine ( < 26 mumol / L within 48 h ) , and 8 ( 7.2 % ) patients showed trace or 1+ albuminuria in 111 COVID-19-confirmed patients without chronic kidney disease ( CKD ) .", "Evidence Elements": {"Participant": [], "Intervention": [], "Outcome": [{"term": "mild increase of blood urea nitrogen or creatinine", "negation": "affirmed", "UMLS": "", "start": 34, "end": 84}, {"term": "trace or 1+", "negation": "affirmed", "UMLS": "", "start": 150, "end": 161}]}, "Evidence Propositions": []}, {"Section": "RESULTS", "Text": "All these patients did not meet the diagnostic criteria of AKI .", "Evidence Elements": {"Participant": [{"term": "AKI", "negation": "negated", "UMLS": "", "start": 59, "end": 62}], "Intervention": [], "Outcome": []}, "Evidence Propositions": []}, {"Section": "RESULTS", "Text": "In addition , 5 patients with CKD who were undergone regular continuous renal replacement therapy ( CRRT ) before admission were confirmed infection of SARS-CoV-2 and diagnosed as COVID-19 .", "Evidence Elements": {"Participant": [{"term": "CKD", "negation": "affirmed", "UMLS": "", "start": 30, "end": 33}, {"term": "regular continuous renal replacement therapy ( CRRT )", "negation": "affirmed", "UMLS": "", "start": 53, "end": 106}, {"term": "infection of SARS-CoV-2", "negation": "affirmed", "UMLS": "", "start": 139, "end": 162}], "Intervention": [], "Outcome": []}, "Evidence Propositions": []}, {"Section": "RESULTS", "Text": "In addition to therapy for COVID-19 , CRRT was also applied 3 times weekly during hospitalization for these 5 patients with CKD .", "Evidence Elements": {"Participant": [{"term": "COVID-19", "negation": "affirmed", "UMLS": "", "start": 27, "end": 35}, {"term": "hospitalization", "negation": "affirmed", "UMLS": "", "start": 82, "end": 97}], "Intervention": [{"term": "CRRT", "negation": "affirmed", "UMLS": "", "start": 38, "end": 42}], "Outcome": []}, "Evidence Propositions": []}, {"Section": "RESULTS", "Text": "In the course of treatment , the renal function indicators showed stable state in all 5 patients with CKD , without exacerbation of CKD , and pulmonary inflammation was gradually absorbed .", "Evidence Elements": {"Participant": [{"term": "CKD", "negation": "negated", "UMLS": "", "start": 102, "end": 105}, {"term": "exacerbation of CKD", "negation": "negated", "UMLS": "", "start": 116, "end": 135}], "Intervention": [], "Outcome": [{"term": "renal function indicators", "negation": "affirmed", "UMLS": "", "start": 33, "end": 58}, {"term": "pulmonary inflammation", "negation": "negated", "UMLS": "", "start": 142, "end": 164}]}, "Evidence Propositions": []}, {"Section": "RESULTS", "Text": "All 5 patients with CKD were survived .", "Evidence Elements": {"Participant": [{"term": "CKD", "negation": "affirmed", "UMLS": "", "start": 20, "end": 23}], "Intervention": [], "Outcome": [{"term": "survived", "negation": "affirmed", "UMLS": "", "start": 29, "end": 37}]}, "Evidence Propositions": []}, {"Section": "RESULTS", "Text": "Moreover , SARS-CoV-2 RNA in urine sediments was positive only in 3 patients from 48 cases without CKD , and 1 patient had a positive for SARS-CoV-2 open reading frame 1ab from 5 cases with CKD .", "Evidence Elements": {"Participant": [{"term": "CKD", "negation": "negated", "UMLS": "", "start": 99, "end": 102}], "Intervention": [], "Outcome": [{"term": "SARS-CoV-2 RNA in urine sediments", "negation": "affirmed", "UMLS": "", "start": 11, "end": 44}, {"term": "SARS-CoV-2 open reading frame 1ab", "negation": "negated", "UMLS": "", "start": 138, "end": 171}]}, "Evidence Propositions": []}, {"Section": "RESULTS", "Text": "AKI was uncommon in COVID-19 .", "Evidence Elements": {"Participant": [{"term": "COVID-19", "negation": "affirmed", "UMLS": "", "start": 20, "end": 28}], "Intervention": [], "Outcome": [{"term": "AKI", "negation": "affirmed", "UMLS": "", "start": 0, "end": 3}]}, "Evidence Propositions": []}, {"Section": "CONCLUSIONS", "Text": "SARS-CoV-2 infection does not result in AKI , or aggravate CKD in the COVID-19 patients .", "Evidence Elements": {"Participant": [{"term": "COVID-19", "negation": "negated", "UMLS": "", "start": 70, "end": 78}], "Intervention": [{"term": "SARS-CoV-2 infection", "negation": "affirmed", "UMLS": "", "start": 0, "end": 20}], "Outcome": [{"term": "AKI", "negation": "negated", "UMLS": "", "start": 40, "end": 43}, {"term": "aggravate CKD", "negation": "negated", "UMLS": "", "start": 49, "end": 62}]}, "Evidence Propositions": []}]}