{"doc_id": "32220177", "type of study": "Therapy", "title": "", "abstract": "This review summarizes the ongoing researches regarding etiology, epidemiology, transmission dynamics, treatment, and prevention and control strategies of the coronavirus disease 2019 (COVID-19) caused by severe acute respiratory syndrome coronavirus 2 (SARS-CoV-2), with comparison to severe acute respiratory syndrome coronavirus (SARS-CoV), Middle East respiratory syndrome coronavirus (MERS-CoV) and pandemic H1N1 virus.\nSARS-CoV-2 may be originated from bats, and the patients and asymptomatic carriers are the source of epidemic infection.\nThe virus can be transmitted human-to-human through droplets and close contact, and people at all ages are susceptible to this virus.\nThe main clinical symptoms of the patients are fever and cough, accompanied with leukocytopenia and lymphocytopenia.\nEffective drugs have been not yet available thus far.\nIn terms of the prevention and control strategies, vaccine development as the primary prevention should be accelerated.\nRegarding the secondary prevention, ongoing efforts of the infected patients and close contacts quarantine, mask wearing promotion, regular disinfection in public places should be continued.\nMeanwhile, rapid detection kit for serological monitoring of the virus in general population is expected so as to achieve early detection, early diagnosis, early isolation and early treatment.\nIn addition, public health education on this disease and prevention should be enhanced so as to mitigate panic and mobilize the public to jointly combat the epidemic.\n", "Evidence Map": {"Enrollment": [{"term": "disease 2019 ( COVID-19 )", "negation": "affirmed", "UMLS": "", "start": 175, "end": 200}, {"term": "acute respiratory syndrome coronavirus 2 ( SARS-CoV-2 )", "negation": "affirmed", "UMLS": "", "start": 218, "end": 273}, {"term": "severe acute respiratory syndrome coronavirus ( SARS-CoV", "negation": "affirmed", "UMLS": "", "start": 295, "end": 351}, {"term": "fever", "negation": "affirmed", "UMLS": "", "start": 47, "end": 52}], "Comparison Results": [], "Study Arm 1 Results": [], "Study Arm 2 Results": []}, "Sentence-level breakdown": [{"Section": "TITLE", "Text": "This review summarizes the ongoing researches regarding etiology , epidemiology , transmission dynamics , treatment , and prevention and control strategies of the coronavirus disease 2019 ( COVID-19 ) caused by severe acute respiratory syndrome coronavirus 2 ( SARS-CoV-2 ) , with comparison to severe acute respiratory syndrome coronavirus ( SARS-CoV ) , Middle East respiratory syndrome coronavirus ( MERS-CoV ) and pandemic H1N1 virus .", "Evidence Elements": {"Participant": [{"term": "disease 2019 ( COVID-19 )", "negation": "affirmed", "UMLS": "", "start": 175, "end": 200}, {"term": "acute respiratory syndrome coronavirus 2 ( SARS-CoV-2 )", "negation": "affirmed", "UMLS": "", "start": 218, "end": 273}, {"term": "severe acute respiratory syndrome coronavirus ( SARS-CoV", "negation": "affirmed", "UMLS": "", "start": 295, "end": 351}], "Intervention": [], "Outcome": []}, "Evidence Propositions": []}, {"Section": "RESULTS", "Text": "SARS-CoV-2 may be originated from bats , and the patients and asymptomatic carriers are the source of epidemic infection .", "Evidence Elements": {"Participant": [], "Intervention": [], "Outcome": []}, "Evidence Propositions": []}, {"Section": "RESULTS", "Text": "The virus can be transmitted human-to-human through droplets and close contact , and people at all ages are susceptible to this virus .", "Evidence Elements": {"Participant": [], "Intervention": [], "Outcome": []}, "Evidence Propositions": []}, {"Section": "RESULTS", "Text": "The main clinical symptoms of the patients are fever and cough , accompanied with leukocytopenia and lymphocytopenia .", "Evidence Elements": {"Participant": [{"term": "fever", "negation": "affirmed", "UMLS": "", "start": 47, "end": 52}], "Intervention": [], "Outcome": []}, "Evidence Propositions": []}, {"Section": "RESULTS", "Text": "Effective drugs have been not yet available thus far .", "Evidence Elements": {"Participant": [], "Intervention": [], "Outcome": []}, "Evidence Propositions": []}, {"Section": "RESULTS", "Text": "In terms of the prevention and control strategies , vaccine development as the primary prevention should be accelerated .", "Evidence Elements": {"Participant": [], "Intervention": [], "Outcome": []}, "Evidence Propositions": []}, {"Section": "RESULTS", "Text": "Regarding the secondary prevention , ongoing efforts of the infected patients and close contacts quarantine , mask wearing promotion , regular disinfection in public places should be continued .", "Evidence Elements": {"Participant": [], "Intervention": [], "Outcome": []}, "Evidence Propositions": []}, {"Section": "CONCLUSIONS", "Text": "Meanwhile , rapid detection kit for serological monitoring of the virus in general population is expected so as to achieve early detection , early diagnosis , early isolation and early treatment .", "Evidence Elements": {"Participant": [], "Intervention": [], "Outcome": []}, "Evidence Propositions": []}, {"Section": "CONCLUSIONS", "Text": "In addition , public health education on this disease and prevention should be enhanced so as to mitigate panic and mobilize the public to jointly combat the epidemic .", "Evidence Elements": {"Participant": [], "Intervention": [], "Outcome": []}, "Evidence Propositions": []}]}