{"doc_id": "32222703", "type of study": "Therapy", "title": "", "abstract": "Since December 2019, the epidemic of coronavirus disease 2019 (COVID-19) has spread very rapidly in China and worldwide.\nIn this article, we report on a 75-year-old man infected with 2019 novel coronavirus who has end-stage kidney disease (ESKD).\nCOVID-19 patients with ESKD need isolation dialysis, but most of them cannot be handled in time due to limited continuous renal replacement therapy (CRRT) machines.\nCRRT provided benefits for this patient by removing potentially damaging toxins and stabilizing his metabolic and hemodynamic status.\nWith the control of uremia and fluid status, this patient ended up with an uneventful post-CRRT course, absence of clinical symptoms, and negative PCR tests.\nGreater efforts are needed to decrease the mortality of COVID-19-infected ESKD patients.\n", "Evidence Map": {"Enrollment": [{"term": "end-stage kidney disease", "negation": "affirmed", "UMLS": "", "start": 94, "end": 118}], "Comparison Results": [], "Study Arm 1 Results": [], "Study Arm 2 Results": []}, "Sentence-level breakdown": [{"Section": "TITLE", "Text": "Since December 2019 , the epidemic of coronavirus disease 2019 ( COVID-19 ) has spread very rapidly in China and worldwide .", "Evidence Elements": {"Participant": [], "Intervention": [], "Outcome": []}, "Evidence Propositions": []}, {"Section": "RESULTS", "Text": "In this article , we report on a 75-year-old man infected with 2019 novel coronavirus who has end-stage kidney disease ( ESKD ) .", "Evidence Elements": {"Participant": [{"term": "end-stage kidney disease", "negation": "affirmed", "UMLS": "", "start": 94, "end": 118}], "Intervention": [{"term": "coronavirus", "negation": "affirmed", "UMLS": "", "start": 74, "end": 85}], "Outcome": []}, "Evidence Propositions": []}, {"Section": "RESULTS", "Text": "COVID-19 patients with ESKD need isolation dialysis , but most of them cannot be handled in time due to limited continuous renal replacement therapy ( CRRT ) machines .", "Evidence Elements": {"Participant": [], "Intervention": [], "Outcome": []}, "Evidence Propositions": []}, {"Section": "RESULTS", "Text": "CRRT provided benefits for this patient by removing potentially damaging toxins and stabilizing his metabolic and hemodynamic status .", "Evidence Elements": {"Participant": [], "Intervention": [{"term": "CRRT", "negation": "affirmed", "UMLS": "", "start": 0, "end": 4}], "Outcome": [{"term": "potentially damaging toxins", "negation": "affirmed", "UMLS": "", "start": 52, "end": 79}, {"term": "metabolic and hemodynamic status", "negation": "affirmed", "UMLS": "", "start": 100, "end": 132}]}, "Evidence Propositions": [{"Intervention": "CRRT", "Observation": "stabilizing", "Outcome": "metabolic and hemodynamic status", "Count": ""}]}, {"Section": "RESULTS", "Text": "With the control of uremia and fluid status , this patient ended up with an uneventful post-CRRT course , absence of clinical symptoms , and negative PCR tests .", "Evidence Elements": {"Participant": [], "Intervention": [], "Outcome": [{"term": "post-CRRT course", "negation": "affirmed", "UMLS": "", "start": 87, "end": 103}]}, "Evidence Propositions": []}, {"Section": "CONCLUSIONS", "Text": "Greater efforts are needed to decrease the mortality of COVID-19-infected ESKD patients .", "Evidence Elements": {"Participant": [], "Intervention": [], "Outcome": []}, "Evidence Propositions": []}]}