{"doc_id": "32227090", "type of study": "Therapy", "title": "", "abstract": "A new type of pneumonia caused by a novel coronavirus SARS-CoV-2 outbreaks recently in China and spreads into many other countries.\nThis disease, named as COVID-19, is similar to patients infected by SARS-CoV and MERS-CoV, and nearly 20% of patients developed severe condition.\nCardiac injury is a prevalent complication of severe patients, exacerbating the disease severity in coronavirus disease 2019 (COVID-19) patients.\nAngiotensin-converting enzyme 2 (ACE2), the key host cellular receptor of SARS-CoV-2, has been identified in multiple organs, but its cellular distribution in human heart is not illuminated clearly.\nThis study performed the first state-of-art single cell atlas of adult human heart, and revealed that pericytes with high expression of ACE2 might act as the target cardiac cell of SARS-CoV-2.\nThe pericytes injury due to virus infection may result in capillary endothelial cells dysfunction, inducing microvascular dysfunction.\nAnd patients with basic heart failure disease showed increased ACE2 expression at both mRNA and protein levels, meaning that if infected by the virus these patients may have higher risk of heart attack and critically ill condition.\nThe finding of this study explains the high rate of severe cases among COVID-19 patients with basic cardiovascular disease; and these results also perhaps provide important reference to clinical treatment of cardiac injury among severe patients infected by SARS-CoV-2.\n", "Evidence Map": {"Enrollment": [{"term": "pericytes", "negation": "affirmed", "UMLS": "", "start": 103, "end": 112}, {"term": "basic heart failure disease", "negation": "affirmed", "UMLS": "", "start": 18, "end": 45}, {"term": "critically ill", "negation": "affirmed", "UMLS": "", "start": 207, "end": 221}, {"term": "COVID-19", "negation": "affirmed", "UMLS": "", "start": 71, "end": 79}, {"term": "basic cardiovascular disease", "negation": "affirmed", "UMLS": "", "start": 94, "end": 122}, {"term": "severe", "negation": "affirmed", "UMLS": "", "start": 52, "end": 58}], "Comparison Results": [], "Study Arm 1 Results": [], "Study Arm 2 Results": []}, "Sentence-level breakdown": [{"Section": "TITLE", "Text": "A new type of pneumonia caused by a novel coronavirus SARS-CoV-2 outbreaks recently in China and spreads into many other countries .", "Evidence Elements": {"Participant": [], "Intervention": [], "Outcome": []}, "Evidence Propositions": []}, {"Section": "RESULTS", "Text": "This disease , named as COVID-19 , is similar to patients infected by SARS-CoV and MERS-CoV , and nearly 20 % of patients developed severe condition .", "Evidence Elements": {"Participant": [], "Intervention": [], "Outcome": []}, "Evidence Propositions": []}, {"Section": "RESULTS", "Text": "Cardiac injury is a prevalent complication of severe patients , exacerbating the disease severity in coronavirus disease 2019 ( COVID-19 ) patients .", "Evidence Elements": {"Participant": [], "Intervention": [], "Outcome": []}, "Evidence Propositions": []}, {"Section": "RESULTS", "Text": "Angiotensin-converting enzyme 2 ( ACE2 ) , the key host cellular receptor of SARS-CoV-2 , has been identified in multiple organs , but its cellular distribution in human heart is not illuminated clearly .", "Evidence Elements": {"Participant": [], "Intervention": [], "Outcome": []}, "Evidence Propositions": []}, {"Section": "RESULTS", "Text": "This study performed the first state-of-art single cell atlas of adult human heart , and revealed that pericytes with high expression of ACE2 might act as the target cardiac cell of SARS-CoV-2 .", "Evidence Elements": {"Participant": [{"term": "pericytes", "negation": "affirmed", "UMLS": "", "start": 103, "end": 112}], "Intervention": [{"term": "expression of ACE2", "negation": "affirmed", "UMLS": "", "start": 123, "end": 141}], "Outcome": []}, "Evidence Propositions": []}, {"Section": "RESULTS", "Text": "The pericytes injury due to virus infection may result in capillary endothelial cells dysfunction , inducing microvascular dysfunction .", "Evidence Elements": {"Participant": [], "Intervention": [], "Outcome": []}, "Evidence Propositions": []}, {"Section": "RESULTS", "Text": "And patients with basic heart failure disease showed increased ACE2 expression at both mRNA and protein levels , meaning that if infected by the virus these patients may have higher risk of heart attack and critically ill condition .", "Evidence Elements": {"Participant": [{"term": "basic heart failure disease", "negation": "affirmed", "UMLS": "", "start": 18, "end": 45}, {"term": "critically ill", "negation": "affirmed", "UMLS": "", "start": 207, "end": 221}], "Intervention": [], "Outcome": [{"term": "ACE2 expression", "negation": "affirmed", "UMLS": "", "start": 63, "end": 78}, {"term": "risk of heart attack", "negation": "affirmed", "UMLS": "", "start": 182, "end": 202}]}, "Evidence Propositions": []}, {"Section": "CONCLUSIONS", "Text": "The finding of this study explains the high rate of severe cases among COVID-19 patients with basic cardiovascular disease ; and these results also perhaps provide important reference to clinical treatment of cardiac injury among severe patients infected by SARS-CoV-2 .", "Evidence Elements": {"Participant": [{"term": "COVID-19", "negation": "affirmed", "UMLS": "", "start": 71, "end": 79}, {"term": "basic cardiovascular disease", "negation": "affirmed", "UMLS": "", "start": 94, "end": 122}, {"term": "severe", "negation": "affirmed", "UMLS": "", "start": 52, "end": 58}], "Intervention": [], "Outcome": [{"term": "rate of severe cases", "negation": "affirmed", "UMLS": "", "start": 44, "end": 64}, {"term": "treatment", "negation": "affirmed", "UMLS": "", "start": 196, "end": 205}]}, "Evidence Propositions": []}]}