{"doc_id": "32228222", "type of study": "Therapy", "title": "", "abstract": "The dysfunction of the renin-angiotensin system (RAS) has been observed in coronavirus infection disease (COVID-19) patients, but whether RAS inhibitors, such as angiotensin-converting enzyme inhibitors (ACEIs) and angiotensin II type 1 receptor blockers (ARBs), are associated with clinical outcomes remains unknown.\nCOVID-19 patients with hypertension were enrolled to evaluate the effect of RAS inhibitors.\nWe observed that patients receiving ACEI or ARB therapy had a lower rate of severe diseases and a trend toward a lower level of IL-6 in peripheral blood.\nIn addition, ACEI or ARB therapy increased CD3 and CD8 T cell counts in peripheral blood and decreased the peak viral load compared to other antihypertensive drugs.\nThis evidence supports the benefit of using ACEIs or ARBs to potentially contribute to the improvement of clinical outcomes of COVID-19 patients with hypertension.\n", "Evidence Map": {"Enrollment": [{"term": "COVID-19", "negation": "affirmed", "UMLS": "", "start": 0, "end": 8}, {"term": "hypertension", "negation": "affirmed", "UMLS": "", "start": 23, "end": 35}, {"term": "COVID-19", "negation": "affirmed", "UMLS": "", "start": 127, "end": 135}, {"term": "hypertension", "negation": "affirmed", "UMLS": "", "start": 150, "end": 162}], "Comparison Results": [], "Study Arm 1 Results": [], "Study Arm 2 Results": []}, "Sentence-level breakdown": [{"Section": "TITLE", "Text": "The dysfunction of the renin-angiotensin system ( RAS ) has been observed in coronavirus infection disease ( COVID-19 ) patients , but whether RAS inhibitors , such as angiotensin-converting enzyme inhibitors ( ACEIs ) and angiotensin II type 1 receptor blockers ( ARBs ) , are associated with clinical outcomes remains unknown .", "Evidence Elements": {"Participant": [], "Intervention": [], "Outcome": []}, "Evidence Propositions": []}, {"Section": "METHODS", "Text": "COVID-19 patients with hypertension were enrolled to evaluate the effect of RAS inhibitors .", "Evidence Elements": {"Participant": [{"term": "COVID-19", "negation": "affirmed", "UMLS": "", "start": 0, "end": 8}, {"term": "hypertension", "negation": "affirmed", "UMLS": "", "start": 23, "end": 35}], "Intervention": [{"term": "RAS inhibitors", "negation": "affirmed", "UMLS": "", "start": 76, "end": 90}], "Outcome": []}, "Evidence Propositions": []}, {"Section": "RESULTS", "Text": "We observed that patients receiving ACEI or ARB therapy had a lower rate of severe diseases and a trend toward a lower level of IL-6 in peripheral blood .", "Evidence Elements": {"Participant": [], "Intervention": [{"term": "ACEI or ARB therapy", "negation": "affirmed", "UMLS": "", "start": 36, "end": 55}], "Outcome": [{"term": "rate of severe diseases", "negation": "affirmed", "UMLS": "", "start": 68, "end": 91}, {"term": "level", "negation": "affirmed", "UMLS": "", "start": 119, "end": 124}, {"term": "IL-6", "negation": "affirmed", "UMLS": "", "start": 128, "end": 132}]}, "Evidence Propositions": []}, {"Section": "RESULTS", "Text": "In addition , ACEI or ARB therapy increased CD3 and CD8 T cell counts in peripheral blood and decreased the peak viral load compared to other antihypertensive drugs .", "Evidence Elements": {"Participant": [], "Intervention": [{"term": "ACEI", "negation": "affirmed", "UMLS": "", "start": 14, "end": 18}, {"term": "ARB", "negation": "affirmed", "UMLS": "", "start": 22, "end": 25}, {"term": "other", "negation": "affirmed", "UMLS": "", "start": 136, "end": 141}], "Outcome": [{"term": "CD3 and CD8 T cell counts in peripheral blood", "negation": "affirmed", "UMLS": "", "start": 44, "end": 89}, {"term": "peak viral load", "negation": "affirmed", "UMLS": "", "start": 108, "end": 123}]}, "Evidence Propositions": [{"Intervention": "ACEI", "Observation": "decreased", "Outcome": "peak viral load", "Count": ""}, {"Intervention": "ARB", "Observation": "decreased", "Outcome": "peak viral load", "Count": ""}, {"Intervention": "other", "Observation": "decreased", "Outcome": "peak viral load", "Count": ""}]}, {"Section": "CONCLUSIONS", "Text": "This evidence supports the benefit of using ACEIs or ARBs to potentially contribute to the improvement of clinical outcomes of COVID-19 patients with hypertension .", "Evidence Elements": {"Participant": [{"term": "COVID-19", "negation": "affirmed", "UMLS": "", "start": 127, "end": 135}, {"term": "hypertension", "negation": "affirmed", "UMLS": "", "start": 150, "end": 162}], "Intervention": [{"term": "ACEIs", "negation": "affirmed", "UMLS": "", "start": 44, "end": 49}, {"term": "ARBs", "negation": "affirmed", "UMLS": "", "start": 53, "end": 57}], "Outcome": [{"term": "clinical outcomes", "negation": "affirmed", "UMLS": "", "start": 106, "end": 123}]}, "Evidence Propositions": [{"Intervention": "ACEIs", "Observation": "improvement", "Outcome": "clinical outcomes", "Count": ""}, {"Intervention": "ARBs", "Observation": "improvement", "Outcome": "clinical outcomes", "Count": ""}]}]}