{"doc_id": "32221973", "type of study": "Therapy", "title": "", "abstract": "Novel coronavirus 2019 is a single-stranded, ribonucleic acid virus that has led to an international pandemic of coronavirus disease 2019.\nClinical data from the Chinese outbreak have been reported, but experiences and recommendations from clinical practice during the Italian outbreak have not.\nWe report the impact of the coronavirus disease 2019 outbreak on regional and national healthcare infrastructure.\nWe also report on recommendations based on clinical experiences of managing patients throughout Italy.\nIn particular, we describe key elements of clinical management, including: safe oxygen therapy; airway management; personal protective equipment; and non-technical aspects of caring for patients diagnosed with coronavirus disease 2019.\nOnly through planning, training and team working will clinicians and healthcare systems be best placed to deal with the many complex implications of this new pandemic.\n", "Evidence Map": {"Enrollment": [], "Comparison Results": [], "Study Arm 1 Results": [], "Study Arm 2 Results": []}, "Sentence-level breakdown": [{"Section": "TITLE", "Text": "Novel coronavirus 2019 is a single-stranded , ribonucleic acid virus that has led to an international pandemic of coronavirus disease 2019 .", "Evidence Elements": {"Participant": [], "Intervention": [], "Outcome": []}, "Evidence Propositions": []}, {"Section": "RESULTS", "Text": "We report the impact of the coronavirus disease 2019 outbreak on regional and national healthcare infrastructure .", "Evidence Elements": {"Participant": [], "Intervention": [{"term": "coronavirus disease 2019 outbreak", "negation": "affirmed", "UMLS": "", "start": 28, "end": 61}], "Outcome": [{"term": "regional and national healthcare infrastructure", "negation": "affirmed", "UMLS": "", "start": 65, "end": 112}]}, "Evidence Propositions": []}, {"Section": "RESULTS", "Text": "We also report on recommendations based on clinical experiences of managing patients throughout Italy .", "Evidence Elements": {"Participant": [], "Intervention": [], "Outcome": []}, "Evidence Propositions": []}, {"Section": "RESULTS", "Text": "In particular , we describe key elements of clinical management , including : safe oxygen therapy ; airway management ; personal protective equipment ; and non-technical aspects of caring for patients diagnosed with coronavirus disease 2019 .", "Evidence Elements": {"Participant": [], "Intervention": [], "Outcome": [{"term": "clinical management", "negation": "affirmed", "UMLS": "", "start": 44, "end": 63}, {"term": "safe oxygen therapy", "negation": "affirmed", "UMLS": "", "start": 78, "end": 97}, {"term": "airway management", "negation": "affirmed", "UMLS": "", "start": 100, "end": 117}, {"term": "personal protective equipment", "negation": "affirmed", "UMLS": "", "start": 120, "end": 149}]}, "Evidence Propositions": []}, {"Section": "CONCLUSIONS", "Text": "Only through planning , training and team working will clinicians and healthcare systems be best placed to deal with the many complex implications of this new pandemic .", "Evidence Elements": {"Participant": [], "Intervention": [], "Outcome": []}, "Evidence Propositions": []}]}