{"doc_id": "32222466", "type of study": "Therapy", "title": "", "abstract": "The pandemic outbreak of coronavirus disease 2019 (COVID-19) is rapidly spreading all over the world.\nReports from China showed that about 20% of patients developed severe disease, resulting in a fatality of 4%.\nIn the past two months, we clinical immunologists participated in multi-rounds of MDT (multidiscipline team) discussion on the anti-inflammation management of critical ill COVID-19 patients, with our colleagues dispatched from Chinese leading PUMC Hospital to Wuhan to admit and treat the most severe patients.\nHere, from the perspective of clinical immunologists, we will discuss the clinical and immunological characteristics of severe patients, and summarize the current evidence and share our experience in anti-inflammation treatment, including glucocorticoids, IL-6 antagonist, JAK inhibitors and choloroquine/hydrocholoroquine, of patients with severe COVID-19 that may have an impaired immune system.\nThe epidemic outbreak of coronavirus disease 2019 (COVID-19) has rapidly spread all over the world.\nInflammatory cytokine storm was common in patients with severe COVID-19.\nThe immune system was impaired in critical ill COVID-19 patients A timely anti-inflammation treatment at the right window time is of pivotal importance.\n", "Evidence Map": {"Enrollment": [{"term": "critical ill COVID-19", "negation": "affirmed", "UMLS": "", "start": 162, "end": 183}, {"term": "severe", "negation": "affirmed", "UMLS": "", "start": 122, "end": 128}, {"term": "severe COVID-19", "negation": "affirmed", "UMLS": "", "start": 350, "end": 365}, {"term": "severe COVID-19", "negation": "affirmed", "UMLS": "", "start": 56, "end": 71}, {"term": "critical ill COVID-19", "negation": "affirmed", "UMLS": "", "start": 34, "end": 55}], "Comparison Results": [], "Study Arm 1 Results": [], "Study Arm 2 Results": []}, "Sentence-level breakdown": [{"Section": "TITLE", "Text": "The pandemic outbreak of coronavirus disease 2019 ( COVID-19 ) is rapidly spreading all over the world .", "Evidence Elements": {"Participant": [], "Intervention": [], "Outcome": []}, "Evidence Propositions": []}, {"Section": "RESULTS", "Text": "In the past two months , we clinical immunologists participated in multi-rounds of MDT ( multidiscipline team ) discussion on the anti-inflammation management of critical ill COVID-19 patients , with our colleagues dispatched from Chinese leading PUMC Hospital to Wuhan to admit and treat the most severe patients .", "Evidence Elements": {"Participant": [{"term": "critical ill COVID-19", "negation": "affirmed", "UMLS": "", "start": 162, "end": 183}], "Intervention": [], "Outcome": [{"term": "anti-inflammation management", "negation": "affirmed", "UMLS": "", "start": 130, "end": 158}]}, "Evidence Propositions": []}, {"Section": "RESULTS", "Text": "Here , from the perspective of clinical immunologists , we will discuss the clinical and immunological characteristics of severe patients , and summarize the current evidence and share our experience in anti-inflammation treatment , including glucocorticoids , IL-6 antagonist , JAK inhibitors and choloroquine / hydrocholoroquine , of patients with severe COVID-19 that may have an impaired immune system .", "Evidence Elements": {"Participant": [{"term": "severe", "negation": "affirmed", "UMLS": "", "start": 122, "end": 128}, {"term": "severe COVID-19", "negation": "affirmed", "UMLS": "", "start": 350, "end": 365}], "Intervention": [{"term": "glucocorticoids", "negation": "affirmed", "UMLS": "", "start": 243, "end": 258}, {"term": "IL-6 antagonist", "negation": "affirmed", "UMLS": "", "start": 261, "end": 276}, {"term": "JAK inhibitors", "negation": "affirmed", "UMLS": "", "start": 279, "end": 293}, {"term": "hydrocholoroquine", "negation": "affirmed", "UMLS": "", "start": 313, "end": 330}], "Outcome": [{"term": "clinical and immunological characteristics", "negation": "affirmed", "UMLS": "", "start": 76, "end": 118}, {"term": "anti-inflammation treatment", "negation": "affirmed", "UMLS": "", "start": 203, "end": 230}]}, "Evidence Propositions": []}, {"Section": "RESULTS", "Text": "The epidemic outbreak of coronavirus disease 2019 ( COVID-19 ) has rapidly spread all over the world .", "Evidence Elements": {"Participant": [], "Intervention": [], "Outcome": []}, "Evidence Propositions": []}, {"Section": "RESULTS", "Text": "Inflammatory cytokine storm was common in patients with severe COVID-19 .", "Evidence Elements": {"Participant": [{"term": "severe COVID-19", "negation": "affirmed", "UMLS": "", "start": 56, "end": 71}], "Intervention": [], "Outcome": [{"term": "Inflammatory cytokine storm", "negation": "affirmed", "UMLS": "", "start": 0, "end": 27}]}, "Evidence Propositions": []}, {"Section": "CONCLUSIONS", "Text": "The immune system was impaired in critical ill COVID-19 patients A timely anti-inflammation treatment at the right window time is of pivotal importance .", "Evidence Elements": {"Participant": [{"term": "critical ill COVID-19", "negation": "affirmed", "UMLS": "", "start": 34, "end": 55}], "Intervention": [], "Outcome": []}, "Evidence Propositions": []}]}