{"doc_id": "32220112", "type of study": "Therapy", "title": "", "abstract": "A relatively high mortality of severe coronavirus disease 2019 (COVID-19) is worrying, and the application of heparin in COVID-19 has been recommended by some expert consensus because of the risk of disseminated intravascular coagulation and venous thromboembolism.\nHowever, its efficacy remains to be validated.\nCoagulation results, medications, and outcomes of consecutive patients being classified as having severe COVID-19 in Tongji hospital were retrospectively analyzed.\nThe 28-day mortality between heparin users and nonusers were compared, as was a different risk of coagulopathy, which was stratified by the sepsis-induced coagulopathy (SIC) score or D-dimer result.\nThere were 449 patients with severe COVID-19 enrolled into the study, 99 of them received heparin (mainly with low molecular weight heparin) for 7 days or longer.\nD-dimer, prothrombin time, and age were positively, and platelet count was negatively, correlated with 28-day mortality in multivariate analysis.\nNo difference in 28-day mortality was found between heparin users and nonusers (30.3% vs 29.7%, P = .910).\nBut the 28-day mortality of heparin users was lower than nonusers in patients with SIC score >=4 (40.0% vs 64.2%, P = .029), or D-dimer >6-fold of upper limit of normal (32.8% vs 52.4%, P = .017).\nAnticoagulant therapy mainly with low molecular weight heparin appears to be associated with better prognosis in severe COVID-19 patients meeting SIC criteria or with markedly elevated D-dimer.\n", "Evidence Map": {"Enrollment": [{"term": "severe COVID-19", "negation": "affirmed", "UMLS": "", "start": 100, "end": 115}, {"term": "severe COVID-19", "negation": "affirmed", "UMLS": "", "start": 29, "end": 44}, {"term": "SIC score > = 4", "negation": "affirmed", "UMLS": "", "start": 83, "end": 98}, {"term": "D-dimer > 6-fold of upper", "negation": "affirmed", "UMLS": "", "start": 136, "end": 161}, {"term": "severe COVID-19", "negation": "affirmed", "UMLS": "", "start": 113, "end": 128}, {"term": "SIC criteria", "negation": "affirmed", "UMLS": "", "start": 146, "end": 158}, {"term": "markedly elevated D-dimer", "negation": "affirmed", "UMLS": "", "start": 167, "end": 192}], "Comparison Results": [], "Study Arm 1 Results": [], "Study Arm 2 Results": []}, "Sentence-level breakdown": [{"Section": "TITLE", "Text": "A relatively high mortality of severe coronavirus disease 2019 ( COVID-19 ) is worrying , and the application of heparin in COVID-19 has been recommended by some expert consensus because of the risk of disseminated intravascular coagulation and venous thromboembolism .", "Evidence Elements": {"Participant": [], "Intervention": [], "Outcome": []}, "Evidence Propositions": []}, {"Section": "METHODS", "Text": "Coagulation results , medications , and outcomes of consecutive patients being classified as having severe COVID-19 in Tongji hospital were retrospectively analyzed .", "Evidence Elements": {"Participant": [{"term": "severe COVID-19", "negation": "affirmed", "UMLS": "", "start": 100, "end": 115}], "Intervention": [], "Outcome": [{"term": "Coagulation results", "negation": "affirmed", "UMLS": "", "start": 0, "end": 19}, {"term": "medications", "negation": "affirmed", "UMLS": "", "start": 22, "end": 33}, {"term": "outcomes", "negation": "affirmed", "UMLS": "", "start": 40, "end": 48}]}, "Evidence Propositions": []}, {"Section": "METHODS", "Text": "The 28-day mortality between heparin users and nonusers were compared , as was a different risk of coagulopathy , which was stratified by the sepsis-induced coagulopathy ( SIC ) score or D-dimer result .", "Evidence Elements": {"Participant": [], "Intervention": [{"term": "heparin users", "negation": "affirmed", "UMLS": "", "start": 29, "end": 42}, {"term": "nonusers", "negation": "affirmed", "UMLS": "", "start": 47, "end": 55}], "Outcome": [{"term": "28-day mortality", "negation": "affirmed", "UMLS": "", "start": 4, "end": 20}, {"term": "risk of coagulopathy", "negation": "affirmed", "UMLS": "", "start": 91, "end": 111}]}, "Evidence Propositions": []}, {"Section": "METHODS", "Text": "There were 449 patients with severe COVID-19 enrolled into the study , 99 of them received heparin ( mainly with low molecular weight heparin ) for 7 days or longer .", "Evidence Elements": {"Participant": [{"term": "severe COVID-19", "negation": "affirmed", "UMLS": "", "start": 29, "end": 44}], "Intervention": [{"term": "heparin", "negation": "affirmed", "UMLS": "", "start": 91, "end": 98}], "Outcome": []}, "Evidence Propositions": []}, {"Section": "RESULTS", "Text": "D-dimer , prothrombin time , and age were positively , and platelet count was negatively , correlated with 28-day mortality in multivariate analysis .", "Evidence Elements": {"Participant": [], "Intervention": [], "Outcome": [{"term": "D-dimer", "negation": "affirmed", "UMLS": "", "start": 0, "end": 7}, {"term": "prothrombin time", "negation": "affirmed", "UMLS": "", "start": 10, "end": 26}, {"term": "age", "negation": "affirmed", "UMLS": "", "start": 33, "end": 36}, {"term": "platelet count", "negation": "affirmed", "UMLS": "", "start": 59, "end": 73}, {"term": "28-day", "negation": "affirmed", "UMLS": "", "start": 107, "end": 113}]}, "Evidence Propositions": []}, {"Section": "RESULTS", "Text": "No difference in 28-day mortality was found between heparin users and nonusers ( 30.3 % vs 29.7 % , P =.910 ) .", "Evidence Elements": {"Participant": [], "Intervention": [{"term": "heparin users", "negation": "negated", "UMLS": "", "start": 52, "end": 65}, {"term": "nonusers", "negation": "negated", "UMLS": "", "start": 70, "end": 78}], "Outcome": [{"term": "28-day mortality", "negation": "negated", "UMLS": "", "start": 17, "end": 33}]}, "Evidence Propositions": [{"Intervention": ["heparin users", "nonusers"], "Observation": "difference", "Outcome": "28-day mortality", "Count": ""}, {"Intervention": "heparin users", "Observation": "30.3 %", "Outcome": "28-day mortality", "Count": ""}, {"Intervention": "nonusers", "Observation": "29.7 %", "Outcome": "28-day mortality", "Count": ""}]}, {"Section": "RESULTS", "Text": "But the 28-day mortality of heparin users was lower than nonusers in patients with SIC score > = 4 ( 40.0 % vs 64.2 % , P = .029 ) , or D-dimer > 6-fold of upper limit of normal ( 32.8 % vs 52.4 % , P = .017 ) .", "Evidence Elements": {"Participant": [{"term": "SIC score > = 4", "negation": "affirmed", "UMLS": "", "start": 83, "end": 98}, {"term": "D-dimer > 6-fold of upper", "negation": "affirmed", "UMLS": "", "start": 136, "end": 161}], "Intervention": [{"term": "heparin users", "negation": "affirmed", "UMLS": "", "start": 28, "end": 41}, {"term": "nonusers", "negation": "affirmed", "UMLS": "", "start": 57, "end": 65}], "Outcome": [{"term": "28-day mortality", "negation": "affirmed", "UMLS": "", "start": 8, "end": 24}]}, "Evidence Propositions": [{"Intervention": ["heparin users", "nonusers"], "Observation": "lower", "Outcome": "28-day mortality", "Count": ""}, {"Intervention": "heparin users", "Observation": "40.0 %", "Outcome": "28-day mortality", "Count": ""}]}, {"Section": "CONCLUSIONS", "Text": "Anticoagulant therapy mainly with low molecular weight heparin appears to be associated with better prognosis in severe COVID-19 patients meeting SIC criteria or with markedly elevated D-dimer .", "Evidence Elements": {"Participant": [{"term": "severe COVID-19", "negation": "affirmed", "UMLS": "", "start": 113, "end": 128}, {"term": "SIC criteria", "negation": "affirmed", "UMLS": "", "start": 146, "end": 158}, {"term": "markedly elevated D-dimer", "negation": "affirmed", "UMLS": "", "start": 167, "end": 192}], "Intervention": [{"term": "Anticoagulant therapy mainly with low molecular weight heparin", "negation": "affirmed", "UMLS": "", "start": 0, "end": 62}], "Outcome": [{"term": "prognosis", "negation": "affirmed", "UMLS": "", "start": 100, "end": 109}]}, "Evidence Propositions": []}]}