{"doc_id": "32226295", "type of study": "Therapy", "title": "", "abstract": "The outbreak of Coronavirus disease 2019 (COVID-19), caused by severe acute respiratory syndrome (SARS) coronavirus 2 (SARS-CoV-2), has thus far killed over 3,000 people and infected over 80,000 in China and elsewhere in the world, resulting in catastrophe for humans.\nSimilar to its homologous virus, SARS-CoV, which caused SARS in thousands of people in 2003, SARS-CoV-2 might also be transmitted from the bats and causes similar symptoms through a similar mechanism.\nHowever, COVID-19 has lower severity and mortality than SARS but is much more transmissive and affects more elderly individuals than youth and more men than women.\nIn response to the rapidly increasing number of publications on the emerging disease, this article attempts to provide a timely and comprehensive review of the swiftly developing research subject.\nWe will cover the basics about the epidemiology, etiology, virology, diagnosis, treatment, prognosis, and prevention of the disease.\nAlthough many questions still require answers, we hope that this review helps in the understanding and eradication of the threatening disease.\n", "Evidence Map": {"Enrollment": [{"term": "elderly individuals", "negation": "affirmed", "UMLS": "", "start": 109, "end": 128}], "Comparison Results": [], "Study Arm 1 Results": [], "Study Arm 2 Results": []}, "Sentence-level breakdown": [{"Section": "TITLE", "Text": "The outbreak of Coronavirus disease 2019 ( COVID-19 ) , caused by severe acute respiratory syndrome ( SARS ) coronavirus 2 ( SARS-CoV-2 ) , has thus far killed over 3,000 people and infected over 80,000 in China and elsewhere in the world , resulting in catastrophe for humans .", "Evidence Elements": {"Participant": [], "Intervention": [], "Outcome": []}, "Evidence Propositions": []}, {"Section": "RESULTS", "Text": "We will cover the basics about the epidemiology , etiology , virology , diagnosis , treatment , prognosis , and prevention of the disease .", "Evidence Elements": {"Participant": [], "Intervention": [], "Outcome": []}, "Evidence Propositions": []}, {"Section": "CONCLUSIONS", "Text": "Although many questions still require answers , we hope that this review helps in the understanding and eradication of the threatening disease .", "Evidence Elements": {"Participant": [], "Intervention": [], "Outcome": []}, "Evidence Propositions": []}]}