{"doc_id": "32227274", "type of study": "Therapy", "title": "", "abstract": "This study aims to evaluate the correlation between viral clearance and blood biochemical index of 94 discharged patients with COVID-19 infection in Shenzhen Third People's Hospital, enrolled from Jan 5 to Feb 13, 2020.\nThe clinical and laboratory findings were extracted from the electronic medical records of the patients.\nThe data were analysed and reviewed by a trained team of physicians.\nInformation on clinical signs and symptoms, medical treatment, virus clearance, and laboratory parameters including interleukin 6 (IL-6) and C-reactive protein were collected.\nCOVID-19 mRNA clearance ratio was identified significantly correlated with the decline of serum creatine kinase (CK) and lactate dehydrogenase (LDH) levels.\nFurthermore, COVID-19 mRNA clearance time was positively correlated with the length of hospital stay in patients treated with either IFN-alpha + lopinavir/ritonavir or IFN-alpha + lopinavir/ritonavir + ribavirin.\nTherapeutic regimens of IFN-alpha + lopinavir/ritonavir and IFN-alpha + lopinavir/ritonavir + ribavirin might be beneficial for treatment of COVID-19.\nSerum LDH or CK decline may predict a favorable response to treatment of COVID-19 infection.\n", "Evidence Map": {"Enrollment": [{"term": "discharged", "negation": "affirmed", "UMLS": "", "start": 102, "end": 112}, {"term": "COVID-19 infection", "negation": "affirmed", "UMLS": "", "start": 127, "end": 145}, {"term": "COVID-19", "negation": "affirmed", "UMLS": "", "start": 145, "end": 153}, {"term": "COVID-19 infection", "negation": "affirmed", "UMLS": "", "start": 73, "end": 91}], "Comparison Results": [], "Study Arm 1 Results": [], "Study Arm 2 Results": []}, "Sentence-level breakdown": [{"Section": "TITLE", "Text": "This study aims to evaluate the correlation between viral clearance and blood biochemical index of 94 discharged patients with COVID-19 infection in Shenzhen Third People 's Hospital , enrolled from Jan 5 to Feb 13 , 2020 .", "Evidence Elements": {"Participant": [{"term": "discharged", "negation": "affirmed", "UMLS": "", "start": 102, "end": 112}, {"term": "COVID-19 infection", "negation": "affirmed", "UMLS": "", "start": 127, "end": 145}], "Intervention": [], "Outcome": [{"term": "viral clearance", "negation": "affirmed", "UMLS": "", "start": 52, "end": 67}, {"term": "blood biochemical index", "negation": "affirmed", "UMLS": "", "start": 72, "end": 95}]}, "Evidence Propositions": []}, {"Section": "METHODS", "Text": "The clinical and laboratory findings were extracted from the electronic medical records of the patients .", "Evidence Elements": {"Participant": [], "Intervention": [], "Outcome": []}, "Evidence Propositions": []}, {"Section": "METHODS", "Text": "The data were analysed and reviewed by a trained team of physicians .", "Evidence Elements": {"Participant": [], "Intervention": [], "Outcome": []}, "Evidence Propositions": []}, {"Section": "RESULTS", "Text": "Information on clinical signs and symptoms , medical treatment , virus clearance , and laboratory parameters including interleukin 6 ( IL-6 ) and C-reactive protein were collected .", "Evidence Elements": {"Participant": [], "Intervention": [], "Outcome": [{"term": "clinical signs and symptoms", "negation": "affirmed", "UMLS": "", "start": 15, "end": 42}, {"term": "medical treatment", "negation": "affirmed", "UMLS": "", "start": 45, "end": 62}, {"term": "virus clearance", "negation": "affirmed", "UMLS": "", "start": 65, "end": 80}, {"term": "laboratory parameters", "negation": "affirmed", "UMLS": "", "start": 87, "end": 108}, {"term": "interleukin 6 ( IL-6 )", "negation": "affirmed", "UMLS": "", "start": 119, "end": 141}]}, "Evidence Propositions": []}, {"Section": "RESULTS", "Text": "COVID-19 mRNA clearance ratio was identified significantly correlated with the decline of serum creatine kinase ( CK ) and lactate dehydrogenase ( LDH ) levels .", "Evidence Elements": {"Participant": [], "Intervention": [], "Outcome": [{"term": "COVID-19 mRNA clearance ratio", "negation": "affirmed", "UMLS": "", "start": 0, "end": 29}, {"term": "decline of serum creatine kinase ( CK ) and lactate dehydrogenase", "negation": "affirmed", "UMLS": "", "start": 79, "end": 144}]}, "Evidence Propositions": []}, {"Section": "RESULTS", "Text": "Furthermore , COVID-19 mRNA clearance time was positively correlated with the length of hospital stay in patients treated with either IFN-alpha + lopinavir / ritonavir or IFN-alpha + lopinavir / ritonavir + ribavirin .", "Evidence Elements": {"Participant": [], "Intervention": [{"term": "ritonavir", "negation": "affirmed", "UMLS": "", "start": 158, "end": 167}, {"term": "ritonavir +", "negation": "affirmed", "UMLS": "", "start": 195, "end": 206}], "Outcome": [{"term": "COVID-19 mRNA clearance time", "negation": "affirmed", "UMLS": "", "start": 14, "end": 42}, {"term": "length of hospital stay", "negation": "affirmed", "UMLS": "", "start": 78, "end": 101}]}, "Evidence Propositions": []}, {"Section": "CONCLUSIONS", "Text": "Therapeutic regimens of IFN-alpha + lopinavir / ritonavir and IFN-alpha + lopinavir / ritonavir + ribavirin might be beneficial for treatment of COVID-19 .", "Evidence Elements": {"Participant": [{"term": "COVID-19", "negation": "affirmed", "UMLS": "", "start": 145, "end": 153}], "Intervention": [{"term": "Therapeutic regimens of IFN-alpha +", "negation": "affirmed", "UMLS": "", "start": 0, "end": 35}, {"term": "ritonavir and", "negation": "affirmed", "UMLS": "", "start": 48, "end": 61}, {"term": "ritonavir + ribavirin", "negation": "affirmed", "UMLS": "", "start": 86, "end": 107}], "Outcome": []}, "Evidence Propositions": []}, {"Section": "CONCLUSIONS", "Text": "Serum LDH or CK decline may predict a favorable response to treatment of COVID-19 infection .", "Evidence Elements": {"Participant": [{"term": "COVID-19 infection", "negation": "affirmed", "UMLS": "", "start": 73, "end": 91}], "Intervention": [], "Outcome": [{"term": "Serum LDH", "negation": "affirmed", "UMLS": "", "start": 0, "end": 9}, {"term": "CK decline", "negation": "affirmed", "UMLS": "", "start": 13, "end": 23}, {"term": "response", "negation": "affirmed", "UMLS": "", "start": 48, "end": 56}]}, "Evidence Propositions": []}]}