{"doc_id": "32221983", "type of study": "Therapy", "title": "", "abstract": "This article reviews the correlation between angiotensin-converting enzyme 2 (ACE2) and severe risk factors for coronavirus disease 2019 (COVID-19) and the possible mechanisms.\nACE2 is a crucial component of the renin-angiotensin system (RAS).\nThe classical RAS ACE-Ang II-AT1R regulatory axis and the ACE2-Ang 1-7-MasR counter-regulatory axis play an essential role in maintaining homeostasis in humans.\nACE2 is widely distributed in the heart, kidneys, lungs, and testes.\nACE2 antagonizes the activation of the classical RAS system and protects against organ damage, protecting against hypertension, diabetes, and cardiovascular disease.\nSimilar to SARS-CoV, SARS-CoV-2 also uses the ACE2 receptor to invade human alveolar epithelial cells.\nAcute respiratory distress syndrome (ARDS) is a clinical high-mortality disease, and ACE2 has a protective effect on this type of acute lung injury.\nCurrent research shows that the poor prognosis of patients with COVID-19 is related to factors such as sex (male), age (>60 years), underlying diseases (hypertension, diabetes, and cardiovascular disease), secondary ARDS, and other relevant factors.\nBecause of these protective effects of ACE2 on chronic underlying diseases and ARDS, the development of spike protein-based vaccine and drugs enhancing ACE2 activity may become one of the most promising approaches for the treatment of COVID-19 in the future.\nACE2 plays an important role in renin-angiotensin system and homeostasis.\nACE2 has a protective effect on acute lung injury and for the COVID-19 patients with underlying diseases.\nThe development of spike protein-based vaccine and drugs enhancing ACE2 activity may become one of the most promising approaches for the treatment of COVID-19.\n", "Evidence Map": {"Enrollment": [{"term": "disease 2019 ( COVID-19 )", "negation": "affirmed", "UMLS": "", "start": 126, "end": 151}, {"term": "COVID-19", "negation": "affirmed", "UMLS": "", "start": 62, "end": 70}, {"term": "underlying diseases", "negation": "affirmed", "UMLS": "", "start": 85, "end": 104}], "Comparison Results": [], "Study Arm 1 Results": [], "Study Arm 2 Results": []}, "Sentence-level breakdown": [{"Section": "TITLE", "Text": "This article reviews the correlation between angiotensin-converting enzyme 2 ( ACE2 ) and severe risk factors for coronavirus disease 2019 ( COVID-19 ) and the possible mechanisms .", "Evidence Elements": {"Participant": [{"term": "disease 2019 ( COVID-19 )", "negation": "affirmed", "UMLS": "", "start": 126, "end": 151}], "Intervention": [{"term": "angiotensin-converting enzyme 2 ( ACE2 )", "negation": "affirmed", "UMLS": "", "start": 45, "end": 85}], "Outcome": [{"term": "severe risk factors", "negation": "affirmed", "UMLS": "", "start": 90, "end": 109}]}, "Evidence Propositions": [{"Intervention": "angiotensin-converting enzyme 2 ( ACE2 )", "Observation": "correlation", "Outcome": "severe risk factors", "Count": ""}]}, {"Section": "RESULTS", "Text": "ACE2 is a crucial component of the renin-angiotensin system ( RAS ) .", "Evidence Elements": {"Participant": [], "Intervention": [], "Outcome": []}, "Evidence Propositions": []}, {"Section": "RESULTS", "Text": "The classical RAS ACE-Ang II-AT1R regulatory axis and the ACE2-Ang 1-7-MasR counter-regulatory axis play an essential role in maintaining homeostasis in humans .", "Evidence Elements": {"Participant": [], "Intervention": [], "Outcome": []}, "Evidence Propositions": []}, {"Section": "RESULTS", "Text": "ACE2 is widely distributed in the heart , kidneys , lungs , and testes .", "Evidence Elements": {"Participant": [], "Intervention": [], "Outcome": []}, "Evidence Propositions": []}, {"Section": "RESULTS", "Text": "ACE2 antagonizes the activation of the classical RAS system and protects against organ damage , protecting against hypertension , diabetes , and cardiovascular disease .", "Evidence Elements": {"Participant": [], "Intervention": [], "Outcome": []}, "Evidence Propositions": []}, {"Section": "RESULTS", "Text": "Similar to SARS-CoV , SARS-CoV-2 also uses the ACE2 receptor to invade human alveolar epithelial cells .", "Evidence Elements": {"Participant": [], "Intervention": [], "Outcome": []}, "Evidence Propositions": []}, {"Section": "RESULTS", "Text": "Acute respiratory distress syndrome ( ARDS ) is a clinical high-mortality disease , and ACE2 has a protective effect on this type of acute lung injury .", "Evidence Elements": {"Participant": [], "Intervention": [], "Outcome": []}, "Evidence Propositions": []}, {"Section": "RESULTS", "Text": "Current research shows that the poor prognosis of patients with COVID-19 is related to factors such as sex ( male ) , age ( > 60 years ) , underlying diseases ( hypertension , diabetes , and cardiovascular disease ) , secondary ARDS , and other relevant factors .", "Evidence Elements": {"Participant": [], "Intervention": [], "Outcome": []}, "Evidence Propositions": []}, {"Section": "RESULTS", "Text": "Because of these protective effects of ACE2 on chronic underlying diseases and ARDS , the development of spike protein-based vaccine and drugs enhancing ACE2 activity may become one of the most promising approaches for the treatment of COVID-19 in the future .", "Evidence Elements": {"Participant": [], "Intervention": [], "Outcome": []}, "Evidence Propositions": []}, {"Section": "RESULTS", "Text": "ACE2 plays an important role in renin-angiotensin system and homeostasis .", "Evidence Elements": {"Participant": [], "Intervention": [], "Outcome": []}, "Evidence Propositions": []}, {"Section": "RESULTS", "Text": "ACE2 has a protective effect on acute lung injury and for the COVID-19 patients with underlying diseases .", "Evidence Elements": {"Participant": [{"term": "COVID-19", "negation": "affirmed", "UMLS": "", "start": 62, "end": 70}, {"term": "underlying diseases", "negation": "affirmed", "UMLS": "", "start": 85, "end": 104}], "Intervention": [{"term": "ACE2", "negation": "affirmed", "UMLS": "", "start": 0, "end": 4}], "Outcome": [{"term": "acute lung injury", "negation": "affirmed", "UMLS": "", "start": 32, "end": 49}]}, "Evidence Propositions": [{"Intervention": "ACE2", "Observation": "protective effect", "Outcome": "acute lung injury", "Count": ""}]}, {"Section": "CONCLUSIONS", "Text": "The development of spike protein-based vaccine and drugs enhancing ACE2 activity may become one of the most promising approaches for the treatment of COVID-19 .", "Evidence Elements": {"Participant": [], "Intervention": [], "Outcome": []}, "Evidence Propositions": []}]}