{"doc_id": "32220033", "type of study": "Therapy", "title": "", "abstract": "At present, the severity of patients infected with severe acute respiratory syndrome coronavirus 2 (SARS-CoV-2) has been a focal point.\nTo assess the factors associated with severity and prognosis of patients infected with SARS-CoV-2, we retrospectively investigated the clinical, imaging and laboratory characteristics of confirmed 280 cases of novel coronavirus disease (COVID-19) from 20 January to 20 February 2020.\nThe median age of patients in the mild group was 37.55 years, whilst that in the severe group was 63.04 years.\nThe proportion of patients aged over 65 years in the severe group was significantly higher than that of the mild group (59.04% vs. 10.15%, P < 0.05).\n85.54% of severe patients had diabetes or cardiovascular diseases, which was significantly higher than that of the mild group (51.81% vs. 7.11%, P = 0.025; 33.73% vs. 3.05%, P = 0.042).\nPatients in the mild group experienced earlier initiation of antiviral treatment (1.19 +- 0.45 vs. 2.65 +- 1.06 days in the severe group, P < 0.001).\nOur study showed that comorbidity, time from illness onset to antiviral treatment and age >=65 were three major risk factors for COVID-19 progression, whilst comorbidity and time from illness onset to antiviral treatment were two major risk factors for COVID-19 recovery.\nThe elderly and patients with underlying diseases are more likely to experience a severe progression of COVID-19.\nIt is recommended that timely antiviral treatment should be initiated to slow the disease progression and improve the prognosis.\n", "Evidence Map": {"Enrollment": [{"term": "SARS-CoV-2", "negation": "affirmed", "UMLS": "", "start": 87, "end": 97}, {"term": "novel coronavirus disease ( COVID-19 )", "negation": "affirmed", "UMLS": "", "start": 212, "end": 250}, {"term": "severe", "negation": "affirmed", "UMLS": "", "start": 11, "end": 17}, {"term": "diabetes", "negation": "affirmed", "UMLS": "", "start": 31, "end": 39}, {"term": "cardiovascular diseases", "negation": "affirmed", "UMLS": "", "start": 43, "end": 66}, {"term": "> =65", "negation": "affirmed", "UMLS": "", "start": 91, "end": 96}], "Comparison Results": [], "Study Arm 1 Results": [], "Study Arm 2 Results": []}, "Sentence-level breakdown": [{"Section": "TITLE", "Text": "At present , the severity of patients infected with severe acute respiratory syndrome coronavirus 2 ( SARS-CoV-2 ) has been a focal point .", "Evidence Elements": {"Participant": [], "Intervention": [], "Outcome": []}, "Evidence Propositions": []}, {"Section": "METHODS", "Text": "To assess the factors associated with severity and prognosis of patients infected with SARS-CoV-2 , we retrospectively investigated the clinical , imaging and laboratory characteristics of confirmed 280 cases of novel coronavirus disease ( COVID-19 ) from 20 January to 20 February 2020 .", "Evidence Elements": {"Participant": [{"term": "SARS-CoV-2", "negation": "affirmed", "UMLS": "", "start": 87, "end": 97}, {"term": "novel coronavirus disease ( COVID-19 )", "negation": "affirmed", "UMLS": "", "start": 212, "end": 250}], "Intervention": [], "Outcome": [{"term": "severity and prognosis", "negation": "affirmed", "UMLS": "", "start": 38, "end": 60}, {"term": "clinical , imaging and laboratory characteristics", "negation": "affirmed", "UMLS": "", "start": 136, "end": 185}]}, "Evidence Propositions": []}, {"Section": "RESULTS", "Text": "The median age of patients in the mild group was 37.55 years , whilst that in the severe group was 63.04 years .", "Evidence Elements": {"Participant": [], "Intervention": [{"term": "mild", "negation": "affirmed", "UMLS": "", "start": 34, "end": 38}, {"term": "severe", "negation": "affirmed", "UMLS": "", "start": 82, "end": 88}], "Outcome": []}, "Evidence Propositions": []}, {"Section": "RESULTS", "Text": "The proportion of patients aged over 65 years in the severe group was significantly higher than that of the mild group ( 59.04 % vs . 10.15 % , P < 0.05 ) .", "Evidence Elements": {"Participant": [], "Intervention": [{"term": "severe", "negation": "affirmed", "UMLS": "", "start": 53, "end": 59}, {"term": "mild", "negation": "affirmed", "UMLS": "", "start": 108, "end": 112}], "Outcome": [{"term": "proportion of patients aged over 65 years", "negation": "affirmed", "UMLS": "", "start": 4, "end": 45}]}, "Evidence Propositions": [{"Intervention": ["severe", "mild"], "Observation": "significantly higher", "Outcome": "proportion of patients aged over 65 years", "Count": ""}, {"Intervention": "severe", "Observation": "59.04 %", "Outcome": "proportion of patients aged over 65 years", "Count": ""}, {"Intervention": "mild", "Observation": "10.15", "Outcome": "proportion of patients aged over 65 years", "Count": ""}]}, {"Section": "RESULTS", "Text": "85.54 % of severe patients had diabetes or cardiovascular diseases , which was significantly higher than that of the mild group ( 51.81 % vs . 7.11 % , P = 0.025 ; 33.73 % vs . 3.05 % , P = 0.042 ) .", "Evidence Elements": {"Participant": [{"term": "severe", "negation": "affirmed", "UMLS": "", "start": 11, "end": 17}, {"term": "diabetes", "negation": "affirmed", "UMLS": "", "start": 31, "end": 39}, {"term": "cardiovascular diseases", "negation": "affirmed", "UMLS": "", "start": 43, "end": 66}], "Intervention": [{"term": "mild", "negation": "affirmed", "UMLS": "", "start": 117, "end": 121}], "Outcome": []}, "Evidence Propositions": [{"Intervention": ["mild"], "Observation": "significantly higher", "Outcome": "", "Count": ""}]}, {"Section": "RESULTS", "Text": "Patients in the mild group experienced earlier initiation of antiviral treatment ( 1.19 +-0.45 vs . 2.65 +-1.06 days in the severe group , P < 0.001 ) .", "Evidence Elements": {"Participant": [], "Intervention": [{"term": "mild", "negation": "affirmed", "UMLS": "", "start": 16, "end": 20}, {"term": "severe", "negation": "affirmed", "UMLS": "", "start": 124, "end": 130}], "Outcome": [{"term": "initiation of antiviral treatment", "negation": "affirmed", "UMLS": "", "start": 47, "end": 80}]}, "Evidence Propositions": [{"Intervention": [], "Observation": "earlier", "Outcome": "", "Count": ""}]}, {"Section": "CONCLUSIONS", "Text": "Our study showed that comorbidity , time from illness onset to antiviral treatment and age > =65 were three major risk factors for COVID-19 progression , whilst comorbidity and time from illness onset to antiviral treatment were two major risk factors for COVID-19 recovery .", "Evidence Elements": {"Participant": [{"term": "> =65", "negation": "affirmed", "UMLS": "", "start": 91, "end": 96}], "Intervention": [{"term": "comorbidity", "negation": "affirmed", "UMLS": "", "start": 22, "end": 33}, {"term": "time from illness onset to antiviral treatment", "negation": "affirmed", "UMLS": "", "start": 36, "end": 82}, {"term": "time from illness onset to antiviral treatment", "negation": "affirmed", "UMLS": "", "start": 36, "end": 82}], "Outcome": [{"term": "COVID-19 progression", "negation": "affirmed", "UMLS": "", "start": 131, "end": 151}, {"term": "comorbidity", "negation": "affirmed", "UMLS": "", "start": 22, "end": 33}]}, "Evidence Propositions": [{"Intervention": "comorbidity", "Observation": "factors", "Outcome": "COVID-19 progression", "Count": ""}, {"Intervention": "time from illness onset to antiviral treatment", "Observation": "factors", "Outcome": "COVID-19 progression", "Count": ""}, {"Intervention": "comorbidity", "Observation": "major risk factors", "Outcome": "comorbidity", "Count": ""}, {"Intervention": "time from illness onset to antiviral treatment", "Observation": "major risk factors", "Outcome": "comorbidity", "Count": ""}, {"Intervention": "time from illness onset to antiviral treatment", "Observation": "major risk factors", "Outcome": "comorbidity", "Count": ""}]}, {"Section": "CONCLUSIONS", "Text": "The elderly and patients with underlying diseases are more likely to experience a severe progression of COVID-19 .", "Evidence Elements": {"Participant": [], "Intervention": [], "Outcome": []}, "Evidence Propositions": []}, {"Section": "CONCLUSIONS", "Text": "It is recommended that timely antiviral treatment should be initiated to slow the disease progression and improve the prognosis .", "Evidence Elements": {"Participant": [], "Intervention": [], "Outcome": []}, "Evidence Propositions": []}]}