{"doc_id": "32228827", "type of study": "Therapy", "title": "", "abstract": "Objective: Present study investigated the mechanism of heart failure associated with coronavirus infection and predicted potential effective therapeutic drugs against heart failure associated with coronavirus infection.\nMethods: Coronavirus and heart failure were searched in the Gene Expression Omnibus (GEO) and omics data were selected to meet experimental requirements.\nDifferentially expressed genes were analyzed using the Limma package in R language to screen for differentially expressed genes.\nThe two sets of differential genes were introduced into the R language cluster Profiler package for gene ontology (GO) and Kyoto gene and genome encyclopedia (KEGG) pathway enrichment analysis.\nTwo sets of intersections were taken.\nA protein interaction network was constructed for all differentially expressed genes using STRING database and core genes were screened.\nFinally, the apparently accurate treatment prediction platform (EpiMed) independently developed by the team was used to predict the therapeutic drug.\nResults: The GSE59185 coronavirus data set was searched and screened in the GEO database, and divided into wt group, DeltaE group, Delta3 group, Delta5 group according to different subtypes, and compared with control group.\nAfter the difference analysis, 191 up-regulated genes and 18 down-regulated genes were defined.\nThe GEO126062 heart failure data set was retrieved and screened from the GEO database.\nA total of 495 differentially expressed genes were screened, of which 165 were up-regulated and 330 were down-regulated.\nCorrelation analysis of differentially expressed genes between coronavirus and heart failure was performed.\nAfter cross processing, there were 20 GO entries, which were mainly enriched in virus response, virus defense response, type I interferon response, gamma interferon regulation, innate immune response regulation, negative regulation of virus life cycle, replication regulation of viral genome, etc.\nThere were 5 KEGG pathways, mainly interacting with tumor necrosis factor (TNF) signaling pathway, interleukin (IL)-17 signaling pathway, cytokine and receptor interaction, Toll-like receptor signaling pathway, human giant cells viral infection related.\nAll differentially expressed genes were introduced into the STRING online analysis website for protein interaction network analysis, and core genes such as signal transducer and activator of transcription 3, IL-10, IL17, TNF, interferon regulatory factor 9, 2'-5'-oligoadenylate synthetase 1, mitogen-activated protein kinase 3, radical s-adenosyl methionine domain containing 2, c-x-c motif chemokine ligand 10, caspase 3 and other genes were screened.\nThe drugs predicted by EpiMed's apparent precision treatment prediction platform for disease-drug association analysis were mainly TNF-alpha inhibitors, resveratrol, ritonavir, paeony, retinoic acid, forsythia, and houttuynia cordata.\nConclusions: The abnormal activation of multiple inflammatory pathways may be the cause of heart failure in patients after coronavirus infection.\nResveratrol, ritonavir, retinoic acid, amaranth, forsythia, houttuynia may have therapeutic effects.\nFuture basic and clinical research is warranted to validate present results and hypothesis.\n", "Evidence Map": {"Enrollment": [{"term": "coronavirus infection", "negation": "affirmed", "UMLS": "", "start": 86, "end": 107}, {"term": "coronavirus", "negation": "affirmed", "UMLS": "", "start": 86, "end": 97}, {"term": "Coronavirus", "negation": "affirmed", "UMLS": "", "start": 10, "end": 21}, {"term": "heart failure", "negation": "affirmed", "UMLS": "", "start": 26, "end": 39}, {"term": "heart failure", "negation": "affirmed", "UMLS": "", "start": 79, "end": 92}, {"term": "association", "negation": "affirmed", "UMLS": "", "start": 99, "end": 110}, {"term": "heart failure", "negation": "affirmed", "UMLS": "", "start": 92, "end": 105}, {"term": "coronavirus", "negation": "affirmed", "UMLS": "", "start": 124, "end": 135}], "Comparison Results": [], "Study Arm 1 Results": [], "Study Arm 2 Results": []}, "Sentence-level breakdown": [{"Section": "TITLE", "Text": "Objective : Present study investigated the mechanism of heart failure associated with coronavirus infection and predicted potential effective therapeutic drugs against heart failure associated with coronavirus infection .", "Evidence Elements": {"Participant": [{"term": "coronavirus infection", "negation": "affirmed", "UMLS": "", "start": 86, "end": 107}, {"term": "coronavirus", "negation": "affirmed", "UMLS": "", "start": 86, "end": 97}], "Intervention": [], "Outcome": [{"term": "heart failure", "negation": "affirmed", "UMLS": "", "start": 56, "end": 69}, {"term": "effective", "negation": "affirmed", "UMLS": "", "start": 132, "end": 141}, {"term": "therapeutic drugs", "negation": "affirmed", "UMLS": "", "start": 142, "end": 159}, {"term": "heart failure", "negation": "affirmed", "UMLS": "", "start": 56, "end": 69}]}, "Evidence Propositions": []}, {"Section": "METHODS", "Text": "Methods : Coronavirus and heart failure were searched in the Gene Expression Omnibus ( GEO ) and omics data were selected to meet experimental requirements .", "Evidence Elements": {"Participant": [{"term": "Coronavirus", "negation": "affirmed", "UMLS": "", "start": 10, "end": 21}, {"term": "heart failure", "negation": "affirmed", "UMLS": "", "start": 26, "end": 39}], "Intervention": [], "Outcome": []}, "Evidence Propositions": []}, {"Section": "METHODS", "Text": "Differentially expressed genes were analyzed using the Limma package in R language to screen for differentially expressed genes .", "Evidence Elements": {"Participant": [], "Intervention": [], "Outcome": [{"term": "Differentially expressed genes", "negation": "affirmed", "UMLS": "", "start": 0, "end": 30}]}, "Evidence Propositions": []}, {"Section": "METHODS", "Text": "The two sets of differential genes were introduced into the R language cluster Profiler package for gene ontology ( GO ) and Kyoto gene and genome encyclopedia ( KEGG ) pathway enrichment analysis .", "Evidence Elements": {"Participant": [], "Intervention": [], "Outcome": []}, "Evidence Propositions": []}, {"Section": "METHODS", "Text": "Two sets of intersections were taken .", "Evidence Elements": {"Participant": [], "Intervention": [], "Outcome": []}, "Evidence Propositions": []}, {"Section": "METHODS", "Text": "A protein interaction network was constructed for all differentially expressed genes using STRING database and core genes were screened .", "Evidence Elements": {"Participant": [], "Intervention": [], "Outcome": [{"term": "protein interaction network", "negation": "affirmed", "UMLS": "", "start": 2, "end": 29}]}, "Evidence Propositions": []}, {"Section": "METHODS", "Text": "Finally , the apparently accurate treatment prediction platform ( EpiMed ) independently developed by the team was used to predict the therapeutic drug .", "Evidence Elements": {"Participant": [], "Intervention": [], "Outcome": [{"term": "treatment", "negation": "affirmed", "UMLS": "", "start": 34, "end": 43}]}, "Evidence Propositions": []}, {"Section": "METHODS", "Text": "Results : The GSE59185 coronavirus data set was searched and screened in the GEO database , and divided into wt group , DeltaE group , Delta3 group , Delta5 group according to different subtypes , and compared with control group .", "Evidence Elements": {"Participant": [], "Intervention": [{"term": "wt", "negation": "affirmed", "UMLS": "", "start": 109, "end": 111}, {"term": "DeltaE", "negation": "affirmed", "UMLS": "", "start": 120, "end": 126}, {"term": "Delta3", "negation": "affirmed", "UMLS": "", "start": 135, "end": 141}, {"term": "Delta5", "negation": "affirmed", "UMLS": "", "start": 150, "end": 156}], "Outcome": []}, "Evidence Propositions": []}, {"Section": "RESULTS", "Text": "After the difference analysis , 191 up-regulated genes and 18 down-regulated genes were defined .", "Evidence Elements": {"Participant": [], "Intervention": [], "Outcome": [{"term": "up-regulated genes", "negation": "affirmed", "UMLS": "", "start": 36, "end": 54}, {"term": "down-regulated genes", "negation": "affirmed", "UMLS": "", "start": 62, "end": 82}]}, "Evidence Propositions": []}, {"Section": "RESULTS", "Text": "The GEO126062 heart failure data set was retrieved and screened from the GEO database .", "Evidence Elements": {"Participant": [], "Intervention": [], "Outcome": []}, "Evidence Propositions": []}, {"Section": "RESULTS", "Text": "A total of 495 differentially expressed genes were screened , of which 165 were up-regulated and 330 were down-regulated .", "Evidence Elements": {"Participant": [], "Intervention": [{"term": "up-regulated", "negation": "affirmed", "UMLS": "", "start": 80, "end": 92}], "Outcome": []}, "Evidence Propositions": []}, {"Section": "RESULTS", "Text": "Correlation analysis of differentially expressed genes between coronavirus and heart failure was performed .", "Evidence Elements": {"Participant": [{"term": "heart failure", "negation": "affirmed", "UMLS": "", "start": 79, "end": 92}], "Intervention": [{"term": "coronavirus", "negation": "affirmed", "UMLS": "", "start": 63, "end": 74}], "Outcome": []}, "Evidence Propositions": []}, {"Section": "RESULTS", "Text": "After cross processing , there were 20 GO entries , which were mainly enriched in virus response , virus defense response , type I interferon response , gamma interferon regulation , innate immune response regulation , negative regulation of virus life cycle , replication regulation of viral genome , etc .", "Evidence Elements": {"Participant": [], "Intervention": [], "Outcome": [{"term": "virus response", "negation": "affirmed", "UMLS": "", "start": 82, "end": 96}, {"term": "virus defense response", "negation": "affirmed", "UMLS": "", "start": 99, "end": 121}, {"term": "type I interferon response", "negation": "affirmed", "UMLS": "", "start": 124, "end": 150}, {"term": "gamma interferon regulation", "negation": "affirmed", "UMLS": "", "start": 153, "end": 180}, {"term": "innate immune response regulation", "negation": "affirmed", "UMLS": "", "start": 183, "end": 216}, {"term": "negative regulation of virus life", "negation": "affirmed", "UMLS": "", "start": 219, "end": 252}]}, "Evidence Propositions": []}, {"Section": "RESULTS", "Text": "There were 5 KEGG pathways , mainly interacting with tumor necrosis factor ( TNF ) signaling pathway , interleukin ( IL ) -17 signaling pathway , cytokine and receptor interaction , Toll-like receptor signaling pathway , human giant cells viral infection related .", "Evidence Elements": {"Participant": [], "Intervention": [], "Outcome": [{"term": "interleukin ( IL ) -17 signaling pathway", "negation": "affirmed", "UMLS": "", "start": 103, "end": 143}, {"term": "cytokine and receptor interaction", "negation": "affirmed", "UMLS": "", "start": 146, "end": 179}, {"term": "Toll-like", "negation": "affirmed", "UMLS": "", "start": 182, "end": 191}]}, "Evidence Propositions": []}, {"Section": "RESULTS", "Text": "All differentially expressed genes were introduced into the STRING online analysis website for protein interaction network analysis , and core genes such as signal transducer and activator of transcription 3 , IL-10 , IL17 , TNF , interferon regulatory factor 9 , 2 '-5'-oligoadenylate synthetase 1 , mitogen-activated protein kinase 3 , radical s-adenosyl methionine domain containing 2 , c-x-c motif chemokine ligand 10 , caspase 3 and other genes were screened .", "Evidence Elements": {"Participant": [], "Intervention": [], "Outcome": [{"term": "protein interaction network", "negation": "affirmed", "UMLS": "", "start": 95, "end": 122}, {"term": "signal transducer and activator of transcription 3", "negation": "affirmed", "UMLS": "", "start": 157, "end": 207}, {"term": "IL-10", "negation": "affirmed", "UMLS": "", "start": 210, "end": 215}, {"term": "IL17", "negation": "affirmed", "UMLS": "", "start": 218, "end": 222}, {"term": "TNF", "negation": "affirmed", "UMLS": "", "start": 225, "end": 228}, {"term": "interferon regulatory factor 9", "negation": "affirmed", "UMLS": "", "start": 231, "end": 261}, {"term": "2 '-5'-oligoadenylate synthetase 1", "negation": "affirmed", "UMLS": "", "start": 264, "end": 298}, {"term": "mitogen-activated protein kinase 3", "negation": "affirmed", "UMLS": "", "start": 301, "end": 335}, {"term": "radical s-adenosyl methionine domain containing 2", "negation": "affirmed", "UMLS": "", "start": 338, "end": 387}, {"term": "c-x-c motif", "negation": "affirmed", "UMLS": "", "start": 390, "end": 401}]}, "Evidence Propositions": []}, {"Section": "RESULTS", "Text": "The drugs predicted by EpiMed 's apparent precision treatment prediction platform for disease-drug association analysis were mainly TNF-alpha inhibitors , resveratrol , ritonavir , paeony , retinoic acid , forsythia , and houttuynia cordata .", "Evidence Elements": {"Participant": [{"term": "association", "negation": "affirmed", "UMLS": "", "start": 99, "end": 110}], "Intervention": [{"term": "TNF-alpha inhibitors", "negation": "affirmed", "UMLS": "", "start": 132, "end": 152}, {"term": "resveratrol", "negation": "affirmed", "UMLS": "", "start": 155, "end": 166}, {"term": "ritonavir", "negation": "affirmed", "UMLS": "", "start": 169, "end": 178}, {"term": "paeony", "negation": "affirmed", "UMLS": "", "start": 181, "end": 187}, {"term": "retinoic", "negation": "affirmed", "UMLS": "", "start": 190, "end": 198}], "Outcome": []}, "Evidence Propositions": []}, {"Section": "CONCLUSIONS", "Text": "Conclusions : The abnormal activation of multiple inflammatory pathways may be the cause of heart failure in patients after coronavirus infection .", "Evidence Elements": {"Participant": [{"term": "heart failure", "negation": "affirmed", "UMLS": "", "start": 92, "end": 105}, {"term": "coronavirus", "negation": "affirmed", "UMLS": "", "start": 124, "end": 135}], "Intervention": [], "Outcome": [{"term": "activation of multiple inflammatory pathways", "negation": "affirmed", "UMLS": "", "start": 27, "end": 71}]}, "Evidence Propositions": []}, {"Section": "CONCLUSIONS", "Text": "Resveratrol , ritonavir , retinoic acid , amaranth , forsythia , houttuynia may have therapeutic effects .", "Evidence Elements": {"Participant": [], "Intervention": [], "Outcome": []}, "Evidence Propositions": []}, {"Section": "CONCLUSIONS", "Text": "Future basic and clinical research is warranted to validate present results and hypothesis .", "Evidence Elements": {"Participant": [], "Intervention": [], "Outcome": []}, "Evidence Propositions": []}]}