{"doc_id": "32229705", "type of study": "Therapy", "title": "", "abstract": "The recently identified SARS-CoV-2 betacoronavirus responsible for the COVID-19 pandemic has uncovered the age-associated vulnerability in the burden of disease and put aging research in the spotlight.\nThe limited data available indicates that COVID-19 should be referred to as a gerolavic (from Greek, geros \"old man\" and epilavis, \"harmful\") infection because the infection rates, severity, and lethality are substantially higher in the population aged 60 and older.\nThis is primarily due to comorbidity but may be partially due to immunosenescence, decreased immune function in the elderly, and general loss of function, fitness, and increased frailty associated with aging.\nImmunosenescence is a major factor affecting vaccination response, as well as the severity and lethality of infectious diseases.\nWhile vaccination reduces infection rates, and therapeutic interventions reduce the severity and lethality of infections, these interventions have limitations.\nPrevious studies showed that postulated geroprotectors, such as sirolimus (rapamycin) and its close derivative rapalog everolimus (RAD001), decreased infection rates in a small sample of elderly patients.\nThis article presents a review of the limited literature available on geroprotective and senoremediative interventions that may be investigated to decrease the disease burden of gerolavic infections.\nThis article also highlights a need for rigorous clinical validation of deep aging clocks as surrogate markers of biological age.\nThese could be used to assess the need for, and efficacy of, geroprotective and senoremediative interventions and provide better protection for elderly populations from gerolavic infections.\nThis article does not represent medical advice and the medications described are not yet licensed or recommended as immune system boosters, as they have not undergone clinical evaluation for this purpose.\n", "Evidence Map": {"Enrollment": [{"term": "elderly populations", "negation": "affirmed", "UMLS": "", "start": 146, "end": 165}], "Comparison Results": [], "Study Arm 1 Results": [], "Study Arm 2 Results": []}, "Sentence-level breakdown": [{"Section": "TITLE", "Text": "The recently identified SARS-CoV-2 betacoronavirus responsible for the COVID-19 pandemic has uncovered the age-associated vulnerability in the burden of disease and put aging research in the spotlight .", "Evidence Elements": {"Participant": [], "Intervention": [], "Outcome": []}, "Evidence Propositions": []}, {"Section": "OBJECTIVE", "Text": "This article presents a review of the limited literature available on geroprotective and senoremediative interventions that may be investigated to decrease the disease burden of gerolavic infections .", "Evidence Elements": {"Participant": [], "Intervention": [], "Outcome": []}, "Evidence Propositions": []}, {"Section": "OBJECTIVE", "Text": "This article also highlights a need for rigorous clinical validation of deep aging clocks as surrogate markers of biological age .", "Evidence Elements": {"Participant": [], "Intervention": [], "Outcome": []}, "Evidence Propositions": []}, {"Section": "OBJECTIVE", "Text": "These could be used to assess the need for , and efficacy of , geroprotective and senoremediative interventions and provide better protection for elderly populations from gerolavic infections .", "Evidence Elements": {"Participant": [{"term": "elderly populations", "negation": "affirmed", "UMLS": "", "start": 146, "end": 165}], "Intervention": [], "Outcome": []}, "Evidence Propositions": []}, {"Section": "CONCLUSIONS", "Text": "This article does not represent medical advice and the medications described are not yet licensed or recommended as immune system boosters , as they have not undergone clinical evaluation for this purpose .", "Evidence Elements": {"Participant": [], "Intervention": [], "Outcome": []}, "Evidence Propositions": []}]}