{"doc_id": "32228825", "type of study": "Therapy", "title": "", "abstract": "SARS-CoV-2, also referred to as CoV-19, is an RNA virus which can cause severe acute respiratory diseases (COVID-19), with serious infection of the lower respiratory tract followed by bronchitis, pneumonia and fibrosis.\nThe severity of the disease depends on the efficiency of the immune system which, if it is weak, cannot stem the infection and its symptoms.\nThe new CoV-19 spreads in the population at a rate of 0.8-3% more than normal flu and mostly affects men, since immune genes are more expressed on the X chromosome.\nIf CoV-19 would spread with a higher incidence rate (over 10%), and affect the people who live in closed communities such as islands, it would cause many more deaths.\nMoreover, people from the poorest classes are most at risk because of lack of health care and should be given more assistance by the competent authorities.\nTo avoid the aggravation of CoV-19 infection, and the collapse of the health system, individuals should remain at home in quarantine for a period of approximately one month in order to limit viral transmission.\nIn the case of a pandemic, the severe shortage of respirators and protective clothing, due to the enormous demand and insufficient production, could lead the CoV-19 to kill a large number of individuals.\nAt present, there is no drug capable of treating CoV-19 flu, the only therapeutic remedies are those aimed at the side effects caused by the virus, such as inflammation and pulmonary fibrosis, recognized as the first causes of death.\nOne of the COVID-19 treatments involves inhaling a mixture of gaseous hydrogen and oxygen, obtaining better results than with oxygen alone.\nIt was also noted that individuals vaccinated for viral and/or bacterial infectious diseases were less likely to become infected.\nIn addition, germicidal UV radiation \"breaks down\" the oxygen O2 which then aggregate into O3 (ozone) molecules creating the ozone layer, capable of inhibiting viral replication and improving lung respiration.\nAll these precautions should be taken into consideration to lower the risk of infection by CoV-19.\nNew anti-viral therapies with new drugs should also be taken into consideration.\nFor example, microbes are known to bind TLR, inducing IL-1, a pleiotropic cytokine, highly inflammatory, mediator of fever and fibrosis.\nTherefore, drugs that suppress IL-1 or IL-1R, also used for the treatment of rheumatoid arthritis are to be taken into consideration to treat COVID-19.\nWe strongly believe that all these devices described above can lead to greater survival and.\ntherefore, reduction in mortality in patients infected with CoV-19.\n", "Evidence Map": {"Enrollment": [{"term": "men", "negation": "affirmed", "UMLS": "", "start": 102, "end": 105}, {"term": "vaccinated", "negation": "affirmed", "UMLS": "", "start": 35, "end": 45}, {"term": "viral", "negation": "affirmed", "UMLS": "", "start": 50, "end": 55}, {"term": "or bacterial infectious diseases", "negation": "affirmed", "UMLS": "", "start": 62, "end": 94}], "Comparison Results": [], "Study Arm 1 Results": [], "Study Arm 2 Results": []}, "Sentence-level breakdown": [{"Section": "TITLE", "Text": "SARS-CoV-2 , also referred to as CoV-19 , is an RNA virus which can cause severe acute respiratory diseases ( COVID-19 ) , with serious infection of the lower respiratory tract followed by bronchitis , pneumonia and fibrosis .", "Evidence Elements": {"Participant": [], "Intervention": [], "Outcome": []}, "Evidence Propositions": []}, {"Section": "RESULTS", "Text": "To avoid the aggravation of CoV-19 infection , and the collapse of the health system , individuals should remain at home in quarantine for a period of approximately one month in order to limit viral transmission .", "Evidence Elements": {"Participant": [], "Intervention": [], "Outcome": []}, "Evidence Propositions": []}, {"Section": "RESULTS", "Text": "In the case of a pandemic , the severe shortage of respirators and protective clothing , due to the enormous demand and insufficient production , could lead the CoV-19 to kill a large number of individuals .", "Evidence Elements": {"Participant": [], "Intervention": [], "Outcome": []}, "Evidence Propositions": []}, {"Section": "RESULTS", "Text": "At present , there is no drug capable of treating CoV-19 flu , the only therapeutic remedies are those aimed at the side effects caused by the virus , such as inflammation and pulmonary fibrosis , recognized as the first causes of death .", "Evidence Elements": {"Participant": [], "Intervention": [], "Outcome": []}, "Evidence Propositions": []}, {"Section": "RESULTS", "Text": "One of the COVID-19 treatments involves inhaling a mixture of gaseous hydrogen and oxygen , obtaining better results than with oxygen alone .", "Evidence Elements": {"Participant": [], "Intervention": [], "Outcome": []}, "Evidence Propositions": []}, {"Section": "RESULTS", "Text": "It was also noted that individuals vaccinated for viral and / or bacterial infectious diseases were less likely to become infected .", "Evidence Elements": {"Participant": [{"term": "vaccinated", "negation": "affirmed", "UMLS": "", "start": 35, "end": 45}, {"term": "viral", "negation": "affirmed", "UMLS": "", "start": 50, "end": 55}, {"term": "or bacterial infectious diseases", "negation": "affirmed", "UMLS": "", "start": 62, "end": 94}], "Intervention": [], "Outcome": [{"term": "infected", "negation": "affirmed", "UMLS": "", "start": 122, "end": 130}]}, "Evidence Propositions": [{"Intervention": [], "Observation": "less likely", "Outcome": "infected", "Count": ""}]}, {"Section": "RESULTS", "Text": "In addition , germicidal UV radiation \" breaks down \" the oxygen O2 which then aggregate into O3 ( ozone ) molecules creating the ozone layer , capable of inhibiting viral replication and improving lung respiration .", "Evidence Elements": {"Participant": [], "Intervention": [], "Outcome": []}, "Evidence Propositions": []}, {"Section": "RESULTS", "Text": "All these precautions should be taken into consideration to lower the risk of infection by CoV-19 .", "Evidence Elements": {"Participant": [], "Intervention": [], "Outcome": []}, "Evidence Propositions": []}, {"Section": "RESULTS", "Text": "New anti-viral therapies with new drugs should also be taken into consideration .", "Evidence Elements": {"Participant": [], "Intervention": [], "Outcome": []}, "Evidence Propositions": []}, {"Section": "CONCLUSIONS", "Text": "For example , microbes are known to bind TLR , inducing IL-1 , a pleiotropic cytokine , highly inflammatory , mediator of fever and fibrosis .", "Evidence Elements": {"Participant": [], "Intervention": [], "Outcome": []}, "Evidence Propositions": []}, {"Section": "CONCLUSIONS", "Text": "Therefore , drugs that suppress IL-1 or IL-1R , also used for the treatment of rheumatoid arthritis are to be taken into consideration to treat COVID-19 .", "Evidence Elements": {"Participant": [], "Intervention": [], "Outcome": []}, "Evidence Propositions": []}, {"Section": "CONCLUSIONS", "Text": "We strongly believe that all these devices described above can lead to greater survival and .", "Evidence Elements": {"Participant": [], "Intervention": [{"term": "all these devices", "negation": "affirmed", "UMLS": "", "start": 25, "end": 42}], "Outcome": [{"term": "survival", "negation": "affirmed", "UMLS": "", "start": 79, "end": 87}]}, "Evidence Propositions": []}, {"Section": "CONCLUSIONS", "Text": "therefore , reduction in mortality in patients infected with CoV-19 .", "Evidence Elements": {"Participant": [], "Intervention": [], "Outcome": [{"term": "mortality", "negation": "affirmed", "UMLS": "", "start": 25, "end": 34}]}, "Evidence Propositions": []}]}