{"doc_id": "32227357", "type of study": "Therapy", "title": "", "abstract": "Corona virus disease (COVID-19) has created pandemic in the world as declared by WHO on March 12, 2020.\nIt is a viral disease caused by SARS-CoV 2 virus and has affected large populations in over 120 countries.\nThere is no specific treatment available and management is empirical.\nUntil such time that an effective vaccine is available for COVID-19 viral infection, one can repurpose known therapeutic drug molecules such as angiotensin receptor 2 blocker, a commonly used antihypertensive drug, to control COVID-19 virus from gaining entry into the host cell by blocking the angiotensin receptor.\nClinical trials should also be undertaken to use statins, which are lipid-lowering drugs but have anti-inflammatory and immunomodulatory properties to prevent acute lung injury in COVID-19 infection.\n", "Evidence Map": {"Enrollment": [], "Comparison Results": [], "Study Arm 1 Results": [], "Study Arm 2 Results": []}, "Sentence-level breakdown": [{"Section": "TITLE", "Text": "Corona virus disease ( COVID-19 ) has created pandemic in the world as declared by WHO on March 12 , 2020 .", "Evidence Elements": {"Participant": [], "Intervention": [], "Outcome": []}, "Evidence Propositions": []}, {"Section": "RESULTS", "Text": "It is a viral disease caused by SARS-CoV 2 virus and has affected large populations in over 120 countries .", "Evidence Elements": {"Participant": [], "Intervention": [], "Outcome": []}, "Evidence Propositions": []}, {"Section": "RESULTS", "Text": "There is no specific treatment available and management is empirical .", "Evidence Elements": {"Participant": [], "Intervention": [], "Outcome": []}, "Evidence Propositions": []}, {"Section": "RESULTS", "Text": "Until such time that an effective vaccine is available for COVID-19 viral infection , one can repurpose known therapeutic drug molecules such as angiotensin receptor 2 blocker , a commonly used antihypertensive drug , to control COVID-19 virus from gaining entry into the host cell by blocking the angiotensin receptor .", "Evidence Elements": {"Participant": [], "Intervention": [], "Outcome": []}, "Evidence Propositions": []}, {"Section": "CONCLUSIONS", "Text": "Clinical trials should also be undertaken to use statins , which are lipid-lowering drugs but have anti-inflammatory and immunomodulatory properties to prevent acute lung injury in COVID-19 infection .", "Evidence Elements": {"Participant": [], "Intervention": [], "Outcome": []}, "Evidence Propositions": []}]}