{"doc_id": "32226695", "type of study": "Therapy", "title": "", "abstract": "Effective treatments for Coronavirus Disease 2019 (COVID-19) outbreak are urgently needed.\nWhile anti-viral approaches and vaccines are being considered immediate countermeasures are unavailable.\nThe aim of this article is to outline a perspective on the pathophysiology of COVID-19 in the context of the currently available clinical data published in the literature.\nThis article appreciates clinical data published on COVID-19 in the context of another respiratory illness - high altitude pulmonary edema (HAPE).\nBoth conditions have significant similarities that portend pathophysiologic trajectories.\nFollowing this potential treatment options emerge.\nBoth COVID-19 and HAPE exhibit a decreased ratio of arterial oxygen partial pressure to fractional inspired oxygen with concomitant hypoxia and tachypnea.\nThere also appears to be a tendency for low carbon dioxide levels in both as well.\nRadiologic findings of ground glass opacities are present in up to 86% of patients with COVID-19 in addition to patchy infiltrates.\nPatients with HAPE also exhibit patchy infiltrates throughout the pulmonary fields, often in an asymmetric pattern and CT findings reveal increased lung markings and ground glass-like changes as well.\nWidespread ground-glass opacities are most commonly a manifestation of hydrostatic pulmonary edema.\nSimilarly, elevated fibrinogen levels in both conditions are likely an epiphenomenon of edema formation rather than coagulation activation.\nAutopsy results of a COVID-19 fatality revealed bilateral diffuse alveolar damage associated with pulmonary edema, pro-inflammatory concentrates, and indications of early-phase acute respiratory distress syndrome (ARDS).\nHAPE itself is initially caused by an increase in pulmonary capillary pressure and induces altered alveolar-capillary permeability via high pulmonary artery hydrostatic pressures that lead to a protein-rich and mildly hemorrhagic edema.\nIt appears that COVID-19 and HAPE both discretely converge on ARDS.\nIn light of this, a countermeasure that has been shown to be effective in the analogous condition of HAPE is Acetazolamide.\nAcetazolamide has a myriad of effects on different organ systems, potently reduces hypoxic pulmonary vasoconstriction, improves minute ventilation and expired vital capacity.\nOther therapeutics to consider that are also directed towards decreased pulmonary pressure include Nifedipine and Phosphodiesterase inhibitors.\nThis review describes COVID-19 in parallel to HAPE.\nDeranged respiratory parameters that are present in both conditions are highlighted.\nThe utilization of medications found to be effective in HAPE, for the treatment of COVID-19, is proposed.\nGiven the medical emergency of a growing contagion and the thousands of lives at stake, expedient attempts to improve survival are needed.\nAcetazolamide, Nifedipine and Phosphodiesterase inhibitors may be potential countermeasures.\n", "Evidence Map": {"Enrollment": [{"term": "COVID-19", "negation": "affirmed", "UMLS": "", "start": 78, "end": 86}, {"term": "COVID-19", "negation": "affirmed", "UMLS": "", "start": 52, "end": 60}, {"term": "respiratory illness-high altitude pulmonary edema ( HAPE )", "negation": "affirmed", "UMLS": "", "start": 87, "end": 145}, {"term": "COVID-19", "negation": "affirmed", "UMLS": "", "start": 89, "end": 97}, {"term": "HAPE", "negation": "affirmed", "UMLS": "", "start": 14, "end": 18}, {"term": "ARDS", "negation": "affirmed", "UMLS": "", "start": 62, "end": 66}], "Comparison Results": [], "Study Arm 1 Results": [], "Study Arm 2 Results": []}, "Sentence-level breakdown": [{"Section": "TITLE", "Text": "Effective treatments for Coronavirus Disease 2019 ( COVID-19 ) outbreak are urgently needed .", "Evidence Elements": {"Participant": [], "Intervention": [], "Outcome": []}, "Evidence Propositions": []}, {"Section": "OBJECTIVE", "Text": "The aim of this article is to outline a perspective on the pathophysiology of COVID-19 in the context of the currently available clinical data published in the literature .", "Evidence Elements": {"Participant": [{"term": "COVID-19", "negation": "affirmed", "UMLS": "", "start": 78, "end": 86}], "Intervention": [], "Outcome": [{"term": "pathophysiology", "negation": "affirmed", "UMLS": "", "start": 59, "end": 74}]}, "Evidence Propositions": []}, {"Section": "RESULTS", "Text": "This article appreciates clinical data published on COVID-19 in the context of another respiratory illness-high altitude pulmonary edema ( HAPE ) .", "Evidence Elements": {"Participant": [{"term": "COVID-19", "negation": "affirmed", "UMLS": "", "start": 52, "end": 60}, {"term": "respiratory illness-high altitude pulmonary edema ( HAPE )", "negation": "affirmed", "UMLS": "", "start": 87, "end": 145}], "Intervention": [], "Outcome": []}, "Evidence Propositions": []}, {"Section": "RESULTS", "Text": "Both conditions have significant similarities that portend pathophysiologic trajectories .", "Evidence Elements": {"Participant": [], "Intervention": [], "Outcome": []}, "Evidence Propositions": []}, {"Section": "RESULTS", "Text": "Following this potential treatment options emerge .", "Evidence Elements": {"Participant": [], "Intervention": [], "Outcome": []}, "Evidence Propositions": []}, {"Section": "RESULTS", "Text": "Both COVID-19 and HAPE exhibit a decreased ratio of arterial oxygen partial pressure to fractional inspired oxygen with concomitant hypoxia and tachypnea .", "Evidence Elements": {"Participant": [], "Intervention": [{"term": "COVID-19", "negation": "affirmed", "UMLS": "", "start": 5, "end": 13}, {"term": "HAPE", "negation": "affirmed", "UMLS": "", "start": 18, "end": 22}], "Outcome": [{"term": "ratio of arterial oxygen partial pressure to fractional inspired oxygen", "negation": "affirmed", "UMLS": "", "start": 43, "end": 114}, {"term": "concomitant hypoxia", "negation": "affirmed", "UMLS": "", "start": 120, "end": 139}, {"term": "tachypnea", "negation": "affirmed", "UMLS": "", "start": 144, "end": 153}]}, "Evidence Propositions": []}, {"Section": "RESULTS", "Text": "There also appears to be a tendency for low carbon dioxide levels in both as well .", "Evidence Elements": {"Participant": [], "Intervention": [{"term": "both as well", "negation": "affirmed", "UMLS": "", "start": 69, "end": 81}], "Outcome": [{"term": "low carbon dioxide levels", "negation": "affirmed", "UMLS": "", "start": 40, "end": 65}]}, "Evidence Propositions": []}, {"Section": "RESULTS", "Text": "Radiologic findings of ground glass opacities are present in up to 86 % of patients with COVID-19 in addition to patchy infiltrates .", "Evidence Elements": {"Participant": [{"term": "COVID-19", "negation": "affirmed", "UMLS": "", "start": 89, "end": 97}], "Intervention": [], "Outcome": [{"term": "Radiologic findings", "negation": "affirmed", "UMLS": "", "start": 0, "end": 19}, {"term": "ground glass opacities", "negation": "affirmed", "UMLS": "", "start": 23, "end": 45}]}, "Evidence Propositions": []}, {"Section": "RESULTS", "Text": "Patients with HAPE also exhibit patchy infiltrates throughout the pulmonary fields , often in an asymmetric pattern and CT findings reveal increased lung markings and ground glass-like changes as well .", "Evidence Elements": {"Participant": [{"term": "HAPE", "negation": "affirmed", "UMLS": "", "start": 14, "end": 18}], "Intervention": [], "Outcome": [{"term": "lung markings", "negation": "affirmed", "UMLS": "", "start": 149, "end": 162}, {"term": "ground glass-like changes", "negation": "affirmed", "UMLS": "", "start": 167, "end": 192}]}, "Evidence Propositions": []}, {"Section": "RESULTS", "Text": "Widespread ground-glass opacities are most commonly a manifestation of hydrostatic pulmonary edema .", "Evidence Elements": {"Participant": [], "Intervention": [], "Outcome": []}, "Evidence Propositions": []}, {"Section": "RESULTS", "Text": "Similarly , elevated fibrinogen levels in both conditions are likely an epiphenomenon of edema formation rather than coagulation activation .", "Evidence Elements": {"Participant": [], "Intervention": [{"term": "both conditions", "negation": "affirmed", "UMLS": "", "start": 42, "end": 57}], "Outcome": [{"term": "fibrinogen levels", "negation": "affirmed", "UMLS": "", "start": 21, "end": 38}]}, "Evidence Propositions": []}, {"Section": "RESULTS", "Text": "Autopsy results of a COVID-19 fatality revealed bilateral diffuse alveolar damage associated with pulmonary edema , pro-inflammatory concentrates , and indications of early-phase acute respiratory distress syndrome ( ARDS ) .", "Evidence Elements": {"Participant": [], "Intervention": [], "Outcome": [{"term": "bilateral diffuse alveolar damage associated", "negation": "affirmed", "UMLS": "", "start": 48, "end": 92}, {"term": "pulmonary edema", "negation": "affirmed", "UMLS": "", "start": 98, "end": 113}, {"term": "pro-inflammatory concentrates", "negation": "affirmed", "UMLS": "", "start": 116, "end": 145}, {"term": "indications", "negation": "affirmed", "UMLS": "", "start": 152, "end": 163}, {"term": "early-phase acute respiratory distress", "negation": "affirmed", "UMLS": "", "start": 167, "end": 205}]}, "Evidence Propositions": []}, {"Section": "RESULTS", "Text": "HAPE itself is initially caused by an increase in pulmonary capillary pressure and induces altered alveolar-capillary permeability via high pulmonary artery hydrostatic pressures that lead to a protein-rich and mildly hemorrhagic edema .", "Evidence Elements": {"Participant": [], "Intervention": [], "Outcome": []}, "Evidence Propositions": []}, {"Section": "RESULTS", "Text": "It appears that COVID-19 and HAPE both discretely converge on ARDS .", "Evidence Elements": {"Participant": [{"term": "ARDS", "negation": "affirmed", "UMLS": "", "start": 62, "end": 66}], "Intervention": [{"term": "COVID-19", "negation": "affirmed", "UMLS": "", "start": 16, "end": 24}, {"term": "HAPE", "negation": "affirmed", "UMLS": "", "start": 29, "end": 33}], "Outcome": []}, "Evidence Propositions": []}, {"Section": "RESULTS", "Text": "In light of this , a countermeasure that has been shown to be effective in the analogous condition of HAPE is Acetazolamide .", "Evidence Elements": {"Participant": [], "Intervention": [], "Outcome": []}, "Evidence Propositions": []}, {"Section": "RESULTS", "Text": "Acetazolamide has a myriad of effects on different organ systems , potently reduces hypoxic pulmonary vasoconstriction , improves minute ventilation and expired vital capacity .", "Evidence Elements": {"Participant": [], "Intervention": [], "Outcome": [{"term": "minute", "negation": "affirmed", "UMLS": "", "start": 130, "end": 136}, {"term": "expired", "negation": "affirmed", "UMLS": "", "start": 153, "end": 160}]}, "Evidence Propositions": []}, {"Section": "RESULTS", "Text": "Other therapeutics to consider that are also directed towards decreased pulmonary pressure include Nifedipine and Phosphodiesterase inhibitors .", "Evidence Elements": {"Participant": [], "Intervention": [], "Outcome": []}, "Evidence Propositions": []}, {"Section": "RESULTS", "Text": "This review describes COVID-19 in parallel to HAPE .", "Evidence Elements": {"Participant": [], "Intervention": [{"term": "COVID-19 in parallel to HAPE", "negation": "affirmed", "UMLS": "", "start": 22, "end": 50}], "Outcome": []}, "Evidence Propositions": []}, {"Section": "RESULTS", "Text": "Deranged respiratory parameters that are present in both conditions are highlighted .", "Evidence Elements": {"Participant": [], "Intervention": [{"term": "both conditions", "negation": "affirmed", "UMLS": "", "start": 52, "end": 67}], "Outcome": [{"term": "Deranged respiratory parameters", "negation": "affirmed", "UMLS": "", "start": 0, "end": 31}]}, "Evidence Propositions": []}, {"Section": "RESULTS", "Text": "The utilization of medications found to be effective in HAPE , for the treatment of COVID-19 , is proposed .", "Evidence Elements": {"Participant": [], "Intervention": [], "Outcome": []}, "Evidence Propositions": []}, {"Section": "RESULTS", "Text": "Given the medical emergency of a growing contagion and the thousands of lives at stake , expedient attempts to improve survival are needed .", "Evidence Elements": {"Participant": [], "Intervention": [], "Outcome": []}, "Evidence Propositions": []}, {"Section": "CONCLUSIONS", "Text": "Acetazolamide , Nifedipine and Phosphodiesterase inhibitors may be potential countermeasures .", "Evidence Elements": {"Participant": [], "Intervention": [], "Outcome": []}, "Evidence Propositions": []}]}