{"doc_id": "32227123", "type of study": "Therapy", "title": "", "abstract": "In December 2019, novel coronavirus (SARS-CoV-2) pneumonia (COVID-19) was reported in Wuhan and has since rapidly spread throughout China.\nWe aimed to clarify the characteristics and clinical significance of peripheral lymphocyte subset alteration in COVID-19.\nThe levels of peripheral lymphocyte subsets were measured by flow cytometry in 60 hospitalized COVID-19 patients before and after treatment, and their association with clinical characteristics and treatment efficacy was analyzed.\nTotal lymphocytes, CD4+ T cells, CD8+ T cells, B cells, and natural killer (NK) cells decreased in COVID-19 patients, and severe cases had a lower level than mild cases.\nThe subsets showed a significant association with inflammatory status in COVID-19, especially CD8+ T cells and CD4+/CD8+ ratio.\nAfter treatment, 37 patients (67%) showed clinical response, with an increase in CD8+ T cells and B cells.\nNo significant change in any subset was detected in nonresponsive cases.\nIn multivariate analysis, posttreatment decrease in CD8+ T cells and B cells and increase in CD4+/CD8+ ratio were indicated as independent predictors of poor efficacy.\nPeripheral lymphocyte subset alteration was associated with clinical characteristics and treatment efficacy of COVID-19.\nCD8+ T cells tended to be an independent predictor for COVID-19 severity and treatment efficacy.\nPeripheral lymphocyte subset alteration showed a clear association with the clinical characteristics of COVID-19, especially in relation to disease severity assessment and treatment efficacy prediction, which could help to indicate timely interventions to be provided by physicians.\n", "Evidence Map": {"Enrollment": [{"term": "COVID-19", "negation": "affirmed", "UMLS": "", "start": 112, "end": 120}, {"term": "hospitalized COVID-19", "negation": "affirmed", "UMLS": "", "start": 82, "end": 103}, {"term": "COVID-19", "negation": "affirmed", "UMLS": "", "start": 103, "end": 111}, {"term": "COVID-19", "negation": "affirmed", "UMLS": "", "start": 73, "end": 81}, {"term": "COVID-19", "negation": "affirmed", "UMLS": "", "start": 111, "end": 119}, {"term": "COVID-19", "negation": "affirmed", "UMLS": "", "start": 104, "end": 112}], "Comparison Results": [], "Study Arm 1 Results": [], "Study Arm 2 Results": []}, "Sentence-level breakdown": [{"Section": "TITLE", "Text": "In December 2019 , novel coronavirus ( SARS-CoV-2 ) pneumonia ( COVID-19 ) was reported in Wuhan and has since rapidly spread throughout China .", "Evidence Elements": {"Participant": [], "Intervention": [], "Outcome": []}, "Evidence Propositions": []}, {"Section": "OBJECTIVE", "Text": "We aimed to clarify the characteristics and clinical significance of peripheral lymphocyte subset alteration in COVID-19 .", "Evidence Elements": {"Participant": [{"term": "COVID-19", "negation": "affirmed", "UMLS": "", "start": 112, "end": 120}], "Intervention": [], "Outcome": [{"term": "characteristics and clinical significance of peripheral lymphocyte subset alteration", "negation": "affirmed", "UMLS": "", "start": 24, "end": 108}]}, "Evidence Propositions": []}, {"Section": "METHODS", "Text": "The levels of peripheral lymphocyte subsets were measured by flow cytometry in 60 hospitalized COVID-19 patients before and after treatment , and their association with clinical characteristics and treatment efficacy was analyzed .", "Evidence Elements": {"Participant": [{"term": "hospitalized COVID-19", "negation": "affirmed", "UMLS": "", "start": 82, "end": 103}], "Intervention": [], "Outcome": [{"term": "levels of peripheral lymphocyte subsets", "negation": "affirmed", "UMLS": "", "start": 4, "end": 43}, {"term": "association with clinical characteristics", "negation": "affirmed", "UMLS": "", "start": 152, "end": 193}, {"term": "treatment efficacy", "negation": "affirmed", "UMLS": "", "start": 198, "end": 216}]}, "Evidence Propositions": []}, {"Section": "RESULTS", "Text": "Total lymphocytes , CD4+T cells , CD8+T cells , B cells , and natural killer ( NK ) cells decreased in COVID-19 patients , and severe cases had a lower level than mild cases .", "Evidence Elements": {"Participant": [{"term": "COVID-19", "negation": "affirmed", "UMLS": "", "start": 103, "end": 111}], "Intervention": [{"term": "severe cases", "negation": "affirmed", "UMLS": "", "start": 127, "end": 139}], "Outcome": [{"term": "Total lymphocytes", "negation": "affirmed", "UMLS": "", "start": 0, "end": 17}, {"term": "CD4+T cells", "negation": "affirmed", "UMLS": "", "start": 20, "end": 31}, {"term": "CD8+T cells", "negation": "affirmed", "UMLS": "", "start": 34, "end": 45}, {"term": "B cells", "negation": "affirmed", "UMLS": "", "start": 48, "end": 55}, {"term": "natural killer ( NK ) cells", "negation": "affirmed", "UMLS": "", "start": 62, "end": 89}]}, "Evidence Propositions": []}, {"Section": "RESULTS", "Text": "The subsets showed a significant association with inflammatory status in COVID-19 , especially CD8+ T cells and CD4+/CD8+ ratio .", "Evidence Elements": {"Participant": [{"term": "COVID-19", "negation": "affirmed", "UMLS": "", "start": 73, "end": 81}], "Intervention": [], "Outcome": [{"term": "inflammatory status", "negation": "affirmed", "UMLS": "", "start": 50, "end": 69}, {"term": "CD8+ T cells", "negation": "affirmed", "UMLS": "", "start": 95, "end": 107}, {"term": "CD4+/CD8+ ratio", "negation": "affirmed", "UMLS": "", "start": 112, "end": 127}]}, "Evidence Propositions": []}, {"Section": "RESULTS", "Text": "After treatment , 37 patients ( 67 % ) showed clinical response , with an increase in CD8+ T cells and B cells .", "Evidence Elements": {"Participant": [], "Intervention": [], "Outcome": [{"term": "clinical response", "negation": "affirmed", "UMLS": "", "start": 46, "end": 63}, {"term": "CD8+", "negation": "affirmed", "UMLS": "", "start": 86, "end": 90}]}, "Evidence Propositions": []}, {"Section": "RESULTS", "Text": "No significant change in any subset was detected in nonresponsive cases .", "Evidence Elements": {"Participant": [], "Intervention": [{"term": "nonresponsive", "negation": "negated", "UMLS": "", "start": 52, "end": 65}], "Outcome": [{"term": "any subset", "negation": "negated", "UMLS": "", "start": 25, "end": 35}]}, "Evidence Propositions": [{"Intervention": "nonresponsive", "Observation": "significant change", "Outcome": "any subset", "Count": ""}]}, {"Section": "RESULTS", "Text": "In multivariate analysis , posttreatment decrease in CD8+T cells and B cells and increase in CD4+/CD8+ ratio were indicated as independent predictors of poor efficacy .", "Evidence Elements": {"Participant": [], "Intervention": [], "Outcome": [{"term": "posttreatment decrease", "negation": "affirmed", "UMLS": "", "start": 27, "end": 49}, {"term": "CD8+T cells", "negation": "affirmed", "UMLS": "", "start": 53, "end": 64}, {"term": "B cells", "negation": "affirmed", "UMLS": "", "start": 69, "end": 76}, {"term": "CD4+/CD8+ ratio", "negation": "affirmed", "UMLS": "", "start": 93, "end": 108}, {"term": "poor efficacy", "negation": "affirmed", "UMLS": "", "start": 153, "end": 166}]}, "Evidence Propositions": []}, {"Section": "RESULTS", "Text": "Peripheral lymphocyte subset alteration was associated with clinical characteristics and treatment efficacy of COVID-19 .", "Evidence Elements": {"Participant": [{"term": "COVID-19", "negation": "affirmed", "UMLS": "", "start": 111, "end": 119}], "Intervention": [], "Outcome": [{"term": "Peripheral lymphocyte subset alteration", "negation": "affirmed", "UMLS": "", "start": 0, "end": 39}, {"term": "clinical characteristics", "negation": "affirmed", "UMLS": "", "start": 60, "end": 84}, {"term": "treatment efficacy", "negation": "affirmed", "UMLS": "", "start": 89, "end": 107}]}, "Evidence Propositions": []}, {"Section": "RESULTS", "Text": "CD8+T cells tended to be an independent predictor for COVID-19 severity and treatment efficacy .", "Evidence Elements": {"Participant": [], "Intervention": [], "Outcome": [{"term": "CD8+T cells", "negation": "affirmed", "UMLS": "", "start": 0, "end": 11}, {"term": "COVID-19 severity", "negation": "affirmed", "UMLS": "", "start": 54, "end": 71}, {"term": "treatment efficacy", "negation": "affirmed", "UMLS": "", "start": 76, "end": 94}]}, "Evidence Propositions": []}, {"Section": "CONCLUSIONS", "Text": "Peripheral lymphocyte subset alteration showed a clear association with the clinical characteristics of COVID-19 , especially in relation to disease severity assessment and treatment efficacy prediction , which could help to indicate timely interventions to be provided by physicians .", "Evidence Elements": {"Participant": [{"term": "COVID-19", "negation": "affirmed", "UMLS": "", "start": 104, "end": 112}], "Intervention": [{"term": "Peripheral lymphocyte subset alteration", "negation": "affirmed", "UMLS": "", "start": 0, "end": 39}], "Outcome": [{"term": "clinical characteristics", "negation": "affirmed", "UMLS": "", "start": 76, "end": 100}, {"term": "disease severity assessment", "negation": "affirmed", "UMLS": "", "start": 141, "end": 168}, {"term": "treatment efficacy prediction", "negation": "affirmed", "UMLS": "", "start": 173, "end": 202}]}, "Evidence Propositions": [{"Intervention": "Peripheral lymphocyte subset alteration", "Observation": "clear association", "Outcome": "clinical characteristics", "Count": ""}]}]}