{"doc_id": "32224769", "type of study": "Therapy", "title": "", "abstract": "Supplemental Digital Content is available in the text.\nThe novel severe acute respiratory syndrome coronavirus 2 (SARS-CoV-2) is the cause of a rapidly spreading illness, Coronavirus Disease 2019 (COVID-19), affecting thousands of people around the world.\nUrgent guidance for clinicians caring for the sickest of these patients is needed.\nWe formed a panel of 36 experts from 12 countries.\nAll panel members completed the World Health Organization conflict of interest disclosure form.\nThe panel proposed 53 questions that are relevant to the management of COVID-19 in the ICU.\nWe searched the literature for direct and indirect evidence on the management of COVID-19 in critically ill patients in the ICU.\nWe identified relevant and recent systematic reviews on most questions relating to supportive care.\nWe assessed the certainty in the evidence using the Grading of Recommendations, Assessment, Development and Evaluation (GRADE) approach, then generated recommendations based on the balance between benefit and harm, resource and cost implications, equity, and feasibility.\nRecommendations were either strong or weak, or in the form of best practice recommendations.\nThe Surviving Sepsis Campaign COVID-19 panel issued 54 statements, of which four are best practice statements, nine are strong recommendations, and 35 are weak recommendations.\nNo recommendation was provided for six questions.\nThe topics were: 1) infection control, 2) laboratory diagnosis and specimens, 3) hemodynamic support, 4) ventilatory support, and 5) COVID-19 therapy.\nThe Surviving Sepsis Campaign COVID-19 panel issued several recommendations to help support healthcare workers caring for critically ill ICU patients with COVID-19.\nWhen available, we will provide new evidence in further releases of these guidelines.\n", "Evidence Map": {"Enrollment": [{"term": "COVID-19", "negation": "affirmed", "UMLS": "", "start": 71, "end": 79}, {"term": "ICU", "negation": "affirmed", "UMLS": "", "start": 87, "end": 90}, {"term": "COVID-19", "negation": "affirmed", "UMLS": "", "start": 81, "end": 89}, {"term": "critically ill patients in the ICU", "negation": "affirmed", "UMLS": "", "start": 93, "end": 127}, {"term": "critically", "negation": "affirmed", "UMLS": "", "start": 122, "end": 132}, {"term": "ICU", "negation": "affirmed", "UMLS": "", "start": 137, "end": 140}], "Comparison Results": [], "Study Arm 1 Results": [], "Study Arm 2 Results": []}, "Sentence-level breakdown": [{"Section": "TITLE", "Text": "Supplemental Digital Content is available in the text .", "Evidence Elements": {"Participant": [], "Intervention": [], "Outcome": []}, "Evidence Propositions": []}, {"Section": "METHODS", "Text": "We formed a panel of 36 experts from 12 countries .", "Evidence Elements": {"Participant": [], "Intervention": [], "Outcome": []}, "Evidence Propositions": []}, {"Section": "METHODS", "Text": "All panel members completed the World Health Organization conflict of interest disclosure form .", "Evidence Elements": {"Participant": [], "Intervention": [], "Outcome": []}, "Evidence Propositions": []}, {"Section": "RESULTS", "Text": "The panel proposed 53 questions that are relevant to the management of COVID-19 in the ICU .", "Evidence Elements": {"Participant": [{"term": "COVID-19", "negation": "affirmed", "UMLS": "", "start": 71, "end": 79}, {"term": "ICU", "negation": "affirmed", "UMLS": "", "start": 87, "end": 90}], "Intervention": [], "Outcome": []}, "Evidence Propositions": []}, {"Section": "RESULTS", "Text": "We searched the literature for direct and indirect evidence on the management of COVID-19 in critically ill patients in the ICU .", "Evidence Elements": {"Participant": [{"term": "COVID-19", "negation": "affirmed", "UMLS": "", "start": 81, "end": 89}, {"term": "critically ill patients in the ICU", "negation": "affirmed", "UMLS": "", "start": 93, "end": 127}], "Intervention": [], "Outcome": []}, "Evidence Propositions": []}, {"Section": "RESULTS", "Text": "We identified relevant and recent systematic reviews on most questions relating to supportive care .", "Evidence Elements": {"Participant": [], "Intervention": [], "Outcome": []}, "Evidence Propositions": []}, {"Section": "RESULTS", "Text": "We assessed the certainty in the evidence using the Grading of Recommendations , Assessment , Development and Evaluation ( GRADE ) approach , then generated recommendations based on the balance between benefit and harm , resource and cost implications , equity , and feasibility .", "Evidence Elements": {"Participant": [], "Intervention": [], "Outcome": [{"term": "certainty", "negation": "affirmed", "UMLS": "", "start": 16, "end": 25}, {"term": "balance between benefit and harm", "negation": "affirmed", "UMLS": "", "start": 186, "end": 218}, {"term": "resource", "negation": "affirmed", "UMLS": "", "start": 221, "end": 229}]}, "Evidence Propositions": []}, {"Section": "RESULTS", "Text": "Recommendations were either strong or weak , or in the form of best practice recommendations .", "Evidence Elements": {"Participant": [], "Intervention": [], "Outcome": []}, "Evidence Propositions": []}, {"Section": "RESULTS", "Text": "The Surviving Sepsis Campaign COVID-19 panel issued 54 statements , of which four are best practice statements , nine are strong recommendations , and 35 are weak recommendations .", "Evidence Elements": {"Participant": [], "Intervention": [{"term": "strong recommendations", "negation": "affirmed", "UMLS": "", "start": 122, "end": 144}], "Outcome": []}, "Evidence Propositions": []}, {"Section": "RESULTS", "Text": "No recommendation was provided for six questions .", "Evidence Elements": {"Participant": [], "Intervention": [], "Outcome": []}, "Evidence Propositions": []}, {"Section": "RESULTS", "Text": "The topics were : 1 ) infection control , 2 ) laboratory diagnosis and specimens , 3 ) hemodynamic support , 4 ) ventilatory support , and 5 ) COVID-19 therapy .", "Evidence Elements": {"Participant": [], "Intervention": [{"term": "hemodynamic support", "negation": "affirmed", "UMLS": "", "start": 87, "end": 106}], "Outcome": [{"term": "infection control", "negation": "affirmed", "UMLS": "", "start": 22, "end": 39}, {"term": "laboratory diagnosis", "negation": "affirmed", "UMLS": "", "start": 46, "end": 66}]}, "Evidence Propositions": []}, {"Section": "CONCLUSIONS", "Text": "The Surviving Sepsis Campaign COVID-19 panel issued several recommendations to help support healthcare workers caring for critically ill ICU patients with COVID-19 .", "Evidence Elements": {"Participant": [{"term": "critically", "negation": "affirmed", "UMLS": "", "start": 122, "end": 132}, {"term": "ICU", "negation": "affirmed", "UMLS": "", "start": 137, "end": 140}], "Intervention": [], "Outcome": []}, "Evidence Propositions": []}, {"Section": "CONCLUSIONS", "Text": "When available , we will provide new evidence in further releases of these guidelines .", "Evidence Elements": {"Participant": [], "Intervention": [], "Outcome": []}, "Evidence Propositions": []}]}