{"doc_id": "32227493", "type of study": "Therapy", "title": "", "abstract": "Confronting the challenge of the outbreak of COVID-19 should sharpen our focus on global drug access as a key issue in antiviral therapy testing.\nThe testing and adoption of effective therapies for novel coronaviruses are hampered by the challenge of conducting controlled studies during a state of emergency.\nThe access to direct antiviral drugs, such as ribavirin, that have an existing inventory and reliable supply chain may be a priority consideration for therapies developed for the 2019-nCoV infection outbreaks and any strain variants that may emerge.\nOn the basis of the direct antiviral activity of ribavirin against 2019-nCoV in vitro and evidence for potency enhancement strategies developed during the prior SARS and MERS outbreaks, ribavirin may significantly impact our ability to end the lingering outbreaks in China and slow outbreaks in other countries.\nThe apparent COVID-19 pandemic provides an opportunity to follow dosage guidelines for treatment with ribavirin, test new therapeutic concepts, and conduct controlled testing to apply the scientific rigor required to address the controversy around this mainstay of antiviral therapy.\nThe multimodal anti-viral mechanisms of action of ribavirin are described.\nTreatment of novel coronaviruses with ribavirin during SARS and MERS outbreaks are detailed.\nChallenges in evaluation of drug efficacy from viral outbreaks are described.\nRegistered clinical trials to evaluate ribavirin for COVID-19 are listed.\n", "Evidence Map": {"Enrollment": [{"term": "SARS", "negation": "affirmed", "UMLS": "", "start": 55, "end": 59}, {"term": "MERS outbreaks", "negation": "affirmed", "UMLS": "", "start": 64, "end": 78}, {"term": "COVID-19", "negation": "affirmed", "UMLS": "", "start": 53, "end": 61}], "Comparison Results": [], "Study Arm 1 Results": [], "Study Arm 2 Results": []}, "Sentence-level breakdown": [{"Section": "TITLE", "Text": "Confronting the challenge of the outbreak of COVID-19 should sharpen our focus on global drug access as a key issue in antiviral therapy testing .", "Evidence Elements": {"Participant": [], "Intervention": [], "Outcome": []}, "Evidence Propositions": []}, {"Section": "RESULTS", "Text": "The access to direct antiviral drugs , such as ribavirin , that have an existing inventory and reliable supply chain may be a priority consideration for therapies developed for the 2019-nCoV infection outbreaks and any strain variants that may emerge .", "Evidence Elements": {"Participant": [], "Intervention": [], "Outcome": []}, "Evidence Propositions": []}, {"Section": "RESULTS", "Text": "On the basis of the direct antiviral activity of ribavirin against 2019-nCoV in vitro and evidence for potency enhancement strategies developed during the prior SARS and MERS outbreaks , ribavirin may significantly impact our ability to end the lingering outbreaks in China and slow outbreaks in other countries .", "Evidence Elements": {"Participant": [], "Intervention": [{"term": "ribavirin", "negation": "affirmed", "UMLS": "", "start": 49, "end": 58}], "Outcome": [{"term": "antiviral activity", "negation": "affirmed", "UMLS": "", "start": 27, "end": 45}]}, "Evidence Propositions": []}, {"Section": "RESULTS", "Text": "The apparent COVID-19 pandemic provides an opportunity to follow dosage guidelines for treatment with ribavirin , test new therapeutic concepts , and conduct controlled testing to apply the scientific rigor required to address the controversy around this mainstay of antiviral therapy .", "Evidence Elements": {"Participant": [], "Intervention": [], "Outcome": []}, "Evidence Propositions": []}, {"Section": "RESULTS", "Text": "The multimodal anti-viral mechanisms of action of ribavirin are described .", "Evidence Elements": {"Participant": [], "Intervention": [], "Outcome": []}, "Evidence Propositions": []}, {"Section": "CONCLUSIONS", "Text": "Treatment of novel coronaviruses with ribavirin during SARS and MERS outbreaks are detailed .", "Evidence Elements": {"Participant": [{"term": "SARS", "negation": "affirmed", "UMLS": "", "start": 55, "end": 59}, {"term": "MERS outbreaks", "negation": "affirmed", "UMLS": "", "start": 64, "end": 78}], "Intervention": [{"term": "novel coronaviruses", "negation": "affirmed", "UMLS": "", "start": 13, "end": 32}, {"term": "ribavirin", "negation": "affirmed", "UMLS": "", "start": 38, "end": 47}], "Outcome": []}, "Evidence Propositions": []}, {"Section": "CONCLUSIONS", "Text": "Challenges in evaluation of drug efficacy from viral outbreaks are described .", "Evidence Elements": {"Participant": [], "Intervention": [], "Outcome": [{"term": "drug efficacy", "negation": "affirmed", "UMLS": "", "start": 28, "end": 41}]}, "Evidence Propositions": []}, {"Section": "CONCLUSIONS", "Text": "Registered clinical trials to evaluate ribavirin for COVID-19 are listed .", "Evidence Elements": {"Participant": [{"term": "COVID-19", "negation": "affirmed", "UMLS": "", "start": 53, "end": 61}], "Intervention": [{"term": "ribavirin", "negation": "affirmed", "UMLS": "", "start": 39, "end": 48}], "Outcome": []}, "Evidence Propositions": []}]}