{"doc_id": "32226288", "type of study": "Therapy", "title": "", "abstract": "Currently, Severe Acute Respiratory Syndrome Coronavirus 2 (SARS-CoV-2, formerly known as 2019-nCoV, the causative pathogen of Coronavirus Disease 2019 (COVID-19)) has rapidly spread across China and around the world, causing an outbreak of acute infectious pneumonia.\nNo specific anti-virus drugs or vaccines are available for the treatment of this sudden and lethal disease.\nThe supportive care and non-specific treatment to ameliorate the symptoms of the patient are the only options currently.\nAt the top of these conventional therapies, greater than 85% of SARS-CoV-2 infected patients in China are receiving Traditional Chinese Medicine (TCM) treatment.\nIn this article, relevant published literatures are thoroughly reviewed and current applications of TCM in the treatment of COVID-19 patients are analyzed.\nDue to the homology in epidemiology, genomics, and pathogenesis of the SARS-CoV-2 and SARS-CoV, and the widely use of TCM in the treatment of SARS-CoV, the clinical evidence showing the beneficial effect of TCM in the treatment of patients with SARS coronaviral infections are discussed.\nCurrent experiment studies that provide an insight into the mechanism underlying the therapeutic effect of TCM, and those studies identified novel naturally occurring compounds with anti-coronaviral activity are also introduced.\n", "Evidence Map": {"Enrollment": [], "Comparison Results": [], "Study Arm 1 Results": [], "Study Arm 2 Results": []}, "Sentence-level breakdown": [{"Section": "TITLE", "Text": "Currently , Severe Acute Respiratory Syndrome Coronavirus 2 ( SARS-CoV-2 , formerly known as 2019-nCoV , the causative pathogen of Coronavirus Disease 2019 ( COVID-19 ) ) has rapidly spread across China and around the world , causing an outbreak of acute infectious pneumonia .", "Evidence Elements": {"Participant": [], "Intervention": [], "Outcome": []}, "Evidence Propositions": []}, {"Section": "RESULTS", "Text": "The supportive care and non-specific treatment to ameliorate the symptoms of the patient are the only options currently .", "Evidence Elements": {"Participant": [], "Intervention": [], "Outcome": []}, "Evidence Propositions": []}, {"Section": "RESULTS", "Text": "At the top of these conventional therapies , greater than 85 % of SARS-CoV-2 infected patients in China are receiving Traditional Chinese Medicine ( TCM ) treatment .", "Evidence Elements": {"Participant": [], "Intervention": [], "Outcome": []}, "Evidence Propositions": []}, {"Section": "RESULTS", "Text": "In this article , relevant published literatures are thoroughly reviewed and current applications of TCM in the treatment of COVID-19 patients are analyzed .", "Evidence Elements": {"Participant": [], "Intervention": [], "Outcome": []}, "Evidence Propositions": []}, {"Section": "CONCLUSIONS", "Text": "Due to the homology in epidemiology , genomics , and pathogenesis of the SARS-CoV-2 and SARS-CoV , and the widely use of TCM in the treatment of SARS-CoV , the clinical evidence showing the beneficial effect of TCM in the treatment of patients with SARS coronaviral infections are discussed .", "Evidence Elements": {"Participant": [], "Intervention": [{"term": "TCM", "negation": "affirmed", "UMLS": "", "start": 121, "end": 124}], "Outcome": []}, "Evidence Propositions": []}, {"Section": "CONCLUSIONS", "Text": "Current experiment studies that provide an insight into the mechanism underlying the therapeutic effect of TCM , and those studies identified novel naturally occurring compounds with anti-coronaviral activity are also introduced .", "Evidence Elements": {"Participant": [], "Intervention": [], "Outcome": []}, "Evidence Propositions": []}]}