{"doc_id": "32226003", "type of study": "Therapy", "title": "", "abstract": "Before the severe acute respiratory syndrome outbreak in 2003, coronaviruses (CoVs) were not considered to be highly pathogenic to humans.\nHowever, it was this epidemic that highlighted this group of viruses and included them among the causative agents of emerging epidemic diseases.\nIn addition, in 2012, another new CoV responsible for the Middle East respiratory syndrome was identified.\nBoth infections were considered a threat to global health security.\nAt present, the third epidemic caused by a CoV is being faced.\nThis new CoV, called 2019-nCoV, was originated in the city of Wuhan, China, and has been linked to severe respiratory infections in humans.\nThanks to the collaboration of experts worldwide, more information about this virus and its infection is reported each day, which allows modifying the recommendations for its prevention and treatment, without forgetting that the ultimate goal is to control this epidemic.\nIn this review, the important aspects of this new coronavirus, 2019-nCoV, and its disease, COVID-19, have been summarized with the information available up to February 2020.\n", "Evidence Map": {"Enrollment": [{"term": "syndrome", "negation": "affirmed", "UMLS": "", "start": 84, "end": 92}], "Comparison Results": [], "Study Arm 1 Results": [], "Study Arm 2 Results": []}, "Sentence-level breakdown": [{"Section": "TITLE", "Text": "Before the severe acute respiratory syndrome outbreak in 2003 , coronaviruses ( CoVs ) were not considered to be highly pathogenic to humans .", "Evidence Elements": {"Participant": [], "Intervention": [], "Outcome": []}, "Evidence Propositions": []}, {"Section": "RESULTS", "Text": "However , it was this epidemic that highlighted this group of viruses and included them among the causative agents of emerging epidemic diseases .", "Evidence Elements": {"Participant": [], "Intervention": [], "Outcome": []}, "Evidence Propositions": []}, {"Section": "RESULTS", "Text": "In addition , in 2012 , another new CoV responsible for the Middle East respiratory syndrome was identified .", "Evidence Elements": {"Participant": [{"term": "syndrome", "negation": "affirmed", "UMLS": "", "start": 84, "end": 92}], "Intervention": [], "Outcome": []}, "Evidence Propositions": []}, {"Section": "RESULTS", "Text": "Both infections were considered a threat to global health security .", "Evidence Elements": {"Participant": [], "Intervention": [], "Outcome": []}, "Evidence Propositions": []}, {"Section": "RESULTS", "Text": "At present , the third epidemic caused by a CoV is being faced .", "Evidence Elements": {"Participant": [], "Intervention": [], "Outcome": []}, "Evidence Propositions": []}, {"Section": "CONCLUSIONS", "Text": "This new CoV , called 2019-nCoV , was originated in the city of Wuhan , China , and has been linked to severe respiratory infections in humans .", "Evidence Elements": {"Participant": [], "Intervention": [], "Outcome": []}, "Evidence Propositions": []}, {"Section": "CONCLUSIONS", "Text": "Thanks to the collaboration of experts worldwide , more information about this virus and its infection is reported each day , which allows modifying the recommendations for its prevention and treatment , without forgetting that the ultimate goal is to control this epidemic .", "Evidence Elements": {"Participant": [], "Intervention": [], "Outcome": []}, "Evidence Propositions": []}, {"Section": "CONCLUSIONS", "Text": "In this review , the important aspects of this new coronavirus , 2019-nCoV , and its disease , COVID-19 , have been summarized with the information available up to February 2020 .", "Evidence Elements": {"Participant": [], "Intervention": [], "Outcome": []}, "Evidence Propositions": []}]}