{"doc_id": "32220179", "type of study": "Therapy", "title": "", "abstract": "Based on the higher mortality and the higher proportion of critically ill adults in coronavirus disease 2019 (COVID-19) patients with diabetes, good inpatient glycemic control is particularly important in the comprehensive treatment of COVID-19.\nIndividualized blood glucose target goals and treatment strategies should be made according to specific circumstances of COVID-19 inpatients with diabetes.\nFor mild patients, a strict glycemic control target (fasting plasma glucose (FPG) 4.4-6.1 mmol/L, 2-hour postprandial plasma glucose (2 h PG) 6.1-7.8 mmol/L) are recommended; a target for the glycemic control of common type patients (FPG 6.1-7.8 mmol/L, 2 h PG 7.8-10.0 mmol/L) and subcutaneous insulin deliver therapy are recommended; a target nonfasting blood glucose range of 10.0 mmol or less per liter for severe-type COVID-19 patients, a relatively Less stringent blood glucose control target (FPG 7.8-10.0 mmol/L, 2 h PG 7.8-13.9 mmol/L) for critically ill patients and intravenous insulin infusion therapy are recommended.\nDue to the rapid changes in the condition of some patients, the risk of diabetic ketoacidosis (DKA) or hyperglycemic hyperosmolar status (HHS) maybe occur during the treatment.\nBlood glucose monitoring, dynamic evaluation and timely adjustment of strategies should be strengthened to ensure patient safety and promote early recovery of patients.\n", "Evidence Map": {"Enrollment": [{"term": "mild", "negation": "affirmed", "UMLS": "", "start": 4, "end": 8}, {"term": "common type patients", "negation": "affirmed", "UMLS": "", "start": 225, "end": 245}], "Comparison Results": [], "Study Arm 1 Results": [], "Study Arm 2 Results": []}, "Sentence-level breakdown": [{"Section": "TITLE", "Text": "Based on the higher mortality and the higher proportion of critically ill adults in coronavirus disease 2019 ( COVID-19 ) patients with diabetes , good inpatient glycemic control is particularly important in the comprehensive treatment of COVID-19 .", "Evidence Elements": {"Participant": [], "Intervention": [], "Outcome": []}, "Evidence Propositions": []}, {"Section": "RESULTS", "Text": "For mild patients , a strict glycemic control target ( fasting plasma glucose ( FPG ) 4.4-6.1 mmol / L , 2-hour postprandial plasma glucose ( 2 h PG ) 6.1-7.8 mmol / L ) are recommended ; a target for the glycemic control of common type patients ( FPG 6.1-7.8 mmol / L , 2 h PG 7.8-10.0 mmol / L ) and subcutaneous insulin deliver therapy are recommended ; a target nonfasting blood glucose", "Evidence Elements": {"Participant": [{"term": "mild", "negation": "affirmed", "UMLS": "", "start": 4, "end": 8}, {"term": "common type patients", "negation": "affirmed", "UMLS": "", "start": 225, "end": 245}], "Intervention": [{"term": "insulin deliver therapy", "negation": "affirmed", "UMLS": "", "start": 315, "end": 338}], "Outcome": [{"term": "glycemic control", "negation": "affirmed", "UMLS": "", "start": 29, "end": 45}]}, "Evidence Propositions": [{"Intervention": "insulin deliver therapy", "Observation": "recommended", "Outcome": "glycemic control", "Count": ""}]}, {"Section": "RESULTS", "Text": "Due to the rapid changes in the condition of some patients , the risk of diabetic ketoacidosis ( DKA ) or hyperglycemic hyperosmolar status ( HHS ) maybe occur during the treatment .", "Evidence Elements": {"Participant": [], "Intervention": [], "Outcome": []}, "Evidence Propositions": []}, {"Section": "CONCLUSIONS", "Text": "Blood glucose monitoring , dynamic evaluation and timely adjustment of strategies should be strengthened to ensure patient safety and promote early recovery of patients .", "Evidence Elements": {"Participant": [], "Intervention": [], "Outcome": []}, "Evidence Propositions": []}]}