{"doc_id": "32226285", "type of study": "Therapy", "title": "", "abstract": "An ongoing outbreak of pneumonia caused by a novel coronavirus, currently designated as the severe acute respiratory syndrome coronavirus-2 (SARS-CoV-2), was reported recently.\nHowever, as SARS-CoV-2 is an emerging virus, we know little about it.\nIn this review, we summarize the key events occurred during the early stage of SARS-CoV-2 outbreak, the basic characteristics of the pathogen, the signs and symptoms of the infected patients as well as the possible transmission pathways of the virus.\nFurthermore, we also review the current knowledge on the origin and evolution of the SARS-CoV-2.\nWe highlight bats as the potential natural reservoir and pangolins as the possible intermediate host of the virus, but their roles are waiting for further investigation.\nFinally, the advances in the development of chemotherapeutic options are also briefly summarized.\n", "Evidence Map": {"Enrollment": [{"term": "SARS-CoV-2", "negation": "affirmed", "UMLS": "", "start": 80, "end": 90}], "Comparison Results": [], "Study Arm 1 Results": [], "Study Arm 2 Results": []}, "Sentence-level breakdown": [{"Section": "TITLE", "Text": "An ongoing outbreak of pneumonia caused by a novel coronavirus , currently designated as the severe acute respiratory syndrome coronavirus-2 ( SARS-CoV-2 ) , was reported recently .", "Evidence Elements": {"Participant": [], "Intervention": [], "Outcome": []}, "Evidence Propositions": []}, {"Section": "RESULTS", "Text": "In this review , we summarize the key events occurred during the early stage of SARS-CoV-2 outbreak , the basic characteristics of the pathogen , the signs and symptoms of the infected patients as well as the possible transmission pathways of the virus .", "Evidence Elements": {"Participant": [{"term": "SARS-CoV-2", "negation": "affirmed", "UMLS": "", "start": 80, "end": 90}], "Intervention": [], "Outcome": [{"term": "signs", "negation": "affirmed", "UMLS": "", "start": 150, "end": 155}, {"term": "symptoms", "negation": "affirmed", "UMLS": "", "start": 160, "end": 168}, {"term": "pathways", "negation": "affirmed", "UMLS": "", "start": 231, "end": 239}]}, "Evidence Propositions": []}, {"Section": "RESULTS", "Text": "Furthermore , we also review the current knowledge on the origin and evolution of the SARS-CoV-2 .", "Evidence Elements": {"Participant": [], "Intervention": [], "Outcome": []}, "Evidence Propositions": []}, {"Section": "CONCLUSIONS", "Text": "We highlight bats as the potential natural reservoir and pangolins as the possible intermediate host of the virus , but their roles are waiting for further investigation .", "Evidence Elements": {"Participant": [], "Intervention": [], "Outcome": []}, "Evidence Propositions": []}, {"Section": "CONCLUSIONS", "Text": "Finally , the advances in the development of chemotherapeutic options are also briefly summarized .", "Evidence Elements": {"Participant": [], "Intervention": [], "Outcome": []}, "Evidence Propositions": []}]}