{"doc_id": "32224151", "type of study": "Therapy", "title": "", "abstract": "Cancer patients are regarded as a highly vulnerable group in the current Coronavirus Disease 2019 (COVID-19) pandemic.\nTo date, the clinical characteristics of COVID-19-infected cancer patients remain largely unknown.\nIn this retrospective cohort study, we included cancer patients with laboratory-confirmed COVID-19 from three designated hospitals in Wuhan, China.\nClinical data were collected from medical records from 13 January 2020 to 26 February 2020.\nUnivariate and multivariate analyses were carried out to assess the risk factors associated with severe events defined as a condition requiring admission to an intensive care unit, the use of mechanical ventilation, or death.\nA total of 28 COVID-19-infected cancer patients were included; 17 (60.7%) patients were male.\nMedian (interquartile range) age was 65.0 (56.0-70.0) years.\nLung cancer was the most frequent cancer type (n = 7; 25.0%).\nEight (28.6%) patients were suspected to have hospital-associated transmission.\nThe following clinical features were shown in our cohort: fever (n = 23, 82.1%), dry cough (n = 22, 81%), and dyspnoea (n = 14, 50.0%), along with lymphopaenia (n = 23, 82.1%), high level of high-sensitivity C-reactive protein (n = 23, 82.1%), anaemia (n = 21, 75.0%), and hypoproteinaemia (n = 25, 89.3%).\nThe common chest computed tomography (CT) findings were ground-glass opacity (n = 21, 75.0%) and patchy consolidation (n = 13, 46.3%).\nA total of 15 (53.6%) patients had severe events and the mortality rate was 28.6%.\nIf the last antitumour treatment was within 14 days, it significantly increased the risk of developing severe events [hazard ratio (HR) = 4.079, 95% confidence interval (CI) 1.086-15.322, P = 0.037].\nFurthermore, patchy consolidation on CT on admission was associated with a higher risk of developing severe events (HR = 5.438, 95% CI 1.498-19.748, P = 0.010).\nCancer patients show deteriorating conditions and poor outcomes from the COVID-19 infection.\nIt is recommended that cancer patients receiving antitumour treatments should have vigorous screening for COVID-19 infection and should avoid treatments causing immunosuppression or have their dosages decreased in case of COVID-19 coinfection.\nWe retrospectively studied clinical features of 28 severe Coronavirus Disease 2019 (COVID-19)-infected cancer patients from three hospitals in Wuhan, China.\nWe analysed risk factors associated with occurrence of admission to an intensive care unit, usage of mechanical ventilation, or death.\nCOVID-19-infected cancer patients presented poor outcomes with high occurrence of clinically severe event and mortality.\nAntitumour treatment within 14 days of COVID-19 diagnosis increased the risk of developing severe events.\n", "Evidence Map": {"Enrollment": [{"term": "cancer patients", "negation": "affirmed", "UMLS": "", "start": 49, "end": 64}, {"term": "laboratory-confirmed COVID-19", "negation": "affirmed", "UMLS": "", "start": 70, "end": 99}, {"term": "admission to an intensive care unit", "negation": "affirmed", "UMLS": "", "start": 144, "end": 179}, {"term": "COVID-19-infected cancer", "negation": "affirmed", "UMLS": "", "start": 14, "end": 38}, {"term": "Lung cancer", "negation": "affirmed", "UMLS": "", "start": 0, "end": 11}, {"term": "type", "negation": "affirmed", "UMLS": "", "start": 41, "end": 45}, {"term": "fever", "negation": "affirmed", "UMLS": "", "start": 59, "end": 64}, {"term": "dry cough", "negation": "affirmed", "UMLS": "", "start": 87, "end": 96}, {"term": "dyspnoea", "negation": "affirmed", "UMLS": "", "start": 119, "end": 127}, {"term": "lymphopaenia", "negation": "affirmed", "UMLS": "", "start": 161, "end": 173}, {"term": "high level", "negation": "affirmed", "UMLS": "", "start": 196, "end": 206}, {"term": "Cancer", "negation": "affirmed", "UMLS": "", "start": 0, "end": 6}, {"term": "COVID-19 infection", "negation": "affirmed", "UMLS": "", "start": 73, "end": 91}, {"term": "severe Coronavirus Disease 2019 ( COVID-19 ) -infected cancer", "negation": "affirmed", "UMLS": "", "start": 51, "end": 112}, {"term": "COVID-19-infected cancer", "negation": "affirmed", "UMLS": "", "start": 0, "end": 24}], "Comparison Results": [], "Study Arm 1 Results": [], "Study Arm 2 Results": []}, "Sentence-level breakdown": [{"Section": "TITLE", "Text": "Cancer patients are regarded as a highly vulnerable group in the current Coronavirus Disease 2019 (COVID-19) pandemic .", "Evidence Elements": {"Participant": [], "Intervention": [], "Outcome": []}, "Evidence Propositions": []}, {"Section": "OBJECTIVE", "Text": "To date , the clinical characteristics of COVID-19-infected cancer patients remain largely unknown .", "Evidence Elements": {"Participant": [], "Intervention": [], "Outcome": []}, "Evidence Propositions": []}, {"Section": "METHODS", "Text": "In this retrospective cohort study , we included cancer patients with laboratory-confirmed COVID-19 from three designated hospitals in Wuhan , China .", "Evidence Elements": {"Participant": [{"term": "cancer patients", "negation": "affirmed", "UMLS": "", "start": 49, "end": 64}, {"term": "laboratory-confirmed COVID-19", "negation": "affirmed", "UMLS": "", "start": 70, "end": 99}], "Intervention": [], "Outcome": []}, "Evidence Propositions": []}, {"Section": "METHODS", "Text": "Clinical data were collected from medical records from 13 January 2020 to 26 February 2020 .", "Evidence Elements": {"Participant": [], "Intervention": [], "Outcome": []}, "Evidence Propositions": []}, {"Section": "METHODS", "Text": "Univariate and multivariate analyses were carried out to assess the risk factors associated with severe events defined as a condition requiring admission to an intensive care unit , the use of mechanical ventilation , or death .", "Evidence Elements": {"Participant": [{"term": "admission to an intensive care unit", "negation": "affirmed", "UMLS": "", "start": 144, "end": 179}], "Intervention": [], "Outcome": [{"term": "risk factors associated with severe events", "negation": "affirmed", "UMLS": "", "start": 68, "end": 110}, {"term": "use of mechanical ventilation", "negation": "affirmed", "UMLS": "", "start": 186, "end": 215}]}, "Evidence Propositions": []}, {"Section": "RESULTS", "Text": "A total of 28 COVID-19-infected cancer patients were included ; 17 ( 60.7 % ) patients were male .", "Evidence Elements": {"Participant": [{"term": "COVID-19-infected cancer", "negation": "affirmed", "UMLS": "", "start": 14, "end": 38}], "Intervention": [], "Outcome": []}, "Evidence Propositions": []}, {"Section": "RESULTS", "Text": "Median ( interquartile range ) age was 65.0 ( 56.0-70.0 ) years .", "Evidence Elements": {"Participant": [], "Intervention": [], "Outcome": []}, "Evidence Propositions": []}, {"Section": "RESULTS", "Text": "Lung cancer was the most frequent cancer type ( n = 7 ; 25.0 % ) .", "Evidence Elements": {"Participant": [{"term": "Lung cancer", "negation": "affirmed", "UMLS": "", "start": 0, "end": 11}, {"term": "type", "negation": "affirmed", "UMLS": "", "start": 41, "end": 45}], "Intervention": [], "Outcome": []}, "Evidence Propositions": []}, {"Section": "RESULTS", "Text": "Eight ( 28.6 % ) patients were suspected to have hospital-associated transmission .", "Evidence Elements": {"Participant": [], "Intervention": [], "Outcome": []}, "Evidence Propositions": []}, {"Section": "RESULTS", "Text": "The following clinical features were shown in our cohort : fever ( n = 23 , 82.1 % ) , dry cough ( n = 22,81 % ) , and dyspnoea ( n = 14 , 50.0 % ) , along with lymphopaenia ( n = 23 , 82.1 % ) , high level of high-sensitivity C-reactive protein ( n = 23 , 82.1 % ) , anaemia ( n = 21 , 75.0 % ) , and hypoproteinaemia ( n = 25 , 89.3 % ) .", "Evidence Elements": {"Participant": [{"term": "fever", "negation": "affirmed", "UMLS": "", "start": 59, "end": 64}, {"term": "dry cough", "negation": "affirmed", "UMLS": "", "start": 87, "end": 96}, {"term": "dyspnoea", "negation": "affirmed", "UMLS": "", "start": 119, "end": 127}, {"term": "lymphopaenia", "negation": "affirmed", "UMLS": "", "start": 161, "end": 173}, {"term": "high level", "negation": "affirmed", "UMLS": "", "start": 196, "end": 206}], "Intervention": [], "Outcome": []}, "Evidence Propositions": []}, {"Section": "RESULTS", "Text": "The common chest computed tomography ( CT ) findings were ground-glass opacity ( n = 21 , 75.0 % ) and patchy consolidation ( n = 13 , 46.3 % ) .", "Evidence Elements": {"Participant": [], "Intervention": [], "Outcome": [{"term": "ground-glass opacity", "negation": "affirmed", "UMLS": "", "start": 58, "end": 78}]}, "Evidence Propositions": []}, {"Section": "RESULTS", "Text": "A total of 15 ( 53.6 % ) patients had severe events and the mortality rate was 28.6 % .", "Evidence Elements": {"Participant": [], "Intervention": [], "Outcome": [{"term": "severe events", "negation": "affirmed", "UMLS": "", "start": 38, "end": 51}, {"term": "mortality", "negation": "affirmed", "UMLS": "", "start": 60, "end": 69}]}, "Evidence Propositions": []}, {"Section": "RESULTS", "Text": "If the last antitumour treatment was within 14 days , it significantly increased the risk of developing severe events [ hazard ratio ( HR ) = 4.079 , 95 % confidence interval ( CI ) 1.086-15.322 , P = 0.037 ] .", "Evidence Elements": {"Participant": [], "Intervention": [], "Outcome": [{"term": "risk of developing severe events", "negation": "affirmed", "UMLS": "", "start": 85, "end": 117}]}, "Evidence Propositions": []}, {"Section": "RESULTS", "Text": "Furthermore , patchy consolidation on CT on admission was associated with a higher risk of developing severe events ( HR = 5.438 , 95 % CI 1.498-19.748 , P = 0.010 ) .", "Evidence Elements": {"Participant": [], "Intervention": [{"term": "patchy consolidation on CT on admission", "negation": "affirmed", "UMLS": "", "start": 14, "end": 53}], "Outcome": [{"term": "risk of developing severe events", "negation": "affirmed", "UMLS": "", "start": 83, "end": 115}]}, "Evidence Propositions": []}, {"Section": "CONCLUSIONS", "Text": "Cancer patients show deteriorating conditions and poor outcomes from the COVID-19 infection .", "Evidence Elements": {"Participant": [{"term": "Cancer", "negation": "affirmed", "UMLS": "", "start": 0, "end": 6}, {"term": "COVID-19 infection", "negation": "affirmed", "UMLS": "", "start": 73, "end": 91}], "Intervention": [], "Outcome": [{"term": "outcomes", "negation": "affirmed", "UMLS": "", "start": 55, "end": 63}]}, "Evidence Propositions": []}, {"Section": "METHODS", "Text": "We retrospectively studied clinical features of 28 severe Coronavirus Disease 2019 ( COVID-19 ) -infected cancer patients from three hospitals in Wuhan , China .", "Evidence Elements": {"Participant": [{"term": "severe Coronavirus Disease 2019 ( COVID-19 ) -infected cancer", "negation": "affirmed", "UMLS": "", "start": 51, "end": 112}], "Intervention": [], "Outcome": []}, "Evidence Propositions": []}, {"Section": "METHODS", "Text": "We analysed risk factors associated with occurrence of admission to an intensive care unit , usage of mechanical ventilation , or death .", "Evidence Elements": {"Participant": [], "Intervention": [], "Outcome": [{"term": "risk factors", "negation": "affirmed", "UMLS": "", "start": 12, "end": 24}, {"term": "occurrence of admission to an intensive care unit", "negation": "affirmed", "UMLS": "", "start": 41, "end": 90}, {"term": "usage of mechanical ventilation", "negation": "affirmed", "UMLS": "", "start": 93, "end": 124}]}, "Evidence Propositions": []}, {"Section": "RESULTS", "Text": "COVID-19-infected cancer patients presented poor outcomes with high occurrence of clinically severe event and mortality .", "Evidence Elements": {"Participant": [{"term": "COVID-19-infected cancer", "negation": "affirmed", "UMLS": "", "start": 0, "end": 24}], "Intervention": [], "Outcome": [{"term": "outcomes", "negation": "affirmed", "UMLS": "", "start": 49, "end": 57}, {"term": "occurrence of clinically severe event", "negation": "affirmed", "UMLS": "", "start": 68, "end": 105}, {"term": "mortality", "negation": "affirmed", "UMLS": "", "start": 110, "end": 119}]}, "Evidence Propositions": []}, {"Section": "CONCLUSIONS", "Text": "Antitumour treatment within 14 days of COVID-19 diagnosis increased the risk of developing severe events .", "Evidence Elements": {"Participant": [], "Intervention": [{"term": "Antitumour treatment within 14 days of COVID-19 diagnosis", "negation": "affirmed", "UMLS": "", "start": 0, "end": 57}], "Outcome": [{"term": "risk of developing severe events", "negation": "affirmed", "UMLS": "", "start": 72, "end": 104}]}, "Evidence Propositions": []}]}