{"doc_id": "32226289", "type of study": "Therapy", "title": "", "abstract": "A newly identified novel coronavirus (SARS-CoV-2) is causing pneumonia-associated respiratory syndrome across the world.\nEpidemiology, genomics, and pathogenesis of the SARS-CoV-2 show high homology with that of SARS-CoV. Current efforts are focusing on development of specific antiviral drugs.\nTherapeutic neutralizing antibodies (NAbs) against SARS-CoV-2 will be greatly important therapeutic agents for the treatment of coronavirus disease 2019 (COVID-19).\nHerein, the host immune responses against SARS-CoV discussed in this review provide implications for developing NAbs and understanding clinical interventions against SARS-CoV-2.\nFurther, we describe the benefits, challenges and considerations of NAbs against SARS-CoV-2.\nAlthough many challenges exist, NAbs still offer a therapeutic option to control the current pandemic and the possible re-emergence of the virus in the future, and their development therefore remains a high priority.\n", "Evidence Map": {"Enrollment": [], "Comparison Results": [], "Study Arm 1 Results": [], "Study Arm 2 Results": []}, "Sentence-level breakdown": [{"Section": "TITLE", "Text": "A newly identified novel coronavirus ( SARS-CoV-2 ) is causing pneumonia-associated respiratory syndrome across the world .", "Evidence Elements": {"Participant": [], "Intervention": [], "Outcome": []}, "Evidence Propositions": []}, {"Section": "RESULTS", "Text": "Therapeutic neutralizing antibodies ( NAbs ) against SARS-CoV-2 will be greatly important therapeutic agents for the treatment of coronavirus disease 2019 ( COVID-19 ) .", "Evidence Elements": {"Participant": [], "Intervention": [], "Outcome": []}, "Evidence Propositions": []}, {"Section": "RESULTS", "Text": "Herein , the host immune responses against SARS-CoV discussed in this review provide implications for developing NAbs and understanding clinical interventions against SARS-CoV-2 .", "Evidence Elements": {"Participant": [], "Intervention": [], "Outcome": [{"term": "host immune responses against SARS-CoV", "negation": "affirmed", "UMLS": "", "start": 13, "end": 51}]}, "Evidence Propositions": []}, {"Section": "CONCLUSIONS", "Text": "Further , we describe the benefits , challenges and considerations of NAbs against SARS-CoV-2 .", "Evidence Elements": {"Participant": [], "Intervention": [{"term": "NAbs", "negation": "affirmed", "UMLS": "", "start": 70, "end": 74}], "Outcome": []}, "Evidence Propositions": []}, {"Section": "CONCLUSIONS", "Text": "Although many challenges exist , NAbs still offer a therapeutic option to control the current pandemic and the possible re-emergence of the virus in the future , and their development therefore remains a high priority .", "Evidence Elements": {"Participant": [], "Intervention": [], "Outcome": []}, "Evidence Propositions": []}]}