{"doc_id": "32237160", "type of study": "Therapy", "title": "", "abstract": "The rapid spread of the epidemic has aroused widespread concern in the international community.\nSevere acute respiratory syndrome coronavirus 2 (SARS-COV-2) originated from Wuhan's Huanan wholesale seafood market, with bats as the likely original hosts and pangolins as potential intermediate hosts.\nThe current source of the disease is mainly patients infected with SARS-COV-2.\nPatients in the incubation period may also become sources of infection.\nThe virus is mainly transmitted via respiratory droplets and contact, and the population is generally susceptible.\nThe epidemic has progressed through the local outbreak stage and community transmission stage due to exposure at Wuhan's Huanan wholesale seafood market and is now in the stage of large-scale transmission due to the spread of the epidemic.\nThe basic productive number (R0) at the beginning of the epidemic was 2.2, with an average incubation period of 5.2 days.\nThe proportion of critically ill patients was 23.4%, the mortality rate was lower than those of SARS and Middle East respiratory syndrome, and 96.5% of deaths occurred in Hubei Province, where the outbreak occurred first.\nAmong them, elderly men with underlying diseases had a higher mortality rate.\nChinese medical staff have summarized a set of effective strategies and methods in the diagnosis and treatment of this disease that are worthy of reference for their international counterparts.\nWith powerful government intervention and the efforts of Chinese medical staff, China's outbreak has gradually improved.\nThe current source of the disease is mainly patients infected with SARS-COV-2.\nPatients in the incubation period may also become sources of infection.\nThe virus is mainly transmitted via respiratory droplets and contact, and the population is generally susceptible.\nThe proportion of critically ill patients was 23.4%, the mortality rate was lower than those of SARS and Middle East respiratory syndrome.\nAmong them, elderly men with underlying diseases had a higher mortality rate.\n", "Evidence Map": {"Enrollment": [{"term": "respiratory syndrome", "negation": "affirmed", "UMLS": "", "start": 119, "end": 139}, {"term": "elderly men with underlying diseases", "negation": "affirmed", "UMLS": "", "start": 13, "end": 49}, {"term": "SARS", "negation": "affirmed", "UMLS": "", "start": 98, "end": 102}, {"term": "elderly men with underlying diseases", "negation": "affirmed", "UMLS": "", "start": 13, "end": 49}], "Comparison Results": [], "Study Arm 1 Results": [], "Study Arm 2 Results": []}, "Sentence-level breakdown": [{"Section": "TITLE", "Text": "The rapid spread of the epidemic has aroused widespread concern in the international community .", "Evidence Elements": {"Participant": [], "Intervention": [], "Outcome": []}, "Evidence Propositions": []}, {"Section": "RESULTS", "Text": "Severe acute respiratory syndrome coronavirus 2 ( SARS-COV-2 ) originated from Wuhan 's Huanan wholesale seafood market , with bats as the likely original hosts and pangolins as potential intermediate hosts .", "Evidence Elements": {"Participant": [], "Intervention": [], "Outcome": []}, "Evidence Propositions": []}, {"Section": "RESULTS", "Text": "The current source of the disease is mainly patients infected with SARS-COV-2 .", "Evidence Elements": {"Participant": [], "Intervention": [], "Outcome": []}, "Evidence Propositions": []}, {"Section": "RESULTS", "Text": "Patients in the incubation period may also become sources of infection .", "Evidence Elements": {"Participant": [], "Intervention": [], "Outcome": []}, "Evidence Propositions": []}, {"Section": "RESULTS", "Text": "The virus is mainly transmitted via respiratory droplets and contact , and the population is generally susceptible .", "Evidence Elements": {"Participant": [], "Intervention": [], "Outcome": []}, "Evidence Propositions": []}, {"Section": "RESULTS", "Text": "The epidemic has progressed through the local outbreak stage and community transmission stage due to exposure at Wuhan 's Huanan wholesale seafood market and is now in the stage of large-scale transmission due to the spread of the epidemic .", "Evidence Elements": {"Participant": [], "Intervention": [], "Outcome": []}, "Evidence Propositions": []}, {"Section": "RESULTS", "Text": "The basic productive number ( R0 ) at the beginning of the epidemic was 2.2 , with an average incubation period of 5.2 days .", "Evidence Elements": {"Participant": [], "Intervention": [], "Outcome": [{"term": "basic productive number ( R0 )", "negation": "affirmed", "UMLS": "", "start": 4, "end": 34}]}, "Evidence Propositions": []}, {"Section": "RESULTS", "Text": "The proportion of critically ill patients was 23.4 % , the mortality rate was lower than those of SARS and Middle East respiratory syndrome , and 96.5 % of deaths occurred in Hubei Province , where the outbreak occurred first .", "Evidence Elements": {"Participant": [{"term": "respiratory syndrome", "negation": "affirmed", "UMLS": "", "start": 119, "end": 139}], "Intervention": [{"term": "SARS", "negation": "affirmed", "UMLS": "", "start": 98, "end": 102}, {"term": "Middle", "negation": "affirmed", "UMLS": "", "start": 107, "end": 113}], "Outcome": [{"term": "proportion of critically ill patients", "negation": "affirmed", "UMLS": "", "start": 4, "end": 41}, {"term": "mortality rate", "negation": "affirmed", "UMLS": "", "start": 59, "end": 73}, {"term": "deaths", "negation": "affirmed", "UMLS": "", "start": 156, "end": 162}]}, "Evidence Propositions": [{"Intervention": "SARS", "Observation": "23.4 %", "Outcome": "proportion of critically ill patients", "Count": ""}, {"Intervention": "Middle", "Observation": "23.4 %", "Outcome": "proportion of critically ill patients", "Count": ""}, {"Intervention": ["SARS", "Middle"], "Observation": "lower", "Outcome": "mortality rate", "Count": ""}, {"Intervention": "Middle", "Observation": "", "Count": "96.5 %", "Outcome": "deaths"}]}, {"Section": "RESULTS", "Text": "Among them , elderly men with underlying diseases had a higher mortality rate .", "Evidence Elements": {"Participant": [{"term": "elderly men with underlying diseases", "negation": "affirmed", "UMLS": "", "start": 13, "end": 49}], "Intervention": [], "Outcome": [{"term": "mortality", "negation": "affirmed", "UMLS": "", "start": 63, "end": 72}]}, "Evidence Propositions": []}, {"Section": "CONCLUSIONS", "Text": "Chinese medical staff have summarized a set of effective strategies and methods in the diagnosis and treatment of this disease that are worthy of reference for their international counterparts .", "Evidence Elements": {"Participant": [], "Intervention": [], "Outcome": []}, "Evidence Propositions": []}, {"Section": "CONCLUSIONS", "Text": "With powerful government intervention and the efforts of Chinese medical staff , China 's outbreak has gradually improved .", "Evidence Elements": {"Participant": [], "Intervention": [], "Outcome": []}, "Evidence Propositions": []}, {"Section": "CONCLUSIONS", "Text": "The current source of the disease is mainly patients infected with SARS-COV-2 .", "Evidence Elements": {"Participant": [], "Intervention": [], "Outcome": []}, "Evidence Propositions": []}, {"Section": "CONCLUSIONS", "Text": "Patients in the incubation period may also become sources of infection .", "Evidence Elements": {"Participant": [], "Intervention": [], "Outcome": []}, "Evidence Propositions": []}, {"Section": "CONCLUSIONS", "Text": "The virus is mainly transmitted via respiratory droplets and contact , and the population is generally susceptible .", "Evidence Elements": {"Participant": [], "Intervention": [], "Outcome": []}, "Evidence Propositions": []}, {"Section": "CONCLUSIONS", "Text": "The proportion of critically ill patients was 23.4 % , the mortality rate was lower than those of SARS and Middle East respiratory syndrome .", "Evidence Elements": {"Participant": [{"term": "SARS", "negation": "affirmed", "UMLS": "", "start": 98, "end": 102}], "Intervention": [{"term": "Middle", "negation": "affirmed", "UMLS": "", "start": 107, "end": 113}], "Outcome": [{"term": "proportion of critically ill patients", "negation": "affirmed", "UMLS": "", "start": 4, "end": 41}, {"term": "mortality rate", "negation": "affirmed", "UMLS": "", "start": 59, "end": 73}]}, "Evidence Propositions": [{"Intervention": "Middle", "Observation": "23.4 %", "Outcome": "proportion of critically ill patients", "Count": ""}, {"Intervention": ["Middle"], "Observation": "lower", "Outcome": "mortality rate", "Count": ""}]}, {"Section": "CONCLUSIONS", "Text": "Among them , elderly men with underlying diseases had a higher mortality rate .", "Evidence Elements": {"Participant": [{"term": "elderly men with underlying diseases", "negation": "affirmed", "UMLS": "", "start": 13, "end": 49}], "Intervention": [], "Outcome": [{"term": "mortality", "negation": "affirmed", "UMLS": "", "start": 63, "end": 72}]}, "Evidence Propositions": []}]}