{"doc_id": "32232230", "type of study": "Therapy", "title": "", "abstract": "The newly emerged coronavirus disease (COVID-19) is a respiratory disease caused by a novel coronavirus (2019-nCoV) which was first identified in China in December 2019.\nIt is a highly contagious infection that can spread from person to person through close contact and respiratory droplets.\nThe healthcare personnel of the Department of Oral and Maxillofacial Surgery are especially vulnerable to the infection due to their extensive and close exposure to patients' oral and nasal cavities and secretions.\nAs one of the busiest specialised hospitals in the world, the Department of Oral and Maxillofacial Surgery of Peking University School and Hospital of Stomatology summarised the experience with disease prevention and control and clinical recommendations on the examination, diagnosis and treatment processes, clinical management, healthcare personnel protection and disinfection amid the continued spread of the pandemic.\n", "Evidence Map": {"Enrollment": [], "Comparison Results": [], "Study Arm 1 Results": [], "Study Arm 2 Results": []}, "Sentence-level breakdown": [{"Section": "TITLE", "Text": "The newly emerged coronavirus disease ( COVID-19 ) is a respiratory disease caused by a novel coronavirus ( 2019-nCoV ) which was first identified in China in December 2019 .", "Evidence Elements": {"Participant": [], "Intervention": [], "Outcome": []}, "Evidence Propositions": []}, {"Section": "RESULTS", "Text": "The healthcare personnel of the Department of Oral and Maxillofacial Surgery are especially vulnerable to the infection due to their extensive and close exposure to patients ' oral and nasal cavities and secretions .", "Evidence Elements": {"Participant": [], "Intervention": [], "Outcome": []}, "Evidence Propositions": []}, {"Section": "CONCLUSIONS", "Text": "As one of the busiest specialised hospitals in the world , the Department of Oral and Maxillofacial Surgery of Peking University School and Hospital of Stomatology summarised the experience with disease prevention and control and clinical recommendations on the examination , diagnosis and treatment processes , clinical management , healthcare personnel protection and disinfection amid the continued spread of the pandemic .", "Evidence Elements": {"Participant": [], "Intervention": [], "Outcome": [{"term": "management", "negation": "affirmed", "UMLS": "", "start": 321, "end": 331}, {"term": "healthcare personnel protection", "negation": "affirmed", "UMLS": "", "start": 334, "end": 365}]}, "Evidence Propositions": []}]}