{"doc_id": "32234130", "type of study": "Therapy", "title": "", "abstract": "The outbreak of 2019-novel coronavirus (2019-nCoV) infection poses a serious threat to global public health.\nVaccination is an effective way to prevent the epidemic of the virus.\n2019-nCoV along with severe acute respiratory syndrome coronavirus (SARS-CoV) and Middle East respiratory syndrome coronavirus (MERS-CoV) belong to the same beta-genus of coronavirus family.\nBasing on the previous experience and the technical platform of developing SARS-CoV and MERS-CoV vaccines, scientists from all over the world are working hard and quickly on the related fields.\nThere are substantial progress in these fields including characterizing the 2019-nCoV virus, identification of candidate antigens and epitopes, establishment of animal models, characterizing the immune responses, and the design of vaccines.\nThe development of 2019-nCoV vaccines covers all types: inactivated virus vaccine, recombinant protein vaccine, viral vector-based vaccine, mRNA vaccine, and DNA vaccine, et al. As of March 2020, two 2019-nCoV vaccines have entered phase I clinical trials.\nOne is named as Ad5-nCoV developed by the Chinese Institute of Biotechnology of the Academy of Military Medical Sciences and Tianjin Cansino Biotechnology Inc. Ad5-nCoV is based on the replication-defective adenovirus type 5 as the vector to express 2019-nCoV spike protein.\nThe another vaccine is mRNA-1273 developed by the National Institute of Allergy and Infectious Diseases and Moderna, Inc.. RNA-1273 is an mRNA vaccine expressing 2019-nCoV spike protein.\nAlthough the rapid development of 2019-nCoV vaccine, it still faces many unknown challenges, including the antigenic characteristics of the 2019-nCoV, the influence of antigenic variation, the protective immune response of host, the protection of the elderly population, and the downstream manufacturing process of the new vaccine.\nThe safety and efficacy of vaccines are the first priority for vaccine development and should be carefully evaluated.\n", "Evidence Map": {"Enrollment": [], "Comparison Results": [], "Study Arm 1 Results": [], "Study Arm 2 Results": []}, "Sentence-level breakdown": [{"Section": "TITLE", "Text": "The outbreak of 2019-novel coronavirus ( 2019-nCoV ) infection poses a serious threat to global public health .", "Evidence Elements": {"Participant": [], "Intervention": [], "Outcome": []}, "Evidence Propositions": []}, {"Section": "RESULTS", "Text": "2019-nCoV along with severe acute respiratory syndrome coronavirus ( SARS-CoV ) and Middle East respiratory syndrome coronavirus ( MERS-CoV ) belong to the same beta-genus of coronavirus family .", "Evidence Elements": {"Participant": [], "Intervention": [], "Outcome": []}, "Evidence Propositions": []}, {"Section": "RESULTS", "Text": "Basing on the previous experience and the technical platform of developing SARS-CoV and MERS-CoV vaccines , scientists from all over the world are working hard and quickly on the related fields .", "Evidence Elements": {"Participant": [], "Intervention": [], "Outcome": []}, "Evidence Propositions": []}, {"Section": "RESULTS", "Text": "There are substantial progress in these fields including characterizing the 2019-nCoV virus , identification of candidate antigens and epitopes , establishment of animal models , characterizing the immune responses , and the design of vaccines .", "Evidence Elements": {"Participant": [], "Intervention": [], "Outcome": []}, "Evidence Propositions": []}, {"Section": "RESULTS", "Text": "The development of 2019-nCoV vaccines covers all types : inactivated virus vaccine , recombinant protein vaccine , viral vector-based vaccine , mRNA vaccine , and DNA vaccine , et al . As of March 2020 , two 2019-nCoV vaccines have entered phase I clinical trials .", "Evidence Elements": {"Participant": [], "Intervention": [{"term": "vaccine", "negation": "affirmed", "UMLS": "", "start": 29, "end": 36}, {"term": "vaccine", "negation": "affirmed", "UMLS": "", "start": 29, "end": 36}, {"term": "vaccine", "negation": "affirmed", "UMLS": "", "start": 29, "end": 36}, {"term": "vaccine", "negation": "affirmed", "UMLS": "", "start": 29, "end": 36}, {"term": "DNA vaccine", "negation": "affirmed", "UMLS": "", "start": 163, "end": 174}], "Outcome": []}, "Evidence Propositions": []}, {"Section": "RESULTS", "Text": "One is named as Ad5-nCoV developed by the Chinese Institute of Biotechnology of the Academy of Military Medical Sciences and Tianjin Cansino Biotechnology Inc . Ad5-nCoV is based on the replication-defective adenovirus type 5 as the vector to express 2019-nCoV spike protein .", "Evidence Elements": {"Participant": [], "Intervention": [], "Outcome": []}, "Evidence Propositions": []}, {"Section": "RESULTS", "Text": "The another vaccine is mRNA-1273 developed by the National Institute of Allergy and Infectious Diseases and Moderna , Inc . . RNA-1273 is an mRNA vaccine expressing 2019-nCoV spike protein .", "Evidence Elements": {"Participant": [], "Intervention": [], "Outcome": []}, "Evidence Propositions": []}, {"Section": "RESULTS", "Text": "Although the rapid development of 2019-nCoV vaccine , it still faces many unknown challenges , including the antigenic characteristics of the 2019-nCoV , the influence of antigenic variation , the protective immune response of host , the protection of the elderly population , and the downstream manufacturing process of the new vaccine .", "Evidence Elements": {"Participant": [], "Intervention": [], "Outcome": []}, "Evidence Propositions": []}, {"Section": "CONCLUSIONS", "Text": "The safety and efficacy of vaccines are the first priority for vaccine development and should be carefully evaluated .", "Evidence Elements": {"Participant": [], "Intervention": [], "Outcome": []}, "Evidence Propositions": []}]}