{"doc_id": "32230900", "type of study": "Therapy", "title": "", "abstract": "The outbreak of emerging severe acute respiratory syndrome coronavirus 2 (SARS-CoV-2) disease (COVID-19) in China has been brought to global attention and declared a pandemic by the World Health Organization (WHO) on March 11, 2020.\nScientific advancements since the pandemic of severe acute respiratory syndrome (SARS) in 2002~2003 and Middle East respiratory syndrome (MERS) in 2012 have accelerated our understanding of the epidemiology and pathogenesis of SARS-CoV-2 and the development of therapeutics to treat viral infection.\nAs no specific therapeutics and vaccines are available for disease control, the epidemic of COVID-19 is posing a great threat for global public health.\nTo provide a comprehensive summary to public health authorities and potential readers worldwide, we detail the present understanding of COVID-19 and introduce the current state of development of measures in this review.\n", "Evidence Map": {"Enrollment": [], "Comparison Results": [], "Study Arm 1 Results": [], "Study Arm 2 Results": []}, "Sentence-level breakdown": [{"Section": "TITLE", "Text": "The outbreak of emerging severe acute respiratory syndrome coronavirus 2 ( SARS-CoV-2 ) disease ( COVID-19 ) in China has been brought to global attention and declared a pandemic by the World Health Organization ( WHO ) on March 11 , 2020 .", "Evidence Elements": {"Participant": [], "Intervention": [], "Outcome": []}, "Evidence Propositions": []}, {"Section": "CONCLUSIONS", "Text": "To provide a comprehensive summary to public health authorities and potential readers worldwide , we detail the present understanding of COVID-19 and introduce the current state of development of measures in this review .", "Evidence Elements": {"Participant": [], "Intervention": [], "Outcome": []}, "Evidence Propositions": []}]}