{"doc_id": "32234468", "type of study": "Therapy", "title": "", "abstract": "The mean incubation period is 2-14 days, and the basic reproduction number is 2.24-3.58.\nCOVID-19 infection should be diagnosed clinically with typical respiratory syndromes coupled with recent exposure.\nChest computerized tomography (CT) could facilitate early diagnosis.\nPublic health measures, such as isolation, quarantine, social distancing and community containment, can curb COVID-19.\nClinical trials assessing antivirals, chloroquine, hydroxychloroquine, glucocorticoids, convalescent plasma transfusion against COVID-19.\nIn December 2019, the outbreak of the novel coronavirus disease (COVID-19) in China spread worldwide, becoming an emergency of major international concern.\nSARS-CoV-2 infection causes clusters of severe respiratory illness similar to severe acute respiratory syndrome coronavirus.\nHuman-to-human transmission via droplets, contaminated hands or surfaces has been described, with incubation times of 2-14 days.\nEarly diagnosis, quarantine, and supportive treatments are essential to cure patients.\nThis paper reviews the literature on all available information about the epidemiology, diagnosis, isolation and treatments of COVID-19.\nTreatments, including antiviral agents, chloroquine and hydroxychloroquine, corticosteroids, antibodies, convalescent plasma transfusion and vaccines, are discussed in this article.\nIn addition, registered trials investigating treatment options for COVID-19 infection are listed.\n", "Evidence Map": {"Enrollment": [{"term": "COVID-19 infection", "negation": "affirmed", "UMLS": "", "start": 68, "end": 86}], "Comparison Results": [], "Study Arm 1 Results": [], "Study Arm 2 Results": []}, "Sentence-level breakdown": [{"Section": "TITLE", "Text": "The mean incubation period is 2-14 days , and the basic reproduction number is 2.24-3.58 .", "Evidence Elements": {"Participant": [], "Intervention": [], "Outcome": [{"term": "mean incubation period", "negation": "affirmed", "UMLS": "", "start": 4, "end": 26}, {"term": "basic reproduction number", "negation": "affirmed", "UMLS": "", "start": 50, "end": 75}]}, "Evidence Propositions": []}, {"Section": "METHODS", "Text": "Clinical trials assessing antivirals , chloroquine , hydroxychloroquine , glucocorticoids , convalescent plasma transfusion against COVID-19 .", "Evidence Elements": {"Participant": [], "Intervention": [{"term": "antivirals", "negation": "affirmed", "UMLS": "", "start": 26, "end": 36}, {"term": "chloroquine", "negation": "affirmed", "UMLS": "", "start": 39, "end": 50}, {"term": "hydroxychloroquine", "negation": "affirmed", "UMLS": "", "start": 53, "end": 71}, {"term": "glucocorticoids", "negation": "affirmed", "UMLS": "", "start": 74, "end": 89}, {"term": "convalescent", "negation": "affirmed", "UMLS": "", "start": 92, "end": 104}], "Outcome": []}, "Evidence Propositions": []}, {"Section": "RESULTS", "Text": "In December 2019 , the outbreak of the novel coronavirus disease ( COVID-19 ) in China spread worldwide , becoming an emergency of major international concern .", "Evidence Elements": {"Participant": [], "Intervention": [], "Outcome": []}, "Evidence Propositions": []}, {"Section": "RESULTS", "Text": "SARS-CoV-2 infection causes clusters of severe respiratory illness similar to severe acute respiratory syndrome coronavirus .", "Evidence Elements": {"Participant": [], "Intervention": [], "Outcome": []}, "Evidence Propositions": []}, {"Section": "RESULTS", "Text": "Human-to-human transmission via droplets , contaminated hands or surfaces has been described , with incubation times of 2-14 days .", "Evidence Elements": {"Participant": [], "Intervention": [], "Outcome": [{"term": "Human-to-human transmission", "negation": "affirmed", "UMLS": "", "start": 0, "end": 27}]}, "Evidence Propositions": []}, {"Section": "RESULTS", "Text": "Early diagnosis , quarantine , and supportive treatments are essential to cure patients .", "Evidence Elements": {"Participant": [], "Intervention": [], "Outcome": []}, "Evidence Propositions": []}, {"Section": "RESULTS", "Text": "This paper reviews the literature on all available information about the epidemiology , diagnosis , isolation and treatments of COVID-19 .", "Evidence Elements": {"Participant": [], "Intervention": [], "Outcome": []}, "Evidence Propositions": []}, {"Section": "RESULTS", "Text": "Treatments , including antiviral agents , chloroquine and hydroxychloroquine , corticosteroids , antibodies , convalescent plasma transfusion and vaccines , are discussed in this article .", "Evidence Elements": {"Participant": [], "Intervention": [{"term": "hydroxychloroquine", "negation": "affirmed", "UMLS": "", "start": 58, "end": 76}], "Outcome": [{"term": "antiviral agents", "negation": "affirmed", "UMLS": "", "start": 23, "end": 39}, {"term": "chloroquine", "negation": "affirmed", "UMLS": "", "start": 42, "end": 53}, {"term": "corticosteroids", "negation": "affirmed", "UMLS": "", "start": 79, "end": 94}, {"term": "antibodies", "negation": "affirmed", "UMLS": "", "start": 97, "end": 107}, {"term": "convalescent plasma transfusion", "negation": "affirmed", "UMLS": "", "start": 110, "end": 141}, {"term": "vaccines", "negation": "affirmed", "UMLS": "", "start": 146, "end": 154}]}, "Evidence Propositions": []}, {"Section": "CONCLUSIONS", "Text": "In addition , registered trials investigating treatment options for COVID-19 infection are listed .", "Evidence Elements": {"Participant": [{"term": "COVID-19 infection", "negation": "affirmed", "UMLS": "", "start": 68, "end": 86}], "Intervention": [], "Outcome": []}, "Evidence Propositions": []}]}