{"doc_id": "32231345", "type of study": "Therapy", "title": "", "abstract": "The recent outbreak of coronavirus disease (COVID-19) caused by SARS-CoV-2 infection in Wuhan, China has posed a serious threat to global public health.\nTo develop specific anti-coronavirus therapeutics and prophylactics, the molecular mechanism that underlies viral infection must first be defined.\nTherefore, we herein established a SARS-CoV-2 spike (S) protein-mediated cell-cell fusion assay and found that SARS-CoV-2 showed a superior plasma membrane fusion capacity compared to that of SARS-CoV. We solved the X-ray crystal structure of six-helical bundle (6-HB) core of the HR1 and HR2 domains in the SARS-CoV-2 S protein S2 subunit, revealing that several mutated amino acid residues in the HR1 domain may be associated with enhanced interactions with the HR2 domain.\nWe previously developed a pan-coronavirus fusion inhibitor, EK1, which targeted the HR1 domain and could inhibit infection by divergent human coronaviruses tested, including SARS-CoV and MERS-CoV. Here we generated a series of lipopeptides derived from EK1 and found that EK1C4 was the most potent fusion inhibitor against SARS-CoV-2 S protein-mediated membrane fusion and pseudovirus infection with IC50s of 1.3 and 15.8 nM, about 241- and 149-fold more potent than the original EK1 peptide, respectively.\nEK1C4 was also highly effective against membrane fusion and infection of other human coronavirus pseudoviruses tested, including SARS-CoV and MERS-CoV, as well as SARSr-CoVs, and potently inhibited the replication of 5 live human coronaviruses examined, including SARS-CoV-2.\nIntranasal application of EK1C4 before or after challenge with HCoV-OC43 protected mice from infection, suggesting that EK1C4 could be used for prevention and treatment of infection by the currently circulating SARS-CoV-2 and other emerging SARSr-CoVs.\n", "Evidence Map": {"Enrollment": [{"term": "SARS-CoV-2 S protein-mediated membrane fusion", "negation": "affirmed", "UMLS": "", "start": 327, "end": 372}], "Comparison Results": [], "Study Arm 1 Results": [], "Study Arm 2 Results": []}, "Sentence-level breakdown": [{"Section": "TITLE", "Text": "The recent outbreak of coronavirus disease ( COVID-19 ) caused by SARS-CoV-2 infection in Wuhan , China has posed a serious threat to global public health .", "Evidence Elements": {"Participant": [], "Intervention": [], "Outcome": []}, "Evidence Propositions": []}, {"Section": "OBJECTIVE", "Text": "To develop specific anti-coronavirus therapeutics and prophylactics , the molecular mechanism that underlies viral infection must first be defined .", "Evidence Elements": {"Participant": [], "Intervention": [], "Outcome": []}, "Evidence Propositions": []}, {"Section": "RESULTS", "Text": "Therefore , we herein established a SARS-CoV-2 spike ( S ) protein-mediated cell-cell fusion assay and found that SARS-CoV-2 showed a superior plasma membrane fusion capacity compared to that of SARS-CoV . We solved the X-ray crystal structure of six-helical bundle ( 6-HB ) core of the HR1 and HR2 domains in the SARS-CoV-2 S protein S2 subunit , revealing that several mutated amino acid residues in the HR1 domain may be associated with enhanced interactions with the HR", "Evidence Elements": {"Participant": [], "Intervention": [{"term": "SARS-CoV-2 spike ( S ) protein-mediated cell-cell fusion", "negation": "affirmed", "UMLS": "", "start": 36, "end": 92}, {"term": "SARS-CoV-2", "negation": "affirmed", "UMLS": "", "start": 36, "end": 46}, {"term": "SARS-CoV", "negation": "affirmed", "UMLS": "", "start": 36, "end": 44}, {"term": "six-helical bundle ( 6-HB ) core", "negation": "affirmed", "UMLS": "", "start": 247, "end": 279}, {"term": "several mutated amino acid residues in", "negation": "affirmed", "UMLS": "", "start": 363, "end": 401}, {"term": "domain", "negation": "affirmed", "UMLS": "", "start": 299, "end": 305}], "Outcome": [{"term": "plasma membrane fusion capacity", "negation": "affirmed", "UMLS": "", "start": 143, "end": 174}]}, "Evidence Propositions": []}, {"Section": "RESULTS", "Text": "We previously developed a pan-coronavirus fusion inhibitor , EK1 , which targeted the HR1 domain and could inhibit infection by divergent human coronaviruses tested , including SARS-CoV and MERS-CoV . Here we generated a series of lipopeptides derived from EK1 and found that EK1C4 was the most potent fusion inhibitor against SARS-CoV-2 S protein-mediated membrane fusion and pseudovirus infection with IC50s of 1.3 and 15.8 nM , about 241- and 149-fold more potent than the original", "Evidence Elements": {"Participant": [{"term": "SARS-CoV-2 S protein-mediated membrane fusion", "negation": "affirmed", "UMLS": "", "start": 327, "end": 372}], "Intervention": [{"term": "EK1C4", "negation": "affirmed", "UMLS": "", "start": 276, "end": 281}], "Outcome": [{"term": "fusion inhibitor", "negation": "affirmed", "UMLS": "", "start": 42, "end": 58}, {"term": "pseudovirus infection", "negation": "affirmed", "UMLS": "", "start": 377, "end": 398}, {"term": "IC50s", "negation": "affirmed", "UMLS": "", "start": 404, "end": 409}]}, "Evidence Propositions": [{"Intervention": [], "Observation": "most potent", "Outcome": "", "Count": ""}, {"Intervention": "EK1C4", "Observation": "1.3", "Outcome": "pseudovirus infection", "Count": ""}, {"Intervention": "EK1C4", "Observation": "1.3", "Outcome": "IC50s", "Count": ""}, {"Intervention": "EK1C4", "Observation": "15.8 nM", "Outcome": "pseudovirus infection", "Count": ""}, {"Intervention": "EK1C4", "Observation": "15.8 nM", "Outcome": "IC50s", "Count": ""}, {"Intervention": [], "Observation": "149-fold more potent", "Outcome": "", "Count": ""}]}, {"Section": "RESULTS", "Text": "EK1C4 was also highly effective against membrane fusion and infection of other human coronavirus pseudoviruses tested , including SARS-CoV and MERS-CoV , as well as SARSr-CoVs , and potently inhibited the replication of 5 live human coronaviruses examined , including SARS-CoV-2 .", "Evidence Elements": {"Participant": [], "Intervention": [{"term": "EK1C4", "negation": "affirmed", "UMLS": "", "start": 0, "end": 5}], "Outcome": [{"term": "membrane fusion", "negation": "affirmed", "UMLS": "", "start": 40, "end": 55}, {"term": "infection", "negation": "affirmed", "UMLS": "", "start": 60, "end": 69}, {"term": "human coronavirus pseudoviruses", "negation": "affirmed", "UMLS": "", "start": 79, "end": 110}, {"term": "SARS-CoV", "negation": "affirmed", "UMLS": "", "start": 130, "end": 138}, {"term": "MERS-CoV", "negation": "affirmed", "UMLS": "", "start": 143, "end": 151}, {"term": "SARSr-CoVs", "negation": "affirmed", "UMLS": "", "start": 165, "end": 175}, {"term": "replication", "negation": "affirmed", "UMLS": "", "start": 205, "end": 216}, {"term": "live human coronaviruses", "negation": "affirmed", "UMLS": "", "start": 222, "end": 246}]}, "Evidence Propositions": [{"Intervention": "EK1C4", "Observation": "highly effective", "Outcome": "membrane fusion", "Count": ""}, {"Intervention": "EK1C4", "Observation": "highly effective", "Outcome": "infection", "Count": ""}, {"Intervention": "EK1C4", "Observation": "highly effective", "Outcome": "human coronavirus pseudoviruses", "Count": ""}, {"Intervention": "EK1C4", "Observation": "highly effective", "Outcome": "SARSr-CoVs", "Count": ""}, {"Intervention": "EK1C4", "Observation": "potently inhibited", "Outcome": "replication", "Count": ""}, {"Intervention": "EK1C4", "Observation": "potently inhibited", "Outcome": "live human coronaviruses", "Count": ""}]}, {"Section": "CONCLUSIONS", "Text": "Intranasal application of EK1C4 before or after challenge with HCoV-OC43 protected mice from infection , suggesting that EK1C4 could be used for prevention and treatment of infection by the currently circulating SARS-CoV-2 and other emerging SARSr-CoVs .", "Evidence Elements": {"Participant": [], "Intervention": [{"term": "EK1C4", "negation": "affirmed", "UMLS": "", "start": 26, "end": 31}], "Outcome": [{"term": "infection", "negation": "affirmed", "UMLS": "", "start": 93, "end": 102}]}, "Evidence Propositions": [{"Intervention": "EK1C4", "Observation": "protected", "Outcome": "infection", "Count": ""}]}]}