{"doc_id": "32235575", "type of study": "Therapy", "title": "", "abstract": "The recent severe acute respiratory syndrome coronavirus 2 (SARS-CoV-2, previously known as 2019-nCoV) outbreak has engulfed an unprepared world amidst a festive season.\nThe zoonotic SARS-CoV-2, believed to have originated from infected bats, is the seventh member of enveloped RNA coronavirus.\nSpecifically, the overall genome sequence of the SARS-CoV-2 is 96.2% identical to that of bat coronavirus termed BatCoV RaTG13.\nAlthough the current mortality rate of 2% is significantly lower than that of SARS (9.6%) and Middle East respiratory syndrome (MERS) (35%), SARS-CoV-2 is highly contagious and transmissible from human to human with an incubation period of up to 24 days.\nSome statistical studies have shown that, on average, one infected patient may lead to a subsequent 5.7 confirmed cases.\nSince the first reported case of coronavirus disease 2019 (COVID-19) caused by the SARS-CoV-2 on December 1, 2019, in Wuhan, China, there has been a total of 60,412 confirmed cases with 1370 fatalities reported in 25 different countries as of February 13, 2020.\nThe outbreak has led to severe impacts on social health and the economy at various levels.\nThis paper is a review of the significant, continuous global effort that was made to respond to the outbreak in the first 75 days.\nAlthough no vaccines have been discovered yet, a series of containment measures have been implemented by various governments, especially in China, in the effort to prevent further outbreak, whilst various medical treatment approaches have been used to successfully treat infected patients.\nOn the basis of current studies, it would appear that the combined antiviral treatment has shown the highest success rate.\nThis review aims to critically summarize the most recent advances in understanding the coronavirus, as well as the strategies in prevention and treatment.\n", "Evidence Map": {"Enrollment": [], "Comparison Results": [], "Study Arm 1 Results": [], "Study Arm 2 Results": []}, "Sentence-level breakdown": [{"Section": "TITLE", "Text": "The recent severe acute respiratory syndrome coronavirus 2 ( SARS-CoV-2 , previously known as 2019-nCoV ) outbreak has engulfed an unprepared world amidst a festive season .", "Evidence Elements": {"Participant": [], "Intervention": [], "Outcome": []}, "Evidence Propositions": []}, {"Section": "RESULTS", "Text": "The zoonotic SARS-CoV-2 , believed to have originated from infected bats , is the seventh member of enveloped RNA coronavirus .", "Evidence Elements": {"Participant": [], "Intervention": [], "Outcome": []}, "Evidence Propositions": []}, {"Section": "RESULTS", "Text": "Specifically , the overall genome sequence of the SARS-CoV-2 is 96.2 % identical to that of bat coronavirus termed BatCoV RaTG13 .", "Evidence Elements": {"Participant": [], "Intervention": [{"term": "SARS-CoV-2", "negation": "affirmed", "UMLS": "", "start": 50, "end": 60}, {"term": "bat", "negation": "affirmed", "UMLS": "", "start": 92, "end": 95}], "Outcome": [{"term": "overall genome sequence", "negation": "affirmed", "UMLS": "", "start": 19, "end": 42}]}, "Evidence Propositions": [{"Intervention": "SARS-CoV-2", "Observation": "96.2 % identical", "Outcome": "overall genome sequence", "Count": ""}, {"Intervention": "bat", "Observation": "96.2 % identical", "Outcome": "overall genome sequence", "Count": ""}]}, {"Section": "RESULTS", "Text": "Although the current mortality rate of 2 % is significantly lower than that of SARS ( 9.6 % ) and Middle East respiratory syndrome ( MERS ) ( 35 % ) , SARS-CoV-2 is highly contagious and transmissible from human to human with an incubation period of up to 24 days .", "Evidence Elements": {"Participant": [], "Intervention": [{"term": "SARS", "negation": "affirmed", "UMLS": "", "start": 79, "end": 83}, {"term": "SARS-CoV-2", "negation": "affirmed", "UMLS": "", "start": 151, "end": 161}], "Outcome": [{"term": "current mortality rate", "negation": "affirmed", "UMLS": "", "start": 13, "end": 35}, {"term": "Middle East respiratory syndrome ( MERS )", "negation": "affirmed", "UMLS": "", "start": 98, "end": 139}]}, "Evidence Propositions": [{"Intervention": "SARS-CoV-2", "Observation": "2 %", "Outcome": "current mortality rate", "Count": ""}, {"Intervention": ["SARS"], "Observation": "significantly lower", "Outcome": "current mortality rate", "Count": ""}, {"Intervention": "SARS", "Observation": "9.6 %", "Outcome": "current mortality rate", "Count": ""}]}, {"Section": "RESULTS", "Text": "Some statistical studies have shown that , on average , one infected patient may lead to a subsequent 5.7 confirmed cases .", "Evidence Elements": {"Participant": [], "Intervention": [], "Outcome": []}, "Evidence Propositions": []}, {"Section": "RESULTS", "Text": "Since the first reported case of coronavirus disease 2019 ( COVID-19 ) caused by the SARS-CoV-2 on December 1 , 2019 , in Wuhan , China , there has been a total of 60,412 confirmed cases with 1370 fatalities reported in 25 different countries as of February 13 , 2020 .", "Evidence Elements": {"Participant": [], "Intervention": [], "Outcome": []}, "Evidence Propositions": []}, {"Section": "RESULTS", "Text": "The outbreak has led to severe impacts on social health and the economy at various levels .", "Evidence Elements": {"Participant": [], "Intervention": [], "Outcome": []}, "Evidence Propositions": []}, {"Section": "RESULTS", "Text": "This paper is a review of the significant , continuous global effort that was made to respond to the outbreak in the first 75 days .", "Evidence Elements": {"Participant": [], "Intervention": [], "Outcome": []}, "Evidence Propositions": []}, {"Section": "RESULTS", "Text": "Although no vaccines have been discovered yet , a series of containment measures have been implemented by various governments , especially in China , in the effort to prevent further outbreak , whilst various medical treatment approaches have been used to successfully treat infected patients .", "Evidence Elements": {"Participant": [], "Intervention": [], "Outcome": []}, "Evidence Propositions": []}, {"Section": "RESULTS", "Text": "On the basis of current studies , it would appear that the combined antiviral treatment has shown the highest success rate .", "Evidence Elements": {"Participant": [], "Intervention": [], "Outcome": [{"term": "success", "negation": "affirmed", "UMLS": "", "start": 110, "end": 117}]}, "Evidence Propositions": []}, {"Section": "CONCLUSIONS", "Text": "This review aims to critically summarize the most recent advances in understanding the coronavirus , as well as the strategies in prevention and treatment .", "Evidence Elements": {"Participant": [], "Intervention": [], "Outcome": []}, "Evidence Propositions": []}]}