{"doc_id": "32234466", "type of study": "Therapy", "title": "", "abstract": "As of 3 March 2020, COVID-19 has spread rapidly in 46 countries, causing >90 000 confirmed cases and >2946 deaths.\nDetection methods for SARS-CoV-2 include RT-qPCR and SHERLOCK technique.\nFour structural proteins are essential for SARS-CoV-2 assembly and infection, comprising the S, M, E and N proteins.\nPangolin may be a potential intermediate host for SARS-CoV-2.\nAntiviral therapy, cellular therapy, immunotherapy and Chinese medicine may be promising therapeutic strategies.\nCoronavirus disease 2019 (COVID-19) originated in the city of Wuhan, Hubei Province, Central China, and has spread quickly to 72 countries to date.\nCOVID-19 is caused by a novel coronavirus, named severe acute respiratory syndrome coronavirus 2 (SARS-CoV-2) [previously provisionally known as 2019 novel coronavirus (2019-nCoV)].\nAt present, the newly identified SARS-CoV-2 has caused a large number of deaths with tens of thousands of confirmed cases worldwide, posing a serious threat to public health.\nHowever, there are no clinically approved vaccines or specific therapeutic drugs available for COVID-19.\nIntensive research on the newly emerged SARS-CoV-2 is urgently needed to elucidate the pathogenic mechanisms and epidemiological characteristics and to identify potential drug targets, which will contribute to the development of effective prevention and treatment strategies.\nHence, this review will focus on recent progress regarding the structure of SARS-CoV-2 and the characteristics of COVID-19, such as the aetiology, pathogenesis and epidemiological characteristics.\n", "Evidence Map": {"Enrollment": [], "Comparison Results": [], "Study Arm 1 Results": [], "Study Arm 2 Results": []}, "Sentence-level breakdown": [{"Section": "TITLE", "Text": "As of 3 March 2020 , COVID-19 has spread rapidly in 46 countries , causing > 90 000 confirmed cases and > 2946 deaths .", "Evidence Elements": {"Participant": [], "Intervention": [], "Outcome": []}, "Evidence Propositions": []}, {"Section": "RESULTS", "Text": "Detection methods for SARS-CoV-2 include RT-qPCR and SHERLOCK technique .", "Evidence Elements": {"Participant": [], "Intervention": [], "Outcome": []}, "Evidence Propositions": []}, {"Section": "RESULTS", "Text": "Four structural proteins are essential for SARS-CoV-2 assembly and infection , comprising the S , M , E and N proteins .", "Evidence Elements": {"Participant": [], "Intervention": [], "Outcome": []}, "Evidence Propositions": []}, {"Section": "RESULTS", "Text": "Pangolin may be a potential intermediate host for SARS-CoV-2 .", "Evidence Elements": {"Participant": [], "Intervention": [], "Outcome": []}, "Evidence Propositions": []}, {"Section": "RESULTS", "Text": "Antiviral therapy , cellular therapy , immunotherapy and Chinese medicine may be promising therapeutic strategies .", "Evidence Elements": {"Participant": [], "Intervention": [], "Outcome": []}, "Evidence Propositions": []}, {"Section": "RESULTS", "Text": "Coronavirus disease 2019 ( COVID-19 ) originated in the city of Wuhan , Hubei Province , Central China , and has spread quickly to 72 countries to date .", "Evidence Elements": {"Participant": [], "Intervention": [], "Outcome": []}, "Evidence Propositions": []}, {"Section": "RESULTS", "Text": "COVID-19 is caused by a novel coronavirus , named severe acute respiratory syndrome coronavirus 2 ( SARS-CoV-2 ) [ previously provisionally known as 2019 novel coronavirus ( 2019-nCoV ) ] .", "Evidence Elements": {"Participant": [], "Intervention": [], "Outcome": []}, "Evidence Propositions": []}, {"Section": "RESULTS", "Text": "At present , the newly identified SARS-CoV-2 has caused a large number of deaths with tens of thousands of confirmed cases worldwide , posing a serious threat to public health .", "Evidence Elements": {"Participant": [], "Intervention": [], "Outcome": []}, "Evidence Propositions": []}, {"Section": "RESULTS", "Text": "However , there are no clinically approved vaccines or specific therapeutic drugs available for COVID-19 .", "Evidence Elements": {"Participant": [], "Intervention": [], "Outcome": []}, "Evidence Propositions": []}, {"Section": "RESULTS", "Text": "Intensive research on the newly emerged SARS-CoV-2 is urgently needed to elucidate the pathogenic mechanisms and epidemiological characteristics and to identify potential drug targets , which will contribute to the development of effective prevention and treatment strategies .", "Evidence Elements": {"Participant": [], "Intervention": [], "Outcome": []}, "Evidence Propositions": []}, {"Section": "CONCLUSIONS", "Text": "Hence , this review will focus on recent progress regarding the structure of SARS-CoV-2 and the characteristics of COVID-19 , such as the aetiology , pathogenesis and epidemiological characteristics .", "Evidence Elements": {"Participant": [], "Intervention": [], "Outcome": []}, "Evidence Propositions": []}]}