{"doc_id": "32233018", "type of study": "Therapy", "title": "", "abstract": "A novel RNA betacoronavirus causing coronavirus disease 2019 (Covid-19) has now been declared pandemic disease by WHO.\nGuo et al published the first report of biochemical features in patients with diabetes and the further risk that this disease can determine to the progression of Covid-19.\nAmong different cytokines found significantly higher in patients with diabetes compared to those without, Interleukin-6 (IL-6), which is already increased in conditions of chronic inflammation, may play a more deleterious role in Covid-19 infection.\nTargeting the overexpression of Il-6 effects with a monoclonal antibody against IL-6 receptor or using Janus Kinase inhibitors may be particularly helpful for treatment of Covid-19 pneumonia in diabetes.\n", "Evidence Map": {"Enrollment": [{"term": "diabetes", "negation": "affirmed", "UMLS": "", "start": 78, "end": 86}, {"term": "Covid-19 pneumonia", "negation": "affirmed", "UMLS": "", "start": 172, "end": 190}, {"term": "diabetes", "negation": "affirmed", "UMLS": "", "start": 194, "end": 202}], "Comparison Results": [], "Study Arm 1 Results": [], "Study Arm 2 Results": []}, "Sentence-level breakdown": [{"Section": "TITLE", "Text": "A novel RNA betacoronavirus causing coronavirus disease 2019 ( Covid-19 ) has now been declared pandemic disease by WHO .", "Evidence Elements": {"Participant": [], "Intervention": [], "Outcome": []}, "Evidence Propositions": []}, {"Section": "RESULTS", "Text": "Guo et al published the first report of biochemical features in patients with diabetes and the further risk that this disease can determine to the progression of Covid-19 .", "Evidence Elements": {"Participant": [{"term": "diabetes", "negation": "affirmed", "UMLS": "", "start": 78, "end": 86}], "Intervention": [], "Outcome": [{"term": "biochemical features", "negation": "affirmed", "UMLS": "", "start": 40, "end": 60}]}, "Evidence Propositions": []}, {"Section": "RESULTS", "Text": "Among different cytokines found significantly higher in patients with diabetes compared to those without , Interleukin-6 ( IL-6 ) , which is already increased in conditions of chronic inflammation , may play a more deleterious role in Covid-19 infection .", "Evidence Elements": {"Participant": [], "Intervention": [{"term": "diabetes", "negation": "affirmed", "UMLS": "", "start": 70, "end": 78}, {"term": "without", "negation": "negated", "UMLS": "", "start": 97, "end": 104}], "Outcome": [{"term": "Interleukin-6 ( IL-6 )", "negation": "affirmed", "UMLS": "", "start": 107, "end": 129}]}, "Evidence Propositions": [{"Intervention": ["diabetes", "without"], "Observation": "significantly higher", "Outcome": "Interleukin-6 ( IL-6 )", "Count": ""}, {"Intervention": ["without"], "Observation": "more", "Outcome": "Interleukin-6 ( IL-6 )", "Count": ""}]}, {"Section": "CONCLUSIONS", "Text": "Targeting the overexpression of Il-6 effects with a monoclonal antibody against IL-6 receptor or using Janus Kinase inhibitors may be particularly helpful for treatment of Covid-19 pneumonia in diabetes .", "Evidence Elements": {"Participant": [{"term": "Covid-19 pneumonia", "negation": "affirmed", "UMLS": "", "start": 172, "end": 190}, {"term": "diabetes", "negation": "affirmed", "UMLS": "", "start": 194, "end": 202}], "Intervention": [], "Outcome": []}, "Evidence Propositions": []}]}