{"doc_id": "32232419", "type of study": "Therapy", "title": "", "abstract": "Two medications often used for treatment of immune-mediated conditions, hydroxychloroquine and chloroquine, have recently attracted widespread interest as potential therapies for coronavirus disease 2019.\nThe authors of this commentary provide guidance for clinical decision making for patients with coronavirus disease 2019 as well as for patients with rheumatologic conditions, such as systemic lupus erythematosus and rheumatoid arthritis\n", "Evidence Map": {"Enrollment": [{"term": "coronavirus disease 2019", "negation": "affirmed", "UMLS": "", "start": 95, "end": 119}, {"term": "rheumatologic conditions", "negation": "affirmed", "UMLS": "", "start": 149, "end": 173}, {"term": "systemic lupus erythematosus", "negation": "affirmed", "UMLS": "", "start": 184, "end": 212}, {"term": "rheumatoid", "negation": "affirmed", "UMLS": "", "start": 217, "end": 227}], "Comparison Results": [], "Study Arm 1 Results": [], "Study Arm 2 Results": []}, "Sentence-level breakdown": [{"Section": "TITLE", "Text": "Two medications often used for treatment of immune-mediated conditions , hydroxychloroquine and chloroquine , have recently attracted widespread interest as potential therapies for coronavirus disease 2019 .", "Evidence Elements": {"Participant": [], "Intervention": [], "Outcome": []}, "Evidence Propositions": []}, {"Section": "CONCLUSIONS", "Text": "The authors of this commentary provide guidance for clinical decision making for patients with coronavirus disease 2019 as well as for patients with rheumatologic conditions , such as systemic lupus erythematosus and rheumatoid arthritis", "Evidence Elements": {"Participant": [{"term": "coronavirus disease 2019", "negation": "affirmed", "UMLS": "", "start": 95, "end": 119}, {"term": "rheumatologic conditions", "negation": "affirmed", "UMLS": "", "start": 149, "end": 173}, {"term": "systemic lupus erythematosus", "negation": "affirmed", "UMLS": "", "start": 184, "end": 212}, {"term": "rheumatoid", "negation": "affirmed", "UMLS": "", "start": 217, "end": 227}], "Intervention": [], "Outcome": []}, "Evidence Propositions": []}]}