{"doc_id": "32234465", "type of study": "Therapy", "title": "", "abstract": "Viral respiratory diseases such as severe acute respiratory syndrome (SARS) and Middle East respiratory syndrome (MERS) always pose a severe threat to people.\nFirst identified in late December 2019, a novel coronavirus (2019-nCoV; SARS-CoV-2) has affected many provinces in China and multiple countries worldwide.\nThe viral outbreak has aroused panic and a public-health emergency around the world, and the number of infections continues to rise.\nHowever, the causes and consequences of the pneumonia remain unknown.\nTo effectively implement epidemic prevention, early identification and diagnosis are critical to disease control.\nHere we scrutinise a series of available studies by global scientists on the clinical manifestations, detection methods and treatment options for the disease caused by SARS-CoV-2, named coronavirus disease 2019 (COVID-19), and also propose potential strategies for preventing the infection.\n", "Evidence Map": {"Enrollment": [], "Comparison Results": [], "Study Arm 1 Results": [], "Study Arm 2 Results": []}, "Sentence-level breakdown": [{"Section": "TITLE", "Text": "Viral respiratory diseases such as severe acute respiratory syndrome ( SARS ) and Middle East respiratory syndrome ( MERS ) always pose a severe threat to people .", "Evidence Elements": {"Participant": [], "Intervention": [], "Outcome": []}, "Evidence Propositions": []}, {"Section": "CONCLUSIONS", "Text": "To effectively implement epidemic prevention , early identification and diagnosis are critical to disease control .", "Evidence Elements": {"Participant": [], "Intervention": [], "Outcome": []}, "Evidence Propositions": []}, {"Section": "CONCLUSIONS", "Text": "Here we scrutinise a series of available studies by global scientists on the clinical manifestations , detection methods and treatment options for the disease caused by SARS-CoV-2 , named coronavirus disease 2019 ( COVID-19 ) , and also propose potential strategies for preventing the infection .", "Evidence Elements": {"Participant": [], "Intervention": [], "Outcome": []}, "Evidence Propositions": []}]}