{"doc_id": "32232474", "type of study": "Therapy", "title": "", "abstract": "Controlled human challenge trials of SARS-CoV-2 vaccine candidates could accelerate the testing and potential rollout of efficacious vaccines.\nBy replacing conventional phase 3 testing of vaccine candidates, such trials may subtract many months from the licensure process, making efficacious vaccines available more quickly.\nObviously, challenging volunteers with this live virus risks inducing severe disease and possibly even death.\nHowever, we argue that such studies, by accelerating vaccine evaluation, could reduce the global burden of coronavirus-related mortality and morbidity.\nVolunteers in such studies could autonomously authorize the risks to themselves, and their net risk could be acceptable if participants comprise healthy young adults, who are at relatively low risk of serious disease following natural infection, if they have a high baseline risk of natural infection, and if during the trial they receive frequent monitoring and, following any infection, the best available care.\nControlled human challenge trials of SARS-CoV-2 vaccine candidates could accelerate the testing and potential rollout of efficacious vaccines, reducing the global burden of coronavirus-related mortality and morbidity.\nVolunteers' net risk in such studies could be acceptable under specific conditions.\n", "Evidence Map": {"Enrollment": [], "Comparison Results": [], "Study Arm 1 Results": [], "Study Arm 2 Results": []}, "Sentence-level breakdown": [{"Section": "TITLE", "Text": "Controlled human challenge trials of SARS-CoV-2 vaccine candidates could accelerate the testing and potential rollout of efficacious vaccines .", "Evidence Elements": {"Participant": [], "Intervention": [], "Outcome": []}, "Evidence Propositions": []}, {"Section": "OBJECTIVE", "Text": "However , we argue that such studies , by accelerating vaccine evaluation , could reduce the global burden of coronavirus-related mortality and morbidity .", "Evidence Elements": {"Participant": [], "Intervention": [], "Outcome": []}, "Evidence Propositions": []}, {"Section": "RESULTS", "Text": "Volunteers in such studies could autonomously authorize the risks to themselves , and their net risk could be acceptable if participants comprise healthy young adults , who are at relatively low risk of serious disease following natural infection , if they have a high baseline risk of natural infection , and if during the trial they receive frequent monitoring and , following any infection , the best available care .", "Evidence Elements": {"Participant": [], "Intervention": [], "Outcome": []}, "Evidence Propositions": []}, {"Section": "RESULTS", "Text": "Controlled human challenge trials of SARS-CoV-2 vaccine candidates could accelerate the testing and potential rollout of efficacious vaccines , reducing the global burden of coronavirus-related mortality and morbidity .", "Evidence Elements": {"Participant": [], "Intervention": [], "Outcome": []}, "Evidence Propositions": []}, {"Section": "CONCLUSIONS", "Text": "Volunteers ' net risk in such studies could be acceptable under specific conditions .", "Evidence Elements": {"Participant": [], "Intervention": [], "Outcome": [{"term": "net risk", "negation": "affirmed", "UMLS": "", "start": 13, "end": 21}]}, "Evidence Propositions": []}]}