{"doc_id": "32239142", "type of study": "Therapy", "title": "", "abstract": "Since December 2019, the newly identified coronavirus SARS-CoV-2 has caused a massive health crisis worldwide and resulted in over 70,000 COVID-19 infections so far.\nClinical drugs targeting SARS-CoV-2 are urgently needed to decrease the high fatality rate of confirmed COVID-19 patients.\nTraditional de novo drug discovery needs more than 10 years, so drug repurposing seems the best option currently to find potential drugs for treating COVID-19.\nCompared with traditional non-covalent drugs, covalent drugs have attracted escalating attention recent years due to their advantages in potential specificity upon careful design, efficiency, and patient burden.\nWe recently developed a computational protocol named as SCAR for discovering covalent drugs.\nIn this work, we used the SCAR protocol to identify possible covalent drugs (approved or clinically tested) targeting the main protease (3CLpro) of SARS-CoV-2.\nWe identified 11 potential hits, among which at least 6 hits were exclusively enriched by the SCAR protocol.\nSince the preclinical or clinical information of these identified drugs is already available, they might be ready for being clinically tested in the treatment of COVID-19.\n", "Evidence Map": {"Enrollment": [], "Comparison Results": [], "Study Arm 1 Results": [], "Study Arm 2 Results": []}, "Sentence-level breakdown": [{"Section": "TITLE", "Text": "Since December 2019 , the newly identified coronavirus SARS-CoV-2 has caused a massive health crisis worldwide and resulted in over 70,000 COVID-19 infections so far .", "Evidence Elements": {"Participant": [], "Intervention": [], "Outcome": []}, "Evidence Propositions": []}, {"Section": "OBJECTIVE", "Text": "In this work , we used the SCAR protocol to identify possible covalent drugs ( approved or clinically tested ) targeting the main protease ( 3CLpro ) of SARS-CoV-2 .", "Evidence Elements": {"Participant": [], "Intervention": [{"term": "covalent drugs", "negation": "affirmed", "UMLS": "", "start": 62, "end": 76}], "Outcome": [{"term": "protease", "negation": "affirmed", "UMLS": "", "start": 130, "end": 138}]}, "Evidence Propositions": []}, {"Section": "RESULTS", "Text": "We identified 11 potential hits , among which at least 6 hits were exclusively enriched by the SCAR protocol .", "Evidence Elements": {"Participant": [], "Intervention": [], "Outcome": []}, "Evidence Propositions": []}, {"Section": "CONCLUSIONS", "Text": "Since the preclinical or clinical information of these identified drugs is already available , they might be ready for being clinically tested in the treatment of COVID-19 .", "Evidence Elements": {"Participant": [], "Intervention": [], "Outcome": []}, "Evidence Propositions": []}]}