{"doc_id": "32241056", "type of study": "Therapy", "title": "", "abstract": "In this paper, the mechanism of destroying human alveolar epithelial cells and pulmonary tissue by 2019 novel coronavirus (2019-nCoV) was discussed firstly.\nThere may be multiple mechanisms including killing directly the target cells and hyperinflammatory responses.\nSecondly, the clinical features, CT imaging, short-term and long-term pulmonary function damage of the 2019 coronavirus disease (COVID-19) was analyzed.\nFinally, some suggestions for thoracic surgery clinical practice in non-epidemic area during and after the epidemic of COVID-19 were provided, to help all the thoracic surgery patients receive active and effective treatment.\n", "Evidence Map": {"Enrollment": [{"term": "human alveolar epithelial cells", "negation": "affirmed", "UMLS": "", "start": 44, "end": 75}], "Comparison Results": [], "Study Arm 1 Results": [], "Study Arm 2 Results": []}, "Sentence-level breakdown": [{"Section": "TITLE", "Text": "In this paper , the mechanism of destroying human alveolar epithelial cells and pulmonary tissue by 2019 novel coronavirus ( 2019-nCoV ) was discussed firstly .", "Evidence Elements": {"Participant": [{"term": "human alveolar epithelial cells", "negation": "affirmed", "UMLS": "", "start": 44, "end": 75}], "Intervention": [{"term": "coronavirus ( 2019-nCoV )", "negation": "affirmed", "UMLS": "", "start": 111, "end": 136}], "Outcome": [{"term": "pulmonary tissue", "negation": "affirmed", "UMLS": "", "start": 80, "end": 96}]}, "Evidence Propositions": []}, {"Section": "RESULTS", "Text": "There may be multiple mechanisms including killing directly the target cells and hyperinflammatory responses .", "Evidence Elements": {"Participant": [], "Intervention": [], "Outcome": []}, "Evidence Propositions": []}, {"Section": "CONCLUSIONS", "Text": "Secondly , the clinical features , CT imaging , short-term and long-term pulmonary function damage of the 2019 coronavirus disease ( COVID-19 ) was analyzed .", "Evidence Elements": {"Participant": [], "Intervention": [], "Outcome": [{"term": "clinical features", "negation": "affirmed", "UMLS": "", "start": 15, "end": 32}, {"term": "CT imaging", "negation": "affirmed", "UMLS": "", "start": 35, "end": 45}, {"term": "short-term and long-term pulmonary function damage of the 2019 coronavirus disease", "negation": "affirmed", "UMLS": "", "start": 48, "end": 130}]}, "Evidence Propositions": []}, {"Section": "CONCLUSIONS", "Text": "Finally , some suggestions for thoracic surgery clinical practice in non-epidemic area during and after the epidemic of COVID-19 were provided , to help all the thoracic surgery patients receive active and effective treatment .", "Evidence Elements": {"Participant": [], "Intervention": [], "Outcome": []}, "Evidence Propositions": []}]}