{"doc_id": "32245904", "type of study": "Therapy", "title": "", "abstract": "New cases of the novel coronavirus, also known as severe acute respiratory syndrome coronavirus 2 (SARS-CoV-2) continue to rise worldwide.\nA few reports have showed that mortality due to SARS-CoV-2 is higher in elderly patients and other active comorbidities including cancer.\nTo date, no effective treatment has been identified and management for critically ill patients relies on management in intensive care units.\nPatients with lung cancer are at risk of pulmonary complications from COVID-19.\nFurthermore, the use of chemotherapy might have a negative impact in patient's outcome.\nTherefore, the risk/benefit ratio of systemic anticancer treatment (SACT) has to be considered.\nFor each patient, several factors including age and comorbidities, as well as the number of hospital visits for treatment, can influence this risk.\nEach hospital around the world has issued some internal policy guidelines for oncologists, aiming to limit risks during this difficult time.\nWe hereby propose a tool to support oncologists and physicians in treatment decision for patients with lung cancer.\nThere are several variables to consider, including the extent of the epidemic, the local healthcare structure capacity, the risk of infection to the individual, the status of cancer, patients' comorbidities, age and details of the treatment.\nGiven this heterogeneity, we have based our suggestions bearing in mind some general factors There is not easy, universal solution to oncological care during this crisis and, to complicate matters, the duration of this pandemic is hard to predict.\nIt is important to weigh the impact of each of our decisions in these trying times rather than rely on routine automatisms.\n", "Evidence Map": {"Enrollment": [{"term": "elderly", "negation": "affirmed", "UMLS": "", "start": 72, "end": 79}, {"term": "oncologists", "negation": "affirmed", "UMLS": "", "start": 36, "end": 47}, {"term": "physicians", "negation": "affirmed", "UMLS": "", "start": 52, "end": 62}, {"term": "lung cancer", "negation": "affirmed", "UMLS": "", "start": 103, "end": 114}], "Comparison Results": [], "Study Arm 1 Results": [], "Study Arm 2 Results": []}, "Sentence-level breakdown": [{"Section": "TITLE", "Text": "New cases of the novel coronavirus , also known as severe acute respiratory syndrome coronavirus 2 ( SARS-CoV-2 ) continue to rise worldwide .", "Evidence Elements": {"Participant": [], "Intervention": [], "Outcome": []}, "Evidence Propositions": []}, {"Section": "OBJECTIVE", "Text": "We hereby propose a tool to support oncologists and physicians in treatment decision for patients with lung cancer .", "Evidence Elements": {"Participant": [{"term": "oncologists", "negation": "affirmed", "UMLS": "", "start": 36, "end": 47}, {"term": "physicians", "negation": "affirmed", "UMLS": "", "start": 52, "end": 62}, {"term": "lung cancer", "negation": "affirmed", "UMLS": "", "start": 103, "end": 114}], "Intervention": [], "Outcome": [{"term": "treatment decision", "negation": "affirmed", "UMLS": "", "start": 66, "end": 84}]}, "Evidence Propositions": []}, {"Section": "RESULTS", "Text": "There are several variables to consider , including the extent of the epidemic , the local healthcare structure capacity , the risk of infection to the individual , the status of cancer , patients ' comorbidities , age and details of the treatment .", "Evidence Elements": {"Participant": [], "Intervention": [], "Outcome": []}, "Evidence Propositions": []}, {"Section": "RESULTS", "Text": "Given this heterogeneity , we have based our suggestions bearing in mind some general factors There is not easy , universal solution to oncological care during this crisis and , to complicate matters , the duration of this pandemic is hard to predict .", "Evidence Elements": {"Participant": [], "Intervention": [], "Outcome": []}, "Evidence Propositions": []}, {"Section": "CONCLUSIONS", "Text": "It is important to weigh the impact of each of our decisions in these trying times rather than rely on routine automatisms .", "Evidence Elements": {"Participant": [], "Intervention": [], "Outcome": []}, "Evidence Propositions": []}]}