{"doc_id": "32249257", "type of study": "Therapy", "title": "", "abstract": "The severe acute respiratory syndrome coronavirus 2 (SARS-CoV-2) pandemic that has developed in late 2019 and 2020 is a serious threat to human health.\nWith no vaccines or drugs approved for prevention and treatment until now, all efforts at drug design and/or clinical trials of already approved drugs are worthy and creditable.\nUsing structure-based drug selection for identification of SARS-CoV-2 protease inhibitors, old drugs such as macrolides (MAC) were predicted to be effective for COVID-19.\nLately, the anti-viral effects of macrolides have attracted considerable attention.\nVery recently, hydroxychloroquine in combination with azithromycin treatment was reported to be effective for COVID-19.\nWe believe that treatments with macrolides alone or in combination with other drugs are promising and open the possibility of an international strategy to fight this emerging viral infection.\n", "Evidence Map": {"Enrollment": [], "Comparison Results": [], "Study Arm 1 Results": [], "Study Arm 2 Results": []}, "Sentence-level breakdown": [{"Section": "TITLE", "Text": "The severe acute respiratory syndrome coronavirus 2 ( SARS-CoV-2 ) pandemic that has developed in late 2019 and 2020 is a serious threat to human health .", "Evidence Elements": {"Participant": [], "Intervention": [], "Outcome": []}, "Evidence Propositions": []}, {"Section": "RESULTS", "Text": "With no vaccines or drugs approved for prevention and treatment until now , all efforts at drug design and / or clinical trials of already approved drugs are worthy and creditable .", "Evidence Elements": {"Participant": [], "Intervention": [], "Outcome": []}, "Evidence Propositions": []}, {"Section": "RESULTS", "Text": "Using structure-based drug selection for identification of SARS-CoV-2 protease inhibitors , old drugs such as macrolides ( MAC ) were predicted to be effective for COVID-19 .", "Evidence Elements": {"Participant": [], "Intervention": [], "Outcome": []}, "Evidence Propositions": []}, {"Section": "RESULTS", "Text": "Lately , the anti-viral effects of macrolides have attracted considerable attention .", "Evidence Elements": {"Participant": [], "Intervention": [], "Outcome": []}, "Evidence Propositions": []}, {"Section": "CONCLUSIONS", "Text": "Very recently , hydroxychloroquine in combination with azithromycin treatment was reported to be effective for COVID-19 .", "Evidence Elements": {"Participant": [], "Intervention": [], "Outcome": []}, "Evidence Propositions": []}, {"Section": "CONCLUSIONS", "Text": "We believe that treatments with macrolides alone or in combination with other drugs are promising and open the possibility of an international strategy to fight this emerging viral infection .", "Evidence Elements": {"Participant": [], "Intervention": [], "Outcome": []}, "Evidence Propositions": []}]}