{"doc_id": "32246834", "type of study": "Therapy", "title": "", "abstract": "An outbreak of 2019-nCoV infection has spread across the world.\nNo specific antiviral drugs have been approved for the treatment of COVID-2019.\nIn addition to the recommended antiviral drugs, such as interferon-alpha, lopinavir/ritonavir, ribavirin, and chloroquine phosphate, some clinical trials focusing on virus RNA-dependent RNA polymerase (RdRp) inhibitors have been registered and initiated.\nFavipiravir, a purine nucleic acid analog and potent RdRp inhibitor approved for use in influenza, is also considered in several clinical trials.\nHerein, we summarized the pharmacokinetic characteristics of favipiravir and possible drug-drug interactions from the view of drug metabolism.\nWe hope this will be helpful for the design of clinical trials for favipiravir in COVID-2019, as data regarding in vitro virus inhibition and efficacy in preclinical animal studies are still not available.\n", "Evidence Map": {"Enrollment": [], "Comparison Results": [], "Study Arm 1 Results": [], "Study Arm 2 Results": []}, "Sentence-level breakdown": [{"Section": "TITLE", "Text": "An outbreak of 2019-nCoV infection has spread across the world .", "Evidence Elements": {"Participant": [], "Intervention": [], "Outcome": []}, "Evidence Propositions": []}, {"Section": "CONCLUSIONS", "Text": "Herein , we summarized the pharmacokinetic characteristics of favipiravir and possible drug-drug interactions from the view of drug metabolism .", "Evidence Elements": {"Participant": [], "Intervention": [{"term": "favipiravir", "negation": "affirmed", "UMLS": "", "start": 62, "end": 73}], "Outcome": [{"term": "pharmacokinetic characteristics", "negation": "affirmed", "UMLS": "", "start": 27, "end": 58}, {"term": "drug-drug interactions", "negation": "affirmed", "UMLS": "", "start": 87, "end": 109}]}, "Evidence Propositions": []}, {"Section": "CONCLUSIONS", "Text": "We hope this will be helpful for the design of clinical trials for favipiravir in COVID-2019 , as data regarding in vitro virus inhibition and efficacy in preclinical animal studies are still not available .", "Evidence Elements": {"Participant": [], "Intervention": [], "Outcome": []}, "Evidence Propositions": []}]}