{"doc_id": "32249203", "type of study": "Therapy", "title": "", "abstract": "Coronaviruses pose a serious threat to global health as evidenced by Severe Acute Respiratory Syndrome (SARS), Middle East Respiratory Syndrome (MERS), and COVID-19.\nSARS Coronavirus (SARS-CoV), MERS Coronavirus (MERS-CoV), and the novel coronavirus, previously dubbed 2019-nCoV, and now officially named SARS-CoV-2, are the causative agents of the SARS, MERS, and COVID-19 disease outbreaks, respectively.\nSafe vaccines that rapidly induce potent and long-lasting virus-specific immune responses against these infectious agents are urgently needed.\nThe coronavirus spike (S) protein, a characteristic structural component of the viral envelope, is considered a key target for vaccines for the prevention of coronavirus infection.\nWe first generated codon optimized MERS-S1 subunit vaccines fused with a foldon trimerization domain to mimic the native viral structure.\nIn variant constructs, we engineered immune stimulants (RS09 or flagellin, as TLR4 or TLR5 agonists, respectively) into this trimeric design.\nWe comprehensively tested the pre-clinical immunogenicity of MERS-CoV vaccines in mice when delivered subcutaneously by traditional needle injection, or intracutaneously by dissolving microneedle arrays (MNAs) by evaluating virus specific IgG antibodies in the serum of vaccinated mice by ELISA and using virus neutralization assays.\nDriven by the urgent need for COVID-19 vaccines, we utilized this strategy to rapidly develop MNA SARS-CoV-2 subunit vaccines and tested their pre-clinical immunogenicity in vivo by exploiting our substantial experience with MNA MERS-CoV vaccines.\nHere we describe the development of MNA delivered MERS-CoV vaccines and their pre-clinical immunogenicity.\nSpecifically, MNA delivered MERS-S1 subunit vaccines elicited strong and long-lasting antigen-specific antibody responses.\nBuilding on our ongoing efforts to develop MERS-CoV vaccines, promising immunogenicity of MNA-delivered MERS-CoV vaccines, and our experience with MNA fabrication and delivery, including clinical trials, we rapidly designed and produced clinically-translatable MNA SARS-CoV-2 subunit vaccines within 4 weeks of the identification of the SARS-CoV-2 S1 sequence.\nMost importantly, these MNA delivered SARS-CoV-2 S1 subunit vaccines elicited potent antigen-specific antibody responses that were evident beginning 2 weeks after immunization.\nMNA delivery of coronaviruses-S1 subunit vaccines is a promising immunization strategy against coronavirus infection.\nProgressive scientific and technological efforts enable quicker responses to emerging pandemics.\nOur ongoing efforts to develop MNA-MERS-S1 subunit vaccines enabled us to rapidly design and produce MNA SARS-CoV-2 subunit vaccines capable of inducing potent virus-specific antibody responses.\nCollectively, our results support the clinical development of MNA delivered recombinant protein subunit vaccines against SARS, MERS, COVID-19, and other emerging infectious diseases.\n", "Evidence Map": {"Enrollment": [{"term": "vaccinated", "negation": "affirmed", "UMLS": "", "start": 273, "end": 283}, {"term": "SARS", "negation": "affirmed", "UMLS": "", "start": 122, "end": 126}, {"term": "MERS", "negation": "affirmed", "UMLS": "", "start": 129, "end": 133}], "Comparison Results": [], "Study Arm 1 Results": [], "Study Arm 2 Results": []}, "Sentence-level breakdown": [{"Section": "TITLE", "Text": "Coronaviruses pose a serious threat to global health as evidenced by Severe Acute Respiratory Syndrome ( SARS ) , Middle East Respiratory Syndrome ( MERS ) , and COVID-19 .", "Evidence Elements": {"Participant": [], "Intervention": [], "Outcome": []}, "Evidence Propositions": []}, {"Section": "OBJECTIVE", "Text": "We first generated codon optimized MERS-S1 subunit vaccines fused with a foldon trimerization domain to mimic the native viral structure .", "Evidence Elements": {"Participant": [], "Intervention": [{"term": "codon optimized", "negation": "affirmed", "UMLS": "", "start": 19, "end": 34}, {"term": "subunit vaccines", "negation": "affirmed", "UMLS": "", "start": 43, "end": 59}], "Outcome": []}, "Evidence Propositions": []}, {"Section": "METHODS", "Text": "In variant constructs , we engineered immune stimulants ( RS09 or flagellin , as TLR4 or TLR5 agonists , respectively ) into this trimeric design .", "Evidence Elements": {"Participant": [], "Intervention": [], "Outcome": [{"term": "immune stimulants", "negation": "affirmed", "UMLS": "", "start": 38, "end": 55}]}, "Evidence Propositions": []}, {"Section": "METHODS", "Text": "We comprehensively tested the pre-clinical immunogenicity of MERS-CoV vaccines in mice when delivered subcutaneously by traditional needle injection , or intracutaneously by dissolving microneedle arrays ( MNAs ) by evaluating virus specific IgG antibodies in the serum of vaccinated mice by ELISA and using virus neutralization assays .", "Evidence Elements": {"Participant": [{"term": "vaccinated", "negation": "affirmed", "UMLS": "", "start": 273, "end": 283}], "Intervention": [{"term": "MERS-CoV vaccines", "negation": "affirmed", "UMLS": "", "start": 61, "end": 78}, {"term": "traditional needle injection", "negation": "affirmed", "UMLS": "", "start": 120, "end": 148}, {"term": "dissolving microneedle arrays ( MNAs )", "negation": "affirmed", "UMLS": "", "start": 174, "end": 212}], "Outcome": [{"term": "pre-clinical immunogenicity", "negation": "affirmed", "UMLS": "", "start": 30, "end": 57}, {"term": "virus specific IgG antibodies", "negation": "affirmed", "UMLS": "", "start": 227, "end": 256}]}, "Evidence Propositions": []}, {"Section": "METHODS", "Text": "Driven by the urgent need for COVID-19 vaccines , we utilized this strategy to rapidly develop MNA SARS-CoV-2 subunit vaccines and tested their pre-clinical immunogenicity in vivo by exploiting our substantial experience with MNA MERS-CoV vaccines .", "Evidence Elements": {"Participant": [], "Intervention": [{"term": "MNA SARS-CoV-2", "negation": "affirmed", "UMLS": "", "start": 95, "end": 109}, {"term": "MERS-CoV", "negation": "affirmed", "UMLS": "", "start": 230, "end": 238}], "Outcome": [{"term": "pre-clinical immunogenicity", "negation": "affirmed", "UMLS": "", "start": 144, "end": 171}]}, "Evidence Propositions": []}, {"Section": "METHODS", "Text": "Here we describe the development of MNA delivered MERS-CoV vaccines and their pre-clinical immunogenicity .", "Evidence Elements": {"Participant": [], "Intervention": [{"term": "MNA delivered MERS-CoV vaccines", "negation": "affirmed", "UMLS": "", "start": 36, "end": 67}], "Outcome": [{"term": "pre-clinical immunogenicity", "negation": "affirmed", "UMLS": "", "start": 78, "end": 105}]}, "Evidence Propositions": []}, {"Section": "RESULTS", "Text": "Specifically , MNA delivered MERS-S1 subunit vaccines elicited strong and long-lasting antigen-specific antibody responses .", "Evidence Elements": {"Participant": [], "Intervention": [{"term": "MNA delivered MERS-S1 subunit vaccines", "negation": "affirmed", "UMLS": "", "start": 15, "end": 53}], "Outcome": [{"term": "antigen-specific antibody", "negation": "affirmed", "UMLS": "", "start": 87, "end": 112}]}, "Evidence Propositions": []}, {"Section": "RESULTS", "Text": "Building on our ongoing efforts to develop MERS-CoV vaccines , promising immunogenicity of MNA-delivered MERS-CoV vaccines , and our experience with MNA fabrication and delivery , including clinical trials , we rapidly designed and produced clinically-translatable MNA SARS-CoV-2 subunit vaccines within 4 weeks of the identification of the SARS-CoV-2 S1 sequence .", "Evidence Elements": {"Participant": [], "Intervention": [{"term": "MNA SARS-CoV-2 subunit vaccines", "negation": "affirmed", "UMLS": "", "start": 265, "end": 296}], "Outcome": []}, "Evidence Propositions": []}, {"Section": "RESULTS", "Text": "Most importantly , these MNA delivered SARS-CoV-2 S1 subunit vaccines elicited potent antigen-specific antibody responses that were evident beginning 2 weeks after immunization .", "Evidence Elements": {"Participant": [], "Intervention": [{"term": "MNA delivered SARS-CoV-2 S1 subunit vaccines", "negation": "affirmed", "UMLS": "", "start": 25, "end": 69}], "Outcome": [{"term": "antigen-specific antibody responses", "negation": "affirmed", "UMLS": "", "start": 86, "end": 121}]}, "Evidence Propositions": []}, {"Section": "CONCLUSIONS", "Text": "MNA delivery of coronaviruses-S1 subunit vaccines is a promising immunization strategy against coronavirus infection .", "Evidence Elements": {"Participant": [], "Intervention": [], "Outcome": []}, "Evidence Propositions": []}, {"Section": "CONCLUSIONS", "Text": "Progressive scientific and technological efforts enable quicker responses to emerging pandemics .", "Evidence Elements": {"Participant": [], "Intervention": [], "Outcome": []}, "Evidence Propositions": []}, {"Section": "CONCLUSIONS", "Text": "Our ongoing efforts to develop MNA-MERS-S1 subunit vaccines enabled us to rapidly design and produce MNA SARS-CoV-2 subunit vaccines capable of inducing potent virus-specific antibody responses .", "Evidence Elements": {"Participant": [], "Intervention": [], "Outcome": []}, "Evidence Propositions": []}, {"Section": "CONCLUSIONS", "Text": "Collectively , our results support the clinical development of MNA delivered recombinant protein subunit vaccines against SARS , MERS , COVID-19 , and other emerging infectious diseases .", "Evidence Elements": {"Participant": [{"term": "SARS", "negation": "affirmed", "UMLS": "", "start": 122, "end": 126}, {"term": "MERS", "negation": "affirmed", "UMLS": "", "start": 129, "end": 133}], "Intervention": [{"term": "MNA delivered recombinant protein subunit vaccines", "negation": "affirmed", "UMLS": "", "start": 63, "end": 113}], "Outcome": []}, "Evidence Propositions": []}]}