{"doc_id": "32243270", "type of study": "Therapy", "title": "", "abstract": "The emerging outbreak of coronavirus disease 2019 (COVID-19) caused by the severe acute respiratory syndrome coronavirus 2 continues to spread all over the world.\nAgents or vaccines of proven efficacy to treat or prevent human coronavirus infection are in urgent need and are being investigated vigorously worldwide.\nThis review summarizes the current evidence of potential therapeutic agents, such as lopinavir/ritonavir, remdesivir, favipiravir, chloroquine, hydroxychloroquine, interferon, ribavirin, tocilizumab, and sarilumab.\nMore clinical trials are being conducted for further confirmation of the efficacy and safety of these agents in treating COVID-19.\n", "Evidence Map": {"Enrollment": [], "Comparison Results": [], "Study Arm 1 Results": [], "Study Arm 2 Results": []}, "Sentence-level breakdown": [{"Section": "TITLE", "Text": "The emerging outbreak of coronavirus disease 2019 ( COVID-19 ) caused by the severe acute respiratory syndrome coronavirus 2 continues to spread all over the world .", "Evidence Elements": {"Participant": [], "Intervention": [], "Outcome": []}, "Evidence Propositions": []}, {"Section": "CONCLUSIONS", "Text": "This review summarizes the current evidence of potential therapeutic agents , such as lopinavir / ritonavir , remdesivir , favipiravir , chloroquine , hydroxychloroquine , interferon , ribavirin , tocilizumab , and sarilumab .", "Evidence Elements": {"Participant": [], "Intervention": [{"term": "ritonavir", "negation": "affirmed", "UMLS": "", "start": 98, "end": 107}, {"term": "remdesivir", "negation": "affirmed", "UMLS": "", "start": 110, "end": 120}, {"term": "favipiravir", "negation": "affirmed", "UMLS": "", "start": 123, "end": 134}, {"term": "chloroquine", "negation": "affirmed", "UMLS": "", "start": 137, "end": 148}, {"term": "hydroxychloroquine", "negation": "affirmed", "UMLS": "", "start": 151, "end": 169}], "Outcome": []}, "Evidence Propositions": []}, {"Section": "CONCLUSIONS", "Text": "More clinical trials are being conducted for further confirmation of the efficacy and safety of these agents in treating COVID-19 .", "Evidence Elements": {"Participant": [], "Intervention": [], "Outcome": []}, "Evidence Propositions": []}]}