{"doc_id": "32249063", "type of study": "Therapy", "title": "", "abstract": "Coronavirus (CoV) disease 2019 (COVID-19) caused by severe acute respiratory syndrome (SARS)-CoV-2 (also known as 2019-nCoV) is threatening global public health, social stability, and economic development.\nTo meet this challenge, this article discusses advances in the research and development of neutralizing antibodies (nAbs) for the prevention and treatment of infection by SARS-CoV-2 and other human CoVs.\n", "Evidence Map": {"Enrollment": [], "Comparison Results": [], "Study Arm 1 Results": [], "Study Arm 2 Results": []}, "Sentence-level breakdown": [{"Section": "TITLE", "Text": "Coronavirus ( CoV ) disease 2019 ( COVID-19 ) caused by severe acute respiratory syndrome ( SARS ) -CoV-2 ( also known as 2019-nCoV ) is threatening global public health , social stability , and economic development .", "Evidence Elements": {"Participant": [], "Intervention": [], "Outcome": []}, "Evidence Propositions": []}, {"Section": "CONCLUSIONS", "Text": "To meet this challenge , this article discusses advances in the research and development of neutralizing antibodies ( nAbs ) for the prevention and treatment of infection by SARS-CoV-2 and other human CoVs .", "Evidence Elements": {"Participant": [], "Intervention": [], "Outcome": []}, "Evidence Propositions": []}]}