{"doc_id": "32247927", "type of study": "Therapy", "title": "", "abstract": "The novel coronavirus infection that initially found at the end of 2019 has attracted great attention.\nSo far, the number of infectious cases has increased globally to more than 100 thousand and the outbreak has been defined as a pandemic situation, but there are still no \"specific drug\" available.\nRelevant reports have pointed out the novel coronavirus has 80% homology with SARS.\nIn the difficulty where new synthesized drug cannot be applied immediately to patients, \"conventional drug in new use\" becomes a feasible solution.\nThe first medication experience of the recovered patients in the US has led remdesivir to be the \"specific drug\".\nChina has also taken immediate action to put remdesivir into clinical trials with the purpose of applying it into clinical therapeutics for Corona Virus Disease 2019 (COVID-19).\nWe started from the structure, immunogenicity, and pathogenesis of coronavirus infections of the novel coronavirus.\nFurther, we analyzed the pharmacological actions and previous trials of remdesivir to identify the feasibility of conducting experiments on COVID-19.\n", "Evidence Map": {"Enrollment": [{"term": "coronavirus infections", "negation": "affirmed", "UMLS": "", "start": 69, "end": 91}], "Comparison Results": [], "Study Arm 1 Results": [], "Study Arm 2 Results": []}, "Sentence-level breakdown": [{"Section": "TITLE", "Text": "The novel coronavirus infection that initially found at the end of 2019 has attracted great attention .", "Evidence Elements": {"Participant": [], "Intervention": [], "Outcome": []}, "Evidence Propositions": []}, {"Section": "METHODS", "Text": "We started from the structure , immunogenicity , and pathogenesis of coronavirus infections of the novel coronavirus .", "Evidence Elements": {"Participant": [{"term": "coronavirus infections", "negation": "affirmed", "UMLS": "", "start": 69, "end": 91}], "Intervention": [], "Outcome": []}, "Evidence Propositions": []}, {"Section": "CONCLUSIONS", "Text": "Further , we analyzed the pharmacological actions and previous trials of remdesivir to identify the feasibility of conducting experiments on COVID-19 .", "Evidence Elements": {"Participant": [], "Intervention": [{"term": "remdesivir", "negation": "affirmed", "UMLS": "", "start": 73, "end": 83}], "Outcome": [{"term": "pharmacological actions", "negation": "affirmed", "UMLS": "", "start": 26, "end": 49}, {"term": "feasibility", "negation": "affirmed", "UMLS": "", "start": 100, "end": 111}]}, "Evidence Propositions": []}]}