{"doc_id": "32247050", "type of study": "Therapy", "title": "", "abstract": "The COVID-19 has a high R0, a long incubation period, and a short serial interval.\nThe COVID-19 has a general low CFR, but much higher in patients with comorbidities.\nThe spike protein binding to ACE2 may explain the high R0 of COVID-19.\nAutopsy showed more exudative lesions, and less fibrosis and consolidation.\nRemdesivir, chloroquine, tocilizumab, and convalescent plasma may be effective.\nThe rapid spread of the coronavirus disease 2019 (COVID-19), caused by a zoonotic beta-coronavirus entitled 2019 novel coronavirus (2019-nCoV), has become a global threat.\nAwareness of the biological features of 2019-nCoV should be updated in time and needs to be comprehensively summarized to help optimize control measures and make therapeutic decisions.\nBased on recently published literature, official documents and selected up-to-date preprint studies, we reviewed the virology and origin, epidemiology, clinical manifestations, pathology and treatment of 2019-nCoV infection, in comparison with severe acute respiratory syndrome coronavirus (SARS-CoV) and Middle East respiratory syndrome coronavirus (MERS-CoV) infection.\nThe genome of 2019-nCoV partially resembled SARS-CoV and MERS-CoV, and indicated a bat origin.\nThe COVID-19 generally had a high reproductive number, a long incubation period, a short serial interval and a low case fatality rate (much higher in patients with comorbidities) than SARS and MERS.\nClinical presentation and pathology of COVID-19 greatly resembled SARS and MERS, with less upper respiratory and gastrointestinal symptoms, and more exudative lesions in post-mortems.\nPotential treatments included remdesivir, chloroquine, tocilizumab, convalescent plasma and vaccine immunization (when possible).\nThe initial experience from the current pandemic and lessons from the previous two pandemics can help improve future preparedness plans and combat disease progression.\n", "Evidence Map": {"Enrollment": [{"term": "2019-nCoV infection", "negation": "affirmed", "UMLS": "", "start": 209, "end": 228}, {"term": "severe acute respiratory syndrome coronavirus ( SARS-CoV )", "negation": "affirmed", "UMLS": "", "start": 250, "end": 308}, {"term": "COVID-19", "negation": "affirmed", "UMLS": "", "start": 39, "end": 47}], "Comparison Results": [], "Study Arm 1 Results": [], "Study Arm 2 Results": []}, "Sentence-level breakdown": [{"Section": "TITLE", "Text": "The COVID-19 has a high R0 , a long incubation period , and a short serial interval .", "Evidence Elements": {"Participant": [], "Intervention": [], "Outcome": []}, "Evidence Propositions": []}, {"Section": "METHODS", "Text": "Based on recently published literature , official documents and selected up-to-date preprint studies , we reviewed the virology and origin , epidemiology , clinical manifestations , pathology and treatment of 2019-nCoV infection , in comparison with severe acute respiratory syndrome coronavirus ( SARS-CoV ) and Middle East respiratory syndrome coronavirus ( MERS-CoV ) infection .", "Evidence Elements": {"Participant": [{"term": "2019-nCoV infection", "negation": "affirmed", "UMLS": "", "start": 209, "end": 228}, {"term": "severe acute respiratory syndrome coronavirus ( SARS-CoV )", "negation": "affirmed", "UMLS": "", "start": 250, "end": 308}], "Intervention": [], "Outcome": []}, "Evidence Propositions": []}, {"Section": "RESULTS", "Text": "The genome of 2019-nCoV partially resembled SARS-CoV and MERS-CoV , and indicated a bat origin .", "Evidence Elements": {"Participant": [], "Intervention": [{"term": "2019-nCoV", "negation": "affirmed", "UMLS": "", "start": 14, "end": 23}, {"term": "SARS-CoV", "negation": "affirmed", "UMLS": "", "start": 44, "end": 52}, {"term": "MERS-CoV", "negation": "affirmed", "UMLS": "", "start": 57, "end": 65}], "Outcome": [{"term": "genome", "negation": "affirmed", "UMLS": "", "start": 4, "end": 10}]}, "Evidence Propositions": []}, {"Section": "RESULTS", "Text": "The COVID-19 generally had a high reproductive number , a long incubation period , a short serial interval and a low case fatality rate ( much higher in patients with comorbidities ) than SARS and MERS .", "Evidence Elements": {"Participant": [], "Intervention": [], "Outcome": [{"term": "number", "negation": "affirmed", "UMLS": "", "start": 47, "end": 53}, {"term": "case fatality rate", "negation": "affirmed", "UMLS": "", "start": 117, "end": 135}]}, "Evidence Propositions": []}, {"Section": "RESULTS", "Text": "Clinical presentation and pathology of COVID-19 greatly resembled SARS and MERS , with less upper respiratory and gastrointestinal symptoms , and more exudative lesions in post-mortems .", "Evidence Elements": {"Participant": [{"term": "COVID-19", "negation": "affirmed", "UMLS": "", "start": 39, "end": 47}], "Intervention": [], "Outcome": [{"term": "Clinical presentation", "negation": "affirmed", "UMLS": "", "start": 0, "end": 21}, {"term": "pathology", "negation": "affirmed", "UMLS": "", "start": 26, "end": 35}, {"term": "SARS", "negation": "affirmed", "UMLS": "", "start": 66, "end": 70}, {"term": "MERS", "negation": "affirmed", "UMLS": "", "start": 75, "end": 79}, {"term": "upper respiratory and gastrointestinal symptoms", "negation": "affirmed", "UMLS": "", "start": 92, "end": 139}, {"term": "exudative lesions", "negation": "affirmed", "UMLS": "", "start": 151, "end": 168}]}, "Evidence Propositions": []}, {"Section": "RESULTS", "Text": "Potential treatments included remdesivir , chloroquine , tocilizumab , convalescent plasma and vaccine immunization ( when possible ) .", "Evidence Elements": {"Participant": [], "Intervention": [{"term": "remdesivir", "negation": "affirmed", "UMLS": "", "start": 30, "end": 40}, {"term": "chloroquine", "negation": "affirmed", "UMLS": "", "start": 43, "end": 54}, {"term": "tocilizumab", "negation": "affirmed", "UMLS": "", "start": 57, "end": 68}, {"term": "convalescent plasma", "negation": "affirmed", "UMLS": "", "start": 71, "end": 90}, {"term": "vaccine", "negation": "affirmed", "UMLS": "", "start": 95, "end": 102}], "Outcome": []}, "Evidence Propositions": []}, {"Section": "CONCLUSIONS", "Text": "The initial experience from the current pandemic and lessons from the previous two pandemics can help improve future preparedness plans and combat disease progression .", "Evidence Elements": {"Participant": [], "Intervention": [], "Outcome": []}, "Evidence Propositions": []}]}