{"doc_id": "32242095", "type of study": "Therapy", "title": "", "abstract": "During the COVID-19 global pandemic, the cancer community faces many difficult questions.\nWe will first discuss safety considerations for patients with cancer requiring treatment in SARS-CoV-2 endemic areas.\nWe will then discuss a general framework for prioritizing cancer care, emphasizing the precautionary principle in decision making.\n", "Evidence Map": {"Enrollment": [{"term": "cancer requiring treatment", "negation": "affirmed", "UMLS": "", "start": 62, "end": 88}, {"term": "SARS-CoV-2 endemic areas", "negation": "affirmed", "UMLS": "", "start": 92, "end": 116}], "Comparison Results": [], "Study Arm 1 Results": [], "Study Arm 2 Results": []}, "Sentence-level breakdown": [{"Section": "TITLE", "Text": "During the COVID-19 global pandemic , the cancer community faces many difficult questions .", "Evidence Elements": {"Participant": [], "Intervention": [], "Outcome": []}, "Evidence Propositions": []}, {"Section": "CONCLUSIONS", "Text": "We will first discuss safety considerations for patients with cancer requiring treatment in SARS-CoV-2 endemic areas .", "Evidence Elements": {"Participant": [{"term": "cancer requiring treatment", "negation": "affirmed", "UMLS": "", "start": 62, "end": 88}, {"term": "SARS-CoV-2 endemic areas", "negation": "affirmed", "UMLS": "", "start": 92, "end": 116}], "Intervention": [], "Outcome": [{"term": "safety considerations", "negation": "affirmed", "UMLS": "", "start": 22, "end": 43}]}, "Evidence Propositions": []}, {"Section": "CONCLUSIONS", "Text": "We will then discuss a general framework for prioritizing cancer care , emphasizing the precautionary principle in decision making .", "Evidence Elements": {"Participant": [], "Intervention": [], "Outcome": []}, "Evidence Propositions": []}]}