{"doc_id": "32243945", "type of study": "Therapy", "title": "", "abstract": "As of March 24, 2020, novel severe acute respiratory syndrome coronavirus 2 (SARS-CoV-2) has been responsible for 379,661 infection cases with 16,428 deaths globally, and the number is still increasing rapidly.\nHerein, we present four critically ill patients with SARS-CoV-2 infection who received supportive care and convalescent plasma.\nAlthough all four patients (including a pregnant woman) recovered from SARS-CoV-2 infection eventually, randomized trials are needed to eliminate the effect of other treatments and investigate the safety and efficacy of convalescent plasma therapy.\n", "Evidence Map": {"Enrollment": [{"term": "critically ill patients", "negation": "affirmed", "UMLS": "", "start": 25, "end": 48}, {"term": "SARS-CoV-2 infection", "negation": "affirmed", "UMLS": "", "start": 54, "end": 74}], "Comparison Results": [], "Study Arm 1 Results": [], "Study Arm 2 Results": []}, "Sentence-level breakdown": [{"Section": "TITLE", "Text": "As of March 24 , 2020 , novel severe acute respiratory syndrome coronavirus 2 ( SARS-CoV-2 ) has been responsible for 379,661 infection cases with 16,428 deaths globally , and the number is still increasing rapidly .", "Evidence Elements": {"Participant": [], "Intervention": [], "Outcome": []}, "Evidence Propositions": []}, {"Section": "METHODS", "Text": "Herein , we present four critically ill patients with SARS-CoV-2 infection who received supportive care and convalescent plasma .", "Evidence Elements": {"Participant": [{"term": "critically ill patients", "negation": "affirmed", "UMLS": "", "start": 25, "end": 48}, {"term": "SARS-CoV-2 infection", "negation": "affirmed", "UMLS": "", "start": 54, "end": 74}], "Intervention": [{"term": "supportive care and convalescent", "negation": "affirmed", "UMLS": "", "start": 88, "end": 120}], "Outcome": []}, "Evidence Propositions": []}, {"Section": "CONCLUSIONS", "Text": "Although all four patients ( including a pregnant woman ) recovered from SARS-CoV-2 infection eventually , randomized trials are needed to eliminate the effect of other treatments and investigate the safety and efficacy of convalescent plasma therapy .", "Evidence Elements": {"Participant": [], "Intervention": [], "Outcome": []}, "Evidence Propositions": []}]}