{"doc_id": "32242347", "type of study": "Therapy", "title": "", "abstract": "The outbreak of Coronavirus Disease 2019 (COVID-19) caused a worldwide pandemic.\nLess than 6 weeks after the first confirmed cases in Korea, the patient number exceeded 5,000, which overcrowded limited hospital resources and forced confirmed patients to stay at home.\nTo allocate medical resources efficiently, Korea implemented a novel institution for the purpose of treating patients with cohort isolation out of hospital, namely the Community Treatment Center (CTC).\nHerein, we report results of the initial management of patients at one of the largest CTC in Korea.\nA total of 309 patients were admitted to our CTC.\nDuring the first two weeks, 7 patients were transferred to the hospital because of symptom aggravation and 107 patients were discharged without any complication.\nAlthough it is a novel concept and may have some limitations, CTC may be a very cost-effective and resource-saving strategy in managing massive cases of COVID-19 or other emerging infectious diseases.\n", "Evidence Map": {"Enrollment": [{"term": "isolation out of hospital", "negation": "affirmed", "UMLS": "", "start": 131, "end": 156}, {"term": "admitted", "negation": "affirmed", "UMLS": "", "start": 29, "end": 37}], "Comparison Results": [], "Study Arm 1 Results": [], "Study Arm 2 Results": []}, "Sentence-level breakdown": [{"Section": "TITLE", "Text": "The outbreak of Coronavirus Disease 2019 ( COVID-19 ) caused a worldwide pandemic .", "Evidence Elements": {"Participant": [], "Intervention": [], "Outcome": []}, "Evidence Propositions": []}, {"Section": "OBJECTIVE", "Text": "To allocate medical resources efficiently , Korea implemented a novel institution for the purpose of treating patients with cohort isolation out of hospital , namely the Community Treatment Center ( CTC ) .", "Evidence Elements": {"Participant": [{"term": "isolation out of hospital", "negation": "affirmed", "UMLS": "", "start": 131, "end": 156}], "Intervention": [], "Outcome": []}, "Evidence Propositions": []}, {"Section": "METHODS", "Text": "Herein , we report results of the initial management of patients at one of the largest CTC in Korea .", "Evidence Elements": {"Participant": [], "Intervention": [], "Outcome": []}, "Evidence Propositions": []}, {"Section": "METHODS", "Text": "A total of 309 patients were admitted to our CTC .", "Evidence Elements": {"Participant": [{"term": "admitted", "negation": "affirmed", "UMLS": "", "start": 29, "end": 37}], "Intervention": [], "Outcome": []}, "Evidence Propositions": []}, {"Section": "RESULTS", "Text": "During the first two weeks , 7 patients were transferred to the hospital because of symptom aggravation and 107 patients were discharged without any complication .", "Evidence Elements": {"Participant": [], "Intervention": [], "Outcome": [{"term": "transferred to the", "negation": "affirmed", "UMLS": "", "start": 45, "end": 63}, {"term": "symptom aggravation", "negation": "affirmed", "UMLS": "", "start": 84, "end": 103}, {"term": "discharged without any", "negation": "affirmed", "UMLS": "", "start": 126, "end": 148}]}, "Evidence Propositions": []}, {"Section": "CONCLUSIONS", "Text": "Although it is a novel concept and may have some limitations , CTC may be a very cost-effective and resource-saving strategy in managing massive cases of COVID-19 or other emerging infectious diseases .", "Evidence Elements": {"Participant": [], "Intervention": [], "Outcome": []}, "Evidence Propositions": []}]}