{"doc_id": "32240462", "type of study": "Therapy", "title": "", "abstract": "Coronavirus disease 2019 (COVID-19) caused by severe acute respiratory syndrome coronavirus-2 (SARS-CoV-2) has posed a significant threat to global health.\nIt caused a total of 80 868 confirmed cases and 3101 deaths in Chinese mainland until March 8, 2020.\nThis novel virus spread mainly through respiratory droplets and close contact.\nAs disease progressed, a series of complications tend to develop, especially in critically ill patients.\nPathological findings showed representative features of acute respiratory distress syndrome and involvement of multiple organs.\nApart from supportive care, no specific treatment has been established for COVID-19.\nThe efficacy of some promising antivirals, convalescent plasma transfusion, and tocilizumab needs to be investigated by ongoing clinical trials.\n", "Evidence Map": {"Enrollment": [{"term": "acute respiratory distress syndrome", "negation": "affirmed", "UMLS": "", "start": 56, "end": 91}, {"term": "involvement of multiple organs", "negation": "affirmed", "UMLS": "", "start": 96, "end": 126}], "Comparison Results": [], "Study Arm 1 Results": [], "Study Arm 2 Results": []}, "Sentence-level breakdown": [{"Section": "TITLE", "Text": "Coronavirus disease 2019 ( COVID-19 ) caused by severe acute respiratory syndrome coronavirus-2 ( SARS-CoV-2 ) has posed a significant threat to global health .", "Evidence Elements": {"Participant": [], "Intervention": [], "Outcome": []}, "Evidence Propositions": []}, {"Section": "RESULTS", "Text": "It caused a total of 80 868 confirmed cases and 3101 deaths in Chinese mainland until March 8 , 2020 .", "Evidence Elements": {"Participant": [], "Intervention": [], "Outcome": []}, "Evidence Propositions": []}, {"Section": "RESULTS", "Text": "This novel virus spread mainly through respiratory droplets and close contact .", "Evidence Elements": {"Participant": [], "Intervention": [], "Outcome": []}, "Evidence Propositions": []}, {"Section": "RESULTS", "Text": "As disease progressed , a series of complications tend to develop , especially in critically ill patients .", "Evidence Elements": {"Participant": [], "Intervention": [], "Outcome": []}, "Evidence Propositions": []}, {"Section": "RESULTS", "Text": "Pathological findings showed representative features of acute respiratory distress syndrome and involvement of multiple organs .", "Evidence Elements": {"Participant": [{"term": "acute respiratory distress syndrome", "negation": "affirmed", "UMLS": "", "start": 56, "end": 91}, {"term": "involvement of multiple organs", "negation": "affirmed", "UMLS": "", "start": 96, "end": 126}], "Intervention": [], "Outcome": []}, "Evidence Propositions": []}, {"Section": "RESULTS", "Text": "Apart from supportive care , no specific treatment has been established for COVID-19 .", "Evidence Elements": {"Participant": [], "Intervention": [], "Outcome": []}, "Evidence Propositions": []}, {"Section": "CONCLUSIONS", "Text": "The efficacy of some promising antivirals , convalescent plasma transfusion , and tocilizumab needs to be investigated by ongoing clinical trials .", "Evidence Elements": {"Participant": [], "Intervention": [], "Outcome": []}, "Evidence Propositions": []}]}