{"doc_id": "32240283", "type of study": "Therapy", "title": "", "abstract": "The COVID-19 pandemic is a particularly grave risk to the millions of Americans with opioid use disorder, who:already vulnerable and marginalized:are heavily dependent on face-to-face health care delivery.\nThese authors propose rapid and coordinated action on the part of clinicians and policymakers to mitigate risks of disrupted care for these patients.\n", "Evidence Map": {"Enrollment": [], "Comparison Results": [], "Study Arm 1 Results": [], "Study Arm 2 Results": []}, "Sentence-level breakdown": [{"Section": "TITLE", "Text": "The COVID-19 pandemic is a particularly grave risk to the millions of Americans with opioid use disorder , who : already vulnerable and marginalized : are heavily dependent on face-to-face health care delivery .", "Evidence Elements": {"Participant": [], "Intervention": [], "Outcome": []}, "Evidence Propositions": []}, {"Section": "CONCLUSIONS", "Text": "These authors propose rapid and coordinated action on the part of clinicians and policymakers to mitigate risks of disrupted care for these patients .", "Evidence Elements": {"Participant": [], "Intervention": [], "Outcome": [{"term": "risks of disrupted care", "negation": "affirmed", "UMLS": "", "start": 106, "end": 129}]}, "Evidence Propositions": []}]}