{"doc_id": "32245150", "type of study": "Therapy", "title": "", "abstract": "Coronavirus infections are a continuous threat raised time and again.\nWith the recent emergence of novel virulent strains, these viruses can have a large impact on human and animal health.\nPorcine epidemic diarrhea (PED) is considered to be a reemerging pig disease caused by the enteropathogenic alphacoronavirus PED virus (PEDV).\nIn the absence of effective vaccines, infection prevention and control through diagnostic testing and quarantine are critical.\nEarly detection and differential diagnosis of PEDV infections increase the chance of successful control of the disease.\nTherefore, there is a continuous need for development of reduced assay-step protocols, no-wash, high-throughput immunoassays.\nThis study described the characterization of the humoral immune response against PEDV under experimental and field conditions using a rapid, sensitive, luminescent proximity homogenous assay (AlphaLISA).\nPEDV IgG and IgA antibodies were developed toward the beginning of the second week of infection.\nPEDV IgG antibodies were detected for at least 16 weeks post-exposure.\nRemarkably, the serum IgA levels remained high and relatively stable throughout the study, lasting longer than the serum IgG response.\nOverall, AlphaLISA allows the detection and characterization of pathogen-specific antibodies with new speed, sensitivity, and simplicity of use.\nParticularly, the bridge assay constitutes a rapid diagnostic that substantially improves upon the \"time to result\" metric of currently available immunoassays.\n", "Evidence Map": {"Enrollment": [], "Comparison Results": [], "Study Arm 1 Results": [], "Study Arm 2 Results": []}, "Sentence-level breakdown": [{"Section": "TITLE", "Text": "Coronavirus infections are a continuous threat raised time and again .", "Evidence Elements": {"Participant": [], "Intervention": [], "Outcome": []}, "Evidence Propositions": []}, {"Section": "OBJECTIVE", "Text": "This study described the characterization of the humoral immune response against PEDV under experimental and field conditions using a rapid , sensitive , luminescent proximity homogenous assay ( AlphaLISA ) .", "Evidence Elements": {"Participant": [], "Intervention": [], "Outcome": [{"term": "humoral immune response", "negation": "affirmed", "UMLS": "", "start": 49, "end": 72}, {"term": "PEDV", "negation": "affirmed", "UMLS": "", "start": 81, "end": 85}]}, "Evidence Propositions": []}, {"Section": "METHODS", "Text": "PEDV IgG and IgA antibodies were developed toward the beginning of the second week of infection .", "Evidence Elements": {"Participant": [], "Intervention": [], "Outcome": [{"term": "PEDV IgG", "negation": "affirmed", "UMLS": "", "start": 0, "end": 8}, {"term": "IgA antibodies", "negation": "affirmed", "UMLS": "", "start": 13, "end": 27}]}, "Evidence Propositions": []}, {"Section": "METHODS", "Text": "PEDV IgG antibodies were detected for at least 16 weeks post-exposure .", "Evidence Elements": {"Participant": [], "Intervention": [], "Outcome": [{"term": "PEDV IgG antibodies", "negation": "affirmed", "UMLS": "", "start": 0, "end": 19}]}, "Evidence Propositions": []}, {"Section": "RESULTS", "Text": "Remarkably , the serum IgA levels remained high and relatively stable throughout the study , lasting longer than the serum IgG response .", "Evidence Elements": {"Participant": [], "Intervention": [], "Outcome": [{"term": "serum IgA levels", "negation": "affirmed", "UMLS": "", "start": 17, "end": 33}, {"term": "serum", "negation": "affirmed", "UMLS": "", "start": 17, "end": 22}]}, "Evidence Propositions": [{"Intervention": [], "Observation": "longer", "Outcome": "serum", "Count": ""}]}, {"Section": "CONCLUSIONS", "Text": "Overall , AlphaLISA allows the detection and characterization of pathogen-specific antibodies with new speed , sensitivity , and simplicity of use .", "Evidence Elements": {"Participant": [], "Intervention": [], "Outcome": []}, "Evidence Propositions": []}, {"Section": "CONCLUSIONS", "Text": "Particularly , the bridge assay constitutes a rapid diagnostic that substantially improves upon the \" time to result \" metric of currently available immunoassays .", "Evidence Elements": {"Participant": [], "Intervention": [{"term": "bridge assay", "negation": "affirmed", "UMLS": "", "start": 19, "end": 31}], "Outcome": [{"term": "diagnostic", "negation": "affirmed", "UMLS": "", "start": 52, "end": 62}, {"term": "\" time to result \" metric", "negation": "affirmed", "UMLS": "", "start": 100, "end": 125}]}, "Evidence Propositions": [{"Intervention": "bridge assay", "Observation": "substantially improves", "Outcome": "\" time to result \" metric", "Count": ""}]}]}