{"doc_id": "32245083", "type of study": "Therapy", "title": "", "abstract": "In December 2019, a cluster of fatal pneumonia cases presented in Wuhan, China. They were caused by a previously unknown coronavirus.\nAll patients had been associated with the Wuhan Wholefood market, where seafood and live animals are sold.\nThe virus spread rapidly and public health authorities in China initiated a containment effort.\nHowever, by that time, travelers had carried the virus to many countries, sparking memories of the previous coronavirus epidemics, severe acute respiratory syndrome (SARS) and Middle East respiratory syndrome (MERS), and causing widespread media attention and panic.\nBased on clinical criteria and available serological and molecular information, the new disease was called coronavirus disease of 2019 (COVID-19), and the novel coronavirus was called SARS Coronavirus-2 (SARS-CoV-2), emphasizing its close relationship to the 2002 SARS virus (SARS-CoV).\nThe scientific community raced to uncover the origin of the virus, understand the pathogenesis of the disease, develop treatment options, define the risk factors, and work on vaccine development.\nHere we present a summary of current knowledge regarding the novel coronavirus and the disease it causes.\n", "Evidence Map": {"Enrollment": [], "Comparison Results": [], "Study Arm 1 Results": [], "Study Arm 2 Results": []}, "Sentence-level breakdown": [{"Section": "TITLE", "Text": "In December 2019 , a cluster of fatal pneumonia cases presented in Wuhan , China . They were caused by a previously unknown coronavirus .", "Evidence Elements": {"Participant": [], "Intervention": [], "Outcome": []}, "Evidence Propositions": []}, {"Section": "RESULTS", "Text": "All patients had been associated with the Wuhan Wholefood market , where seafood and live animals are sold .", "Evidence Elements": {"Participant": [], "Intervention": [], "Outcome": []}, "Evidence Propositions": []}, {"Section": "RESULTS", "Text": "The virus spread rapidly and public health authorities in China initiated a containment effort .", "Evidence Elements": {"Participant": [], "Intervention": [], "Outcome": []}, "Evidence Propositions": []}, {"Section": "RESULTS", "Text": "However , by that time , travelers had carried the virus to many countries , sparking memories of the previous coronavirus epidemics , severe acute respiratory syndrome ( SARS ) and Middle East respiratory syndrome ( MERS ) , and causing widespread media attention and panic .", "Evidence Elements": {"Participant": [], "Intervention": [], "Outcome": []}, "Evidence Propositions": []}, {"Section": "RESULTS", "Text": "Based on clinical criteria and available serological and molecular information , the new disease was called coronavirus disease of 2019 ( COVID-19 ) , and the novel coronavirus was called SARS Coronavirus-2 ( SARS-CoV-2 ) , emphasizing its close relationship to the 2002 SARS virus ( SARS-CoV ) .", "Evidence Elements": {"Participant": [], "Intervention": [], "Outcome": []}, "Evidence Propositions": []}, {"Section": "CONCLUSIONS", "Text": "The scientific community raced to uncover the origin of the virus , understand the pathogenesis of the disease , develop treatment options , define the risk factors , and work on vaccine development .", "Evidence Elements": {"Participant": [], "Intervention": [], "Outcome": []}, "Evidence Propositions": []}, {"Section": "CONCLUSIONS", "Text": "Here we present a summary of current knowledge regarding the novel coronavirus and the disease it causes .", "Evidence Elements": {"Participant": [], "Intervention": [], "Outcome": []}, "Evidence Propositions": []}]}