{"doc_id": "32245784", "type of study": "Therapy", "title": "", "abstract": "The surface of severe acute respiratory syndrome-coronavirus 2 (SARS-CoV-2) is decorated with trimeric spikes that bind to host cell receptors.\nThese spikes also elicit an antibody response, so understanding antibody recognition may aid in vaccine design.\nYuan et al. determined the structure of CR3022, a neutralizing antibody obtained from a convalescent SARS-CoV-infected patient, in complex with the receptor-binding domain of the SARS-CoV-2 spike.\nThe antibody binds to an epitope conserved between SARS-CoV-2 and SARS-CoV that is distinct from the receptor-binding site.\nCR3022 likely binds more tightly to SARS-CoV because its epitope contains a glycan not present in SARS-CoV-2.\nStructural modeling showed that the epitope is only revealed when at least two of the three spike proteins are in a conformation competent to bind the receptor.\nScience, this issue p. 630 Structural studies show that a SARS antibody binds a conserved epitope on the viral spike distinct from the receptor-binding site.\nThe outbreak of coronavirus disease 2019 (COVID-19) caused by severe acute respiratory syndrome-coronavirus 2 (SARS-CoV-2) has now become a pandemic, but there is currently very little understanding of the antigenicity of the virus.\nWe therefore determined the crystal structure of CR3022, a neutralizing antibody previously isolated from a convalescent SARS patient, in complex with the receptor binding domain (RBD) of the SARS-CoV-2 spike (S) protein at 3.1-angstrom resolution.\nCR3022 targets a highly conserved epitope, distal from the receptor binding site, that enables cross-reactive binding between SARS-CoV-2 and SARS-CoV. Structural modeling further demonstrates that the binding epitope can only be accessed by CR3022 when at least two RBDs on the trimeric S protein are in the \"up\" conformation and slightly rotated.\nThese results provide molecular insights into antibody recognition of SARS-CoV-2.\n", "Evidence Map": {"Enrollment": [{"term": "spike (", "negation": "affirmed", "UMLS": "", "start": 207, "end": 214}], "Comparison Results": [], "Study Arm 1 Results": [], "Study Arm 2 Results": []}, "Sentence-level breakdown": [{"Section": "TITLE", "Text": "The surface of severe acute respiratory syndrome-coronavirus 2 ( SARS-CoV-2 ) is decorated with trimeric spikes that bind to host cell receptors .", "Evidence Elements": {"Participant": [], "Intervention": [], "Outcome": []}, "Evidence Propositions": []}, {"Section": "RESULTS", "Text": "These spikes also elicit an antibody response , so understanding antibody recognition may aid in vaccine design .", "Evidence Elements": {"Participant": [], "Intervention": [], "Outcome": []}, "Evidence Propositions": []}, {"Section": "RESULTS", "Text": "Yuan et al . determined the structure of CR3022 , a neutralizing antibody obtained from a convalescent SARS-CoV-infected patient , in complex with the receptor-binding domain of the SARS-CoV-2 spike .", "Evidence Elements": {"Participant": [], "Intervention": [{"term": "CR3022", "negation": "affirmed", "UMLS": "", "start": 41, "end": 47}], "Outcome": [{"term": "structure", "negation": "affirmed", "UMLS": "", "start": 28, "end": 37}]}, "Evidence Propositions": []}, {"Section": "RESULTS", "Text": "The antibody binds to an epitope conserved between SARS-CoV-2 and SARS-CoV that is distinct from the receptor-binding site .", "Evidence Elements": {"Participant": [], "Intervention": [], "Outcome": []}, "Evidence Propositions": []}, {"Section": "RESULTS", "Text": "CR3022 likely binds more tightly to SARS-CoV because its epitope contains a glycan not present in SARS-CoV-2 .", "Evidence Elements": {"Participant": [], "Intervention": [{"term": "CR3022", "negation": "affirmed", "UMLS": "", "start": 0, "end": 6}, {"term": "SARS-CoV", "negation": "negated", "UMLS": "", "start": 36, "end": 44}], "Outcome": []}, "Evidence Propositions": [{"Intervention": ["CR3022", "SARS-CoV"], "Observation": "more tightly", "Outcome": "", "Count": ""}]}, {"Section": "RESULTS", "Text": "Structural modeling showed that the epitope is only revealed when at least two of the three spike proteins are in a conformation competent to bind the receptor .", "Evidence Elements": {"Participant": [], "Intervention": [], "Outcome": [{"term": "epitope", "negation": "affirmed", "UMLS": "", "start": 36, "end": 43}]}, "Evidence Propositions": []}, {"Section": "RESULTS", "Text": "Science , this issue p.630 Structural studies show that a SARS antibody binds a conserved epitope on the viral spike distinct from the receptor-binding site .", "Evidence Elements": {"Participant": [], "Intervention": [], "Outcome": []}, "Evidence Propositions": []}, {"Section": "RESULTS", "Text": "The outbreak of coronavirus disease 2019 ( COVID-19 ) caused by severe acute respiratory syndrome-coronavirus 2 ( SARS-CoV-2 ) has now become a pandemic , but there is currently very little understanding of the antigenicity of the virus .", "Evidence Elements": {"Participant": [], "Intervention": [], "Outcome": []}, "Evidence Propositions": []}, {"Section": "RESULTS", "Text": "We therefore determined the crystal structure of CR3022 , a neutralizing antibody previously isolated from a convalescent SARS patient , in complex with the receptor binding domain ( RBD ) of the SARS-CoV-2 spike ( S ) protein at 3.1-angstrom resolution .", "Evidence Elements": {"Participant": [{"term": "spike (", "negation": "affirmed", "UMLS": "", "start": 207, "end": 214}], "Intervention": [{"term": "CR3022", "negation": "affirmed", "UMLS": "", "start": 49, "end": 55}], "Outcome": [{"term": "crystal structure", "negation": "affirmed", "UMLS": "", "start": 28, "end": 45}]}, "Evidence Propositions": []}, {"Section": "RESULTS", "Text": "CR3022 targets a highly conserved epitope , distal from the receptor binding site , that enables cross-reactive binding between SARS-CoV-2 and SARS-CoV . Structural modeling further demonstrates that the binding epitope can only be accessed by CR3022 when at least two RBDs on the trimeric S protein are in the \" up \" conformation and slightly rotated .", "Evidence Elements": {"Participant": [], "Intervention": [{"term": "CR3022", "negation": "affirmed", "UMLS": "", "start": 0, "end": 6}, {"term": "CR3022", "negation": "affirmed", "UMLS": "", "start": 0, "end": 6}], "Outcome": [{"term": "binding epitope", "negation": "affirmed", "UMLS": "", "start": 204, "end": 219}]}, "Evidence Propositions": []}, {"Section": "CONCLUSIONS", "Text": "These results provide molecular insights into antibody recognition of SARS-CoV-2 .", "Evidence Elements": {"Participant": [], "Intervention": [], "Outcome": [{"term": "recognition", "negation": "affirmed", "UMLS": "", "start": 55, "end": 66}]}, "Evidence Propositions": []}]}