{"doc_id": "32248575", "type of study": "Therapy", "title": "", "abstract": "Several corona viral infections have created serious threats in the last couple of decades claiming the death of thousands of human beings.\nRecently, corona viral epidemic raised the issue of developing effective antiviral agents at the earliest to prevent further losses.\nNatural products have always played a crucial role in drug development process against various diseases, which resulted in screening of such agents to combat emergent mutants of corona virus.\nThis review focuses on those natural compounds that showed promising results against corona viruses.\nAlthough inhibition of viral replication is often considered as a general mechanism for antiviral activity of most of the natural products, studies have shown that some natural products can interact with key viral proteins that are associated with virulence.\nIn this context, some of the natural products have antiviral activity in the nanomolar concentration (e.g., lycorine, homoharringtonine, silvestrol, ouabain, tylophorine, and 7-methoxycryptopleurine) and could be leads for further drug development on their own or as a template for drug design.\nIn addition, a good number of natural products with anti-corona virus activity are the major constituents of some common dietary supplements, which can be exploited to improve the immunity of the general population in certain epidemics.\n", "Evidence Map": {"Enrollment": [{"term": "corona viruses", "negation": "affirmed", "UMLS": "", "start": 85, "end": 99}], "Comparison Results": [], "Study Arm 1 Results": [], "Study Arm 2 Results": []}, "Sentence-level breakdown": [{"Section": "TITLE", "Text": "Several corona viral infections have created serious threats in the last couple of decades claiming the death of thousands of human beings .", "Evidence Elements": {"Participant": [], "Intervention": [], "Outcome": []}, "Evidence Propositions": []}, {"Section": "OBJECTIVE", "Text": "This review focuses on those natural compounds that showed promising results against corona viruses .", "Evidence Elements": {"Participant": [{"term": "corona viruses", "negation": "affirmed", "UMLS": "", "start": 85, "end": 99}], "Intervention": [{"term": "natural compounds", "negation": "affirmed", "UMLS": "", "start": 29, "end": 46}], "Outcome": []}, "Evidence Propositions": []}, {"Section": "RESULTS", "Text": "Although inhibition of viral replication is often considered as a general mechanism for antiviral activity of most of the natural products , studies have shown that some natural products can interact with key viral proteins that are associated with virulence .", "Evidence Elements": {"Participant": [], "Intervention": [], "Outcome": []}, "Evidence Propositions": []}, {"Section": "RESULTS", "Text": "In this context , some of the natural products have antiviral activity in the nanomolar concentration ( e.g. , lycorine , homoharringtonine , silvestrol , ouabain , tylophorine , and 7-methoxycryptopleurine ) and could be leads for further drug development on their own or as a template for drug design .", "Evidence Elements": {"Participant": [], "Intervention": [], "Outcome": []}, "Evidence Propositions": []}, {"Section": "CONCLUSIONS", "Text": "In addition , a good number of natural products with anti-corona virus activity are the major constituents of some common dietary supplements , which can be exploited to improve the immunity of the general population in certain epidemics .", "Evidence Elements": {"Participant": [], "Intervention": [], "Outcome": []}, "Evidence Propositions": []}]}