{"doc_id": "32248387", "type of study": "Therapy", "title": "", "abstract": "This opinion article discusses the increasing attention paid to the role of activating damage-associated molecular patterns (DAMPs) in initiation of inflammatory diseases and suppressing/inhibiting DAMPs (SAMPs) in resolution of inflammatory diseases and, consequently, to the future roles of these novel biomarkers as therapeutic targets and therapeutics.\nSince controlled production of DAMPs and SAMPs is needed to achieve full homeostatic restoration and repair from tissue injury, only their pathological, not their homeostatic, concentrations should be therapeutically tackled.\nTherefore, distinct caveats are proposed regarding choosing DAMPs and SAMPs for therapeutic purposes.\nFor example, we discuss the need to a priori identify and define a context-dependent \"homeostatic DAMP:SAMP ratio\" in each case and a \"homeostatic window\" of DAMP and SAMP concentrations to guarantee a safe treatment modality to patients.\nFinally, a few clinical examples of how DAMPs and SAMPs might be used as therapeutic targets or therapeutics in the future are discussed, including inhibition of DAMPs in hyperinflammatory processes (e.g., systemic inflammatory response syndrome, as currently observed in Covid-19), administration of SAMPs in chronic inflammatory diseases, inhibition of SAMPs in hyperresolving processes (e.g., compensatory anti-inflammatory response syndrome), and administration/induction of DAMPs in vaccination procedures and anti-cancer therapy.\n", "Evidence Map": {"Enrollment": [{"term": "chronic inflammatory diseases", "negation": "affirmed", "UMLS": "", "start": 317, "end": 346}], "Comparison Results": [], "Study Arm 1 Results": [], "Study Arm 2 Results": []}, "Sentence-level breakdown": [{"Section": "TITLE", "Text": "This opinion article discusses the increasing attention paid to the role of activating damage-associated molecular patterns ( DAMPs ) in initiation of inflammatory diseases and suppressing / inhibiting DAMPs ( SAMPs ) in resolution of inflammatory diseases and , consequently , to the future roles of these novel biomarkers as therapeutic targets and therapeutics .", "Evidence Elements": {"Participant": [], "Intervention": [], "Outcome": []}, "Evidence Propositions": []}, {"Section": "RESULTS", "Text": "Since controlled production of DAMPs and SAMPs is needed to achieve full homeostatic restoration and repair from tissue injury , only their pathological , not their homeostatic , concentrations should be therapeutically tackled .", "Evidence Elements": {"Participant": [], "Intervention": [], "Outcome": []}, "Evidence Propositions": []}, {"Section": "RESULTS", "Text": "Therefore , distinct caveats are proposed regarding choosing DAMPs and SAMPs for therapeutic purposes .", "Evidence Elements": {"Participant": [], "Intervention": [], "Outcome": []}, "Evidence Propositions": []}, {"Section": "RESULTS", "Text": "For example , we discuss the need to apriori identify and define a context-dependent \" homeostatic DAMP : SAMP ratio \" in each case and a \" homeostatic window \" of DAMP and SAMP concentrations to guarantee a safe treatment modality to patients .", "Evidence Elements": {"Participant": [], "Intervention": [], "Outcome": []}, "Evidence Propositions": []}, {"Section": "RESULTS", "Text": "Finally , a few clinical examples of how DAMPs and SAMPs might be used as therapeutic targets or therapeutics in the future are discussed , including inhibition of DAMPs in hyperinflammatory processes ( e.g. , systemic inflammatory response syndrome , as currently observed in Covid-19 ) , administration of SAMPs in chronic inflammatory diseases , inhibition of SAMPs in hyperresolving processes ( e.g. , compensatory anti-inflammatory response syndrome ) , and administration / induction of DAMPs in vaccination procedures and anti-cancer therapy", "Evidence Elements": {"Participant": [{"term": "chronic inflammatory diseases", "negation": "affirmed", "UMLS": "", "start": 317, "end": 346}], "Intervention": [{"term": "SAMPs", "negation": "affirmed", "UMLS": "", "start": 51, "end": 56}], "Outcome": [{"term": "inhibition of DAMPs in hyperinflammatory processes", "negation": "affirmed", "UMLS": "", "start": 150, "end": 200}, {"term": "systemic inflammatory response syndrome", "negation": "affirmed", "UMLS": "", "start": 210, "end": 249}, {"term": "inhibition of SAMPs in hyperresolving processes", "negation": "affirmed", "UMLS": "", "start": 349, "end": 396}, {"term": "compensatory anti-inflammatory response syndrome", "negation": "affirmed", "UMLS": "", "start": 406, "end": 454}]}, "Evidence Propositions": []}]}