{"doc_id": "32243297", "type of study": "Therapy", "title": "", "abstract": "In late December 2019, several cases of pneumonia of unknown origin were reported from China, which in early January 2020 were announced to be caused by a novel coronavirus.\nThe virus was later denominated severe acute respiratory syndrome coronavirus 2 (SARS-CoV-2) and defined as the causal agent of Coronavirus Disease 2019 (COVID-19).\nDespite massive attempts to contain the disease in China, the virus has spread globally, and COVID-19 was declared a pandemic by the World Health Organization (WHO) in March 2020.\nHere we provide a short background on coronaviruses, and describe in more detail the novel SARS-CoV-2 and attempts to identify effective therapies against COVID-19.\n", "Evidence Map": {"Enrollment": [], "Comparison Results": [], "Study Arm 1 Results": [], "Study Arm 2 Results": []}, "Sentence-level breakdown": [{"Section": "TITLE", "Text": "In late December 2019 , several cases of pneumonia of unknown origin were reported from China , which in early January 2020 were announced to be caused by a novel coronavirus .", "Evidence Elements": {"Participant": [], "Intervention": [], "Outcome": []}, "Evidence Propositions": []}, {"Section": "RESULTS", "Text": "The virus was later denominated severe acute respiratory syndrome coronavirus 2 ( SARS-CoV-2 ) and defined as the causal agent of Coronavirus Disease 2019 ( COVID-19 ) .", "Evidence Elements": {"Participant": [], "Intervention": [], "Outcome": []}, "Evidence Propositions": []}, {"Section": "RESULTS", "Text": "Despite massive attempts to contain the disease in China , the virus has spread globally , and COVID-19 was declared a pandemic by the World Health Organization ( WHO ) in March 2020 .", "Evidence Elements": {"Participant": [], "Intervention": [], "Outcome": []}, "Evidence Propositions": []}, {"Section": "CONCLUSIONS", "Text": "Here we provide a short background on coronaviruses , and describe in more detail the novel SARS-CoV-2 and attempts to identify effective therapies against COVID-19 .", "Evidence Elements": {"Participant": [], "Intervention": [{"term": "SARS-CoV-2", "negation": "affirmed", "UMLS": "", "start": 92, "end": 102}], "Outcome": []}, "Evidence Propositions": []}]}