{"doc_id": "32248966", "type of study": "Therapy", "title": "", "abstract": "Coronavirus disease 2019 (COVID-19), caused by a novel betacoronavirus severe acute respiratory syndrome coronavirus 2 (SARS-CoV-2), was first described in a cluster of patients presenting with pneumonia symptoms in Wuhan, China, in December of 2019.\nOver the past few months, COVID-19 has developed into a worldwide pandemic, with over 400,000 documented cases globally as of March 24, 2020.\nThe SARS-CoV-2 virus is most likely of zoonotic origin, but has been shown to have effective human-to-human transmission.\nCOVID-19 results in mild symptoms in the majority of infected patients, but can cause severe lung injury, cardiac injury, and death.\nGiven the novel nature of COVID-19, no established treatment beyond supportive care exists currently, but extensive public-health measures to reduce person-to-person transmission of COVID-19 have been implemented globally to curb the spread of disease, reduce the burden on healthcare systems, and protect vulnerable populations, including the elderly and those with underlying medical comorbidities.\nSince this is an emerging infectious disease, there is, as of yet, limited data on the effects of this infection on patients with cardiovascular disease, particularly so for those with congenital heart disease.\nWe summarize herewith the early experience with COVID-19 and consider the potential applicability to and implications for patients with cardiovascular disease in general and congenital heart disease in particular.\nThe global COVID-19 pandemic is caused by a novel coronavirus, SARS-CoV-2.\nCOVID-19 results in respiratory illness, but some patients can have cardiac injury.\nPatients with underlying cardiac disease have worse outcomes with COVID-19.\nACHD patients may be at increased risk of worse outcomes with COVID-19.\nNo treatment exists currently, the focus is on supportive care and prevention.\n", "Evidence Map": {"Enrollment": [{"term": "COVID-19", "negation": "affirmed", "UMLS": "", "start": 48, "end": 56}, {"term": "cardiovascular disease", "negation": "affirmed", "UMLS": "", "start": 136, "end": 158}, {"term": "congenital heart disease", "negation": "affirmed", "UMLS": "", "start": 174, "end": 198}, {"term": "underlying cardiac disease", "negation": "affirmed", "UMLS": "", "start": 14, "end": 40}, {"term": "COVID-19", "negation": "affirmed", "UMLS": "", "start": 66, "end": 74}, {"term": "ACHD", "negation": "affirmed", "UMLS": "", "start": 0, "end": 4}], "Comparison Results": [], "Study Arm 1 Results": [], "Study Arm 2 Results": []}, "Sentence-level breakdown": [{"Section": "TITLE", "Text": "Coronavirus disease 2019 ( COVID-19 ) , caused by a novel betacoronavirus severe acute respiratory syndrome coronavirus 2 ( SARS-CoV-2 ) , was first described in a cluster of patients presenting with pneumonia symptoms in Wuhan , China , in December of 2019 .", "Evidence Elements": {"Participant": [], "Intervention": [], "Outcome": []}, "Evidence Propositions": []}, {"Section": "RESULTS", "Text": "We summarize herewith the early experience with COVID-19 and consider the potential applicability to and implications for patients with cardiovascular disease in general and congenital heart disease in particular .", "Evidence Elements": {"Participant": [{"term": "COVID-19", "negation": "affirmed", "UMLS": "", "start": 48, "end": 56}, {"term": "cardiovascular disease", "negation": "affirmed", "UMLS": "", "start": 136, "end": 158}, {"term": "congenital heart disease", "negation": "affirmed", "UMLS": "", "start": 174, "end": 198}], "Intervention": [], "Outcome": []}, "Evidence Propositions": []}, {"Section": "RESULTS", "Text": "The global COVID-19 pandemic is caused by a novel coronavirus , SARS-CoV-2 .", "Evidence Elements": {"Participant": [], "Intervention": [], "Outcome": []}, "Evidence Propositions": []}, {"Section": "RESULTS", "Text": "COVID-19 results in respiratory illness , but some patients can have cardiac injury .", "Evidence Elements": {"Participant": [], "Intervention": [], "Outcome": []}, "Evidence Propositions": []}, {"Section": "RESULTS", "Text": "Patients with underlying cardiac disease have worse outcomes with COVID-19 .", "Evidence Elements": {"Participant": [{"term": "underlying cardiac disease", "negation": "affirmed", "UMLS": "", "start": 14, "end": 40}, {"term": "COVID-19", "negation": "affirmed", "UMLS": "", "start": 66, "end": 74}], "Intervention": [], "Outcome": [{"term": "outcomes", "negation": "affirmed", "UMLS": "", "start": 52, "end": 60}]}, "Evidence Propositions": []}, {"Section": "RESULTS", "Text": "ACHD patients may be at increased risk of worse outcomes with COVID-19 .", "Evidence Elements": {"Participant": [{"term": "ACHD", "negation": "affirmed", "UMLS": "", "start": 0, "end": 4}], "Intervention": [], "Outcome": [{"term": "worse", "negation": "affirmed", "UMLS": "", "start": 42, "end": 47}, {"term": "outcomes", "negation": "affirmed", "UMLS": "", "start": 48, "end": 56}]}, "Evidence Propositions": []}, {"Section": "CONCLUSIONS", "Text": "No treatment exists currently , the focus is on supportive care and prevention .", "Evidence Elements": {"Participant": [], "Intervention": [], "Outcome": []}, "Evidence Propositions": []}]}