{"doc_id": "32242738", "type of study": "Therapy", "title": "", "abstract": "Rationale: The global death toll from coronavirus disease (COVID-19) virus as of May 12, 2020, exceeds 286,000.\nThe risk factors for death were attributed to advanced age and comorbidities but have not been accurately defined.\nObjectives: To report the clinical features of 85 fatal cases of COVID-19 in two hospitals in Wuhan.\nMethods: Medical records were collected of 85 fatal cases of COVID-19 between January 9, 2020, and February 15, 2020.\nInformation recorded included medical history, exposure history, comorbidities, symptoms, signs, laboratory findings, computed tomographic scans, and clinical management.\nMeasurements and Main Results: The median age of the patients was 65.8 years, and 72.9% were male.\nCommon symptoms were fever (78 [91.8%]), shortness of breath (50 [58.8%]), fatigue (50 [58.8%]), and dyspnea (60 [70.6%]).\nHypertension, diabetes, and coronary heart disease were the most common comorbidities.\nNotably, 81.2% of patients had very low eosinophil counts on admission.\nComplications included respiratory failure (80 [94.1%]), shock (69 [81.2%]), acute respiratory distress syndrome (63 [74.1%]), and arrhythmia (51 [60%]), among others.\nMost patients received antibiotic (77 [90.6%]), antiviral (78 [91.8%]), and glucocorticoid (65 [76.5%]) treatments.\nA total of 38 (44.7%) and 33 (38.8%) patients received intravenous immunoglobulin and IFN-alpha2b, respectively.\nConclusions: In this depictive study of 85 fatal cases of COVID-19, most cases were males aged over 50 years with noncommunicable chronic diseases.\nThe majority of the patients died of multiple organ failure.\nEarly onset of shortness of breath may be used as an observational symptom for COVID-19 exacerbations.\nEosinophilopenia may indicate a poor prognosis.\nA combination of antimicrobial drugs did not offer considerable benefit to the outcome of this group of patients.\n", "Evidence Map": {"Enrollment": [{"term": "COVID-19", "negation": "affirmed", "UMLS": "", "start": 66, "end": 74}, {"term": "of COVID-19", "negation": "affirmed", "UMLS": "", "start": 59, "end": 70}, {"term": "fever", "negation": "affirmed", "UMLS": "", "start": 21, "end": 26}, {"term": "shortness of breath", "negation": "affirmed", "UMLS": "", "start": 47, "end": 66}, {"term": "Hypertension", "negation": "affirmed", "UMLS": "", "start": 0, "end": 12}, {"term": "diabetes", "negation": "affirmed", "UMLS": "", "start": 15, "end": 23}, {"term": "coronary heart disease", "negation": "affirmed", "UMLS": "", "start": 30, "end": 52}, {"term": "males", "negation": "affirmed", "UMLS": "", "start": 86, "end": 91}, {"term": "noncommunicable", "negation": "affirmed", "UMLS": "", "start": 116, "end": 131}], "Comparison Results": [], "Study Arm 1 Results": [], "Study Arm 2 Results": []}, "Sentence-level breakdown": [{"Section": "TITLE", "Text": "Rationale : The global death toll from coronavirus disease ( COVID-19 ) virus as of May 12 , 2020 , exceeds 286,000 .", "Evidence Elements": {"Participant": [], "Intervention": [], "Outcome": []}, "Evidence Propositions": []}, {"Section": "OBJECTIVE", "Text": "Objectives : To report the clinical features of 85 fatal cases of COVID-19 in two hospitals in Wuhan .", "Evidence Elements": {"Participant": [{"term": "COVID-19", "negation": "affirmed", "UMLS": "", "start": 66, "end": 74}], "Intervention": [], "Outcome": [{"term": "clinical features", "negation": "affirmed", "UMLS": "", "start": 27, "end": 44}]}, "Evidence Propositions": []}, {"Section": "METHODS", "Text": "Methods : Medical records were collected of 85 fatal cases of COVID-19 between January 9 , 2020 , and February 15 , 2020 .", "Evidence Elements": {"Participant": [{"term": "of COVID-19", "negation": "affirmed", "UMLS": "", "start": 59, "end": 70}], "Intervention": [], "Outcome": []}, "Evidence Propositions": []}, {"Section": "METHODS", "Text": "Information recorded included medical history , exposure history , comorbidities , symptoms , signs , laboratory findings , computed tomographic scans , and clinical management .", "Evidence Elements": {"Participant": [], "Intervention": [], "Outcome": []}, "Evidence Propositions": []}, {"Section": "RESULTS", "Text": "Measurements and Main Results : The median age of the patients was 65.8 years , and 72.9 % were male .", "Evidence Elements": {"Participant": [], "Intervention": [], "Outcome": []}, "Evidence Propositions": []}, {"Section": "RESULTS", "Text": "Common symptoms were fever ( 78 [ 91.8 % ] ) , shortness of breath ( 50 [ 58.8 % ] ) , fatigue ( 50 [ 58.8 % ] ) , and dyspnea ( 60 [ 70.6 % ] ) .", "Evidence Elements": {"Participant": [{"term": "fever", "negation": "affirmed", "UMLS": "", "start": 21, "end": 26}, {"term": "shortness of breath", "negation": "affirmed", "UMLS": "", "start": 47, "end": 66}], "Intervention": [], "Outcome": []}, "Evidence Propositions": []}, {"Section": "RESULTS", "Text": "Hypertension , diabetes , and coronary heart disease were the most common comorbidities .", "Evidence Elements": {"Participant": [{"term": "Hypertension", "negation": "affirmed", "UMLS": "", "start": 0, "end": 12}, {"term": "diabetes", "negation": "affirmed", "UMLS": "", "start": 15, "end": 23}, {"term": "coronary heart disease", "negation": "affirmed", "UMLS": "", "start": 30, "end": 52}], "Intervention": [], "Outcome": []}, "Evidence Propositions": []}, {"Section": "RESULTS", "Text": "Notably , 81.2 % of patients had very low eosinophil counts on admission .", "Evidence Elements": {"Participant": [], "Intervention": [], "Outcome": [{"term": "eosinophil counts", "negation": "affirmed", "UMLS": "", "start": 42, "end": 59}]}, "Evidence Propositions": []}, {"Section": "RESULTS", "Text": "Complications included respiratory failure ( 80 [ 94.1 % ] ) , shock ( 69 [ 81.2 % ] ) , acute respiratory distress syndrome ( 63 [ 74.1 % ] ) , and arrhythmia ( 51 [ 60 % ] ) , among others .", "Evidence Elements": {"Participant": [], "Intervention": [], "Outcome": [{"term": "Complications", "negation": "affirmed", "UMLS": "", "start": 0, "end": 13}, {"term": "respiratory failure", "negation": "affirmed", "UMLS": "", "start": 23, "end": 42}, {"term": "shock", "negation": "affirmed", "UMLS": "", "start": 63, "end": 68}]}, "Evidence Propositions": []}, {"Section": "RESULTS", "Text": "Most patients received antibiotic ( 77 [ 90.6 % ] ) , antiviral ( 78 [ 91.8 % ] ) , and glucocorticoid ( 65 [ 76.5 % ] ) treatments .", "Evidence Elements": {"Participant": [], "Intervention": [{"term": "antibiotic", "negation": "affirmed", "UMLS": "", "start": 23, "end": 33}, {"term": "antiviral", "negation": "affirmed", "UMLS": "", "start": 54, "end": 63}], "Outcome": []}, "Evidence Propositions": []}, {"Section": "RESULTS", "Text": "A total of 38 ( 44.7 % ) and 33 ( 38.8 % ) patients received intravenous immunoglobulin and IFN-alpha2b , respectively .", "Evidence Elements": {"Participant": [], "Intervention": [], "Outcome": []}, "Evidence Propositions": []}, {"Section": "RESULTS", "Text": "Conclusions : In this depictive study of 85 fatal cases of COVID-19 , most cases were males aged over 50 years with noncommunicable chronic diseases .", "Evidence Elements": {"Participant": [{"term": "males", "negation": "affirmed", "UMLS": "", "start": 86, "end": 91}, {"term": "noncommunicable", "negation": "affirmed", "UMLS": "", "start": 116, "end": 131}], "Intervention": [], "Outcome": []}, "Evidence Propositions": []}, {"Section": "RESULTS", "Text": "The majority of the patients died of multiple organ failure .", "Evidence Elements": {"Participant": [], "Intervention": [], "Outcome": [{"term": "died of multiple organ failure", "negation": "affirmed", "UMLS": "", "start": 29, "end": 59}]}, "Evidence Propositions": []}, {"Section": "CONCLUSIONS", "Text": "Early onset of shortness of breath may be used as an observational symptom for COVID-19 exacerbations .", "Evidence Elements": {"Participant": [], "Intervention": [], "Outcome": []}, "Evidence Propositions": []}, {"Section": "CONCLUSIONS", "Text": "Eosinophilopenia may indicate a poor prognosis .", "Evidence Elements": {"Participant": [], "Intervention": [], "Outcome": []}, "Evidence Propositions": []}, {"Section": "CONCLUSIONS", "Text": "A combination of antimicrobial drugs did not offer considerable benefit to the outcome of this group of patients .", "Evidence Elements": {"Participant": [], "Intervention": [{"term": "combination of antimicrobial drugs", "negation": "affirmed", "UMLS": "", "start": 2, "end": 36}], "Outcome": [{"term": "outcome", "negation": "negated", "UMLS": "", "start": 79, "end": 86}]}, "Evidence Propositions": [{"Intervention": "combination of antimicrobial drugs", "Observation": "considerable benefit", "Outcome": "outcome", "Count": ""}]}]}