{"doc_id": "32243668", "type of study": "Therapy", "title": "", "abstract": "The outbreak of coronavirus disease 2019 (COVID-19) has rapidly spread globally since being identified as a public health emergency of major international concern and has now been declared a pandemic by the World Health Organization (WHO).\nIn December 2019, an outbreak of atypical pneumonia, known as COVID-19, was identified in Wuhan, China.\nThe newly identified zoonotic coronavirus, severe acute respiratory syndrome coronavirus-2 (SARS-CoV-2), is characterized by rapid human-to-human transmission.\nMany cancer patients frequently visit the hospital for treatment and disease surveillance.\nThey may be immunocompromised due to the underlying malignancy or anticancer therapy and are at higher risk of developing infections.\nSeveral factors increase the risk of infection, and cancer patients commonly have multiple risk factors.\nCancer patients appear to have an estimated twofold increased risk of contracting SARS-CoV-2 than the general population.\nWith the WHO declaring the novel coronavirus outbreak a pandemic, there is an urgent need to address the impact of such a pandemic on cancer patients.\nThis include changes to resource allocation, clinical care, and the consent process during a pandemic.\nCurrently and due to limited data, there are no international guidelines to address the management of cancer patients in any infectious pandemic.\nIn this review, the potential challenges associated with managing cancer patients during the COVID-19 infection pandemic will be addressed, with suggestions of some practical approaches.\nThe main management strategies for treating cancer patients during the COVID-19 epidemic include clear communication and education about hand hygiene, infection control measures, high-risk exposure, and the signs and symptoms of COVID-19.\nConsideration of risk and benefit for active intervention in the cancer population must be individualized.\nPostponing elective surgery or adjuvant chemotherapy for cancer patients with low risk of progression should be considered on a case-by-case basis.\nMinimizing outpatient visits can help to mitigate exposure and possible further transmission.\nTelemedicine may be used to support patients to minimize number of visits and risk of exposure.\nMore research is needed to better understand SARS-CoV-2 virology and epidemiology.\nCancer patients have an increased risk of contracting COVID-19.\nThis article addresses the challenges associated with managing cancer patients during the COVID-19 infection pandemic and suggests some practical approaches.\n", "Evidence Map": {"Enrollment": [{"term": "Cancer patients", "negation": "affirmed", "UMLS": "", "start": 0, "end": 15}, {"term": "general population", "negation": "affirmed", "UMLS": "", "start": 102, "end": 120}, {"term": "cancer", "negation": "affirmed", "UMLS": "", "start": 67, "end": 73}, {"term": "infection", "negation": "affirmed", "UMLS": "", "start": 103, "end": 112}, {"term": "Cancer", "negation": "affirmed", "UMLS": "", "start": 0, "end": 6}, {"term": "cancer", "negation": "affirmed", "UMLS": "", "start": 63, "end": 69}, {"term": "COVID-19 infection pandemic", "negation": "affirmed", "UMLS": "", "start": 90, "end": 117}], "Comparison Results": [], "Study Arm 1 Results": [], "Study Arm 2 Results": []}, "Sentence-level breakdown": [{"Section": "TITLE", "Text": "The outbreak of coronavirus disease 2019 ( COVID-19 ) has rapidly spread globally since being identified as a public health emergency of major international concern and has now been declared a pandemic by the World Health Organization ( WHO ) .", "Evidence Elements": {"Participant": [], "Intervention": [], "Outcome": []}, "Evidence Propositions": []}, {"Section": "RESULTS", "Text": "In December 2019 , an outbreak of atypical pneumonia , known as COVID-19 , was identified in Wuhan , China .", "Evidence Elements": {"Participant": [], "Intervention": [], "Outcome": []}, "Evidence Propositions": []}, {"Section": "RESULTS", "Text": "The newly identified zoonotic coronavirus , severe acute respiratory syndrome coronavirus-2 ( SARS-CoV-2 ) , is characterized by rapid human-to-human transmission .", "Evidence Elements": {"Participant": [], "Intervention": [], "Outcome": []}, "Evidence Propositions": []}, {"Section": "RESULTS", "Text": "Many cancer patients frequently visit the hospital for treatment and disease surveillance .", "Evidence Elements": {"Participant": [], "Intervention": [], "Outcome": []}, "Evidence Propositions": []}, {"Section": "RESULTS", "Text": "They may be immunocompromised due to the underlying malignancy or anticancer therapy and are at higher risk of developing infections .", "Evidence Elements": {"Participant": [], "Intervention": [], "Outcome": []}, "Evidence Propositions": []}, {"Section": "RESULTS", "Text": "Several factors increase the risk of infection , and cancer patients commonly have multiple risk factors .", "Evidence Elements": {"Participant": [], "Intervention": [], "Outcome": []}, "Evidence Propositions": []}, {"Section": "RESULTS", "Text": "Cancer patients appear to have an estimated twofold increased risk of contracting SARS-CoV-2 than the general population .", "Evidence Elements": {"Participant": [{"term": "Cancer patients", "negation": "affirmed", "UMLS": "", "start": 0, "end": 15}, {"term": "general population", "negation": "affirmed", "UMLS": "", "start": 102, "end": 120}], "Intervention": [], "Outcome": [{"term": "risk of contracting SARS-CoV-2", "negation": "affirmed", "UMLS": "", "start": 62, "end": 92}]}, "Evidence Propositions": []}, {"Section": "RESULTS", "Text": "With the WHO declaring the novel coronavirus outbreak a pandemic , there is an urgent need to address the impact of such a pandemic on cancer patients .", "Evidence Elements": {"Participant": [], "Intervention": [], "Outcome": []}, "Evidence Propositions": []}, {"Section": "RESULTS", "Text": "This include changes to resource allocation , clinical care , and the consent process during a pandemic .", "Evidence Elements": {"Participant": [], "Intervention": [], "Outcome": []}, "Evidence Propositions": []}, {"Section": "RESULTS", "Text": "Currently and due to limited data , there are no international guidelines to address the management of cancer patients in any infectious pandemic .", "Evidence Elements": {"Participant": [], "Intervention": [], "Outcome": []}, "Evidence Propositions": []}, {"Section": "RESULTS", "Text": "In this review , the potential challenges associated with managing cancer patients during the COVID-19 infection pandemic will be addressed , with suggestions of some practical approaches .", "Evidence Elements": {"Participant": [{"term": "cancer", "negation": "affirmed", "UMLS": "", "start": 67, "end": 73}, {"term": "infection", "negation": "affirmed", "UMLS": "", "start": 103, "end": 112}], "Intervention": [], "Outcome": []}, "Evidence Propositions": []}, {"Section": "RESULTS", "Text": "The main management strategies for treating cancer patients during the COVID-19 epidemic include clear communication and education about hand hygiene , infection control measures , high-risk exposure , and the signs and symptoms of COVID-19 .", "Evidence Elements": {"Participant": [], "Intervention": [], "Outcome": []}, "Evidence Propositions": []}, {"Section": "RESULTS", "Text": "Consideration of risk and benefit for active intervention in the cancer population must be individualized .", "Evidence Elements": {"Participant": [], "Intervention": [], "Outcome": []}, "Evidence Propositions": []}, {"Section": "RESULTS", "Text": "Postponing elective surgery or adjuvant chemotherapy for cancer patients with low risk of progression should be considered on a case-by-case basis .", "Evidence Elements": {"Participant": [], "Intervention": [], "Outcome": []}, "Evidence Propositions": []}, {"Section": "RESULTS", "Text": "Minimizing outpatient visits can help to mitigate exposure and possible further transmission .", "Evidence Elements": {"Participant": [], "Intervention": [], "Outcome": []}, "Evidence Propositions": []}, {"Section": "RESULTS", "Text": "Telemedicine may be used to support patients to minimize number of visits and risk of exposure .", "Evidence Elements": {"Participant": [], "Intervention": [], "Outcome": []}, "Evidence Propositions": []}, {"Section": "RESULTS", "Text": "More research is needed to better understand SARS-CoV-2 virology and epidemiology .", "Evidence Elements": {"Participant": [], "Intervention": [], "Outcome": []}, "Evidence Propositions": []}, {"Section": "RESULTS", "Text": "Cancer patients have an increased risk of contracting COVID-19 .", "Evidence Elements": {"Participant": [{"term": "Cancer", "negation": "affirmed", "UMLS": "", "start": 0, "end": 6}], "Intervention": [], "Outcome": []}, "Evidence Propositions": []}, {"Section": "CONCLUSIONS", "Text": "This article addresses the challenges associated with managing cancer patients during the COVID-19 infection pandemic and suggests some practical approaches .", "Evidence Elements": {"Participant": [{"term": "cancer", "negation": "affirmed", "UMLS": "", "start": 63, "end": 69}, {"term": "COVID-19 infection pandemic", "negation": "affirmed", "UMLS": "", "start": 90, "end": 117}], "Intervention": [], "Outcome": []}, "Evidence Propositions": []}]}