{"doc_id": "32242182", "type of study": "Therapy", "title": "", "abstract": "There has been a lot of speculation that patients with coronavirus disease 2019 (COVID-19) who are receiving angiotensin-converting enzyme (ACE) inhibitors or angiotensin receptor blockers (ARBs) may be at increased risk for adverse outcomes.\nWe reviewed the available evidence, and have not found this to be the case.\nWe recommend that patients on such medications should continue on them unless there is a clinical indication to stop their use.\n", "Evidence Map": {"Enrollment": [], "Comparison Results": [], "Study Arm 1 Results": [], "Study Arm 2 Results": []}, "Sentence-level breakdown": [{"Section": "TITLE", "Text": "There has been a lot of speculation that patients with coronavirus disease 2019 ( COVID-19 ) who are receiving angiotensin-converting enzyme ( ACE ) inhibitors or angiotensin receptor blockers ( ARBs ) may be at increased risk for adverse outcomes .", "Evidence Elements": {"Participant": [], "Intervention": [], "Outcome": []}, "Evidence Propositions": []}, {"Section": "RESULTS", "Text": "We reviewed the available evidence , and have not found this to be the case .", "Evidence Elements": {"Participant": [], "Intervention": [], "Outcome": []}, "Evidence Propositions": []}, {"Section": "CONCLUSIONS", "Text": "We recommend that patients on such medications should continue on them unless there is a clinical indication to stop their use .", "Evidence Elements": {"Participant": [], "Intervention": [], "Outcome": []}, "Evidence Propositions": []}]}