{"doc_id": "32253799", "type of study": "Therapy", "title": "", "abstract": "A severe cutaneous drug reaction resembling acute generalized exanthematous pustulosis resulting from ingestion of hydroxychloroquine has been documented.\nIt is distinguishable by its longer incubation period, more varied morphology with initially urticarial and later targetoid and arcuate plaques, recalcitrance to therapy and longer duration.\nGiven the anticipated surge in the use of hydroxychloroquine due to its reported benefits in those with coronavirus disease 2019, specific recognition of this entity is pivotal.\nWe delineate it as generalized pustular figurate erythema.\n", "Evidence Map": {"Enrollment": [{"term": "generalized pustular figurate erythema", "negation": "affirmed", "UMLS": "", "start": 19, "end": 57}], "Comparison Results": [], "Study Arm 1 Results": [], "Study Arm 2 Results": []}, "Sentence-level breakdown": [{"Section": "TITLE", "Text": "A severe cutaneous drug reaction resembling acute generalized exanthematous pustulosis resulting from ingestion of hydroxychloroquine has been documented .", "Evidence Elements": {"Participant": [], "Intervention": [], "Outcome": []}, "Evidence Propositions": []}, {"Section": "CONCLUSIONS", "Text": "We delineate it as generalized pustular figurate erythema .", "Evidence Elements": {"Participant": [{"term": "generalized pustular figurate erythema", "negation": "affirmed", "UMLS": "", "start": 19, "end": 57}], "Intervention": [], "Outcome": []}, "Evidence Propositions": []}]}