{"doc_id": "32251003", "type of study": "Therapy", "title": "", "abstract": "Critical patients with the coronavirus disease 2019 (COVID-19), even those whose nucleic acid test results had turned negative and those receiving maximal medical support, have been noted to progress to irreversible fatal respiratory failure.\nLung transplantation (LT) as the sole therapy for end-stage pulmonary fibrosis related to acute respiratory distress syndrome has been considered as the ultimate rescue therapy for these patients.\nFrom February 10 to March 10, 2020, three male patients were urgently assessed and listed for transplantation.\nAfter conducting a full ethical review and after obtaining assent from the family of the patients, we performed three LT procedures for COVID-19 patients with illness durations of more than one month and extremely high sequential organ failure assessment scores.\nTwo of the three recipients survived post-LT and started participating in a rehabilitation program.\nPearls of the LT team collaboration and perioperative logistics were summarized and continually improved.\nThe pathological results of the explanted lungs were concordant with the critical clinical manifestation, and provided insight towards better understanding of the disease.\nGovernment health affair systems, virology detection tools, and modern communication technology all play key roles towards the survival of the patients and their rehabilitation.\nLT can be performed in end-stage patients with respiratory failure due to COVID-19-related pulmonary fibrosis.\nIf confirmed positive-turned-negative virology status without organ dysfunction that could contraindicate LT, LT provided the final option for these patients to avoid certain death, with proper protection of transplant surgeons and medical staffs.\nBy ensuring instant seamless care for both patients and medical teams, the goal of reducing the mortality rate and salvaging the lives of patients with COVID-19 can be attained.\n", "Evidence Map": {"Enrollment": [{"term": "male", "negation": "affirmed", "UMLS": "", "start": 44, "end": 48}, {"term": "COVID-19", "negation": "affirmed", "UMLS": "", "start": 137, "end": 145}, {"term": "illness durations of more than one month", "negation": "affirmed", "UMLS": "", "start": 160, "end": 200}, {"term": "extremely high sequential organ failure assessment", "negation": "affirmed", "UMLS": "", "start": 205, "end": 255}, {"term": "end-stage patients", "negation": "affirmed", "UMLS": "", "start": 23, "end": 41}, {"term": "failure", "negation": "affirmed", "UMLS": "", "start": 59, "end": 66}, {"term": "positive-turned-negative virology status", "negation": "affirmed", "UMLS": "", "start": 13, "end": 53}, {"term": "organ dysfunction", "negation": "negated", "UMLS": "", "start": 62, "end": 79}], "Comparison Results": [], "Study Arm 1 Results": [], "Study Arm 2 Results": []}, "Sentence-level breakdown": [{"Section": "TITLE", "Text": "Critical patients with the coronavirus disease 2019 ( COVID-19 ) , even those whose nucleic acid test results had turned negative and those receiving maximal medical support , have been noted to progress to irreversible fatal respiratory failure .", "Evidence Elements": {"Participant": [], "Intervention": [], "Outcome": []}, "Evidence Propositions": []}, {"Section": "METHODS", "Text": "From February 10 to March 10 , 2020 , three male patients were urgently assessed and listed for transplantation .", "Evidence Elements": {"Participant": [{"term": "male", "negation": "affirmed", "UMLS": "", "start": 44, "end": 48}], "Intervention": [], "Outcome": []}, "Evidence Propositions": []}, {"Section": "METHODS", "Text": "After conducting a full ethical review and after obtaining assent from the family of the patients , we performed three LT procedures for COVID-19 patients with illness durations of more than one month and extremely high sequential organ failure assessment scores .", "Evidence Elements": {"Participant": [{"term": "COVID-19", "negation": "affirmed", "UMLS": "", "start": 137, "end": 145}, {"term": "illness durations of more than one month", "negation": "affirmed", "UMLS": "", "start": 160, "end": 200}, {"term": "extremely high sequential organ failure assessment", "negation": "affirmed", "UMLS": "", "start": 205, "end": 255}], "Intervention": [{"term": "LT procedures", "negation": "affirmed", "UMLS": "", "start": 119, "end": 132}], "Outcome": []}, "Evidence Propositions": []}, {"Section": "RESULTS", "Text": "Two of the three recipients survived post-LT and started participating in a rehabilitation program .", "Evidence Elements": {"Participant": [], "Intervention": [{"term": "rehabilitation program", "negation": "affirmed", "UMLS": "", "start": 76, "end": 98}], "Outcome": [{"term": "survived post-LT", "negation": "affirmed", "UMLS": "", "start": 28, "end": 44}]}, "Evidence Propositions": []}, {"Section": "RESULTS", "Text": "Pearls of the LT team collaboration and perioperative logistics were summarized and continually improved .", "Evidence Elements": {"Participant": [], "Intervention": [], "Outcome": [{"term": "Pearls", "negation": "affirmed", "UMLS": "", "start": 0, "end": 6}, {"term": "LT team collaboration", "negation": "affirmed", "UMLS": "", "start": 14, "end": 35}, {"term": "perioperative logistics", "negation": "affirmed", "UMLS": "", "start": 40, "end": 63}]}, "Evidence Propositions": []}, {"Section": "RESULTS", "Text": "The pathological results of the explanted lungs were concordant with the critical clinical manifestation , and provided insight towards better understanding of the disease .", "Evidence Elements": {"Participant": [], "Intervention": [], "Outcome": [{"term": "pathological results", "negation": "affirmed", "UMLS": "", "start": 4, "end": 24}]}, "Evidence Propositions": []}, {"Section": "RESULTS", "Text": "Government health affair systems , virology detection tools , and modern communication technology all play key roles towards the survival of the patients and their rehabilitation .", "Evidence Elements": {"Participant": [], "Intervention": [], "Outcome": []}, "Evidence Propositions": []}, {"Section": "RESULTS", "Text": "LT can be performed in end-stage patients with respiratory failure due to COVID-19-related pulmonary fibrosis .", "Evidence Elements": {"Participant": [{"term": "end-stage patients", "negation": "affirmed", "UMLS": "", "start": 23, "end": 41}, {"term": "failure", "negation": "affirmed", "UMLS": "", "start": 59, "end": 66}], "Intervention": [{"term": "LT", "negation": "affirmed", "UMLS": "", "start": 0, "end": 2}], "Outcome": []}, "Evidence Propositions": []}, {"Section": "RESULTS", "Text": "If confirmed positive-turned-negative virology status without organ dysfunction that could contraindicate LT , LT provided the final option for these patients to avoid certain death , with proper protection of transplant surgeons and medical staffs .", "Evidence Elements": {"Participant": [{"term": "positive-turned-negative virology status", "negation": "affirmed", "UMLS": "", "start": 13, "end": 53}, {"term": "organ dysfunction", "negation": "negated", "UMLS": "", "start": 62, "end": 79}], "Intervention": [{"term": "LT", "negation": "affirmed", "UMLS": "", "start": 106, "end": 108}], "Outcome": []}, "Evidence Propositions": []}, {"Section": "CONCLUSIONS", "Text": "By ensuring instant seamless care for both patients and medical teams , the goal of reducing the mortality rate and salvaging the lives of patients with COVID-19 can be attained .", "Evidence Elements": {"Participant": [], "Intervention": [], "Outcome": [{"term": "mortality rate", "negation": "affirmed", "UMLS": "", "start": 97, "end": 111}, {"term": "lives", "negation": "affirmed", "UMLS": "", "start": 130, "end": 135}]}, "Evidence Propositions": []}]}