{"doc_id": "32253226", "type of study": "Therapy", "title": "", "abstract": "Coronaviruses (CoVs) traffic frequently between species resulting in novel disease outbreaks, most recently exemplified by the newly emerged SARS-CoV-2, the causative agent of COVID-19.\nHerein, we show that the ribonucleoside analog beta-D-N4-hydroxycytidine (NHC, EIDD-1931) has broad spectrum antiviral activity against SARS-CoV-2, MERS-CoV, SARS-CoV, and related zoonotic group 2b or 2c Bat-CoVs, as well as increased potency against a coronavirus bearing resistance mutations to the nucleoside analog inhibitor remdesivir.\nIn mice infected with SARS-CoV or MERS-CoV, both prophylactic and therapeutic administration of EIDD-2801, an orally bioavailable NHC-prodrug (beta-D-N4-hydroxycytidine-5'-isopropyl ester), improved pulmonary function, and reduced virus titer and body weight loss.\nDecreased MERS-CoV yields in vitro and in vivo were associated with increased transition mutation frequency in viral but not host cell RNA, supporting a mechanism of lethal mutagenesis in CoV. The potency of NHC/EIDD-2801 against multiple coronaviruses and oral bioavailability highlight its potential utility as an effective antiviral against SARS-CoV-2 and other future zoonotic coronaviruses.\n", "Evidence Map": {"Enrollment": [{"term": "SARS-CoV-2", "negation": "affirmed", "UMLS": "", "start": 140, "end": 150}, {"term": "MERS-CoV", "negation": "affirmed", "UMLS": "", "start": 153, "end": 161}, {"term": "SARS-CoV", "negation": "affirmed", "UMLS": "", "start": 140, "end": 148}, {"term": "zoonotic group 2b or 2c Bat-CoVs", "negation": "affirmed", "UMLS": "", "start": 187, "end": 219}, {"term": "coronavirus", "negation": "affirmed", "UMLS": "", "start": 261, "end": 272}, {"term": "SARS-CoV", "negation": "affirmed", "UMLS": "", "start": 22, "end": 30}, {"term": "MERS-CoV", "negation": "affirmed", "UMLS": "", "start": 34, "end": 42}, {"term": "CoV", "negation": "negated", "UMLS": "", "start": 15, "end": 18}, {"term": "SARS-CoV-2", "negation": "negated", "UMLS": "", "start": 348, "end": 358}], "Comparison Results": [], "Study Arm 1 Results": [], "Study Arm 2 Results": []}, "Sentence-level breakdown": [{"Section": "TITLE", "Text": "Coronaviruses ( CoVs ) traffic frequently between species resulting in novel disease outbreaks , most recently exemplified by the newly emerged SARS-CoV-2 , the causative agent of COVID-19 .", "Evidence Elements": {"Participant": [], "Intervention": [], "Outcome": []}, "Evidence Propositions": []}, {"Section": "RESULTS", "Text": "Herein , we show that the ribonucleoside analog beta-D-N4-hydroxycytidine ( NHC , EIDD-1931 ) has broad spectrum antiviral activity against SARS-CoV-2 , MERS-CoV , SARS-CoV , and related zoonotic group 2b or 2c Bat-CoVs , as well as increased potency against a coronavirus bearing resistance mutations to the nucleoside analog inhibitor remdesivir .", "Evidence Elements": {"Participant": [{"term": "SARS-CoV-2", "negation": "affirmed", "UMLS": "", "start": 140, "end": 150}, {"term": "MERS-CoV", "negation": "affirmed", "UMLS": "", "start": 153, "end": 161}, {"term": "SARS-CoV", "negation": "affirmed", "UMLS": "", "start": 140, "end": 148}, {"term": "zoonotic group 2b or 2c Bat-CoVs", "negation": "affirmed", "UMLS": "", "start": 187, "end": 219}, {"term": "coronavirus", "negation": "affirmed", "UMLS": "", "start": 261, "end": 272}], "Intervention": [{"term": "ribonucleoside analog beta-D-N4-hydroxycytidine", "negation": "affirmed", "UMLS": "", "start": 26, "end": 73}], "Outcome": [{"term": "potency", "negation": "affirmed", "UMLS": "", "start": 243, "end": 250}]}, "Evidence Propositions": []}, {"Section": "RESULTS", "Text": "In mice infected with SARS-CoV or MERS-CoV , both prophylactic and therapeutic administration of EIDD-2801 , an orally bioavailable NHC-prodrug ( beta-D-N4-hydroxycytidine-5'-isopropyl ester ) , improved pulmonary function , and reduced virus titer and body weight loss .", "Evidence Elements": {"Participant": [{"term": "SARS-CoV", "negation": "affirmed", "UMLS": "", "start": 22, "end": 30}, {"term": "MERS-CoV", "negation": "affirmed", "UMLS": "", "start": 34, "end": 42}], "Intervention": [{"term": "EIDD-2801", "negation": "affirmed", "UMLS": "", "start": 97, "end": 106}], "Outcome": [{"term": "pulmonary function", "negation": "affirmed", "UMLS": "", "start": 204, "end": 222}]}, "Evidence Propositions": []}, {"Section": "CONCLUSIONS", "Text": "Decreased MERS-CoV yields in vitro and in vivo were associated with increased transition mutation frequency in viral but not host cell RNA , supporting a mechanism of lethal mutagenesis in CoV . The potency of NHC / EIDD-2801 against multiple coronaviruses and oral bioavailability highlight its potential utility as an effective antiviral against SARS-CoV-2 and other future zoonotic coronaviruses .", "Evidence Elements": {"Participant": [{"term": "CoV", "negation": "negated", "UMLS": "", "start": 15, "end": 18}, {"term": "SARS-CoV-2", "negation": "negated", "UMLS": "", "start": 348, "end": 358}], "Intervention": [{"term": "EIDD-2801", "negation": "negated", "UMLS": "", "start": 216, "end": 225}], "Outcome": [{"term": "MERS-CoV yields", "negation": "affirmed", "UMLS": "", "start": 10, "end": 25}, {"term": "transition mutation frequency in viral but not host cell RNA", "negation": "affirmed", "UMLS": "", "start": 78, "end": 138}, {"term": "multiple coronaviruses", "negation": "negated", "UMLS": "", "start": 234, "end": 256}, {"term": "bioavailability", "negation": "negated", "UMLS": "", "start": 266, "end": 281}]}, "Evidence Propositions": [{"Intervention": "EIDD-2801", "Observation": "potency", "Outcome": "multiple coronaviruses", "Count": ""}, {"Intervention": "EIDD-2801", "Observation": "potency", "Outcome": "bioavailability", "Count": ""}, {"Intervention": "EIDD-2801", "Observation": "potential utility", "Outcome": "bioavailability", "Count": ""}, {"Intervention": "EIDD-2801", "Observation": "effective", "Outcome": "bioavailability", "Count": ""}]}]}