{"doc_id": "32251794", "type of study": "Therapy", "title": "", "abstract": "ECMO has been used as a rescue therapy for severe respiratory failure and ARDS for years and ECMO should also be considered as a rescue therapy for COVID-19 with refractory hypoxemia despite lung-protective ventilation according to WHO.\nAlthough the clinical trials of ECMO for COVID-19 are lacking, its use in COVID-19 might also offer promise based on the previous experience.\nIn the current situation of pandemic outbreak, many issues of ECMO use deserve our attention.\nThe severe acute respiratory syndrome coronavirus 2 (SARS-CoV-2) has emerged since December 2019 in Wuhan city, and has quickly spread throughout China and other countries.\nTo date, no specific treatment has been proven to be effective for SARS-CoV-2 infection.\nAccording to World Health Organization (WHO), management of coronavirus disease 19 (COVID-19) has mainly focused on infection prevention, case detection and monitoring, and supportive care.\nGiven to the previous experience, extracorporeal membrane oxygenation (ECMO) has been proven to be an effective therapy in the treatment of respiratory failure or acute respiratory distress syndrome (ARDS).\nOn the basis of similar principle, ECMO may be also an effective therapy in the treatment of severe COVID-19.\nIn this study, we described and discussed the clinical outcomes of ECMO for ARDS patients, ECMO use for severe COVID-19 in China, the indications of ECMO use, and some important issues associated with ECMO.\n", "Evidence Map": {"Enrollment": [{"term": "ARDS", "negation": "affirmed", "UMLS": "", "start": 77, "end": 81}, {"term": "severe COVID-19", "negation": "affirmed", "UMLS": "", "start": 106, "end": 121}], "Comparison Results": [], "Study Arm 1 Results": [], "Study Arm 2 Results": []}, "Sentence-level breakdown": [{"Section": "TITLE", "Text": "ECMO has been used as a rescue therapy for severe respiratory failure and ARDS for years and ECMO should also be considered as a rescue therapy for COVID-19 with refractory hypoxemia despite lung-protective ventilation according to WHO .", "Evidence Elements": {"Participant": [], "Intervention": [], "Outcome": []}, "Evidence Propositions": []}, {"Section": "RESULTS", "Text": "To date , no specific treatment has been proven to be effective for SARS-CoV-2 infection .", "Evidence Elements": {"Participant": [], "Intervention": [], "Outcome": []}, "Evidence Propositions": []}, {"Section": "RESULTS", "Text": "According to World Health Organization ( WHO ) , management of coronavirus disease 19 ( COVID-19 ) has mainly focused on infection prevention , case detection and monitoring , and supportive care .", "Evidence Elements": {"Participant": [], "Intervention": [], "Outcome": []}, "Evidence Propositions": []}, {"Section": "RESULTS", "Text": "Given to the previous experience , extracorporeal membrane oxygenation ( ECMO ) has been proven to be an effective therapy in the treatment of respiratory failure or acute respiratory distress syndrome ( ARDS ) .", "Evidence Elements": {"Participant": [], "Intervention": [], "Outcome": []}, "Evidence Propositions": []}, {"Section": "RESULTS", "Text": "On the basis of similar principle , ECMO may be also an effective therapy in the treatment of severe COVID-19 .", "Evidence Elements": {"Participant": [], "Intervention": [], "Outcome": []}, "Evidence Propositions": []}, {"Section": "CONCLUSIONS", "Text": "In this study , we described and discussed the clinical outcomes of ECMO for ARDS patients , ECMO use for severe COVID-19 in China , the indications of ECMO use , and some important issues associated with ECMO .", "Evidence Elements": {"Participant": [{"term": "ARDS", "negation": "affirmed", "UMLS": "", "start": 77, "end": 81}, {"term": "severe COVID-19", "negation": "affirmed", "UMLS": "", "start": 106, "end": 121}], "Intervention": [{"term": "ECMO", "negation": "affirmed", "UMLS": "", "start": 68, "end": 72}, {"term": "ECMO use", "negation": "affirmed", "UMLS": "", "start": 93, "end": 101}, {"term": "ECMO", "negation": "affirmed", "UMLS": "", "start": 68, "end": 72}], "Outcome": [{"term": "clinical outcomes", "negation": "affirmed", "UMLS": "", "start": 47, "end": 64}]}, "Evidence Propositions": []}]}