{"doc_id": "32250170", "type of study": "Therapy", "title": "", "abstract": "Given the dramatic impact of the COVID-19 pandemic, it is imperative to divulge all the available technologies with the potential to fight against this virus.\nPlant biotechnology offers potential solutions to this pandemic through the development of low-cost vaccines and antibodies useful for therapy, prophylaxis, and diagnosis.\nThe technology to produce plant-made biopharmaceuticals is already established; two examples of these are: a therapeutic enzyme that has entered the market and the influenza vaccines that are currently under clinical trials with encouraging results.\nThus far, some companies have started developing anti-COVID-19 antibodies and vaccines.\nIn particular, plant-made antibodies might be timely produced and approved for human use in the short term, while the development of vaccines will take longer time (clinical evaluations could be concluded by the end of 2021); nonetheless, the candidates obtained will be valuable tools for future outbreaks.\nThe key aspects that will define the exploitation of this technology in the fight against COVID-19 are discussed.\n", "Evidence Map": {"Enrollment": [], "Comparison Results": [], "Study Arm 1 Results": [], "Study Arm 2 Results": []}, "Sentence-level breakdown": [{"Section": "TITLE", "Text": "Given the dramatic impact of the COVID-19 pandemic , it is imperative to divulge all the available technologies with the potential to fight against this virus .", "Evidence Elements": {"Participant": [], "Intervention": [], "Outcome": []}, "Evidence Propositions": []}, {"Section": "RESULTS", "Text": "Thus far , some companies have started developing anti-COVID-19 antibodies and vaccines .", "Evidence Elements": {"Participant": [], "Intervention": [], "Outcome": []}, "Evidence Propositions": []}, {"Section": "CONCLUSIONS", "Text": "In particular , plant-made antibodies might be timely produced and approved for human use in the short term , while the development of vaccines will take longer time ( clinical evaluations could be concluded by the end of 2021 ) ; nonetheless , the candidates obtained will be valuable tools for future outbreaks .", "Evidence Elements": {"Participant": [], "Intervention": [], "Outcome": []}, "Evidence Propositions": []}, {"Section": "CONCLUSIONS", "Text": "The key aspects that will define the exploitation of this technology in the fight against COVID-19 are discussed .", "Evidence Elements": {"Participant": [], "Intervention": [], "Outcome": []}, "Evidence Propositions": []}]}