{"doc_id": "32258351", "type of study": "Therapy", "title": "", "abstract": "Recent international epidemics of coronavirus-associated illnesses underscore the urgent medical and public health need for vaccine development and regulatory body approved therapies.\nIn particular, the current coronavirus disease 2019 (COVID-19) pandemic has quickly intensified interest in developing treatment options to mitigate impact on human life.\nRemdesivir (GS-5734 ) is a broad-spectrum antiviral drug that is now being tested as a potential treatment for COVID-19 in international, multi-site clinical trials.\nCurrently available evidence about the antiviral effects of remdesivir against coronaviruses is primarily based on in vitro and in vivo studies (including some on a chemically related compound, GS-441524 ), which have demonstrated largely favorable findings.\nAs the pandemic progresses, information from human compassionate use cases will continue to accumulate before the clinical trials are concluded.\nIt is imperative for public health practitioners and the One Health community to stay up to date on the most promising potential therapeutic options that are under investigation.\nThus, the purpose of this review is to synthesize the knowledge to date about remdesivir as a therapeutic option for coronaviruses, with a special focus on information relevant to the One Health community.\n", "Evidence Map": {"Enrollment": [], "Comparison Results": [], "Study Arm 1 Results": [], "Study Arm 2 Results": []}, "Sentence-level breakdown": [{"Section": "TITLE", "Text": "Recent international epidemics of coronavirus-associated illnesses underscore the urgent medical and public health need for vaccine development and regulatory body approved therapies .", "Evidence Elements": {"Participant": [], "Intervention": [], "Outcome": []}, "Evidence Propositions": []}, {"Section": "CONCLUSIONS", "Text": "Thus , the purpose of this review is to synthesize the knowledge to date about remdesivir as a therapeutic option for coronaviruses , with a special focus on information relevant to the One Health community .", "Evidence Elements": {"Participant": [], "Intervention": [{"term": "remdesivir", "negation": "affirmed", "UMLS": "", "start": 79, "end": 89}], "Outcome": []}, "Evidence Propositions": []}]}