{"doc_id": "32257554", "type of study": "Therapy", "title": "", "abstract": "A new study published by the journal Aging & Disease reported that intravenous administration of clinical-grade human mesenchymal stem cells (MSCs) into patients with coronavirus disease 2019 (COVID-19) resulted in improved functional outcomes (Leng et al., Aging Dis, 11:216-228, 2020).\nThis study demonstrated that intravenous infusion of MSCs is a safe and effective approach for treating patients with COVID-19 pneumonia, including elderly patients displaying severe pneumonia.\nCOVID-19 is a severe acute respiratory illness caused by a new coronavirus named severe acute respiratory syndrome coronavirus 2 (SARS-CoV-2).\nCurrently, treating COVID-19 patients, particularly those afflicted with severe pneumonia, is challenging as no specific drugs or vaccines against SARS-CoV-2 are available.\nTherefore, MSC therapy inhibiting the overactivation of the immune system and promoting endogenous repair by improving the lung microenvironment after the SARS-CoV-2 infection found in this study is striking.\nAdditional studies in a larger cohort of patients are needed to validate this therapeutic intervention further, however.\n", "Evidence Map": {"Enrollment": [{"term": "coronavirus disease 2019 ( COVID-19 )", "negation": "affirmed", "UMLS": "", "start": 169, "end": 206}, {"term": "COVID-19 pneumonia", "negation": "affirmed", "UMLS": "", "start": 118, "end": 136}, {"term": "elderly", "negation": "affirmed", "UMLS": "", "start": 149, "end": 156}, {"term": "severe", "negation": "affirmed", "UMLS": "", "start": 177, "end": 183}, {"term": "SARS-CoV-2 infection", "negation": "affirmed", "UMLS": "", "start": 156, "end": 176}], "Comparison Results": [], "Study Arm 1 Results": [], "Study Arm 2 Results": []}, "Sentence-level breakdown": [{"Section": "TITLE", "Text": "A new study published by the journal Aging & Disease reported that intravenous administration of clinical-grade human mesenchymal stem cells ( MSCs ) into patients with coronavirus disease 2019 ( COVID-19 ) resulted in improved functional outcomes ( Leng et al. , Aging Dis , 11 : 216-228 , 2020 ) .", "Evidence Elements": {"Participant": [{"term": "coronavirus disease 2019 ( COVID-19 )", "negation": "affirmed", "UMLS": "", "start": 169, "end": 206}], "Intervention": [{"term": "clinical-grade human mesenchymal stem cells ( MSCs )", "negation": "affirmed", "UMLS": "", "start": 97, "end": 149}], "Outcome": [{"term": "functional outcomes", "negation": "affirmed", "UMLS": "", "start": 228, "end": 247}]}, "Evidence Propositions": []}, {"Section": "CONCLUSIONS", "Text": "This study demonstrated that intravenous infusion of MSCs is a safe and effective approach for treating patients with COVID-19 pneumonia , including elderly patients displaying severe pneumonia .", "Evidence Elements": {"Participant": [{"term": "COVID-19 pneumonia", "negation": "affirmed", "UMLS": "", "start": 118, "end": 136}, {"term": "elderly", "negation": "affirmed", "UMLS": "", "start": 149, "end": 156}, {"term": "severe", "negation": "affirmed", "UMLS": "", "start": 177, "end": 183}], "Intervention": [{"term": "intravenous infusion of MSCs", "negation": "affirmed", "UMLS": "", "start": 29, "end": 57}], "Outcome": []}, "Evidence Propositions": []}, {"Section": "CONCLUSIONS", "Text": "COVID-19 is a severe acute respiratory illness caused by a new coronavirus named severe acute respiratory syndrome coronavirus 2 ( SARS-CoV-2 ) .", "Evidence Elements": {"Participant": [], "Intervention": [], "Outcome": []}, "Evidence Propositions": []}, {"Section": "CONCLUSIONS", "Text": "Currently , treating COVID-19 patients , particularly those afflicted with severe pneumonia , is challenging as no specific drugs or vaccines against SARS-CoV-2 are available .", "Evidence Elements": {"Participant": [], "Intervention": [], "Outcome": []}, "Evidence Propositions": []}, {"Section": "CONCLUSIONS", "Text": "Therefore , MSC therapy inhibiting the overactivation of the immune system and promoting endogenous repair by improving the lung microenvironment after the SARS-CoV-2 infection found in this study is striking .", "Evidence Elements": {"Participant": [{"term": "SARS-CoV-2 infection", "negation": "affirmed", "UMLS": "", "start": 156, "end": 176}], "Intervention": [{"term": "MSC therapy", "negation": "affirmed", "UMLS": "", "start": 12, "end": 23}], "Outcome": [{"term": "overactivation of the immune system", "negation": "affirmed", "UMLS": "", "start": 39, "end": 74}, {"term": "endogenous repair", "negation": "affirmed", "UMLS": "", "start": 89, "end": 106}, {"term": "lung microenvironment", "negation": "affirmed", "UMLS": "", "start": 124, "end": 145}]}, "Evidence Propositions": []}, {"Section": "CONCLUSIONS", "Text": "Additional studies in a larger cohort of patients are needed to validate this therapeutic intervention further , however .", "Evidence Elements": {"Participant": [], "Intervention": [], "Outcome": []}, "Evidence Propositions": []}]}