{"doc_id": "32259480", "type of study": "Therapy", "title": "", "abstract": "SARS-CoV-2, the causal agent of COVID-19, first emerged in late 2019 in China.\nIt has since infected more than 870,000 individuals and caused more than 43,000 deaths globally.\nHere, we discuss therapeutic and prophylactic interventions for SARS-CoV-2 with a focus on vaccine development and its challenges.\nVaccines are being rapidly developed but will likely come too late to affect the first wave of a potential pandemic.\nNevertheless, critical lessons can be learned for the development of vaccines against rapidly emerging viruses.\nImportantly, SARS-CoV-2 vaccines will be essential to reducing morbidity and mortality if the virus establishes itself in the population.\nAmanat and Krammer discuss therapeutic and prophylactic interventions for SARS-CoV-2, the causal agent of COVID-19, with a focus on vaccine development and its challenges.\n", "Evidence Map": {"Enrollment": [{"term": "SARS-CoV-2", "negation": "affirmed", "UMLS": "", "start": 65, "end": 75}, {"term": "SARS-CoV-2", "negation": "affirmed", "UMLS": "", "start": 74, "end": 84}], "Comparison Results": [], "Study Arm 1 Results": [], "Study Arm 2 Results": []}, "Sentence-level breakdown": [{"Section": "TITLE", "Text": "SARS-CoV-2 , the causal agent of COVID-19 , first emerged in late 2019 in China .", "Evidence Elements": {"Participant": [], "Intervention": [], "Outcome": []}, "Evidence Propositions": []}, {"Section": "CONCLUSIONS", "Text": "Amanat and Krammer discuss therapeutic and prophylactic interventions for SARS-CoV-2 , the causal agent of COVID-19 , with a focus on vaccine development and its challenges .", "Evidence Elements": {"Participant": [{"term": "SARS-CoV-2", "negation": "affirmed", "UMLS": "", "start": 74, "end": 84}], "Intervention": [{"term": "Amanat", "negation": "affirmed", "UMLS": "", "start": 0, "end": 6}, {"term": "Krammer", "negation": "affirmed", "UMLS": "", "start": 11, "end": 18}, {"term": "therapeutic and prophylactic interventions", "negation": "affirmed", "UMLS": "", "start": 27, "end": 69}], "Outcome": []}, "Evidence Propositions": []}]}