{"doc_id": "32254064", "type of study": "Therapy", "title": "", "abstract": "Severe acute respiratory syndrome coronavirus 2 (SARS-CoV-2), the cause of coronavirus disease 2019 (COVID-19), has spurred a global health crisis.\nTo date, there are no proven options for prophylaxis for those who have been exposed to SARS-CoV-2, nor therapy for those who develop COVID-19.\nImmune (i.e., \"convalescent\") plasma refers to plasma that is collected from individuals following resolution of infection and development of antibodies.\nPassive antibody administration through transfusion of convalescent plasma may offer the only short-term strategy for conferring immediate immunity to susceptible individuals.\nThere are numerous examples in which convalescent plasma has been used successfully as postexposure prophylaxis and/or treatment of infectious diseases, including other outbreaks of coronaviruses (e.g., SARS-1, Middle East respiratory syndrome [MERS]).\nConvalescent plasma has also been used in the COVID-19 pandemic; limited data from China suggest clinical benefit, including radiological resolution, reduction in viral loads, and improved survival.\nGlobally, blood centers have robust infrastructure for undertaking collections and constructing inventories of convalescent plasma to meet the growing demand.\nNonetheless, there are nuanced challenges, both regulatory and logistical, spanning donor eligibility, donor recruitment, collections, and transfusion itself.\nData from rigorously controlled clinical trials of convalescent plasma are also few, underscoring the need to evaluate its use objectively for a range of indications (e.g., prevention vs. treatment) and patient populations (e.g., age, comorbid disease).\nWe provide an overview of convalescent plasma, including evidence of benefit, regulatory considerations, logistical work flow, and proposed clinical trials, as scale-up is brought underway to mobilize this critical resource.\n", "Evidence Map": {"Enrollment": [], "Comparison Results": [], "Study Arm 1 Results": [], "Study Arm 2 Results": []}, "Sentence-level breakdown": [{"Section": "TITLE", "Text": "Severe acute respiratory syndrome coronavirus 2 ( SARS-CoV-2 ) , the cause of coronavirus disease 2019 ( COVID-19 ) , has spurred a global health crisis .", "Evidence Elements": {"Participant": [], "Intervention": [], "Outcome": []}, "Evidence Propositions": []}, {"Section": "RESULTS", "Text": "To date , there are no proven options for prophylaxis for those who have been exposed to SARS-CoV-2 , nor therapy for those who develop COVID-19 .", "Evidence Elements": {"Participant": [], "Intervention": [], "Outcome": []}, "Evidence Propositions": []}, {"Section": "RESULTS", "Text": "Immune ( i.e. , \" convalescent \" ) plasma refers to plasma that is collected from individuals following resolution of infection and development of antibodies .", "Evidence Elements": {"Participant": [], "Intervention": [], "Outcome": []}, "Evidence Propositions": []}, {"Section": "RESULTS", "Text": "Passive antibody administration through transfusion of convalescent plasma may offer the only short-term strategy for conferring immediate immunity to susceptible individuals .", "Evidence Elements": {"Participant": [], "Intervention": [], "Outcome": []}, "Evidence Propositions": []}, {"Section": "RESULTS", "Text": "There are numerous examples in which convalescent plasma has been used successfully as postexposure prophylaxis and / or treatment of infectious diseases , including other outbreaks of coronaviruses ( e.g. , SARS-1 , Middle East respiratory syndrome [ MERS ] ) .", "Evidence Elements": {"Participant": [], "Intervention": [], "Outcome": []}, "Evidence Propositions": []}, {"Section": "RESULTS", "Text": "Convalescent plasma has also been used in the COVID-19 pandemic ; limited data from China suggest clinical benefit , including radiological resolution , reduction in viral loads , and improved survival .", "Evidence Elements": {"Participant": [], "Intervention": [], "Outcome": []}, "Evidence Propositions": []}, {"Section": "RESULTS", "Text": "Globally , blood centers have robust infrastructure for undertaking collections and constructing inventories of convalescent plasma to meet the growing demand .", "Evidence Elements": {"Participant": [], "Intervention": [], "Outcome": []}, "Evidence Propositions": []}, {"Section": "RESULTS", "Text": "Nonetheless , there are nuanced challenges , both regulatory and logistical , spanning donor eligibility , donor recruitment , collections , and transfusion itself .", "Evidence Elements": {"Participant": [], "Intervention": [], "Outcome": []}, "Evidence Propositions": []}, {"Section": "RESULTS", "Text": "Data from rigorously controlled clinical trials of convalescent plasma are also few , underscoring the need to evaluate its use objectively for a range of indications ( e.g. , prevention vs . treatment ) and patient populations ( e.g. , age , comorbid disease ) .", "Evidence Elements": {"Participant": [], "Intervention": [], "Outcome": []}, "Evidence Propositions": []}, {"Section": "CONCLUSIONS", "Text": "We provide an overview of convalescent plasma , including evidence of benefit , regulatory considerations , logistical work flow , and proposed clinical trials , as scale-up is brought underway to mobilize this critical resource .", "Evidence Elements": {"Participant": [], "Intervention": [{"term": "convalescent plasma", "negation": "affirmed", "UMLS": "", "start": 26, "end": 45}], "Outcome": [{"term": "benefit", "negation": "affirmed", "UMLS": "", "start": 70, "end": 77}]}, "Evidence Propositions": []}]}