{"doc_id": "32259313", "type of study": "Therapy", "title": "", "abstract": "The outbreak of severe acute respiratory syndrome coronavirus 2 (SARS-CoV-2) has evolved into an emergent global pandemic.\nCoronavirus disease 2019 (COVID-19) can manifest on a spectrum of illness from mild disease to severe respiratory failure requiring intensive care unit admission.\nAs the incidence continues to rise at a rapid pace, critical care teams are faced with challenging treatment decisions.\nThere is currently no widely accepted standard of care in the pharmacologic management of patients with COVID-19.\nUrgent identification of potential treatment strategies is a priority.\nTherapies include novel agents available in clinical trials or through compassionate use, and other drugs, repurposed antiviral and immunomodulating therapies.\nMany have demonstrated in vitro or in vivo potential against other viruses that are similar to SARS-CoV-2.\nCritically ill patients with COVID-19 have additional considerations related to adjustments for organ impairment and renal replacement therapies, complex lists of concurrent medications, limitations with drug administration and compatibility, and unique toxicities that should be evaluated when utilizing these therapies.\nThe purpose of this review is to summarize practical considerations for pharmacotherapy in patients with COVID-19, with the intent of serving as a resource for health care providers at the forefront of clinical care during this pandemic.\n", "Evidence Map": {"Enrollment": [], "Comparison Results": [], "Study Arm 1 Results": [], "Study Arm 2 Results": []}, "Sentence-level breakdown": [{"Section": "TITLE", "Text": "The outbreak of severe acute respiratory syndrome coronavirus 2 ( SARS-CoV-2 ) has evolved into an emergent global pandemic .", "Evidence Elements": {"Participant": [], "Intervention": [], "Outcome": []}, "Evidence Propositions": []}, {"Section": "CONCLUSIONS", "Text": "The purpose of this review is to summarize practical considerations for pharmacotherapy in patients with COVID-19 , with the intent of serving as a resource for health care providers at the forefront of clinical care during this pandemic .", "Evidence Elements": {"Participant": [], "Intervention": [{"term": "pharmacotherapy", "negation": "affirmed", "UMLS": "", "start": 72, "end": 87}], "Outcome": []}, "Evidence Propositions": []}]}