{"doc_id": "32256547", "type of study": "Therapy", "title": "", "abstract": "The World Health Organization (WHO) was informed on December 2019 about a coronavirus pneumonia outbreak in Wuhan, Hubei province (China).\nSubsequently, on March 12, 2020, 125,048 cases and 4,614 deaths were reported.\nCoronavirus is an enveloped RNA virus, from the genus Betacoronavirus, that is distributed in birds, humans, and other mammals.\nWHO has named the novel coronavirus disease as COVID-19.\nMore than 80 clinical trials have been launched to test coronavirus treatment, including some drug repurposing or repositioning for COVID-19.\nHence, we performed a search in March 2020 of the clinicaltrials.gov database.\nThe eligibility criteria for the retrieved studies were: contain a clinicaltrials.gov base identifier number; describe the number of participants and the period for the study; describe the participants' clinical conditions; and utilize interventions with medicines already studied or approved for any other disease in patients infected with the novel coronavirus SARS-CoV-2 (2019-nCoV).\nIt is essential to emphasize that this article only captured trials listed in the clinicaltrials.gov database.\nWe identified 24 clinical trials, involving more than 20 medicines, such as human immunoglobulin, interferons, chloroquine, hydroxychloroquine, arbidol, remdesivir, favipiravir, lopinavir, ritonavir, oseltamivir, methylprednisolone, bevacizumab, and traditional Chinese medicines (TCM).\nAlthough drug repurposing has some limitations, repositioning clinical trials may represent an attractive strategy because they facilitate the discovery of new classes of medicines; they have lower costs and take less time to reach the market; and there are existing pharmaceutical supply chains for formulation and distribution.\n", "Evidence Map": {"Enrollment": [], "Comparison Results": [], "Study Arm 1 Results": [], "Study Arm 2 Results": []}, "Sentence-level breakdown": [{"Section": "TITLE", "Text": "The World Health Organization ( WHO ) was informed on December 2019 about a coronavirus pneumonia outbreak in Wuhan , Hubei province ( China ) .", "Evidence Elements": {"Participant": [], "Intervention": [], "Outcome": []}, "Evidence Propositions": []}, {"Section": "METHODS", "Text": "Hence , we performed a search in March 2020 of the clinicaltrials.gov database .", "Evidence Elements": {"Participant": [], "Intervention": [], "Outcome": []}, "Evidence Propositions": []}, {"Section": "METHODS", "Text": "The eligibility criteria for the retrieved studies were : contain a clinicaltrials.gov base identifier number ; describe the number of participants and the period for the study ; describe the participants ' clinical conditions ; and utilize interventions with medicines already studied or approved for any other disease in patients infected with the novel coronavirus SARS-CoV-2 ( 2019-nCoV ) .", "Evidence Elements": {"Participant": [], "Intervention": [], "Outcome": []}, "Evidence Propositions": []}, {"Section": "RESULTS", "Text": "It is essential to emphasize that this article only captured trials listed in the clinicaltrials.gov database .", "Evidence Elements": {"Participant": [], "Intervention": [], "Outcome": []}, "Evidence Propositions": []}, {"Section": "RESULTS", "Text": "We identified 24 clinical trials , involving more than 20 medicines , such as human immunoglobulin , interferons , chloroquine , hydroxychloroquine , arbidol , remdesivir , favipiravir , lopinavir , ritonavir , oseltamivir , methylprednisolone , bevacizumab , and traditional Chinese medicines ( TCM ) .", "Evidence Elements": {"Participant": [], "Intervention": [{"term": "interferons", "negation": "affirmed", "UMLS": "", "start": 101, "end": 112}, {"term": "chloroquine", "negation": "affirmed", "UMLS": "", "start": 115, "end": 126}, {"term": "hydroxychloroquine", "negation": "affirmed", "UMLS": "", "start": 129, "end": 147}, {"term": "arbidol", "negation": "affirmed", "UMLS": "", "start": 150, "end": 157}, {"term": "remdesivir", "negation": "affirmed", "UMLS": "", "start": 160, "end": 170}, {"term": "favipiravir", "negation": "affirmed", "UMLS": "", "start": 173, "end": 184}, {"term": "lopinavir", "negation": "affirmed", "UMLS": "", "start": 187, "end": 196}], "Outcome": []}, "Evidence Propositions": []}, {"Section": "CONCLUSIONS", "Text": "Although drug repurposing has some limitations , repositioning clinical trials may represent an attractive strategy because they facilitate the discovery of new classes of medicines ; they have lower costs and take less time to reach the market ; and there are existing pharmaceutical supply chains for formulation and distribution .", "Evidence Elements": {"Participant": [], "Intervention": [], "Outcome": []}, "Evidence Propositions": []}]}