{"doc_id": "32255489", "type of study": "Therapy", "title": "", "abstract": "Hydroxychloroquine (HCQ) appears to be a promising treatment for COVID-19.\nHowever, all ongoing clinical trials with HCQ use different dosing regimens, resulting on various concentrations PK studies are therefore needed to define the optimal dosing regimen.\n", "Evidence Map": {"Enrollment": [], "Comparison Results": [], "Study Arm 1 Results": [], "Study Arm 2 Results": []}, "Sentence-level breakdown": [{"Section": "TITLE", "Text": "Hydroxychloroquine ( HCQ ) appears to be a promising treatment for COVID-19 .", "Evidence Elements": {"Participant": [], "Intervention": [], "Outcome": []}, "Evidence Propositions": []}, {"Section": "CONCLUSIONS", "Text": "However , all ongoing clinical trials with HCQ use different dosing regimens , resulting on various concentrations PK studies are therefore needed to define the optimal dosing regimen .", "Evidence Elements": {"Participant": [], "Intervention": [], "Outcome": []}, "Evidence Propositions": []}]}