{"doc_id": "32252591", "type of study": "Therapy", "title": "", "abstract": "Infection with the severe acute respiratory syndrome novel coronavirus produces a clinical syndrome known as 2019 novel coronavirus disease (COVID-19).\nWhen severe, COVID-19 is a systemic illness characterized by hyperinflammation, cytokine storm, and elevations of cardiac injury biomarkers.\nHere, we review what is known about the pathophysiology of COVID-19, its cardiovascular manifestations, and emerging therapeutic prospects.\nIn this rapidly moving field, this review was comprehensive as of April 3, 2020.\n", "Evidence Map": {"Enrollment": [], "Comparison Results": [], "Study Arm 1 Results": [], "Study Arm 2 Results": []}, "Sentence-level breakdown": [{"Section": "TITLE", "Text": "Infection with the severe acute respiratory syndrome novel coronavirus produces a clinical syndrome known as 2019 novel coronavirus disease ( COVID-19 ) .", "Evidence Elements": {"Participant": [], "Intervention": [], "Outcome": []}, "Evidence Propositions": []}, {"Section": "RESULTS", "Text": "Here , we review what is known about the pathophysiology of COVID-19 , its cardiovascular manifestations , and emerging therapeutic prospects .", "Evidence Elements": {"Participant": [], "Intervention": [], "Outcome": []}, "Evidence Propositions": []}, {"Section": "CONCLUSIONS", "Text": "In this rapidly moving field , this review was comprehensive as of April 3 , 2020 .", "Evidence Elements": {"Participant": [], "Intervention": [], "Outcome": []}, "Evidence Propositions": []}]}