{"doc_id": "32251729", "type of study": "Therapy", "title": "", "abstract": "Colchicine has been utilized safely in a variety of cardiovascular clinical conditions.\nAmong its potential mechanisms of action is the non-selective inhibition of NLRP3 inflammasome which is thought to be a major pathophysiologic component in the clinical course of patients with COVID-19.\nGRECCO-19 will be a prospective, randomized, open-labeled, controlled study to assess the effects of colchicine in COVID-19 complications prevention.\nPatients with laboratory confirmed SARS-CoV-2 infection (under RT PCR) and clinical picture that involves temperature >37.5 oC and at least two out of the: i. sustained coughing, ii.\nsustained throat pain, iii.\nAnosmia and/or ageusia, iv.\nfatigue/tiredness, v. PaO2<95 mmHg will be included.\nPatients will be randomised (1:1) in colchicine or control group.\nTrial results will be disseminated through peer-reviewed publications and conference presentations.\nGRECCO-19 trial aims to identify whether colchicine may positively intervene in the clinical course of COVID-19.\n(ClinicalTrials.gov Identifier: NCT04326790).\n", "Evidence Map": {"Enrollment": [{"term": "laboratory confirmed SARS-CoV-2 infection", "negation": "affirmed", "UMLS": "", "start": 14, "end": 55}, {"term": "37.5", "negation": "affirmed", "UMLS": "", "start": 122, "end": 126}, {"term": "COVID-19", "negation": "affirmed", "UMLS": "", "start": 103, "end": 111}], "Comparison Results": [], "Study Arm 1 Results": [], "Study Arm 2 Results": []}, "Sentence-level breakdown": [{"Section": "TITLE", "Text": "Colchicine has been utilized safely in a variety of cardiovascular clinical conditions .", "Evidence Elements": {"Participant": [], "Intervention": [], "Outcome": []}, "Evidence Propositions": []}, {"Section": "METHODS", "Text": "GRECCO-19 will be a prospective , randomized , open-labeled , controlled study to assess the effects of colchicine in COVID-19 complications prevention .", "Evidence Elements": {"Participant": [], "Intervention": [{"term": "colchicine", "negation": "affirmed", "UMLS": "", "start": 104, "end": 114}], "Outcome": []}, "Evidence Propositions": []}, {"Section": "METHODS", "Text": "Patients with laboratory confirmed SARS-CoV-2 infection ( under RT PCR ) and clinical picture that involves temperature > 37.5 oC and at least two out of the : i . sustained coughing , ii .", "Evidence Elements": {"Participant": [{"term": "laboratory confirmed SARS-CoV-2 infection", "negation": "affirmed", "UMLS": "", "start": 14, "end": 55}, {"term": "37.5", "negation": "affirmed", "UMLS": "", "start": 122, "end": 126}], "Intervention": [], "Outcome": []}, "Evidence Propositions": []}, {"Section": "METHODS", "Text": "sustained throat pain , iii .", "Evidence Elements": {"Participant": [], "Intervention": [], "Outcome": [{"term": "sustained", "negation": "affirmed", "UMLS": "", "start": 0, "end": 9}, {"term": "throat pain", "negation": "affirmed", "UMLS": "", "start": 10, "end": 21}]}, "Evidence Propositions": []}, {"Section": "METHODS", "Text": "Anosmia and / or ageusia , iv .", "Evidence Elements": {"Participant": [], "Intervention": [], "Outcome": [{"term": "Anosmia", "negation": "affirmed", "UMLS": "", "start": 0, "end": 7}, {"term": "or ageusia", "negation": "affirmed", "UMLS": "", "start": 14, "end": 24}]}, "Evidence Propositions": []}, {"Section": "METHODS", "Text": "fatigue / tiredness , v . PaO2 < 95 mmHg will be included .", "Evidence Elements": {"Participant": [], "Intervention": [], "Outcome": [{"term": "tiredness", "negation": "affirmed", "UMLS": "", "start": 10, "end": 19}]}, "Evidence Propositions": []}, {"Section": "METHODS", "Text": "Patients will be randomised ( 1:1 ) in colchicine or control group .", "Evidence Elements": {"Participant": [], "Intervention": [{"term": "colchicine", "negation": "affirmed", "UMLS": "", "start": 39, "end": 49}], "Outcome": []}, "Evidence Propositions": []}, {"Section": "METHODS", "Text": "Trial results will be disseminated through peer-reviewed publications and conference presentations .", "Evidence Elements": {"Participant": [], "Intervention": [], "Outcome": []}, "Evidence Propositions": []}, {"Section": "CONCLUSIONS", "Text": "GRECCO-19 trial aims to identify whether colchicine may positively intervene in the clinical course of COVID-19 .", "Evidence Elements": {"Participant": [{"term": "COVID-19", "negation": "affirmed", "UMLS": "", "start": 103, "end": 111}], "Intervention": [{"term": "colchicine", "negation": "affirmed", "UMLS": "", "start": 41, "end": 51}], "Outcome": [{"term": "clinical course", "negation": "affirmed", "UMLS": "", "start": 84, "end": 99}]}, "Evidence Propositions": [{"Intervention": "colchicine", "Observation": "positively intervene", "Outcome": "clinical course", "Count": ""}]}, {"Section": "CONCLUSIONS", "Text": "( ClinicalTrials.gov Identifier : NCT04326790 ) .", "Evidence Elements": {"Participant": [], "Intervention": [], "Outcome": []}, "Evidence Propositions": []}]}