{"doc_id": "32255507", "type of study": "Therapy", "title": "", "abstract": "Severe acute respiratory syndrome coronavirus 2 (SARS-CoV-2), a novel virus that causes COVID-19 infection, has recently emerged and caused a deadly pandemic.\nStudies have shown that this virus causes worse outcomes and a higher mortality rate in older adults and those with comorbidities such as hypertension, cardiovascular disease, diabetes, chronic respiratory disease, and chronic kidney disease (CKD).\nA significant percentage of older American adults have these diseases, putting them at a higher risk of infection.\nAdditionally, many adults with hypertension, diabetes, and CKD are placed on angiotensin-converting enzyme (ACE) inhibitors and angiotensin II receptor blockers.\nStudies have shown that these medications upregulate the ACE-2 receptor, the very receptor that the SARS-CoV-2 virus uses to enter host cells.\nAlthough it has been hypothesized that this may cause a further increased risk of infection, more studies on the role of these medications in COVID-19 infections are necessary.\nIn this review, we discuss the transmission, symptomatology, and mortality of COVID-19 as they relate to older adults, and possible treatments that are currently under investigation.\nJ Am Geriatr Soc 68:926-929, 2020\n", "Evidence Map": {"Enrollment": [{"term": "COVID-19", "negation": "affirmed", "UMLS": "", "start": 81, "end": 89}, {"term": "older adults", "negation": "affirmed", "UMLS": "", "start": 108, "end": 120}], "Comparison Results": [], "Study Arm 1 Results": [], "Study Arm 2 Results": []}, "Sentence-level breakdown": [{"Section": "TITLE", "Text": "Severe acute respiratory syndrome coronavirus 2 ( SARS-CoV-2 ) , a novel virus that causes COVID-19 infection , has recently emerged and caused a deadly pandemic .", "Evidence Elements": {"Participant": [], "Intervention": [], "Outcome": []}, "Evidence Propositions": []}, {"Section": "RESULTS", "Text": "Studies have shown that this virus causes worse outcomes and a higher mortality rate in older adults and those with comorbidities such as hypertension , cardiovascular disease , diabetes , chronic respiratory disease , and chronic kidney disease ( CKD ) .", "Evidence Elements": {"Participant": [], "Intervention": [], "Outcome": []}, "Evidence Propositions": []}, {"Section": "RESULTS", "Text": "A significant percentage of older American adults have these diseases , putting them at a higher risk of infection .", "Evidence Elements": {"Participant": [], "Intervention": [], "Outcome": []}, "Evidence Propositions": []}, {"Section": "RESULTS", "Text": "Additionally , many adults with hypertension , diabetes , and CKD are placed on angiotensin-converting enzyme ( ACE ) inhibitors and angiotensin II receptor blockers .", "Evidence Elements": {"Participant": [], "Intervention": [], "Outcome": []}, "Evidence Propositions": []}, {"Section": "RESULTS", "Text": "Studies have shown that these medications upregulate the ACE-2 receptor , the very receptor that the SARS-CoV-2 virus uses to enter host cells .", "Evidence Elements": {"Participant": [], "Intervention": [], "Outcome": []}, "Evidence Propositions": []}, {"Section": "RESULTS", "Text": "Although it has been hypothesized that this may cause a further increased risk of infection , more studies on the role of these medications in COVID-19 infections are necessary .", "Evidence Elements": {"Participant": [], "Intervention": [], "Outcome": []}, "Evidence Propositions": []}, {"Section": "CONCLUSIONS", "Text": "In this review , we discuss the transmission , symptomatology , and mortality of COVID-19 as they relate to older adults , and possible treatments that are currently under investigation .", "Evidence Elements": {"Participant": [{"term": "COVID-19", "negation": "affirmed", "UMLS": "", "start": 81, "end": 89}, {"term": "older adults", "negation": "affirmed", "UMLS": "", "start": 108, "end": 120}], "Intervention": [], "Outcome": [{"term": "transmission", "negation": "affirmed", "UMLS": "", "start": 32, "end": 44}, {"term": "symptomatology", "negation": "affirmed", "UMLS": "", "start": 47, "end": 61}, {"term": "mortality", "negation": "affirmed", "UMLS": "", "start": 68, "end": 77}]}, "Evidence Propositions": []}, {"Section": "CONCLUSIONS", "Text": "J Am Geriatr Soc 68 : 926-929 , 2020", "Evidence Elements": {"Participant": [], "Intervention": [], "Outcome": []}, "Evidence Propositions": []}]}