{"doc_id": "32255567", "type of study": "Therapy", "title": "", "abstract": "Objectives: There is an urgency to support Australian ED clinicians with real-time tools as the COVID-19 pandemic evolves.\nThe COVID-19 Emergency Department (COVED) Quality Improvement Project has commenced and will provide flexible and responsive clinical tools to determine the predictors of key ED-relevant clinical outcomes.\nMethods: The COVED Project includes all adult patients presenting to a participating ED and meeting contemporary testing criteria for COVID-19.\nThe dataset has been embedded in the electronic medical record and the COVED Registry has been developed.\nResults: Outcomes measured include being COVID-19 positive and requiring intensive respiratory support.\nRegression methodology will be used to generate clinical prediction tools.\nConclusion: This project will support EDs during this pandemic.\n", "Evidence Map": {"Enrollment": [{"term": "adult", "negation": "affirmed", "UMLS": "", "start": 41, "end": 46}, {"term": "COVID-19 positive", "negation": "affirmed", "UMLS": "", "start": 42, "end": 59}, {"term": "intensive respiratory", "negation": "affirmed", "UMLS": "", "start": 74, "end": 95}], "Comparison Results": [], "Study Arm 1 Results": [], "Study Arm 2 Results": []}, "Sentence-level breakdown": [{"Section": "TITLE", "Text": "Objectives : There is an urgency to support Australian ED clinicians with real-time tools as the COVID-19 pandemic evolves .", "Evidence Elements": {"Participant": [], "Intervention": [], "Outcome": []}, "Evidence Propositions": []}, {"Section": "METHODS", "Text": "Methods : The COVED Project includes all adult patients presenting to a participating ED and meeting contemporary testing criteria for COVID-19 .", "Evidence Elements": {"Participant": [{"term": "adult", "negation": "affirmed", "UMLS": "", "start": 41, "end": 46}], "Intervention": [], "Outcome": []}, "Evidence Propositions": []}, {"Section": "METHODS", "Text": "The dataset has been embedded in the electronic medical record and the COVED Registry has been developed .", "Evidence Elements": {"Participant": [], "Intervention": [], "Outcome": []}, "Evidence Propositions": []}, {"Section": "METHODS", "Text": "Results : Outcomes measured include being COVID-19 positive and requiring intensive respiratory support .", "Evidence Elements": {"Participant": [{"term": "COVID-19 positive", "negation": "affirmed", "UMLS": "", "start": 42, "end": 59}, {"term": "intensive respiratory", "negation": "affirmed", "UMLS": "", "start": 74, "end": 95}], "Intervention": [], "Outcome": []}, "Evidence Propositions": []}, {"Section": "METHODS", "Text": "Regression methodology will be used to generate clinical prediction tools .", "Evidence Elements": {"Participant": [], "Intervention": [], "Outcome": []}, "Evidence Propositions": []}, {"Section": "CONCLUSIONS", "Text": "Conclusion : This project will support EDs during this pandemic .", "Evidence Elements": {"Participant": [], "Intervention": [], "Outcome": []}, "Evidence Propositions": []}]}