{"doc_id": "32251790", "type of study": "Therapy", "title": "", "abstract": "Hong Kong has been attacked by the coronavirus disease-2019 (COVID-19).\nTo prevent further outbreak of COVID-19, this article discusses the current understanding of COVID-19 and compares with the outbreak of SARS-CoV-2 in 2003 of Hong Kong.\nThe causes, transmission, symptoms, diagnosis, treatments and preventions to study for an applicable measurement to control COVID-19.\nHong Kong has been recently attacked by the coronavirus disease-2019 (COVID-19).\nIn late January 2020, it's shown a steadily increasing trend of confirmed cases.\nThere is a 257 in total infected cases confirmed including 4 deaths until 20th of March 2020.\nTo prevent further outbreak of COVID-19, this article discusses the current understanding of COVID-19 and compares with the outbreak of SARS-CoV-2 in 2003 of Hong Kong from the causes, transmission, symptoms, diagnosis, treatments and preventions to study for an applicable measurement to control COVID-19.\n", "Evidence Map": {"Enrollment": [], "Comparison Results": [], "Study Arm 1 Results": [], "Study Arm 2 Results": []}, "Sentence-level breakdown": [{"Section": "TITLE", "Text": "Hong Kong has been attacked by the coronavirus disease-2019 ( COVID-19 ) .", "Evidence Elements": {"Participant": [], "Intervention": [], "Outcome": []}, "Evidence Propositions": []}, {"Section": "OBJECTIVE", "Text": "To prevent further outbreak of COVID-19 , this article discusses the current understanding of COVID-19 and compares with the outbreak of SARS-CoV-2 in 2003 of Hong Kong .", "Evidence Elements": {"Participant": [], "Intervention": [], "Outcome": []}, "Evidence Propositions": []}, {"Section": "METHODS", "Text": "The causes , transmission , symptoms , diagnosis , treatments and preventions to study for an applicable measurement to control COVID-19 .", "Evidence Elements": {"Participant": [], "Intervention": [], "Outcome": []}, "Evidence Propositions": []}, {"Section": "RESULTS", "Text": "Hong Kong has been recently attacked by the coronavirus disease-2019 ( COVID-19 ) .", "Evidence Elements": {"Participant": [], "Intervention": [], "Outcome": []}, "Evidence Propositions": []}, {"Section": "RESULTS", "Text": "In late January 2020 , it 's shown a steadily increasing trend of confirmed cases .", "Evidence Elements": {"Participant": [], "Intervention": [], "Outcome": []}, "Evidence Propositions": []}, {"Section": "RESULTS", "Text": "There is a 257 in total infected cases confirmed including 4 deaths until 20th of March 2020 .", "Evidence Elements": {"Participant": [], "Intervention": [], "Outcome": [{"term": "total infected cases", "negation": "affirmed", "UMLS": "", "start": 18, "end": 38}, {"term": "deaths", "negation": "affirmed", "UMLS": "", "start": 61, "end": 67}]}, "Evidence Propositions": []}, {"Section": "CONCLUSIONS", "Text": "To prevent further outbreak of COVID-19 , this article discusses the current understanding of COVID-19 and compares with the outbreak of SARS-CoV-2 in 2003 of Hong Kong from the causes , transmission , symptoms , diagnosis , treatments and preventions to study for an applicable measurement to control COVID-19 .", "Evidence Elements": {"Participant": [], "Intervention": [], "Outcome": []}, "Evidence Propositions": []}]}