{"doc_id": "32253888", "type of study": "Therapy", "title": "", "abstract": "CoV-19/SARS-CoV-2 is a highly pathogenic virus that causes coronavirus-19 disease (COVID-19) an acute respiratory distress syndrome which provokes serious problems for global health.\nStudies suggest that there are many differences between men and women in the immune response to CoV-19 infection and inflammatory diseases.\nWomen, compared to men, are less susceptible to viral infections based on a different innate immunity, steroid hormones and factors related to sex chromosomes.\nThe presence of two X chromosomes in women emphasize the immune system even if one is inactive.\nThe immune regulatory genes encoded by X chromosome in female gender causes lower viral load levels, and less inflammation than in man, while CD4+ T cells are higher with better immune response.\nIn addition, women generally produce higher levels of antibodies which remain in the circulation longer.\nThe levels of activation of the immune cells are higher in women than in men, and it is correlated with the trigger of TLR7 and the production of IFN.\nTLR7 is higher in women than in men and its biallelic expression leads to higher immune responses and increases the resistance to viral infections.\nTLR7 is expressed in innate immune cells which recognizes single strand RNA virus by promoting the production of antibodies against the virus and the generation of pro-inflammatory cytokines including IL-6 and IL-1 family members.\nMoreover, in women the production of inflammatory IL-6 after viral infection is lower than in males and is often correlated with a better longevity.\nIn addition, on the X chromosome there are loci that code for the genes involved in the regulation of immune cells such as FOXP3, and transcription factor for Treg involved in virus pathogenesis.\nThe X chromosome influences the immune system by acting on many other proteins, including TLR8, CD40L and CXCR3 which can be over-expressed in women, and influence the response to viral infections and vaccinations.\nHowever, the biallelic expression of the X-linked genes can promote harmful autoimmune and inflammatory responses.\nCardiovascular diseases are more frequent in males and subjects without cardiovascular dysfunctions infected by CoV-19 have a better prognosis, but these effects are still under study.\nIt is hoped that certain drugs, such as CoV-19 receptor blockers, anti-inflammatories (against rheumatic diseases), monoclonal antibodies, anti-IL-1 and anti-IL-6, the remdesevir drug (analogue adenosine, effective against ebola), hydroxychloroquine (for the treatment of malaria) and vaccines, will open up new strategies and new therapeutic ways to combat this terrible virus.\n", "Evidence Map": {"Enrollment": [{"term": "women", "negation": "affirmed", "UMLS": "", "start": 14, "end": 19}], "Comparison Results": [], "Study Arm 1 Results": [], "Study Arm 2 Results": []}, "Sentence-level breakdown": [{"Section": "TITLE", "Text": "CoV-19 / SARS-CoV-2 is a highly pathogenic virus that causes coronavirus-19 disease ( COVID-19 ) an acute respiratory distress syndrome which provokes serious problems for global health .", "Evidence Elements": {"Participant": [], "Intervention": [], "Outcome": []}, "Evidence Propositions": []}, {"Section": "RESULTS", "Text": "The presence of two X chromosomes in women emphasize the immune system even if one is inactive .", "Evidence Elements": {"Participant": [], "Intervention": [], "Outcome": []}, "Evidence Propositions": []}, {"Section": "RESULTS", "Text": "The immune regulatory genes encoded by X chromosome in female gender causes lower viral load levels , and less inflammation than in man , while CD4+T cells are higher with better immune response .", "Evidence Elements": {"Participant": [], "Intervention": [{"term": "man", "negation": "affirmed", "UMLS": "", "start": 132, "end": 135}], "Outcome": [{"term": "viral load levels", "negation": "affirmed", "UMLS": "", "start": 82, "end": 99}, {"term": "inflammation", "negation": "affirmed", "UMLS": "", "start": 111, "end": 123}, {"term": "immune", "negation": "affirmed", "UMLS": "", "start": 4, "end": 10}]}, "Evidence Propositions": []}, {"Section": "RESULTS", "Text": "In addition , women generally produce higher levels of antibodies which remain in the circulation longer .", "Evidence Elements": {"Participant": [{"term": "women", "negation": "affirmed", "UMLS": "", "start": 14, "end": 19}], "Intervention": [], "Outcome": [{"term": "levels of antibodies", "negation": "affirmed", "UMLS": "", "start": 45, "end": 65}]}, "Evidence Propositions": []}, {"Section": "RESULTS", "Text": "The levels of activation of the immune cells are higher in women than in men , and it is correlated with the trigger of TLR7 and the production of IFN .", "Evidence Elements": {"Participant": [], "Intervention": [{"term": "women", "negation": "affirmed", "UMLS": "", "start": 59, "end": 64}, {"term": "men", "negation": "affirmed", "UMLS": "", "start": 61, "end": 64}], "Outcome": [{"term": "levels of activation of the immune cells", "negation": "affirmed", "UMLS": "", "start": 4, "end": 44}]}, "Evidence Propositions": [{"Intervention": ["women", "men"], "Observation": "higher", "Outcome": "levels of activation of the immune cells", "Count": ""}]}, {"Section": "RESULTS", "Text": "TLR7 is higher in women than in men and its biallelic expression leads to higher immune responses and increases the resistance to viral infections .", "Evidence Elements": {"Participant": [], "Intervention": [{"term": "women", "negation": "affirmed", "UMLS": "", "start": 18, "end": 23}, {"term": "men", "negation": "affirmed", "UMLS": "", "start": 20, "end": 23}], "Outcome": []}, "Evidence Propositions": [{"Intervention": ["women", "men"], "Observation": "higher", "Outcome": "", "Count": ""}]}, {"Section": "RESULTS", "Text": "TLR7 is expressed in innate immune cells which recognizes single strand RNA virus by promoting the production of antibodies against the virus and the generation of pro-inflammatory cytokines including IL-6 and IL-1 family members .", "Evidence Elements": {"Participant": [], "Intervention": [], "Outcome": []}, "Evidence Propositions": []}, {"Section": "RESULTS", "Text": "Moreover , in women the production of inflammatory IL-6 after viral infection is lower than in males and is often correlated with a better longevity .", "Evidence Elements": {"Participant": [], "Intervention": [{"term": "women", "negation": "affirmed", "UMLS": "", "start": 14, "end": 19}, {"term": "males", "negation": "affirmed", "UMLS": "", "start": 95, "end": 100}], "Outcome": [{"term": "production of inflammatory IL-6 after viral infection", "negation": "affirmed", "UMLS": "", "start": 24, "end": 77}]}, "Evidence Propositions": [{"Intervention": ["women", "males"], "Observation": "lower", "Outcome": "production of inflammatory IL-6 after viral infection", "Count": ""}, {"Intervention": ["women"], "Observation": "better", "Outcome": "production of inflammatory IL-6 after viral infection", "Count": ""}]}, {"Section": "RESULTS", "Text": "In addition , on the X chromosome there are loci that code for the genes involved in the regulation of immune cells such as FOXP3 , and transcription factor for Treg involved in virus pathogenesis .", "Evidence Elements": {"Participant": [], "Intervention": [], "Outcome": []}, "Evidence Propositions": []}, {"Section": "CONCLUSIONS", "Text": "The X chromosome influences the immune system by acting on many other proteins , including TLR8 , CD40L and CXCR3 which can be over-expressed in women , and influence the response to viral infections and vaccinations .", "Evidence Elements": {"Participant": [], "Intervention": [], "Outcome": []}, "Evidence Propositions": []}, {"Section": "CONCLUSIONS", "Text": "However , the biallelic expression of the X-linked genes can promote harmful autoimmune and inflammatory responses .", "Evidence Elements": {"Participant": [], "Intervention": [], "Outcome": []}, "Evidence Propositions": []}, {"Section": "CONCLUSIONS", "Text": "Cardiovascular diseases are more frequent in males and subjects without cardiovascular dysfunctions infected by CoV-19 have a better prognosis , but these effects are still under study .", "Evidence Elements": {"Participant": [], "Intervention": [], "Outcome": []}, "Evidence Propositions": []}, {"Section": "CONCLUSIONS", "Text": "It is hoped that certain drugs , such as CoV-19 receptor blockers , anti-inflammatories ( against rheumatic diseases ) , monoclonal antibodies , anti-IL-1 and anti-IL-6 , the remdesevir drug ( analogue adenosine , effective against ebola ) , hydroxychloroquine ( for the treatment of malaria ) and vaccines , will open up new strategies and new therapeutic ways to combat this terrible virus .", "Evidence Elements": {"Participant": [], "Intervention": [], "Outcome": []}, "Evidence Propositions": []}]}