{"doc_id": "32255359", "type of study": "Therapy", "title": "", "abstract": "The novel coronavirus SARS-CoV-2 causes the disease COVID-19, a severe acute respiratory syndrome.\nCOVID-19 is now a global pandemic and public health emergency due to rapid human-to-human transmission.\nThe impact is far-reaching, with enforced social distancing and isolation, detrimental effects on individual physical activity and mental wellbeing, education in the young and economic impact to business.\nWhilst most COVID-19 patients demonstrate mild-to-moderate symptoms, those with severe disease progression are at a higher risk of mortality.\nAs more is learnt about this novel disease, it is becoming evident that comorbid cardiovascular disease is associated with a greater severity and increased mortality.\nMany patients positive for COVID-19 demonstrate increased concentrations of cardiac troponin, creating confusion in clinical interpretation.\nWhile myocardial infarction is associated with acute infectious respiratory disease, the majority of COVID-19 patients demonstrate stable cTn rather than the dynamically changing values indicative of an acute coronary syndrome.\nAlthough full understanding of the mechanism of cTn release in COVID-19 is currently lacking, this mini-review assesses the limited published literature with a view to offering insight to pathophysiological mechanisms and reported treatment regimens.\n", "Evidence Map": {"Enrollment": [], "Comparison Results": [], "Study Arm 1 Results": [], "Study Arm 2 Results": []}, "Sentence-level breakdown": [{"Section": "TITLE", "Text": "The novel coronavirus SARS-CoV-2 causes the disease COVID-19 , a severe acute respiratory syndrome .", "Evidence Elements": {"Participant": [], "Intervention": [], "Outcome": []}, "Evidence Propositions": []}, {"Section": "RESULTS", "Text": "The impact is far-reaching , with enforced social distancing and isolation , detrimental effects on individual physical activity and mental wellbeing , education in the young and economic impact to business .", "Evidence Elements": {"Participant": [], "Intervention": [], "Outcome": [{"term": "individual physical activity", "negation": "affirmed", "UMLS": "", "start": 100, "end": 128}, {"term": "mental wellbeing", "negation": "affirmed", "UMLS": "", "start": 133, "end": 149}, {"term": "education", "negation": "affirmed", "UMLS": "", "start": 152, "end": 161}]}, "Evidence Propositions": []}, {"Section": "RESULTS", "Text": "Whilst most COVID-19 patients demonstrate mild-to-moderate symptoms , those with severe disease progression are at a higher risk of mortality .", "Evidence Elements": {"Participant": [], "Intervention": [], "Outcome": []}, "Evidence Propositions": []}, {"Section": "RESULTS", "Text": "As more is learnt about this novel disease , it is becoming evident that comorbid cardiovascular disease is associated with a greater severity and increased mortality .", "Evidence Elements": {"Participant": [], "Intervention": [], "Outcome": []}, "Evidence Propositions": []}, {"Section": "CONCLUSIONS", "Text": "Many patients positive for COVID-19 demonstrate increased concentrations of cardiac troponin , creating confusion in clinical interpretation .", "Evidence Elements": {"Participant": [], "Intervention": [], "Outcome": []}, "Evidence Propositions": []}, {"Section": "CONCLUSIONS", "Text": "While myocardial infarction is associated with acute infectious respiratory disease , the majority of COVID-19 patients demonstrate stable cTn rather than the dynamically changing values indicative of an acute coronary syndrome .", "Evidence Elements": {"Participant": [], "Intervention": [], "Outcome": []}, "Evidence Propositions": []}, {"Section": "CONCLUSIONS", "Text": "Although full understanding of the mechanism of cTn release in COVID-19 is currently lacking , this mini-review assesses the limited published literature with a view to offering insight to pathophysiological mechanisms and reported treatment regimens .", "Evidence Elements": {"Participant": [], "Intervention": [], "Outcome": []}, "Evidence Propositions": []}]}