{"doc_id": "32257431", "type of study": "Therapy", "title": "", "abstract": "The coronavirus disease 19 (COVID-19) is a highly transmittable and pathogenic viral infection caused by severe acute respiratory syndrome coronavirus 2 (SARS-CoV-2), which emerged in Wuhan, China and spread around the world.\nGenomic analysis revealed that SARS-CoV-2 is phylogenetically related to severe acute respiratory syndrome-like (SARS-like) bat viruses, therefore bats could be the possible primary reservoir.\nThe intermediate source of origin and transfer to humans is not known, however, the rapid human to human transfer has been confirmed widely.\nThere is no clinically approved antiviral drug or vaccine available to be used against COVID-19.\nHowever, few broad-spectrum antiviral drugs have been evaluated against COVID-19 in clinical trials, resulted in clinical recovery.\nIn the current review, we summarize and comparatively analyze the emergence and pathogenicity of COVID-19 infection and previous human coronaviruses severe acute respiratory syndrome coronavirus (SARS-CoV) and middle east respiratory syndrome coronavirus (MERS-CoV).\nWe also discuss the approaches for developing effective vaccines and therapeutic combinations to cope with this viral outbreak.\n", "Evidence Map": {"Enrollment": [{"term": "COVID-19 infection", "negation": "affirmed", "UMLS": "", "start": 98, "end": 116}, {"term": "previous human coronaviruses severe acute respiratory syndrome coronavirus ( SARS-CoV )", "negation": "affirmed", "UMLS": "", "start": 121, "end": 208}, {"term": "middle east respiratory", "negation": "affirmed", "UMLS": "", "start": 213, "end": 236}], "Comparison Results": [], "Study Arm 1 Results": [], "Study Arm 2 Results": []}, "Sentence-level breakdown": [{"Section": "TITLE", "Text": "The coronavirus disease 19 ( COVID-19 ) is a highly transmittable and pathogenic viral infection caused by severe acute respiratory syndrome coronavirus 2 ( SARS-CoV-2 ) , which emerged in Wuhan , China and spread around the world .", "Evidence Elements": {"Participant": [], "Intervention": [], "Outcome": []}, "Evidence Propositions": []}, {"Section": "RESULTS", "Text": "Genomic analysis revealed that SARS-CoV-2 is phylogenetically related to severe acute respiratory syndrome-like ( SARS-like ) bat viruses , therefore bats could be the possible primary reservoir .", "Evidence Elements": {"Participant": [], "Intervention": [], "Outcome": []}, "Evidence Propositions": []}, {"Section": "RESULTS", "Text": "The intermediate source of origin and transfer to humans is not known , however , the rapid human to human transfer has been confirmed widely .", "Evidence Elements": {"Participant": [], "Intervention": [], "Outcome": []}, "Evidence Propositions": []}, {"Section": "RESULTS", "Text": "There is no clinically approved antiviral drug or vaccine available to be used against COVID-19 .", "Evidence Elements": {"Participant": [], "Intervention": [], "Outcome": []}, "Evidence Propositions": []}, {"Section": "RESULTS", "Text": "However , few broad-spectrum antiviral drugs have been evaluated against COVID-19 in clinical trials , resulted in clinical recovery .", "Evidence Elements": {"Participant": [], "Intervention": [], "Outcome": []}, "Evidence Propositions": []}, {"Section": "CONCLUSIONS", "Text": "In the current review , we summarize and comparatively analyze the emergence and pathogenicity of COVID-19 infection and previous human coronaviruses severe acute respiratory syndrome coronavirus ( SARS-CoV ) and middle east respiratory syndrome coronavirus ( MERS-CoV ) .", "Evidence Elements": {"Participant": [{"term": "COVID-19 infection", "negation": "affirmed", "UMLS": "", "start": 98, "end": 116}, {"term": "previous human coronaviruses severe acute respiratory syndrome coronavirus ( SARS-CoV )", "negation": "affirmed", "UMLS": "", "start": 121, "end": 208}, {"term": "middle east respiratory", "negation": "affirmed", "UMLS": "", "start": 213, "end": 236}], "Intervention": [], "Outcome": [{"term": "emergence and pathogenicity", "negation": "affirmed", "UMLS": "", "start": 67, "end": 94}]}, "Evidence Propositions": []}, {"Section": "CONCLUSIONS", "Text": "We also discuss the approaches for developing effective vaccines and therapeutic combinations to cope with this viral outbreak .", "Evidence Elements": {"Participant": [], "Intervention": [], "Outcome": []}, "Evidence Propositions": []}]}