{"doc_id": "32250244", "type of study": "Therapy", "title": "", "abstract": "The discovery of angiotensin converting enzyme-2 (ACE-2) as the receptor for SARS- CoV-2 (Severe Acute Respiratory Syndrome Coronavirus-2) has implicated the renin-angiotensin-aldosterone system in acute respiratory distress syndrome (ARDS) and respiratory failure in patients with coronavirus disease-19 (COVID-19).\nThe angiotensin converting enzyme-1-angiotensin II-angiotensin AT1 receptor pathway contributes to the pathophysiology of ARDS, whereas activation of the ACE-2-angiotensin(1-7)-angiotensin AT2 receptor and the ACE-2-angiotensin(1-7)-Mas receptor pathways have been shown to be protective.\nHere we propose and discuss therapeutic considerations how to increase soluble ACE-2 in plasma in order for ACE-2 to capture and thereby inactivate SARS-CoV-2.\nThis could be achieved by administering recombinant soluble ACE-2.\nWe also discuss why and how ACEIs and ARBs provide cardiovascular, renal and also pulmonary protection in SARS-CoV-2- associated ARDS.\nDiscontinuing these medications in COVID-19 patients may therefore potentially be harmful.\n", "Evidence Map": {"Enrollment": [{"term": "SARS-CoV-2-associated ARDS", "negation": "affirmed", "UMLS": "", "start": 107, "end": 133}], "Comparison Results": [], "Study Arm 1 Results": [], "Study Arm 2 Results": []}, "Sentence-level breakdown": [{"Section": "TITLE", "Text": "The discovery of angiotensin converting enzyme-2 ( ACE-2 ) as the receptor for SARS-CoV-2 ( Severe Acute Respiratory Syndrome Coronavirus-2 ) has implicated the renin-angiotensin-aldosterone system in acute respiratory distress syndrome ( ARDS ) and respiratory failure in patients with coronavirus disease-19 ( COVID-19 ) .", "Evidence Elements": {"Participant": [], "Intervention": [], "Outcome": []}, "Evidence Propositions": []}, {"Section": "OBJECTIVE", "Text": "Here we propose and discuss therapeutic considerations how to increase soluble ACE-2 in plasma in order for ACE-2 to capture and thereby inactivate SARS-CoV-2 .", "Evidence Elements": {"Participant": [], "Intervention": [], "Outcome": [{"term": "soluble ACE-2 in plasma", "negation": "affirmed", "UMLS": "", "start": 71, "end": 94}]}, "Evidence Propositions": []}, {"Section": "RESULTS", "Text": "This could be achieved by administering recombinant soluble ACE-2 .", "Evidence Elements": {"Participant": [], "Intervention": [{"term": "recombinant soluble ACE-2", "negation": "affirmed", "UMLS": "", "start": 40, "end": 65}], "Outcome": []}, "Evidence Propositions": []}, {"Section": "RESULTS", "Text": "We also discuss why and how ACEIs and ARBs provide cardiovascular , renal and also pulmonary protection in SARS-CoV-2-associated ARDS .", "Evidence Elements": {"Participant": [{"term": "SARS-CoV-2-associated ARDS", "negation": "affirmed", "UMLS": "", "start": 107, "end": 133}], "Intervention": [{"term": "ACEIs", "negation": "affirmed", "UMLS": "", "start": 28, "end": 33}, {"term": "ARBs", "negation": "affirmed", "UMLS": "", "start": 38, "end": 42}], "Outcome": [{"term": "cardiovascular , renal and also pulmonary protection", "negation": "affirmed", "UMLS": "", "start": 51, "end": 103}]}, "Evidence Propositions": []}, {"Section": "CONCLUSIONS", "Text": "Discontinuing these medications in COVID-19 patients may therefore potentially be harmful .", "Evidence Elements": {"Participant": [], "Intervention": [], "Outcome": []}, "Evidence Propositions": []}]}