{"doc_id": "32251717", "type of study": "Therapy", "title": "", "abstract": "Severe COVID-19 associated pneumonia patients may exhibit features of systemic hyper-inflammation designated under the umbrella term of macrophage activation syndrome (MAS) or cytokine storm, also known as secondary haemophagocytic lymphohistocytosis (sHLH).\nThis is distinct from HLH associated with immunodeficiency states termed primary HLH -with radically different therapy strategies in both situations.\nCOVID-19 infection with MAS typically occurs in subjects with adult respiratory distress syndrome (ARDS) and historically, non-survival in ARDS was linked to sustained IL-6 and IL-1 elevation.\nWe provide a model for the classification of MAS to stratify the MAS-like presentation in COVID-19 pneumonia and explore the complexities of discerning ARDS from MAS.\nWe discuss the potential impact of timing of anti-cytokine therapy on viral clearance and the impact of such therapy on intra-pulmonary macrophage activation and emergent pulmonary vascular disease.\n", "Evidence Map": {"Enrollment": [{"term": "COVID-19 pneumonia", "negation": "affirmed", "UMLS": "", "start": 90, "end": 108}], "Comparison Results": [], "Study Arm 1 Results": [], "Study Arm 2 Results": []}, "Sentence-level breakdown": [{"Section": "TITLE", "Text": "Severe COVID-19 associated pneumonia patients may exhibit features of systemic hyper-inflammation designated under the umbrella term of macrophage activation syndrome ( MAS ) or cytokine storm , also known as secondary haemophagocytic lymphohistocytosis ( sHLH ) .", "Evidence Elements": {"Participant": [], "Intervention": [], "Outcome": []}, "Evidence Propositions": []}, {"Section": "RESULTS", "Text": "We provide a model for the classification of MAS to stratify the MAS-like presentation in COVID-19 pneumonia and explore the complexities of discerning ARDS from MAS .", "Evidence Elements": {"Participant": [{"term": "COVID-19 pneumonia", "negation": "affirmed", "UMLS": "", "start": 90, "end": 108}], "Intervention": [], "Outcome": [{"term": "MAS-like presentation", "negation": "affirmed", "UMLS": "", "start": 65, "end": 86}]}, "Evidence Propositions": []}, {"Section": "CONCLUSIONS", "Text": "We discuss the potential impact of timing of anti-cytokine therapy on viral clearance and the impact of such therapy on intra-pulmonary macrophage activation and emergent pulmonary vascular disease .", "Evidence Elements": {"Participant": [], "Intervention": [{"term": "timing of anti-cytokine therapy", "negation": "affirmed", "UMLS": "", "start": 35, "end": 66}], "Outcome": [{"term": "viral clearance", "negation": "affirmed", "UMLS": "", "start": 70, "end": 85}, {"term": "intra-pulmonary macrophage activation", "negation": "affirmed", "UMLS": "", "start": 120, "end": 157}, {"term": "emergent pulmonary vascular disease", "negation": "affirmed", "UMLS": "", "start": 162, "end": 197}]}, "Evidence Propositions": []}]}