{"doc_id": "32251634", "type of study": "Therapy", "title": "", "abstract": "In December 2019, the Coronavirus disease-2019 (COVID-19) virus has emerged in Wuhan, China.\nIn this research, the first resolved COVID-19 crystal structure (main protease) was targeted in a virtual screening study by of FDA approved drugs dataset.\nIn addition, a knowledge gap in relations of COVID-19 with the previously known fatal Coronaviruses (CoVs) epidemics, SARS and MERS CoVs, was covered by investigation of sequence statistics and phylogenetics.\nMolecular modeling, virtual screening, docking, sequence comparison statistics and phylogenetics of the COVID-19 main protease were investigated.\nCOVID-19 Mpro formed a phylogenetic group with SARS CoV that was distant from MERS CoV. The identity% was 96.061 and 51.61 for COVID-19/SARS and COVID-19/MERS CoV sequence comparisons, respectively.\nThe top 20 drugs in the virtual screening studies comprised a broad-spectrum antiviral (ribavirin), anti-hepatitis B virus (telbivudine), two vitamins (vitamin B12 and nicotinamide) and other miscellaneous systemically acting drugs.\nOf special interest, ribavirin had been used in treating cases of SARS CoV. The present study provided a comprehensive targeting of the first resolved COVID+19 structure of Mpro and found a suitable save drugs for repurposing against the viral Mpro.\nRibavirin, telbivudine, vitamin B12 and nicotinamide can be combined and used for COVID treatment.\nThis initiative relocates already marketed and approved safe drugs for potential use in COVID-treatment.\n", "Evidence Map": {"Enrollment": [], "Comparison Results": [], "Study Arm 1 Results": [], "Study Arm 2 Results": []}, "Sentence-level breakdown": [{"Section": "TITLE", "Text": "In December 2019 , the Coronavirus disease-2019 ( COVID-19 ) virus has emerged in Wuhan , China .", "Evidence Elements": {"Participant": [], "Intervention": [], "Outcome": []}, "Evidence Propositions": []}, {"Section": "RESULTS", "Text": "In addition , a knowledge gap in relations of COVID-19 with the previously known fatal Coronaviruses ( CoVs ) epidemics , SARS and MERS CoVs , was covered by investigation of sequence statistics and phylogenetics .", "Evidence Elements": {"Participant": [], "Intervention": [], "Outcome": []}, "Evidence Propositions": []}, {"Section": "RESULTS", "Text": "Molecular modeling , virtual screening , docking , sequence comparison statistics and phylogenetics of the COVID-19 main protease were investigated .", "Evidence Elements": {"Participant": [], "Intervention": [], "Outcome": [{"term": "Molecular modeling", "negation": "affirmed", "UMLS": "", "start": 0, "end": 18}, {"term": "virtual screening", "negation": "affirmed", "UMLS": "", "start": 21, "end": 38}, {"term": "docking", "negation": "affirmed", "UMLS": "", "start": 41, "end": 48}, {"term": "sequence comparison statistics", "negation": "affirmed", "UMLS": "", "start": 51, "end": 81}, {"term": "phylogenetics of the COVID-19 main", "negation": "affirmed", "UMLS": "", "start": 86, "end": 120}]}, "Evidence Propositions": []}, {"Section": "RESULTS", "Text": "COVID-19 Mpro formed a phylogenetic group with SARS CoV that was distant from MERS CoV . The identity % was 96.061 and 51.61 for COVID-19 / SARS and COVID-19 / MERS CoV sequence comparisons , respectively .", "Evidence Elements": {"Participant": [], "Intervention": [{"term": "COVID-19 Mpro", "negation": "affirmed", "UMLS": "", "start": 0, "end": 13}, {"term": "SARS CoV", "negation": "affirmed", "UMLS": "", "start": 47, "end": 55}, {"term": "MERS CoV", "negation": "affirmed", "UMLS": "", "start": 78, "end": 86}, {"term": "SARS", "negation": "affirmed", "UMLS": "", "start": 47, "end": 51}, {"term": "MERS CoV", "negation": "affirmed", "UMLS": "", "start": 78, "end": 86}], "Outcome": [{"term": "identity %", "negation": "affirmed", "UMLS": "", "start": 93, "end": 103}]}, "Evidence Propositions": [{"Intervention": "COVID-19 Mpro", "Observation": "96.061", "Outcome": "identity %", "Count": ""}, {"Intervention": "SARS", "Observation": "96.061", "Outcome": "identity %", "Count": ""}, {"Intervention": "SARS", "Observation": "51.61", "Outcome": "identity %", "Count": ""}, {"Intervention": "MERS CoV", "Observation": "51.61", "Outcome": "identity %", "Count": ""}]}, {"Section": "RESULTS", "Text": "The top 20 drugs in the virtual screening studies comprised a broad-spectrum antiviral ( ribavirin ) , anti-hepatitis B virus ( telbivudine ) , two vitamins ( vitamin B12 and nicotinamide ) and other miscellaneous systemically acting drugs .", "Evidence Elements": {"Participant": [], "Intervention": [], "Outcome": []}, "Evidence Propositions": []}, {"Section": "CONCLUSIONS", "Text": "Of special interest , ribavirin had been used in treating cases of SARS CoV . The present study provided a comprehensive targeting of the first resolved COVID+19 structure of Mpro and found a suitable save drugs for repurposing against the viral Mpro .", "Evidence Elements": {"Participant": [], "Intervention": [], "Outcome": []}, "Evidence Propositions": []}, {"Section": "CONCLUSIONS", "Text": "Ribavirin , telbivudine , vitamin B12 and nicotinamide can be combined and used for COVID treatment .", "Evidence Elements": {"Participant": [], "Intervention": [], "Outcome": []}, "Evidence Propositions": []}, {"Section": "CONCLUSIONS", "Text": "This initiative relocates already marketed and approved safe drugs for potential use in COVID-treatment .", "Evidence Elements": {"Participant": [], "Intervention": [], "Outcome": []}, "Evidence Propositions": []}]}