{"doc_id": "32259575", "type of study": "Therapy", "title": "", "abstract": "Several studies suggested Baricitinib as a potential drug for the management of COVID 19 infection through drug repurposing strategies because of its ability to act on AT2 cells and AAK1 mediated endocytosis.\nBaricitinib, a Januase Kinase Inhibitor, have known to cause Lymphocytopenia, Neutropenia and Viral Reactivation.\nReported Epidemiological studies have shown that COVID 19 patients have a lesser absolute lymphocyte count closer to the threshold value.\nMoreover, incidence of Co-infection for COVID 19 patients is one of the leading causes of Mortality.\nBaricitinib may enhance the incidence of Co-infection.\nHence, Baricitinib may not be an ideal option for Management of COVID 19.\nThe Wuhan outbreak of novel Corona virus infection has been the global focus since December 2019.\nThis infection has become a global pandemic.\nIt is highly important to understand the virology of the pathogen and to explore the therapeutic options for management of this pandemic.\nDrug repurposing strategies are being considered for management of COVID 19.\nAmong the identified drugs, Baricitinib has become a keen interest for researchers because of its ability to inhibit the viral assembly by the prevention of Clarithrin associated endocytosis.\nWe tried to explore the reasons on why Baricitinib is not an ideal option for COVID 19.\n", "Evidence Map": {"Enrollment": [{"term": "COVID", "negation": "affirmed", "UMLS": "", "start": 65, "end": 70}, {"term": "COVID", "negation": "negated", "UMLS": "", "start": 78, "end": 83}], "Comparison Results": [], "Study Arm 1 Results": [], "Study Arm 2 Results": []}, "Sentence-level breakdown": [{"Section": "TITLE", "Text": "Several studies suggested Baricitinib as a potential drug for the management of COVID 19 infection through drug repurposing strategies because of its ability to act on AT2 cells and AAK1 mediated endocytosis .", "Evidence Elements": {"Participant": [], "Intervention": [], "Outcome": []}, "Evidence Propositions": []}, {"Section": "CONCLUSIONS", "Text": "We tried to explore the reasons on why Baricitinib is not an ideal option for COVID 19 .", "Evidence Elements": {"Participant": [{"term": "COVID", "negation": "negated", "UMLS": "", "start": 78, "end": 83}], "Intervention": [{"term": "Baricitinib", "negation": "affirmed", "UMLS": "", "start": 39, "end": 50}], "Outcome": []}, "Evidence Propositions": []}]}