{"doc_id": "32259129", "type of study": "Therapy", "title": "", "abstract": "Coronavirus disease 2019 or COVID-19 has rapidly emerged as a global pandemic.\nThis viral infection involves the upper respiratory tract and could lead to severe pneumonia with respiratory distress or even death.\nCertain studies have found higher initial plasma levels of most pro-inflammatory cytokines during the course of the infection.\nIn this context, both in vitro and in vivo studies have revealed that metronidazole could decrease the levels of several cytokines, which are known to increase during the COVID-19 infection, including interleukin (IL)8, IL6, IL1B, tumor necrosis factor (TNF)alpha, IL12, IL1alpha, and interferon (IFN)gamma, as well as the levels of C-reactive protein (CRP) and neutrophil count.\nFurthermore, the drug could decrease neutrophil-generated reactive oxygen species during inflammation.\nMetronidazole could counteract majority of the immunopathological manifestations of the COVID-19 infection.\nTherefore, studies with a large sample size are required to determine the efficacy of metronidazole in the treatment of COVID-19 infection.\n", "Evidence Map": {"Enrollment": [], "Comparison Results": [], "Study Arm 1 Results": [], "Study Arm 2 Results": []}, "Sentence-level breakdown": [{"Section": "TITLE", "Text": "Coronavirus disease 2019 or COVID-19 has rapidly emerged as a global pandemic .", "Evidence Elements": {"Participant": [], "Intervention": [], "Outcome": []}, "Evidence Propositions": []}, {"Section": "RESULTS", "Text": "This viral infection involves the upper respiratory tract and could lead to severe pneumonia with respiratory distress or even death .", "Evidence Elements": {"Participant": [], "Intervention": [], "Outcome": []}, "Evidence Propositions": []}, {"Section": "RESULTS", "Text": "Certain studies have found higher initial plasma levels of most pro-inflammatory cytokines during the course of the infection .", "Evidence Elements": {"Participant": [], "Intervention": [], "Outcome": []}, "Evidence Propositions": []}, {"Section": "CONCLUSIONS", "Text": "In this context , both in vitro and in vivo studies have revealed that metronidazole could decrease the levels of several cytokines , which are known to increase during the COVID-19 infection , including interleukin ( IL ) 8 , IL6 , IL1B , tumor necrosis factor ( TNF ) alpha , IL12 , IL1alpha , and interferon ( IFN ) gamma , as well as the levels of C-reactive protein ( CRP ) and neutrophil count .", "Evidence Elements": {"Participant": [], "Intervention": [], "Outcome": [{"term": "IL6", "negation": "affirmed", "UMLS": "", "start": 227, "end": 230}, {"term": "IL1B", "negation": "affirmed", "UMLS": "", "start": 233, "end": 237}, {"term": "tumor", "negation": "affirmed", "UMLS": "", "start": 240, "end": 245}, {"term": "factor", "negation": "affirmed", "UMLS": "", "start": 255, "end": 261}, {"term": "alpha", "negation": "affirmed", "UMLS": "", "start": 270, "end": 275}, {"term": "IL12", "negation": "affirmed", "UMLS": "", "start": 278, "end": 282}, {"term": "IL1alpha", "negation": "affirmed", "UMLS": "", "start": 285, "end": 293}]}, "Evidence Propositions": []}, {"Section": "CONCLUSIONS", "Text": "Furthermore , the drug could decrease neutrophil-generated reactive oxygen species during inflammation .", "Evidence Elements": {"Participant": [], "Intervention": [], "Outcome": [{"term": "neutrophil-generated reactive oxygen species", "negation": "affirmed", "UMLS": "", "start": 38, "end": 82}]}, "Evidence Propositions": []}, {"Section": "CONCLUSIONS", "Text": "Metronidazole could counteract majority of the immunopathological manifestations of the COVID-19 infection .", "Evidence Elements": {"Participant": [], "Intervention": [{"term": "Metronidazole", "negation": "affirmed", "UMLS": "", "start": 0, "end": 13}], "Outcome": [{"term": "majority of the immunopathological manifestations of the COVID-19 infection", "negation": "affirmed", "UMLS": "", "start": 31, "end": 106}]}, "Evidence Propositions": []}, {"Section": "CONCLUSIONS", "Text": "Therefore , studies with a large sample size are required to determine the efficacy of metronidazole in the treatment of COVID-19 infection .", "Evidence Elements": {"Participant": [], "Intervention": [], "Outcome": []}, "Evidence Propositions": []}]}