{"doc_id": "32251618", "type of study": "Therapy", "title": "", "abstract": "PURPOSE: SARS-CoV-2 first emerged in China in December 2019 and rapidly spread worldwide.\nNo vaccine or approved drug is available to eradicate the virus, however, some drugs that are indicated for other afflictions seems to be potentially beneficial to treat the infection albeit without unequivocal evidence.\nThe aim of this article is to review the published background on the effectiveness of these drugs against COVID-19 Methods: A thorough literature search was conducted on recently published studies which have published between January 1 to March 25, 2020.\nPubMed, Google Scholar and Science Direct databases were searched Results: A total 22 articles were found eligible.\n8 discuss about treatment outcomes from their applied drugs during treatment of COVID-19 patients, 4 report laboratory tests, one report animal trial and other 9 articles discuss recommendations and suggestions based on the treatment process and clinical outcomes of other diseases such as malaria, ebola, severe acute respiratory syndrome (SARS) and Middle East respiratory syndrome (MERS).\nThe data and/or recommendations are categorized in 4 classes: (a) anti-viral and anti-inflammatory drugs, (b) anti-malaria drugs, (c) traditional Chinese drugs and (d) other treatments/drugs.\nCONCLUSION: All examined treatments, although potentiality effective against COVID-19, need either appropriate drug development or clinical trial to be suitable for clinical use.\n", "Evidence Map": {"Enrollment": [{"term": "COVID-19", "negation": "affirmed", "UMLS": "", "start": 80, "end": 88}, {"term": "malaria", "negation": "affirmed", "UMLS": "", "start": 292, "end": 299}, {"term": "ebola", "negation": "affirmed", "UMLS": "", "start": 302, "end": 307}, {"term": "severe acute respiratory syndrome ( SARS )", "negation": "affirmed", "UMLS": "", "start": 310, "end": 352}], "Comparison Results": [], "Study Arm 1 Results": [], "Study Arm 2 Results": []}, "Sentence-level breakdown": [{"Section": "TITLE", "Text": "PURPOSE : SARS-CoV-2 first emerged in China in December 2019 and rapidly spread worldwide .", "Evidence Elements": {"Participant": [], "Intervention": [], "Outcome": []}, "Evidence Propositions": []}, {"Section": "OBJECTIVE", "Text": "The aim of this article is to review the published background on the effectiveness of these drugs against COVID-19 Methods : A thorough literature search was conducted on recently published studies which have published between January 1 to March 25 , 2020 .", "Evidence Elements": {"Participant": [], "Intervention": [], "Outcome": []}, "Evidence Propositions": []}, {"Section": "METHODS", "Text": "PubMed , Google Scholar and Science Direct databases were searched Results : A total 22 articles were found eligible .", "Evidence Elements": {"Participant": [], "Intervention": [], "Outcome": []}, "Evidence Propositions": []}, {"Section": "METHODS", "Text": "8 discuss about treatment outcomes from their applied drugs during treatment of COVID-19 patients , 4 report laboratory tests , one report animal trial and other 9 articles discuss recommendations and suggestions based on the treatment process and clinical outcomes of other diseases such as malaria , ebola , severe acute respiratory syndrome ( SARS ) and Middle East respiratory syndrome ( MERS ) .", "Evidence Elements": {"Participant": [{"term": "COVID-19", "negation": "affirmed", "UMLS": "", "start": 80, "end": 88}, {"term": "malaria", "negation": "affirmed", "UMLS": "", "start": 292, "end": 299}, {"term": "ebola", "negation": "affirmed", "UMLS": "", "start": 302, "end": 307}, {"term": "severe acute respiratory syndrome ( SARS )", "negation": "affirmed", "UMLS": "", "start": 310, "end": 352}], "Intervention": [], "Outcome": [{"term": "treatment outcomes", "negation": "affirmed", "UMLS": "", "start": 16, "end": 34}, {"term": "laboratory tests", "negation": "affirmed", "UMLS": "", "start": 109, "end": 125}, {"term": "treatment process", "negation": "affirmed", "UMLS": "", "start": 226, "end": 243}, {"term": "clinical outcomes", "negation": "affirmed", "UMLS": "", "start": 248, "end": 265}]}, "Evidence Propositions": []}, {"Section": "METHODS", "Text": "The data and / or recommendations are categorized in 4 classes : ( a ) anti-viral and anti-inflammatory drugs , ( b ) anti-malaria drugs , ( c ) traditional Chinese drugs and ( d ) other treatments / drugs .", "Evidence Elements": {"Participant": [], "Intervention": [{"term": "anti-viral and anti-inflammatory drugs", "negation": "affirmed", "UMLS": "", "start": 71, "end": 109}, {"term": "anti-malaria drugs", "negation": "affirmed", "UMLS": "", "start": 118, "end": 136}], "Outcome": []}, "Evidence Propositions": []}, {"Section": "CONCLUSIONS", "Text": "CONCLUSION : All examined treatments , although potentiality effective against COVID-19 , need either appropriate drug development or clinical trial to be suitable for clinical use .", "Evidence Elements": {"Participant": [], "Intervention": [], "Outcome": []}, "Evidence Propositions": []}]}