{"doc_id": "32256706", "type of study": "Therapy", "title": "", "abstract": "Given the current SARS-CoV-2 (COVID-19) pandemic, the availability of reliable information for clinicians and patients is paramount.\nThere have been a number of reports stating that non-steroidal anti-inflammatory drugs (NSAIDs) and corticosteroids may exacerbate symptoms in COVID-19 patients.\nTherefore, this review aimed to collate information available in published articles to identify any evidence behind these claims with the aim of advising clinicians on how best to treat patients.\nThis review found no published evidence for or against the use of NSAIDs in COVID-19 patients.\nMeanwhile, there appeared to be some evidence that corticosteroids may be beneficial if utilised in the early acute phase of infection, however, conflicting evidence from the World Health Organisation surrounding corticosteroid use in certain viral infections means this evidence is not conclusive.\nGiven the current availability of literature, caution should be exercised until further evidence emerges surrounding the use of NSAIDs and corticosteroids in COVID-19 patients.\n", "Evidence Map": {"Enrollment": [{"term": "clinicians", "negation": "affirmed", "UMLS": "", "start": 155, "end": 165}, {"term": "COVID-19", "negation": "negated", "UMLS": "", "start": 76, "end": 84}], "Comparison Results": [], "Study Arm 1 Results": [], "Study Arm 2 Results": []}, "Sentence-level breakdown": [{"Section": "TITLE", "Text": "Given the current SARS-CoV-2 ( COVID-19 ) pandemic , the availability of reliable information for clinicians and patients is paramount .", "Evidence Elements": {"Participant": [], "Intervention": [], "Outcome": []}, "Evidence Propositions": []}, {"Section": "OBJECTIVE", "Text": "Therefore , this review aimed to collate information available in published articles to identify any evidence behind these claims with the aim of advising clinicians on how best to treat patients .", "Evidence Elements": {"Participant": [{"term": "clinicians", "negation": "affirmed", "UMLS": "", "start": 155, "end": 165}], "Intervention": [], "Outcome": []}, "Evidence Propositions": []}, {"Section": "CONCLUSIONS", "Text": "This review found no published evidence for or against the use of NSAIDs in COVID-19 patients .", "Evidence Elements": {"Participant": [{"term": "COVID-19", "negation": "negated", "UMLS": "", "start": 76, "end": 84}], "Intervention": [], "Outcome": []}, "Evidence Propositions": []}, {"Section": "CONCLUSIONS", "Text": "Meanwhile , there appeared to be some evidence that corticosteroids may be beneficial if utilised in the early acute phase of infection , however , conflicting evidence from the World Health Organisation surrounding corticosteroid use in certain viral infections means this evidence is not conclusive .", "Evidence Elements": {"Participant": [], "Intervention": [], "Outcome": []}, "Evidence Propositions": []}, {"Section": "CONCLUSIONS", "Text": "Given the current availability of literature , caution should be exercised until further evidence emerges surrounding the use of NSAIDs and corticosteroids in COVID-19 patients .", "Evidence Elements": {"Participant": [], "Intervention": [], "Outcome": []}, "Evidence Propositions": []}]}