{"doc_id": "32251731", "type of study": "Therapy", "title": "", "abstract": "The COVID-19 pandemic caused by SARS-CoV-2 poses a global health emergency.\nPromising results suggest that chloroquine could stop the spread of SARS-CoV-2.\nIn-silico studies confirm the antiviral properties of chloroquine.\nNew mechanism of action of chloroquine elucidated.\nHydroxychloroquine is more potent than chloroquine.\nThe recent emergence of the novel pathogenic SARS-coronavirus 2 (SARS-CoV-2) is responsible for a worldwide pandemic.\nGiven the global health emergency, drug repositioning is the most reliable option to design an efficient therapy for infected patients without delay.\nThe first step of the viral replication cycle [i.e. attachment to the surface of respiratory cells, mediated by the spike (S) viral protein] offers several potential therapeutic targets.\nThe S protein uses the angiotension-converting enzyme-2 (ACE-2) receptor for entry, but also sialic acids linked to host cell surface gangliosides.\nUsing a combination of structural and molecular modelling approaches, this study showed that chloroquine (CLQ), one of the drugs currently under investigation for SARS-CoV-2 treatment, binds sialic acids and gangliosides with high affinity.\nA new type of ganglioside-binding domain at the tip of the N-terminal domain of the SARS-CoV-2 S protein was identified.\nThis domain (111-158), which is fully conserved among clinical isolates worldwide, may improve attachment of the virus to lipid rafts and facilitate contact with the ACE-2 receptor.\nThis study showed that, in the presence of CLQ [or its more active derivative, hydroxychloroquine (CLQ-OH)], the viral S protein is no longer able to bind gangliosides.\nThe identification of this new mechanism of action of CLQ and CLQ-OH supports the use of these repositioned drugs to cure patients infected with SARS-CoV-2.\nThe in-silico approaches used in this study might also be used to assess the efficiency of a broad range of repositioned and/or innovative drug candidates before clinical evaluation.\n", "Evidence Map": {"Enrollment": [], "Comparison Results": [], "Study Arm 1 Results": [], "Study Arm 2 Results": []}, "Sentence-level breakdown": [{"Section": "TITLE", "Text": "The COVID-19 pandemic caused by SARS-CoV-2 poses a global health emergency .", "Evidence Elements": {"Participant": [], "Intervention": [], "Outcome": []}, "Evidence Propositions": []}, {"Section": "RESULTS", "Text": "The first step of the viral replication cycle [ i.e. attachment to the surface of respiratory cells , mediated by the spike ( S ) viral protein ] offers several potential therapeutic targets .", "Evidence Elements": {"Participant": [], "Intervention": [], "Outcome": []}, "Evidence Propositions": []}, {"Section": "RESULTS", "Text": "The S protein uses the angiotension-converting enzyme-2 ( ACE-2 ) receptor for entry , but also sialic acids linked to host cell surface gangliosides .", "Evidence Elements": {"Participant": [], "Intervention": [], "Outcome": []}, "Evidence Propositions": []}, {"Section": "RESULTS", "Text": "Using a combination of structural and molecular modelling approaches , this study showed that chloroquine ( CLQ ) , one of the drugs currently under investigation for SARS-CoV-2 treatment , binds sialic acids and gangliosides with high affinity .", "Evidence Elements": {"Participant": [], "Intervention": [{"term": "chloroquine (", "negation": "affirmed", "UMLS": "", "start": 94, "end": 107}], "Outcome": []}, "Evidence Propositions": []}, {"Section": "RESULTS", "Text": "A new type of ganglioside-binding domain at the tip of the N-terminal domain of the SARS-CoV-2 S protein was identified .", "Evidence Elements": {"Participant": [], "Intervention": [{"term": "ganglioside-binding domain at the tip of the N-terminal domain of the", "negation": "affirmed", "UMLS": "", "start": 14, "end": 83}, {"term": "S protein", "negation": "affirmed", "UMLS": "", "start": 95, "end": 104}], "Outcome": []}, "Evidence Propositions": []}, {"Section": "RESULTS", "Text": "This domain ( 111-158 ) , which is fully conserved among clinical isolates worldwide , may improve attachment of the virus to lipid rafts and facilitate contact with the ACE-2 receptor .", "Evidence Elements": {"Participant": [], "Intervention": [], "Outcome": []}, "Evidence Propositions": []}, {"Section": "CONCLUSIONS", "Text": "This study showed that , in the presence of CLQ [ or its more active derivative , hydroxychloroquine ( CLQ-OH ) ] , the viral S protein is no longer able to bind gangliosides .", "Evidence Elements": {"Participant": [], "Intervention": [{"term": "CLQ", "negation": "affirmed", "UMLS": "", "start": 44, "end": 47}, {"term": "hydroxychloroquine ( CLQ-OH )", "negation": "affirmed", "UMLS": "", "start": 82, "end": 111}], "Outcome": [{"term": "viral S protein", "negation": "affirmed", "UMLS": "", "start": 120, "end": 135}]}, "Evidence Propositions": []}, {"Section": "CONCLUSIONS", "Text": "The identification of this new mechanism of action of CLQ and CLQ-OH supports the use of these repositioned drugs to cure patients infected with SARS-CoV-2 .", "Evidence Elements": {"Participant": [], "Intervention": [{"term": "CLQ", "negation": "affirmed", "UMLS": "", "start": 54, "end": 57}, {"term": "CLQ-OH", "negation": "affirmed", "UMLS": "", "start": 62, "end": 68}], "Outcome": [{"term": "mechanism of action", "negation": "affirmed", "UMLS": "", "start": 31, "end": 50}]}, "Evidence Propositions": []}, {"Section": "CONCLUSIONS", "Text": "The in-silico approaches used in this study might also be used to assess the efficiency of a broad range of repositioned and / or innovative drug candidates before clinical evaluation .", "Evidence Elements": {"Participant": [], "Intervention": [], "Outcome": []}, "Evidence Propositions": []}]}