{"doc_id": "32265310", "type of study": "Therapy", "title": "", "abstract": "Severe respiratory consequences of the COVID-19 pandemic have prompted urgent need for novel therapies.\nCell-based approaches, primarily using mesenchymal stem (stromal) cells (MSCs), have demonstrated safety and possible efficacy in patients with the acute respiratory distress syndrome (ARDS), although not as yet well studied in respiratory virus-induced ARDS.\nLimited pre-clinical data suggest that systemic MSC administration can significantly reduce respiratory virus (Influenza strains H5N1 and H9N2)-induced lung injury, however, there are no available data in models of coronavirus respiratory infection.\nThere are a rapidly increasing number of clinical investigations of cell-based therapy approaches for COVID-19.\nThese utilise a range of different cell sources, doses, dosing strategies, and targeted patient populations.\nTo provide a rationale strategy to maximise potential therapeutic use, it is critically important to understand the relevant pre-clinical studies and postulated mechanisms of MSC actions in respiratory virus-induced lung injuries.\nThese are presented along with consideration of current clinical investigations.\nIt is imperative to better comprehend the rationale and underlying data which both support and refute effectiveness of MSCs in respiratory virus infections, and to define the targeted patient population and potential cell therapy approaches for COVID-19.\n", "Evidence Map": {"Enrollment": [], "Comparison Results": [], "Study Arm 1 Results": [], "Study Arm 2 Results": []}, "Sentence-level breakdown": [{"Section": "TITLE", "Text": "Severe respiratory consequences of the COVID-19 pandemic have prompted urgent need for novel therapies .", "Evidence Elements": {"Participant": [], "Intervention": [], "Outcome": []}, "Evidence Propositions": []}, {"Section": "OBJECTIVE", "Text": "To provide a rationale strategy to maximise potential therapeutic use , it is critically important to understand the relevant pre-clinical studies and postulated mechanisms of MSC actions in respiratory virus-induced lung injuries .", "Evidence Elements": {"Participant": [], "Intervention": [], "Outcome": []}, "Evidence Propositions": []}, {"Section": "RESULTS", "Text": "These are presented along with consideration of current clinical investigations .", "Evidence Elements": {"Participant": [], "Intervention": [], "Outcome": []}, "Evidence Propositions": []}, {"Section": "CONCLUSIONS", "Text": "It is imperative to better comprehend the rationale and underlying data which both support and refute effectiveness of MSCs in respiratory virus infections , and to define the targeted patient population and potential cell therapy approaches for COVID-19 .", "Evidence Elements": {"Participant": [], "Intervention": [], "Outcome": []}, "Evidence Propositions": []}]}