{"doc_id": "32268019", "type of study": "Therapy", "title": "", "abstract": "Acute respiratory failure due to acute hypoxemia is the major manifestation in severe coronavirus disease 2019 (COVID-19) induced by severe acute respiratory syndrome coronavirus 2 infection.\nRational and effective respiratory support is crucial in the management of COVID-19 patients.\nHigh-flow nasal cannula (HFNC) has been utilized widely due to its superiority over other non-invasive respiratory support techniques.\nTo avoid HFNC failure and intubation delay, the key issues are proper patients, timely application and improving compliance.\nIt should be noted that elder patients are vulnerable for failed HFNC.\nWe applied HFNC for oxygen therapy in severe and critical COVID-19 patients and summarized the following experiences.\nFirstly, to select the proper size of nasal catheter, to locate it at suitable place, and to confirm the nose and the upper respiratory airway unobstructed.\nSecondly, an initial flow of 60 L/min and 37C should be given immediately for patients with obvious respiratory distress or weak cough ability; otherwise, low-level support should be given first and the level gradually increased.\nThirdly, to avoid hypoxia or hypoxemia, the treatment goal of HFNC should be maintained the oxygen saturation (SpO2) above 95% for patients without chronic pulmonary disease.\nFinally, patients should wear a surgical mask during HFNC treatment to reduce the risk of virus transmission through droplets or aerosols.\n", "Evidence Map": {"Enrollment": [{"term": "elder patients", "negation": "affirmed", "UMLS": "", "start": 24, "end": 38}, {"term": "oxygen therapy", "negation": "affirmed", "UMLS": "", "start": 20, "end": 34}, {"term": "severe and critical COVID-19", "negation": "affirmed", "UMLS": "", "start": 38, "end": 66}, {"term": "obvious respiratory distress", "negation": "affirmed", "UMLS": "", "start": 95, "end": 123}, {"term": "weak cough ability", "negation": "affirmed", "UMLS": "", "start": 127, "end": 145}], "Comparison Results": [], "Study Arm 1 Results": [], "Study Arm 2 Results": []}, "Sentence-level breakdown": [{"Section": "TITLE", "Text": "Acute respiratory failure due to acute hypoxemia is the major manifestation in severe coronavirus disease 2019 ( COVID-19 ) induced by severe acute respiratory syndrome coronavirus 2 infection .", "Evidence Elements": {"Participant": [], "Intervention": [], "Outcome": []}, "Evidence Propositions": []}, {"Section": "METHODS", "Text": "We applied HFNC for oxygen therapy in severe and critical COVID-19 patients and summarized the following experiences .", "Evidence Elements": {"Participant": [{"term": "oxygen therapy", "negation": "affirmed", "UMLS": "", "start": 20, "end": 34}, {"term": "severe and critical COVID-19", "negation": "affirmed", "UMLS": "", "start": 38, "end": 66}], "Intervention": [{"term": "HFNC", "negation": "affirmed", "UMLS": "", "start": 11, "end": 15}], "Outcome": []}, "Evidence Propositions": []}, {"Section": "OBJECTIVE", "Text": "Firstly , to select the proper size of nasal catheter , to locate it at suitable place , and to confirm the nose and the upper respiratory airway unobstructed .", "Evidence Elements": {"Participant": [], "Intervention": [], "Outcome": []}, "Evidence Propositions": []}, {"Section": "RESULTS", "Text": "Secondly , an initial flow of 60 L / min and 37C should be given immediately for patients with obvious respiratory distress or weak cough ability ; otherwise , low-level support should be given first and the level gradually increased .", "Evidence Elements": {"Participant": [{"term": "obvious respiratory distress", "negation": "affirmed", "UMLS": "", "start": 95, "end": 123}, {"term": "weak cough ability", "negation": "affirmed", "UMLS": "", "start": 127, "end": 145}], "Intervention": [{"term": "low-level support", "negation": "affirmed", "UMLS": "", "start": 160, "end": 177}], "Outcome": []}, "Evidence Propositions": []}, {"Section": "RESULTS", "Text": "Thirdly , to avoid hypoxia or hypoxemia , the treatment goal of HFNC should be maintained the oxygen saturation ( SpO2 ) above 95 % for patients without chronic pulmonary disease .", "Evidence Elements": {"Participant": [], "Intervention": [], "Outcome": []}, "Evidence Propositions": []}, {"Section": "CONCLUSIONS", "Text": "Finally , patients should wear a surgical mask during HFNC treatment to reduce the risk of virus transmission through droplets or aerosols .", "Evidence Elements": {"Participant": [], "Intervention": [], "Outcome": []}, "Evidence Propositions": []}]}