{"doc_id": "32265331", "type of study": "Therapy", "title": "", "abstract": "MERS-CoV causes lethal infection in humans, and there is no vaccine.\nOur work demonstrates that PIV5 is a promising vector for developing a MERS vaccine.\nFurthermore, success of PIV5-based MERS vaccine can be employed to develop a vaccine for emerging CoVs such as SARS-CoV-2, which causes COVID-19.\nMiddle East respiratory syndrome coronavirus (MERS-CoV) can cause severe and fatal acute respiratory disease in humans and remains endemic in the Middle East since first being identified in 2012.\nThere are currently no approved vaccines or therapies available for MERS-CoV. In this study, we evaluated parainfluenza virus 5 (PIV5)-based vaccine expressing the MERS-CoV envelope spike protein (PIV5/MERS-S) in a human DPP4 knockin C57BL/6 congenic mouse model (hDPP4 KI).\nFollowing a single-dose intranasal immunization, PIV5-MERS-S induced neutralizing antibody and robust T cell responses in hDPP4 KI mice.\nA single intranasal administration of 104 PFU PIV5-MERS-S provided complete protection against a lethal challenge with mouse-adapted MERS-CoV (MERSMA6.1.2) and improved virus clearance in the lung.\nIn comparison, single-dose intramuscular immunization with 106 PFU UV-inactivated MERSMA6.1.2 mixed with Imject alum provided protection to only 25% of immunized mice.\nIntriguingly, an influx of eosinophils was observed only in the lungs of mice immunized with inactivated MERS-CoV, suggestive of a hypersensitivity-type response.\nOverall, our study indicated that PIV5-MERS-S is a promising effective vaccine candidate against MERS-CoV infection.\n", "Evidence Map": {"Enrollment": [{"term": "hDPP4 KI", "negation": "affirmed", "UMLS": "", "start": 123, "end": 131}, {"term": "MERS-CoV", "negation": "affirmed", "UMLS": "", "start": 98, "end": 106}], "Comparison Results": [], "Study Arm 1 Results": [], "Study Arm 2 Results": []}, "Sentence-level breakdown": [{"Section": "TITLE", "Text": "MERS-CoV causes lethal infection in humans , and there is no vaccine .", "Evidence Elements": {"Participant": [], "Intervention": [], "Outcome": []}, "Evidence Propositions": []}, {"Section": "RESULTS", "Text": "There are currently no approved vaccines or therapies available for MERS-CoV . In this study , we evaluated parainfluenza virus 5 ( PIV5 ) -based vaccine expressing the MERS-CoV envelope spike protein ( PIV5 / MERS-S ) in a human DPP4 knockin C57BL / 6 congenic mouse model ( hDPP4 KI ) .", "Evidence Elements": {"Participant": [], "Intervention": [{"term": "parainfluenza virus 5 ( PIV5 ) -based vaccine expressing the MERS-CoV envelope spike protein (", "negation": "affirmed", "UMLS": "", "start": 108, "end": 202}, {"term": "MERS-S )", "negation": "affirmed", "UMLS": "", "start": 210, "end": 218}], "Outcome": []}, "Evidence Propositions": []}, {"Section": "RESULTS", "Text": "Following a single-dose intranasal immunization , PIV5-MERS-S induced neutralizing antibody and robust T cell responses in hDPP4 KI mice .", "Evidence Elements": {"Participant": [{"term": "hDPP4 KI", "negation": "affirmed", "UMLS": "", "start": 123, "end": 131}], "Intervention": [{"term": "PIV5-MERS-S", "negation": "affirmed", "UMLS": "", "start": 50, "end": 61}], "Outcome": [{"term": "neutralizing antibody", "negation": "affirmed", "UMLS": "", "start": 70, "end": 91}, {"term": "T cell responses", "negation": "affirmed", "UMLS": "", "start": 103, "end": 119}]}, "Evidence Propositions": []}, {"Section": "RESULTS", "Text": "A single intranasal administration of 104 PFU PIV5-MERS-S provided complete protection against a lethal challenge with mouse-adapted MERS-CoV ( MERSMA6.1.2 ) and improved virus clearance in the lung .", "Evidence Elements": {"Participant": [], "Intervention": [{"term": "PIV5-MERS-S", "negation": "affirmed", "UMLS": "", "start": 46, "end": 57}], "Outcome": [{"term": "lethal challenge", "negation": "affirmed", "UMLS": "", "start": 97, "end": 113}, {"term": "mouse-adapted MERS-CoV ( MERSMA6.1.2 )", "negation": "affirmed", "UMLS": "", "start": 119, "end": 157}, {"term": "virus clearance in", "negation": "affirmed", "UMLS": "", "start": 171, "end": 189}]}, "Evidence Propositions": [{"Intervention": "PIV5-MERS-S", "Observation": "complete protection", "Outcome": "lethal challenge", "Count": ""}, {"Intervention": "PIV5-MERS-S", "Observation": "complete protection", "Outcome": "mouse-adapted MERS-CoV ( MERSMA6.1.2 )", "Count": ""}]}, {"Section": "RESULTS", "Text": "In comparison , single-dose intramuscular immunization with 106 PFU UV-inactivated MERSMA6.1.2 mixed with Imject alum provided protection to only 25 % of immunized mice .", "Evidence Elements": {"Participant": [], "Intervention": [{"term": "single-dose intramuscular immunization with 106 PFU UV-inactivated MERSMA6.1.2 mixed with Imject alum", "negation": "affirmed", "UMLS": "", "start": 16, "end": 117}], "Outcome": [{"term": "protection", "negation": "affirmed", "UMLS": "", "start": 127, "end": 137}]}, "Evidence Propositions": [{"Intervention": "single-dose intramuscular immunization with 106 PFU UV-inactivated MERSMA6.1.2 mixed with Imject alum", "Observation": "", "Count": "25 %", "Outcome": "protection"}]}, {"Section": "RESULTS", "Text": "Intriguingly , an influx of eosinophils was observed only in the lungs of mice immunized with inactivated MERS-CoV , suggestive of a hypersensitivity-type response .", "Evidence Elements": {"Participant": [], "Intervention": [{"term": "inactivated MERS-CoV", "negation": "affirmed", "UMLS": "", "start": 94, "end": 114}], "Outcome": [{"term": "influx of eosinophils", "negation": "affirmed", "UMLS": "", "start": 18, "end": 39}]}, "Evidence Propositions": []}, {"Section": "CONCLUSIONS", "Text": "Overall , our study indicated that PIV5-MERS-S is a promising effective vaccine candidate against MERS-CoV infection .", "Evidence Elements": {"Participant": [{"term": "MERS-CoV", "negation": "affirmed", "UMLS": "", "start": 98, "end": 106}], "Intervention": [{"term": "PIV5-MERS-S", "negation": "affirmed", "UMLS": "", "start": 35, "end": 46}], "Outcome": []}, "Evidence Propositions": []}]}