{"doc_id": "32268515", "type of study": "Therapy", "title": "", "abstract": "Previous studies reported that Angiotensin converting enzyme 2 (ACE2) is the main cell receptor of SARS-CoV and SARS-CoV-2.\nIt plays a key role in the access of the virus into the cell to produce the final infection.\nIn the present study we investigated in silico the basic mechanism of ACE2 in the lung and provided evidences for new potentially effective drugs for Covid-19.\nSpecifically, we used the gene expression profiles from public datasets including The Cancer Genome Atlas, Gene Expression Omnibus and Genotype-Tissue Expression, Gene Ontology and pathway enrichment analysis to investigate the main functions of ACE2-correlated genes.\nWe constructed a protein-protein interaction network containing the genes co-expressed with ACE2.\nFinally, we focused on the genes in the network that are already associated with known drugs and evaluated their role for a potential treatment of Covid-19.\nOur results demonstrate that the genes correlated with ACE2 are mainly enriched in the sterol biosynthetic process, Aryldialkylphosphatase activity, adenosylhomocysteinase activity, trialkylsulfonium hydrolase activity, acetate-CoA and CoA ligase activity.\nWe identified a network of 193 genes, 222 interactions and 36 potential drugs that could have a crucial role.\nAmong possible interesting drugs for Covid-19 treatment, we found Nimesulide, Fluticasone Propionate, Thiabendazole, Photofrin, Didanosine and Flutamide.\n", "Evidence Map": {"Enrollment": [{"term": "Covid-19", "negation": "affirmed", "UMLS": "", "start": 150, "end": 158}, {"term": "Covid-19 treatment", "negation": "affirmed", "UMLS": "", "start": 37, "end": 55}], "Comparison Results": [], "Study Arm 1 Results": [], "Study Arm 2 Results": []}, "Sentence-level breakdown": [{"Section": "TITLE", "Text": "Previous studies reported that Angiotensin converting enzyme 2 ( ACE2 ) is the main cell receptor of SARS-CoV and SARS-CoV-2 .", "Evidence Elements": {"Participant": [], "Intervention": [], "Outcome": []}, "Evidence Propositions": []}, {"Section": "METHODS", "Text": "Specifically , we used the gene expression profiles from public datasets including The Cancer Genome Atlas , Gene Expression Omnibus and Genotype-Tissue Expression , Gene Ontology and pathway enrichment analysis to investigate the main functions of ACE2-correlated genes .", "Evidence Elements": {"Participant": [], "Intervention": [], "Outcome": [{"term": "gene expression profiles", "negation": "affirmed", "UMLS": "", "start": 27, "end": 51}, {"term": "main functions", "negation": "affirmed", "UMLS": "", "start": 231, "end": 245}]}, "Evidence Propositions": []}, {"Section": "METHODS", "Text": "We constructed a protein-protein interaction network containing the genes co-expressed with ACE2 .", "Evidence Elements": {"Participant": [], "Intervention": [], "Outcome": []}, "Evidence Propositions": []}, {"Section": "METHODS", "Text": "Finally , we focused on the genes in the network that are already associated with known drugs and evaluated their role for a potential treatment of Covid-19 .", "Evidence Elements": {"Participant": [], "Intervention": [], "Outcome": []}, "Evidence Propositions": []}, {"Section": "RESULTS", "Text": "Our results demonstrate that the genes correlated with ACE2 are mainly enriched in the sterol biosynthetic process , Aryldialkylphosphatase activity , adenosylhomocysteinase activity , trialkylsulfonium hydrolase activity , acetate-CoA and CoA ligase activity .", "Evidence Elements": {"Participant": [], "Intervention": [{"term": "ACE2", "negation": "affirmed", "UMLS": "", "start": 55, "end": 59}], "Outcome": [{"term": "sterol biosynthetic process", "negation": "affirmed", "UMLS": "", "start": 87, "end": 114}, {"term": "Aryldialkylphosphatase activity", "negation": "affirmed", "UMLS": "", "start": 117, "end": 148}, {"term": "adenosylhomocysteinase activity", "negation": "affirmed", "UMLS": "", "start": 151, "end": 182}, {"term": "trialkylsulfonium hydrolase activity", "negation": "affirmed", "UMLS": "", "start": 185, "end": 221}, {"term": "acetate-CoA", "negation": "affirmed", "UMLS": "", "start": 224, "end": 235}]}, "Evidence Propositions": [{"Intervention": "ACE2", "Observation": "enriched", "Outcome": "sterol biosynthetic process", "Count": ""}, {"Intervention": "ACE2", "Observation": "enriched", "Outcome": "Aryldialkylphosphatase activity", "Count": ""}, {"Intervention": "ACE2", "Observation": "enriched", "Outcome": "adenosylhomocysteinase activity", "Count": ""}]}, {"Section": "RESULTS", "Text": "We identified a network of 193 genes , 222 interactions and 36 potential drugs that could have a crucial role .", "Evidence Elements": {"Participant": [], "Intervention": [], "Outcome": []}, "Evidence Propositions": []}, {"Section": "CONCLUSIONS", "Text": "Among possible interesting drugs for Covid-19 treatment , we found Nimesulide , Fluticasone Propionate , Thiabendazole , Photofrin , Didanosine and Flutamide .", "Evidence Elements": {"Participant": [{"term": "Covid-19 treatment", "negation": "affirmed", "UMLS": "", "start": 37, "end": 55}], "Intervention": [{"term": "Nimesulide", "negation": "affirmed", "UMLS": "", "start": 67, "end": 77}, {"term": "Fluticasone Propionate", "negation": "affirmed", "UMLS": "", "start": 80, "end": 102}, {"term": "Thiabendazole", "negation": "affirmed", "UMLS": "", "start": 105, "end": 118}], "Outcome": []}, "Evidence Propositions": []}]}