{"doc_id": "32265848", "type of study": "Therapy", "title": "", "abstract": "Seven coronaviruses (CoVs) have been isolated from humans so far.\nAmong them, three emerging pathogenic CoVs, including severe acute respiratory syndrome coronavirus (SARS-CoV), Middle East respiratory syndrome coronavirus (MERS-CoV), and a newly identified CoV (2019-nCoV), once caused or continue to cause severe infections in humans, posing significant threats to global public health.\nSARS-CoV infection in humans (with about 10% case fatality rate) was first reported from China in 2002, while MERS-CoV infection in humans (with about 34.4% case fatality rate) was first reported from Saudi Arabia in June 2012.\n2019-nCoV was first reported from China in December 2019, and is currently infecting more than 70000 people (with about 2.7% case fatality rate).\nBoth SARS-CoV and MERS-CoV are zoonotic viruses, using bats as their natural reservoirs, and then transmitting through intermediate hosts, leading to human infections.\nNevertheless, the intermediate host for 2019-nCoV is still under investigation and the vaccines against this new CoV have not been available.\nAlthough a variety of vaccines have been developed against infections of SARS-CoV and MERS-CoV, none of them has been approved for use in humans.\nIn this review, we have described the structure and function of key proteins of emerging human CoVs, overviewed the current vaccine types to be developed against SARS-CoV and MERS-CoV, and summarized recent advances in subunit vaccines against these two pathogenic human CoVs.\nThese subunit vaccines are introduced on the basis of full-length spike (S) protein, receptor-binding domain (RBD), non-RBD S protein fragments, and non-S structural proteins, and the potential factors affecting these subunit vaccines are also illustrated.\nOverall, this review will be helpful for rapid design and development of vaccines against the new 2019-nCoV and any future CoVs with pandemic potential.\nThis review was written for the topic of Antivirals for Emerging Viruses: Vaccines and Therapeutics in the Virology section of Frontiers in Microbiology.\n", "Evidence Map": {"Enrollment": [{"term": "Emerging Viruses", "negation": "affirmed", "UMLS": "", "start": 56, "end": 72}], "Comparison Results": [], "Study Arm 1 Results": [], "Study Arm 2 Results": []}, "Sentence-level breakdown": [{"Section": "TITLE", "Text": "Seven coronaviruses ( CoVs ) have been isolated from humans so far .", "Evidence Elements": {"Participant": [], "Intervention": [], "Outcome": []}, "Evidence Propositions": []}, {"Section": "RESULTS", "Text": "Among them , three emerging pathogenic CoVs , including severe acute respiratory syndrome coronavirus ( SARS-CoV ) , Middle East respiratory syndrome coronavirus ( MERS-CoV ) , and a newly identified CoV ( 2019-nCoV ) , once caused or continue to cause severe infections in humans , posing significant threats to global public health .", "Evidence Elements": {"Participant": [], "Intervention": [], "Outcome": []}, "Evidence Propositions": []}, {"Section": "RESULTS", "Text": "SARS-CoV infection in humans ( with about 10 % case fatality rate ) was first reported from China in 2002 , while MERS-CoV infection in humans ( with about 34.4 % case fatality rate ) was first reported from Saudi Arabia in June 2012 .", "Evidence Elements": {"Participant": [], "Intervention": [], "Outcome": []}, "Evidence Propositions": []}, {"Section": "RESULTS", "Text": "2019-nCoV was first reported from China in December 2019 , and is currently infecting more than 70000 people ( with about 2.7 % case fatality rate ) .", "Evidence Elements": {"Participant": [], "Intervention": [], "Outcome": []}, "Evidence Propositions": []}, {"Section": "RESULTS", "Text": "Both SARS-CoV and MERS-CoV are zoonotic viruses , using bats as their natural reservoirs , and then transmitting through intermediate hosts , leading to human infections .", "Evidence Elements": {"Participant": [], "Intervention": [], "Outcome": []}, "Evidence Propositions": []}, {"Section": "RESULTS", "Text": "Nevertheless , the intermediate host for 2019-nCoV is still under investigation and the vaccines against this new CoV have not been available .", "Evidence Elements": {"Participant": [], "Intervention": [], "Outcome": []}, "Evidence Propositions": []}, {"Section": "RESULTS", "Text": "Although a variety of vaccines have been developed against infections of SARS-CoV and MERS-CoV , none of them has been approved for use in humans .", "Evidence Elements": {"Participant": [], "Intervention": [], "Outcome": []}, "Evidence Propositions": []}, {"Section": "RESULTS", "Text": "In this review , we have described the structure and function of key proteins of emerging human CoVs , overviewed the current vaccine types to be developed against SARS-CoV and MERS-CoV , and summarized recent advances in subunit vaccines against these two pathogenic human CoVs .", "Evidence Elements": {"Participant": [], "Intervention": [], "Outcome": []}, "Evidence Propositions": []}, {"Section": "RESULTS", "Text": "These subunit vaccines are introduced on the basis of full-length spike ( S ) protein , receptor-binding domain ( RBD ) , non-RBD S protein fragments , and non-S structural proteins , and the potential factors affecting these subunit vaccines are also illustrated .", "Evidence Elements": {"Participant": [], "Intervention": [], "Outcome": []}, "Evidence Propositions": []}, {"Section": "RESULTS", "Text": "Overall , this review will be helpful for rapid design and development of vaccines against the new 2019-nCoV and any future CoVs with pandemic potential .", "Evidence Elements": {"Participant": [], "Intervention": [], "Outcome": []}, "Evidence Propositions": []}, {"Section": "CONCLUSIONS", "Text": "This review was written for the topic of Antivirals for Emerging Viruses : Vaccines and Therapeutics in the Virology section of Frontiers in Microbiology .", "Evidence Elements": {"Participant": [{"term": "Emerging Viruses", "negation": "affirmed", "UMLS": "", "start": 56, "end": 72}], "Intervention": [{"term": "Antivirals", "negation": "affirmed", "UMLS": "", "start": 41, "end": 51}], "Outcome": []}, "Evidence Propositions": []}]}