{"doc_id": "32267499", "type of study": "Therapy", "title": "", "abstract": "Angiotensin-converting enzyme 2 (ACE2) has emerged as a key regulator of the renin-angiotensin system in cardiovascular (CV) disease and plays a pivotal role in infections by coronaviruses and influenza viruses.\nThe present review is primarily focused on the findings to indicate the role of ACE2 in the relationship of coronaviruses and influenza viruses to CV disease.\nIt is postulated that the risk of coronavirus or influenza virus infection is high, at least partly due to high ACE2 expression in populations with a high CV risk.\nCoronavirus and influenza virus vaccine usage in high CV risk populations could be a potential strategy to prevent both CV disease and coronavirus/influenza virus infections.\n", "Evidence Map": {"Enrollment": [], "Comparison Results": [], "Study Arm 1 Results": [], "Study Arm 2 Results": []}, "Sentence-level breakdown": [{"Section": "TITLE", "Text": "Angiotensin-converting enzyme 2 ( ACE2 ) has emerged as a key regulator of the renin-angiotensin system in cardiovascular ( CV ) disease and plays a pivotal role in infections by coronaviruses and influenza viruses .", "Evidence Elements": {"Participant": [], "Intervention": [], "Outcome": []}, "Evidence Propositions": []}, {"Section": "RESULTS", "Text": "The present review is primarily focused on the findings to indicate the role of ACE2 in the relationship of coronaviruses and influenza viruses to CV disease .", "Evidence Elements": {"Participant": [], "Intervention": [], "Outcome": [{"term": "relationship of coronaviruses and influenza viruses to CV disease", "negation": "affirmed", "UMLS": "", "start": 92, "end": 157}]}, "Evidence Propositions": []}, {"Section": "RESULTS", "Text": "It is postulated that the risk of coronavirus or influenza virus infection is high , at least partly due to high ACE2 expression in populations with a high CV risk .", "Evidence Elements": {"Participant": [], "Intervention": [], "Outcome": []}, "Evidence Propositions": []}, {"Section": "CONCLUSIONS", "Text": "Coronavirus and influenza virus vaccine usage in high CV risk populations could be a potential strategy to prevent both CV disease and coronavirus / influenza virus infections .", "Evidence Elements": {"Participant": [], "Intervention": [], "Outcome": []}, "Evidence Propositions": []}]}