{"doc_id": "32267072", "type of study": "Therapy", "title": "", "abstract": "Macrophage activation syndrome (MAS) and hemophagocytic lymphohistiocytosis (HLH) are increasingly recognized as being on a continuum of cytokine storm syndromes, with different initiating pathways culminating in cytotoxic dysfunction and uncontrolled activation and proliferation of T lymphocytes and macrophages.\nThe activated immune cells produce large amounts of proinflammatory cytokines, including interleukin 1beta (IL)-1beta.\nManagement depends on the recognized diagnosis.\nIn the setting of a cytokine storm syndrome and infection, collaborative involvement of specialists, including infectious disease and rheumatology is ideal.\nAnakinra, a recombinant IL-1 receptor antagonist, has been used subcutaneously and intravenously in pediatric patients and is considered a first-line treatment for MAS and secondary HLH (sHLH) among many pediatric rheumatologists.\nPrevious reports of anakinra used in adults for treatment of MAS or sHLH are limited to subcutaneous administration.\nIn this issue, Moneagudo et al. present a series of adult patients with sHLH treated with intravenous anakinra, including patients in whom subcutaneous anakinra was insufficient.\nAs the authors suggest, there is a potential therapeutic use for anakinra in sHLH or the cytokine storm syndrome triggered by COVID19.\nTrial design will be key, with the patient subpopulation, timing of intervention, and doses tested important.\n", "Evidence Map": {"Enrollment": [{"term": "adult", "negation": "affirmed", "UMLS": "", "start": 53, "end": 58}, {"term": "sHLH", "negation": "affirmed", "UMLS": "", "start": 73, "end": 77}, {"term": "sHLH", "negation": "affirmed", "UMLS": "", "start": 78, "end": 82}, {"term": "storm syndrome", "negation": "affirmed", "UMLS": "", "start": 99, "end": 113}, {"term": "by", "negation": "affirmed", "UMLS": "", "start": 124, "end": 126}], "Comparison Results": [], "Study Arm 1 Results": [], "Study Arm 2 Results": []}, "Sentence-level breakdown": [{"Section": "TITLE", "Text": "Macrophage activation syndrome ( MAS ) and hemophagocytic lymphohistiocytosis ( HLH ) are increasingly recognized as being on a continuum of cytokine storm syndromes , with different initiating pathways culminating in cytotoxic dysfunction and uncontrolled activation and proliferation of T lymphocytes and macrophages .", "Evidence Elements": {"Participant": [], "Intervention": [], "Outcome": []}, "Evidence Propositions": []}, {"Section": "METHODS", "Text": "Trial design will be key , with the patient subpopulation , timing of intervention , and doses tested important .", "Evidence Elements": {"Participant": [], "Intervention": [], "Outcome": []}, "Evidence Propositions": []}]}