{"doc_id": "32264791", "type of study": "Therapy", "title": "", "abstract": "ACE2 (angiotensin-converting enzyme 2) has a multiplicity of physiological roles that revolve around its trivalent function: a negative regulator of the renin-angiotensin system, facilitator of amino acid transport, and the severe acute respiratory syndrome-coronavirus (SARS-CoV) and SARS-CoV-2 receptor.\nACE2 is widely expressed, including, in the lungs, cardiovascular system, gut, kidneys, central nervous system, and adipose tissue.\nACE2 has recently been identified as the SARS-CoV-2 receptor, the infective agent responsible for coronavirus disease 2019, providing a critical link between immunity, inflammation, ACE2, and cardiovascular disease.\nAlthough sharing a close evolutionary relationship with SARS-CoV, the receptor-binding domain of SARS-CoV-2 differs in several key amino acid residues, allowing for stronger binding affinity with the human ACE2 receptor, which may account for the greater pathogenicity of SARS-CoV-2.\nThe loss of ACE2 function following binding by SARS-CoV-2 is driven by endocytosis and activation of proteolytic cleavage and processing.\nThe ACE2 system is a critical protective pathway against heart failure with reduced and preserved ejection fraction including, myocardial infarction and hypertension, and against lung disease and diabetes mellitus.\nThe control of gut dysbiosis and vascular permeability by ACE2 has emerged as an essential mechanism of pulmonary hypertension and diabetic cardiovascular complications.\nRecombinant ACE2, gene-delivery of Ace2, Ang 1-7 analogs, and Mas receptor agonists enhance ACE2 action and serve as potential therapies for disease conditions associated with an activated renin-angiotensin system.\nrhACE2 (recombinant human ACE2) has completed clinical trials and efficiently lowered or increased plasma angiotensin II and angiotensin 1-7 levels, respectively.\nOur review summarizes the progress over the past 20 years, highlighting the critical role of ACE2 as the novel SARS-CoV-2 receptor and as the negative regulator of the renin-angiotensin system, together with implications for the coronavirus disease 2019 pandemic and associated cardiovascular diseases.\n", "Evidence Map": {"Enrollment": [], "Comparison Results": [], "Study Arm 1 Results": [], "Study Arm 2 Results": []}, "Sentence-level breakdown": [{"Section": "TITLE", "Text": "ACE2 ( angiotensin-converting enzyme 2 ) has a multiplicity of physiological roles that revolve around its trivalent function : a negative regulator of the renin-angiotensin system , facilitator of amino acid transport , and the severe acute respiratory syndrome-coronavirus ( SARS-CoV ) and SARS-CoV-2 receptor .", "Evidence Elements": {"Participant": [], "Intervention": [], "Outcome": []}, "Evidence Propositions": []}, {"Section": "RESULTS", "Text": "ACE2 has recently been identified as the SARS-CoV-2 receptor , the infective agent responsible for coronavirus disease 2019 , providing a critical link between immunity , inflammation , ACE2 , and cardiovascular disease .", "Evidence Elements": {"Participant": [], "Intervention": [], "Outcome": []}, "Evidence Propositions": []}, {"Section": "RESULTS", "Text": "Although sharing a close evolutionary relationship with SARS-CoV , the receptor-binding domain of SARS-CoV-2 differs in several key amino acid residues , allowing for stronger binding affinity with the human ACE2 receptor , which may account for the greater pathogenicity of SARS-CoV-2 .", "Evidence Elements": {"Participant": [], "Intervention": [], "Outcome": []}, "Evidence Propositions": []}, {"Section": "RESULTS", "Text": "The loss of ACE2 function following binding by SARS-CoV-2 is driven by endocytosis and activation of proteolytic cleavage and processing .", "Evidence Elements": {"Participant": [], "Intervention": [], "Outcome": []}, "Evidence Propositions": []}, {"Section": "RESULTS", "Text": "The ACE2 system is a critical protective pathway against heart failure with reduced and preserved ejection fraction including , myocardial infarction and hypertension , and against lung disease and diabetes mellitus .", "Evidence Elements": {"Participant": [], "Intervention": [], "Outcome": []}, "Evidence Propositions": []}, {"Section": "RESULTS", "Text": "The control of gut dysbiosis and vascular permeability by ACE2 has emerged as an essential mechanism of pulmonary hypertension and diabetic cardiovascular complications .", "Evidence Elements": {"Participant": [], "Intervention": [], "Outcome": []}, "Evidence Propositions": []}, {"Section": "CONCLUSIONS", "Text": "Recombinant ACE2 , gene-delivery of Ace2 , Ang 1-7 analogs , and Mas receptor agonists enhance ACE2 action and serve as potential therapies for disease conditions associated with an activated renin-angiotensin system .", "Evidence Elements": {"Participant": [], "Intervention": [], "Outcome": []}, "Evidence Propositions": []}, {"Section": "CONCLUSIONS", "Text": "rhACE2 ( recombinant human ACE2 ) has completed clinical trials and efficiently lowered or increased plasma angiotensin II and angiotensin 1-7 levels , respectively .", "Evidence Elements": {"Participant": [], "Intervention": [], "Outcome": [{"term": "angiotensin", "negation": "affirmed", "UMLS": "", "start": 108, "end": 119}]}, "Evidence Propositions": []}, {"Section": "CONCLUSIONS", "Text": "Our review summarizes the progress over the past 20 years , highlighting the critical role of ACE2 as the novel SARS-CoV-2 receptor and as the negative regulator of the renin-angiotensin system , together with implications for the coronavirus disease 2019 pandemic and associated cardiovascular diseases .", "Evidence Elements": {"Participant": [], "Intervention": [], "Outcome": []}, "Evidence Propositions": []}]}