{"doc_id": "32266708", "type of study": "Therapy", "title": "", "abstract": "Cardiovascular diseases, in particular hypertension, as well as the cardiovascular treatment with Renin-Angiotensin System inhibitors such as Angiotensin Converting Enzyme (ACE) inhibitors and Angiotensin Receptor Blockers (ARBs), are claimed once again as mechanisms of Severe Acute Respiratory Syndrome (SARS) during the COVID-19 outbreak due to Cov-2 epidemics.\nIn vitro studies are available to support the eventual role of ACE inhibitors and ARBs in both the promotion and antagonism of the disease.\nThe available literature, indeed, presents contrasting results, all concentrated in experimental models.\nEvidence in humans is lacking that those mechanisms are actually occurring in the present COVID-19 outbreak.\nHere we present the reasoned statement of the Italian Society of Hypertension to maintain ongoing antihypertensive treatments.\nFurthermore, the Italian Society of Hypertension presents its own initiative to investigate the issue using an online questionnaire to collect relevant data in human disease.\n", "Evidence Map": {"Enrollment": [], "Comparison Results": [], "Study Arm 1 Results": [], "Study Arm 2 Results": []}, "Sentence-level breakdown": [{"Section": "TITLE", "Text": "Cardiovascular diseases , in particular hypertension , as well as the cardiovascular treatment with Renin-Angiotensin System inhibitors such as Angiotensin Converting Enzyme ( ACE ) inhibitors and Angiotensin Receptor Blockers ( ARBs ) , are claimed once again as mechanisms of Severe Acute Respiratory Syndrome ( SARS ) during the COVID-19 outbreak due to Cov-2 epidemics .", "Evidence Elements": {"Participant": [], "Intervention": [], "Outcome": []}, "Evidence Propositions": []}, {"Section": "RESULTS", "Text": "Evidence in humans is lacking that those mechanisms are actually occurring in the present COVID-19 outbreak .", "Evidence Elements": {"Participant": [], "Intervention": [], "Outcome": []}, "Evidence Propositions": []}, {"Section": "CONCLUSIONS", "Text": "Here we present the reasoned statement of the Italian Society of Hypertension to maintain ongoing antihypertensive treatments .", "Evidence Elements": {"Participant": [], "Intervention": [], "Outcome": []}, "Evidence Propositions": []}, {"Section": "CONCLUSIONS", "Text": "Furthermore , the Italian Society of Hypertension presents its own initiative to investigate the issue using an online questionnaire to collect relevant data in human disease .", "Evidence Elements": {"Participant": [], "Intervention": [], "Outcome": []}, "Evidence Propositions": []}]}