{"doc_id": "32265182", "type of study": "Therapy", "title": "", "abstract": "On the 11 March 2020, the World Health Organization (WHO) declared that COVID-19 was a pandemic.\nTo date, there are no medical treatments for COVID-19 with proven effectiveness.\nNovel treatments and/or vaccines will take time to be developed and distributed to patients.\nIn light of this, there has been growing interest in the use of existing medications, such as chloroquine (CQ) and hydroxychloroquine (HCQ), as potential treatments of this disease.\nTo establish the current evidence for the effectiveness of CQ and HCQ in treating COVID-19.\nA rapid review of the literature was conducted.\nElectronic searches in PubMed and Google Scholar were conducted on 21 March 2020.\nA further search was conducted in Google for relevant literature on 28 March 2020.\nThere is limited evidence of in vitro activity of CQ/HCQ against SARS-CoV-2.\nA number of in vivo clinical trials are underway.\nThe empirical data available from two of these trials reveal conflicting results.\nBoth trials are characterised by small numbers of participants (n = 30 and n = 36) and suffer methodological limitations.\nNo medium or long-term follow-up data is available.\nAt present, there is insufficient evidence to determine whether CQ/HCQ are safe and effective treatments for COVID-19.\nHigh quality, adequately powered randomised clinical trials in primary and secondary care settings are urgently required to guide policymakers and clinicians.\nThese studies should report medium- and long-term follow-up results, and safety data.\n", "Evidence Map": {"Enrollment": [{"term": "COVID-19", "negation": "affirmed", "UMLS": "", "start": 82, "end": 90}], "Comparison Results": [], "Study Arm 1 Results": [], "Study Arm 2 Results": []}, "Sentence-level breakdown": [{"Section": "TITLE", "Text": "On the 11 March 2020 , the World Health Organization ( WHO ) declared that COVID-19 was a pandemic .", "Evidence Elements": {"Participant": [], "Intervention": [], "Outcome": []}, "Evidence Propositions": []}, {"Section": "OBJECTIVE", "Text": "To establish the current evidence for the effectiveness of CQ and HCQ in treating COVID-19 .", "Evidence Elements": {"Participant": [{"term": "COVID-19", "negation": "affirmed", "UMLS": "", "start": 82, "end": 90}], "Intervention": [{"term": "CQ", "negation": "affirmed", "UMLS": "", "start": 59, "end": 61}, {"term": "HCQ", "negation": "affirmed", "UMLS": "", "start": 66, "end": 69}], "Outcome": []}, "Evidence Propositions": []}, {"Section": "METHODS", "Text": "A rapid review of the literature was conducted .", "Evidence Elements": {"Participant": [], "Intervention": [], "Outcome": []}, "Evidence Propositions": []}, {"Section": "METHODS", "Text": "Electronic searches in PubMed and Google Scholar were conducted on 21 March 2020 .", "Evidence Elements": {"Participant": [], "Intervention": [], "Outcome": []}, "Evidence Propositions": []}, {"Section": "METHODS", "Text": "A further search was conducted in Google for relevant literature on 28 March 2020 .", "Evidence Elements": {"Participant": [], "Intervention": [], "Outcome": []}, "Evidence Propositions": []}, {"Section": "RESULTS", "Text": "There is limited evidence of in vitro activity of CQ / HCQ against SARS-CoV-2 .", "Evidence Elements": {"Participant": [], "Intervention": [], "Outcome": []}, "Evidence Propositions": []}, {"Section": "RESULTS", "Text": "A number of in vivo clinical trials are underway .", "Evidence Elements": {"Participant": [], "Intervention": [], "Outcome": []}, "Evidence Propositions": []}, {"Section": "RESULTS", "Text": "The empirical data available from two of these trials reveal conflicting results .", "Evidence Elements": {"Participant": [], "Intervention": [], "Outcome": []}, "Evidence Propositions": []}, {"Section": "RESULTS", "Text": "Both trials are characterised by small numbers of participants ( n = 30 and n = 36 ) and suffer methodological limitations .", "Evidence Elements": {"Participant": [], "Intervention": [], "Outcome": []}, "Evidence Propositions": []}, {"Section": "RESULTS", "Text": "No medium or long-term follow-up data is available .", "Evidence Elements": {"Participant": [], "Intervention": [], "Outcome": []}, "Evidence Propositions": []}, {"Section": "RESULTS", "Text": "At present , there is insufficient evidence to determine whether CQ / HCQ are safe and effective treatments for COVID-19 .", "Evidence Elements": {"Participant": [], "Intervention": [], "Outcome": []}, "Evidence Propositions": []}, {"Section": "RESULTS", "Text": "High quality , adequately powered randomised clinical trials in primary and secondary care settings are urgently required to guide policymakers and clinicians .", "Evidence Elements": {"Participant": [], "Intervention": [], "Outcome": []}, "Evidence Propositions": []}, {"Section": "CONCLUSIONS", "Text": "These studies should report medium- and long-term follow-up results , and safety data .", "Evidence Elements": {"Participant": [], "Intervention": [], "Outcome": []}, "Evidence Propositions": []}]}