{"doc_id": "32267987", "type of study": "Therapy", "title": "", "abstract": "The beginning of 2020 has seen the emergence of COVID-19, an outbreak caused by a novel coronavirus, SARS-CoV-2, an important pathogen for humans.\nThere is an urgent need to better understand this new virus and to develop ways to control its spread.\nIn Iran, the first case of the COVID-19 was reported after spread from China and other countries.\nFever, cough, and fatigue were the most common symptoms of this virus.\nIn worldwide, the incubation period of COVID-19 was 3 to 7 days and approximately 80% of infections are mild or asymptomatic, 15% are severe, requiring oxygen, and 5% are critical infections, requiring ventilation.\nTo mount an antiviral response, the innate immune system recognizes molecular structures that are produced by the invasion of the virus.\nCOVID-19 infection induces IgG antibodies against N protein that can be detected by serum as early as day 4 after the onset of disease and with most patients seroconverting by day 14.\nLaboratory evidence of clinical patients showed that a specific T-cell response against SARS-CoV-2 is important for the recognition and killing of infected cells, particularly in the lungs of infected individuals.\nAt present, there is no specific antiviral therapy for COVID-19 and the main treatments are supportive.\nIn this review, we investigated the innate and acquired immune responses in patients who recovered from COVID-19, which could inform the design of prophylactic vaccines and immunotherapy for the future.\n", "Evidence Map": {"Enrollment": [{"term": "COVID-19 infection", "negation": "affirmed", "UMLS": "", "start": 0, "end": 18}, {"term": "recovered", "negation": "affirmed", "UMLS": "", "start": 90, "end": 99}, {"term": "COVID-19", "negation": "affirmed", "UMLS": "", "start": 105, "end": 113}], "Comparison Results": [], "Study Arm 1 Results": [], "Study Arm 2 Results": []}, "Sentence-level breakdown": [{"Section": "TITLE", "Text": "The beginning of 2020 has seen the emergence of COVID-19 , an outbreak caused by a novel coronavirus , SARS-CoV-2 , an important pathogen for humans .", "Evidence Elements": {"Participant": [], "Intervention": [], "Outcome": []}, "Evidence Propositions": []}, {"Section": "OBJECTIVE", "Text": "To mount an antiviral response , the innate immune system recognizes molecular structures that are produced by the invasion of the virus .", "Evidence Elements": {"Participant": [], "Intervention": [], "Outcome": []}, "Evidence Propositions": []}, {"Section": "RESULTS", "Text": "COVID-19 infection induces IgG antibodies against N protein that can be detected by serum as early as day 4 after the onset of disease and with most patients seroconverting by day 14 .", "Evidence Elements": {"Participant": [{"term": "COVID-19 infection", "negation": "affirmed", "UMLS": "", "start": 0, "end": 18}], "Intervention": [], "Outcome": [{"term": "IgG antibodies against N protein", "negation": "affirmed", "UMLS": "", "start": 27, "end": 59}, {"term": "seroconverting", "negation": "affirmed", "UMLS": "", "start": 158, "end": 172}]}, "Evidence Propositions": []}, {"Section": "RESULTS", "Text": "Laboratory evidence of clinical patients showed that a specific T-cell response against SARS-CoV-2 is important for the recognition and killing of infected cells , particularly in the lungs of infected individuals .", "Evidence Elements": {"Participant": [], "Intervention": [], "Outcome": [{"term": "recognition and killing of", "negation": "affirmed", "UMLS": "", "start": 120, "end": 146}, {"term": "cells", "negation": "affirmed", "UMLS": "", "start": 156, "end": 161}]}, "Evidence Propositions": []}, {"Section": "CONCLUSIONS", "Text": "At present , there is no specific antiviral therapy for COVID-19 and the main treatments are supportive .", "Evidence Elements": {"Participant": [], "Intervention": [], "Outcome": []}, "Evidence Propositions": []}, {"Section": "CONCLUSIONS", "Text": "In this review , we investigated the innate and acquired immune responses in patients who recovered from COVID-19 , which could inform the design of prophylactic vaccines and immunotherapy for the future .", "Evidence Elements": {"Participant": [{"term": "recovered", "negation": "affirmed", "UMLS": "", "start": 90, "end": 99}, {"term": "COVID-19", "negation": "affirmed", "UMLS": "", "start": 105, "end": 113}], "Intervention": [], "Outcome": [{"term": "innate and acquired immune responses", "negation": "affirmed", "UMLS": "", "start": 37, "end": 73}]}, "Evidence Propositions": []}]}