{"doc_id": "32267081", "type of study": "Therapy", "title": "", "abstract": "The objective of this study was to report the benefit of a therapeutic approach consisting of intravenous (IV) continuous anakinra (recombinant human interleukin-1 receptor antagonist) infusions in treating severely ill adult patients with secondary hemophagocytic lymphohistiocytosis or macrophage activation syndrome (MAS).\nA retrospective chart review of five patients treated at Regions Hospital from 2016 to 2019 was conducted.\nDemographic, clinical, and laboratory characteristics and outcomes were recorded.\nContinuous IV anakinra infusions up to 2400 mg/d resulted in rapid serologic, then clinical response in 4 of 5 severely ill patients who were refractory to all other therapies, including subcutaneous anakinra.\nSubsequently, 3 of 5 patients have been maintained on anakinra or canakinumab, with no recurrence of MAS.\nContinuous infusion of IV anakinra may result in rapid serologic and subsequent clinical improvement in adult patients with MAS.\nThis method for treating cytokine storm should be considered in the current COVID-19 pandemic in the subgroup of patients with severe disease who have a cytokine storm presentation.\n", "Evidence Map": {"Enrollment": [{"term": "severely ill adult patients", "negation": "affirmed", "UMLS": "", "start": 211, "end": 238}, {"term": "secondary hemophagocytic lymphohistiocytosis", "negation": "affirmed", "UMLS": "", "start": 244, "end": 288}, {"term": "severely ill", "negation": "affirmed", "UMLS": "", "start": 114, "end": 126}, {"term": "adult", "negation": "affirmed", "UMLS": "", "start": 104, "end": 109}, {"term": "MAS", "negation": "affirmed", "UMLS": "", "start": 124, "end": 127}], "Comparison Results": [], "Study Arm 1 Results": [], "Study Arm 2 Results": []}, "Sentence-level breakdown": [{"Section": "TITLE", "Text": "The objective of this study was to report the benefit of a therapeutic approach consisting of intravenous ( IV ) continuous anakinra ( recombinant human interleukin-1 receptor antagonist ) infusions in treating severely ill adult patients with secondary hemophagocytic lymphohistiocytosis or macrophage activation syndrome ( MAS ) .", "Evidence Elements": {"Participant": [{"term": "severely ill adult patients", "negation": "affirmed", "UMLS": "", "start": 211, "end": 238}, {"term": "secondary hemophagocytic lymphohistiocytosis", "negation": "affirmed", "UMLS": "", "start": 244, "end": 288}], "Intervention": [{"term": "intravenous ( IV ) continuous anakinra ( recombinant human interleukin-1 receptor antagonist ) infusions", "negation": "affirmed", "UMLS": "", "start": 94, "end": 198}], "Outcome": []}, "Evidence Propositions": []}, {"Section": "METHODS", "Text": "A retrospective chart review of five patients treated at Regions Hospital from 2016 to 2019 was conducted .", "Evidence Elements": {"Participant": [], "Intervention": [], "Outcome": []}, "Evidence Propositions": []}, {"Section": "METHODS", "Text": "Demographic , clinical , and laboratory characteristics and outcomes were recorded .", "Evidence Elements": {"Participant": [], "Intervention": [], "Outcome": [{"term": "Demographic , clinical , and laboratory characteristics", "negation": "affirmed", "UMLS": "", "start": 0, "end": 55}, {"term": "outcomes", "negation": "affirmed", "UMLS": "", "start": 60, "end": 68}]}, "Evidence Propositions": []}, {"Section": "RESULTS", "Text": "Continuous IV anakinra infusions up to 2400 mg / d resulted in rapid serologic , then clinical response in 4 of 5 severely ill patients who were refractory to all other therapies , including subcutaneous anakinra .", "Evidence Elements": {"Participant": [{"term": "severely ill", "negation": "affirmed", "UMLS": "", "start": 114, "end": 126}], "Intervention": [{"term": "Continuous IV anakinra infusions", "negation": "affirmed", "UMLS": "", "start": 0, "end": 32}], "Outcome": [{"term": "serologic", "negation": "affirmed", "UMLS": "", "start": 69, "end": 78}, {"term": "clinical response", "negation": "affirmed", "UMLS": "", "start": 86, "end": 103}]}, "Evidence Propositions": []}, {"Section": "RESULTS", "Text": "Subsequently , 3 of 5 patients have been maintained on anakinra or canakinumab , with no recurrence of MAS .", "Evidence Elements": {"Participant": [], "Intervention": [{"term": "anakinra", "negation": "affirmed", "UMLS": "", "start": 55, "end": 63}, {"term": "canakinumab", "negation": "affirmed", "UMLS": "", "start": 67, "end": 78}], "Outcome": [{"term": "recurrence", "negation": "negated", "UMLS": "", "start": 89, "end": 99}]}, "Evidence Propositions": []}, {"Section": "CONCLUSIONS", "Text": "Continuous infusion of IV anakinra may result in rapid serologic and subsequent clinical improvement in adult patients with MAS .", "Evidence Elements": {"Participant": [{"term": "adult", "negation": "affirmed", "UMLS": "", "start": 104, "end": 109}, {"term": "MAS", "negation": "affirmed", "UMLS": "", "start": 124, "end": 127}], "Intervention": [{"term": "Continuous infusion of IV anakinra", "negation": "affirmed", "UMLS": "", "start": 0, "end": 34}], "Outcome": [{"term": "serologic and subsequent clinical improvement", "negation": "affirmed", "UMLS": "", "start": 55, "end": 100}]}, "Evidence Propositions": []}, {"Section": "CONCLUSIONS", "Text": "This method for treating cytokine storm should be considered in the current COVID-19 pandemic in the subgroup of patients with severe disease who have a cytokine storm presentation .", "Evidence Elements": {"Participant": [], "Intervention": [], "Outcome": []}, "Evidence Propositions": []}]}