{"doc_id": "32269893", "type of study": "Therapy", "title": "", "abstract": "Coronavirus disease 2019 (COVID-19) is a declared global pandemic.\nThere are multiple parameters of the clinical course and management of the COVID-19 that need optimization.\nA hindrance to this development is the vast amount of misinformation present due to scarcely sourced manuscript preprints and social media.\nThis literature review aims to presents accredited and the most current studies pertaining to the basic sciences of SARS-CoV-2, clinical presentation and disease course of COVID-19, public health interventions, and current epidemiological developments.\nThe review on basic sciences aims to clarify the jargon in virology, describe the virion structure of SARS-CoV-2 and present pertinent details relevant to clinical practice.\nAnother component discussed is the brief history on the series of experiments used to explore the origins and evolution of the phylogeny of the viral genome of SARS-CoV-2.\nAdditionally, the clinical and epidemiological differences between COVID-19 and other infections causing outbreaks (SARS, MERS, H1N1) are elucidated.\nEmphasis is placed on evidence-based medicine to evaluate the frequency of presentation of various symptoms to create a stratification system of the most important epidemiological risk factors for COVID-19.\nThese can be used to triage and expedite risk assessment.\nFurthermore, the limitations and statistical strength of the diagnostic tools currently in clinical practice are evaluated.\nCriteria on rapid screening, discharge from hospital and discontinuation of self-quarantine are clarified.\nEpidemiological factors influencing the rapid rate of spread of the SARS-CoV-2 virus are described.\nAccurate information pertinent to improving prevention strategies is also discussed.\nThe penultimate portion of the review aims to explain the involvement of micronutrients such as vitamin C and vitamin D in COVID19 treatment and prophylaxis.\nFurthermore, the biochemistry of the major candidates for novel therapies is briefly reviewed and a summary of their current status in the clinical trials is presented.\nLastly, the current scientific data and status of governing bodies such as the Center of Disease Control (CDC) and the WHO on the usage of controversial therapies such as angiotensin-converting enzyme (ACE) inhibitors, nonsteroidal anti-inflammatory drugs (NSAIDs) (Ibuprofen), and corticosteroids usage in COVID-19 are discussed.\nThe composite collection of accredited studies on each of these subtopics of COVID-19 within this review will enable clarification and focus on the current status and direction in the planning of the management of this global pandemic.\n", "Evidence Map": {"Enrollment": [{"term": "COVID19", "negation": "affirmed", "UMLS": "", "start": 123, "end": 130}], "Comparison Results": [], "Study Arm 1 Results": [], "Study Arm 2 Results": []}, "Sentence-level breakdown": [{"Section": "TITLE", "Text": "Coronavirus disease 2019 ( COVID-19 ) is a declared global pandemic .", "Evidence Elements": {"Participant": [], "Intervention": [], "Outcome": []}, "Evidence Propositions": []}, {"Section": "OBJECTIVE", "Text": "The review on basic sciences aims to clarify the jargon in virology , describe the virion structure of SARS-CoV-2 and present pertinent details relevant to clinical practice .", "Evidence Elements": {"Participant": [], "Intervention": [{"term": "SARS-CoV-2", "negation": "affirmed", "UMLS": "", "start": 103, "end": 113}], "Outcome": [{"term": "jargon", "negation": "affirmed", "UMLS": "", "start": 49, "end": 55}, {"term": "virion structure", "negation": "affirmed", "UMLS": "", "start": 83, "end": 99}]}, "Evidence Propositions": []}, {"Section": "RESULTS", "Text": "Another component discussed is the brief history on the series of experiments used to explore the origins and evolution of the phylogeny of the viral genome of SARS-CoV-2 .", "Evidence Elements": {"Participant": [], "Intervention": [], "Outcome": []}, "Evidence Propositions": []}, {"Section": "RESULTS", "Text": "Additionally , the clinical and epidemiological differences between COVID-19 and other infections causing outbreaks ( SARS , MERS , H1N1 ) are elucidated .", "Evidence Elements": {"Participant": [], "Intervention": [], "Outcome": []}, "Evidence Propositions": []}, {"Section": "RESULTS", "Text": "Emphasis is placed on evidence-based medicine to evaluate the frequency of presentation of various symptoms to create a stratification system of the most important epidemiological risk factors for COVID-19 .", "Evidence Elements": {"Participant": [], "Intervention": [], "Outcome": []}, "Evidence Propositions": []}, {"Section": "RESULTS", "Text": "These can be used to triage and expedite risk assessment .", "Evidence Elements": {"Participant": [], "Intervention": [], "Outcome": []}, "Evidence Propositions": []}, {"Section": "RESULTS", "Text": "Furthermore , the limitations and statistical strength of the diagnostic tools currently in clinical practice are evaluated .", "Evidence Elements": {"Participant": [], "Intervention": [], "Outcome": [{"term": "limitations", "negation": "affirmed", "UMLS": "", "start": 18, "end": 29}, {"term": "strength", "negation": "affirmed", "UMLS": "", "start": 46, "end": 54}]}, "Evidence Propositions": []}, {"Section": "RESULTS", "Text": "Criteria on rapid screening , discharge from hospital and discontinuation of self-quarantine are clarified .", "Evidence Elements": {"Participant": [], "Intervention": [], "Outcome": [{"term": "rapid screening", "negation": "affirmed", "UMLS": "", "start": 12, "end": 27}, {"term": "discharge from hospital", "negation": "affirmed", "UMLS": "", "start": 30, "end": 53}, {"term": "discontinuation of self-quarantine", "negation": "affirmed", "UMLS": "", "start": 58, "end": 92}]}, "Evidence Propositions": []}, {"Section": "RESULTS", "Text": "Epidemiological factors influencing the rapid rate of spread of the SARS-CoV-2 virus are described .", "Evidence Elements": {"Participant": [], "Intervention": [], "Outcome": [{"term": "rate of spread", "negation": "affirmed", "UMLS": "", "start": 46, "end": 60}]}, "Evidence Propositions": []}, {"Section": "RESULTS", "Text": "Accurate information pertinent to improving prevention strategies is also discussed .", "Evidence Elements": {"Participant": [], "Intervention": [], "Outcome": []}, "Evidence Propositions": []}, {"Section": "RESULTS", "Text": "The penultimate portion of the review aims to explain the involvement of micronutrients such as vitamin C and vitamin D in COVID19 treatment and prophylaxis .", "Evidence Elements": {"Participant": [{"term": "COVID19", "negation": "affirmed", "UMLS": "", "start": 123, "end": 130}], "Intervention": [{"term": "micronutrients", "negation": "affirmed", "UMLS": "", "start": 73, "end": 87}, {"term": "vitamin C", "negation": "affirmed", "UMLS": "", "start": 96, "end": 105}, {"term": "vitamin D", "negation": "affirmed", "UMLS": "", "start": 110, "end": 119}], "Outcome": []}, "Evidence Propositions": []}, {"Section": "RESULTS", "Text": "Furthermore , the biochemistry of the major candidates for novel therapies is briefly reviewed and a summary of their current status in the clinical trials is presented .", "Evidence Elements": {"Participant": [], "Intervention": [], "Outcome": [{"term": "biochemistry", "negation": "affirmed", "UMLS": "", "start": 18, "end": 30}]}, "Evidence Propositions": []}, {"Section": "RESULTS", "Text": "Lastly , the current scientific data and status of governing bodies such as the Center of Disease Control ( CDC ) and the WHO on the usage of controversial therapies such as angiotensin-converting enzyme ( ACE ) inhibitors , nonsteroidal anti-inflammatory drugs ( NSAIDs ) ( Ibuprofen ) , and corticosteroids usage in COVID-19 are discussed .", "Evidence Elements": {"Participant": [], "Intervention": [], "Outcome": []}, "Evidence Propositions": []}, {"Section": "CONCLUSIONS", "Text": "The composite collection of accredited studies on each of these subtopics of COVID-19 within this review will enable clarification and focus on the current status and direction in the planning of the management of this global pandemic .", "Evidence Elements": {"Participant": [], "Intervention": [], "Outcome": []}, "Evidence Propositions": []}]}