{"doc_id": "32268018", "type of study": "Therapy", "title": "", "abstract": "OBJECTIVE: To analysis the medication characteristics of the prescriptions issued via open channel by the National and Provincial Health Committee and the State Administration of Traditional Chinese Medicine in treating coronavirus disease 2019 (COVID-19).\nWe collected the data of traditional Chinese medicine related to treatment plans published by the National and Provincial Health Committee and the State Administration of Traditional Chinese Medicine from the start of COVID-19 outbreak in Wuhan to February 19, 2020.\nThe frequency analysis, cluster analysis and correlation analysis were performed.\nThe study collected 4 national and 34 regional prevention and treatment plans, 578 items, 84 traditional Chinese formulations, 60 Chinese patent medicines, and 230 Chinese herbs.\nThe high frequently used herbs were Liquorice, Scutellariabaicalensis, Semen armeniacaeamarae, and Gypsum.\nThe commonly used traditional formulations included Maxing Shigan Decoction, Yin Qiao Powder, and Xuanbai Chengqi Decoction.\nThe Chinese patent drugs included Angong Niuhuang Pill, Xuebijing Injection, and Lianhua Qingwen Capsule.\nThe most common paired medications were Ephedra and Semen armeniacaeamarae, Fructusforsythiae and Liquorice.\nTwo core combinations and one novel formula were discovered in the study.\nYin Qiao Powder and Huopo Xialing Decoction are the basic formulations for Weifen syndrome of COVID-19.\nIn addition, Maxing Shigan Decoction, Liang Ge Powder, Qingwen Baidu Decoction and Da Yuan Decoction are the basic formulations for Qifen syndrome of COVID-19.\nThe main medication characteristics are clearing heat, entilating lung, removing toxicity and removing turbidity.\nIt shows that removing toxicity and eliminating evil are the prescription thought in treating epidemic disease of traditional Chinese medicine.\n", "Evidence Map": {"Enrollment": [{"term": "coronavirus disease 2019", "negation": "affirmed", "UMLS": "", "start": 221, "end": 245}, {"term": "Qifen", "negation": "affirmed", "UMLS": "", "start": 135, "end": 140}], "Comparison Results": [], "Study Arm 1 Results": [], "Study Arm 2 Results": []}, "Sentence-level breakdown": [{"Section": "TITLE", "Text": "OBJECTIVE : To analysis the medication characteristics of the prescriptions issued via open channel by the National and Provincial Health Committee and the State Administration of Traditional Chinese Medicine in treating coronavirus disease 2019 ( COVID-19 ) .", "Evidence Elements": {"Participant": [{"term": "coronavirus disease 2019", "negation": "affirmed", "UMLS": "", "start": 221, "end": 245}], "Intervention": [], "Outcome": [{"term": "medication characteristics", "negation": "affirmed", "UMLS": "", "start": 28, "end": 54}]}, "Evidence Propositions": []}, {"Section": "METHODS", "Text": "We collected the data of traditional Chinese medicine related to treatment plans published by the National and Provincial Health Committee and the State Administration of Traditional Chinese Medicine from the start of COVID-19 outbreak in Wuhan to February 19 , 2020 .", "Evidence Elements": {"Participant": [], "Intervention": [{"term": "traditional Chinese medicine", "negation": "affirmed", "UMLS": "", "start": 25, "end": 53}], "Outcome": [{"term": "treatment plans", "negation": "affirmed", "UMLS": "", "start": 65, "end": 80}]}, "Evidence Propositions": []}, {"Section": "METHODS", "Text": "The frequency analysis , cluster analysis and correlation analysis were performed .", "Evidence Elements": {"Participant": [], "Intervention": [], "Outcome": [{"term": "frequency analysis", "negation": "affirmed", "UMLS": "", "start": 4, "end": 22}, {"term": "cluster analysis", "negation": "affirmed", "UMLS": "", "start": 25, "end": 41}, {"term": "correlation analysis", "negation": "affirmed", "UMLS": "", "start": 46, "end": 66}]}, "Evidence Propositions": []}, {"Section": "RESULTS", "Text": "The study collected 4 national and 34 regional prevention and treatment plans , 578 items , 84 traditional Chinese formulations , 60 Chinese patent medicines , and 230 Chinese herbs .", "Evidence Elements": {"Participant": [], "Intervention": [{"term": "Chinese formulations", "negation": "affirmed", "UMLS": "", "start": 107, "end": 127}], "Outcome": []}, "Evidence Propositions": []}, {"Section": "RESULTS", "Text": "The high frequently used herbs were Liquorice , Scutellariabaicalensis , Semen armeniacaeamarae , and Gypsum .", "Evidence Elements": {"Participant": [], "Intervention": [], "Outcome": []}, "Evidence Propositions": []}, {"Section": "RESULTS", "Text": "The commonly used traditional formulations included Maxing Shigan Decoction , Yin Qiao Powder , and Xuanbai Chengqi Decoction .", "Evidence Elements": {"Participant": [], "Intervention": [], "Outcome": []}, "Evidence Propositions": []}, {"Section": "RESULTS", "Text": "The Chinese patent drugs included Angong Niuhuang Pill , Xuebijing Injection , and Lianhua Qingwen Capsule .", "Evidence Elements": {"Participant": [], "Intervention": [], "Outcome": []}, "Evidence Propositions": []}, {"Section": "RESULTS", "Text": "The most common paired medications were Ephedra and Semen armeniacaeamarae , Fructusforsythiae and Liquorice .", "Evidence Elements": {"Participant": [], "Intervention": [{"term": "Ephedra", "negation": "affirmed", "UMLS": "", "start": 40, "end": 47}, {"term": "Semen", "negation": "affirmed", "UMLS": "", "start": 52, "end": 57}, {"term": "Fructusforsythiae", "negation": "affirmed", "UMLS": "", "start": 77, "end": 94}], "Outcome": []}, "Evidence Propositions": [{"Intervention": ["Ephedra", "Semen", "Fructusforsythiae"], "Observation": "most common", "Outcome": "", "Count": ""}]}, {"Section": "RESULTS", "Text": "Two core combinations and one novel formula were discovered in the study .", "Evidence Elements": {"Participant": [], "Intervention": [{"term": "combinations", "negation": "affirmed", "UMLS": "", "start": 9, "end": 21}], "Outcome": []}, "Evidence Propositions": []}, {"Section": "CONCLUSIONS", "Text": "Yin Qiao Powder and Huopo Xialing Decoction are the basic formulations for Weifen syndrome of COVID-19 .", "Evidence Elements": {"Participant": [], "Intervention": [], "Outcome": []}, "Evidence Propositions": []}, {"Section": "CONCLUSIONS", "Text": "In addition , Maxing Shigan Decoction , Liang Ge Powder , Qingwen Baidu Decoction and Da Yuan Decoction are the basic formulations for Qifen syndrome of COVID-19 .", "Evidence Elements": {"Participant": [{"term": "Qifen", "negation": "affirmed", "UMLS": "", "start": 135, "end": 140}], "Intervention": [{"term": "Maxing Shigan Decoction", "negation": "affirmed", "UMLS": "", "start": 14, "end": 37}, {"term": "Ge Powder", "negation": "affirmed", "UMLS": "", "start": 46, "end": 55}, {"term": "Baidu Decoction", "negation": "affirmed", "UMLS": "", "start": 66, "end": 81}, {"term": "Yuan Decoction", "negation": "affirmed", "UMLS": "", "start": 89, "end": 103}], "Outcome": []}, "Evidence Propositions": []}, {"Section": "CONCLUSIONS", "Text": "The main medication characteristics are clearing heat , entilating lung , removing toxicity and removing turbidity .", "Evidence Elements": {"Participant": [], "Intervention": [], "Outcome": [{"term": "clearing heat", "negation": "affirmed", "UMLS": "", "start": 40, "end": 53}, {"term": "entilating lung", "negation": "affirmed", "UMLS": "", "start": 56, "end": 71}, {"term": "toxicity", "negation": "affirmed", "UMLS": "", "start": 83, "end": 91}]}, "Evidence Propositions": []}, {"Section": "CONCLUSIONS", "Text": "It shows that removing toxicity and eliminating evil are the prescription thought in treating epidemic disease of traditional Chinese medicine .", "Evidence Elements": {"Participant": [], "Intervention": [], "Outcome": [{"term": "removing toxicity", "negation": "affirmed", "UMLS": "", "start": 14, "end": 31}]}, "Evidence Propositions": []}]}