{"doc_id": "32269766", "type of study": "Therapy", "title": "", "abstract": "Background: The newly identified coronavirus known as 2019-nCoV has posed a serious global health threat.\nAccording to the latest report (18-February-2020), it has infected more than 72,000 people globally and led to deaths of more than 1,016 people in China.\nMethods: The 2019 novel coronavirus proteome was aligned to a curated database of viral immunogenic peptides.\nThe immunogenicity of detected peptides and their binding potential to HLA alleles was predicted by immunogenicity predictive models and NetMHCpan 4.0.\nResults: We report in silico identification of a comprehensive list of immunogenic peptides that can be used as potential targets for 2019 novel coronavirus (2019-nCoV) vaccine development.\nFirst, we found 28 nCoV peptides identical to Severe acute respiratory syndrome-related coronavirus (SARS CoV) that have previously been characterized immunogenic by T cell assays.\nSecond, we identified 48 nCoV peptides having a high degree of similarity with immunogenic peptides deposited in The Immune Epitope Database (IEDB).\nLastly, we conducted a de novo search of 2019-nCoV 9-mer peptides that i) bind to common HLA alleles in Chinese and European population and ii) have T Cell Receptor (TCR) recognition potential by positional weight matrices and a recently developed immunogenicity algorithm, iPred, and identified in total 63 peptides with a high immunogenicity potential.\nConclusions: Given the limited time and resources to develop vaccine and treatments for 2019-nCoV, our work provides a shortlist of candidates for experimental validation and thus can accelerate development pipeline.\n", "Evidence Map": {"Enrollment": [], "Comparison Results": [], "Study Arm 1 Results": [], "Study Arm 2 Results": []}, "Sentence-level breakdown": [{"Section": "TITLE", "Text": "Background : The newly identified coronavirus known as 2019-nCoV has posed a serious global health threat .", "Evidence Elements": {"Participant": [], "Intervention": [], "Outcome": []}, "Evidence Propositions": []}, {"Section": "METHODS", "Text": "Methods : The 2019 novel coronavirus proteome was aligned to a curated database of viral immunogenic peptides .", "Evidence Elements": {"Participant": [], "Intervention": [], "Outcome": []}, "Evidence Propositions": []}, {"Section": "METHODS", "Text": "The immunogenicity of detected peptides and their binding potential to HLA alleles was predicted by immunogenicity predictive models and NetMHCpan 4.0 .", "Evidence Elements": {"Participant": [], "Intervention": [], "Outcome": [{"term": "immunogenicity", "negation": "affirmed", "UMLS": "", "start": 4, "end": 18}, {"term": "binding potential to HLA alleles", "negation": "affirmed", "UMLS": "", "start": 50, "end": 82}]}, "Evidence Propositions": []}, {"Section": "METHODS", "Text": "Results : We report in silico identification of a comprehensive list of immunogenic peptides that can be used as potential targets for 2019 novel coronavirus ( 2019-nCoV ) vaccine development .", "Evidence Elements": {"Participant": [], "Intervention": [], "Outcome": [{"term": "immunogenic peptides", "negation": "affirmed", "UMLS": "", "start": 72, "end": 92}]}, "Evidence Propositions": []}, {"Section": "RESULTS", "Text": "First , we found 28 nCoV peptides identical to Severe acute respiratory syndrome-related coronavirus ( SARS CoV ) that have previously been characterized immunogenic by T cell assays .", "Evidence Elements": {"Participant": [], "Intervention": [{"term": "Severe acute respiratory syndrome-related coronavirus ( SARS CoV )", "negation": "affirmed", "UMLS": "", "start": 47, "end": 113}], "Outcome": [{"term": "nCoV peptides", "negation": "affirmed", "UMLS": "", "start": 20, "end": 33}]}, "Evidence Propositions": []}, {"Section": "RESULTS", "Text": "Second , we identified 48 nCoV peptides having a high degree of similarity with immunogenic peptides deposited in The Immune Epitope Database ( IEDB ) .", "Evidence Elements": {"Participant": [], "Intervention": [{"term": "nCoV peptides", "negation": "affirmed", "UMLS": "", "start": 26, "end": 39}], "Outcome": []}, "Evidence Propositions": []}, {"Section": "RESULTS", "Text": "Lastly , we conducted a denovo search of 2019-nCoV 9-mer peptides that i ) bind to common HLA alleles in Chinese and European population and ii ) have T Cell Receptor ( TCR ) recognition potential by positional weight matrices and a recently developed immunogenicity algorithm , iPred , and identified in total 63 peptides with a high immunogenicity potential .", "Evidence Elements": {"Participant": [], "Intervention": [], "Outcome": [{"term": "T Cell Receptor ( TCR ) recognition potential", "negation": "affirmed", "UMLS": "", "start": 151, "end": 196}]}, "Evidence Propositions": []}, {"Section": "CONCLUSIONS", "Text": "Conclusions : Given the limited time and resources to develop vaccine and treatments for 2019-nCoV , our work provides a shortlist of candidates for experimental validation and thus can accelerate development pipeline .", "Evidence Elements": {"Participant": [], "Intervention": [], "Outcome": []}, "Evidence Propositions": []}]}