{"doc_id": "32269090", "type of study": "Therapy", "title": "", "abstract": "Globally, the number of people affected by coronavirus disease 2019 (COVID-19) is rapidly increasing.\nIn most (>80%), the illness is relatively mild and can be self-managed out of hospital.\nHowever, in about 20% the illness causes respiratory compromise severe enough to require hospital admission [1].\nPatients with severe and critical disease need full active treatment.\nThis may include oxygen for hypoxaemia and ventilatory support, along with optimal management of complications, e.g. super-imposed bacterial infection, and any underlying co-morbidities, e.g. chronic obstructive pulmonary disease, congestive heart failure.\nTo date, no antiviral agent has shown to be effective in treating the disease [2].\n", "Evidence Map": {"Enrollment": [], "Comparison Results": [], "Study Arm 1 Results": [], "Study Arm 2 Results": []}, "Sentence-level breakdown": [{"Section": "TITLE", "Text": "Globally , the number of people affected by coronavirus disease 2019 ( COVID-19 ) is rapidly increasing .", "Evidence Elements": {"Participant": [], "Intervention": [], "Outcome": []}, "Evidence Propositions": []}, {"Section": "RESULTS", "Text": "Patients with severe and critical disease need full active treatment .", "Evidence Elements": {"Participant": [], "Intervention": [], "Outcome": []}, "Evidence Propositions": []}, {"Section": "RESULTS", "Text": "This may include oxygen for hypoxaemia and ventilatory support , along with optimal management of complications , e.g . super-imposed bacterial infection , and any underlying co-morbidities , e.g . chronic obstructive pulmonary disease , congestive heart failure .", "Evidence Elements": {"Participant": [], "Intervention": [], "Outcome": []}, "Evidence Propositions": []}, {"Section": "CONCLUSIONS", "Text": "To date , no antiviral agent has shown to be effective in treating the disease [ 2 ] .", "Evidence Elements": {"Participant": [], "Intervention": [], "Outcome": []}, "Evidence Propositions": []}]}