{"doc_id": "32266867", "type of study": "Therapy", "title": "", "abstract": "The N terminal domain (NTD) of Nucleocapsid protein (N protein) of coronavirus (CoV) binds to the viral (+) sense RNA and results in CoV ribonucleoprotien (CoV RNP) complex, essential for the virus replication.\nIn this study, the RNA-binding N terminal domain (NTD) of the N protein was targeted for the identification of possible inhibitors of RNA binding.\nTwo NTD structures of N proteins were selected (2OFZ and 1SSK, 92% homology) for virtual screening of 56,079 compounds from Asinex and Maybridge library to identify top 15 hits for each of the targets based on 'docking score'.\nThese top-hits were further screened for MM-GBSA binding free energy, pharmacokinetic properties (QikProp) and drug-likeness (SwissADME) and subjected to molecular dynamics (MD) studies.\nTwo suitable binders (ZINC00003118440 and ZINC0000146942) against the target 2OFZ were identified.\nZINC00003118440 is a theophylline derivative under the drug class 'bronchodilators' and further screening with approved bronchodilators was also studied to identify their ability to bind to the RNA binding region on the N protein.\nThe other identified top hit is ZINC0000146942, which is a 3,4dihydropyrimidone class molecule.\nHence this study suggests two important class of compounds, theophylline and pyrimidone derivaties as possible inhibitors of RNA binding to the N terminal domain of N protein of coronavirus, thus opening new avenues for in vitro validations.\nCommunicated by Ramaswamy H. Sarma\n", "Evidence Map": {"Enrollment": [], "Comparison Results": [], "Study Arm 1 Results": [], "Study Arm 2 Results": []}, "Sentence-level breakdown": [{"Section": "TITLE", "Text": "The N terminal domain ( NTD ) of Nucleocapsid protein ( N protein ) of coronavirus ( CoV ) binds to the viral ( + ) sense RNA and results in CoV ribonucleoprotien ( CoV RNP ) complex , essential for the virus replication .", "Evidence Elements": {"Participant": [], "Intervention": [], "Outcome": []}, "Evidence Propositions": []}, {"Section": "METHODS", "Text": "Two NTD structures of N proteins were selected ( 2OFZ and 1SSK , 92 % homology ) for virtual screening of 56,079 compounds from Asinex and Maybridge library to identify top 15 hits for each of the targets based on ' docking score ' .", "Evidence Elements": {"Participant": [], "Intervention": [], "Outcome": []}, "Evidence Propositions": []}, {"Section": "METHODS", "Text": "These top-hits were further screened for MM-GBSA binding free energy , pharmacokinetic properties ( QikProp ) and drug-likeness ( SwissADME ) and subjected to molecular dynamics ( MD ) studies .", "Evidence Elements": {"Participant": [], "Intervention": [], "Outcome": [{"term": "MM-GBSA binding free energy", "negation": "affirmed", "UMLS": "", "start": 41, "end": 68}, {"term": "pharmacokinetic properties", "negation": "affirmed", "UMLS": "", "start": 71, "end": 97}, {"term": "drug-likeness", "negation": "affirmed", "UMLS": "", "start": 114, "end": 127}]}, "Evidence Propositions": []}, {"Section": "METHODS", "Text": "Two suitable binders ( ZINC00003118440 and ZINC0000146942 ) against the target 2OFZ were identified .", "Evidence Elements": {"Participant": [], "Intervention": [], "Outcome": []}, "Evidence Propositions": []}, {"Section": "METHODS", "Text": "ZINC00003118440 is a theophylline derivative under the drug class ' bronchodilators ' and further screening with approved bronchodilators was also studied to identify their ability to bind to the RNA binding region on the N protein .", "Evidence Elements": {"Participant": [], "Intervention": [], "Outcome": []}, "Evidence Propositions": []}, {"Section": "METHODS", "Text": "The other identified top hit is ZINC0000146942 , which is a 3,4dihydropyrimidone class molecule .", "Evidence Elements": {"Participant": [], "Intervention": [{"term": "ZINC0000146942", "negation": "affirmed", "UMLS": "", "start": 32, "end": 46}], "Outcome": []}, "Evidence Propositions": []}, {"Section": "CONCLUSIONS", "Text": "Hence this study suggests two important class of compounds , theophylline and pyrimidone derivaties as possible inhibitors of RNA binding to the N terminal domain of N protein of coronavirus , thus opening new avenues for in vitro validations .", "Evidence Elements": {"Participant": [], "Intervention": [{"term": "theophylline", "negation": "affirmed", "UMLS": "", "start": 61, "end": 73}, {"term": "pyrimidone", "negation": "affirmed", "UMLS": "", "start": 78, "end": 88}], "Outcome": [{"term": "RNA binding to the N terminal domain of N protein of coronavirus", "negation": "affirmed", "UMLS": "", "start": 126, "end": 190}]}, "Evidence Propositions": []}, {"Section": "CONCLUSIONS", "Text": "Communicated by Ramaswamy H. Sarma", "Evidence Elements": {"Participant": [], "Intervention": [], "Outcome": []}, "Evidence Propositions": []}]}