{"doc_id": "32277065", "type of study": "Therapy", "title": "", "abstract": "The nucleotide analogue remdesivir is an investigational drug for the treatment of human coronavirus infection.\nRemdesivir is a phosphoramidate prodrug and is known to target viral RNA-dependent RNA polymerases.\nIn this issue, Gordon et al. identify that remdesivir acts as a delayed RNA chain terminator for MERS-CoV polymerase complexes.\n", "Evidence Map": {"Enrollment": [], "Comparison Results": [], "Study Arm 1 Results": [], "Study Arm 2 Results": []}, "Sentence-level breakdown": [{"Section": "TITLE", "Text": "The nucleotide analogue remdesivir is an investigational drug for the treatment of human coronavirus infection .", "Evidence Elements": {"Participant": [], "Intervention": [], "Outcome": []}, "Evidence Propositions": []}, {"Section": "RESULTS", "Text": "Remdesivir is a phosphoramidate prodrug and is known to target viral RNA-dependent RNA polymerases .", "Evidence Elements": {"Participant": [], "Intervention": [], "Outcome": []}, "Evidence Propositions": []}, {"Section": "CONCLUSIONS", "Text": "In this issue , Gordon et al. identify that remdesivir acts as a delayed RNA chain terminator for MERS-CoV polymerase complexes .", "Evidence Elements": {"Participant": [], "Intervention": [{"term": "remdesivir", "negation": "affirmed", "UMLS": "", "start": 44, "end": 54}], "Outcome": [{"term": "RNA chain terminator", "negation": "affirmed", "UMLS": "", "start": 73, "end": 93}, {"term": "polymerase", "negation": "affirmed", "UMLS": "", "start": 107, "end": 117}]}, "Evidence Propositions": []}]}