{"doc_id": "32278811", "type of study": "Therapy", "title": "", "abstract": "Given the extreme importance of the current pandemic caused by COVID-19, and as scientists agree there is no identified pharmacological treatment, where possible, therapeutic alternatives are raised through drug repositioning.\nThis paper presents a selection of studies involving drugs from different pharmaceutical classes with activity against SARS-CoV-2 and SARS-CoV, with the potential for use in the treatment of COVID-19 disease.\n", "Evidence Map": {"Enrollment": [{"term": "SARS-CoV-2", "negation": "affirmed", "UMLS": "", "start": 119, "end": 129}, {"term": "SARS-CoV", "negation": "affirmed", "UMLS": "", "start": 119, "end": 127}, {"term": "COVID-19", "negation": "affirmed", "UMLS": "", "start": 192, "end": 200}], "Comparison Results": [], "Study Arm 1 Results": [], "Study Arm 2 Results": []}, "Sentence-level breakdown": [{"Section": "TITLE", "Text": "Given the extreme importance of the current pandemic caused by COVID-19 , and as scientists agree there is no identified pharmacological treatment , where possible , therapeutic alternatives are raised through drug repositioning .", "Evidence Elements": {"Participant": [], "Intervention": [], "Outcome": []}, "Evidence Propositions": []}, {"Section": "CONCLUSIONS", "Text": "This paper presents a selection of studies involving drugs from different pharmaceutical classes with activity against SARS-CoV-2 and SARS-CoV , with the potential for use in the treatment of COVID-19 disease .", "Evidence Elements": {"Participant": [{"term": "SARS-CoV-2", "negation": "affirmed", "UMLS": "", "start": 119, "end": 129}, {"term": "SARS-CoV", "negation": "affirmed", "UMLS": "", "start": 119, "end": 127}, {"term": "COVID-19", "negation": "affirmed", "UMLS": "", "start": 192, "end": 200}], "Intervention": [], "Outcome": []}, "Evidence Propositions": []}]}