{"doc_id": "32275753", "type of study": "Therapy", "title": "", "abstract": "Lungs from patients with coronavirus disease 2019 (COVID-19) have shown typical signs of acute respiratory distress syndrome (ARDS), formation of hyaline membrane mainly composed of fibrin and 'ground-glass' opacity.\nPreviously, we showed plasminogen itself is a key regulator in fibrin degradation, wound healing and infection.\nWe aimed to investigate whether plasminogen can improve lung lesions and hypoxemia of COVID-19.\nThirteen clinically moderate, severe or critical COVID-19 patients were treated with atomization inhalation of freeze-dried plasminogen.\nLevels of their lung lesions, oxygen saturation and heart rates were compared before and after treatment by computed tomography scanning images and patient monitor.\nAfter plasminogen inhalation, conditions of lung lesions in five clinically moderate patients have quickly improved, shown as the decreased range and density of 'ground glass' opacity.\nImprovements of oxygen saturation were observed in six clinically severe patients.\nIn the two patients with critical conditions, the oxygen levels have significantly increased from 79-82% to 91% just about 1 h after the first inhalation.\nIn 8 of 13 patients, the heart rates had slowed down.\nFor the five clinically moderate patients, the difference is even statistically significant.\nFurthermore, a general relief of chest tightness was observed.\nWhereas it is reported that plasminogen is dramatically increased in adults with ARDS, this study suggests that additional plasminogen may be effective and efficient in treating lung lesions and hypoxemia during COVID-19 infections.\nAlthough further studies are needed, this study highlights a possible hope of efficiently combating this rapid epidemic emergency.\n", "Evidence Map": {"Enrollment": [{"term": "COVID-19", "negation": "affirmed", "UMLS": "", "start": 86, "end": 94}, {"term": "clinically moderate , severe or critical COVID-19", "negation": "affirmed", "UMLS": "", "start": 9, "end": 58}, {"term": "critical conditions", "negation": "affirmed", "UMLS": "", "start": 25, "end": 44}, {"term": "clinically moderate", "negation": "affirmed", "UMLS": "", "start": 13, "end": 32}, {"term": "adults", "negation": "affirmed", "UMLS": "", "start": 69, "end": 75}, {"term": "ARDS", "negation": "affirmed", "UMLS": "", "start": 81, "end": 85}, {"term": "lung lesions", "negation": "affirmed", "UMLS": "", "start": 179, "end": 191}, {"term": "hypoxemia", "negation": "affirmed", "UMLS": "", "start": 196, "end": 205}, {"term": "COVID-19", "negation": "affirmed", "UMLS": "", "start": 213, "end": 221}], "Comparison Results": [], "Study Arm 1 Results": [], "Study Arm 2 Results": []}, "Sentence-level breakdown": [{"Section": "TITLE", "Text": "Lungs from patients with coronavirus disease 2019 ( COVID-19 ) have shown typical signs of acute respiratory distress syndrome ( ARDS ) , formation of hyaline membrane mainly composed of fibrin and ' ground-glass ' opacity .", "Evidence Elements": {"Participant": [], "Intervention": [], "Outcome": []}, "Evidence Propositions": []}, {"Section": "OBJECTIVE", "Text": "We aimed to investigate whether plasminogen can improve lung lesions and hypoxemia of COVID-19 .", "Evidence Elements": {"Participant": [{"term": "COVID-19", "negation": "affirmed", "UMLS": "", "start": 86, "end": 94}], "Intervention": [{"term": "plasminogen", "negation": "affirmed", "UMLS": "", "start": 32, "end": 43}], "Outcome": [{"term": "lung lesions", "negation": "affirmed", "UMLS": "", "start": 56, "end": 68}, {"term": "hypoxemia", "negation": "affirmed", "UMLS": "", "start": 73, "end": 82}]}, "Evidence Propositions": []}, {"Section": "METHODS", "Text": "Thirteen clinically moderate , severe or critical COVID-19 patients were treated with atomization inhalation of freeze-dried plasminogen .", "Evidence Elements": {"Participant": [{"term": "clinically moderate , severe or critical COVID-19", "negation": "affirmed", "UMLS": "", "start": 9, "end": 58}], "Intervention": [{"term": "atomization inhalation of freeze-dried", "negation": "affirmed", "UMLS": "", "start": 86, "end": 124}], "Outcome": []}, "Evidence Propositions": []}, {"Section": "METHODS", "Text": "Levels of their lung lesions , oxygen saturation and heart rates were compared before and after treatment by computed tomography scanning images and patient monitor .", "Evidence Elements": {"Participant": [], "Intervention": [], "Outcome": [{"term": "Levels of their lung lesions", "negation": "affirmed", "UMLS": "", "start": 0, "end": 28}, {"term": "oxygen saturation", "negation": "affirmed", "UMLS": "", "start": 31, "end": 48}, {"term": "heart rates", "negation": "affirmed", "UMLS": "", "start": 53, "end": 64}]}, "Evidence Propositions": []}, {"Section": "RESULTS", "Text": "After plasminogen inhalation , conditions of lung lesions in five clinically moderate patients have quickly improved , shown as the decreased range and density of 'ground glass ' opacity .", "Evidence Elements": {"Participant": [], "Intervention": [{"term": "plasminogen inhalation", "negation": "affirmed", "UMLS": "", "start": 6, "end": 28}], "Outcome": [{"term": "conditions of lung lesions", "negation": "affirmed", "UMLS": "", "start": 31, "end": 57}, {"term": "range and density of 'ground", "negation": "affirmed", "UMLS": "", "start": 142, "end": 170}]}, "Evidence Propositions": [{"Intervention": "plasminogen inhalation", "Observation": "quickly improved", "Outcome": "conditions of lung lesions", "Count": ""}, {"Intervention": "plasminogen inhalation", "Observation": "", "Count": "five clinically moderate", "Outcome": "conditions of lung lesions"}]}, {"Section": "RESULTS", "Text": "Improvements of oxygen saturation were observed in six clinically severe patients .", "Evidence Elements": {"Participant": [], "Intervention": [{"term": "clinically severe patients", "negation": "affirmed", "UMLS": "", "start": 55, "end": 81}], "Outcome": [{"term": "oxygen saturation", "negation": "affirmed", "UMLS": "", "start": 16, "end": 33}]}, "Evidence Propositions": []}, {"Section": "RESULTS", "Text": "In the two patients with critical conditions , the oxygen levels have significantly increased from 79-82 % to 91 % just about 1 h after the first inhalation .", "Evidence Elements": {"Participant": [{"term": "critical conditions", "negation": "affirmed", "UMLS": "", "start": 25, "end": 44}], "Intervention": [], "Outcome": [{"term": "oxygen levels", "negation": "affirmed", "UMLS": "", "start": 51, "end": 64}]}, "Evidence Propositions": []}, {"Section": "RESULTS", "Text": "In 8 of 13 patients , the heart rates had slowed down .", "Evidence Elements": {"Participant": [], "Intervention": [], "Outcome": [{"term": "heart rates", "negation": "affirmed", "UMLS": "", "start": 26, "end": 37}]}, "Evidence Propositions": []}, {"Section": "RESULTS", "Text": "For the five clinically moderate patients , the difference is even statistically significant .", "Evidence Elements": {"Participant": [{"term": "clinically moderate", "negation": "affirmed", "UMLS": "", "start": 13, "end": 32}], "Intervention": [], "Outcome": []}, "Evidence Propositions": []}, {"Section": "RESULTS", "Text": "Furthermore , a general relief of chest tightness was observed .", "Evidence Elements": {"Participant": [], "Intervention": [], "Outcome": [{"term": "chest tightness", "negation": "affirmed", "UMLS": "", "start": 34, "end": 49}]}, "Evidence Propositions": []}, {"Section": "CONCLUSIONS", "Text": "Whereas it is reported that plasminogen is dramatically increased in adults with ARDS , this study suggests that additional plasminogen may be effective and efficient in treating lung lesions and hypoxemia during COVID-19 infections .", "Evidence Elements": {"Participant": [{"term": "adults", "negation": "affirmed", "UMLS": "", "start": 69, "end": 75}, {"term": "ARDS", "negation": "affirmed", "UMLS": "", "start": 81, "end": 85}, {"term": "lung lesions", "negation": "affirmed", "UMLS": "", "start": 179, "end": 191}, {"term": "hypoxemia", "negation": "affirmed", "UMLS": "", "start": 196, "end": 205}, {"term": "COVID-19", "negation": "affirmed", "UMLS": "", "start": 213, "end": 221}], "Intervention": [{"term": "additional plasminogen", "negation": "affirmed", "UMLS": "", "start": 113, "end": 135}], "Outcome": [{"term": "plasminogen", "negation": "affirmed", "UMLS": "", "start": 28, "end": 39}]}, "Evidence Propositions": []}, {"Section": "CONCLUSIONS", "Text": "Although further studies are needed , this study highlights a possible hope of efficiently combating this rapid epidemic emergency .", "Evidence Elements": {"Participant": [], "Intervention": [], "Outcome": []}, "Evidence Propositions": []}]}