{"doc_id": "32270884", "type of study": "Therapy", "title": "", "abstract": "We read with great interest the study authored by Angeletti et al. regarding the role of nonstructural proteins nsp2 and nsp3 in the pathogenesis of COVID-191.\nCOVID-19 emerged in December 2019 in Wuhan City, Hubei Province, China and is caused by a novel viral variant belonging to the viral variant belonging to the Severe acute respiratory syndrome-related coronavirus (SARS-rCoV) species of subgenus Sarbecovirus, genus Betacoronavirus, family Coronaviridae and named SARS-CoV-22.\nThis article is protected by copyright.\nAll rights reserved.\n", "Evidence Map": {"Enrollment": [], "Comparison Results": [], "Study Arm 1 Results": [], "Study Arm 2 Results": []}, "Sentence-level breakdown": [{"Section": "TITLE", "Text": "We read with great interest the study authored by Angeletti et al . regarding the role of nonstructural proteins nsp2 and nsp3 in the pathogenesis of COVID-191 .", "Evidence Elements": {"Participant": [], "Intervention": [{"term": "nonstructural proteins nsp2", "negation": "affirmed", "UMLS": "", "start": 90, "end": 117}, {"term": "nsp3", "negation": "affirmed", "UMLS": "", "start": 122, "end": 126}], "Outcome": []}, "Evidence Propositions": []}, {"Section": "RESULTS", "Text": "COVID-19 emerged in December 2019 in Wuhan City , Hubei Province , China and is caused by a novel viral variant belonging to the viral variant belonging to the Severe acute respiratory syndrome-related coronavirus ( SARS-rCoV ) species of subgenus Sarbecovirus , genus Betacoronavirus , family Coronaviridae and named SARS-CoV-22 .", "Evidence Elements": {"Participant": [], "Intervention": [], "Outcome": []}, "Evidence Propositions": []}, {"Section": "RESULTS", "Text": "This article is protected by copyright .", "Evidence Elements": {"Participant": [], "Intervention": [], "Outcome": []}, "Evidence Propositions": []}, {"Section": "RESULTS", "Text": "All rights reserved .", "Evidence Elements": {"Participant": [], "Intervention": [], "Outcome": []}, "Evidence Propositions": []}]}