{"doc_id": "32274773", "type of study": "Therapy", "title": "", "abstract": "Der Ubersichtsartikel ist als praktische Handreichung fur alle gedacht, die COVID-19-Patienten behandeln bzw.\nin nachster Zeit behandeln werden, und fasst das derzeit verfugbare Wissen zu Diagnostik und Therapie zusammen.\nZusatzlich werden auch neue und experimentelle Therapien bewertet, soweit dazu zumindest Einzelfallberichte vorliegen.\n", "Evidence Map": {"Enrollment": [], "Comparison Results": [], "Study Arm 1 Results": [], "Study Arm 2 Results": []}, "Sentence-level breakdown": [{"Section": "TITLE", "Text": "Der Ubersichtsartikel ist als praktische Handreichung fur alle gedacht , die COVID-19-Patienten behandeln bzw .", "Evidence Elements": {"Participant": [], "Intervention": [{"term": "Ubersichtsartikel", "negation": "affirmed", "UMLS": "", "start": 4, "end": 21}], "Outcome": []}, "Evidence Propositions": []}, {"Section": "CONCLUSIONS", "Text": "Zusatzlich werden auch neue und experimentelle Therapien bewertet , soweit dazu zumindest Einzelfallberichte vorliegen .", "Evidence Elements": {"Participant": [], "Intervention": [], "Outcome": []}, "Evidence Propositions": []}]}