{"doc_id": "32279469", "type of study": "Therapy", "title": "", "abstract": "There is currently no robust evidence to support prescribing hydroxychloroquine as a treatment or prophylaxis for COVID-19.\n", "Evidence Map": {"Enrollment": [], "Comparison Results": [], "Study Arm 1 Results": [], "Study Arm 2 Results": []}, "Sentence-level breakdown": [{"Section": "TITLE", "Text": "There is currently no robust evidence to support prescribing hydroxychloroquine as a treatment or prophylaxis for COVID-19 .", "Evidence Elements": {"Participant": [], "Intervention": [], "Outcome": []}, "Evidence Propositions": []}]}