{"doc_id": "32272481", "type of study": "Therapy", "title": "", "abstract": "A new coronavirus, known as severe acute respiratory syndrome coronavirus 2 (SARS-CoV-2), is the aetiological agent responsible for the 2019-2020 viral pneumonia outbreak of coronavirus disease 2019 (COVID-19)1-4.\nCurrently, there are no targeted therapeutic agents for the treatment of this disease, and effective treatment options remain very limited.\nHere we describe the results of a programme that aimed to rapidly discover lead compounds for clinical use, by combining structure-assisted drug design, virtual drug screening and high-throughput screening.\nThis programme focused on identifying drug leads that target main protease (Mpro) of SARS-CoV-2: Mpro is a key enzyme of coronaviruses and has a pivotal role in mediating viral replication and transcription, making it an attractive drug target for SARS-CoV-25,6.\nWe identified a mechanism-based inhibitor (N3) by computer-aided drug design, and then determined the crystal structure of Mpro of SARS-CoV-2 in complex with this compound.\nThrough a combination of structure-based virtual and high-throughput screening, we assayed more than 10,000 compounds-including approved drugs, drug candidates in clinical trials and other pharmacologically active compounds-as inhibitors of Mpro.\nSix of these compounds inhibited Mpro, showing half-maximal inhibitory concentration values that ranged from 0.67 to 21.4 muM. One of these compounds (ebselen) also exhibited promising antiviral activity in cell-based assays.\nOur results demonstrate the efficacy of our screening strategy, which can lead to the rapid discovery of drug leads with clinical potential in response to new infectious diseases for which no specific drugs or vaccines are available.\n", "Evidence Map": {"Enrollment": [], "Comparison Results": [], "Study Arm 1 Results": [], "Study Arm 2 Results": []}, "Sentence-level breakdown": [{"Section": "TITLE", "Text": "A new coronavirus , known as severe acute respiratory syndrome coronavirus 2 ( SARS-CoV-2 ) , is the aetiological agent responsible for the 2019-2020 viral pneumonia outbreak of coronavirus disease 2019 ( COVID-19 ) 1-4 .", "Evidence Elements": {"Participant": [], "Intervention": [], "Outcome": []}, "Evidence Propositions": []}, {"Section": "OBJECTIVE", "Text": "Here we describe the results of a programme that aimed to rapidly discover lead compounds for clinical use , by combining structure-assisted drug design , virtual drug screening and high-throughput screening .", "Evidence Elements": {"Participant": [], "Intervention": [], "Outcome": []}, "Evidence Propositions": []}, {"Section": "OBJECTIVE", "Text": "This programme focused on identifying drug leads that target main protease ( Mpro ) of SARS-CoV-2 : Mpro is a key enzyme of coronaviruses and has a pivotal role in mediating viral replication and transcription , making it an attractive drug target for SARS-CoV-25 , 6 .", "Evidence Elements": {"Participant": [], "Intervention": [], "Outcome": []}, "Evidence Propositions": []}, {"Section": "METHODS", "Text": "We identified a mechanism-based inhibitor ( N3 ) by computer-aided drug design , and then determined the crystal structure of Mpro of SARS-CoV-2 in complex with this compound .", "Evidence Elements": {"Participant": [], "Intervention": [{"term": "mechanism-based inhibitor ( N3 )", "negation": "affirmed", "UMLS": "", "start": 16, "end": 48}], "Outcome": [{"term": "crystal structure", "negation": "affirmed", "UMLS": "", "start": 105, "end": 122}, {"term": "Mpro of SARS-CoV-2", "negation": "affirmed", "UMLS": "", "start": 126, "end": 144}]}, "Evidence Propositions": []}, {"Section": "METHODS", "Text": "Through a combination of structure-based virtual and high-throughput screening , we assayed more than 10,000 compounds - including approved drugs , drug candidates in clinical trials and other pharmacologically active compounds - as inhibitors of Mpro .", "Evidence Elements": {"Participant": [], "Intervention": [], "Outcome": []}, "Evidence Propositions": []}, {"Section": "RESULTS", "Text": "Six of these compounds inhibited Mpro , showing half-maximal inhibitory concentration values that ranged from 0.67 to 21.4 muM . One of these compounds ( ebselen ) also exhibited promising antiviral activity in cell-based assays .", "Evidence Elements": {"Participant": [], "Intervention": [{"term": "ebselen", "negation": "affirmed", "UMLS": "", "start": 154, "end": 161}], "Outcome": [{"term": "Mpro", "negation": "affirmed", "UMLS": "", "start": 33, "end": 37}, {"term": "half-maximal inhibitory concentration values", "negation": "affirmed", "UMLS": "", "start": 48, "end": 92}, {"term": "antiviral", "negation": "affirmed", "UMLS": "", "start": 189, "end": 198}]}, "Evidence Propositions": []}, {"Section": "CONCLUSIONS", "Text": "Our results demonstrate the efficacy of our screening strategy , which can lead to the rapid discovery of drug leads with clinical potential in response to new infectious diseases for which no specific drugs or vaccines are available .", "Evidence Elements": {"Participant": [], "Intervention": [], "Outcome": []}, "Evidence Propositions": []}]}