{"doc_id": "32277040", "type of study": "Therapy", "title": "", "abstract": "Many in the scientific community have mobilized to understand the virus that is causing the global coronavirus disease 2019 (COVID-19) pandemic.\nGao et al. focused on a complex that plays a key role in the replication and transcription cycle of the virus.\nThey used cryo-electron microscopy to determine a 2.9-angstrom-resolution structure of the RNA-dependent RNA polymerase nsp12, which catalyzes the synthesis of viral RNA, in complex with two cofactors, nsp7 and nsp8.\nnsp12 is a target for nucleotide analog antiviral inhibitors such as remdesivir, and the structure may provide a basis for designing new antiviral therapeutics.\nScience, this issue p. 779 The structure of the COVID-19 virus polymerase essential for viral replication provides a basis for the design of new antiviral drugs.\nA novel coronavirus [severe acute respiratory syndrome-coronavirus 2 (SARS-CoV-2)] outbreak has caused a global coronavirus disease 2019 (COVID-19) pandemic, resulting in tens of thousands of infections and thousands of deaths worldwide.\nThe RNA-dependent RNA polymerase [(RdRp), also named nsp12] is the central component of coronaviral replication and transcription machinery, and it appears to be a primary target for the antiviral drug remdesivir.\nWe report the cryo-electron microscopy structure of COVID-19 virus full-length nsp12 in complex with cofactors nsp7 and nsp8 at 2.9-angstrom resolution.\nIn addition to the conserved architecture of the polymerase core of the viral polymerase family, nsp12 possesses a newly identified beta-hairpin domain at its N terminus.\nA comparative analysis model shows how remdesivir binds to this polymerase.\nThe structure provides a basis for the design of new antiviral therapeutics that target viral RdRp.\n", "Evidence Map": {"Enrollment": [], "Comparison Results": [], "Study Arm 1 Results": [], "Study Arm 2 Results": []}, "Sentence-level breakdown": [{"Section": "TITLE", "Text": "Many in the scientific community have mobilized to understand the virus that is causing the global coronavirus disease 2019 ( COVID-19) pandemic .", "Evidence Elements": {"Participant": [], "Intervention": [], "Outcome": []}, "Evidence Propositions": []}, {"Section": "RESULTS", "Text": "Gao et al. focused on a complex that plays a key role in the replication and transcription cycle of the virus .", "Evidence Elements": {"Participant": [], "Intervention": [], "Outcome": []}, "Evidence Propositions": []}, {"Section": "RESULTS", "Text": "They used cryo-electron microscopy to determine a 2.9-angstrom-resolution structure of the RNA-dependent RNA polymerase nsp12 , which catalyzes the synthesis of viral RNA , in complex with two cofactors , nsp7 and nsp8 .", "Evidence Elements": {"Participant": [], "Intervention": [], "Outcome": [{"term": "2.9-angstrom-resolution structure", "negation": "affirmed", "UMLS": "", "start": 50, "end": 83}, {"term": "RNA-dependent RNA polymerase nsp12", "negation": "affirmed", "UMLS": "", "start": 91, "end": 125}]}, "Evidence Propositions": []}, {"Section": "RESULTS", "Text": "nsp12 is a target for nucleotide analog antiviral inhibitors such as remdesivir , and the structure may provide a basis for designing new antiviral therapeutics .", "Evidence Elements": {"Participant": [], "Intervention": [], "Outcome": []}, "Evidence Propositions": []}, {"Section": "RESULTS", "Text": "Science , this issue p. 779 The structure of the COVID-19 virus polymerase essential for viral replication provides a basis for the design of new antiviral drugs .", "Evidence Elements": {"Participant": [], "Intervention": [], "Outcome": []}, "Evidence Propositions": []}, {"Section": "RESULTS", "Text": "A novel coronavirus [ severe acute respiratory syndrome-coronavirus 2 ( SARS-CoV-2 ) ] outbreak has caused a global coronavirus disease 2019 ( COVID-19) pandemic , resulting in tens of thousands of infections and thousands of deaths worldwide .", "Evidence Elements": {"Participant": [], "Intervention": [], "Outcome": []}, "Evidence Propositions": []}, {"Section": "RESULTS", "Text": "The RNA-dependent RNA polymerase [ ( RdRp ) , also named nsp12 ] is the central component of coronaviral replication and transcription machinery , and it appears to be a primary target for the antiviral drug remdesivir .", "Evidence Elements": {"Participant": [], "Intervention": [], "Outcome": []}, "Evidence Propositions": []}, {"Section": "RESULTS", "Text": "We report the cryo-electron microscopy structure of COVID-19 virus full-length nsp12 in complex with cofactors nsp7 and nsp8 at 2.9-angstrom resolution .", "Evidence Elements": {"Participant": [], "Intervention": [{"term": "COVID-19 virus full-length nsp12", "negation": "affirmed", "UMLS": "", "start": 52, "end": 84}], "Outcome": []}, "Evidence Propositions": []}, {"Section": "RESULTS", "Text": "In addition to the conserved architecture of the polymerase core of the viral polymerase family , nsp12 possesses a newly identified beta-hairpin domain at its N terminus .", "Evidence Elements": {"Participant": [], "Intervention": [], "Outcome": []}, "Evidence Propositions": []}, {"Section": "RESULTS", "Text": "A comparative analysis model shows how remdesivir binds to this polymerase .", "Evidence Elements": {"Participant": [], "Intervention": [{"term": "remdesivir", "negation": "affirmed", "UMLS": "", "start": 39, "end": 49}], "Outcome": []}, "Evidence Propositions": []}, {"Section": "CONCLUSIONS", "Text": "The structure provides a basis for the design of new antiviral therapeutics that target viral RdRp .", "Evidence Elements": {"Participant": [], "Intervention": [], "Outcome": []}, "Evidence Propositions": []}]}