{"doc_id": "32275256", "type of study": "Therapy", "title": "", "abstract": "The spread of COVID-19 epidemic in Italy, and particularly in Lombardy determined the need to standardize the therapeutic approach in order to offer the same indications for all hospitals in Lombardy.\nHowever, no specific drug has been previously approved for the COVID-19 treatment.\nThe Lombardy Section of the Italian Society of Infectious and Tropical Diseases provided this <<vademecum>> with the aim to explore the current evidence about the drugs likely to be efficacious in the treatment of COVID-19.\nMoreover, a multidisciplinary group including critical care specialists has been created in order to provide indications about supporting measures and the use of steroids.\nA new grading scale has been proposed to help patients' stratification according to the severity of the respiratory conditions.\nLastly, a collaborating group with immunologists and rheumatologists has been built with the aim of providing some guidance about the use of tocilizumab, a promising option for the treatment of the hyperinflammatory state occurring in most patients affected by COVID-19.\n", "Evidence Map": {"Enrollment": [], "Comparison Results": [], "Study Arm 1 Results": [], "Study Arm 2 Results": []}, "Sentence-level breakdown": [{"Section": "TITLE", "Text": "The spread of COVID-19 epidemic in Italy , and particularly in Lombardy determined the need to standardize the therapeutic approach in order to offer the same indications for all hospitals in Lombardy .", "Evidence Elements": {"Participant": [], "Intervention": [], "Outcome": []}, "Evidence Propositions": []}, {"Section": "OBJECTIVE", "Text": "The Lombardy Section of the Italian Society of Infectious and Tropical Diseases provided this < < vademecum > > with the aim to explore the current evidence about the drugs likely to be efficacious in the treatment of COVID-19 .", "Evidence Elements": {"Participant": [], "Intervention": [], "Outcome": []}, "Evidence Propositions": []}, {"Section": "RESULTS", "Text": "Moreover , a multidisciplinary group including critical care specialists has been created in order to provide indications about supporting measures and the use of steroids .", "Evidence Elements": {"Participant": [], "Intervention": [], "Outcome": []}, "Evidence Propositions": []}, {"Section": "RESULTS", "Text": "A new grading scale has been proposed to help patients 'stratification according to the severity of the respiratory conditions .", "Evidence Elements": {"Participant": [], "Intervention": [], "Outcome": []}, "Evidence Propositions": []}, {"Section": "CONCLUSIONS", "Text": "Lastly , a collaborating group with immunologists and rheumatologists has been built with the aim of providing some guidance about the use of tocilizumab , a promising option for the treatment of the hyperinflammatory state occurring in most patients affected by COVID-19 .", "Evidence Elements": {"Participant": [], "Intervention": [{"term": "tocilizumab", "negation": "affirmed", "UMLS": "", "start": 142, "end": 153}], "Outcome": []}, "Evidence Propositions": []}]}