{"doc_id": "32272173", "type of study": "Therapy", "title": "", "abstract": "The coronavirus disease 2019 (COVID-19) pandemic has focused attention on the need to develop effective therapies against the causative agent, SARS-CoV-2, and also against other pathogenic coronaviruses (CoV) that have emerged in the past or might appear in future.\nResearchers are therefore focusing on steps in the CoV replication cycle that may be vulnerable to inhibition by broad-spectrum or specific antiviral agents.\nThe conserved nature of the fusion domain and mechanism across the CoV family make it a valuable target to elucidate and develop pan-CoV therapeutics.\nIn this article, we review the role of the CoV spike protein in mediating fusion of the viral and host cell membranes, summarizing the results of research on SARS-CoV, MERS-CoV, and recent peer-reviewed studies of SARS-CoV-2, and suggest that the fusion mechanism be investigated as a potential antiviral target.\nWe also provide a supplemental file containing background information on the biology, epidemiology, and clinical features of all human-infecting coronaviruses, along with a phylogenetic tree of these coronaviruses.\nSARS-CoV, MERS-CoV, and SARS-CoV-2 entry (receptor binding and membrane fusion) is governed by the viral spike (S) protein.\nA predicted furin cleavage in SARS-CoV-2 differentiates it from SARS-CoV, and may affect its entry and transmissibility.\nThe proposed SARS-CoV-2 FP using a pairwise sequence alignment with SARS-CoV shows 93% sequence homology.\nS protein can be activated for early plasma membrane or late endosomal membrane entry depending on protease availability.\nThe fusion peptide is well conserved across the CoV family, making it a good target for pan coronavirus antivirals.\n", "Evidence Map": {"Enrollment": [{"term": "SARS-CoV", "negation": "affirmed", "UMLS": "", "start": 160, "end": 168}, {"term": "MERS-CoV", "negation": "affirmed", "UMLS": "", "start": 171, "end": 179}], "Comparison Results": [], "Study Arm 1 Results": [], "Study Arm 2 Results": []}, "Sentence-level breakdown": [{"Section": "TITLE", "Text": "The coronavirus disease 2019 ( COVID-19) pandemic has focused attention on the need to develop effective therapies against the causative agent , SARS-CoV-2 , and also against other pathogenic coronaviruses ( CoV ) that have emerged in the past or might appear in future .", "Evidence Elements": {"Participant": [], "Intervention": [], "Outcome": []}, "Evidence Propositions": []}, {"Section": "OBJECTIVE", "Text": "In this article , we review the role of the CoV spike protein in mediating fusion of the viral and host cell membranes , summarizing the results of research on SARS-CoV , MERS-CoV , and recent peer-reviewed studies of SARS-CoV-2 , and suggest that the fusion mechanism be investigated as a potential antiviral target .", "Evidence Elements": {"Participant": [{"term": "SARS-CoV", "negation": "affirmed", "UMLS": "", "start": 160, "end": 168}, {"term": "MERS-CoV", "negation": "affirmed", "UMLS": "", "start": 171, "end": 179}], "Intervention": [{"term": "CoV spike protein", "negation": "affirmed", "UMLS": "", "start": 44, "end": 61}, {"term": "SARS-CoV-2", "negation": "affirmed", "UMLS": "", "start": 218, "end": 228}], "Outcome": [{"term": "fusion of the viral and host cell membranes", "negation": "affirmed", "UMLS": "", "start": 75, "end": 118}]}, "Evidence Propositions": []}, {"Section": "METHODS", "Text": "We also provide a supplemental file containing background information on the biology , epidemiology , and clinical features of all human-infecting coronaviruses , along with a phylogenetic tree of these coronaviruses .", "Evidence Elements": {"Participant": [], "Intervention": [], "Outcome": []}, "Evidence Propositions": []}, {"Section": "RESULTS", "Text": "SARS-CoV , MERS-CoV , and SARS-CoV-2 entry ( receptor binding and membrane fusion ) is governed by the viral spike ( S ) protein .", "Evidence Elements": {"Participant": [], "Intervention": [], "Outcome": []}, "Evidence Propositions": []}, {"Section": "RESULTS", "Text": "A predicted furin cleavage in SARS-CoV-2 differentiates it from SARS-CoV , and may affect its entry and transmissibility .", "Evidence Elements": {"Participant": [], "Intervention": [], "Outcome": [{"term": "furin", "negation": "affirmed", "UMLS": "", "start": 12, "end": 17}, {"term": "entry", "negation": "affirmed", "UMLS": "", "start": 94, "end": 99}]}, "Evidence Propositions": []}, {"Section": "RESULTS", "Text": "The proposed SARS-CoV-2 FP using a pairwise sequence alignment with SARS-CoV shows 93 % sequence homology .", "Evidence Elements": {"Participant": [], "Intervention": [{"term": "SARS-CoV-2 FP", "negation": "affirmed", "UMLS": "", "start": 13, "end": 26}], "Outcome": [{"term": "sequence", "negation": "affirmed", "UMLS": "", "start": 44, "end": 52}]}, "Evidence Propositions": []}, {"Section": "RESULTS", "Text": "S protein can be activated for early plasma membrane or late endosomal membrane entry depending on protease availability .", "Evidence Elements": {"Participant": [], "Intervention": [], "Outcome": []}, "Evidence Propositions": []}, {"Section": "CONCLUSIONS", "Text": "The fusion peptide is well conserved across the CoV family , making it a good target for pan coronavirus antivirals .", "Evidence Elements": {"Participant": [], "Intervention": [], "Outcome": []}, "Evidence Propositions": []}]}