{"doc_id": "32271490", "type of study": "Therapy", "title": "", "abstract": "Early reports have suggested that smell loss may be an early symptom associated with the pandemic known as COVID-19.\nThe possibility that severe acute respiratory syndrome coronavirus 2 (SARS-CoV-2) might cause olfactory dysfunction is certainly plausible.\nPatients presenting to specialized smell clinics are commonly diagnosed with upper respiratory infection (URI)-associated olfactory loss and most are presumed to be viral related.\nIn acute phases of infection, it is common to experience some smell loss as a result of nasal inflammation, mucosal edema, and obstruction of airflow into the olfactory cleft.\nIn most cases, these episodes of smell loss are self-limiting and coincide with resolution of URI symptoms.\nHowever, in some cases the smell loss persists for months to years and this is presumed to occur through a more direct olfactory insult by the virus.\nIt remains too early to know whether infection with SARS-CoV-2 causes persistent olfactory dysfunction.\nHowever, given the scale of this pandemic, if SARS-CoV-2 does cause chronic olfactory loss in even a small portion of those infected, then the overall population prevalence could be quite large.\nThis review provides a brief, practical overview of viral-associated olfactory loss, realizing that evidence related to COVID-19 will likely not be clear for some time.\nOur goal is to highlight the existence and importance of this condition and provide information geared for both providers and patients.\nPractical suggestions regarding evaluation and treatment will be provided, realizing that there may be constraints on medical resources and the nature of this pandemic remains dynamic.\nThis article is protected by copyright.\nAll rights reserved\n", "Evidence Map": {"Enrollment": [], "Comparison Results": [], "Study Arm 1 Results": [], "Study Arm 2 Results": []}, "Sentence-level breakdown": [{"Section": "TITLE", "Text": "Early reports have suggested that smell loss may be an early symptom associated with the pandemic known as COVID-19 .", "Evidence Elements": {"Participant": [], "Intervention": [], "Outcome": []}, "Evidence Propositions": []}, {"Section": "RESULTS", "Text": "However , given the scale of this pandemic , if SARS-CoV-2 does cause chronic olfactory loss in even a small portion of those infected , then the overall population prevalence could be quite large .", "Evidence Elements": {"Participant": [], "Intervention": [], "Outcome": []}, "Evidence Propositions": []}, {"Section": "RESULTS", "Text": "This review provides a brief , practical overview of viral-associated olfactory loss , realizing that evidence related to COVID-19 will likely not be clear for some time .", "Evidence Elements": {"Participant": [], "Intervention": [], "Outcome": []}, "Evidence Propositions": []}, {"Section": "RESULTS", "Text": "Our goal is to highlight the existence and importance of this condition and provide information geared for both providers and patients .", "Evidence Elements": {"Participant": [], "Intervention": [], "Outcome": []}, "Evidence Propositions": []}, {"Section": "RESULTS", "Text": "Practical suggestions regarding evaluation and treatment will be provided , realizing that there may be constraints on medical resources and the nature of this pandemic remains dynamic .", "Evidence Elements": {"Participant": [], "Intervention": [], "Outcome": []}, "Evidence Propositions": []}, {"Section": "RESULTS", "Text": "This article is protected by copyright .", "Evidence Elements": {"Participant": [], "Intervention": [], "Outcome": []}, "Evidence Propositions": []}, {"Section": "CONCLUSIONS", "Text": "All rights reserved", "Evidence Elements": {"Participant": [], "Intervention": [], "Outcome": []}, "Evidence Propositions": []}]}