{"doc_id": "32276137", "type of study": "Therapy", "title": "", "abstract": "It is an ugly fact that a significant amount of the world's population will contract SARS-CoV-II infection with the current spreading.\nWhile a specific treatment is not yet coming soon, individual risk assessment and management strategies are crucial.\nThe individual preventive and protective measures drive the personal risk of getting the disease.\nAmong the virus-contracted hosts, their different metabolic status, as determined by their diet, nutrition, age, sex, medical conditions, lifestyle, and environmental factors, govern the personal fate toward different clinical severity of COVID-19, from asymptomatic, mild, moderate, to death.\nThe careful individual assessment for the possible dietary, nutritional, medical, lifestyle, and environmental risks, together with the proper relevant risk management strategies, is the sensible way to deal with the pandemic of SARS-CoV-II.\nA significant amount of the world's population will contract COVID-19 infection.\nIndividual risk assessment and management strategies are crucial.\nMetabolic status determines the clinical severity of COVID-19, from asymptomatic to death.\nImportant factors include diet, nutrition, age, sex, health, lifestyle, and environment.\n", "Evidence Map": {"Enrollment": [], "Comparison Results": [], "Study Arm 1 Results": [], "Study Arm 2 Results": []}, "Sentence-level breakdown": [{"Section": "TITLE", "Text": "It is an ugly fact that a significant amount of the world 's population will contract SARS-CoV-II infection with the current spreading .", "Evidence Elements": {"Participant": [], "Intervention": [], "Outcome": []}, "Evidence Propositions": []}, {"Section": "RESULTS", "Text": "While a specific treatment is not yet coming soon , individual risk assessment and management strategies are crucial .", "Evidence Elements": {"Participant": [], "Intervention": [], "Outcome": []}, "Evidence Propositions": []}, {"Section": "RESULTS", "Text": "The individual preventive and protective measures drive the personal risk of getting the disease .", "Evidence Elements": {"Participant": [], "Intervention": [], "Outcome": []}, "Evidence Propositions": []}, {"Section": "RESULTS", "Text": "Among the virus-contracted hosts , their different metabolic status , as determined by their diet , nutrition , age , sex , medical conditions , lifestyle , and environmental factors , govern the personal fate toward different clinical severity of COVID-19 , from asymptomatic , mild , moderate , to death .", "Evidence Elements": {"Participant": [], "Intervention": [], "Outcome": []}, "Evidence Propositions": []}, {"Section": "RESULTS", "Text": "The careful individual assessment for the possible dietary , nutritional , medical , lifestyle , and environmental risks , together with the proper relevant risk management strategies , is the sensible way to deal with the pandemic of SARS-CoV-II .", "Evidence Elements": {"Participant": [], "Intervention": [], "Outcome": []}, "Evidence Propositions": []}, {"Section": "RESULTS", "Text": "A significant amount of the world 's population will contract COVID-19 infection .", "Evidence Elements": {"Participant": [], "Intervention": [], "Outcome": []}, "Evidence Propositions": []}, {"Section": "RESULTS", "Text": "Individual risk assessment and management strategies are crucial .", "Evidence Elements": {"Participant": [], "Intervention": [], "Outcome": []}, "Evidence Propositions": []}, {"Section": "RESULTS", "Text": "Metabolic status determines the clinical severity of COVID-19 , from asymptomatic to death .", "Evidence Elements": {"Participant": [], "Intervention": [], "Outcome": []}, "Evidence Propositions": []}, {"Section": "CONCLUSIONS", "Text": "Important factors include diet , nutrition , age , sex , health , lifestyle , and environment .", "Evidence Elements": {"Participant": [], "Intervention": [], "Outcome": []}, "Evidence Propositions": []}]}