{"doc_id": "32277367", "type of study": "Therapy", "title": "", "abstract": "Key Points   Patients with coronavirus disease 19 (COVID-19) may have features mimicking rheumatic diseases, such as arthralgias, acute interstitial pneumonia, myocarditis, leucopenia, lymphopenia, thrombocytopenia and cytokine storm with features akin to secondary hemophagocytic lymphohistiocytosis.\nAlthough preliminary results may be encouraging, high-quality clinical trials are needed to better understand the role of drugs commonly used in rheumatology like hydroxychloroquine and tocilizumab in COVID-19.\nUntil further evidence emerges, it may be cautiously recommended to continue glucocorticoids and other disease-modifying antirheumatic drugs (DMARDs) in patients receiving these therapies, with discontinuation of DMARDs during infections as per standard practice.\nThe ongoing pandemic coronavirus disease 19 (COVID-19) caused by the severe acute respiratory syndrome coronavirus 2 (SARS-CoV-2) is a matter of global concern.\nEnvironmental factors such as air pollution and smoking and comorbid conditions (hypertension, diabetes mellitus and underlying cardio-respiratory illness) likely increase the severity of COVID-19.\nRheumatic manifestations such as arthralgias and arthritis may be prevalent in about a seventh of individuals.\nCOVID-19 can result in acute interstitial pneumonia, myocarditis, leucopenia (with lymphopenia) and thrombocytopenia, also seen in rheumatic diseases like lupus and Sjogren's syndrome.\nSevere disease in a subset of patients may be driven by cytokine storm, possibly due to secondary hemophagocytic lymphohistiocytosis (HLH), akin to that in systemic onset juvenile idiopathic arthritis or adult-onset Still's disease.\nIn the absence of high-quality evidence in this emerging disease, understanding of pathogenesis may help postulate potential therapies.\nAngiotensin converting enzyme 2 (ACE2) appears important for viral entry into pneumocytes; dysbalance in ACE2 as caused by ACE inhibitors or ibuprofen may predispose to severe disease.\nPreliminary evidence suggests potential benefit with chloroquine or hydroxychloroquine.\nAntiviral drugs like lopinavir/ritonavir, favipiravir and remdesivir are also being explored.\nCytokine storm and secondary HLH might require heightened immunosuppressive regimens.\nCurrent international society recommendations suggest that patients with rheumatic diseases on immunosuppressive therapy should not stop glucocorticoids during COVID-19 infection, although minimum possible doses may be used.\nDisease-modifying drugs should be continued; cessation may be considered during infection episodes as per standard practices.\nDevelopment of a vaccine may be the only effective long-term protection against this disease.\n", "Evidence Map": {"Enrollment": [], "Comparison Results": [], "Study Arm 1 Results": [], "Study Arm 2 Results": []}, "Sentence-level breakdown": [{"Section": "TITLE", "Text": "Key Points Patients with coronavirus disease 19 ( COVID-19 ) may have features mimicking rheumatic diseases , such as arthralgias , acute interstitial pneumonia , myocarditis , leucopenia , lymphopenia , thrombocytopenia and cytokine storm with features akin to secondary hemophagocytic lymphohistiocytosis .", "Evidence Elements": {"Participant": [], "Intervention": [], "Outcome": []}, "Evidence Propositions": []}, {"Section": "RESULTS", "Text": "Until further evidence emerges , it may be cautiously recommended to continue glucocorticoids and other disease-modifying antirheumatic drugs ( DMARDs ) in patients receiving these therapies , with discontinuation of DMARDs during infections as per standard practice .", "Evidence Elements": {"Participant": [], "Intervention": [], "Outcome": []}, "Evidence Propositions": []}, {"Section": "RESULTS", "Text": "The ongoing pandemic coronavirus disease 19 ( COVID-19 ) caused by the severe acute respiratory syndrome coronavirus 2 ( SARS-CoV-2 ) is a matter of global concern .", "Evidence Elements": {"Participant": [], "Intervention": [], "Outcome": []}, "Evidence Propositions": []}, {"Section": "RESULTS", "Text": "Environmental factors such as air pollution and smoking and comorbid conditions ( hypertension , diabetes mellitus and underlying cardio-respiratory illness ) likely increase the severity of COVID-19 .", "Evidence Elements": {"Participant": [], "Intervention": [], "Outcome": []}, "Evidence Propositions": []}, {"Section": "RESULTS", "Text": "Rheumatic manifestations such as arthralgias and arthritis may be prevalent in about a seventh of individuals .", "Evidence Elements": {"Participant": [], "Intervention": [], "Outcome": []}, "Evidence Propositions": []}, {"Section": "RESULTS", "Text": "COVID-19 can result in acute interstitial pneumonia , myocarditis , leucopenia ( with lymphopenia ) and thrombocytopenia , also seen in rheumatic diseases like lupus and Sjogren 's syndrome .", "Evidence Elements": {"Participant": [], "Intervention": [], "Outcome": []}, "Evidence Propositions": []}, {"Section": "RESULTS", "Text": "Severe disease in a subset of patients may be driven by cytokine storm , possibly due to secondary hemophagocytic lymphohistiocytosis ( HLH ) , akin to that in systemic onset juvenile idiopathic arthritis or adult-onset Still 's disease .", "Evidence Elements": {"Participant": [], "Intervention": [], "Outcome": []}, "Evidence Propositions": []}, {"Section": "RESULTS", "Text": "In the absence of high-quality evidence in this emerging disease , understanding of pathogenesis may help postulate potential therapies .", "Evidence Elements": {"Participant": [], "Intervention": [], "Outcome": []}, "Evidence Propositions": []}, {"Section": "RESULTS", "Text": "Angiotensin converting enzyme 2 ( ACE2 ) appears important for viral entry into pneumocytes ; dysbalance in ACE2 as caused by ACE inhibitors or ibuprofen may predispose to severe disease .", "Evidence Elements": {"Participant": [], "Intervention": [], "Outcome": []}, "Evidence Propositions": []}, {"Section": "RESULTS", "Text": "Preliminary evidence suggests potential benefit with chloroquine or hydroxychloroquine .", "Evidence Elements": {"Participant": [], "Intervention": [{"term": "chloroquine", "negation": "affirmed", "UMLS": "", "start": 53, "end": 64}, {"term": "hydroxychloroquine", "negation": "affirmed", "UMLS": "", "start": 68, "end": 86}], "Outcome": []}, "Evidence Propositions": []}, {"Section": "RESULTS", "Text": "Antiviral drugs like lopinavir / ritonavir , favipiravir and remdesivir are also being explored .", "Evidence Elements": {"Participant": [], "Intervention": [], "Outcome": []}, "Evidence Propositions": []}, {"Section": "RESULTS", "Text": "Cytokine storm and secondary HLH might require heightened immunosuppressive regimens .", "Evidence Elements": {"Participant": [], "Intervention": [], "Outcome": []}, "Evidence Propositions": []}, {"Section": "RESULTS", "Text": "Current international society recommendations suggest that patients with rheumatic diseases on immunosuppressive therapy should not stop glucocorticoids during COVID-19 infection , although minimum possible doses may be used .", "Evidence Elements": {"Participant": [], "Intervention": [], "Outcome": []}, "Evidence Propositions": []}, {"Section": "RESULTS", "Text": "Disease-modifying drugs should be continued ; cessation may be considered during infection episodes as per standard practices .", "Evidence Elements": {"Participant": [], "Intervention": [], "Outcome": []}, "Evidence Propositions": []}, {"Section": "CONCLUSIONS", "Text": "Development of a vaccine may be the only effective long-term protection against this disease .", "Evidence Elements": {"Participant": [], "Intervention": [], "Outcome": []}, "Evidence Propositions": []}]}