{"doc_id": "32279908", "type of study": "Therapy", "title": "", "abstract": "In the recent coronavirus disease (COVID-19) outbreak, a higher proportion of patients with severe disease were found in older persons with comorbidities.\nThis observation has been related to the use of drugs that can increase the cellular expression of angiotensin-converting enzyme 2 (ACE2) that has been recognized as target to which the virus bind to cells.\nAlthough this hypothesis is possible, it may also have other explanations which are discussed.\n", "Evidence Map": {"Enrollment": [], "Comparison Results": [], "Study Arm 1 Results": [], "Study Arm 2 Results": []}, "Sentence-level breakdown": [{"Section": "TITLE", "Text": "In the recent coronavirus disease ( COVID-19 ) outbreak , a higher proportion of patients with severe disease were found in older persons with comorbidities .", "Evidence Elements": {"Participant": [], "Intervention": [], "Outcome": []}, "Evidence Propositions": []}, {"Section": "CONCLUSIONS", "Text": "This observation has been related to the use of drugs that can increase the cellular expression of angiotensin-converting enzyme 2 ( ACE2 ) that has been recognized as target to which the virus bind to cells .", "Evidence Elements": {"Participant": [], "Intervention": [], "Outcome": []}, "Evidence Propositions": []}, {"Section": "CONCLUSIONS", "Text": "Although this hypothesis is possible , it may also have other explanations which are discussed .", "Evidence Elements": {"Participant": [], "Intervention": [], "Outcome": []}, "Evidence Propositions": []}]}