{"doc_id": "32273253", "type of study": "Therapy", "title": "", "abstract": "To discuss hospital pharmacists' role in providing pharmaceutical care for hospitalized patients with COVID-19 to promote patient care and management during the pandemic.\nBased on the method of evidence-based pharmacy, clinical evidence of therapeutical drugs for COVID-19 were retrieved and summarized.\nBased on clinical experience Chinese hospital pharmacists gained from providing pharmaceutical care services during COVID-19 pandemic, taking COVID-19 hospitalized patients' needs into consideration, the methods and strategies hospital pharmacists shall use to provide pharmaceutical care were analyzed and summarized.\nHospital pharmacists shall support pharmaceutical care services by participating in making evidence-based decisions for medication, monitoring and evaluation of medication safety and efficacy, providing strengthened care for special population and patients with combined underlying diseases, monitoring and management of convalescent plasma therapy, providing emotional counselling and psychological support, and providing scientific information about COVID-19 vaccines.\nThe need of pharmaceutical care services in COVID-19 hospitalized patients during this pandemic was quite distinguished from the past.\nHospital pharmacists shall join the collaborative multidisciplinary team to improve COVID-19 patients' outcome and reduce mortality, and to facilitate the pandemic control.\n", "Evidence Map": {"Enrollment": [{"term": "hospitalized patients", "negation": "affirmed", "UMLS": "", "start": 76, "end": 97}, {"term": "COVID-19", "negation": "affirmed", "UMLS": "", "start": 103, "end": 111}, {"term": "COVID-19", "negation": "affirmed", "UMLS": "", "start": 94, "end": 102}, {"term": "hospital pharmacists", "negation": "affirmed", "UMLS": "", "start": 37, "end": 57}, {"term": "COVID-19", "negation": "affirmed", "UMLS": "", "start": 116, "end": 124}, {"term": "hospitalized", "negation": "affirmed", "UMLS": "", "start": 152, "end": 164}, {"term": "hospital pharmacists", "negation": "affirmed", "UMLS": "", "start": 37, "end": 57}], "Comparison Results": [], "Study Arm 1 Results": [], "Study Arm 2 Results": []}, "Sentence-level breakdown": [{"Section": "TITLE", "Text": "To discuss hospital pharmacists ' role in providing pharmaceutical care for hospitalized patients with COVID-19 to promote patient care and management during the pandemic .", "Evidence Elements": {"Participant": [{"term": "hospitalized patients", "negation": "affirmed", "UMLS": "", "start": 76, "end": 97}, {"term": "COVID-19", "negation": "affirmed", "UMLS": "", "start": 103, "end": 111}], "Intervention": [{"term": "hospital pharmacists", "negation": "affirmed", "UMLS": "", "start": 11, "end": 31}], "Outcome": [{"term": "pharmaceutical care", "negation": "affirmed", "UMLS": "", "start": 52, "end": 71}, {"term": "patient care", "negation": "affirmed", "UMLS": "", "start": 123, "end": 135}, {"term": "management", "negation": "affirmed", "UMLS": "", "start": 140, "end": 150}]}, "Evidence Propositions": []}, {"Section": "METHODS", "Text": "Based on the method of evidence-based pharmacy , clinical evidence of therapeutical drugs for COVID-19 were retrieved and summarized .", "Evidence Elements": {"Participant": [{"term": "COVID-19", "negation": "affirmed", "UMLS": "", "start": 94, "end": 102}], "Intervention": [], "Outcome": [{"term": "clinical evidence of therapeutical drugs", "negation": "affirmed", "UMLS": "", "start": 49, "end": 89}]}, "Evidence Propositions": []}, {"Section": "METHODS", "Text": "Based on clinical experience Chinese hospital pharmacists gained from providing pharmaceutical care services during COVID-19 pandemic , taking COVID-19 hospitalized patients ' needs into consideration , the methods and strategies hospital pharmacists shall use to provide pharmaceutical care were analyzed and summarized .", "Evidence Elements": {"Participant": [{"term": "hospital pharmacists", "negation": "affirmed", "UMLS": "", "start": 37, "end": 57}, {"term": "COVID-19", "negation": "affirmed", "UMLS": "", "start": 116, "end": 124}, {"term": "hospitalized", "negation": "affirmed", "UMLS": "", "start": 152, "end": 164}, {"term": "hospital pharmacists", "negation": "affirmed", "UMLS": "", "start": 37, "end": 57}], "Intervention": [], "Outcome": [{"term": "pharmaceutical care services", "negation": "affirmed", "UMLS": "", "start": 80, "end": 108}, {"term": "pharmaceutical care", "negation": "affirmed", "UMLS": "", "start": 80, "end": 99}]}, "Evidence Propositions": []}, {"Section": "RESULTS", "Text": "Hospital pharmacists shall support pharmaceutical care services by participating in making evidence-based decisions for medication , monitoring and evaluation of medication safety and efficacy , providing strengthened care for special population and patients with combined underlying diseases , monitoring and management of convalescent plasma therapy , providing emotional counselling and psychological support , and providing scientific information about COVID-19 vaccines .", "Evidence Elements": {"Participant": [], "Intervention": [], "Outcome": []}, "Evidence Propositions": []}, {"Section": "RESULTS", "Text": "The need of pharmaceutical care services in COVID-19 hospitalized patients during this pandemic was quite distinguished from the past .", "Evidence Elements": {"Participant": [], "Intervention": [], "Outcome": []}, "Evidence Propositions": []}, {"Section": "CONCLUSIONS", "Text": "Hospital pharmacists shall join the collaborative multidisciplinary team to improve COVID-19 patients ' outcome and reduce mortality , and to facilitate the pandemic control .", "Evidence Elements": {"Participant": [], "Intervention": [], "Outcome": []}, "Evidence Propositions": []}]}