{"doc_id": "32275128", "type of study": "Therapy", "title": "", "abstract": "OBJECTIVE: To analyze the roles of multidisciplinary team (MDT) in the diagnosis and treatment of suspected cases of corona virus disease 2019 (COVID-19).\nThe clinical data of 48 patients with suspected COVID-19 admitted in Jinhua Central Hospital from January 21, 2020 to March 20, 2020 were retrospectively analyzed.\nOf the 48 suspected cases, 18 were diagnosed with COVID-19, and 30 were excluded.\nEach of the confirmed cases were discussed among MDT for 2 to 12 times with an average of (4.7+-3.2) times; while for non-COVID-19 patients were discussed for 2 to 4 times with an average of (2.3+-0.6) times per case.\nWith the guidance of MDT, one COVID-19 patient was transferred to designated provincial hospital after effective treatment; one patient complicated with acute cholecystitis underwent gallbladder puncture and drainage; and COVID-19 was excluded in a highly suspected patient after alveolar lavage fluid examination.\nExcept one transferred patient, all 17 confirmed COVID-19 patients were cured and discharged; there was no cross-infection occurred in suspected patients during the hospitalization; there were no deaths and no medical staff infections.\nThe efficiency of diagnosis and treatment for suspected COVID-19 patients can be improved under MDT mode, particularly for complicated and refractory cases.\n", "Evidence Map": {"Enrollment": [{"term": "suspected cases of corona virus", "negation": "affirmed", "UMLS": "", "start": 101, "end": 132}, {"term": "suspected COVID-19", "negation": "affirmed", "UMLS": "", "start": 38, "end": 56}, {"term": "COVID-19", "negation": "affirmed", "UMLS": "", "start": 51, "end": 59}, {"term": "non-COVID-19", "negation": "affirmed", "UMLS": "", "start": 121, "end": 133}, {"term": "COVID-19", "negation": "affirmed", "UMLS": "", "start": 31, "end": 39}, {"term": "acute cholecystitis", "negation": "affirmed", "UMLS": "", "start": 155, "end": 174}, {"term": "gallbladder puncture", "negation": "affirmed", "UMLS": "", "start": 185, "end": 205}, {"term": "COVID-19", "negation": "affirmed", "UMLS": "", "start": 31, "end": 39}, {"term": "suspected patients", "negation": "negated", "UMLS": "", "start": 137, "end": 155}, {"term": "suspected COVID-19", "negation": "affirmed", "UMLS": "", "start": 46, "end": 64}, {"term": "complicated", "negation": "affirmed", "UMLS": "", "start": 124, "end": 135}, {"term": "refractory", "negation": "affirmed", "UMLS": "", "start": 140, "end": 150}], "Comparison Results": [], "Study Arm 1 Results": [], "Study Arm 2 Results": []}, "Sentence-level breakdown": [{"Section": "TITLE", "Text": "OBJECTIVE : To analyze the roles of multidisciplinary team ( MDT ) in the diagnosis and treatment of suspected cases of corona virus disease 2019 ( COVID-19 ) .", "Evidence Elements": {"Participant": [{"term": "suspected cases of corona virus", "negation": "affirmed", "UMLS": "", "start": 101, "end": 132}], "Intervention": [{"term": "multidisciplinary team ( MDT )", "negation": "affirmed", "UMLS": "", "start": 36, "end": 66}], "Outcome": [{"term": "diagnosis", "negation": "affirmed", "UMLS": "", "start": 74, "end": 83}, {"term": "treatment", "negation": "affirmed", "UMLS": "", "start": 88, "end": 97}]}, "Evidence Propositions": []}, {"Section": "METHODS", "Text": "The clinical data of 48 patients with suspected COVID-19 admitted in Jinhua Central Hospital from January 21 , 2020 to March 20 , 2020 were retrospectively analyzed .", "Evidence Elements": {"Participant": [{"term": "suspected COVID-19", "negation": "affirmed", "UMLS": "", "start": 38, "end": 56}], "Intervention": [], "Outcome": []}, "Evidence Propositions": []}, {"Section": "RESULTS", "Text": "Of the 48 suspected cases , 18 were diagnosed with COVID-19 , and 30 were excluded .", "Evidence Elements": {"Participant": [{"term": "COVID-19", "negation": "affirmed", "UMLS": "", "start": 51, "end": 59}], "Intervention": [], "Outcome": []}, "Evidence Propositions": []}, {"Section": "RESULTS", "Text": "Each of the confirmed cases were discussed among MDT for 2 to 12 times with an average of ( 4.7+-3.2 ) times ; while for non-COVID-19 patients were discussed for 2 to 4 times with an average of ( 2.3+-0.6 ) times per case .", "Evidence Elements": {"Participant": [{"term": "non-COVID-19", "negation": "affirmed", "UMLS": "", "start": 121, "end": 133}], "Intervention": [], "Outcome": []}, "Evidence Propositions": []}, {"Section": "RESULTS", "Text": "With the guidance of MDT , one COVID-19 patient was transferred to designated provincial hospital after effective treatment ; one patient complicated with acute cholecystitis underwent gallbladder puncture and drainage ; and COVID-19 was excluded in a highly suspected patient after alveolar lavage fluid examination .", "Evidence Elements": {"Participant": [{"term": "COVID-19", "negation": "affirmed", "UMLS": "", "start": 31, "end": 39}, {"term": "acute cholecystitis", "negation": "affirmed", "UMLS": "", "start": 155, "end": 174}, {"term": "gallbladder puncture", "negation": "affirmed", "UMLS": "", "start": 185, "end": 205}, {"term": "COVID-19", "negation": "affirmed", "UMLS": "", "start": 31, "end": 39}], "Intervention": [], "Outcome": []}, "Evidence Propositions": []}, {"Section": "RESULTS", "Text": "Except one transferred patient , all 17 confirmed COVID-19 patients were cured and discharged ; there was no cross-infection occurred in suspected patients during the hospitalization ; there were no deaths and no medical staff infections .", "Evidence Elements": {"Participant": [{"term": "suspected patients", "negation": "negated", "UMLS": "", "start": 137, "end": 155}], "Intervention": [], "Outcome": [{"term": "transferred patient", "negation": "negated", "UMLS": "", "start": 11, "end": 30}, {"term": "confirmed COVID-19 patients", "negation": "negated", "UMLS": "", "start": 40, "end": 67}, {"term": "cured", "negation": "negated", "UMLS": "", "start": 73, "end": 78}, {"term": "discharged", "negation": "negated", "UMLS": "", "start": 83, "end": 93}, {"term": "cross-infection", "negation": "negated", "UMLS": "", "start": 109, "end": 124}, {"term": "deaths", "negation": "negated", "UMLS": "", "start": 199, "end": 205}]}, "Evidence Propositions": []}, {"Section": "CONCLUSIONS", "Text": "The efficiency of diagnosis and treatment for suspected COVID-19 patients can be improved under MDT mode , particularly for complicated and refractory cases .", "Evidence Elements": {"Participant": [{"term": "suspected COVID-19", "negation": "affirmed", "UMLS": "", "start": 46, "end": 64}, {"term": "complicated", "negation": "affirmed", "UMLS": "", "start": 124, "end": 135}, {"term": "refractory", "negation": "affirmed", "UMLS": "", "start": 140, "end": 150}], "Intervention": [], "Outcome": [{"term": "efficiency of diagnosis and treatment", "negation": "affirmed", "UMLS": "", "start": 4, "end": 41}]}, "Evidence Propositions": []}]}