{"doc_id": "32272857", "type of study": "Therapy", "title": "", "abstract": "In light of the current novel coronavirus (COVID-19) pandemic, as well as other viral outbreaks in the 21st century, there is a dire need for new diagnostic and therapeutic strategies to combat infectious diseases worldwide.\nAs a convergence science, tissue engineering has traditionally focused on the application of engineering principles to biological systems, collaboration across disciplines, and rapid translation of technologies from the benchtop to the bedside.\nGiven these strengths, tissue engineers are particularly well suited to apply their skill set to the current crisis and viral outbreaks in general.\nThis work introduces the basics of virology and epidemiology for tissue engineers, and highlights important developments in the field of tissue engineering relevant to the current pandemic, including in vitro model systems, vaccine technology, and small-molecule drug delivery.\nCOVID-19 serves as a call to arms for scientists across all disciplines, and tissue engineers are well trained to be leaders and contributors in this time of need.\nGiven the steep mortality caused by the recent novel coronavirus (COVID-19) pandemic, there is clear need for advances in diagnostics and therapeutics for viral outbreaks.\nTissue engineering has the potential for critical impact on clinical outcomes in viral outbreaks.\nTissue engineers, if mobilized, could play key roles as leaders in the outbreak, given their ability to apply engineering principles to biological processes, experience in collaborative environments, and penchant for technological translation from benchtop to bedside.\nIn this work, three areas pioneered by tissue engineers that could be applied to the current COVID-19 crisis and future viral outbreaks are highlighted.\n", "Evidence Map": {"Enrollment": [{"term": "engineers", "negation": "affirmed", "UMLS": "", "start": 72, "end": 81}], "Comparison Results": [], "Study Arm 1 Results": [], "Study Arm 2 Results": []}, "Sentence-level breakdown": [{"Section": "TITLE", "Text": "In light of the current novel coronavirus ( COVID-19 ) pandemic , as well as other viral outbreaks in the 21st century , there is a dire need for new diagnostic and therapeutic strategies to combat infectious diseases worldwide .", "Evidence Elements": {"Participant": [], "Intervention": [], "Outcome": []}, "Evidence Propositions": []}, {"Section": "RESULTS", "Text": "This work introduces the basics of virology and epidemiology for tissue engineers , and highlights important developments in the field of tissue engineering relevant to the current pandemic , including in vitro model systems , vaccine technology , and small-molecule drug delivery .", "Evidence Elements": {"Participant": [{"term": "engineers", "negation": "affirmed", "UMLS": "", "start": 72, "end": 81}], "Intervention": [], "Outcome": []}, "Evidence Propositions": []}, {"Section": "RESULTS", "Text": "COVID-19 serves as a call to arms for scientists across all disciplines , and tissue engineers are well trained to be leaders and contributors in this time of need .", "Evidence Elements": {"Participant": [], "Intervention": [], "Outcome": []}, "Evidence Propositions": []}, {"Section": "RESULTS", "Text": "Given the steep mortality caused by the recent novel coronavirus ( COVID-19 ) pandemic , there is clear need for advances in diagnostics and therapeutics for viral outbreaks .", "Evidence Elements": {"Participant": [], "Intervention": [], "Outcome": []}, "Evidence Propositions": []}, {"Section": "RESULTS", "Text": "Tissue engineering has the potential for critical impact on clinical outcomes in viral outbreaks .", "Evidence Elements": {"Participant": [], "Intervention": [], "Outcome": []}, "Evidence Propositions": []}, {"Section": "RESULTS", "Text": "Tissue engineers , if mobilized , could play key roles as leaders in the outbreak , given their ability to apply engineering principles to biological processes , experience in collaborative environments , and penchant for technological translation from benchtop to bedside .", "Evidence Elements": {"Participant": [], "Intervention": [], "Outcome": []}, "Evidence Propositions": []}, {"Section": "CONCLUSIONS", "Text": "In this work , three areas pioneered by tissue engineers that could be applied to the current COVID-19 crisis and future viral outbreaks are highlighted .", "Evidence Elements": {"Participant": [], "Intervention": [], "Outcome": []}, "Evidence Propositions": []}]}