{"doc_id": "32271456", "type of study": "Therapy", "title": "", "abstract": "OBJECTIVE: The Coronavirus disease 2019 (COVID-19) which outbroke in December 2019 is highly contagious with a low cure rate.\nIn view of this, there is an urgent need to find a more appropriate therapeutic scheme against COVID-19.\nThe study aimed to investigate whether lopinavir/ritonavir (LPV/r) in combination with other pneumonia-associated adjuvant drugs has a better therapeutic effect on COVID-19.\nPATIENTS AND Totally 47 patients with COVID-19 infection who were admitted to Rui'an People's Hospital between January 22 and January 29, 2020 were collected.\nThe patients were divided into the test group and the control group according to whether they had been treated with LPV/r or not during hospitalization.\nPatients in the test group were treated with LPV/r combined with adjuvant medicine, while those in the control group were just treated with adjuvant medicine.\nThe changes of body temperature, blood routine and blood biochemistry between the two groups were observed and compared.\nBoth groups achieved good therapeutic effect with the body temperature of patients decreased gradually from admission to the 10th day of treatment.\nBut the body temperature of patients in the test group decreased faster than that of the control group.\nBlood routine indexes showed that compared with the control group, the abnormal proportion of white blood cells, lymphocytes and C-reactive protein of the test group could be reduced to some extent.\nBlood biochemical indexes exhibited that the proportion of patients with abnormal alanine aminotransferase and aspartate aminotransferase in the test group were lower than the control group.\nThe number of days for nCoV-RNA turning negative after treatment was significantly decreased in the test group than that in the control group.\nCompared with the treatment of pneumonia-associated adjuvant drugs alone, the combination treatment with LPV/r and adjuvant drugs has a more evident therapeutic effect in lowering the body temperature and restoring normal physiological mechanisms with no evident toxic and side effects.\nIn view of these conclusions, we suggested that the use of LPV/r combined with pneumonia-associated adjuvant drugs in the clinical treatment for patients with COVID-19 should be promoted.\n", "Evidence Map": {"Enrollment": [{"term": "COVID-19 infection", "negation": "affirmed", "UMLS": "", "start": 38, "end": 56}, {"term": "hospitalization", "negation": "negated", "UMLS": "", "start": 138, "end": 153}], "Comparison Results": [], "Study Arm 1 Results": [], "Study Arm 2 Results": []}, "Sentence-level breakdown": [{"Section": "TITLE", "Text": "OBJECTIVE : The Coronavirus disease 2019 ( COVID-19 ) which outbroke in December 2019 is highly contagious with a low cure rate .", "Evidence Elements": {"Participant": [], "Intervention": [], "Outcome": []}, "Evidence Propositions": []}, {"Section": "OBJECTIVE", "Text": "The study aimed to investigate whether lopinavir / ritonavir ( LPV / r ) in combination with other pneumonia-associated adjuvant drugs has a better therapeutic effect on COVID-19 .", "Evidence Elements": {"Participant": [], "Intervention": [{"term": "ritonavir (", "negation": "affirmed", "UMLS": "", "start": 51, "end": 62}, {"term": "r ) in combination with other pneumonia-associated adjuvant drugs", "negation": "affirmed", "UMLS": "", "start": 69, "end": 134}], "Outcome": [{"term": "therapeutic effect", "negation": "affirmed", "UMLS": "", "start": 148, "end": 166}]}, "Evidence Propositions": []}, {"Section": "METHODS", "Text": "PATIENTS AND Totally 47 patients with COVID-19 infection who were admitted to Rui 'an People 's Hospital between January 22 and January 29 , 2020 were collected .", "Evidence Elements": {"Participant": [{"term": "COVID-19 infection", "negation": "affirmed", "UMLS": "", "start": 38, "end": 56}], "Intervention": [], "Outcome": []}, "Evidence Propositions": []}, {"Section": "METHODS", "Text": "The patients were divided into the test group and the control group according to whether they had been treated with LPV / r or not during hospitalization .", "Evidence Elements": {"Participant": [{"term": "hospitalization", "negation": "negated", "UMLS": "", "start": 138, "end": 153}], "Intervention": [{"term": "test", "negation": "affirmed", "UMLS": "", "start": 35, "end": 39}, {"term": "control", "negation": "affirmed", "UMLS": "", "start": 54, "end": 61}, {"term": "r", "negation": "negated", "UMLS": "", "start": 15, "end": 16}, {"term": "not", "negation": "negated", "UMLS": "", "start": 127, "end": 130}], "Outcome": []}, "Evidence Propositions": []}, {"Section": "METHODS", "Text": "Patients in the test group were treated with LPV / r combined with adjuvant medicine , while those in the control group were just treated with adjuvant medicine .", "Evidence Elements": {"Participant": [], "Intervention": [{"term": "r combined with adjuvant medicine", "negation": "affirmed", "UMLS": "", "start": 51, "end": 84}, {"term": "adjuvant", "negation": "affirmed", "UMLS": "", "start": 67, "end": 75}], "Outcome": []}, "Evidence Propositions": []}, {"Section": "METHODS", "Text": "The changes of body temperature , blood routine and blood biochemistry between the two groups were observed and compared .", "Evidence Elements": {"Participant": [], "Intervention": [{"term": "the two groups", "negation": "affirmed", "UMLS": "", "start": 79, "end": 93}], "Outcome": [{"term": "changes of body temperature , blood routine and blood biochemistry", "negation": "affirmed", "UMLS": "", "start": 4, "end": 70}]}, "Evidence Propositions": []}, {"Section": "RESULTS", "Text": "Both groups achieved good therapeutic effect with the body temperature of patients decreased gradually from admission to the 10th day of treatment .", "Evidence Elements": {"Participant": [], "Intervention": [{"term": "Both groups", "negation": "affirmed", "UMLS": "", "start": 0, "end": 11}], "Outcome": [{"term": "therapeutic", "negation": "affirmed", "UMLS": "", "start": 26, "end": 37}, {"term": "effect", "negation": "affirmed", "UMLS": "", "start": 38, "end": 44}, {"term": "body temperature", "negation": "affirmed", "UMLS": "", "start": 54, "end": 70}]}, "Evidence Propositions": [{"Intervention": "Both groups", "Observation": "decreased gradually", "Outcome": "body temperature", "Count": ""}]}, {"Section": "RESULTS", "Text": "But the body temperature of patients in the test group decreased faster than that of the control group .", "Evidence Elements": {"Participant": [], "Intervention": [{"term": "test", "negation": "affirmed", "UMLS": "", "start": 44, "end": 48}, {"term": "control", "negation": "affirmed", "UMLS": "", "start": 89, "end": 96}], "Outcome": [{"term": "body temperature", "negation": "affirmed", "UMLS": "", "start": 8, "end": 24}]}, "Evidence Propositions": [{"Intervention": ["test", "control"], "Observation": "decreased faster", "Outcome": "body temperature", "Count": ""}]}, {"Section": "RESULTS", "Text": "Blood routine indexes showed that compared with the control group , the abnormal proportion of white blood cells , lymphocytes and C-reactive protein of the test group could be reduced to some extent .", "Evidence Elements": {"Participant": [], "Intervention": [{"term": "control", "negation": "affirmed", "UMLS": "", "start": 52, "end": 59}, {"term": "test", "negation": "affirmed", "UMLS": "", "start": 157, "end": 161}], "Outcome": [{"term": "Blood routine indexes", "negation": "affirmed", "UMLS": "", "start": 0, "end": 21}, {"term": "proportion of white blood cells , lymphocytes and C-reactive protein", "negation": "affirmed", "UMLS": "", "start": 81, "end": 149}]}, "Evidence Propositions": [{"Intervention": "control", "Observation": "reduced", "Outcome": "Blood routine indexes", "Count": ""}, {"Intervention": "test", "Observation": "reduced", "Outcome": "Blood routine indexes", "Count": ""}]}, {"Section": "RESULTS", "Text": "Blood biochemical indexes exhibited that the proportion of patients with abnormal alanine aminotransferase and aspartate aminotransferase in the test group were lower than the control group .", "Evidence Elements": {"Participant": [], "Intervention": [{"term": "test", "negation": "affirmed", "UMLS": "", "start": 145, "end": 149}, {"term": "control", "negation": "affirmed", "UMLS": "", "start": 176, "end": 183}], "Outcome": [{"term": "Blood biochemical indexes", "negation": "affirmed", "UMLS": "", "start": 0, "end": 25}, {"term": "proportion of patients with abnormal alanine aminotransferase and aspartate aminotransferase", "negation": "affirmed", "UMLS": "", "start": 45, "end": 137}]}, "Evidence Propositions": [{"Intervention": ["test", "control"], "Observation": "lower", "Outcome": "Blood biochemical indexes", "Count": ""}, {"Intervention": ["test", "control"], "Observation": "lower", "Outcome": "proportion of patients with abnormal alanine aminotransferase and aspartate aminotransferase", "Count": ""}]}, {"Section": "RESULTS", "Text": "The number of days for nCoV-RNA turning negative after treatment was significantly decreased in the test group than that in the control group .", "Evidence Elements": {"Participant": [], "Intervention": [{"term": "test", "negation": "affirmed", "UMLS": "", "start": 100, "end": 104}, {"term": "control", "negation": "affirmed", "UMLS": "", "start": 128, "end": 135}], "Outcome": [{"term": "number of days for nCoV-RNA turning negative after treatment", "negation": "affirmed", "UMLS": "", "start": 4, "end": 64}]}, "Evidence Propositions": [{"Intervention": "test", "Observation": "significantly decreased", "Outcome": "number of days for nCoV-RNA turning negative after treatment", "Count": ""}, {"Intervention": "control", "Observation": "significantly decreased", "Outcome": "number of days for nCoV-RNA turning negative after treatment", "Count": ""}]}, {"Section": "CONCLUSIONS", "Text": "Compared with the treatment of pneumonia-associated adjuvant drugs alone , the combination treatment with LPV / r and adjuvant drugs has a more evident therapeutic effect in lowering the body temperature and restoring normal physiological mechanisms with no evident toxic and side effects .", "Evidence Elements": {"Participant": [], "Intervention": [{"term": "pneumonia-associated adjuvant drugs alone", "negation": "affirmed", "UMLS": "", "start": 31, "end": 72}, {"term": "combination treatment with", "negation": "affirmed", "UMLS": "", "start": 79, "end": 105}, {"term": "r and adjuvant drugs", "negation": "affirmed", "UMLS": "", "start": 112, "end": 132}], "Outcome": [{"term": "body temperature", "negation": "affirmed", "UMLS": "", "start": 187, "end": 203}, {"term": "normal physiological mechanisms", "negation": "affirmed", "UMLS": "", "start": 218, "end": 249}, {"term": "toxic", "negation": "negated", "UMLS": "", "start": 266, "end": 271}, {"term": "side", "negation": "negated", "UMLS": "", "start": 276, "end": 280}]}, "Evidence Propositions": [{"Intervention": ["pneumonia-associated adjuvant drugs alone", "combination treatment with", "r and adjuvant drugs"], "Observation": "more evident", "Outcome": "", "Count": ""}, {"Intervention": "pneumonia-associated adjuvant drugs alone", "Observation": "lowering", "Outcome": "body temperature", "Count": ""}, {"Intervention": "combination treatment with", "Observation": "lowering", "Outcome": "body temperature", "Count": ""}, {"Intervention": "r and adjuvant drugs", "Observation": "lowering", "Outcome": "body temperature", "Count": ""}]}, {"Section": "CONCLUSIONS", "Text": "In view of these conclusions , we suggested that the use of LPV / r combined with pneumonia-associated adjuvant drugs in the clinical treatment for patients with COVID-19 should be promoted .", "Evidence Elements": {"Participant": [], "Intervention": [{"term": "r combined with pneumonia-associated adjuvant drugs", "negation": "affirmed", "UMLS": "", "start": 66, "end": 117}], "Outcome": []}, "Evidence Propositions": []}]}