{"doc_id": "32276453", "type of study": "Therapy", "title": "", "abstract": "The higher death rate caused by COVID-19 in older people, especially those with comorbidities, is a challenge for biomedical aging research.\nHere we explore the idea that an exacerbated inflammatory response, in particular that mediated by IL-6, may drive the deleterious consequences of the infection.\nData shows that other RNA viruses, such as influenza virus, can display enhanced replication efficiency in senescent cells, suggesting that the accumulation of senescent cells with aging and age-related diseases may play a role in this phenomenon.\nHowever, at present, we are completely unaware of the response to SARS-CoV and SARS-COV-2 occurring in senescent cells.\nWe deem that this is a priority area of research because it could lead to the development of several therapeutic strategies based on senotherapeutics or prevent unsuccessful attempts.\nTwo of these senotherapeutics, azithromycin and ruxolitinib, are currently undergoing testing for their efficacy in treating COVID-19.\nThe potential of these strategies is not only for ameliorating the consequences of the current emergence of SARS-CoV-2, but also for the future emergence of new viruses or mutated ones for which we are completely unprepared and for which no vaccines are available.\n", "Evidence Map": {"Enrollment": [{"term": "senescent", "negation": "affirmed", "UMLS": "", "start": 109, "end": 118}], "Comparison Results": [], "Study Arm 1 Results": [], "Study Arm 2 Results": []}, "Sentence-level breakdown": [{"Section": "TITLE", "Text": "The higher death rate caused by COVID-19 in older people , especially those with comorbidities , is a challenge for biomedical aging research .", "Evidence Elements": {"Participant": [], "Intervention": [], "Outcome": []}, "Evidence Propositions": []}, {"Section": "OBJECTIVE", "Text": "Here we explore the idea that an exacerbated inflammatory response , in particular that mediated by IL-6 , may drive the deleterious consequences of the infection .", "Evidence Elements": {"Participant": [], "Intervention": [], "Outcome": [{"term": "deleterious consequences", "negation": "affirmed", "UMLS": "", "start": 121, "end": 145}]}, "Evidence Propositions": []}, {"Section": "RESULTS", "Text": "Data shows that other RNA viruses , such as influenza virus , can display enhanced replication efficiency in senescent cells , suggesting that the accumulation of senescent cells with aging and age-related diseases may play a role in this phenomenon .", "Evidence Elements": {"Participant": [{"term": "senescent", "negation": "affirmed", "UMLS": "", "start": 109, "end": 118}], "Intervention": [], "Outcome": [{"term": "replication efficiency", "negation": "affirmed", "UMLS": "", "start": 83, "end": 105}]}, "Evidence Propositions": []}, {"Section": "RESULTS", "Text": "However , at present , we are completely unaware of the response to SARS-CoV and SARS-COV-2 occurring in senescent cells .", "Evidence Elements": {"Participant": [], "Intervention": [], "Outcome": []}, "Evidence Propositions": []}, {"Section": "RESULTS", "Text": "We deem that this is a priority area of research because it could lead to the development of several therapeutic strategies based on senotherapeutics or prevent unsuccessful attempts .", "Evidence Elements": {"Participant": [], "Intervention": [], "Outcome": []}, "Evidence Propositions": []}, {"Section": "CONCLUSIONS", "Text": "Two of these senotherapeutics , azithromycin and ruxolitinib , are currently undergoing testing for their efficacy in treating COVID-19 .", "Evidence Elements": {"Participant": [], "Intervention": [], "Outcome": []}, "Evidence Propositions": []}, {"Section": "CONCLUSIONS", "Text": "The potential of these strategies is not only for ameliorating the consequences of the current emergence of SARS-CoV-2 , but also for the future emergence of new viruses or mutated ones for which we are completely unprepared and for which no vaccines are available .", "Evidence Elements": {"Participant": [], "Intervention": [], "Outcome": []}, "Evidence Propositions": []}]}