{"doc_id": "32270559", "type of study": "Therapy", "title": "", "abstract": "In December 2019, the world started to face a new pandemic situation, the severe acute respiratory syndrome-coronavirus 2 (SARS-CoV-2).\nAlthough coronavirus disease (COVID-19) clinical manifestations are mainly respiratory, major cardiac complications are being reported.\nCardiac manifestations etiology seems to be multifactorial, comprising direct viral myocardial damage, hypoxia, hypotension, enhanced inflammatory status, ACE2-receptors downregulation, drug toxicity, endogenous catecholamine adrenergic status, among others.\nStudies evaluating patients with COVID-19 presenting cardiac injury markers show that it is associated with poorer outcomes, and arrhythmic events are not uncommon.\nBesides, drugs currently used to treat the COVID-19 are known to prolong the QT interval and can have a proarrhythmic propensity.\nThis review focus on COVID-19 cardiac and arrhythmic manifestations and, in parallel, makes an appraisal of other virus epidemics as SARS-CoV, Middle East respiratory syndrome coronavirus, and H1N1 influenza.\n", "Evidence Map": {"Enrollment": [{"term": "SARS-CoV", "negation": "affirmed", "UMLS": "", "start": 135, "end": 143}, {"term": "Middle East respiratory syndrome coronavirus", "negation": "affirmed", "UMLS": "", "start": 146, "end": 190}], "Comparison Results": [], "Study Arm 1 Results": [], "Study Arm 2 Results": []}, "Sentence-level breakdown": [{"Section": "TITLE", "Text": "In December 2019 , the world started to face a new pandemic situation , the severe acute respiratory syndrome-coronavirus 2 ( SARS-CoV-2 ) .", "Evidence Elements": {"Participant": [], "Intervention": [], "Outcome": []}, "Evidence Propositions": []}, {"Section": "CONCLUSIONS", "Text": "Although coronavirus disease ( COVID-19 ) clinical manifestations are mainly respiratory , major cardiac complications are being reported .", "Evidence Elements": {"Participant": [], "Intervention": [], "Outcome": []}, "Evidence Propositions": []}, {"Section": "CONCLUSIONS", "Text": "Cardiac manifestations etiology seems to be multifactorial , comprising direct viral myocardial damage , hypoxia , hypotension , enhanced inflammatory status , ACE2-receptors downregulation , drug toxicity , endogenous catecholamine adrenergic status , among others .", "Evidence Elements": {"Participant": [], "Intervention": [], "Outcome": []}, "Evidence Propositions": []}, {"Section": "CONCLUSIONS", "Text": "Studies evaluating patients with COVID-19 presenting cardiac injury markers show that it is associated with poorer outcomes , and arrhythmic events are not uncommon .", "Evidence Elements": {"Participant": [], "Intervention": [], "Outcome": []}, "Evidence Propositions": []}, {"Section": "CONCLUSIONS", "Text": "Besides , drugs currently used to treat the COVID-19 are known to prolong the QT interval and can have a proarrhythmic propensity .", "Evidence Elements": {"Participant": [], "Intervention": [], "Outcome": []}, "Evidence Propositions": []}, {"Section": "CONCLUSIONS", "Text": "This review focus on COVID-19 cardiac and arrhythmic manifestations and , in parallel , makes an appraisal of other virus epidemics as SARS-CoV , Middle East respiratory syndrome coronavirus , and H1N1 influenza .", "Evidence Elements": {"Participant": [{"term": "SARS-CoV", "negation": "affirmed", "UMLS": "", "start": 135, "end": 143}, {"term": "Middle East respiratory syndrome coronavirus", "negation": "affirmed", "UMLS": "", "start": 146, "end": 190}], "Intervention": [], "Outcome": [{"term": "arrhythmic", "negation": "affirmed", "UMLS": "", "start": 42, "end": 52}]}, "Evidence Propositions": []}]}