{"doc_id": "32276101", "type of study": "Therapy", "title": "", "abstract": "The COVID-19 pandemic is spreading across the world.\nMany patients will not be suitable for mechanical ventilation owing to the underlying health conditions, and they will require a conservative approach including palliative care management for their important symptom burden.\nTo develop a management plan for patients who are not suitable for mechanical ventilation that is tailored to the stage their COVID-19 disease.\nPatients were identified as being stable, unstable, or at the end of life using the early warning parameters for COVID-19.\nFurthermore, a COVID-19-specific assessment tool was developed locally, focusing on key symptoms observed in this population which assess dyspnoea, distress, and discomfort.\nThis tool helped to guide the palliative care management as per patients' disease stage.\nA management plan for all patients' (stable, unstable, end of life) was created and implemented in acute hospitals.\nMedication guidelines were based on the limitations in resources and availability of drugs.\nStaff members who were unfamiliar with palliative care required simple, clear instructions to follow including medications for key symptoms such as dyspnoea, distress, fever, and discomfort.\nNursing interventions and family involvement were adapted as per patients' disease stage and infection control requirements.\nPalliative care during the COVID-19 pandemic needs to adapt to an emergency style of palliative care as patients can deteriorate rapidly and require quick decisions and clear treatment plans.\nThese need to be easily followed up by generalist staff members caring for these patients.\nFurthermore, palliative care should be at the forefront to help make the best decisions, give care to families, and offer spiritual support.\n", "Evidence Map": {"Enrollment": [{"term": "mechanical ventilation", "negation": "negated", "UMLS": "", "start": 67, "end": 89}, {"term": "stable", "negation": "affirmed", "UMLS": "", "start": 34, "end": 40}, {"term": "unstable", "negation": "affirmed", "UMLS": "", "start": 43, "end": 51}], "Comparison Results": [], "Study Arm 1 Results": [], "Study Arm 2 Results": []}, "Sentence-level breakdown": [{"Section": "TITLE", "Text": "The COVID-19 pandemic is spreading across the world .", "Evidence Elements": {"Participant": [], "Intervention": [], "Outcome": []}, "Evidence Propositions": []}, {"Section": "OBJECTIVE", "Text": "To develop a management plan for patients who are not suitable for mechanical ventilation that is tailored to the stage their COVID-19 disease .", "Evidence Elements": {"Participant": [{"term": "mechanical ventilation", "negation": "negated", "UMLS": "", "start": 67, "end": 89}], "Intervention": [], "Outcome": []}, "Evidence Propositions": []}, {"Section": "METHODS", "Text": "Patients were identified as being stable , unstable , or at the end of life using the early warning parameters for COVID-19 .", "Evidence Elements": {"Participant": [{"term": "stable", "negation": "affirmed", "UMLS": "", "start": 34, "end": 40}, {"term": "unstable", "negation": "affirmed", "UMLS": "", "start": 43, "end": 51}], "Intervention": [], "Outcome": []}, "Evidence Propositions": []}, {"Section": "METHODS", "Text": "Furthermore , a COVID-19-specific assessment tool was developed locally , focusing on key symptoms observed in this population which assess dyspnoea , distress , and discomfort .", "Evidence Elements": {"Participant": [], "Intervention": [{"term": "tool", "negation": "affirmed", "UMLS": "", "start": 45, "end": 49}], "Outcome": [{"term": "dyspnoea", "negation": "affirmed", "UMLS": "", "start": 140, "end": 148}]}, "Evidence Propositions": []}, {"Section": "RESULTS", "Text": "This tool helped to guide the palliative care management as per patients ' disease stage .", "Evidence Elements": {"Participant": [], "Intervention": [], "Outcome": [{"term": "palliative care management", "negation": "affirmed", "UMLS": "", "start": 30, "end": 56}]}, "Evidence Propositions": []}, {"Section": "RESULTS", "Text": "A management plan for all patients ' ( stable , unstable , end of life ) was created and implemented in acute hospitals .", "Evidence Elements": {"Participant": [], "Intervention": [], "Outcome": []}, "Evidence Propositions": []}, {"Section": "RESULTS", "Text": "Medication guidelines were based on the limitations in resources and availability of drugs .", "Evidence Elements": {"Participant": [], "Intervention": [], "Outcome": []}, "Evidence Propositions": []}, {"Section": "RESULTS", "Text": "Staff members who were unfamiliar with palliative care required simple , clear instructions to follow including medications for key symptoms such as dyspnoea , distress , fever , and discomfort .", "Evidence Elements": {"Participant": [], "Intervention": [], "Outcome": []}, "Evidence Propositions": []}, {"Section": "RESULTS", "Text": "Nursing interventions and family involvement were adapted as per patients ' disease stage and infection control requirements .", "Evidence Elements": {"Participant": [], "Intervention": [], "Outcome": [{"term": "Nursing interventions", "negation": "affirmed", "UMLS": "", "start": 0, "end": 21}, {"term": "family involvement", "negation": "affirmed", "UMLS": "", "start": 26, "end": 44}]}, "Evidence Propositions": []}, {"Section": "RESULTS", "Text": "Palliative care during the COVID-19 pandemic needs to adapt to an emergency style of palliative care as patients can deteriorate rapidly and require quick decisions and clear treatment plans .", "Evidence Elements": {"Participant": [], "Intervention": [], "Outcome": []}, "Evidence Propositions": []}, {"Section": "RESULTS", "Text": "These need to be easily followed up by generalist staff members caring for these patients .", "Evidence Elements": {"Participant": [], "Intervention": [], "Outcome": []}, "Evidence Propositions": []}, {"Section": "CONCLUSIONS", "Text": "Furthermore , palliative care should be at the forefront to help make the best decisions , give care to families , and offer spiritual support .", "Evidence Elements": {"Participant": [], "Intervention": [], "Outcome": []}, "Evidence Propositions": []}]}