{"doc_id": "32273594", "type of study": "Therapy", "title": "", "abstract": "Severe coronavirus disease 2019 (COVID-19) is characterized by pneumonia, lymphopenia, exhausted lymphocytes and a cytokine storm.\nSignificant antibody production is observed; however, whether this is protective or pathogenic remains to be determined.\nDefining the immunopathological changes in patients with COVID-19 provides potential targets for drug discovery and is important for clinical management.\nIn the short time since SARS-CoV2 emerged, much has been learned about the immunopathology of the infection.\nHere, Xuetao Cao discusses what these early insights imply for drug discovery and clinical management.\n", "Evidence Map": {"Enrollment": [], "Comparison Results": [], "Study Arm 1 Results": [], "Study Arm 2 Results": []}, "Sentence-level breakdown": [{"Section": "TITLE", "Text": "Severe coronavirus disease 2019 ( COVID-19 ) is characterized by pneumonia , lymphopenia , exhausted lymphocytes and a cytokine storm .", "Evidence Elements": {"Participant": [], "Intervention": [], "Outcome": []}, "Evidence Propositions": []}, {"Section": "RESULTS", "Text": "Significant antibody production is observed ; however , whether this is protective or pathogenic remains to be determined .", "Evidence Elements": {"Participant": [], "Intervention": [], "Outcome": []}, "Evidence Propositions": []}, {"Section": "RESULTS", "Text": "Defining the immunopathological changes in patients with COVID-19 provides potential targets for drug discovery and is important for clinical management .", "Evidence Elements": {"Participant": [], "Intervention": [], "Outcome": []}, "Evidence Propositions": []}, {"Section": "RESULTS", "Text": "In the short time since SARS-CoV2 emerged , much has been learned about the immunopathology of the infection .", "Evidence Elements": {"Participant": [], "Intervention": [], "Outcome": []}, "Evidence Propositions": []}, {"Section": "CONCLUSIONS", "Text": "Here , Xuetao Cao discusses what these early insights imply for drug discovery and clinical management .", "Evidence Elements": {"Participant": [], "Intervention": [], "Outcome": []}, "Evidence Propositions": []}]}