{"doc_id": "32274772", "type of study": "Therapy", "title": "", "abstract": "The novel coronavirus disease 2019 (COVID-19) pandemic is causing a necessary, rapid adjustment within the field of obstetrics.\nCorticosteroid use is a mainstay of therapy for those women delivering prematurely.\nUnfortunately, corticosteroid use has been associated with worse outcomes in COVID-19 positive patients.\nGiven this information, it is necessary that obstetricians adjust practice to carefully weigh the fetal benefits with maternal risks.\nTherefore, our institution has examined the risks and benefits and altered our corticosteroid recommendations.\nKey Points  Corticosteroid use is an important part of prematurity treatment because it provides benefit to the fetus.\nCorticosteroid use may be related with increased morbidity and mortality in novel coronavirus disease 2019 (COVID-19).\nTherefore, during the COVID-19 pandemic, an alteration in current corticosteroid practices is necessary to uniquely weigh the maternal risks and fetal benefits.\n", "Evidence Map": {"Enrollment": [], "Comparison Results": [], "Study Arm 1 Results": [], "Study Arm 2 Results": []}, "Sentence-level breakdown": [{"Section": "TITLE", "Text": "The novel coronavirus disease 2019 ( COVID-19) pandemic is causing a necessary , rapid adjustment within the field of obstetrics .", "Evidence Elements": {"Participant": [], "Intervention": [], "Outcome": []}, "Evidence Propositions": []}, {"Section": "RESULTS", "Text": "Given this information , it is necessary that obstetricians adjust practice to carefully weigh the fetal benefits with maternal risks .", "Evidence Elements": {"Participant": [], "Intervention": [], "Outcome": []}, "Evidence Propositions": []}, {"Section": "CONCLUSIONS", "Text": "Therefore , our institution has examined the risks and benefits and altered our corticosteroid recommendations .", "Evidence Elements": {"Participant": [], "Intervention": [], "Outcome": [{"term": "risks and benefits", "negation": "affirmed", "UMLS": "", "start": 45, "end": 63}, {"term": "corticosteroid", "negation": "affirmed", "UMLS": "", "start": 80, "end": 94}]}, "Evidence Propositions": []}, {"Section": "CONCLUSIONS", "Text": "Key Points Corticosteroid use is an important part of prematurity treatment because it provides benefit to the fetus .", "Evidence Elements": {"Participant": [], "Intervention": [], "Outcome": []}, "Evidence Propositions": []}, {"Section": "CONCLUSIONS", "Text": "Corticosteroid use may be related with increased morbidity and mortality in novel coronavirus disease 2019 ( COVID-19 ) .", "Evidence Elements": {"Participant": [], "Intervention": [], "Outcome": []}, "Evidence Propositions": []}, {"Section": "CONCLUSIONS", "Text": "Therefore , during the COVID-19 pandemic , an alteration in current corticosteroid practices is necessary to uniquely weigh the maternal risks and fetal benefits .", "Evidence Elements": {"Participant": [], "Intervention": [], "Outcome": []}, "Evidence Propositions": []}]}