{"doc_id": "32271462", "type of study": "Therapy", "title": "", "abstract": "The outbreak of Sars-CoV-2 (COVID-19) poses serious challenges to people's health worldwide.\nThe management of the disease is mostly supportive, and respiratory failure from acute respiratory distress syndrome is the leading cause of death in a significant proportion of affected patients.\nPreliminary data point out that dramatic increase in IL-6 and subsequent cytokine release syndrome may account for the development of fatal interstitial pneumonia.\nInhibition of IL-6 by blocking its specific receptor with monoclonal antibodies has been advocated as a promising attempt.\nHere we assess the potential utility of myo-Inositol, a polyol already in use for treating the newborn Respiratory Distress Syndrome, in downregulating the inflammatory response upon Sars-CoV-2 infection.\nMyo-Inositol proved to reduce IL-6 levels in a number of conditions and to mitigate the inflammatory cascade, while being devoid of any significant side effects.\nIt is tempting to speculate that inositol could be beneficial in managing the most dreadful effects of Sars-CoV-2 infection.\n", "Evidence Map": {"Enrollment": [{"term": "newborn Respiratory Distress Syndrome", "negation": "affirmed", "UMLS": "", "start": 96, "end": 133}, {"term": "infection", "negation": "affirmed", "UMLS": "", "start": 114, "end": 123}], "Comparison Results": [], "Study Arm 1 Results": [], "Study Arm 2 Results": []}, "Sentence-level breakdown": [{"Section": "TITLE", "Text": "The outbreak of Sars-CoV-2 ( COVID-19 ) poses serious challenges to people 's health worldwide .", "Evidence Elements": {"Participant": [], "Intervention": [], "Outcome": []}, "Evidence Propositions": []}, {"Section": "OBJECTIVE", "Text": "Here we assess the potential utility of myo-Inositol , a polyol already in use for treating the newborn Respiratory Distress Syndrome , in downregulating the inflammatory response upon Sars-CoV-2 infection .", "Evidence Elements": {"Participant": [{"term": "newborn Respiratory Distress Syndrome", "negation": "affirmed", "UMLS": "", "start": 96, "end": 133}], "Intervention": [{"term": "myo-Inositol", "negation": "affirmed", "UMLS": "", "start": 40, "end": 52}], "Outcome": [{"term": "inflammatory response", "negation": "affirmed", "UMLS": "", "start": 158, "end": 179}]}, "Evidence Propositions": [{"Intervention": "myo-Inositol", "Observation": "downregulating", "Outcome": "inflammatory response", "Count": ""}]}, {"Section": "RESULTS", "Text": "Myo-Inositol proved to reduce IL-6 levels in a number of conditions and to mitigate the inflammatory cascade , while being devoid of any significant side effects .", "Evidence Elements": {"Participant": [], "Intervention": [{"term": "Myo-Inositol", "negation": "affirmed", "UMLS": "", "start": 0, "end": 12}], "Outcome": [{"term": "IL-6 levels", "negation": "affirmed", "UMLS": "", "start": 30, "end": 41}, {"term": "inflammatory cascade", "negation": "affirmed", "UMLS": "", "start": 88, "end": 108}, {"term": "side", "negation": "affirmed", "UMLS": "", "start": 149, "end": 153}]}, "Evidence Propositions": [{"Intervention": "Myo-Inositol", "Observation": "mitigate", "Outcome": "inflammatory cascade", "Count": ""}]}, {"Section": "CONCLUSIONS", "Text": "It is tempting to speculate that inositol could be beneficial in managing the most dreadful effects of Sars-CoV-2 infection .", "Evidence Elements": {"Participant": [{"term": "infection", "negation": "affirmed", "UMLS": "", "start": 114, "end": 123}], "Intervention": [{"term": "inositol", "negation": "affirmed", "UMLS": "", "start": 33, "end": 41}], "Outcome": []}, "Evidence Propositions": []}]}