{"doc_id": "32271460", "type of study": "Therapy", "title": "", "abstract": "OBJECTIVE: On December 8, 2019, many cases of pneumonia with unknown etiology were first reported in Wuhan, China, subsequently identified as a novel coronavirus infection aroused worldwide concern.\nAs the outbreak is ongoing, more and more researchers focused interest on the COVID-19.\nTherefore, we retrospectively analyzed the publications about COVID-19 to summarize the research hotspots and make a review, to provide reference for researchers in the world.\nMATERIALS AND We conducted a search in PubMed using the keywords \"COVID-19\" from inception to March 1, 2020.\nIdentified and analyzed the data included title, corresponding author, language, publication time, publication type, research focus.\n183 publications published from 2020 January 14 to 2020 February 29 were included in the study.\nThe first corresponding authors of the publications were from 20 different countries.\nAmong them, 78 (42.6%) from the hospital, 64 (35%) from the university and 39 (21.3%) from the research institution.\nAll the publications were published in 80 different journals.\nJournal of Medical Virology published most of them (n=25).\n60 (32.8%) were original research, 29 (15.8%) were review, 20 (10.9%) were short communications.\n68 (37.2%) epidemiology, 49 (26.8%) virology and 26 (14.2%) clinical features.\nAccording to our review, China has provided a large number of research data for various research fields, during the outbreak of COVID-19.\nMost of the findings play an important role in preventing and controlling the epidemic around the world.\nWith research on the COVID-19 still booming, new vaccine and effective medicine for COVID-19 will be expected to come out in the near future with the joint efforts of researchers worldwide.\n", "Evidence Map": {"Enrollment": [{"term": "original research", "negation": "affirmed", "UMLS": "", "start": 19, "end": 36}], "Comparison Results": [], "Study Arm 1 Results": [], "Study Arm 2 Results": []}, "Sentence-level breakdown": [{"Section": "TITLE", "Text": "OBJECTIVE : On December 8 , 2019 , many cases of pneumonia with unknown etiology were first reported in Wuhan , China , subsequently identified as a novel coronavirus infection aroused worldwide concern .", "Evidence Elements": {"Participant": [], "Intervention": [], "Outcome": []}, "Evidence Propositions": []}, {"Section": "OBJECTIVE", "Text": "Therefore , we retrospectively analyzed the publications about COVID-19 to summarize the research hotspots and make a review , to provide reference for researchers in the world .", "Evidence Elements": {"Participant": [], "Intervention": [], "Outcome": []}, "Evidence Propositions": []}, {"Section": "METHODS", "Text": "MATERIALS AND We conducted a search in PubMed using the keywords \" COVID-19 \" from inception to March 1 , 2020 .", "Evidence Elements": {"Participant": [], "Intervention": [], "Outcome": []}, "Evidence Propositions": []}, {"Section": "METHODS", "Text": "Identified and analyzed the data included title , corresponding author , language , publication time , publication type , research focus .", "Evidence Elements": {"Participant": [], "Intervention": [], "Outcome": []}, "Evidence Propositions": []}, {"Section": "RESULTS", "Text": "183 publications published from 2020 January 14 to 2020 February 29 were included in the study .", "Evidence Elements": {"Participant": [], "Intervention": [], "Outcome": []}, "Evidence Propositions": []}, {"Section": "RESULTS", "Text": "The first corresponding authors of the publications were from 20 different countries .", "Evidence Elements": {"Participant": [], "Intervention": [], "Outcome": []}, "Evidence Propositions": []}, {"Section": "RESULTS", "Text": "Among them , 78 ( 42.6 % ) from the hospital , 64 ( 35 % ) from the university and 39 ( 21.3 % ) from the research institution .", "Evidence Elements": {"Participant": [], "Intervention": [], "Outcome": []}, "Evidence Propositions": []}, {"Section": "RESULTS", "Text": "All the publications were published in 80 different journals .", "Evidence Elements": {"Participant": [], "Intervention": [], "Outcome": []}, "Evidence Propositions": []}, {"Section": "RESULTS", "Text": "Journal of Medical Virology published most of them ( n = 25 ) .", "Evidence Elements": {"Participant": [], "Intervention": [], "Outcome": []}, "Evidence Propositions": []}, {"Section": "RESULTS", "Text": "60 ( 32.8 % ) were original research , 29 ( 15.8 % ) were review , 20 ( 10.9 % ) were short communications .", "Evidence Elements": {"Participant": [{"term": "original research", "negation": "affirmed", "UMLS": "", "start": 19, "end": 36}], "Intervention": [], "Outcome": []}, "Evidence Propositions": []}, {"Section": "RESULTS", "Text": "68 ( 37.2 % ) epidemiology , 49 ( 26.8 % ) virology and 26 ( 14.2 % ) clinical features .", "Evidence Elements": {"Participant": [], "Intervention": [], "Outcome": []}, "Evidence Propositions": []}, {"Section": "CONCLUSIONS", "Text": "According to our review , China has provided a large number of research data for various research fields , during the outbreak of COVID-19 .", "Evidence Elements": {"Participant": [], "Intervention": [], "Outcome": []}, "Evidence Propositions": []}, {"Section": "CONCLUSIONS", "Text": "Most of the findings play an important role in preventing and controlling the epidemic around the world .", "Evidence Elements": {"Participant": [], "Intervention": [], "Outcome": []}, "Evidence Propositions": []}, {"Section": "CONCLUSIONS", "Text": "With research on the COVID-19 still booming , new vaccine and effective medicine for COVID-19 will be expected to come out in the near future with the joint efforts of researchers worldwide .", "Evidence Elements": {"Participant": [], "Intervention": [], "Outcome": []}, "Evidence Propositions": []}]}