{"doc_id": "32272396", "type of study": "Therapy", "title": "", "abstract": "The immunotherapy is an effective method for SARS-CoV, and MERS-CoV. The immunotherapies include vaccines, monoclonal antibody candidates, and etc.\nThere is no serious immunotherapy research for COVID-19.\nSimilar studies on the coronaviruses showed notable results.\nSo immunotherapy for COVID-19 virus can also be a suitable option.\nThe novel coronavirus (2019-nCoV) is an emerging pathogen that was first described in late December 2019 and causes a severe respiratory infection in humans.\nSince the outbreak of COVID-19, international attention has raised to develop treatment and control options such as types of immunotherapies.\nThe immunotherapy is an effective method for fighting against similar viral infections such as SARS-CoV, and MERS-CoV. These methods include several types of vaccines, monoclonal antibody candidates, and etc.\nThis systematic review article was designed to evaluate the existing evidence and experience related to immunotherapy for 2019-nCoV. Web of Science (ISI), PubMed, and Scopus databases were used to search for suitable keywords such as 2019-nCoV, novel coronavirus, Immunotherapy, interleukin, vaccine and the related words for relevant publications up to 24.3.2020.\nThe present systematic review was performed based on PRISMA protocol.\nData extraction and quality valuation of articles were performed by two reviewers.\n51 articles were the results of the search and based on the inclusions and exclusions criteria, 7 articles were included in the final review.\nAs a conclusion of these studies demonstrated that although no serious research has been done on this subject at the time of writing this article, similar studies on the related viruses showed notable results.\nSo immunotherapy for this virus can also be a suitable option.\n", "Evidence Map": {"Enrollment": [], "Comparison Results": [], "Study Arm 1 Results": [], "Study Arm 2 Results": []}, "Sentence-level breakdown": [{"Section": "TITLE", "Text": "The immunotherapy is an effective method for SARS-CoV , and MERS-CoV . The immunotherapies include vaccines , monoclonal antibody candidates , and etc .", "Evidence Elements": {"Participant": [], "Intervention": [], "Outcome": []}, "Evidence Propositions": []}, {"Section": "OBJECTIVE", "Text": "This systematic review article was designed to evaluate the existing evidence and experience related to immunotherapy for 2019-nCoV . Web of Science ( ISI ) , PubMed , and Scopus databases were used to search for suitable keywords such as 2019-nCoV , novel coronavirus , Immunotherapy , interleukin , vaccine and the related words for relevant publications up to 24.3 . 2020 .", "Evidence Elements": {"Participant": [], "Intervention": [{"term": "immunotherapy", "negation": "affirmed", "UMLS": "", "start": 104, "end": 117}, {"term": "interleukin", "negation": "affirmed", "UMLS": "", "start": 287, "end": 298}, {"term": "vaccine", "negation": "affirmed", "UMLS": "", "start": 301, "end": 308}], "Outcome": []}, "Evidence Propositions": []}, {"Section": "METHODS", "Text": "The present systematic review was performed based on PRISMA protocol .", "Evidence Elements": {"Participant": [], "Intervention": [], "Outcome": []}, "Evidence Propositions": []}, {"Section": "METHODS", "Text": "Data extraction and quality valuation of articles were performed by two reviewers .", "Evidence Elements": {"Participant": [], "Intervention": [], "Outcome": []}, "Evidence Propositions": []}, {"Section": "RESULTS", "Text": "51 articles were the results of the search and based on the inclusions and exclusions criteria , 7 articles were included in the final review .", "Evidence Elements": {"Participant": [], "Intervention": [], "Outcome": []}, "Evidence Propositions": []}, {"Section": "RESULTS", "Text": "As a conclusion of these studies demonstrated that although no serious research has been done on this subject at the time of writing this article , similar studies on the related viruses showed notable results .", "Evidence Elements": {"Participant": [], "Intervention": [], "Outcome": []}, "Evidence Propositions": []}, {"Section": "CONCLUSIONS", "Text": "So immunotherapy for this virus can also be a suitable option .", "Evidence Elements": {"Participant": [], "Intervention": [], "Outcome": []}, "Evidence Propositions": []}]}