{"doc_id": "32275319", "type of study": "Therapy", "title": "", "abstract": "This case series describes the characteristics of a cohort of patients who died of coronavirus disease 2019 in China.\n", "Evidence Map": {"Enrollment": [{"term": "coronavirus disease", "negation": "affirmed", "UMLS": "", "start": 83, "end": 102}], "Comparison Results": [], "Study Arm 1 Results": [], "Study Arm 2 Results": []}, "Sentence-level breakdown": [{"Section": "TITLE", "Text": "This case series describes the characteristics of a cohort of patients who died of coronavirus disease 2019 in China .", "Evidence Elements": {"Participant": [{"term": "coronavirus disease", "negation": "affirmed", "UMLS": "", "start": 83, "end": 102}], "Intervention": [], "Outcome": [{"term": "died", "negation": "affirmed", "UMLS": "", "start": 75, "end": 79}]}, "Evidence Propositions": []}]}