{"doc_id": "32278764", "type of study": "Therapy", "title": "", "abstract": "Diabetesis associated with severity and death in patients with COVID-19.\nInflammation, hypercoagulation, impaired immunity may increase morbidity and mortality.\nEvidence does not support the discontinuation of ACEIs, ARBs or thiazolidinediones.\nHypoglycemic events may occur with chloroquine use in people with diabetes and COVID-19.\nRigorous glucose monitoring and dose adjustments of anti-diabetic drugs are important.\nPatient tailored therapy and lower thresholds for hospitalization may increase survival.\nWe aimed to briefly review the general characteristics of the novel coronavirus (SARS-CoV-2) and provide a better understanding of the coronavirus disease (COVID-19) in people with diabetes, and its management.\nWe searched for articles in PubMed and Google Scholar databases till 02 April 2020, with the following keywords: \"SARS-CoV-2\", \"COVID-19\", \"infection\", \"pathogenesis\", \"incubation period\", \"transmission\", \"clinical features\", \"diagnosis\", \"treatment\", \"diabetes\", with interposition of the Boolean operator \"AND\".\nThe clinical spectrum of COVID-19 is heterogeneous, ranging from mild flu-like symptoms to acute respiratory distress syndrome, multiple organ failure and death.\nOlder age, diabetes and other comorbidities are reported as significant predictors of morbidity and mortality.\nChronic inflammation, increased coagulation activity, immune response impairment, and potential direct pancreatic damage by SARS-CoV-2 might be among the underlying mechanisms of the association between diabetes and COVID-19.\nNo conclusive evidence exists to support the discontinuation of angiotensin-converting enzyme inhibitors (ACEI), angiotensin receptor blockers or thiazolidinediones because of COVID-19 in people with diabetes.\nCaution should be taken to potential hypoglycemic events with the use of chloroquine in these subjects.\nPatient tailored therapeutic strategies, rigorous glucose monitoring and careful consideration of drug interactions might reduce adverse outcomes.\nSuggestions are made on the possible pathophysiological mechanisms of the relationship between diabetes and COVID-19, and its management.\nNo definite conclusions can be made based on current limited evidence.\nFurther research regarding this relationship and its clinical management is warranted.\n", "Evidence Map": {"Enrollment": [{"term": "COVID-19", "negation": "affirmed", "UMLS": "", "start": 63, "end": 71}, {"term": "diabetes", "negation": "affirmed", "UMLS": "", "start": 66, "end": 74}, {"term": "COVID-19", "negation": "affirmed", "UMLS": "", "start": 79, "end": 87}, {"term": "Older age", "negation": "affirmed", "UMLS": "", "start": 0, "end": 9}, {"term": "diabetes", "negation": "affirmed", "UMLS": "", "start": 12, "end": 20}, {"term": "comorbidities", "negation": "affirmed", "UMLS": "", "start": 31, "end": 44}], "Comparison Results": [], "Study Arm 1 Results": [], "Study Arm 2 Results": []}, "Sentence-level breakdown": [{"Section": "TITLE", "Text": "Diabetesis associated with severity and death in patients with COVID-19 .", "Evidence Elements": {"Participant": [{"term": "COVID-19", "negation": "affirmed", "UMLS": "", "start": 63, "end": 71}], "Intervention": [{"term": "Diabetesis", "negation": "affirmed", "UMLS": "", "start": 0, "end": 10}], "Outcome": [{"term": "severity and death", "negation": "affirmed", "UMLS": "", "start": 27, "end": 45}]}, "Evidence Propositions": []}, {"Section": "OBJECTIVE", "Text": "We aimed to briefly review the general characteristics of the novel coronavirus ( SARS-CoV-2 ) and provide a better understanding of the coronavirus disease ( COVID-19 ) in people with diabetes , and its management .", "Evidence Elements": {"Participant": [], "Intervention": [{"term": "novel coronavirus ( SARS-CoV-2 )", "negation": "affirmed", "UMLS": "", "start": 62, "end": 94}], "Outcome": [{"term": "coronavirus disease ( COVID-19 )", "negation": "affirmed", "UMLS": "", "start": 137, "end": 169}]}, "Evidence Propositions": []}, {"Section": "METHODS", "Text": "We searched for articles in PubMed and Google Scholar databases till 02 April 2020 , with the following keywords : \" SARS-CoV-2 \" , \" COVID-19 \" , \" infection \" , \" pathogenesis \" , \" incubation period \" , \" transmission \" , \" clinical features \" , \" diagnosis \" , \" treatment \" , \" diabetes \" , with interposition of the Boolean operator \" AND \" .", "Evidence Elements": {"Participant": [], "Intervention": [], "Outcome": [{"term": "infection", "negation": "affirmed", "UMLS": "", "start": 149, "end": 158}, {"term": "pathogenesis", "negation": "affirmed", "UMLS": "", "start": 165, "end": 177}]}, "Evidence Propositions": []}, {"Section": "RESULTS", "Text": "The clinical spectrum of COVID-19 is heterogeneous , ranging from mild flu-like symptoms to acute respiratory distress syndrome , multiple organ failure and death .", "Evidence Elements": {"Participant": [], "Intervention": [], "Outcome": []}, "Evidence Propositions": []}, {"Section": "RESULTS", "Text": "Older age , diabetes and other comorbidities are reported as significant predictors of morbidity and mortality .", "Evidence Elements": {"Participant": [{"term": "Older age", "negation": "affirmed", "UMLS": "", "start": 0, "end": 9}, {"term": "diabetes", "negation": "affirmed", "UMLS": "", "start": 12, "end": 20}, {"term": "comorbidities", "negation": "affirmed", "UMLS": "", "start": 31, "end": 44}], "Intervention": [], "Outcome": [{"term": "morbidity", "negation": "affirmed", "UMLS": "", "start": 87, "end": 96}]}, "Evidence Propositions": []}, {"Section": "RESULTS", "Text": "Chronic inflammation , increased coagulation activity , immune response impairment , and potential direct pancreatic damage by SARS-CoV-2 might be among the underlying mechanisms of the association between diabetes and COVID-19 .", "Evidence Elements": {"Participant": [], "Intervention": [], "Outcome": [{"term": "coagulation activity", "negation": "affirmed", "UMLS": "", "start": 33, "end": 53}, {"term": "immune", "negation": "affirmed", "UMLS": "", "start": 56, "end": 62}, {"term": "impairment", "negation": "affirmed", "UMLS": "", "start": 72, "end": 82}]}, "Evidence Propositions": []}, {"Section": "CONCLUSIONS", "Text": "No conclusive evidence exists to support the discontinuation of angiotensin-converting enzyme inhibitors ( ACEI ) , angiotensin receptor blockers or thiazolidinediones because of COVID-19 in people with diabetes .", "Evidence Elements": {"Participant": [], "Intervention": [], "Outcome": []}, "Evidence Propositions": []}, {"Section": "CONCLUSIONS", "Text": "Caution should be taken to potential hypoglycemic events with the use of chloroquine in these subjects .", "Evidence Elements": {"Participant": [], "Intervention": [], "Outcome": []}, "Evidence Propositions": []}, {"Section": "CONCLUSIONS", "Text": "Patient tailored therapeutic strategies , rigorous glucose monitoring and careful consideration of drug interactions might reduce adverse outcomes .", "Evidence Elements": {"Participant": [], "Intervention": [], "Outcome": []}, "Evidence Propositions": []}, {"Section": "CONCLUSIONS", "Text": "Suggestions are made on the possible pathophysiological mechanisms of the relationship between diabetes and COVID-19 , and its management .", "Evidence Elements": {"Participant": [], "Intervention": [], "Outcome": [{"term": "relationship between diabetes and COVID-19", "negation": "affirmed", "UMLS": "", "start": 74, "end": 116}]}, "Evidence Propositions": []}, {"Section": "CONCLUSIONS", "Text": "No definite conclusions can be made based on current limited evidence .", "Evidence Elements": {"Participant": [], "Intervention": [], "Outcome": []}, "Evidence Propositions": []}, {"Section": "CONCLUSIONS", "Text": "Further research regarding this relationship and its clinical management is warranted .", "Evidence Elements": {"Participant": [], "Intervention": [], "Outcome": []}, "Evidence Propositions": []}]}