{"doc_id": "32281055", "type of study": "Therapy", "title": "", "abstract": "There is ongoing debate on the safety of renin-angiotensin system (RAS) inhibitors in COVID-19.\nRecently published studies highlight a potential relationship between cardiovascular disease (CVD) and COVID-19.\nThis article aims to summarize the evidence on the use of RAS inhibitors in CVD patients with COVID-19, focusing on safety issues of the RAS inhibitors and their relationship with COVID-19.\n", "Evidence Map": {"Enrollment": [{"term": "CVD", "negation": "affirmed", "UMLS": "", "start": 76, "end": 79}, {"term": "COVID-19", "negation": "affirmed", "UMLS": "", "start": 94, "end": 102}], "Comparison Results": [], "Study Arm 1 Results": [], "Study Arm 2 Results": []}, "Sentence-level breakdown": [{"Section": "TITLE", "Text": "There is ongoing debate on the safety of renin-angiotensin system ( RAS ) inhibitors in COVID-19 .", "Evidence Elements": {"Participant": [], "Intervention": [], "Outcome": []}, "Evidence Propositions": []}, {"Section": "CONCLUSIONS", "Text": "This article aims to summarize the evidence on the use of RAS inhibitors in CVD patients with COVID-19 , focusing on safety issues of the RAS inhibitors and their relationship with COVID-19 .", "Evidence Elements": {"Participant": [{"term": "CVD", "negation": "affirmed", "UMLS": "", "start": 76, "end": 79}, {"term": "COVID-19", "negation": "affirmed", "UMLS": "", "start": 94, "end": 102}], "Intervention": [{"term": "RAS inhibitors", "negation": "affirmed", "UMLS": "", "start": 58, "end": 72}, {"term": "RAS inhibitors", "negation": "affirmed", "UMLS": "", "start": 58, "end": 72}], "Outcome": [{"term": "safety issues", "negation": "affirmed", "UMLS": "", "start": 117, "end": 130}, {"term": "relationship", "negation": "affirmed", "UMLS": "", "start": 163, "end": 175}]}, "Evidence Propositions": []}]}