{"doc_id": "32281213", "type of study": "Therapy", "title": "", "abstract": "The pandemic coronavirus disease-19 (COVID-19) has pushed the global healthcare system to a crisis and amounted to a huge economic burden.\nDifferent drugs for prophylaxis against COVID-19 including chloroquine (CQ) or hydroxychloroquine (HCQ) have been tried.\nThis study was performed to systematically review the role of CQ and HCQ in preventing the spread of COVID-19.\nPubMed, EMBASE, ClinicalTrials.gov, International Clinical Trials Registry Platform and Cochrane Library databases were searched for studies that evaluated the prophylactic role of CQ or HCQ on SARS-CoV-2 (pre-clinical studies) or COVID-19 (clinical studies) until 30 March 2020.\nThe available literature was critically appraised.\nA total of 45 articles were screened and 5 (3 in vitro pre-clinical studies and 2 clinical opinions) were included.\nThe pre-clinical studies showed the prophylactic effects of CQ and HCQ against SARS-CoV-2.\nOn the other hand, the clinical opinions advocated the prophylactic use of CQ and HCQ against COVID-19.\nHowever, no original clinical studies on the prophylactic role of CQ or HCQ on COVID-19 were available.\nAlthough pre-clinical results are promising, to date there is a dearth of evidence to support the efficacy of CQ or HCQ in preventing COVID-19.\nConsidering potential safety issues and the likelihood of imparting a false sense of security, prophylaxis with CQ or HCQ against COVID-19 needs to be thoroughly evaluated in observational studies or high-quality randomized controlled studies.\n", "Evidence Map": {"Enrollment": [{"term": "COVID-19", "negation": "affirmed", "UMLS": "", "start": 236, "end": 244}], "Comparison Results": [], "Study Arm 1 Results": [], "Study Arm 2 Results": []}, "Sentence-level breakdown": [{"Section": "TITLE", "Text": "The pandemic coronavirus disease-19 ( COVID-19 ) has pushed the global healthcare system to a crisis and amounted to a huge economic burden .", "Evidence Elements": {"Participant": [], "Intervention": [], "Outcome": []}, "Evidence Propositions": []}, {"Section": "OBJECTIVE", "Text": "This study was performed to systematically review the role of CQ and HCQ in preventing the spread of COVID-19 .", "Evidence Elements": {"Participant": [], "Intervention": [{"term": "CQ", "negation": "affirmed", "UMLS": "", "start": 62, "end": 64}, {"term": "HCQ", "negation": "affirmed", "UMLS": "", "start": 69, "end": 72}], "Outcome": [{"term": "spread of COVID-19", "negation": "affirmed", "UMLS": "", "start": 91, "end": 109}]}, "Evidence Propositions": []}, {"Section": "METHODS", "Text": "PubMed , EMBASE , ClinicalTrials.gov , International Clinical Trials Registry Platform and Cochrane Library databases were searched for studies that evaluated the prophylactic role of CQ or HCQ on SARS-CoV-2 ( pre-clinical studies ) or COVID-19 ( clinical studies ) until 30 March 2020 .", "Evidence Elements": {"Participant": [{"term": "COVID-19", "negation": "affirmed", "UMLS": "", "start": 236, "end": 244}], "Intervention": [{"term": "CQ", "negation": "affirmed", "UMLS": "", "start": 184, "end": 186}, {"term": "HCQ", "negation": "affirmed", "UMLS": "", "start": 190, "end": 193}], "Outcome": [{"term": "SARS-CoV-2", "negation": "affirmed", "UMLS": "", "start": 197, "end": 207}]}, "Evidence Propositions": []}, {"Section": "METHODS", "Text": "The available literature was critically appraised .", "Evidence Elements": {"Participant": [], "Intervention": [], "Outcome": []}, "Evidence Propositions": []}, {"Section": "RESULTS", "Text": "A total of 45 articles were screened and 5 ( 3 in vitro pre-clinical studies and 2 clinical opinions ) were included .", "Evidence Elements": {"Participant": [], "Intervention": [], "Outcome": []}, "Evidence Propositions": []}, {"Section": "RESULTS", "Text": "The pre-clinical studies showed the prophylactic effects of CQ and HCQ against SARS-CoV-2 .", "Evidence Elements": {"Participant": [], "Intervention": [], "Outcome": []}, "Evidence Propositions": []}, {"Section": "RESULTS", "Text": "On the other hand , the clinical opinions advocated the prophylactic use of CQ and HCQ against COVID-19 .", "Evidence Elements": {"Participant": [], "Intervention": [], "Outcome": []}, "Evidence Propositions": []}, {"Section": "RESULTS", "Text": "However , no original clinical studies on the prophylactic role of CQ or HCQ on COVID-19 were available .", "Evidence Elements": {"Participant": [], "Intervention": [], "Outcome": []}, "Evidence Propositions": []}, {"Section": "RESULTS", "Text": "Although pre-clinical results are promising , to date there is a dearth of evidence to support the efficacy of CQ or HCQ in preventing COVID-19 .", "Evidence Elements": {"Participant": [], "Intervention": [], "Outcome": []}, "Evidence Propositions": []}, {"Section": "CONCLUSIONS", "Text": "Considering potential safety issues and the likelihood of imparting a false sense of security , prophylaxis with CQ or HCQ against COVID-19 needs to be thoroughly evaluated in observational studies or high-quality randomized controlled studies .", "Evidence Elements": {"Participant": [], "Intervention": [], "Outcome": []}, "Evidence Propositions": []}]}