{"doc_id": "32281327", "type of study": "Therapy", "title": "", "abstract": "The coronavirus disease 2019(COVID-19) is raging in China and more than 20 other countries and regions since the middle of December 2019.\nCurrently, there is no specific drug or vaccine besides symptomatic supportive therapy.\nTaking full advantage of the clinical experience of traditional Chinese medicine(TCM) in preventing and controlling major epidemics such as SARS, it is an important mission for TCM to propose effective formula with immediate response and solid evidence by using modern biomedical knowledge and techniques(molecular docking assisted TCM formulation for short).\nIn view of the high homology between the gene sequences of the novel coronavirus and SARS virus, and the similarities between the two in terms of pathogenic mechanism and clinical manifestations, our team established a rapid screening and optimization model for the prevention and treatment of the novel coronavirus based on clinical experience and molecular docking technology.\nFirstly, the clinical team and the research team pre-developed and screened TCM formula by using &quot;back-to-back&quot; manner.\nThen, the formula was optimized and determined by comparing and analyzing the results of the two groups.\nThe results showed that the research team screened out 46 active ingredients from candidate TCMs that could act on the novel coronavirus S-protein-binding site of human ACE2 protein, which were mainly attributed to 7 herbs such as Lonicerae Japonicae Flos and Mori Folium.\nThe result was largely consistent with the formula raised by the clinical group, verifying and supporting its rationality.\nThis provides evidence for the scientific and potential efficacy of the TCM prescription from the perspective of treatment target analysis, and also suggests that the TCM prescription has the potential to directly inhibit viral infection in addition to improving clinical symptoms or syndromes.\nBased on this, our team optimized and formed a new anti-coronavirus TCM prescription &quot;Keguan Yihao&quot;, immediately providing the TCM prescription with certain clinical experience and objective evidence support for the prevention and treatment of new emergent infectious diseases in our hospital.\nThe TCM prescription was combined with modern medicine symptomatic supportive treatment for clinical treatment, preliminary results showed better effect than symptomatic supportive therapy alone.\nThis research has innovated the method mode in clinical practice and basic research integration of traditional Chinese medicine for the prevention and control of new emerging infectious diseases.\nIt is of great significance to further improve the rapid response mechanism of TCM in face of major epidemics, and further improve the capability level of TCM to prevent and treat new emerging infectious diseases.\n", "Evidence Map": {"Enrollment": [], "Comparison Results": [], "Study Arm 1 Results": [], "Study Arm 2 Results": []}, "Sentence-level breakdown": [{"Section": "TITLE", "Text": "The coronavirus disease 2019 ( COVID-19 ) is raging in China and more than 20 other countries and regions since the middle of December 2019 .", "Evidence Elements": {"Participant": [], "Intervention": [], "Outcome": []}, "Evidence Propositions": []}, {"Section": "METHODS", "Text": "Firstly , the clinical team and the research team pre-developed and screened TCM formula by using & quot ; back-to-back & quot ; manner .", "Evidence Elements": {"Participant": [], "Intervention": [{"term": "TCM formula", "negation": "affirmed", "UMLS": "", "start": 77, "end": 88}], "Outcome": []}, "Evidence Propositions": []}, {"Section": "METHODS", "Text": "Then , the formula was optimized and determined by comparing and analyzing the results of the two groups .", "Evidence Elements": {"Participant": [], "Intervention": [], "Outcome": [{"term": "formula", "negation": "affirmed", "UMLS": "", "start": 11, "end": 18}]}, "Evidence Propositions": []}, {"Section": "RESULTS", "Text": "The results showed that the research team screened out 46 active ingredients from candidate TCMs that could act on the novel coronavirus S-protein-binding site of human ACE2 protein , which were mainly attributed to 7 herbs such as Lonicerae Japonicae Flos and Mori Folium .", "Evidence Elements": {"Participant": [], "Intervention": [{"term": "Lonicerae Japonicae Flos", "negation": "affirmed", "UMLS": "", "start": 232, "end": 256}, {"term": "Mori", "negation": "affirmed", "UMLS": "", "start": 261, "end": 265}], "Outcome": []}, "Evidence Propositions": []}, {"Section": "RESULTS", "Text": "The result was largely consistent with the formula raised by the clinical group , verifying and supporting its rationality .", "Evidence Elements": {"Participant": [], "Intervention": [], "Outcome": []}, "Evidence Propositions": []}, {"Section": "RESULTS", "Text": "This provides evidence for the scientific and potential efficacy of the TCM prescription from the perspective of treatment target analysis , and also suggests that the TCM prescription has the potential to directly inhibit viral infection in addition to improving clinical symptoms or syndromes .", "Evidence Elements": {"Participant": [], "Intervention": [{"term": "TCM prescription", "negation": "affirmed", "UMLS": "", "start": 72, "end": 88}, {"term": "TCM prescription", "negation": "affirmed", "UMLS": "", "start": 72, "end": 88}], "Outcome": [{"term": "viral infection", "negation": "affirmed", "UMLS": "", "start": 223, "end": 238}, {"term": "clinical symptoms or", "negation": "affirmed", "UMLS": "", "start": 264, "end": 284}]}, "Evidence Propositions": []}, {"Section": "RESULTS", "Text": "Based on this , our team optimized and formed a new anti-coronavirus TCM prescription & quot ; Keguan Yihao & quot ; , immediately providing the TCM prescription with certain clinical experience and objective evidence support for the prevention and treatment of new emergent infectious diseases in our hospital .", "Evidence Elements": {"Participant": [], "Intervention": [], "Outcome": []}, "Evidence Propositions": []}, {"Section": "RESULTS", "Text": "The TCM prescription was combined with modern medicine symptomatic supportive treatment for clinical treatment , preliminary results showed better effect than symptomatic supportive therapy alone .", "Evidence Elements": {"Participant": [], "Intervention": [{"term": "TCM prescription was combined with modern medicine symptomatic supportive treatment", "negation": "affirmed", "UMLS": "", "start": 4, "end": 87}, {"term": "symptomatic supportive therapy", "negation": "affirmed", "UMLS": "", "start": 159, "end": 189}], "Outcome": [{"term": "effect", "negation": "affirmed", "UMLS": "", "start": 147, "end": 153}]}, "Evidence Propositions": []}, {"Section": "CONCLUSIONS", "Text": "This research has innovated the method mode in clinical practice and basic research integration of traditional Chinese medicine for the prevention and control of new emerging infectious diseases .", "Evidence Elements": {"Participant": [], "Intervention": [], "Outcome": []}, "Evidence Propositions": []}, {"Section": "CONCLUSIONS", "Text": "It is of great significance to further improve the rapid response mechanism of TCM in face of major epidemics , and further improve the capability level of TCM to prevent and treat new emerging infectious diseases .", "Evidence Elements": {"Participant": [], "Intervention": [], "Outcome": []}, "Evidence Propositions": []}]}