{"doc_id": "32283185", "type of study": "Therapy", "title": "", "abstract": "In post-transplantation cyclophosphamide-based allogeneic hematopoietic stem cell transplantation, graft cryopreservation was not associated with significantly higher mortality.\nCryopreserved grafts were not associated with significantly delayed hematopoietic recovery or increased risk of acute graft-versus-host disease (GVHD).\nCryopreserved grafts were associated with lower risk of chronic GVHD and inferior disease-free survival, but these differences were of only borderline statistical significance.\nThe COVID-19 pandemic has created significant barriers to timely donor evaluation, cell collection, and graft transport for allogeneic hematopoietic stem cell transplantation (allo-HCT).\nTo ensure availability of donor cells on the scheduled date of infusion, many sites now collect cryopreserved grafts before the start of pretransplantation conditioning.\nPost-transplantation cyclophosphamide (ptCY) is an increasingly used approach for graft-versus-host disease (GVHD) prophylaxis, but the impact of graft cryopreservation on the outcomes of allo-HCT using ptCY is not known.\nUsing the Center for International Blood and Marrow Transplant Research (CIBMTR) database, we compared the outcomes of HCT using cryopreserved versus fresh grafts in patients undergoing HCT for hematologic malignancy with ptCY.\nWe analyzed 274 patients with hematologic malignancy undergoing allo-HCT between 2013 and 2018 with cryopreserved grafts and ptCY.\nEighteen patients received bone marrow grafts and 256 received peripheral blood stem cell grafts.\nThese patients were matched for age, graft type, disease risk index (DRI), and propensity score with 1080 patients who underwent allo-HCT with fresh grafts.\nThe propensity score, which is an assessment of the likelihood of receiving a fresh graft versus a cryopreserved graft, was calculated using logistic regression to account for the following: disease histology, Karnofsky Performance Score (KPS), HCT Comorbidity Index, conditioning regimen intensity, donor type, and recipient race.\nThe primary endpoint was overall survival (OS).\nSecondary endpoints included acute and chronic graft-versus-host disease (GVHD), non-relapse mortality (NRM), relapse/progression and disease-free survival (DFS).\nBecause of multiple comparisons, only P values <.01 were considered statistically significant.\nThe 2 cohorts (cryopreserved and fresh) were similar in terms of patient age, KPS, diagnosis, DRI, HCT-CI, donor/graft source, and conditioning intensity.\nOne-year probabilities of OS were 71.1% (95% confidence interval [CI], 68.3% to 73.8%) with fresh grafts and 70.3% (95% CI, 64.6% to 75.7%) with cryopreserved grafts (P = .81).\nCorresponding probabilities of OS at 2 years were 60.6% (95% CI, 57.3% to 63.8%) and 58.7% (95% CI, 51.9% to 65.4%) (P = .62).\nIn matched-pair regression analysis, graft cryopreservation was not associated with a significantly higher risk of mortality (hazard ratio [HR] for cryopreserved versus fresh, 1.05; 95% CI, .86 to 1.29; P = .60).\nSimilarly, rates of neutrophil recovery (HR, .91; 95% CI, .80 to 1.02; P = .12), platelet recovery (HR, .88; 95% CI, .78 to 1.00; P = .05), grade III-IV acute GVHD (HR, .78; 95% CI, .50 to 1.22; P = .27), NRM (HR, 1.16; 95% CI, .86 to 1.55; P = .32) and relapse/progression (HR, 1.21; 95% CI, .97 to 1.50; P = .09) were similar with cryopreserved grafts versus fresh grafts.\nThere were somewhat lower rates of chronic GVHD (HR, 78; 95% CI, .61 to .99; P = .04) and DFS (HR for treatment failure, 1.19; 95% CI, 1.01 to 1.29; P = .04) with graft cryopreservation that were of marginal statistical significance after adjusting for multiple comparisons.\nOverall, our data indicate that graft cryopreservation does not significantly delay hematopoietic recovery, increase the risk of acute GVHD or NRM, or decrease OS after allo-HCT using ptCY.\n", "Evidence Map": {"Enrollment": [{"term": "post-transplantation cyclophosphamide-based allogeneic hematopoietic stem cell transplantation", "negation": "affirmed", "UMLS": "", "start": 3, "end": 97}, {"term": "HCT", "negation": "affirmed", "UMLS": "", "start": 122, "end": 125}, {"term": "hematologic", "negation": "affirmed", "UMLS": "", "start": 197, "end": 208}, {"term": "hematologic malignancy", "negation": "affirmed", "UMLS": "", "start": 30, "end": 52}, {"term": "allo-HCT", "negation": "affirmed", "UMLS": "", "start": 64, "end": 72}, {"term": "cryopreserved grafts", "negation": "affirmed", "UMLS": "", "start": 100, "end": 120}, {"term": "ptCY", "negation": "affirmed", "UMLS": "", "start": 125, "end": 129}], "Comparison Results": [], "Study Arm 1 Results": [], "Study Arm 2 Results": []}, "Sentence-level breakdown": [{"Section": "TITLE", "Text": "In post-transplantation cyclophosphamide-based allogeneic hematopoietic stem cell transplantation , graft cryopreservation was not associated with significantly higher mortality .", "Evidence Elements": {"Participant": [{"term": "post-transplantation cyclophosphamide-based allogeneic hematopoietic stem cell transplantation", "negation": "affirmed", "UMLS": "", "start": 3, "end": 97}], "Intervention": [{"term": "graft cryopreservation", "negation": "affirmed", "UMLS": "", "start": 100, "end": 122}], "Outcome": []}, "Evidence Propositions": [{"Intervention": ["graft cryopreservation"], "Observation": "significantly higher", "Outcome": "", "Count": ""}]}, {"Section": "OBJECTIVE", "Text": "To ensure availability of donor cells on the scheduled date of infusion , many sites now collect cryopreserved grafts before the start of pretransplantation conditioning .", "Evidence Elements": {"Participant": [], "Intervention": [], "Outcome": []}, "Evidence Propositions": []}, {"Section": "METHODS", "Text": "Using the Center for International Blood and Marrow Transplant Research ( CIBMTR ) database , we compared the outcomes of HCT using cryopreserved versus fresh grafts in patients undergoing HCT for hematologic malignancy with ptCY .", "Evidence Elements": {"Participant": [{"term": "HCT", "negation": "affirmed", "UMLS": "", "start": 122, "end": 125}, {"term": "hematologic", "negation": "affirmed", "UMLS": "", "start": 197, "end": 208}], "Intervention": [{"term": "HCT", "negation": "affirmed", "UMLS": "", "start": 122, "end": 125}, {"term": "cryopreserved", "negation": "affirmed", "UMLS": "", "start": 132, "end": 145}, {"term": "fresh grafts", "negation": "affirmed", "UMLS": "", "start": 153, "end": 165}], "Outcome": []}, "Evidence Propositions": []}, {"Section": "METHODS", "Text": "We analyzed 274 patients with hematologic malignancy undergoing allo-HCT between 2013 and 2018 with cryopreserved grafts and ptCY .", "Evidence Elements": {"Participant": [{"term": "hematologic malignancy", "negation": "affirmed", "UMLS": "", "start": 30, "end": 52}, {"term": "allo-HCT", "negation": "affirmed", "UMLS": "", "start": 64, "end": 72}, {"term": "cryopreserved grafts", "negation": "affirmed", "UMLS": "", "start": 100, "end": 120}, {"term": "ptCY", "negation": "affirmed", "UMLS": "", "start": 125, "end": 129}], "Intervention": [], "Outcome": []}, "Evidence Propositions": []}, {"Section": "METHODS", "Text": "Eighteen patients received bone marrow grafts and 256 received peripheral blood stem cell grafts .", "Evidence Elements": {"Participant": [], "Intervention": [{"term": "bone marrow grafts", "negation": "affirmed", "UMLS": "", "start": 27, "end": 45}, {"term": "peripheral blood stem cell grafts", "negation": "affirmed", "UMLS": "", "start": 63, "end": 96}], "Outcome": []}, "Evidence Propositions": []}, {"Section": "METHODS", "Text": "These patients were matched for age , graft type , disease risk index ( DRI ) , and propensity score with 1080 patients who underwent allo-HCT with fresh grafts .", "Evidence Elements": {"Participant": [], "Intervention": [], "Outcome": []}, "Evidence Propositions": []}, {"Section": "METHODS", "Text": "The propensity score , which is an assessment of the likelihood of receiving a fresh graft versus a cryopreserved graft , was calculated using logistic regression to account for the following : disease histology , Karnofsky Performance Score ( KPS ) , HCT Comorbidity Index , conditioning regimen intensity , donor type , and recipient race .", "Evidence Elements": {"Participant": [], "Intervention": [{"term": "cryopreserved", "negation": "affirmed", "UMLS": "", "start": 100, "end": 113}], "Outcome": [{"term": "propensity score", "negation": "affirmed", "UMLS": "", "start": 4, "end": 20}, {"term": "likelihood of", "negation": "affirmed", "UMLS": "", "start": 53, "end": 66}, {"term": "graft", "negation": "affirmed", "UMLS": "", "start": 85, "end": 90}, {"term": "Karnofsky", "negation": "affirmed", "UMLS": "", "start": 214, "end": 223}, {"term": "Score ( KPS )", "negation": "affirmed", "UMLS": "", "start": 236, "end": 249}, {"term": "HCT Comorbidity Index", "negation": "affirmed", "UMLS": "", "start": 252, "end": 273}]}, "Evidence Propositions": []}, {"Section": "METHODS", "Text": "The primary endpoint was overall survival ( OS ) .", "Evidence Elements": {"Participant": [], "Intervention": [], "Outcome": [{"term": "overall survival (", "negation": "affirmed", "UMLS": "", "start": 25, "end": 43}]}, "Evidence Propositions": []}, {"Section": "METHODS", "Text": "Secondary endpoints included acute and chronic graft-versus-host disease ( GVHD ) , non-relapse mortality ( NRM ) , relapse / progression and disease-free survival ( DFS ) .", "Evidence Elements": {"Participant": [], "Intervention": [], "Outcome": [{"term": "acute and chronic graft-versus-host disease ( GVHD )", "negation": "affirmed", "UMLS": "", "start": 29, "end": 81}, {"term": "non-relapse mortality ( NRM )", "negation": "affirmed", "UMLS": "", "start": 84, "end": 113}]}, "Evidence Propositions": []}, {"Section": "METHODS", "Text": "Because of multiple comparisons , only P values < .01 were considered statistically significant .", "Evidence Elements": {"Participant": [], "Intervention": [], "Outcome": []}, "Evidence Propositions": []}, {"Section": "RESULTS", "Text": "The 2 cohorts ( cryopreserved and fresh ) were similar in terms of patient age , KPS , diagnosis , DRI , HCT-CI , donor / graft source , and conditioning intensity .", "Evidence Elements": {"Participant": [], "Intervention": [], "Outcome": []}, "Evidence Propositions": []}, {"Section": "RESULTS", "Text": "One-year probabilities of OS were 71.1 % ( 95 % confidence interval [ CI ] , 68.3 % to 73.8 % ) with fresh grafts and 70.3 % ( 95 % CI , 64.6 % to 75.7 % ) with cryopreserved grafts ( P =.81 ) .", "Evidence Elements": {"Participant": [], "Intervention": [{"term": "fresh grafts", "negation": "affirmed", "UMLS": "", "start": 101, "end": 113}], "Outcome": [{"term": "One-year probabilities of OS", "negation": "affirmed", "UMLS": "", "start": 0, "end": 28}]}, "Evidence Propositions": [{"Intervention": "fresh grafts", "Observation": "71.1 %", "Outcome": "One-year probabilities of OS", "Count": ""}, {"Intervention": "fresh grafts", "Observation": "70.3 %", "Outcome": "One-year probabilities of OS", "Count": ""}]}, {"Section": "RESULTS", "Text": "Corresponding probabilities of OS at 2 years were 60.6 % ( 95 % CI , 57.3 % to 63.8 % ) and 58.7 % ( 95 % CI , 51.9 % to 65.4 % ) ( P =.62 ) .", "Evidence Elements": {"Participant": [], "Intervention": [], "Outcome": [{"term": "Corresponding probabilities of OS", "negation": "affirmed", "UMLS": "", "start": 0, "end": 33}]}, "Evidence Propositions": []}, {"Section": "RESULTS", "Text": "In matched-pair regression analysis , graft cryopreservation was not associated with a significantly higher risk of mortality ( hazard ratio [ HR ] for cryopreserved versus fresh , 1.05 ; 95 % CI , 0.86 to 1.29 ; P =.60 ) .", "Evidence Elements": {"Participant": [], "Intervention": [{"term": "graft cryopreservation", "negation": "affirmed", "UMLS": "", "start": 38, "end": 60}, {"term": "cryopreserved", "negation": "negated", "UMLS": "", "start": 152, "end": 165}, {"term": "fresh", "negation": "negated", "UMLS": "", "start": 173, "end": 178}], "Outcome": [{"term": "risk of mortality", "negation": "negated", "UMLS": "", "start": 108, "end": 125}]}, "Evidence Propositions": []}, {"Section": "RESULTS", "Text": "Similarly , rates of neutrophil recovery ( HR ,.91 ; 95 % CI , 0.80 to 1.02 ; P =.12 ) , platelet recovery ( HR ,.88 ; 95 % CI , 0.78 to 1.00 ; P =.05 ) , grade III-IV acute GVHD ( HR ,.78 ; 95 % CI , 0.50 to 1.22 ; P =.27 ) , NRM ( HR , 1.16 ; 95 % CI , 0.86 to 1.55 ; P =.32", "Evidence Elements": {"Participant": [], "Intervention": [], "Outcome": [{"term": "rates of neutrophil recovery", "negation": "affirmed", "UMLS": "", "start": 12, "end": 40}, {"term": "platelet recovery", "negation": "affirmed", "UMLS": "", "start": 89, "end": 106}, {"term": "grade III-IV acute GVHD", "negation": "affirmed", "UMLS": "", "start": 155, "end": 178}, {"term": "NRM", "negation": "affirmed", "UMLS": "", "start": 227, "end": 230}]}, "Evidence Propositions": []}, {"Section": "RESULTS", "Text": "There were somewhat lower rates of chronic GVHD ( HR , 78 ; 95 % CI , 0.61 to .99 ; P =.04 ) and DFS ( HR for treatment failure , 1.19 ; 95 % CI , 1.01 to 1.29 ; P =.04 ) with graft cryopreservation that were of marginal statistical significance after adjusting for multiple comparisons .", "Evidence Elements": {"Participant": [], "Intervention": [{"term": "graft", "negation": "affirmed", "UMLS": "", "start": 176, "end": 181}], "Outcome": [{"term": "rates of chronic GVHD", "negation": "affirmed", "UMLS": "", "start": 26, "end": 47}, {"term": "DFS", "negation": "affirmed", "UMLS": "", "start": 97, "end": 100}, {"term": "HR for treatment failure", "negation": "affirmed", "UMLS": "", "start": 103, "end": 127}]}, "Evidence Propositions": []}, {"Section": "CONCLUSIONS", "Text": "Overall , our data indicate that graft cryopreservation does not significantly delay hematopoietic recovery , increase the risk of acute GVHD or NRM , or decrease OS after allo-HCT using ptCY .", "Evidence Elements": {"Participant": [], "Intervention": [{"term": "graft cryopreservation", "negation": "affirmed", "UMLS": "", "start": 33, "end": 55}], "Outcome": [{"term": "hematopoietic recovery", "negation": "negated", "UMLS": "", "start": 85, "end": 107}, {"term": "risk of acute GVHD or NRM", "negation": "negated", "UMLS": "", "start": 123, "end": 148}, {"term": "OS", "negation": "negated", "UMLS": "", "start": 163, "end": 165}]}, "Evidence Propositions": [{"Intervention": "graft cryopreservation", "Observation": "increase", "Outcome": "risk of acute GVHD or NRM", "Count": ""}]}]}