{"doc_id": "32281754", "type of study": "Therapy", "title": "", "abstract": "We are in the midst of a health emergency that is totally new for us all and that requires a concerted effort, especially when it comes to safeguarding patients on hemodialysis, and kidney transplant recipients.\nBrescia is currently a very active cluster of infections (2918 cases on the 17/03/2020), second only to Bergamo.\nThe way our structure is organised has allowed us to treat nephropathic patients directly within the Nephrology Unit, following of course a great deal of reshuffling; at the moment, we are treating 21 transplanted patients and 17 on hemodialysis.\nThis has led us to adopt a systematic approach to handling this emergency, not only in managing inpatients, but also in researching the new disease.\nOur approach is mirrored in the guidelines attached to this article, originally intended for internal use only but potentially very useful to our colleagues, as they face the same exact problems.\nWe have also started collecting data on our positive patients with the aim of understanding better the functioning of this disease and how best to manage it.\nIf anyone is interested, we ask you to please get in touch with us, so we can coordinate our efforts.\n", "Evidence Map": {"Enrollment": [{"term": "transplanted", "negation": "affirmed", "UMLS": "", "start": 204, "end": 216}], "Comparison Results": [], "Study Arm 1 Results": [], "Study Arm 2 Results": []}, "Sentence-level breakdown": [{"Section": "TITLE", "Text": "We are in the midst of a health emergency that is totally new for us all and that requires a concerted effort , especially when it comes to safeguarding patients on hemodialysis , and kidney transplant recipients .", "Evidence Elements": {"Participant": [], "Intervention": [], "Outcome": []}, "Evidence Propositions": []}, {"Section": "RESULTS", "Text": "This has led us to adopt a systematic approach to handling this emergency , not only in managing inpatients , but also in researching the new disease .", "Evidence Elements": {"Participant": [], "Intervention": [], "Outcome": []}, "Evidence Propositions": []}, {"Section": "RESULTS", "Text": "Our approach is mirrored in the guidelines attached to this article , originally intended for internal use only but potentially very useful to our colleagues , as they face the same exact problems .", "Evidence Elements": {"Participant": [], "Intervention": [], "Outcome": []}, "Evidence Propositions": []}, {"Section": "CONCLUSIONS", "Text": "We have also started collecting data on our positive patients with the aim of understanding better the functioning of this disease and how best to manage it .", "Evidence Elements": {"Participant": [], "Intervention": [], "Outcome": []}, "Evidence Propositions": []}, {"Section": "CONCLUSIONS", "Text": "If anyone is interested , we ask you to please get in touch with us , so we can coordinate our efforts .", "Evidence Elements": {"Participant": [], "Intervention": [], "Outcome": []}, "Evidence Propositions": []}]}