{"doc_id": "32283144", "type of study": "Therapy", "title": "", "abstract": "Severe acute respiratory syndrome coronavirus 2 (SARS-CoV-2) threatens the health of people, and there is no proven pharmacological treatment.\nAlthough corticosteroids were widely used during outbreaks of severe acute respiratory syndrome and Middle East respiratory syndrome, their efficacy remains highly controversial.\nPatients with severe conditions are more likely to require corticosteroids.\nHowever, corticosteroid use may lead to increased mortality and serious adverse reactions.\nTherefore, corticosteroids should be used with caution in the treatment of coronavirus disease 2019 (COVID-19).\nAn outbreak of novel coronavirus in 2019 threatens the health of people, and there is no proven pharmacological treatment.\nAlthough corticosteroids were widely used during outbreaks of severe acute respiratory syndrome and Middle East respiratory syndrome, their efficacy remainedhighly controversial.\nWe aimed to further evaluate the influence of corticosteroids on patients with coronavirus infection.\nWe conducted a comprehensive search of literature published in PubMed, Embase, Cochrane library, and China National Knowledge Infrastructure (CNKI) from January 1, 2002 to March 15, 2020.\nAll statistical analyses in this study were performed on stata14.0.\nA total of 5270 patients from 15 studies were included in this meta-analysis.\nThe result indicated that critical patients were more likely to require corticosteroids therapy (risk ratio [RR] = 1.56, 95% confidence interval [CI] = 1.28-1.90, P<0.001).\nHowever, corticosteroid treatment was associated with higher mortality (RR = 2.11, 95%CI = 1.13-3.94, P = 0.019), longer length of stay (weighted mean difference [WMD] = 6.31, 95%CI = 5.26-7.37, P<0.001), a higher rate of bacterial infection (RR = 2.08, 95%CI = 1.54-2.81, P<0.001), and hypokalemia (RR = 2.21, 95%CI = 1.07-4.55, P = 0.032) but not hyperglycemia (RR = 1.37, 95%CI=0.68-2.76, P = 0.376) or hypocalcemia (RR = 1.35, 95%CI = 0.77-2.37, P = 0.302).\nPatients with severe conditions are more likely to require corticosteroids.\nCorticosteroid use is associated with increased mortality in patients with coronavirus pneumonia.\n", "Evidence Map": {"Enrollment": [{"term": "coronavirus infection", "negation": "affirmed", "UMLS": "", "start": 79, "end": 100}, {"term": "critical patients", "negation": "affirmed", "UMLS": "", "start": 26, "end": 43}, {"term": "coronavirus pneumonia", "negation": "affirmed", "UMLS": "", "start": 75, "end": 96}], "Comparison Results": [], "Study Arm 1 Results": [], "Study Arm 2 Results": []}, "Sentence-level breakdown": [{"Section": "TITLE", "Text": "Severe acute respiratory syndrome coronavirus 2 ( SARS-CoV-2 ) threatens the health of people , and there is no proven pharmacological treatment .", "Evidence Elements": {"Participant": [], "Intervention": [], "Outcome": []}, "Evidence Propositions": []}, {"Section": "OBJECTIVE", "Text": "We aimed to further evaluate the influence of corticosteroids on patients with coronavirus infection .", "Evidence Elements": {"Participant": [{"term": "coronavirus infection", "negation": "affirmed", "UMLS": "", "start": 79, "end": 100}], "Intervention": [{"term": "corticosteroids", "negation": "affirmed", "UMLS": "", "start": 46, "end": 61}], "Outcome": []}, "Evidence Propositions": []}, {"Section": "METHODS", "Text": "We conducted a comprehensive search of literature published in PubMed , Embase , Cochrane library , and China National Knowledge Infrastructure ( CNKI ) from January 1 , 2002 to March 15 , 2020 .", "Evidence Elements": {"Participant": [], "Intervention": [], "Outcome": []}, "Evidence Propositions": []}, {"Section": "METHODS", "Text": "All statistical analyses in this study were performed on stata14.0 .", "Evidence Elements": {"Participant": [], "Intervention": [{"term": "stata14.0", "negation": "affirmed", "UMLS": "", "start": 57, "end": 66}], "Outcome": []}, "Evidence Propositions": []}, {"Section": "RESULTS", "Text": "A total of 5270 patients from 15 studies were included in this meta-analysis .", "Evidence Elements": {"Participant": [], "Intervention": [], "Outcome": []}, "Evidence Propositions": []}, {"Section": "RESULTS", "Text": "The result indicated that critical patients were more likely to require corticosteroids therapy ( risk ratio [ RR ] = 1.56 , 95 % confidence interval [ CI ] = 1.28-1.90 , P < 0.001 ) .", "Evidence Elements": {"Participant": [{"term": "critical patients", "negation": "affirmed", "UMLS": "", "start": 26, "end": 43}], "Intervention": [], "Outcome": [{"term": "corticosteroids therapy", "negation": "affirmed", "UMLS": "", "start": 72, "end": 95}]}, "Evidence Propositions": [{"Intervention": [], "Observation": "more likely", "Outcome": "corticosteroids therapy", "Count": ""}]}, {"Section": "RESULTS", "Text": "However , corticosteroid treatment was associated with higher mortality ( RR = 2.11 , 95 % CI = 1.13-3.94 , P = 0.019 ) , longer length of stay ( weighted mean difference [ WMD ] = 6.31 , 95 % CI = 5.26-7.37 , P < 0.001 ) , a higher rate of bacterial infection ( RR = 2.08 , 95 % CI = 1.54-2.81 , P < 0.001 ) , and hypokalemia ( RR = 2", "Evidence Elements": {"Participant": [], "Intervention": [{"term": "corticosteroid", "negation": "affirmed", "UMLS": "", "start": 10, "end": 24}], "Outcome": [{"term": "mortality", "negation": "affirmed", "UMLS": "", "start": 62, "end": 71}, {"term": "length of stay", "negation": "affirmed", "UMLS": "", "start": 129, "end": 143}, {"term": "weighted mean difference [ WMD ]", "negation": "affirmed", "UMLS": "", "start": 146, "end": 178}, {"term": "rate of bacterial infection", "negation": "affirmed", "UMLS": "", "start": 233, "end": 260}, {"term": "hypokalemia", "negation": "affirmed", "UMLS": "", "start": 315, "end": 326}]}, "Evidence Propositions": [{"Intervention": [], "Observation": "higher", "Outcome": "", "Count": ""}, {"Intervention": [], "Observation": "longer", "Outcome": "", "Count": ""}, {"Intervention": [], "Observation": "higher", "Outcome": "", "Count": ""}]}, {"Section": "CONCLUSIONS", "Text": "Patients with severe conditions are more likely to require corticosteroids .", "Evidence Elements": {"Participant": [], "Intervention": [], "Outcome": []}, "Evidence Propositions": []}, {"Section": "CONCLUSIONS", "Text": "Corticosteroid use is associated with increased mortality in patients with coronavirus pneumonia .", "Evidence Elements": {"Participant": [{"term": "coronavirus pneumonia", "negation": "affirmed", "UMLS": "", "start": 75, "end": 96}], "Intervention": [{"term": "Corticosteroid", "negation": "affirmed", "UMLS": "", "start": 0, "end": 14}], "Outcome": [{"term": "mortality", "negation": "affirmed", "UMLS": "", "start": 48, "end": 57}]}, "Evidence Propositions": []}]}