{"doc_id": "32281328", "type of study": "Therapy", "title": "", "abstract": "With the rapid outbreak of COVID-19, traditional Chinese medicine(TCM) has been playing an active role against the epidemic.\nHowever, the screening of TCM is limited by the development cycle and laboratory conditions, which greatly limits the screening speed.\nThis study established optimization docking models and virtual screening to discovery potential active herbs for the prevention and treatment of the novel coronavirus based on molecular docking technology.\nThe crystal structures of 3 CL protease(Mpro) and papain-like protease(PLP) were obtained from PDB database and homologous modeling respectively, and were used to conduct virtual screening of TCMD 2009 database by CDOCKER program.\nThe ingredients scored in the top 100 were selected respectively, and the candidate herbs were ranked by the numbers of hit molecules.\nBased on Mpro inhibitors screening, 12 322 potential active components were obtained, and the representative active components included aster pentapeptide A, ligustrazine, salvianolic acid B, etc., and Zingiberis Rhizoma Recens, Asteris Radix et Rhizoma, Notoginseng Radix et Rhizoma, Chuanxiong Rhizoma, Salviae Miltiorrhizae Radix et Rhizoma, Zingiberis Rhizoma, Dianthi Herba, Rhei Radix et Rhizoma, Cistanches Herba were obtained.\nWhile 11 294 potential active ingredients were obtained by PLP inhibitor screening, representative active ingredients included gingerketophenol, ginkgol alcohol, ferulic acid, etc., and Codonopsis Radix, Notopterygii Rhizoma et Radix, Zingiberis Rhizoma Recens, Ginkgo Semen, Chuanxiong Rhizoma, Trichosanthis Fructus, Paeoniae Radix Alba, Psoraleae Fructus, Sophorae Flavescentis Radix, Notoginseng Radix et Rhizoma, Angelicae Sinensis Radix were chosen.\nBy combining the diagnosis and treatment scheme of Hunan province's and angiotensin converting enzyme 2(ACE2) inhibitors screening from literature, present study also discussed the rational application of candidate herbs to this epidemic situation.\nTrichosanthis Fructus obtained by PLP inhibitors screening and Fritillaria verticillata obtained by ACE2 inhibitors screening were parts of the Sangbei Zhisou Powder and Xiaoxianxiong Decoction, which might be applicable to the syndromes of cough and dyspnea.\nRhei Radix et Rhizoma screened by Mpro and Trichosanthis Fructus screened by PLP were contained in Maxing Shigan Decoction and Xuanbai Chengqi Decoction, and could be applied to the syndromes of epidemic virus blocking lung.\nMori Folium, Lonicerae Japonicae Flos and Forsythiae Fructus obtained by ACE2 inhibitors screening were included in the Sangju Decoction and Yinqiaosan, which might be applicable to the syndromes of warm pathogen attacking lung and cough and dyspnea.\nThe results of this study are intended to provide a reference for the further development of traditional Chinese medicine to deal with the new epidemic.\n", "Evidence Map": {"Enrollment": [{"term": "coronavirus", "negation": "affirmed", "UMLS": "", "start": 155, "end": 166}, {"term": "syndromes of cough", "negation": "affirmed", "UMLS": "", "start": 229, "end": 247}, {"term": "epidemic virus blocking", "negation": "affirmed", "UMLS": "", "start": 196, "end": 219}, {"term": "Mori Folium", "negation": "affirmed", "UMLS": "", "start": 0, "end": 11}, {"term": "Forsythiae Fructus", "negation": "affirmed", "UMLS": "", "start": 43, "end": 61}, {"term": "inhibitors", "negation": "affirmed", "UMLS": "", "start": 79, "end": 89}], "Comparison Results": [], "Study Arm 1 Results": [], "Study Arm 2 Results": []}, "Sentence-level breakdown": [{"Section": "TITLE", "Text": "With the rapid outbreak of COVID-19 , traditional Chinese medicine ( TCM ) has been playing an active role against the epidemic .", "Evidence Elements": {"Participant": [], "Intervention": [], "Outcome": []}, "Evidence Propositions": []}, {"Section": "OBJECTIVE", "Text": "This study established optimization docking models and virtual screening to discovery potential active herbs for the prevention and treatment of the novel coronavirus based on molecular docking technology .", "Evidence Elements": {"Participant": [{"term": "coronavirus", "negation": "affirmed", "UMLS": "", "start": 155, "end": 166}], "Intervention": [], "Outcome": []}, "Evidence Propositions": []}, {"Section": "METHODS", "Text": "The crystal structures of 3 CL protease ( Mpro ) and papain-like protease ( PLP ) were obtained from PDB database and homologous modeling respectively , and were used to conduct virtual screening of TCMD 2009 database by CDOCKER program .", "Evidence Elements": {"Participant": [], "Intervention": [{"term": "3 CL protease ( Mpro )", "negation": "affirmed", "UMLS": "", "start": 26, "end": 48}, {"term": "papain-like protease ( PLP )", "negation": "affirmed", "UMLS": "", "start": 53, "end": 81}], "Outcome": [{"term": "crystal structures", "negation": "affirmed", "UMLS": "", "start": 4, "end": 22}]}, "Evidence Propositions": []}, {"Section": "METHODS", "Text": "The ingredients scored in the top 100 were selected respectively , and the candidate herbs were ranked by the numbers of hit molecules .", "Evidence Elements": {"Participant": [], "Intervention": [], "Outcome": []}, "Evidence Propositions": []}, {"Section": "RESULTS", "Text": "Based on Mpro inhibitors screening , 12 322 potential active components were obtained , and the representative active components included aster pentapeptide A , ligustrazine , salvianolic acid B , etc . , and Zingiberis Rhizoma Recens , Asteris Radix et Rhizoma , Notoginseng Radix et Rhizoma , Chuanxiong Rhizoma , Salviae Miltiorrhizae Radix et Rhizoma , Zingiberis Rhizoma , Dianthi Herb", "Evidence Elements": {"Participant": [], "Intervention": [{"term": "aster pentapeptide A", "negation": "affirmed", "UMLS": "", "start": 138, "end": 158}, {"term": "ligustrazine", "negation": "affirmed", "UMLS": "", "start": 161, "end": 173}, {"term": "salvianolic acid B", "negation": "affirmed", "UMLS": "", "start": 176, "end": 194}], "Outcome": []}, "Evidence Propositions": []}, {"Section": "RESULTS", "Text": "While 11 294 potential active ingredients were obtained by PLP inhibitor screening , representative active ingredients included gingerketophenol , ginkgol alcohol , ferulic acid , etc . , and Codonopsis Radix , Notopterygii Rhizoma et Radix , Zingiberis Rhizoma Recens , Ginkgo Semen , Chuanxiong Rhizoma , Trichosanthis Fructus , Paeoniae Radix Alba , Psoraleae Fructus , Sophorae Flavescentis Radix ,", "Evidence Elements": {"Participant": [], "Intervention": [{"term": "gingerketophenol", "negation": "affirmed", "UMLS": "", "start": 128, "end": 144}, {"term": "ginkgol alcohol", "negation": "affirmed", "UMLS": "", "start": 147, "end": 162}, {"term": "ferulic acid", "negation": "affirmed", "UMLS": "", "start": 165, "end": 177}], "Outcome": [{"term": "Zingiberis", "negation": "affirmed", "UMLS": "", "start": 243, "end": 253}, {"term": "Trichosanthis", "negation": "affirmed", "UMLS": "", "start": 307, "end": 320}, {"term": "Paeoniae", "negation": "affirmed", "UMLS": "", "start": 331, "end": 339}]}, "Evidence Propositions": []}, {"Section": "RESULTS", "Text": "By combining the diagnosis and treatment scheme of Hunan province 's and angiotensin converting enzyme 2 ( ACE2 ) inhibitors screening from literature , present study also discussed the rational application of candidate herbs to this epidemic situation .", "Evidence Elements": {"Participant": [], "Intervention": [], "Outcome": []}, "Evidence Propositions": []}, {"Section": "RESULTS", "Text": "Trichosanthis Fructus obtained by PLP inhibitors screening and Fritillaria verticillata obtained by ACE2 inhibitors screening were parts of the Sangbei Zhisou Powder and Xiaoxianxiong Decoction , which might be applicable to the syndromes of cough and dyspnea .", "Evidence Elements": {"Participant": [{"term": "syndromes of cough", "negation": "affirmed", "UMLS": "", "start": 229, "end": 247}], "Intervention": [], "Outcome": [{"term": "Trichosanthis Fructus", "negation": "affirmed", "UMLS": "", "start": 0, "end": 21}, {"term": "Fritillaria verticillata", "negation": "affirmed", "UMLS": "", "start": 63, "end": 87}]}, "Evidence Propositions": []}, {"Section": "RESULTS", "Text": "Rhei Radix et Rhizoma screened by Mpro and Trichosanthis Fructus screened by PLP were contained in Maxing Shigan Decoction and Xuanbai Chengqi Decoction , and could be applied to the syndromes of epidemic virus blocking lung .", "Evidence Elements": {"Participant": [{"term": "epidemic virus blocking", "negation": "affirmed", "UMLS": "", "start": 196, "end": 219}], "Intervention": [], "Outcome": [{"term": "Rhei Radix", "negation": "affirmed", "UMLS": "", "start": 0, "end": 10}, {"term": "Rhizoma", "negation": "affirmed", "UMLS": "", "start": 14, "end": 21}]}, "Evidence Propositions": []}, {"Section": "RESULTS", "Text": "Mori Folium , Lonicerae Japonicae Flos and Forsythiae Fructus obtained by ACE2 inhibitors screening were included in the Sangju Decoction and Yinqiaosan , which might be applicable to the syndromes of warm pathogen attacking lung and cough and dyspnea .", "Evidence Elements": {"Participant": [{"term": "Mori Folium", "negation": "affirmed", "UMLS": "", "start": 0, "end": 11}, {"term": "Forsythiae Fructus", "negation": "affirmed", "UMLS": "", "start": 43, "end": 61}, {"term": "inhibitors", "negation": "affirmed", "UMLS": "", "start": 79, "end": 89}], "Intervention": [{"term": "Lonicerae Japonicae Flos", "negation": "affirmed", "UMLS": "", "start": 14, "end": 38}, {"term": "Sangju Decoction", "negation": "affirmed", "UMLS": "", "start": 121, "end": 137}, {"term": "Yinqiaosan", "negation": "affirmed", "UMLS": "", "start": 142, "end": 152}], "Outcome": []}, "Evidence Propositions": []}, {"Section": "CONCLUSIONS", "Text": "The results of this study are intended to provide a reference for the further development of traditional Chinese medicine to deal with the new epidemic .", "Evidence Elements": {"Participant": [], "Intervention": [], "Outcome": []}, "Evidence Propositions": []}]}