{"doc_id": "32283152", "type of study": "Therapy", "title": "", "abstract": "Cytokine storm is a general term applied to maladaptive cytokine release in response to infection and other stimuli.\nThe pathogenesis is complex but includes loss of regulatory control of proinflammatory cytokine production, both at local and systemic levels.\nThe disease progresses rapidly, and the mortality is high.\nSome evidence shows that, during the coronavirus disease 2019 (COVID-19) epidemic, severe deterioration in some patients has been closely associated with dysregulated and excessive cytokine release.\nThis article reviews what we know of the mechanism and treatment strategies of the COVID-19 virus-induced inflammatory storm in an attempt to provide some background to inform future guidance for clinical treatment.\n", "Evidence Map": {"Enrollment": [{"term": "COVID-19 virus-induced inflammatory storm", "negation": "affirmed", "UMLS": "", "start": 83, "end": 124}], "Comparison Results": [], "Study Arm 1 Results": [], "Study Arm 2 Results": []}, "Sentence-level breakdown": [{"Section": "TITLE", "Text": "Cytokine storm is a general term applied to maladaptive cytokine release in response to infection and other stimuli .", "Evidence Elements": {"Participant": [], "Intervention": [], "Outcome": []}, "Evidence Propositions": []}, {"Section": "RESULTS", "Text": "Some evidence shows that , during the coronavirus disease 2019 ( COVID-19 ) epidemic , severe deterioration in some patients has been closely associated with dysregulated and excessive cytokine release .", "Evidence Elements": {"Participant": [], "Intervention": [], "Outcome": []}, "Evidence Propositions": []}, {"Section": "CONCLUSIONS", "Text": "This article reviews what we know of the mechanism and treatment strategies of the COVID-19 virus-induced inflammatory storm in an attempt to provide some background to inform future guidance for clinical treatment .", "Evidence Elements": {"Participant": [{"term": "COVID-19 virus-induced inflammatory storm", "negation": "affirmed", "UMLS": "", "start": 83, "end": 124}], "Intervention": [], "Outcome": []}, "Evidence Propositions": []}]}