{"doc_id": "32283499", "type of study": "Therapy", "title": "", "abstract": "COVID-19 is already a pandemic.\nEmerging data suggest an increased association and a heightened mortality in patients of COVID-19 with comorbidities.\nWe aimed to evaluate the outcome in hypertensive patients with COVID-19 and its relation to the use of renin-angiotensin system blockers (RASB).\nWe have systematically searched the medical database up to March 27, 2020 and retrieved all the published articles in English language related to our topic using MeSH key words.\nFrom the pooled data of all ten available Chinese studies (n = 2209) that have reported the characteristics of comorbidities in patients with COVID-19, hypertension was present in nearly 21%, followed by diabetes in nearly 11%, and established cardiovascular disease (CVD) in approximately 7% of patients.\nAlthough the emerging data hints to an increase in mortality in COVID-19 patients with known hypertension, diabetes and CVD, it should be noted that it was not adjusted for multiple confounding factors.\nHarm or benefit in COVID-19 patients receiving RASB has not been typically assessed in these studies yet, although mechanistically and plausibly both, benefit and harm is possible with these agents, given that COVID-19 expresses to tissues through the receptor of angiotensin converting enzyme-2.\nSpecial attention is definitely required in patients with COVID-19 with associated comorbidities including hypertension, diabetes and established CVD.\nAlthough the role of RASB has a mechanistic equipoise, patients with COVID-19 should not stop these drugs at this point of time, as recommended by various world organizations and without the advice of health care provider.\nThere is a high prevalence of hypertension, diabetes and cardiovascular disease in patients with COVID-19.\nThere is an evidence of increased mortality with these comorbidities in patients with COVID-19, in an unadjusted analyses.\nAlthough theoretically, there is a clinical equipoise on harm or benefit with renin angiotensin system blocker (RASB) in patients with COVID-19, there is not enough evidence to stop RASB in patients with COVID-19 at this moment.\n", "Evidence Map": {"Enrollment": [{"term": "hypertensive", "negation": "affirmed", "UMLS": "", "start": 36, "end": 48}, {"term": "COVID-19", "negation": "affirmed", "UMLS": "", "start": 63, "end": 71}, {"term": "COVID-19", "negation": "affirmed", "UMLS": "", "start": 144, "end": 152}, {"term": "hypertension", "negation": "affirmed", "UMLS": "", "start": 155, "end": 167}, {"term": "diabetes", "negation": "affirmed", "UMLS": "", "start": 209, "end": 217}, {"term": "established cardiovascular", "negation": "affirmed", "UMLS": "", "start": 239, "end": 265}, {"term": "COVID-19", "negation": "affirmed", "UMLS": "", "start": 64, "end": 72}, {"term": "known", "negation": "affirmed", "UMLS": "", "start": 87, "end": 92}, {"term": "CVD", "negation": "affirmed", "UMLS": "", "start": 121, "end": 124}, {"term": "COVID-19", "negation": "affirmed", "UMLS": "", "start": 86, "end": 94}], "Comparison Results": [], "Study Arm 1 Results": [], "Study Arm 2 Results": []}, "Sentence-level breakdown": [{"Section": "TITLE", "Text": "COVID-19 is already a pandemic .", "Evidence Elements": {"Participant": [], "Intervention": [], "Outcome": []}, "Evidence Propositions": []}, {"Section": "OBJECTIVE", "Text": "We aimed to evaluate the outcome in hypertensive patients with COVID-19 and its relation to the use of renin-angiotensin system blockers ( RASB ) .", "Evidence Elements": {"Participant": [{"term": "hypertensive", "negation": "affirmed", "UMLS": "", "start": 36, "end": 48}, {"term": "COVID-19", "negation": "affirmed", "UMLS": "", "start": 63, "end": 71}], "Intervention": [{"term": "renin-angiotensin system blockers (", "negation": "affirmed", "UMLS": "", "start": 103, "end": 138}], "Outcome": []}, "Evidence Propositions": []}, {"Section": "METHODS", "Text": "We have systematically searched the medical database up to March 27 , 2020 and retrieved all the published articles in English language related to our topic using MeSH key words .", "Evidence Elements": {"Participant": [], "Intervention": [], "Outcome": []}, "Evidence Propositions": []}, {"Section": "RESULTS", "Text": "From the pooled data of all ten available Chinese studies ( n = 2209 ) that have reported the characteristics of comorbidities in patients with COVID-19 , hypertension was present in nearly 21 % , followed by diabetes in nearly 11 % , and established cardiovascular disease ( CVD ) in approximately 7 % of patients .", "Evidence Elements": {"Participant": [{"term": "COVID-19", "negation": "affirmed", "UMLS": "", "start": 144, "end": 152}, {"term": "hypertension", "negation": "affirmed", "UMLS": "", "start": 155, "end": 167}, {"term": "diabetes", "negation": "affirmed", "UMLS": "", "start": 209, "end": 217}, {"term": "established cardiovascular", "negation": "affirmed", "UMLS": "", "start": 239, "end": 265}], "Intervention": [], "Outcome": []}, "Evidence Propositions": []}, {"Section": "RESULTS", "Text": "Although the emerging data hints to an increase in mortality in COVID-19 patients with known hypertension , diabetes and CVD , it should be noted that it was not adjusted for multiple confounding factors .", "Evidence Elements": {"Participant": [{"term": "COVID-19", "negation": "affirmed", "UMLS": "", "start": 64, "end": 72}, {"term": "known", "negation": "affirmed", "UMLS": "", "start": 87, "end": 92}, {"term": "CVD", "negation": "affirmed", "UMLS": "", "start": 121, "end": 124}], "Intervention": [], "Outcome": [{"term": "mortality", "negation": "affirmed", "UMLS": "", "start": 51, "end": 60}]}, "Evidence Propositions": []}, {"Section": "RESULTS", "Text": "Harm or benefit in COVID-19 patients receiving RASB has not been typically assessed in these studies yet , although mechanistically and plausibly both , benefit and harm is possible with these agents , given that COVID-19 expresses to tissues through the receptor of angiotensin converting enzyme-2 .", "Evidence Elements": {"Participant": [], "Intervention": [], "Outcome": []}, "Evidence Propositions": []}, {"Section": "RESULTS", "Text": "Special attention is definitely required in patients with COVID-19 with associated comorbidities including hypertension , diabetes and established CVD .", "Evidence Elements": {"Participant": [], "Intervention": [], "Outcome": []}, "Evidence Propositions": []}, {"Section": "RESULTS", "Text": "Although the role of RASB has a mechanistic equipoise , patients with COVID-19 should not stop these drugs at this point of time , as recommended by various world organizations and without the advice of health care provider .", "Evidence Elements": {"Participant": [], "Intervention": [], "Outcome": []}, "Evidence Propositions": []}, {"Section": "CONCLUSIONS", "Text": "There is a high prevalence of hypertension , diabetes and cardiovascular disease in patients with COVID-19 .", "Evidence Elements": {"Participant": [], "Intervention": [], "Outcome": []}, "Evidence Propositions": []}, {"Section": "CONCLUSIONS", "Text": "There is an evidence of increased mortality with these comorbidities in patients with COVID-19 , in an unadjusted analyses .", "Evidence Elements": {"Participant": [{"term": "COVID-19", "negation": "affirmed", "UMLS": "", "start": 86, "end": 94}], "Intervention": [{"term": "comorbidities", "negation": "affirmed", "UMLS": "", "start": 55, "end": 68}], "Outcome": [{"term": "mortality", "negation": "affirmed", "UMLS": "", "start": 34, "end": 43}]}, "Evidence Propositions": []}, {"Section": "CONCLUSIONS", "Text": "Although theoretically , there is a clinical equipoise on harm or benefit with renin angiotensin system blocker ( RASB ) in patients with COVID-19 , there is not enough evidence to stop RASB in patients with COVID-19 at this moment .", "Evidence Elements": {"Participant": [], "Intervention": [], "Outcome": []}, "Evidence Propositions": []}]}