{"doc_id": "32282502", "type of study": "Therapy", "title": "", "abstract": "A novel betacoronavirus, severe acute respiratory syndrome coronavirus 2 (SARS-CoV-2), has spread rapidly across the globe since December 2019.\nCoronavirus disease 2019 (COVID-19) has a significantly higher mortality rate than seasonal influenza and has disproportionately affected older adults, especially those with cardiovascular disease and related risk factors.\nAdverse cardiovascular sequelae, such as myocarditis, acute myocardial infarction, and heart failure, have been reported in patients with COVID-19.\nNo established treatment is currently available; however, several therapies, including remdesivir, hydroxychloroquine and chloroquine, and interleukin (IL)-6 inhibitors, are being used off-label and evaluated in ongoing clinical trials.\nConsidering these therapies are not familiar to cardiovascular clinicians managing these patients, this review describes the pharmacology of these therapies in the context of their use in patients with cardiovascular-related conditions.\n", "Evidence Map": {"Enrollment": [{"term": "cardiovascular-related", "negation": "negated", "UMLS": "", "start": 203, "end": 225}], "Comparison Results": [], "Study Arm 1 Results": [], "Study Arm 2 Results": []}, "Sentence-level breakdown": [{"Section": "TITLE", "Text": "A novel betacoronavirus , severe acute respiratory syndrome coronavirus 2 ( SARS-CoV-2 ) , has spread rapidly across the globe since December 2019 .", "Evidence Elements": {"Participant": [], "Intervention": [], "Outcome": []}, "Evidence Propositions": []}, {"Section": "CONCLUSIONS", "Text": "No established treatment is currently available ; however , several therapies , including remdesivir , hydroxychloroquine and chloroquine , and interleukin ( IL ) -6 inhibitors , are being used off-label and evaluated in ongoing clinical trials .", "Evidence Elements": {"Participant": [], "Intervention": [], "Outcome": []}, "Evidence Propositions": []}, {"Section": "CONCLUSIONS", "Text": "Considering these therapies are not familiar to cardiovascular clinicians managing these patients , this review describes the pharmacology of these therapies in the context of their use in patients with cardiovascular-related conditions .", "Evidence Elements": {"Participant": [{"term": "cardiovascular-related", "negation": "negated", "UMLS": "", "start": 203, "end": 225}], "Intervention": [], "Outcome": [{"term": "pharmacology", "negation": "negated", "UMLS": "", "start": 126, "end": 138}]}, "Evidence Propositions": []}]}