{"doc_id": "32281679", "type of study": "Therapy", "title": "", "abstract": "Coronavirus disease 2019 (COVID-19), caused by Severe Acute Respiratory Syndrome Coronavirus 2 (SARS-CoV-2), has spread worldwide triggering a pandemic.\nIts first case was reported in Wuhan, the capital of China's Hubei province, and since then it has spread across world becoming one of the worst pandemics in the history of mankind1.\nIts basic reproductive number (R0) has been determined to be 2-32.\nThis article is protected by copyright.\nAll rights reserved.\n", "Evidence Map": {"Enrollment": [], "Comparison Results": [], "Study Arm 1 Results": [], "Study Arm 2 Results": []}, "Sentence-level breakdown": [{"Section": "TITLE", "Text": "Coronavirus disease 2019 ( COVID-19 ) , caused by Severe Acute Respiratory Syndrome Coronavirus 2 ( SARS-CoV-2 ) , has spread worldwide triggering a pandemic .", "Evidence Elements": {"Participant": [], "Intervention": [], "Outcome": []}, "Evidence Propositions": []}, {"Section": "RESULTS", "Text": "Its first case was reported in Wuhan , the capital of China 's Hubei province , and since then it has spread across world becoming one of the worst pandemics in the history of mankind ##1 .", "Evidence Elements": {"Participant": [], "Intervention": [], "Outcome": []}, "Evidence Propositions": []}, {"Section": "RESULTS", "Text": "Its basic reproductive number ( R0 ) has been determined to be 2-32 .", "Evidence Elements": {"Participant": [], "Intervention": [], "Outcome": []}, "Evidence Propositions": []}, {"Section": "RESULTS", "Text": "This article is protected by copyright .", "Evidence Elements": {"Participant": [], "Intervention": [], "Outcome": []}, "Evidence Propositions": []}, {"Section": "CONCLUSIONS", "Text": "All rights reserved .", "Evidence Elements": {"Participant": [], "Intervention": [], "Outcome": []}, "Evidence Propositions": []}]}