{"doc_id": "32282863", "type of study": "Therapy", "title": "", "abstract": "Coronavirus disease 2019 (COVID-19) is a kind of viral pneumonia with an unusual outbreak in Wuhan, China, in December 2019, which is caused by severe acute respiratory syndrome coronavirus 2 (SARS-CoV-2).\nThe emergence of SARS-CoV-2 has been marked as the third introduction of a highly pathogenic coronavirus into the human population after the severe acute respiratory syndrome coronavirus (SARS-CoV) and the Middle East respiratory syndrome coronavirus (MERS-CoV) in the twenty-first century.\nIn this minireview, we provide a brief introduction of the general features of SARS-CoV-2 and discuss current knowledge of molecular immune pathogenesis, diagnosis and treatment of COVID-19 on the base of the present understanding of SARS-CoV and MERS-CoV infections, which may be helpful in offering novel insights and potential therapeutic targets for combating the SARS-CoV-2 infection.\nThe highly pathogenic SARS-CoV-2 appearing in December 2019 can cause COVID-19 and even death in infected persons.\nCoronavirus infections led to damage and infection of the lung, but imbalances and excessive immune responses may cause pneumonia.\nRT-PCR and CT scans are the significant methods for the diagnosis of SARS-CoV-2 infection and drugs against SARS-CoV-2 are being developed.\n", "Evidence Map": {"Enrollment": [{"term": "MERS-CoV", "negation": "affirmed", "UMLS": "", "start": 249, "end": 257}], "Comparison Results": [], "Study Arm 1 Results": [], "Study Arm 2 Results": []}, "Sentence-level breakdown": [{"Section": "TITLE", "Text": "Coronavirus disease 2019 ( COVID-19 ) is a kind of viral pneumonia with an unusual outbreak in Wuhan , China , in December 2019 , which is caused by severe acute respiratory syndrome coronavirus 2 ( SARS-CoV-2 ) .", "Evidence Elements": {"Participant": [], "Intervention": [], "Outcome": []}, "Evidence Propositions": []}, {"Section": "RESULTS", "Text": "In this minireview , we provide a brief introduction of the general features of SARS-CoV-2 and discuss current knowledge of molecular immune pathogenesis , diagnosis and treatment of COVID-19 on the base of the present understanding of SARS-CoV and MERS-CoV infections , which may be helpful in offering novel insights and potential therapeutic targets for combating the SARS-CoV-2 infection .", "Evidence Elements": {"Participant": [{"term": "MERS-CoV", "negation": "affirmed", "UMLS": "", "start": 249, "end": 257}], "Intervention": [], "Outcome": []}, "Evidence Propositions": []}, {"Section": "RESULTS", "Text": "The highly pathogenic SARS-CoV-2 appearing in December 2019 can cause COVID-19 and even death in infected persons .", "Evidence Elements": {"Participant": [], "Intervention": [], "Outcome": []}, "Evidence Propositions": []}, {"Section": "RESULTS", "Text": "Coronavirus infections led to damage and infection of the lung , but imbalances and excessive immune responses may cause pneumonia .", "Evidence Elements": {"Participant": [], "Intervention": [], "Outcome": []}, "Evidence Propositions": []}, {"Section": "CONCLUSIONS", "Text": "RT-PCR and CT scans are the significant methods for the diagnosis of SARS-CoV-2 infection and drugs against SARS-CoV-2 are being developed .", "Evidence Elements": {"Participant": [], "Intervention": [], "Outcome": []}, "Evidence Propositions": []}]}