{"doc_id": "32284326", "type of study": "Therapy", "title": "", "abstract": "Effective treatments for coronavirus disease 2019 (COVID-19) are urgently needed to control this current pandemic, caused by severe acute respiratory syndrome coronavirus 2 (SARS-CoV-2).\nReplication of SARS-CoV-2 depends on the viral RNA-dependent RNA polymerase (RdRp), which is the likely target of the investigational nucleotide analogue remdesivir (RDV).\nRDV shows broad-spectrum antiviral activity against RNA viruses, and previous studies with RdRps from Ebola virus and Middle East respiratory syndrome coronavirus (MERS-CoV) have revealed that delayed chain termination is RDV's plausible mechanism of action.\nHere, we expressed and purified active SARS-CoV-2 RdRp composed of the nonstructural proteins nsp8 and nsp12.\nEnzyme kinetics indicated that this RdRp efficiently incorporates the active triphosphate form of RDV (RDV-TP) into RNA.\nIncorporation of RDV-TP at position i caused termination of RNA synthesis at position i+3.\nWe obtained almost identical results with SARS-CoV, MERS-CoV, and SARS-CoV-2 RdRps.\nA unique property of RDV-TP is its high selectivity over incorporation of its natural nucleotide counterpart ATP.\nIn this regard, the triphosphate forms of 2'-C-methylated compounds, including sofosbuvir, approved for the management of hepatitis C virus infection, and the broad-acting antivirals favipiravir and ribavirin, exhibited significant deficits.\nFurthermore, we provide evidence for the target specificity of RDV, as RDV-TP was less efficiently incorporated by the distantly related Lassa virus RdRp, and termination of RNA synthesis was not observed.\nThese results collectively provide a unifying, refined mechanism of RDV-mediated RNA synthesis inhibition in coronaviruses and define this nucleotide analogue as a direct-acting antiviral.\n", "Evidence Map": {"Enrollment": [{"term": "hepatitis C virus infection", "negation": "affirmed", "UMLS": "", "start": 125, "end": 152}], "Comparison Results": [], "Study Arm 1 Results": [], "Study Arm 2 Results": []}, "Sentence-level breakdown": [{"Section": "TITLE", "Text": "Effective treatments for coronavirus disease 2019 ( COVID-19 ) are urgently needed to control this current pandemic , caused by severe acute respiratory syndrome coronavirus 2 ( SARS-CoV-2 ) .", "Evidence Elements": {"Participant": [], "Intervention": [], "Outcome": []}, "Evidence Propositions": []}, {"Section": "METHODS", "Text": "Here , we expressed and purified active SARS-CoV-2 RdRp composed of the nonstructural proteins nsp8 and nsp12 .", "Evidence Elements": {"Participant": [], "Intervention": [{"term": "active SARS-CoV-2 RdRp composed of", "negation": "affirmed", "UMLS": "", "start": 33, "end": 67}], "Outcome": []}, "Evidence Propositions": []}, {"Section": "RESULTS", "Text": "Enzyme kinetics indicated that this RdRp efficiently incorporates the active triphosphate form of RDV ( RDV-TP ) into RNA .", "Evidence Elements": {"Participant": [], "Intervention": [], "Outcome": []}, "Evidence Propositions": []}, {"Section": "RESULTS", "Text": "Incorporation of RDV-TP at position i caused termination of RNA synthesis at position i +3 .", "Evidence Elements": {"Participant": [], "Intervention": [{"term": "Incorporation of RDV-TP at position i", "negation": "affirmed", "UMLS": "", "start": 0, "end": 37}], "Outcome": [{"term": "termination of RNA synthesis at position i", "negation": "affirmed", "UMLS": "", "start": 45, "end": 87}]}, "Evidence Propositions": []}, {"Section": "RESULTS", "Text": "We obtained almost identical results with SARS-CoV , MERS-CoV , and SARS-CoV-2 RdRps .", "Evidence Elements": {"Participant": [], "Intervention": [{"term": "SARS-CoV", "negation": "affirmed", "UMLS": "", "start": 42, "end": 50}, {"term": "MERS-CoV", "negation": "affirmed", "UMLS": "", "start": 53, "end": 61}], "Outcome": []}, "Evidence Propositions": []}, {"Section": "CONCLUSIONS", "Text": "A unique property of RDV-TP is its high selectivity over incorporation of its natural nucleotide counterpart ATP .", "Evidence Elements": {"Participant": [], "Intervention": [], "Outcome": []}, "Evidence Propositions": []}, {"Section": "CONCLUSIONS", "Text": "In this regard , the triphosphate forms of 2'-C-methylated compounds , including sofosbuvir , approved for the management of hepatitis C virus infection , and the broad-acting antivirals favipiravir and ribavirin , exhibited significant deficits .", "Evidence Elements": {"Participant": [{"term": "hepatitis C virus infection", "negation": "affirmed", "UMLS": "", "start": 125, "end": 152}], "Intervention": [{"term": "triphosphate forms of 2'-C-methylated compounds", "negation": "affirmed", "UMLS": "", "start": 21, "end": 68}, {"term": "sofosbuvir", "negation": "affirmed", "UMLS": "", "start": 81, "end": 91}, {"term": "broad-acting antivirals favipiravir", "negation": "affirmed", "UMLS": "", "start": 163, "end": 198}], "Outcome": []}, "Evidence Propositions": []}, {"Section": "CONCLUSIONS", "Text": "Furthermore , we provide evidence for the target specificity of RDV , as RDV-TP was less efficiently incorporated by the distantly related Lassa virus RdRp , and termination of RNA synthesis was not observed .", "Evidence Elements": {"Participant": [], "Intervention": [{"term": "RDV", "negation": "affirmed", "UMLS": "", "start": 64, "end": 67}, {"term": "RDV-TP", "negation": "affirmed", "UMLS": "", "start": 73, "end": 79}], "Outcome": [{"term": "target specificity", "negation": "affirmed", "UMLS": "", "start": 42, "end": 60}, {"term": "termination of RNA synthesis", "negation": "affirmed", "UMLS": "", "start": 162, "end": 190}]}, "Evidence Propositions": [{"Intervention": ["RDV", "RDV-TP"], "Observation": "less efficiently", "Outcome": "target specificity", "Count": ""}, {"Intervention": ["RDV", "RDV-TP"], "Observation": "less efficiently", "Outcome": "termination of RNA synthesis", "Count": ""}]}, {"Section": "CONCLUSIONS", "Text": "These results collectively provide a unifying , refined mechanism of RDV-mediated RNA synthesis inhibition in coronaviruses and define this nucleotide analogue as a direct-acting antiviral .", "Evidence Elements": {"Participant": [], "Intervention": [], "Outcome": []}, "Evidence Propositions": []}]}