{"doc_id": "32283154", "type of study": "Therapy", "title": "", "abstract": "Initiation of IVIG as adjuvant treatment for COVID-19 pneumonia within 48 h of admission to the ICU can reduce the use of mechanical ventilation.\nInitiation of IVIG as adjuvant treatment for COVID-19 pneumonia within 48 h of admission to the ICU can reduce hospital length of stay and length of stay in ICU.\nInitiation of IVIG as adjuvant treatment for COVID-19 pneumonia within 48 h of admission to the ICU can reduce 28-day mortality of patients with severe COVID-19 pneumonia.\n", "Evidence Map": {"Enrollment": [{"term": "COVID-19 pneumonia", "negation": "affirmed", "UMLS": "", "start": 45, "end": 63}, {"term": "COVID-19 pneumonia", "negation": "affirmed", "UMLS": "", "start": 45, "end": 63}, {"term": "COVID-19 pneumonia", "negation": "affirmed", "UMLS": "", "start": 45, "end": 63}, {"term": "severe COVID-19 pneumonia", "negation": "affirmed", "UMLS": "", "start": 145, "end": 170}], "Comparison Results": [], "Study Arm 1 Results": [], "Study Arm 2 Results": []}, "Sentence-level breakdown": [{"Section": "TITLE", "Text": "Initiation of IVIG as adjuvant treatment for COVID-19 pneumonia within 48 h of admission to the ICU can reduce the use of mechanical ventilation .", "Evidence Elements": {"Participant": [{"term": "COVID-19 pneumonia", "negation": "affirmed", "UMLS": "", "start": 45, "end": 63}], "Intervention": [{"term": "IVIG", "negation": "affirmed", "UMLS": "", "start": 14, "end": 18}], "Outcome": [{"term": "use of mechanical ventilation", "negation": "affirmed", "UMLS": "", "start": 115, "end": 144}]}, "Evidence Propositions": [{"Intervention": "IVIG", "Observation": "reduce", "Outcome": "use of mechanical ventilation", "Count": ""}]}, {"Section": "CONCLUSIONS", "Text": "Initiation of IVIG as adjuvant treatment for COVID-19 pneumonia within 48 h of admission to the ICU can reduce hospital length of stay and length of stay in ICU .", "Evidence Elements": {"Participant": [{"term": "COVID-19 pneumonia", "negation": "affirmed", "UMLS": "", "start": 45, "end": 63}], "Intervention": [{"term": "IVIG", "negation": "affirmed", "UMLS": "", "start": 14, "end": 18}], "Outcome": [{"term": "hospital length of stay", "negation": "affirmed", "UMLS": "", "start": 111, "end": 134}, {"term": "length of stay in ICU", "negation": "affirmed", "UMLS": "", "start": 139, "end": 160}]}, "Evidence Propositions": []}, {"Section": "CONCLUSIONS", "Text": "Initiation of IVIG as adjuvant treatment for COVID-19 pneumonia within 48 h of admission to the ICU can reduce 28-day mortality of patients with severe COVID-19 pneumonia .", "Evidence Elements": {"Participant": [{"term": "COVID-19 pneumonia", "negation": "affirmed", "UMLS": "", "start": 45, "end": 63}, {"term": "severe COVID-19 pneumonia", "negation": "affirmed", "UMLS": "", "start": 145, "end": 170}], "Intervention": [{"term": "IVIG", "negation": "affirmed", "UMLS": "", "start": 14, "end": 18}], "Outcome": [{"term": "28-day mortality", "negation": "affirmed", "UMLS": "", "start": 111, "end": 127}]}, "Evidence Propositions": []}]}