{"doc_id": "32281335", "type of study": "Therapy", "title": "", "abstract": "The outbreak caused by 2019 novel coronavirus(2019-nCoV) is still spreading, posing a great threat to the safety and health of general population.\nHowever, there have not been any effective drugs for treatment, with symptomatic treatment and prevention prevailing.\nThe treatment plans of severe acute respiratory syndrome(SARS) and Middle East respiratory syndrome(MERS) are often used for reference in clinic.\nThe advantages of traditional Chinese medicine(TCM) in treating SARS and MERS are that it can intervene and block the progression of disease in early stage, significantly reduce symptoms, shorten the treatment duration of patients, reduce complications and side effects caused by hormone therapy.\nThe coronavirus disease 2019(COVID-19) belongs to the category of TCM epidemic diseases.\nChinese patent medicines and prescriptions in medical observation and clinical treatment were recommended in the &quot;pneumonia diagnosis and treatment plan for new coronavirus infection&quot;(trial version fifth) of the National Health Commission of the People's Republic of China.\nQingfei Paidu Decotion was recommended for the treatment of COVID-19 by the National Health Commission of the People's Republic of China and National Administration of Traditional Chinese Medicine.\nTCM shows good clinical efficacy and great potential in the treatment of COVID-19.\nPrevious studies of TCM have shown broad-spectrum antiviral activity, providing a variety of sources for the discovery of new antiviral drugs.\nIn this paper, we reviewed traditional Chinese medicines and its active ingredients in the hope of bringing novel inspirations to the drug screening and clinical treatment for COVID-19.\n", "Evidence Map": {"Enrollment": [{"term": "new coronavirus infection", "negation": "affirmed", "UMLS": "", "start": 165, "end": 190}, {"term": "COVID-19", "negation": "affirmed", "UMLS": "", "start": 73, "end": 81}], "Comparison Results": [], "Study Arm 1 Results": [], "Study Arm 2 Results": []}, "Sentence-level breakdown": [{"Section": "TITLE", "Text": "The outbreak caused by 2019 novel coronavirus ( 2019-nCoV ) is still spreading , posing a great threat to the safety and health of general population .", "Evidence Elements": {"Participant": [], "Intervention": [], "Outcome": []}, "Evidence Propositions": []}, {"Section": "METHODS", "Text": "Chinese patent medicines and prescriptions in medical observation and clinical treatment were recommended in the & quot ; pneumonia diagnosis and treatment plan for new coronavirus infection & quot ; ( trial version fifth ) of the National Health Commission of the People 's Republic of China .", "Evidence Elements": {"Participant": [{"term": "new coronavirus infection", "negation": "affirmed", "UMLS": "", "start": 165, "end": 190}], "Intervention": [], "Outcome": [{"term": "pneumonia diagnosis", "negation": "affirmed", "UMLS": "", "start": 122, "end": 141}, {"term": "treatment plan", "negation": "affirmed", "UMLS": "", "start": 146, "end": 160}]}, "Evidence Propositions": []}, {"Section": "RESULTS", "Text": "Qingfei Paidu Decotion was recommended for the treatment of COVID-19 by the National Health Commission of the People 's Republic of China and National Administration of Traditional Chinese Medicine .", "Evidence Elements": {"Participant": [], "Intervention": [], "Outcome": []}, "Evidence Propositions": []}, {"Section": "RESULTS", "Text": "TCM shows good clinical efficacy and great potential in the treatment of COVID-19 .", "Evidence Elements": {"Participant": [{"term": "COVID-19", "negation": "affirmed", "UMLS": "", "start": 73, "end": 81}], "Intervention": [{"term": "TCM", "negation": "affirmed", "UMLS": "", "start": 0, "end": 3}], "Outcome": [{"term": "clinical efficacy", "negation": "affirmed", "UMLS": "", "start": 15, "end": 32}]}, "Evidence Propositions": []}, {"Section": "RESULTS", "Text": "Previous studies of TCM have shown broad-spectrum antiviral activity , providing a variety of sources for the discovery of new antiviral drugs .", "Evidence Elements": {"Participant": [], "Intervention": [], "Outcome": []}, "Evidence Propositions": []}, {"Section": "CONCLUSIONS", "Text": "In this paper , we reviewed traditional Chinese medicines and its active ingredients in the hope of bringing novel inspirations to the drug screening and clinical treatment for COVID-19 .", "Evidence Elements": {"Participant": [], "Intervention": [{"term": "traditional Chinese medicines", "negation": "affirmed", "UMLS": "", "start": 28, "end": 57}, {"term": "ingredients", "negation": "affirmed", "UMLS": "", "start": 73, "end": 84}], "Outcome": []}, "Evidence Propositions": []}]}