{"doc_id": "32283108", "type of study": "Therapy", "title": "", "abstract": "The rapid global emergence of SARS-CoV-2 has been the cause of significant health concern, highlighting the immediate need for antivirals.\nViral RNA-dependent RNA polymerases (RdRp) play essential roles in viral RNA synthesis, and thus remains the target of choice for the prophylactic or curative treatment of several viral diseases, due to high sequence and structural conservation.\nTo date, the most promising broad-spectrum class of viral RdRp inhibitors are nucleoside analogues (NAs), with over 25 approved for the treatment of several medically important viral diseases.\nHowever, Coronaviruses stand out as a particularly challenging case for NA drug design due to the presence of an exonuclease (ExoN) domain capable of excising incorporated NAs and thus providing resistance to many of these available antivirals.\nHere we use the available structures of the SARS-CoV RdRp and ExoN proteins, as well as Lassa virus N exonuclease to derive models of catalytically competent SARS-CoV-2 enzymes.\nWe then map a promising NA candidate, GS-441524 (the active metabolite of Remdesivir) to the nucleoside active site of both proteins, identifying the residues important for nucleotide recognition, discrimination, and excision.\nInterestingly, GS-441524 addresses both enzyme active sites in a manner consistent with significant incorporation, delayed chain termination, and altered excision due to the ribose 1'-CN group, which may account for the increased antiviral effect compared to other available analogues.\nAdditionally, we propose structural and function implications of two previously identified RdRp resistance mutations in relation to resistance against Remdesivir.\nThis study highlights the importance of considering the balance between incorporation and excision properties of NAs between the RdRp and ExoN. Sequence comparison of SARS-CoV and SARS-CoV-2 for nsp12 (RdRp) and nsp14 (ExoN) show near structural & functional identity.\nBase & ribose modifications of GS-441524 5'-TP vs ATP point to specific discrimination mechanisms & active site residues.\nLassa virus N & SARS-CoV nsp14 ExoN domains allow modeling catalytically competent SARS-CoV-2 nsp14 Exonuclease.\nRNA terminated with GS-441524 5'-MP at the 3'-end indicate a problematic accommodation at the nsp14 ExoN active site.\nAnti-SARS-CoV-2 nucleoside analog design must consider balance between incorporation & excision by nsp12 & nsp14.\n", "Evidence Map": {"Enrollment": [], "Comparison Results": [], "Study Arm 1 Results": [], "Study Arm 2 Results": []}, "Sentence-level breakdown": [{"Section": "TITLE", "Text": "The rapid global emergence of SARS-CoV-2 has been the cause of significant health concern , highlighting the immediate need for antivirals .", "Evidence Elements": {"Participant": [], "Intervention": [], "Outcome": []}, "Evidence Propositions": []}, {"Section": "OBJECTIVE", "Text": "To date , the most promising broad-spectrum class of viral RdRp inhibitors are nucleoside analogues ( NAs ) , with over 25 approved for the treatment of several medically important viral diseases .", "Evidence Elements": {"Participant": [], "Intervention": [], "Outcome": []}, "Evidence Propositions": []}, {"Section": "RESULTS", "Text": "However , Coronaviruses stand out as a particularly challenging case for NA drug design due to the presence of an exonuclease ( ExoN ) domain capable of excising incorporated NAs and thus providing resistance to many of these available antivirals .", "Evidence Elements": {"Participant": [], "Intervention": [], "Outcome": []}, "Evidence Propositions": []}, {"Section": "RESULTS", "Text": "Here we use the available structures of the SARS-CoV RdRp and ExoN proteins , as well as Lassa virus N exonuclease to derive models of catalytically competent SARS-CoV-2 enzymes .", "Evidence Elements": {"Participant": [], "Intervention": [], "Outcome": [{"term": "competent", "negation": "affirmed", "UMLS": "", "start": 149, "end": 158}]}, "Evidence Propositions": []}, {"Section": "RESULTS", "Text": "We then map a promising NA candidate , GS-441524 ( the active metabolite of Remdesivir ) to the nucleoside active site of both proteins , identifying the residues important for nucleotide recognition , discrimination , and excision .", "Evidence Elements": {"Participant": [], "Intervention": [{"term": "GS-441524", "negation": "affirmed", "UMLS": "", "start": 39, "end": 48}], "Outcome": []}, "Evidence Propositions": []}, {"Section": "RESULTS", "Text": "Interestingly , GS-441524 addresses both enzyme active sites in a manner consistent with significant incorporation , delayed chain termination , and altered excision due to the ribose 1 '-CN group , which may account for the increased antiviral effect compared to other available analogues .", "Evidence Elements": {"Participant": [], "Intervention": [{"term": "GS-441524", "negation": "affirmed", "UMLS": "", "start": 16, "end": 25}], "Outcome": [{"term": "both enzyme active sites", "negation": "affirmed", "UMLS": "", "start": 36, "end": 60}, {"term": "incorporation", "negation": "affirmed", "UMLS": "", "start": 101, "end": 114}, {"term": "chain termination", "negation": "affirmed", "UMLS": "", "start": 125, "end": 142}, {"term": "excision due", "negation": "affirmed", "UMLS": "", "start": 157, "end": 169}, {"term": "ribose 1 '-CN", "negation": "affirmed", "UMLS": "", "start": 177, "end": 190}, {"term": "antiviral effect", "negation": "affirmed", "UMLS": "", "start": 235, "end": 251}]}, "Evidence Propositions": []}, {"Section": "RESULTS", "Text": "Additionally , we propose structural and function implications of two previously identified RdRp resistance mutations in relation to resistance against Remdesivir .", "Evidence Elements": {"Participant": [], "Intervention": [], "Outcome": [{"term": "structural and function implications", "negation": "affirmed", "UMLS": "", "start": 26, "end": 62}, {"term": "RdRp resistance mutations", "negation": "affirmed", "UMLS": "", "start": 92, "end": 117}]}, "Evidence Propositions": []}, {"Section": "RESULTS", "Text": "This study highlights the importance of considering the balance between incorporation and excision properties of NAs between the RdRp and ExoN . Sequence comparison of SARS-CoV and SARS-CoV-2 for nsp12 ( RdRp ) and nsp14 ( ExoN ) show near structural & functional identity .", "Evidence Elements": {"Participant": [], "Intervention": [{"term": "SARS-CoV", "negation": "affirmed", "UMLS": "", "start": 168, "end": 176}, {"term": "SARS-CoV-2", "negation": "affirmed", "UMLS": "", "start": 181, "end": 191}, {"term": "nsp12 ( RdRp )", "negation": "affirmed", "UMLS": "", "start": 196, "end": 210}, {"term": "nsp14 ( ExoN )", "negation": "affirmed", "UMLS": "", "start": 215, "end": 229}], "Outcome": []}, "Evidence Propositions": []}, {"Section": "RESULTS", "Text": "Base & ribose modifications of GS-441524 5'-TP vs ATP point to specific discrimination mechanisms & active site residues .", "Evidence Elements": {"Participant": [], "Intervention": [], "Outcome": []}, "Evidence Propositions": []}, {"Section": "RESULTS", "Text": "Lassa virus N & SARS-CoV nsp14 ExoN domains allow modeling catalytically competent SARS-CoV-2 nsp14 Exonuclease .", "Evidence Elements": {"Participant": [], "Intervention": [], "Outcome": []}, "Evidence Propositions": []}, {"Section": "RESULTS", "Text": "RNA terminated with GS-441524 5'-MP at the 3'-end indicate a problematic accommodation at the nsp14 ExoN active site .", "Evidence Elements": {"Participant": [], "Intervention": [{"term": "GS-441524 5'-MP", "negation": "affirmed", "UMLS": "", "start": 20, "end": 35}], "Outcome": [{"term": "accommodation", "negation": "affirmed", "UMLS": "", "start": 73, "end": 86}]}, "Evidence Propositions": []}, {"Section": "CONCLUSIONS", "Text": "Anti-SARS-CoV-2 nucleoside analog design must consider balance between incorporation & excision by nsp12 & nsp14 .", "Evidence Elements": {"Participant": [], "Intervention": [], "Outcome": []}, "Evidence Propositions": []}]}