{"doc_id": "32282986", "type of study": "Therapy", "title": "", "abstract": "Over 1 000 000 cases of coronavirus disease 2019 (COVID-19) have been confirmed since the worldwide outbreak began.\nNot enough data on infected solid organ transplant (SOT) recipients are available, especially data about the management of immunosuppressants.\nWe report two cases of COVID-19 in two transplant recipients, with different treatments and prognoses.\nThe first patient received liver transplantation due to hepatitis B virus-related hepatocellular carcinoma and was confirmed to have COVID-19 9 days later.\nFollowing a treatment regimen consisting of discontinued immunosuppressant use and low-dose methylprednisolone-based therapy, the patient developed acute rejection but eventually recovered.\nThe other patient had undergone a renal transplant from a living-related donor 17 years ago, and was admitted to the hospital because of persistent fever.\nThis patient was also diagnosed with COVID-19.\nHis treatment regimen consisted of reduced immunosuppressant use.\nNo signs of rejection were observed during the regimen.\nIn the end, the patient successfully recovered from COVID-19.\nThese effectively treated cases can provide a basis for immunosuppressant management of COVID-19-positive SOT recipients.\n", "Evidence Map": {"Enrollment": [{"term": "transplant recipients", "negation": "affirmed", "UMLS": "", "start": 39, "end": 60}, {"term": "liver transplantation", "negation": "affirmed", "UMLS": "", "start": 27, "end": 48}, {"term": "hepatitis B virus-related hepatocellular carcinoma", "negation": "affirmed", "UMLS": "", "start": 56, "end": 106}, {"term": "renal transplant", "negation": "affirmed", "UMLS": "", "start": 34, "end": 50}, {"term": "persistent", "negation": "affirmed", "UMLS": "", "start": 138, "end": 148}, {"term": "COVID-19", "negation": "affirmed", "UMLS": "", "start": 37, "end": 45}], "Comparison Results": [], "Study Arm 1 Results": [], "Study Arm 2 Results": []}, "Sentence-level breakdown": [{"Section": "TITLE", "Text": "Over 1 000 000 cases of coronavirus disease 2019 ( COVID-19 ) have been confirmed since the worldwide outbreak began .", "Evidence Elements": {"Participant": [], "Intervention": [], "Outcome": []}, "Evidence Propositions": []}, {"Section": "METHODS", "Text": "We report two cases of COVID-19 in two transplant recipients , with different treatments and prognoses .", "Evidence Elements": {"Participant": [{"term": "transplant recipients", "negation": "affirmed", "UMLS": "", "start": 39, "end": 60}], "Intervention": [], "Outcome": [{"term": "COVID-19", "negation": "affirmed", "UMLS": "", "start": 23, "end": 31}]}, "Evidence Propositions": []}, {"Section": "METHODS", "Text": "The first patient received liver transplantation due to hepatitis B virus-related hepatocellular carcinoma and was confirmed to have COVID-19 9 days later .", "Evidence Elements": {"Participant": [{"term": "liver transplantation", "negation": "affirmed", "UMLS": "", "start": 27, "end": 48}, {"term": "hepatitis B virus-related hepatocellular carcinoma", "negation": "affirmed", "UMLS": "", "start": 56, "end": 106}], "Intervention": [], "Outcome": [{"term": "COVID-19", "negation": "affirmed", "UMLS": "", "start": 133, "end": 141}]}, "Evidence Propositions": []}, {"Section": "RESULTS", "Text": "Following a treatment regimen consisting of discontinued immunosuppressant use and low-dose methylprednisolone-based therapy , the patient developed acute rejection but eventually recovered .", "Evidence Elements": {"Participant": [], "Intervention": [{"term": "discontinued immunosuppressant use", "negation": "affirmed", "UMLS": "", "start": 44, "end": 78}, {"term": "low-dose methylprednisolone-based therapy", "negation": "affirmed", "UMLS": "", "start": 83, "end": 124}], "Outcome": [{"term": "acute rejection", "negation": "affirmed", "UMLS": "", "start": 149, "end": 164}]}, "Evidence Propositions": []}, {"Section": "RESULTS", "Text": "The other patient had undergone a renal transplant from a living-related donor 17 years ago , and was admitted to the hospital because of persistent fever .", "Evidence Elements": {"Participant": [{"term": "renal transplant", "negation": "affirmed", "UMLS": "", "start": 34, "end": 50}, {"term": "persistent", "negation": "affirmed", "UMLS": "", "start": 138, "end": 148}], "Intervention": [], "Outcome": []}, "Evidence Propositions": []}, {"Section": "RESULTS", "Text": "This patient was also diagnosed with COVID-19 .", "Evidence Elements": {"Participant": [{"term": "COVID-19", "negation": "affirmed", "UMLS": "", "start": 37, "end": 45}], "Intervention": [], "Outcome": []}, "Evidence Propositions": []}, {"Section": "RESULTS", "Text": "His treatment regimen consisted of reduced immunosuppressant use .", "Evidence Elements": {"Participant": [], "Intervention": [], "Outcome": [{"term": "immunosuppressant use", "negation": "affirmed", "UMLS": "", "start": 43, "end": 64}]}, "Evidence Propositions": []}, {"Section": "RESULTS", "Text": "No signs of rejection were observed during the regimen .", "Evidence Elements": {"Participant": [], "Intervention": [{"term": "regimen", "negation": "negated", "UMLS": "", "start": 47, "end": 54}], "Outcome": [{"term": "signs of rejection", "negation": "affirmed", "UMLS": "", "start": 3, "end": 21}]}, "Evidence Propositions": []}, {"Section": "RESULTS", "Text": "In the end , the patient successfully recovered from COVID-19 .", "Evidence Elements": {"Participant": [], "Intervention": [], "Outcome": [{"term": "successfully", "negation": "affirmed", "UMLS": "", "start": 25, "end": 37}, {"term": "recovered from", "negation": "affirmed", "UMLS": "", "start": 38, "end": 52}]}, "Evidence Propositions": []}, {"Section": "CONCLUSIONS", "Text": "These effectively treated cases can provide a basis for immunosuppressant management of COVID-19-positive SOT recipients .", "Evidence Elements": {"Participant": [], "Intervention": [], "Outcome": []}, "Evidence Propositions": []}]}