{"doc_id": "32281332", "type of study": "Therapy", "title": "", "abstract": "The coronavirus disease 2019(COVID-19) is developing rapidly and posing great threat to public health.\nThere is no specific medicine available for treating the disease.\nLuckily, traditional Chinese medicine has played a positive role in the fighting against COVID-19.\nIn this paper, We collected and sorted the prescriptions of modern Chinese medicine for COVID-19 released by national government, different provinces, autonomous regions and municipalities, as well as online databases, such as CNKI, WanFang medical network, and VIP database.\nThese prescriptions were combined with the inheritance of traditional Chinese medicine auxiliary V2.5, and the complex system entropy clustering method was used to determine the association rules and frequency of single drug and drug combination in the prescription.\nIn the end, 96 effective prescriptions were included.\nAmong them, the four properties were mainly concentrated in temperature, cold and level, the five tastes were mainly concentrated in bitter, hot and sweet, and the meridians were mainly concentrated in lung, stomach and spleen.\nThe high-frequency drugs were Glycyrrhizae Radix et Rhizoma, Armeniacae Semen Amarum, Gypsum Fibrosum, etc., and the high-frequency combinations are Gypsum Fibrosum-Armeniacae Semen Amarum, Gypsum Fibrosum-Glycyrrhizae Radix et Rhizoma, Armeniacae Semen Amarum-Glycyrrhizae Radix et Rhizoma, the core combinations are Lepidii Semen-Armeniacae Semen Amarum-Gypsum Fibrosum, Pogostemonis Herba-Zingiberis Rhizoma Recens-Magnoliae Officinalis Cortex, Ophiopogonis Radix-Armeniacae Semen Amarum-Scutellariae Radix and so on.\nForm new prescriptions Lepidii Semen, Armeniacae Semen Amarum, Gypsum Fibrosum, Pogostemonis Herba, Zingiberis Rhizoma Recens, Magnoliae Officinalis Cortex. Ophiopogonis Radix, Armeniacae Semen Amarum, Scutellariae Radix, Schisandrae Sphenantherae Fructus, Panacis Quinquefolii Radix.\nFrom the medicinal properties to high-frequency drugs and new prescriptions, it could be seen that the overall treatment of COVID-19 by traditional Chinese medicine was to strengthen body resistance, eliminate pathogenic factors, and give attention to Qi and Yin.\n", "Evidence Map": {"Enrollment": [{"term": "COVID-19", "negation": "affirmed", "UMLS": "", "start": 89, "end": 97}], "Comparison Results": [], "Study Arm 1 Results": [], "Study Arm 2 Results": []}, "Sentence-level breakdown": [{"Section": "TITLE", "Text": "The coronavirus disease 2019 ( COVID-19 ) is developing rapidly and posing great threat to public health .", "Evidence Elements": {"Participant": [], "Intervention": [], "Outcome": []}, "Evidence Propositions": []}, {"Section": "METHODS", "Text": "In this paper , We collected and sorted the prescriptions of modern Chinese medicine for COVID-19 released by national government , different provinces , autonomous regions and municipalities , as well as online databases , such as CNKI , WanFang medical network , and VIP database .", "Evidence Elements": {"Participant": [{"term": "COVID-19", "negation": "affirmed", "UMLS": "", "start": 89, "end": 97}], "Intervention": [{"term": "modern Chinese medicine", "negation": "affirmed", "UMLS": "", "start": 61, "end": 84}], "Outcome": [{"term": "prescriptions", "negation": "affirmed", "UMLS": "", "start": 44, "end": 57}]}, "Evidence Propositions": []}, {"Section": "METHODS", "Text": "These prescriptions were combined with the inheritance of traditional Chinese medicine auxiliary V2.5 , and the complex system entropy clustering method was used to determine the association rules and frequency of single drug and drug combination in the prescription .", "Evidence Elements": {"Participant": [], "Intervention": [], "Outcome": [{"term": "association rules", "negation": "affirmed", "UMLS": "", "start": 179, "end": 196}, {"term": "frequency of single drug and drug combination", "negation": "affirmed", "UMLS": "", "start": 201, "end": 246}]}, "Evidence Propositions": []}, {"Section": "RESULTS", "Text": "In the end , 96 effective prescriptions were included .", "Evidence Elements": {"Participant": [], "Intervention": [], "Outcome": [{"term": "effective", "negation": "affirmed", "UMLS": "", "start": 16, "end": 25}]}, "Evidence Propositions": []}, {"Section": "RESULTS", "Text": "Among them , the four properties were mainly concentrated in temperature , cold and level , the five tastes were mainly concentrated in bitter , hot and sweet , and the meridians were mainly concentrated in lung , stomach and spleen .", "Evidence Elements": {"Participant": [], "Intervention": [], "Outcome": []}, "Evidence Propositions": []}, {"Section": "RESULTS", "Text": "The high-frequency drugs were Glycyrrhizae Radix et Rhizoma , Armeniacae Semen Amarum , Gypsum Fibrosum , etc . , and the high-frequency combinations are Gypsum Fibrosum-Armeniacae Semen Amarum , Gypsum Fibrosum-Glycyrrhizae Radix et Rhizoma , Armeniacae Semen Amarum-Glycyrrhizae Radix et Rhizoma , the core combinations are Lepidii Semen-Armenia", "Evidence Elements": {"Participant": [], "Intervention": [], "Outcome": []}, "Evidence Propositions": []}, {"Section": "RESULTS", "Text": "Form new prescriptions Lepidii Semen , Armeniacae Semen Amarum , Gypsum Fibrosum , Pogostemonis Herba , Zingiberis Rhizoma Recens , Magnoliae Officinalis Cortex . Ophiopogonis Radix , Armeniacae Semen Amarum , Scutellariae Radix , Schisandrae Sphenantherae Fructus , Panacis Quinquefolii Radix .", "Evidence Elements": {"Participant": [], "Intervention": [], "Outcome": []}, "Evidence Propositions": []}, {"Section": "CONCLUSIONS", "Text": "From the medicinal properties to high-frequency drugs and new prescriptions , it could be seen that the overall treatment of COVID-19 by traditional Chinese medicine was to strengthen body resistance , eliminate pathogenic factors , and give attention to Qi and Yin .", "Evidence Elements": {"Participant": [], "Intervention": [{"term": "medicine", "negation": "affirmed", "UMLS": "", "start": 157, "end": 165}], "Outcome": []}, "Evidence Propositions": []}]}