{"doc_id": "32282022", "type of study": "Therapy", "title": "", "abstract": "Importance: The pandemic of coronavirus disease 2019 (COVID-19) caused by the novel severe acute respiratory syndrome coronavirus 2 (SARS-CoV-2) presents an unprecedented challenge to identify effective drugs for prevention and treatment.\nGiven the rapid pace of scientific discovery and clinical data generated by the large number of people rapidly infected by SARS-CoV-2, clinicians need accurate evidence regarding effective medical treatments for this infection.\nObservations: No proven effective therapies for this virus currently exist.\nThe rapidly expanding knowledge regarding SARS-CoV-2 virology provides a significant number of potential drug targets.\nThe most promising therapy is remdesivir.\nRemdesivir has potent in vitro activity against SARS-CoV-2, but it is not US Food and Drug Administration approved and currently is being tested in ongoing randomized trials.\nOseltamivir has not been shown to have efficacy, and corticosteroids are currently not recommended.\nCurrent clinical evidence does not support stopping angiotensin-converting enzyme inhibitors or angiotensin receptor blockers in patients with COVID-19.\nConclusions and Relevance: The COVID-19 pandemic represents the greatest global public health crisis of this generation and, potentially, since the pandemic influenza outbreak of 1918.\nThe speed and volume of clinical trials launched to investigate potential therapies for COVID-19 highlight both the need and capability to produce high-quality evidence even in the middle of a pandemic.\nNo therapies have been shown effective to date.\n", "Evidence Map": {"Enrollment": [], "Comparison Results": [], "Study Arm 1 Results": [], "Study Arm 2 Results": []}, "Sentence-level breakdown": [{"Section": "TITLE", "Text": "Importance : The pandemic of coronavirus disease 2019 ( COVID-19 ) caused by the novel severe acute respiratory syndrome coronavirus 2 ( SARS-CoV-2 ) presents an unprecedented challenge to identify effective drugs for prevention and treatment .", "Evidence Elements": {"Participant": [], "Intervention": [], "Outcome": []}, "Evidence Propositions": []}, {"Section": "RESULTS", "Text": "Conclusions and Relevance : The COVID-19 pandemic represents the greatest global public health crisis of this generation and , potentially , since the pandemic influenza outbreak of 1918 .", "Evidence Elements": {"Participant": [], "Intervention": [], "Outcome": []}, "Evidence Propositions": []}, {"Section": "CONCLUSIONS", "Text": "The speed and volume of clinical trials launched to investigate potential therapies for COVID-19 highlight both the need and capability to produce high-quality evidence even in the middle of a pandemic .", "Evidence Elements": {"Participant": [], "Intervention": [], "Outcome": []}, "Evidence Propositions": []}, {"Section": "CONCLUSIONS", "Text": "No therapies have been shown effective to date .", "Evidence Elements": {"Participant": [], "Intervention": [], "Outcome": []}, "Evidence Propositions": []}]}