{"doc_id": "32281583", "type of study": "Therapy", "title": "", "abstract": "Drugs that are specifically efficacious against SARS-CoV-2 have yet to be established.\nChloroquine and hydroxychloroquine have garnered considerable attention for their potential to treat coronavirus disease 2019 (COVID-19).\nIncreasing evidence obtained from completed clinical studies indicates the prospects for chloroquine/hydroxychloroquine to treat COVID-19.\nMore randomized control clinical studies are warranted to determine the feasibility of these two drugs in treating COVID-19.\n", "Evidence Map": {"Enrollment": [], "Comparison Results": [], "Study Arm 1 Results": [], "Study Arm 2 Results": []}, "Sentence-level breakdown": [{"Section": "TITLE", "Text": "Drugs that are specifically efficacious against SARS-CoV-2 have yet to be established .", "Evidence Elements": {"Participant": [], "Intervention": [], "Outcome": []}, "Evidence Propositions": []}, {"Section": "CONCLUSIONS", "Text": "More randomized control clinical studies are warranted to determine the feasibility of these two drugs in treating COVID-19 .", "Evidence Elements": {"Participant": [], "Intervention": [], "Outcome": []}, "Evidence Propositions": []}]}