{"doc_id": "32283143", "type of study": "Therapy", "title": "", "abstract": "On day 14 after the admission, no viral load was detected in arbidol group.\n44.1% of patients in lopinavir/ritonavir group had positive RNA test on day 14.\nPatients in the arbidol group had a shorter duration of positive RNA test.\nNo apparent side effects were found in both groups.\nArbidol monotherapy may be superior to lopinavir/ritonavir in treating COVID-19.\nLopinavir/ritonavir and arbidol have been previously used to treat acute respiratory syndrome- coronavirus 2 (SARS-CoV-2) replication in clinical practice; nevertheless, their effectiveness remains controversial.\nIn this study, we evaluated the antiviral effects and safety of lopinavir/ritonavir and arbidol in patients with the 2019-nCoV disease (COVID-19).\nFifty patients with laboratory-confirmed COVID-19 were divided into two groups: including lopinavir/ritonavir group (34 cases) and arbidol group (16 cases).\nLopinavir/ritonavir group received 400 mg/100mg of Lopinavir/ritonavir, twice a day for a week, while the arbidol group was given 0.2 g arbidol, three times a day.\nData from these patients were retrospectively analyzed.\nThe cycle threshold values of open reading frame 1ab and nucleocapsid genes by RT-PCR assay were monitored during antiviral therapy.\nNone of the patients developed severe pneumonia or ARDS.\nThere was no difference in fever duration between the two groups (P=0.61).\nOn day 14 after the admission, no viral load was detected in arbidol group, but the viral load was found in 15(44.1%) patients treated with lopinavir/ritonavir.\nPatients in the arbidol group had a shorter duration of positive RNA test compared to those in the lopinavir/ritonavir group (P<0.01).\nMoreover, no apparent side effects were found in both groups.\nIn conclusion, our data indicate that arbidol monotherapy may be superior to lopinavir/ritonavir in treating COVID-19.\n", "Evidence Map": {"Enrollment": [{"term": "COVID-19", "negation": "affirmed", "UMLS": "", "start": 73, "end": 81}, {"term": "2019-nCoV disease", "negation": "affirmed", "UMLS": "", "start": 120, "end": 137}, {"term": "laboratory-confirmed COVID-19", "negation": "affirmed", "UMLS": "", "start": 20, "end": 49}], "Comparison Results": [], "Study Arm 1 Results": [], "Study Arm 2 Results": []}, "Sentence-level breakdown": [{"Section": "TITLE", "Text": "On day 14 after the admission , no viral load was detected in arbidol group .", "Evidence Elements": {"Participant": [], "Intervention": [{"term": "arbidol", "negation": "negated", "UMLS": "", "start": 62, "end": 69}], "Outcome": [{"term": "viral load", "negation": "negated", "UMLS": "", "start": 35, "end": 45}]}, "Evidence Propositions": []}, {"Section": "RESULTS", "Text": "44.1 % of patients in lopinavir / ritonavir group had positive RNA test on day 14 .", "Evidence Elements": {"Participant": [], "Intervention": [{"term": "ritonavir", "negation": "affirmed", "UMLS": "", "start": 34, "end": 43}], "Outcome": [{"term": "RNA test", "negation": "affirmed", "UMLS": "", "start": 63, "end": 71}]}, "Evidence Propositions": []}, {"Section": "RESULTS", "Text": "Patients in the arbidol group had a shorter duration of positive RNA test .", "Evidence Elements": {"Participant": [], "Intervention": [{"term": "arbidol", "negation": "affirmed", "UMLS": "", "start": 16, "end": 23}], "Outcome": [{"term": "duration of positive RNA test", "negation": "affirmed", "UMLS": "", "start": 44, "end": 73}]}, "Evidence Propositions": []}, {"Section": "RESULTS", "Text": "No apparent side effects were found in both groups .", "Evidence Elements": {"Participant": [], "Intervention": [{"term": "both groups", "negation": "negated", "UMLS": "", "start": 39, "end": 50}], "Outcome": [{"term": "apparent side effects", "negation": "negated", "UMLS": "", "start": 3, "end": 24}]}, "Evidence Propositions": []}, {"Section": "CONCLUSIONS", "Text": "Arbidol monotherapy may be superior to lopinavir / ritonavir in treating COVID-19 .", "Evidence Elements": {"Participant": [{"term": "COVID-19", "negation": "affirmed", "UMLS": "", "start": 73, "end": 81}], "Intervention": [{"term": "Arbidol monotherapy", "negation": "affirmed", "UMLS": "", "start": 0, "end": 19}, {"term": "ritonavir", "negation": "affirmed", "UMLS": "", "start": 51, "end": 60}], "Outcome": []}, "Evidence Propositions": []}, {"Section": "CONCLUSIONS", "Text": "Lopinavir / ritonavir and arbidol have been previously used to treat acute respiratory syndrome-coronavirus 2 ( SARS-CoV-2 ) replication in clinical practice ; nevertheless , their effectiveness remains controversial .", "Evidence Elements": {"Participant": [], "Intervention": [], "Outcome": []}, "Evidence Propositions": []}, {"Section": "OBJECTIVE", "Text": "In this study , we evaluated the antiviral effects and safety of lopinavir / ritonavir and arbidol in patients with the 2019-nCoV disease ( COVID-19 ) .", "Evidence Elements": {"Participant": [{"term": "2019-nCoV disease", "negation": "affirmed", "UMLS": "", "start": 120, "end": 137}], "Intervention": [{"term": "ritonavir", "negation": "affirmed", "UMLS": "", "start": 77, "end": 86}, {"term": "arbidol", "negation": "affirmed", "UMLS": "", "start": 91, "end": 98}], "Outcome": [{"term": "antiviral effects", "negation": "affirmed", "UMLS": "", "start": 33, "end": 50}, {"term": "safety", "negation": "affirmed", "UMLS": "", "start": 55, "end": 61}]}, "Evidence Propositions": []}, {"Section": "METHODS", "Text": "Fifty patients with laboratory-confirmed COVID-19 were divided into two groups : including lopinavir / ritonavir group ( 34 cases ) and arbidol group ( 16 cases ) .", "Evidence Elements": {"Participant": [{"term": "laboratory-confirmed COVID-19", "negation": "affirmed", "UMLS": "", "start": 20, "end": 49}], "Intervention": [{"term": "ritonavir", "negation": "affirmed", "UMLS": "", "start": 103, "end": 112}, {"term": "arbidol", "negation": "affirmed", "UMLS": "", "start": 136, "end": 143}], "Outcome": []}, "Evidence Propositions": []}, {"Section": "METHODS", "Text": "Lopinavir / ritonavir group received 400 mg / 100mg of Lopinavir / ritonavir , twice a day for a week , while the arbidol group was given 0.2 g arbidol , three times a day .", "Evidence Elements": {"Participant": [], "Intervention": [{"term": "ritonavir", "negation": "affirmed", "UMLS": "", "start": 12, "end": 21}, {"term": "ritonavir", "negation": "affirmed", "UMLS": "", "start": 12, "end": 21}, {"term": "arbidol", "negation": "affirmed", "UMLS": "", "start": 114, "end": 121}, {"term": "arbidol", "negation": "affirmed", "UMLS": "", "start": 114, "end": 121}], "Outcome": []}, "Evidence Propositions": []}, {"Section": "METHODS", "Text": "Data from these patients were retrospectively analyzed .", "Evidence Elements": {"Participant": [], "Intervention": [], "Outcome": []}, "Evidence Propositions": []}, {"Section": "METHODS", "Text": "The cycle threshold values of open reading frame 1ab and nucleocapsid genes by RT-PCR assay were monitored during antiviral therapy .", "Evidence Elements": {"Participant": [], "Intervention": [], "Outcome": [{"term": "cycle threshold values of open reading frame 1ab and nucleocapsid genes", "negation": "affirmed", "UMLS": "", "start": 4, "end": 75}]}, "Evidence Propositions": []}, {"Section": "RESULTS", "Text": "None of the patients developed severe pneumonia or ARDS .", "Evidence Elements": {"Participant": [], "Intervention": [], "Outcome": [{"term": "severe pneumonia", "negation": "negated", "UMLS": "", "start": 31, "end": 47}, {"term": "ARDS", "negation": "negated", "UMLS": "", "start": 51, "end": 55}]}, "Evidence Propositions": []}, {"Section": "RESULTS", "Text": "There was no difference in fever duration between the two groups ( P = 0.61 ) .", "Evidence Elements": {"Participant": [], "Intervention": [{"term": "two groups", "negation": "negated", "UMLS": "", "start": 54, "end": 64}], "Outcome": [{"term": "fever duration", "negation": "negated", "UMLS": "", "start": 27, "end": 41}]}, "Evidence Propositions": [{"Intervention": ["two groups"], "Observation": "difference", "Outcome": "fever duration", "Count": ""}]}, {"Section": "RESULTS", "Text": "On day 14 after the admission , no viral load was detected in arbidol group , but the viral load was found in 15 ( 44.1 % ) patients treated with lopinavir / ritonavir .", "Evidence Elements": {"Participant": [], "Intervention": [{"term": "arbidol", "negation": "negated", "UMLS": "", "start": 62, "end": 69}], "Outcome": [{"term": "viral load", "negation": "negated", "UMLS": "", "start": 35, "end": 45}, {"term": "viral load", "negation": "negated", "UMLS": "", "start": 35, "end": 45}]}, "Evidence Propositions": []}, {"Section": "RESULTS", "Text": "Patients in the arbidol group had a shorter duration of positive RNA test compared to those in the lopinavir / ritonavir group ( P < 0.01 ) .", "Evidence Elements": {"Participant": [], "Intervention": [{"term": "arbidol", "negation": "affirmed", "UMLS": "", "start": 16, "end": 23}, {"term": "ritonavir", "negation": "affirmed", "UMLS": "", "start": 111, "end": 120}], "Outcome": [{"term": "duration of positive RNA test", "negation": "affirmed", "UMLS": "", "start": 44, "end": 73}]}, "Evidence Propositions": []}, {"Section": "RESULTS", "Text": "Moreover , no apparent side effects were found in both groups .", "Evidence Elements": {"Participant": [], "Intervention": [{"term": "both", "negation": "negated", "UMLS": "", "start": 50, "end": 54}], "Outcome": [{"term": "apparent side effects", "negation": "negated", "UMLS": "", "start": 14, "end": 35}]}, "Evidence Propositions": []}, {"Section": "CONCLUSIONS", "Text": "In conclusion , our data indicate that arbidol monotherapy may be superior to lopinavir / ritonavir in treating COVID-19 .", "Evidence Elements": {"Participant": [], "Intervention": [{"term": "arbidol monotherapy", "negation": "affirmed", "UMLS": "", "start": 39, "end": 58}, {"term": "ritonavir", "negation": "affirmed", "UMLS": "", "start": 90, "end": 99}], "Outcome": []}, "Evidence Propositions": []}]}