{"doc_id": "32281695", "type of study": "Therapy", "title": "", "abstract": "The sudden outbreak of COVID-19 has led to more than seven thousand deaths.\nUnfortunately, there are no specific drugs available to cure this disease.\nType 2 taste receptors (TAS2Rs) may play an important role in host defense mechanisms.\nBased on the idea of host-directed therapy (HDT), we performed a negative co-expression analysis using big data of 60 000 Affymetrix expression arrays and 5000 TCGA data sets to determine the functions of TAS2R10, which can be activated by numerous bitter substances.\nExcitingly, we found that the main functions of TAS2R10 involved controlling infectious diseases caused by bacteria, viruses, and parasites, suggesting that TAS2R10 is a key trigger of host defense pathways.\nTo quickly guide the clinical treatment of 2019-nCoV, we searched currently available drugs that are agonists of TAS2Rs.\nWe identified many cheap, available, and safe medicines, such as diphenidol, quinine, chloroquine, artemisinin, chlorpheniramine, yohimbine, and dextromethorphan, which may target the most common symptoms caused by 2019-nCoV. We suggest that a cocktail-like recipe of existing bitter drugs may help doctors to fight this catastrophic disease and that the general public may drink or eat bitter substances, such as coffee, tea, or bitter vegetables, to reduce the risk of infection.\n", "Evidence Map": {"Enrollment": [], "Comparison Results": [], "Study Arm 1 Results": [], "Study Arm 2 Results": []}, "Sentence-level breakdown": [{"Section": "TITLE", "Text": "The sudden outbreak of COVID-19 has led to more than seven thousand deaths .", "Evidence Elements": {"Participant": [], "Intervention": [], "Outcome": []}, "Evidence Propositions": []}, {"Section": "METHODS", "Text": "Based on the idea of host-directed therapy ( HDT ) , we performed a negative co-expression analysis using big data of 60 000 Affymetrix expression arrays and 5000 TCGA data sets to determine the functions of TAS2R10 , which can be activated by numerous bitter substances .", "Evidence Elements": {"Participant": [], "Intervention": [{"term": "host-directed therapy ( HDT )", "negation": "affirmed", "UMLS": "", "start": 21, "end": 50}, {"term": "TAS2R10", "negation": "affirmed", "UMLS": "", "start": 208, "end": 215}], "Outcome": [{"term": "functions", "negation": "affirmed", "UMLS": "", "start": 195, "end": 204}]}, "Evidence Propositions": []}, {"Section": "RESULTS", "Text": "Excitingly , we found that the main functions of TAS2R10 involved controlling infectious diseases caused by bacteria , viruses , and parasites , suggesting that TAS2R10 is a key trigger of host defense pathways .", "Evidence Elements": {"Participant": [], "Intervention": [], "Outcome": []}, "Evidence Propositions": []}, {"Section": "RESULTS", "Text": "To quickly guide the clinical treatment of 2019-nCoV , we searched currently available drugs that are agonists of TAS2Rs .", "Evidence Elements": {"Participant": [], "Intervention": [], "Outcome": []}, "Evidence Propositions": []}, {"Section": "CONCLUSIONS", "Text": "We identified many cheap , available , and safe medicines , such as diphenidol , quinine , chloroquine , artemisinin , chlorpheniramine , yohimbine , and dextromethorphan , which may target the most common symptoms caused by 2019-nCoV . We suggest that a cocktail-like recipe of existing bitter drugs may help doctors to fight this catastrophic disease and that the general public may drink or eat bitter substances , such as coffee , tea , or bitter vegetables , to reduce the risk of infection .", "Evidence Elements": {"Participant": [], "Intervention": [], "Outcome": []}, "Evidence Propositions": []}]}