{"doc_id": "32280058", "type of study": "Therapy", "title": "", "abstract": "Beginning in December 2019, the 2019 novel coronavirus disease (COVID-19) has caused a pneumonia epidemic that began in Wuhan, China, and is rapidly spreading throughout the whole world.\nItaly is the hardest hit country after China.\nConsidering the deleterious consequences of malnutrition, which certainly can affect patients with COVID-19, the aim of this article is to present a pragmatic protocol for early nutritional supplementation of non-critically ill patients hospitalized for COVID-19 disease.\nIt is based on the observation that most patients present at admission with severe inflammation and anorexia leading to a drastic reduction of food intake, and that a substantial percentage develops respiratory failure requiring non-invasive ventilation or even continuous positive airway pressure.\nHigh-calorie dense diets in a variety of different consistencies with highly digestible foods and snacks are available for all patients.\nOral supplementation of whey proteins as well as intravenous infusion of multivitamin, multimineral trace elements solutions are implemented at admission.\nIn the presence of 25-hydroxyvitamin D deficit, cholecalciferol is promptly supplied.\nIf nutritional risk is detected, two to three bottles of protein-calorie oral nutritional supplements (ONS) are provided.\nIf <2 bottles/d of ONS are consumed for 2 consecutive days and/or respiratory conditions are worsening, supplemental/total parenteral nutrition is prescribed.\nWe are aware that our straight approach may be debatable.\nHowever, to cope with the current emergency crisis, its aim is to promptly and pragmatically implement nutritional care in patients with COVID-19, which might be overlooked despite being potentially beneficial to clinical outcomes and effective in preventing the consequences of malnutrition in this patient population.\nNovel coronavirus disease (COVID-19) is spreading throughout the world and if nutritional care is not promptly implemented, malnutrition will affect also patients with the disease.\nMost infected patients present with severe inflammation and anorexia leading to a drastic reduction of food intake; a large percentage develop respiratory failure.\nA pragmatic protocol for early nutritional supplementation of patients with COVID-19 not in the intensive care unit was implemented.\nEvery effort should be made to avoid or limit underfeeding in patients with COVID-19, even if it means struggling against insurmountable difficulties due to the emergency scenario.\n", "Evidence Map": {"Enrollment": [{"term": "non-critically ill", "negation": "affirmed", "UMLS": "", "start": 211, "end": 229}, {"term": "hospitalized", "negation": "affirmed", "UMLS": "", "start": 239, "end": 251}, {"term": "severe inflammation", "negation": "affirmed", "UMLS": "", "start": 76, "end": 95}, {"term": "respiratory failure", "negation": "affirmed", "UMLS": "", "start": 200, "end": 219}, {"term": "conditions", "negation": "affirmed", "UMLS": "", "start": 83, "end": 93}, {"term": "COVID-19", "negation": "affirmed", "UMLS": "", "start": 76, "end": 84}], "Comparison Results": [], "Study Arm 1 Results": [], "Study Arm 2 Results": []}, "Sentence-level breakdown": [{"Section": "TITLE", "Text": "Beginning in December 2019 , the 2019 novel coronavirus disease ( COVID-19 ) has caused a pneumonia epidemic that began in Wuhan , China , and is rapidly spreading throughout the whole world .", "Evidence Elements": {"Participant": [], "Intervention": [], "Outcome": []}, "Evidence Propositions": []}, {"Section": "OBJECTIVE", "Text": "Considering the deleterious consequences of malnutrition , which certainly can affect patients with COVID-19 , the aim of this article is to present a pragmatic protocol for early nutritional supplementation of non-critically ill patients hospitalized for COVID-19 disease .", "Evidence Elements": {"Participant": [{"term": "non-critically ill", "negation": "affirmed", "UMLS": "", "start": 211, "end": 229}, {"term": "hospitalized", "negation": "affirmed", "UMLS": "", "start": 239, "end": 251}], "Intervention": [{"term": "early nutritional supplementation", "negation": "affirmed", "UMLS": "", "start": 174, "end": 207}], "Outcome": []}, "Evidence Propositions": []}, {"Section": "RESULTS", "Text": "It is based on the observation that most patients present at admission with severe inflammation and anorexia leading to a drastic reduction of food intake , and that a substantial percentage develops respiratory failure requiring non-invasive ventilation or even continuous positive airway pressure .", "Evidence Elements": {"Participant": [{"term": "severe inflammation", "negation": "affirmed", "UMLS": "", "start": 76, "end": 95}, {"term": "respiratory failure", "negation": "affirmed", "UMLS": "", "start": 200, "end": 219}], "Intervention": [], "Outcome": [{"term": "food", "negation": "affirmed", "UMLS": "", "start": 143, "end": 147}]}, "Evidence Propositions": []}, {"Section": "RESULTS", "Text": "High-calorie dense diets in a variety of different consistencies with highly digestible foods and snacks are available for all patients .", "Evidence Elements": {"Participant": [], "Intervention": [], "Outcome": []}, "Evidence Propositions": []}, {"Section": "RESULTS", "Text": "Oral supplementation of whey proteins as well as intravenous infusion of multivitamin , multimineral trace elements solutions are implemented at admission .", "Evidence Elements": {"Participant": [], "Intervention": [{"term": "Oral supplementation of whey proteins", "negation": "affirmed", "UMLS": "", "start": 0, "end": 37}, {"term": "intravenous infusion of multivitamin , multimineral trace elements solutions", "negation": "affirmed", "UMLS": "", "start": 49, "end": 125}], "Outcome": []}, "Evidence Propositions": []}, {"Section": "RESULTS", "Text": "In the presence of 25-hydroxyvitamin D deficit , cholecalciferol is promptly supplied .", "Evidence Elements": {"Participant": [], "Intervention": [{"term": "cholecalciferol", "negation": "affirmed", "UMLS": "", "start": 49, "end": 64}], "Outcome": []}, "Evidence Propositions": []}, {"Section": "RESULTS", "Text": "If nutritional risk is detected , two to three bottles of protein-calorie oral nutritional supplements ( ONS ) are provided .", "Evidence Elements": {"Participant": [], "Intervention": [{"term": "two to three bottles of protein-calorie oral nutritional supplements ( ONS", "negation": "affirmed", "UMLS": "", "start": 34, "end": 108}], "Outcome": [{"term": "nutritional risk", "negation": "affirmed", "UMLS": "", "start": 3, "end": 19}]}, "Evidence Propositions": []}, {"Section": "RESULTS", "Text": "If < 2 bottles / d of ONS are consumed for 2 consecutive days and / or respiratory conditions are worsening , supplemental / total parenteral nutrition is prescribed .", "Evidence Elements": {"Participant": [{"term": "conditions", "negation": "affirmed", "UMLS": "", "start": 83, "end": 93}], "Intervention": [{"term": "total parenteral nutrition", "negation": "affirmed", "UMLS": "", "start": 125, "end": 151}], "Outcome": []}, "Evidence Propositions": []}, {"Section": "RESULTS", "Text": "We are aware that our straight approach may be debatable .", "Evidence Elements": {"Participant": [], "Intervention": [], "Outcome": []}, "Evidence Propositions": []}, {"Section": "RESULTS", "Text": "However , to cope with the current emergency crisis , its aim is to promptly and pragmatically implement nutritional care in patients with COVID-19 , which might be overlooked despite being potentially beneficial to clinical outcomes and effective in preventing the consequences of malnutrition in this patient population .", "Evidence Elements": {"Participant": [], "Intervention": [], "Outcome": []}, "Evidence Propositions": []}, {"Section": "RESULTS", "Text": "Novel coronavirus disease ( COVID-19 ) is spreading throughout the world and if nutritional care is not promptly implemented , malnutrition will affect also patients with the disease .", "Evidence Elements": {"Participant": [], "Intervention": [], "Outcome": []}, "Evidence Propositions": []}, {"Section": "CONCLUSIONS", "Text": "Most infected patients present with severe inflammation and anorexia leading to a drastic reduction of food intake ; a large percentage develop respiratory failure .", "Evidence Elements": {"Participant": [], "Intervention": [], "Outcome": []}, "Evidence Propositions": []}, {"Section": "CONCLUSIONS", "Text": "A pragmatic protocol for early nutritional supplementation of patients with COVID-19 not in the intensive care unit was implemented .", "Evidence Elements": {"Participant": [{"term": "COVID-19", "negation": "affirmed", "UMLS": "", "start": 76, "end": 84}], "Intervention": [{"term": "early nutritional supplementation", "negation": "affirmed", "UMLS": "", "start": 25, "end": 58}], "Outcome": []}, "Evidence Propositions": []}, {"Section": "CONCLUSIONS", "Text": "Every effort should be made to avoid or limit underfeeding in patients with COVID-19 , even if it means struggling against insurmountable difficulties due to the emergency scenario .", "Evidence Elements": {"Participant": [], "Intervention": [], "Outcome": []}, "Evidence Propositions": []}]}