{"doc_id": "32054787", "type of study": "Therapy", "title": "", "abstract": "Middle East Respiratory Syndrome, caused by the MERS coronavirus (MERS-CoV), continues to cause severe respiratory disease with a high case fatality rate.\nTo date, potential antiviral treatments for MERS-CoV have shown limited efficacy in animal studies.\nHere, we tested the efficacy of the broad-acting antiviral remdesivir in the rhesus macaque model of MERS-CoV infection.\nRemdesivir reduced the severity of disease, virus replication, and damage to the lungs when administered either before or after animals were infected with MERS-CoV. Our data show that remdesivir is a promising antiviral treatment against MERS that could be considered for implementation in clinical trials.\nIt may also have utility for related coronaviruses such as the novel coronavirus 2019-nCoV emerging from Wuhan, China.\nThe continued emergence of Middle East Respiratory Syndrome (MERS) cases with a high case fatality rate stresses the need for the availability of effective antiviral treatments.\nRemdesivir (GS-5734) effectively inhibited MERS coronavirus (MERS-CoV) replication in vitro, and showed efficacy against Severe Acute Respiratory Syndrome (SARS)-CoV in a mouse model.\nHere, we tested the efficacy of prophylactic and therapeutic remdesivir treatment in a nonhuman primate model of MERS-CoV infection, the rhesus macaque.\nProphylactic remdesivir treatment initiated 24 h prior to inoculation completely prevented MERS-CoV-induced clinical disease, strongly inhibited MERS-CoV replication in respiratory tissues, and prevented the formation of lung lesions.\nTherapeutic remdesivir treatment initiated 12 h postinoculation also provided a clear clinical benefit, with a reduction in clinical signs, reduced virus replication in the lungs, and decreased presence and severity of lung lesions.\nThe data presented here support testing of the efficacy of remdesivir treatment in the context of a MERS clinical trial.\nIt may also be considered for a wider range of coronaviruses, including the currently emerging novel coronavirus 2019-nCoV.\n", "Evidence Map": {"Enrollment": [{"term": "rhesus macaque", "negation": "affirmed", "UMLS": "", "start": 78, "end": 92}, {"term": "MERS-CoV", "negation": "affirmed", "UMLS": "", "start": 102, "end": 110}, {"term": "MERS", "negation": "affirmed", "UMLS": "", "start": 157, "end": 161}, {"term": "Severe Acute Respiratory Syndrome", "negation": "affirmed", "UMLS": "", "start": 126, "end": 159}, {"term": "MERS-CoV infection", "negation": "affirmed", "UMLS": "", "start": 114, "end": 132}], "Comparison Results": [], "Study Arm 1 Results": [], "Study Arm 2 Results": []}, "Sentence-level breakdown": [{"Section": "TITLE", "Text": "Middle East Respiratory Syndrome , caused by the MERS coronavirus ( MERS-CoV ) , continues to cause severe respiratory disease with a high case fatality rate .", "Evidence Elements": {"Participant": [], "Intervention": [], "Outcome": []}, "Evidence Propositions": []}, {"Section": "OBJECTIVE", "Text": "Here , we tested the efficacy of the broad-acting antiviral remdesivir in the rhesus macaque model of MERS-CoV infection .", "Evidence Elements": {"Participant": [{"term": "rhesus macaque", "negation": "affirmed", "UMLS": "", "start": 78, "end": 92}, {"term": "MERS-CoV", "negation": "affirmed", "UMLS": "", "start": 102, "end": 110}], "Intervention": [{"term": "broad-acting antiviral remdesivir", "negation": "affirmed", "UMLS": "", "start": 37, "end": 70}], "Outcome": []}, "Evidence Propositions": []}, {"Section": "METHODS", "Text": "Here , we tested the efficacy of prophylactic and therapeutic remdesivir treatment in a nonhuman primate model of MERS-CoV infection , the rhesus macaque .", "Evidence Elements": {"Participant": [{"term": "MERS-CoV infection", "negation": "affirmed", "UMLS": "", "start": 114, "end": 132}], "Intervention": [{"term": "prophylactic and therapeutic remdesivir", "negation": "affirmed", "UMLS": "", "start": 33, "end": 72}], "Outcome": []}, "Evidence Propositions": []}, {"Section": "RESULTS", "Text": "Prophylactic remdesivir treatment initiated 24 h prior to inoculation completely prevented MERS-CoV-induced clinical disease , strongly inhibited MERS-CoV replication in respiratory tissues , and prevented the formation of lung lesions .", "Evidence Elements": {"Participant": [], "Intervention": [{"term": "Prophylactic remdesivir", "negation": "affirmed", "UMLS": "", "start": 0, "end": 23}], "Outcome": [{"term": "MERS-CoV-induced clinical disease", "negation": "affirmed", "UMLS": "", "start": 91, "end": 124}, {"term": "MERS-CoV replication in respiratory tissues", "negation": "affirmed", "UMLS": "", "start": 146, "end": 189}, {"term": "formation of", "negation": "affirmed", "UMLS": "", "start": 210, "end": 222}]}, "Evidence Propositions": [{"Intervention": "Prophylactic remdesivir", "Observation": "prevented", "Outcome": "formation of", "Count": ""}]}, {"Section": "RESULTS", "Text": "Therapeutic remdesivir treatment initiated 12 h postinoculation also provided a clear clinical benefit , with a reduction in clinical signs , reduced virus replication in the lungs , and decreased presence and severity of lung lesions .", "Evidence Elements": {"Participant": [], "Intervention": [{"term": "remdesivir", "negation": "affirmed", "UMLS": "", "start": 12, "end": 22}], "Outcome": [{"term": "clinical benefit", "negation": "affirmed", "UMLS": "", "start": 86, "end": 102}, {"term": "clinical signs", "negation": "affirmed", "UMLS": "", "start": 125, "end": 139}, {"term": "virus replication in the lungs", "negation": "affirmed", "UMLS": "", "start": 150, "end": 180}, {"term": "presence and severity", "negation": "affirmed", "UMLS": "", "start": 197, "end": 218}]}, "Evidence Propositions": [{"Intervention": "remdesivir", "Observation": "reduction", "Outcome": "clinical signs", "Count": ""}]}, {"Section": "CONCLUSIONS", "Text": "The data presented here support testing of the efficacy of remdesivir treatment in the context of a MERS clinical trial .", "Evidence Elements": {"Participant": [], "Intervention": [{"term": "remdesivir", "negation": "affirmed", "UMLS": "", "start": 59, "end": 69}], "Outcome": []}, "Evidence Propositions": []}, {"Section": "CONCLUSIONS", "Text": "It may also be considered for a wider range of coronaviruses , including the currently emerging novel coronavirus 2019-nCoV .", "Evidence Elements": {"Participant": [], "Intervention": [], "Outcome": []}, "Evidence Propositions": []}]}