{"doc_id": "32083328", "type of study": "Therapy", "title": "", "abstract": "Last December 2019, a new virus, named novel Coronavirus (COVID-2019) causing many cases of severe pneumonia was reported in Wuhan, China.\nThe virus knowledge is limited and especially about COVID-2019 pathogenesis.\nThe Open Reading Frame 1ab (ORF1ab) of COVID-2019 has been analyzed to evidence the presence of mutation caused by selective pressure on the virus.\nFor selective pressure analysis fast-unconstrained Bayesian approximation (FUBAR) was used.\nHomology modelling has been performed by SwissModel and HHPred servers.\nThe presence of transmembrane helical segments in Coronavirus ORF1ab non structural protein 2 (nsp2) and nsp3 was tested by TMHMM, MEMSAT, and MEMPACK tools.\nThree-dimensional structures have been analyzed and displayed using PyMOL.\nFUBAR analysis revealed the presence of potential sites under positive selective pressure (P < .05).\nPosition 723 in the COVID-2019 has a serine instead a glycine residue, while at aminoacidic position 1010 a proline instead an isoleucine.\nSignificant (P < .05) pervasive negative selection in 2416 sites (55%) was found.\nThe positive selective pressure could account for some clinical features of this virus compared with severe acute respiratory syndrome (SARS) and Bat SARS-like CoV. The stabilizing mutation falling in the endosome-associated-protein-like domain of the nsp2 protein could account for COVID-2019 high ability of contagious, while the destabilizing mutation in nsp3 proteins could suggest a potential mechanism differentiating COVID-2019 from SARS.\nThese data could be helpful for further investigation aimed to identify potential therapeutic targets or vaccine strategy, especially in the actual moment when the epidemic is ongoing and the scientific community is trying to enrich knowledge about this new viral pathogen.\nAnalysis of selective pressure on COVID-19 ORF1ab has been analyzed.\nAminoacid position 501, 723 and 1010 have changed than SARs virus and Bat-SARS-like coronaviirus.\nStabilizing mutation at nsp2 protein could explain why COVID-19 is more contagious than SARS.\nDestabilizing mutaion of nsp3 protein could explain the difference oberved between SARS and COVID-19.\n", "Evidence Map": {"Enrollment": [], "Comparison Results": [], "Study Arm 1 Results": [], "Study Arm 2 Results": []}, "Sentence-level breakdown": [{"Section": "TITLE", "Text": "Last December 2019 , a new virus , named novel Coronavirus ( COVID-2019 ) causing many cases of severe pneumonia was reported in Wuhan , China .", "Evidence Elements": {"Participant": [], "Intervention": [], "Outcome": []}, "Evidence Propositions": []}, {"Section": "METHODS", "Text": "For selective pressure analysis fast-unconstrained Bayesian approximation ( FUBAR ) was used .", "Evidence Elements": {"Participant": [], "Intervention": [], "Outcome": []}, "Evidence Propositions": []}, {"Section": "METHODS", "Text": "Homology modelling has been performed by SwissModel and HHPred servers .", "Evidence Elements": {"Participant": [], "Intervention": [], "Outcome": [{"term": "Homology modelling", "negation": "affirmed", "UMLS": "", "start": 0, "end": 18}]}, "Evidence Propositions": []}, {"Section": "METHODS", "Text": "The presence of transmembrane helical segments in Coronavirus ORF1ab non structural protein 2 ( nsp2 ) and nsp3 was tested by TMHMM , MEMSAT , and MEMPACK tools .", "Evidence Elements": {"Participant": [], "Intervention": [{"term": "Coronavirus ORF1ab non structural protein 2 ( nsp2 )", "negation": "affirmed", "UMLS": "", "start": 50, "end": 102}, {"term": "nsp3", "negation": "affirmed", "UMLS": "", "start": 107, "end": 111}], "Outcome": [{"term": "presence of transmembrane helical segments", "negation": "affirmed", "UMLS": "", "start": 4, "end": 46}]}, "Evidence Propositions": []}, {"Section": "METHODS", "Text": "Three-dimensional structures have been analyzed and displayed using PyMOL .", "Evidence Elements": {"Participant": [], "Intervention": [], "Outcome": [{"term": "Three-dimensional structures", "negation": "affirmed", "UMLS": "", "start": 0, "end": 28}]}, "Evidence Propositions": []}, {"Section": "RESULTS", "Text": "FUBAR analysis revealed the presence of potential sites under positive selective pressure ( P < .05 ) .", "Evidence Elements": {"Participant": [], "Intervention": [{"term": "positive selective pressure", "negation": "affirmed", "UMLS": "", "start": 62, "end": 89}], "Outcome": [{"term": "potential sites", "negation": "affirmed", "UMLS": "", "start": 40, "end": 55}]}, "Evidence Propositions": [{"Intervention": "positive selective pressure", "Observation": "presence", "Outcome": "potential sites", "Count": ""}]}, {"Section": "RESULTS", "Text": "Position 723 in the COVID-2019 has a serine instead a glycine residue , while at aminoacidic position 1010 a proline instead an isoleucine .", "Evidence Elements": {"Participant": [], "Intervention": [], "Outcome": []}, "Evidence Propositions": []}, {"Section": "RESULTS", "Text": "Significant ( P < .05 ) pervasive negative selection in 2416 sites ( 55 % ) was found .", "Evidence Elements": {"Participant": [], "Intervention": [], "Outcome": [{"term": "pervasive negative selection", "negation": "affirmed", "UMLS": "", "start": 24, "end": 52}]}, "Evidence Propositions": []}, {"Section": "RESULTS", "Text": "The positive selective pressure could account for some clinical features of this virus compared with severe acute respiratory syndrome ( SARS ) and Bat SARS-like CoV . The stabilizing mutation falling in the endosome-associated-protein-like domain of the nsp2 protein could account for COVID-2019 high ability of contagious , while the destabilizing mutation in nsp3 proteins could suggest a potential mechanism differentiating COVID-2019 from SARS .", "Evidence Elements": {"Participant": [], "Intervention": [], "Outcome": []}, "Evidence Propositions": []}, {"Section": "CONCLUSIONS", "Text": "These data could be helpful for further investigation aimed to identify potential therapeutic targets or vaccine strategy , especially in the actual moment when the epidemic is ongoing and the scientific community is trying to enrich knowledge about this new viral pathogen .", "Evidence Elements": {"Participant": [], "Intervention": [], "Outcome": []}, "Evidence Propositions": []}, {"Section": "CONCLUSIONS", "Text": "Analysis of selective pressure on COVID-19 ORF1ab has been analyzed .", "Evidence Elements": {"Participant": [], "Intervention": [{"term": "selective pressure", "negation": "affirmed", "UMLS": "", "start": 12, "end": 30}], "Outcome": [{"term": "ORF1ab", "negation": "affirmed", "UMLS": "", "start": 43, "end": 49}]}, "Evidence Propositions": []}, {"Section": "CONCLUSIONS", "Text": "Aminoacid position 501 , 723 and 1010 have changed than SARs virus and Bat-SARS-like coronaviirus .", "Evidence Elements": {"Participant": [], "Intervention": [], "Outcome": []}, "Evidence Propositions": []}, {"Section": "CONCLUSIONS", "Text": "Stabilizing mutation at nsp2 protein could explain why COVID-19 is more contagious than SARS .", "Evidence Elements": {"Participant": [], "Intervention": [{"term": "COVID-19", "negation": "affirmed", "UMLS": "", "start": 55, "end": 63}, {"term": "SARS", "negation": "affirmed", "UMLS": "", "start": 88, "end": 92}], "Outcome": []}, "Evidence Propositions": [{"Intervention": ["COVID-19", "SARS"], "Observation": "more contagious", "Outcome": "", "Count": ""}]}, {"Section": "CONCLUSIONS", "Text": "Destabilizing mutaion of nsp3 protein could explain the difference oberved between SARS and COVID-19 .", "Evidence Elements": {"Participant": [], "Intervention": [{"term": "SARS", "negation": "affirmed", "UMLS": "", "start": 83, "end": 87}, {"term": "COVID-19", "negation": "affirmed", "UMLS": "", "start": 92, "end": 100}], "Outcome": [{"term": "Destabilizing mutaion of nsp3 protein", "negation": "affirmed", "UMLS": "", "start": 0, "end": 37}, {"term": "oberved", "negation": "affirmed", "UMLS": "", "start": 67, "end": 74}]}, "Evidence Propositions": []}]}