{"doc_id": "32088679", "type of study": "Therapy", "title": "", "abstract": "On 31 December 2019 the Wuhan Health Commission reported a cluster of atypical pneumonia cases that was linked to a wet market in the city of Wuhan, China.\nThe first patients began experiencing symptoms of illness in mid-December 2019.\nClinical isolates were found to contain a novel coronavirus with similarity to bat coronaviruses.\nAs of 28 January 2020, there are in excess of 4,500 laboratory-confirmed cases, with > 100 known deaths.\nAs with the SARS-CoV, infections in children appear to be rare.\nTravel-related cases have been confirmed in multiple countries and regions outside mainland China including Germany, France, Thailand, Japan, South Korea, Vietnam, Canada, and the United States, as well as Hong Kong and Taiwan.\nDomestically in China, the virus has also been noted in several cities and provinces with cases in all but one provinence.\nWhile zoonotic transmission appears to be the original source of infections, the most alarming development is that human-to-human transmission is now prevelant.\nOf particular concern is that many healthcare workers have been infected in the current epidemic.\nThere are several critical clinical questions that need to be resolved, including how efficient is human-to-human transmission? What is the animal reservoir?\nIs there an intermediate animal reservoir?\nDo the vaccines generated to the SARS-CoV or MERS-CoV or their proteins offer protection against 2019-nCoV?\nWe offer a research perspective on the next steps for the generation of vaccines.\nWe also present data on the use of in silico docking in gaining insight into 2019-nCoV Spike-receptor binding to aid in therapeutic development.\nDiagnostic PCR protocols can be found at https://www.who.int/health-topics/coronavirus/laboratory-diagnostics-for-novel-coronavirus.\n", "Evidence Map": {"Enrollment": [], "Comparison Results": [], "Study Arm 1 Results": [], "Study Arm 2 Results": []}, "Sentence-level breakdown": [{"Section": "TITLE", "Text": "On 31 December 2019 the Wuhan Health Commission reported a cluster of atypical pneumonia cases that was linked to a wet market in the city of Wuhan , China .", "Evidence Elements": {"Participant": [], "Intervention": [], "Outcome": [{"term": "cluster of atypical pneumonia cases", "negation": "affirmed", "UMLS": "", "start": 59, "end": 94}]}, "Evidence Propositions": []}, {"Section": "RESULTS", "Text": "The first patients began experiencing symptoms of illness in mid-December 2019 .", "Evidence Elements": {"Participant": [], "Intervention": [], "Outcome": []}, "Evidence Propositions": []}, {"Section": "RESULTS", "Text": "Clinical isolates were found to contain a novel coronavirus with similarity to bat coronaviruses .", "Evidence Elements": {"Participant": [], "Intervention": [], "Outcome": [{"term": "coronavirus", "negation": "affirmed", "UMLS": "", "start": 48, "end": 59}]}, "Evidence Propositions": []}, {"Section": "RESULTS", "Text": "As of 28 January 2020 , there are in excess of 4,500 laboratory-confirmed cases , with > 100 known deaths .", "Evidence Elements": {"Participant": [], "Intervention": [], "Outcome": []}, "Evidence Propositions": []}, {"Section": "RESULTS", "Text": "As with the SARS-CoV , infections in children appear to be rare .", "Evidence Elements": {"Participant": [], "Intervention": [{"term": "SARS-CoV", "negation": "affirmed", "UMLS": "", "start": 12, "end": 20}], "Outcome": [{"term": "infections in children", "negation": "affirmed", "UMLS": "", "start": 23, "end": 45}]}, "Evidence Propositions": []}, {"Section": "RESULTS", "Text": "Travel-related cases have been confirmed in multiple countries and regions outside mainland China including Germany , France , Thailand , Japan , South Korea , Vietnam , Canada , and the United States , as well as Hong Kong and Taiwan .", "Evidence Elements": {"Participant": [], "Intervention": [], "Outcome": []}, "Evidence Propositions": []}, {"Section": "RESULTS", "Text": "Domestically in China , the virus has also been noted in several cities and provinces with cases in all but one provinence .", "Evidence Elements": {"Participant": [], "Intervention": [], "Outcome": []}, "Evidence Propositions": []}, {"Section": "RESULTS", "Text": "While zoonotic transmission appears to be the original source of infections , the most alarming development is that human-to-human transmission is now prevelant .", "Evidence Elements": {"Participant": [], "Intervention": [], "Outcome": []}, "Evidence Propositions": []}, {"Section": "RESULTS", "Text": "Of particular concern is that many healthcare workers have been infected in the current epidemic .", "Evidence Elements": {"Participant": [], "Intervention": [], "Outcome": []}, "Evidence Propositions": []}, {"Section": "RESULTS", "Text": "There are several critical clinical questions that need to be resolved , including how efficient is human-to-human transmission ? What is the animal reservoir ?", "Evidence Elements": {"Participant": [], "Intervention": [], "Outcome": []}, "Evidence Propositions": []}, {"Section": "RESULTS", "Text": "Is there an intermediate animal reservoir ?", "Evidence Elements": {"Participant": [], "Intervention": [], "Outcome": []}, "Evidence Propositions": []}, {"Section": "CONCLUSIONS", "Text": "Do the vaccines generated to the SARS-CoV or MERS-CoV or their proteins offer protection against 2019-nCoV ?", "Evidence Elements": {"Participant": [], "Intervention": [{"term": "vaccines", "negation": "affirmed", "UMLS": "", "start": 7, "end": 15}, {"term": "to the SARS-CoV", "negation": "affirmed", "UMLS": "", "start": 26, "end": 41}, {"term": "MERS-CoV", "negation": "affirmed", "UMLS": "", "start": 45, "end": 53}, {"term": "their proteins", "negation": "affirmed", "UMLS": "", "start": 57, "end": 71}], "Outcome": [{"term": "2019-nCoV", "negation": "affirmed", "UMLS": "", "start": 97, "end": 106}]}, "Evidence Propositions": [{"Intervention": "vaccines", "Observation": "protection", "Outcome": "2019-nCoV", "Count": ""}, {"Intervention": "to the SARS-CoV", "Observation": "protection", "Outcome": "2019-nCoV", "Count": ""}, {"Intervention": "MERS-CoV", "Observation": "protection", "Outcome": "2019-nCoV", "Count": ""}, {"Intervention": "their proteins", "Observation": "protection", "Outcome": "2019-nCoV", "Count": ""}]}, {"Section": "CONCLUSIONS", "Text": "We offer a research perspective on the next steps for the generation of vaccines .", "Evidence Elements": {"Participant": [], "Intervention": [], "Outcome": []}, "Evidence Propositions": []}, {"Section": "CONCLUSIONS", "Text": "We also present data on the use of in silico docking in gaining insight into 2019-nCoV Spike-receptor binding to aid in therapeutic development .", "Evidence Elements": {"Participant": [], "Intervention": [{"term": "in silico docking", "negation": "affirmed", "UMLS": "", "start": 35, "end": 52}], "Outcome": [{"term": "2019-nCoV Spike-receptor binding", "negation": "affirmed", "UMLS": "", "start": 77, "end": 109}]}, "Evidence Propositions": []}, {"Section": "CONCLUSIONS", "Text": "Diagnostic PCR protocols can be found at https:/ / www . who.int / health-topics / coronavirus / laboratory-diagnostics-for-novel-coronavirus .", "Evidence Elements": {"Participant": [], "Intervention": [], "Outcome": [{"term": "PCR", "negation": "affirmed", "UMLS": "", "start": 11, "end": 14}]}, "Evidence Propositions": []}]}