{"doc_id": "32096367", "type of study": "Therapy", "title": "", "abstract": "The current epidemic situation of corona virus disease-19 (COVID-19) still remained severe.\nAs the National Clinical Research Center for Infectious Diseases, the First Affiliated Hospital of Zhejiang University School of Medicine is the primary medical care center for COVID-19 inZhejiang Province.\nBased on the present expert consensus carried out by National Health Commission and National Administration of Traditional Chinese Medicine, our team summarized and established an effective treatment strategy centered on \"Four-Anti and Two-Balance\" for clinical practice.\nThe \"Four-Anti and Two-Balance\"strategy included antivirus, anti-shock, anti-hyoxemia, anti-secondary infection, and maintaining of water, electrolyte and acid base balance and microecological balance.\nMeanwhile, integrated multidisciplinarypersonalized treatment was recommended to improve therapeutic effect.\nThe importance of early viralogical detection, dynamic monitoring of inflammatory indexes and chest radiograph was emphasized in clinical decision-making.\nSputum was observed with the highest positive rate of RT-PCR results.\nViral nucleic acids could be detected in10% patients'blood samples at acute periodand 50% of patients had positive RT-PCR results in their feces.\nWe also isolated alive viral strains from feces, indicating potential infectiousness of feces.\nDynamic cytokine detection was necessary to timely identifyingcytokine storms and application of artificial liver blood purification system.\nThe \"Four-Anti and Two-Balance\"strategyeffectively increased cure rate and reduced mortality.\nEarly antiviral treatment could alleviate disease severity and prevent illness progression, and we found lopinavir/ritonavir combined with abidol showed antiviraleffects in COVID-19.\nShock and hypoxemia were usually caused by cytokine storms.\nThe artificial liver blood purification system could rapidly remove inflammatory mediators and block cytokine storm.\nMoreover, it also favoredthe balance of fluid, electrolyte and acid-base and thus improved treatment efficacy in critical illness.\nFor cases of severe illness, early and also short periods of moderate glucocorticoid was supported.\nPatients with oxygenation index below 200 mmHg should be transferred to intensive medical center.\nConservative oxygen therapy was preferred and noninvasive ventilation was not recommended.\nPatients with mechanical ventilation should be strictly supervised with cluster ventilator-associated pneumonia prevention strategies.\nAntimicrobial prophylaxis should be prescribed rationally and was not recommended except for patients with long course of disease, repeated fever and elevated procalcitonin (PCT), meanwhile secondary fungal infection should be concerned.\nSome patients with COVID-19 showed intestinal microbialdysbiosis with decreasedprobiotics such as Lactobacillus and Bifidobacterium.\nNutritional and gastrointestinal function should be assessed for all patients.\nNutritional support and application of prebiotics or probiotics were suggested to regulate the balance of intestinal microbiota and reduce the risk of secondary infection due to bacterial translocation.\nAnxiety and fear were common in patients with COVID-19.\nTherefore, we established dynamic assessment and warning for psychological crisis.\nWe also integrated Chinese medicine in treatment to promote disease rehabilitation through classification methods of traditional Chinese medicine.\nWe optimized nursing process for severe patients to promote their rehabilitation.\nIt remained unclear about viral clearance pattern after the SARS-CoV-2 infection.\nTherefore, two weeks' quarantine for discharged patients was required and a regular following up was also needed.\nThe Zhejiang experience above and suggestions have been implemented in our center and achieved good results.\nHowever, since COVID-19 was a newly emerging disease, more work was warranted to improve strategies of prevention, diagnosis and treatment for COVID-19.\n", "Evidence Map": {"Enrollment": [{"term": "acute period", "negation": "affirmed", "UMLS": "", "start": 76, "end": 88}, {"term": "severe illness", "negation": "affirmed", "UMLS": "", "start": 13, "end": 27}, {"term": "oxygenation index", "negation": "affirmed", "UMLS": "", "start": 14, "end": 31}, {"term": "COVID-19", "negation": "affirmed", "UMLS": "", "start": 19, "end": 27}, {"term": "COVID-19", "negation": "affirmed", "UMLS": "", "start": 46, "end": 54}, {"term": "severe patients", "negation": "affirmed", "UMLS": "", "start": 33, "end": 48}], "Comparison Results": [], "Study Arm 1 Results": [], "Study Arm 2 Results": []}, "Sentence-level breakdown": [{"Section": "TITLE", "Text": "The current epidemic situation of corona virus disease-19 ( COVID-19 ) still remained severe .", "Evidence Elements": {"Participant": [], "Intervention": [], "Outcome": []}, "Evidence Propositions": []}, {"Section": "METHODS", "Text": "As the National Clinical Research Center for Infectious Diseases , the First Affiliated Hospital of Zhejiang University School of Medicine is the primary medical care center for COVID-19 in ##Zhejiang Province .", "Evidence Elements": {"Participant": [], "Intervention": [], "Outcome": []}, "Evidence Propositions": []}, {"Section": "RESULTS", "Text": "Based on the present expert consensus carried out by National Health Commission and National Administration of Traditional Chinese Medicine , our team summarized and established an effective treatment strategy centered on \" Four-Anti and Two-Balance \" for clinical practice .", "Evidence Elements": {"Participant": [], "Intervention": [{"term": "Four-Anti and Two-Balance \"", "negation": "affirmed", "UMLS": "", "start": 224, "end": 251}], "Outcome": []}, "Evidence Propositions": []}, {"Section": "RESULTS", "Text": "The \" Four-Anti and Two-Balance \" strategy included antivirus , anti-shock , anti-hyoxemia , anti-secondary infection , and maintaining of water , electrolyte and acid base balance and microecological balance .", "Evidence Elements": {"Participant": [], "Intervention": [], "Outcome": []}, "Evidence Propositions": []}, {"Section": "RESULTS", "Text": "Meanwhile , integrated multidisciplinarypersonalized treatment was recommended to improve therapeutic effect .", "Evidence Elements": {"Participant": [], "Intervention": [{"term": "integrated multidisciplinarypersonalized treatment", "negation": "affirmed", "UMLS": "", "start": 12, "end": 62}], "Outcome": [{"term": "therapeutic", "negation": "affirmed", "UMLS": "", "start": 90, "end": 101}]}, "Evidence Propositions": []}, {"Section": "RESULTS", "Text": "The importance of early viralogical detection , dynamic monitoring of inflammatory indexes and chest radiograph was emphasized in clinical decision-making .", "Evidence Elements": {"Participant": [], "Intervention": [], "Outcome": []}, "Evidence Propositions": []}, {"Section": "RESULTS", "Text": "Sputum was observed with the highest positive rate of RT-PCR results .", "Evidence Elements": {"Participant": [], "Intervention": [{"term": "Sputum", "negation": "affirmed", "UMLS": "", "start": 0, "end": 6}], "Outcome": [{"term": "positive rate of RT-PCR results", "negation": "affirmed", "UMLS": "", "start": 37, "end": 68}]}, "Evidence Propositions": []}, {"Section": "RESULTS", "Text": "Viral nucleic acids could be detected in ##10 % patients ' blood samples at acute period ##and 50 % of patients had positive RT-PCR results in their feces .", "Evidence Elements": {"Participant": [{"term": "acute period", "negation": "affirmed", "UMLS": "", "start": 76, "end": 88}], "Intervention": [], "Outcome": [{"term": "Viral nucleic acids", "negation": "affirmed", "UMLS": "", "start": 0, "end": 19}]}, "Evidence Propositions": []}, {"Section": "RESULTS", "Text": "We also isolated alive viral strains from feces , indicating potential infectiousness of feces .", "Evidence Elements": {"Participant": [], "Intervention": [], "Outcome": [{"term": "alive", "negation": "affirmed", "UMLS": "", "start": 17, "end": 22}, {"term": "viral strains", "negation": "affirmed", "UMLS": "", "start": 23, "end": 36}, {"term": "infectiousness", "negation": "affirmed", "UMLS": "", "start": 71, "end": 85}]}, "Evidence Propositions": []}, {"Section": "RESULTS", "Text": "Dynamic cytokine detection was necessary to timely identifyingcytokine storms and application of artificial liver blood purification system .", "Evidence Elements": {"Participant": [], "Intervention": [], "Outcome": []}, "Evidence Propositions": []}, {"Section": "RESULTS", "Text": "The \" Four-Anti and Two-Balance \" strategyeffectively increased cure rate and reduced mortality .", "Evidence Elements": {"Participant": [], "Intervention": [{"term": "\" Four-Anti and Two-Balance \"", "negation": "affirmed", "UMLS": "", "start": 4, "end": 33}], "Outcome": [{"term": "cure rate", "negation": "affirmed", "UMLS": "", "start": 64, "end": 73}]}, "Evidence Propositions": []}, {"Section": "RESULTS", "Text": "Early antiviral treatment could alleviate disease severity and prevent illness progression , and we found lopinavir / ritonavir combined with abidol showed antiviraleffects in COVID-19 .", "Evidence Elements": {"Participant": [], "Intervention": [{"term": "ritonavir combined with abidol", "negation": "affirmed", "UMLS": "", "start": 118, "end": 148}], "Outcome": [{"term": "antiviraleffects", "negation": "affirmed", "UMLS": "", "start": 156, "end": 172}]}, "Evidence Propositions": []}, {"Section": "RESULTS", "Text": "Shock and hypoxemia were usually caused by cytokine storms .", "Evidence Elements": {"Participant": [], "Intervention": [], "Outcome": []}, "Evidence Propositions": []}, {"Section": "RESULTS", "Text": "The artificial liver blood purification system could rapidly remove inflammatory mediators and block cytokine storm .", "Evidence Elements": {"Participant": [], "Intervention": [], "Outcome": []}, "Evidence Propositions": []}, {"Section": "RESULTS", "Text": "Moreover , it also favoredthe balance of fluid , electrolyte and acid-base and thus improved treatment efficacy in critical illness .", "Evidence Elements": {"Participant": [], "Intervention": [], "Outcome": [{"term": "balance of fluid , electrolyte and acid-base", "negation": "affirmed", "UMLS": "", "start": 30, "end": 74}, {"term": "treatment efficacy", "negation": "affirmed", "UMLS": "", "start": 93, "end": 111}]}, "Evidence Propositions": []}, {"Section": "RESULTS", "Text": "For cases of severe illness , early and also short periods of moderate glucocorticoid was supported .", "Evidence Elements": {"Participant": [{"term": "severe illness", "negation": "affirmed", "UMLS": "", "start": 13, "end": 27}], "Intervention": [], "Outcome": []}, "Evidence Propositions": []}, {"Section": "CONCLUSIONS", "Text": "Patients with oxygenation index below 200 mmHg should be transferred to intensive medical center .", "Evidence Elements": {"Participant": [{"term": "oxygenation index", "negation": "affirmed", "UMLS": "", "start": 14, "end": 31}], "Intervention": [], "Outcome": []}, "Evidence Propositions": []}, {"Section": "CONCLUSIONS", "Text": "Conservative oxygen therapy was preferred and noninvasive ventilation was not recommended .", "Evidence Elements": {"Participant": [], "Intervention": [{"term": "Conservative oxygen therapy", "negation": "affirmed", "UMLS": "", "start": 0, "end": 27}, {"term": "noninvasive ventilation", "negation": "affirmed", "UMLS": "", "start": 46, "end": 69}], "Outcome": []}, "Evidence Propositions": []}, {"Section": "CONCLUSIONS", "Text": "Patients with mechanical ventilation should be strictly supervised with cluster ventilator-associated pneumonia prevention strategies .", "Evidence Elements": {"Participant": [], "Intervention": [], "Outcome": []}, "Evidence Propositions": []}, {"Section": "CONCLUSIONS", "Text": "Antimicrobial prophylaxis should be prescribed rationally and was not recommended except for patients with long course of disease , repeated fever and elevated procalcitonin ( PCT ) , meanwhile secondary fungal infection should be concerned .", "Evidence Elements": {"Participant": [], "Intervention": [], "Outcome": []}, "Evidence Propositions": []}, {"Section": "CONCLUSIONS", "Text": "Some patients with COVID-19 showed intestinal microbialdysbiosis with decreasedprobiotics such as Lactobacillus and Bifidobacterium .", "Evidence Elements": {"Participant": [{"term": "COVID-19", "negation": "affirmed", "UMLS": "", "start": 19, "end": 27}], "Intervention": [{"term": "Lactobacillus", "negation": "affirmed", "UMLS": "", "start": 98, "end": 111}, {"term": "Bifidobacterium", "negation": "affirmed", "UMLS": "", "start": 116, "end": 131}], "Outcome": [{"term": "intestinal microbialdysbiosis", "negation": "affirmed", "UMLS": "", "start": 35, "end": 64}]}, "Evidence Propositions": [{"Intervention": "Lactobacillus", "Observation": "decreasedprobiotics", "Outcome": "intestinal microbialdysbiosis", "Count": ""}, {"Intervention": "Bifidobacterium", "Observation": "decreasedprobiotics", "Outcome": "intestinal microbialdysbiosis", "Count": ""}]}, {"Section": "CONCLUSIONS", "Text": "Nutritional and gastrointestinal function should be assessed for all patients .", "Evidence Elements": {"Participant": [], "Intervention": [], "Outcome": [{"term": "Nutritional and gastrointestinal function", "negation": "affirmed", "UMLS": "", "start": 0, "end": 41}]}, "Evidence Propositions": []}, {"Section": "CONCLUSIONS", "Text": "Nutritional support and application of prebiotics or probiotics were suggested to regulate the balance of intestinal microbiota and reduce the risk of secondary infection due to bacterial translocation .", "Evidence Elements": {"Participant": [], "Intervention": [], "Outcome": []}, "Evidence Propositions": []}, {"Section": "CONCLUSIONS", "Text": "Anxiety and fear were common in patients with COVID-19 .", "Evidence Elements": {"Participant": [{"term": "COVID-19", "negation": "affirmed", "UMLS": "", "start": 46, "end": 54}], "Intervention": [], "Outcome": [{"term": "Anxiety", "negation": "affirmed", "UMLS": "", "start": 0, "end": 7}, {"term": "fear", "negation": "affirmed", "UMLS": "", "start": 12, "end": 16}]}, "Evidence Propositions": []}, {"Section": "CONCLUSIONS", "Text": "Therefore , we established dynamic assessment and warning for psychological crisis .", "Evidence Elements": {"Participant": [], "Intervention": [], "Outcome": [{"term": "dynamic assessment", "negation": "affirmed", "UMLS": "", "start": 27, "end": 45}, {"term": "for psychological", "negation": "affirmed", "UMLS": "", "start": 58, "end": 75}]}, "Evidence Propositions": []}, {"Section": "CONCLUSIONS", "Text": "We also integrated Chinese medicine in treatment to promote disease rehabilitation through classification methods of traditional Chinese medicine .", "Evidence Elements": {"Participant": [], "Intervention": [], "Outcome": []}, "Evidence Propositions": []}, {"Section": "CONCLUSIONS", "Text": "We optimized nursing process for severe patients to promote their rehabilitation .", "Evidence Elements": {"Participant": [{"term": "severe patients", "negation": "affirmed", "UMLS": "", "start": 33, "end": 48}], "Intervention": [{"term": "process", "negation": "affirmed", "UMLS": "", "start": 21, "end": 28}], "Outcome": [{"term": "rehabilitation", "negation": "affirmed", "UMLS": "", "start": 66, "end": 80}]}, "Evidence Propositions": []}, {"Section": "CONCLUSIONS", "Text": "It remained unclear about viral clearance pattern after the SARS-CoV-2 infection .", "Evidence Elements": {"Participant": [], "Intervention": [], "Outcome": [{"term": "clearance pattern", "negation": "affirmed", "UMLS": "", "start": 32, "end": 49}]}, "Evidence Propositions": []}, {"Section": "CONCLUSIONS", "Text": "Therefore , two weeks ' quarantine for discharged patients was required and a regular following up was also needed .", "Evidence Elements": {"Participant": [], "Intervention": [], "Outcome": []}, "Evidence Propositions": []}, {"Section": "CONCLUSIONS", "Text": "The Zhejiang experience above and suggestions have been implemented in our center and achieved good results .", "Evidence Elements": {"Participant": [], "Intervention": [], "Outcome": []}, "Evidence Propositions": []}, {"Section": "CONCLUSIONS", "Text": "However , since COVID-19 was a newly emerging disease , more work was warranted to improve strategies of prevention , diagnosis and treatment for COVID-19 .", "Evidence Elements": {"Participant": [], "Intervention": [], "Outcome": []}, "Evidence Propositions": []}]}