{"doc_id": "32120458", "type of study": "Therapy", "title": "", "abstract": "Objective: To explore the clinical characteristics and prognosis of the new coronavirus 2019-nCoV patients combined with cardiovascular disease (CVD).\nMethods: A retrospective analysis was performed on 112 COVID-19 patients with CVD admitted to the western district of Union Hospital in Wuhan, from January 20, 2020 to February 15, 2020.\nThey were divided into critical group (ICU, n=16) and general group (n=96) according to the severity of the disease and patients were followed up to the clinical endpoint.\nThe observation indicators included total blood count, C-reactive protein (CRP), arterial blood gas analysis, myocardial injury markers, coagulation function, liver and kidney function, electrolyte, procalcitonin (PCT), B-type natriuretic peptide (BNP), blood lipid, pulmonary CT and pathogen detection.\nResults: Compared with the general group, the lymphocyte count (0.74 (0.34, 0.94)x109/L vs. 0.99 (0.71, 1.29)x109/L, P=0.03) was extremely lower in the critical group, CRP (106.98 (81.57, 135.76) mg/L vs. 34.34 (9.55,76.54) mg/L, P<0.001) and PCT (0.20 (0.15,0.48) mug/L vs. 0.11 (0.06,0.20) mug/L, P<0.001) were significantly higher in the critical group.\nThe BMI of the critical group was significantly higher than that of the general group (25.5 (23.0, 27.5) kg/m2 vs. 22.0 (20.0, 24.0) kg/m2,P=0.003).\nPatients were further divided into non-survivor group (17, 15.18%) group and survivor group (95, 84.82%).\nAmong the non-survivors, there were 88.24% (15/17) patients with BMI> 25.0 kg/m2, which was significantly higher than that of survivors (18.95% (18/95), P<0.001).\nCompared with the survived patients, oxygenation index (130 (102, 415) vs. 434 (410, 444), P<0.001) was significantly lower and lactic acid (1.70 (1.30, 3.00) mmol/L vs. 1.20 (1.10, 1.60) mmol/L, P<0.001) was significantly higher in the non-survivors.\nThere was no significant difference in the proportion of ACEI/ARB medication between the critical group and the general group or between non-survivors and survivors (all P>0.05).\nConclusion: COVID-19 patients combined with CVD are associated with a higher risk of mortality.\nCritical patients are characterized with lower lymphocyte counts.\nHigher BMI are more often seen in critical patients and non-survivor.\nACEI/ARB use does not affect the morbidity and mortality of COVID-19 combined with CVD.\nAggravating causes of death include fulminant inflammation, lactic acid accumulation and thrombotic events.\n", "Evidence Map": {"Enrollment": [{"term": "cardiovascular disease", "negation": "affirmed", "UMLS": "", "start": 122, "end": 144}, {"term": "COVID-19", "negation": "affirmed", "UMLS": "", "start": 56, "end": 64}, {"term": "CVD", "negation": "affirmed", "UMLS": "", "start": 79, "end": 82}, {"term": "non-survivors", "negation": "affirmed", "UMLS": "", "start": 10, "end": 23}, {"term": "BMI > 25.0", "negation": "affirmed", "UMLS": "", "start": 71, "end": 81}, {"term": "m2", "negation": "affirmed", "UMLS": "", "start": 87, "end": 89}, {"term": "survivors", "negation": "negated", "UMLS": "", "start": 143, "end": 152}, {"term": "COVID-19", "negation": "affirmed", "UMLS": "", "start": 13, "end": 21}, {"term": "critical patients", "negation": "affirmed", "UMLS": "", "start": 34, "end": 51}, {"term": "non-survivor", "negation": "affirmed", "UMLS": "", "start": 56, "end": 68}, {"term": "COVID-19 combined with CVD", "negation": "negated", "UMLS": "", "start": 62, "end": 88}], "Comparison Results": [], "Study Arm 1 Results": [], "Study Arm 2 Results": []}, "Sentence-level breakdown": [{"Section": "TITLE", "Text": "Objective : To explore the clinical characteristics and prognosis of the new coronavirus 2019-nCoV patients combined with cardiovascular disease ( CVD ) .", "Evidence Elements": {"Participant": [{"term": "cardiovascular disease", "negation": "affirmed", "UMLS": "", "start": 122, "end": 144}], "Intervention": [{"term": "new coronavirus 2019-nCoV", "negation": "affirmed", "UMLS": "", "start": 73, "end": 98}], "Outcome": [{"term": "clinical characteristics", "negation": "affirmed", "UMLS": "", "start": 27, "end": 51}, {"term": "prognosis", "negation": "affirmed", "UMLS": "", "start": 56, "end": 65}]}, "Evidence Propositions": []}, {"Section": "METHODS", "Text": "Methods : A retrospective analysis was performed on 112 COVID-19 patients with CVD admitted to the western district of Union Hospital in Wuhan , from January 20 , 2020 to February 15 , 2020 .", "Evidence Elements": {"Participant": [{"term": "COVID-19", "negation": "affirmed", "UMLS": "", "start": 56, "end": 64}, {"term": "CVD", "negation": "affirmed", "UMLS": "", "start": 79, "end": 82}], "Intervention": [], "Outcome": []}, "Evidence Propositions": []}, {"Section": "METHODS", "Text": "They were divided into critical group ( ICU , n = 16 ) and general group ( n = 96 ) according to the severity of the disease and patients were followed up to the clinical endpoint .", "Evidence Elements": {"Participant": [], "Intervention": [], "Outcome": []}, "Evidence Propositions": []}, {"Section": "METHODS", "Text": "The observation indicators included total blood count , C-reactive protein ( CRP ) , arterial blood gas analysis , myocardial injury markers , coagulation function , liver and kidney function , electrolyte , procalcitonin ( PCT ) , B-type natriuretic peptide ( BNP ) , blood lipid , pulmonary CT and pathogen detection .", "Evidence Elements": {"Participant": [], "Intervention": [], "Outcome": [{"term": "observation indicators", "negation": "affirmed", "UMLS": "", "start": 4, "end": 26}, {"term": "total blood count", "negation": "affirmed", "UMLS": "", "start": 36, "end": 53}, {"term": "C-reactive protein ( CRP )", "negation": "affirmed", "UMLS": "", "start": 56, "end": 82}, {"term": "arterial blood gas analysis", "negation": "affirmed", "UMLS": "", "start": 85, "end": 112}, {"term": "myocardial injury markers", "negation": "affirmed", "UMLS": "", "start": 115, "end": 140}, {"term": "coagulation function", "negation": "affirmed", "UMLS": "", "start": 143, "end": 163}, {"term": "liver and kidney function", "negation": "affirmed", "UMLS": "", "start": 166, "end": 191}, {"term": "electrolyte", "negation": "affirmed", "UMLS": "", "start": 194, "end": 205}, {"term": "procalcitonin ( PCT )", "negation": "affirmed", "UMLS": "", "start": 208, "end": 229}]}, "Evidence Propositions": []}, {"Section": "RESULTS", "Text": "Results : Compared with the general group , the lymphocyte count ( 0.74 ( 0.34 , 0.94 ) x109 / L vs . 0.99 ( 0.71 , 1.29 ) x109 / L , P = 0.03 ) was extremely lower in the critical group , CRP ( 106.98 ( 81.57 , 135.76 ) mg / L vs . 34.34 ( 9.55 , 76.54 ) mg / L , P < 0.001 ) and PCT ( 0.20 ( 0.15 , 0.48 )", "Evidence Elements": {"Participant": [], "Intervention": [{"term": "general", "negation": "affirmed", "UMLS": "", "start": 28, "end": 35}, {"term": "critical", "negation": "affirmed", "UMLS": "", "start": 172, "end": 180}], "Outcome": [{"term": "lymphocyte count", "negation": "affirmed", "UMLS": "", "start": 48, "end": 64}, {"term": "CRP", "negation": "affirmed", "UMLS": "", "start": 189, "end": 192}]}, "Evidence Propositions": [{"Intervention": "general", "Observation": "0.74", "Outcome": "lymphocyte count", "Count": ""}, {"Intervention": ["critical"], "Observation": "extremely lower", "Outcome": "lymphocyte count", "Count": ""}, {"Intervention": ["critical"], "Observation": "extremely lower", "Outcome": "CRP", "Count": ""}]}, {"Section": "RESULTS", "Text": "The BMI of the critical group was significantly higher than that of the general group ( 25.5 ( 23.0 , 27.5 ) kg / m2 vs . 22.0 ( 20.0 , 24.0 ) kg / m2 , P = 0.003 ) .", "Evidence Elements": {"Participant": [], "Intervention": [{"term": "critical group", "negation": "affirmed", "UMLS": "", "start": 15, "end": 29}, {"term": "general group", "negation": "affirmed", "UMLS": "", "start": 72, "end": 85}], "Outcome": [{"term": "BMI", "negation": "affirmed", "UMLS": "", "start": 4, "end": 7}]}, "Evidence Propositions": [{"Intervention": ["critical group", "general group"], "Observation": "significantly higher", "Outcome": "BMI", "Count": ""}, {"Intervention": "critical group", "Observation": "25.5 ( 23.0", "Outcome": "BMI", "Count": ""}, {"Intervention": "general group", "Observation": "22.0", "Outcome": "BMI", "Count": ""}]}, {"Section": "RESULTS", "Text": "Patients were further divided into non-survivor group ( 17 , 15.18 % ) group and survivor group ( 95 , 84.82 % ) .", "Evidence Elements": {"Participant": [], "Intervention": [{"term": "non-survivor", "negation": "affirmed", "UMLS": "", "start": 35, "end": 47}], "Outcome": []}, "Evidence Propositions": []}, {"Section": "RESULTS", "Text": "Among the non-survivors , there were 88.24 % ( 15 / 17 ) patients with BMI > 25.0 kg / m2 , which was significantly higher than that of survivors ( 18.95 % ( 18 / 95 ) , P < 0.001 ) .", "Evidence Elements": {"Participant": [{"term": "non-survivors", "negation": "affirmed", "UMLS": "", "start": 10, "end": 23}, {"term": "BMI > 25.0", "negation": "affirmed", "UMLS": "", "start": 71, "end": 81}, {"term": "m2", "negation": "affirmed", "UMLS": "", "start": 87, "end": 89}], "Intervention": [], "Outcome": []}, "Evidence Propositions": []}, {"Section": "RESULTS", "Text": "Compared with the survived patients , oxygenation index ( 130 ( 102,415 ) vs . 434 ( 410,444 ) , P < 0.001 ) was significantly lower and lactic acid ( 1.70 ( 1.30 , 3.00 ) mmol / L vs . 1.20 ( 1.10 , 1.60 ) mmol / L , P < 0.001 ) was significantly higher in the non-survivors .", "Evidence Elements": {"Participant": [], "Intervention": [{"term": "survived", "negation": "affirmed", "UMLS": "", "start": 18, "end": 26}], "Outcome": [{"term": "oxygenation index", "negation": "affirmed", "UMLS": "", "start": 38, "end": 55}, {"term": "lactic acid", "negation": "affirmed", "UMLS": "", "start": 137, "end": 148}]}, "Evidence Propositions": [{"Intervention": "survived", "Observation": "130 ( 102,415 )", "Outcome": "oxygenation index", "Count": ""}, {"Intervention": ["survived"], "Observation": "significantly lower", "Outcome": "oxygenation index", "Count": ""}, {"Intervention": "survived", "Observation": "1.70 ( 1.30 , 3.00 )", "Outcome": "lactic acid", "Count": ""}]}, {"Section": "RESULTS", "Text": "There was no significant difference in the proportion of ACEI / ARB medication between the critical group and the general group or between non-survivors and survivors ( all P > 0.05 ) .", "Evidence Elements": {"Participant": [{"term": "survivors", "negation": "negated", "UMLS": "", "start": 143, "end": 152}], "Intervention": [{"term": "critical", "negation": "negated", "UMLS": "", "start": 91, "end": 99}, {"term": "general", "negation": "negated", "UMLS": "", "start": 114, "end": 121}, {"term": "non-survivors", "negation": "negated", "UMLS": "", "start": 139, "end": 152}], "Outcome": [{"term": "proportion of ACEI / ARB medication", "negation": "negated", "UMLS": "", "start": 43, "end": 78}]}, "Evidence Propositions": [{"Intervention": ["critical", "general", "non-survivors"], "Observation": "significant difference", "Outcome": "proportion of ACEI / ARB medication", "Count": ""}]}, {"Section": "CONCLUSIONS", "Text": "Conclusion : COVID-19 patients combined with CVD are associated with a higher risk of mortality .", "Evidence Elements": {"Participant": [{"term": "COVID-19", "negation": "affirmed", "UMLS": "", "start": 13, "end": 21}], "Intervention": [{"term": "combined with CVD", "negation": "affirmed", "UMLS": "", "start": 31, "end": 48}], "Outcome": [{"term": "risk of", "negation": "affirmed", "UMLS": "", "start": 78, "end": 85}]}, "Evidence Propositions": []}, {"Section": "CONCLUSIONS", "Text": "Critical patients are characterized with lower lymphocyte counts .", "Evidence Elements": {"Participant": [], "Intervention": [], "Outcome": []}, "Evidence Propositions": []}, {"Section": "CONCLUSIONS", "Text": "Higher BMI are more often seen in critical patients and non-survivor .", "Evidence Elements": {"Participant": [{"term": "critical patients", "negation": "affirmed", "UMLS": "", "start": 34, "end": 51}, {"term": "non-survivor", "negation": "affirmed", "UMLS": "", "start": 56, "end": 68}], "Intervention": [], "Outcome": [{"term": "Higher BMI", "negation": "affirmed", "UMLS": "", "start": 0, "end": 10}]}, "Evidence Propositions": [{"Intervention": [], "Observation": "more often", "Outcome": "Higher BMI", "Count": ""}]}, {"Section": "CONCLUSIONS", "Text": "ACEI / ARB use does not affect the morbidity and mortality of COVID-19 combined with CVD .", "Evidence Elements": {"Participant": [{"term": "COVID-19 combined with CVD", "negation": "negated", "UMLS": "", "start": 62, "end": 88}], "Intervention": [{"term": "ARB", "negation": "affirmed", "UMLS": "", "start": 7, "end": 10}], "Outcome": [{"term": "morbidity", "negation": "negated", "UMLS": "", "start": 35, "end": 44}, {"term": "mortality", "negation": "negated", "UMLS": "", "start": 49, "end": 58}]}, "Evidence Propositions": [{"Intervention": "ARB", "Observation": "affect", "Outcome": "morbidity", "Count": ""}, {"Intervention": "ARB", "Observation": "affect", "Outcome": "mortality", "Count": ""}]}, {"Section": "CONCLUSIONS", "Text": "Aggravating causes of death include fulminant inflammation , lactic acid accumulation and thrombotic events .", "Evidence Elements": {"Participant": [], "Intervention": [], "Outcome": []}, "Evidence Propositions": []}]}