{"doc_id": "32120929", "type of study": "Therapy", "title": "", "abstract": "Strobilanthes cusia (Nees) Kuntze is a Chinese herbal medicine used in the treatment of respiratory virus infections.\nThe methanol extract of S. cusia leaf contains chemical components such as beta-sitosterol, indirubin, tryptanthrin, betulin, indigodole A, and indigodole B that have diverse biological activities.\nHowever, the antiviral action of S. cusia leaf and its components against human coronavirus remains to be elucidated.\nHuman coronavirus NL63 infection is frequent among immunocompromised individuals, young children, and in the elderly.\nThis study investigated the anti-Human coronavirus NL63 (HCoV-NL63) activity of the methanol extract of S. cusia leaf and its major components.\nThe methanol extract of S. cusia leaf effectively inhibited the cytopathic effect (CPE) and virus yield (IC50 = 0.64 mug/mL) in HCoV-NL63-infected cells.\nMoreover, this extract potently inhibited the HCoV-NL63 infection in a concentration-dependent manner.\nAmong the six components identified in the methanol extract of S. cusia leaf, tryptanthrin and indigodole B (5aR-ethyltryptanthrin) exhibited potent antiviral activity in reducing the CPE and progeny virus production.\nThe IC50 values against virus yield were 1.52 muM and 2.60 muM for tryptanthrin and indigodole B, respectively.\nDifferent modes of time-of-addition/removal assay indicated that tryptanthrin prevented the early and late stages of HCoV-NL63 replication, particularly by blocking viral RNA genome synthesis and papain-like protease 2 activity.\nNotably, tryptanthrin (IC50 = 0.06 muM) and indigodole B (IC50 = 2.09 muM) exhibited strong virucidal activity as well.\nThis study identified tryptanthrin as the key active component of S. cusia leaf methanol extract that acted against HCoV-NL63 in a cell-type independent manner.\nThe results specify that tryptanthrin possesses antiviral potential against HCoV-NL63 infection.\n", "Evidence Map": {"Enrollment": [{"term": "HCoV-NL63", "negation": "affirmed", "UMLS": "", "start": 116, "end": 125}], "Comparison Results": [], "Study Arm 1 Results": [], "Study Arm 2 Results": []}, "Sentence-level breakdown": [{"Section": "TITLE", "Text": "Strobilanthes cusia ( Nees ) Kuntze is a Chinese herbal medicine used in the treatment of respiratory virus infections .", "Evidence Elements": {"Participant": [], "Intervention": [], "Outcome": []}, "Evidence Propositions": []}, {"Section": "OBJECTIVE", "Text": "This study investigated the anti-Human coronavirus NL63 ( HCoV-NL63 ) activity of the methanol extract of S. cusia leaf and its major components .", "Evidence Elements": {"Participant": [], "Intervention": [{"term": "methanol extract of S. cusia leaf", "negation": "affirmed", "UMLS": "", "start": 86, "end": 119}], "Outcome": [{"term": "anti-Human coronavirus NL63 ( HCoV-NL63 ) activity", "negation": "affirmed", "UMLS": "", "start": 28, "end": 78}]}, "Evidence Propositions": []}, {"Section": "RESULTS", "Text": "The methanol extract of S. cusia leaf effectively inhibited the cytopathic effect ( CPE ) and virus yield ( IC50 = 0.64 mug / mL ) in HCoV-NL63-infected cells .", "Evidence Elements": {"Participant": [], "Intervention": [{"term": "methanol extract of S. cusia leaf", "negation": "affirmed", "UMLS": "", "start": 4, "end": 37}], "Outcome": [{"term": "cytopathic effect ( CPE )", "negation": "affirmed", "UMLS": "", "start": 64, "end": 89}, {"term": "virus yield", "negation": "affirmed", "UMLS": "", "start": 94, "end": 105}]}, "Evidence Propositions": []}, {"Section": "RESULTS", "Text": "Moreover , this extract potently inhibited the HCoV-NL63 infection in a concentration-dependent manner .", "Evidence Elements": {"Participant": [], "Intervention": [{"term": "extract", "negation": "affirmed", "UMLS": "", "start": 16, "end": 23}], "Outcome": [{"term": "HCoV-NL63 infection", "negation": "affirmed", "UMLS": "", "start": 47, "end": 66}]}, "Evidence Propositions": []}, {"Section": "RESULTS", "Text": "Among the six components identified in the methanol extract of S. cusia leaf , tryptanthrin and indigodole B ( 5aR-ethyltryptanthrin ) exhibited potent antiviral activity in reducing the CPE and progeny virus production .", "Evidence Elements": {"Participant": [], "Intervention": [{"term": "S. cusia leaf", "negation": "affirmed", "UMLS": "", "start": 63, "end": 76}, {"term": "tryptanthrin", "negation": "affirmed", "UMLS": "", "start": 79, "end": 91}, {"term": "indigodole B ( 5aR-ethyltryptanthrin )", "negation": "affirmed", "UMLS": "", "start": 96, "end": 134}], "Outcome": [{"term": "antiviral activity", "negation": "affirmed", "UMLS": "", "start": 152, "end": 170}, {"term": "CPE", "negation": "affirmed", "UMLS": "", "start": 187, "end": 190}]}, "Evidence Propositions": [{"Intervention": "tryptanthrin", "Observation": "reducing", "Outcome": "CPE", "Count": ""}, {"Intervention": "indigodole B ( 5aR-ethyltryptanthrin )", "Observation": "reducing", "Outcome": "CPE", "Count": ""}]}, {"Section": "RESULTS", "Text": "The IC50 values against virus yield were 1.52 muM and 2.60 muM for tryptanthrin and indigodole B , respectively .", "Evidence Elements": {"Participant": [], "Intervention": [{"term": "tryptanthrin", "negation": "affirmed", "UMLS": "", "start": 67, "end": 79}, {"term": "indigodole B", "negation": "affirmed", "UMLS": "", "start": 84, "end": 96}], "Outcome": [{"term": "IC50 values against virus yield", "negation": "affirmed", "UMLS": "", "start": 4, "end": 35}]}, "Evidence Propositions": [{"Intervention": "tryptanthrin", "Observation": "1.52 muM", "Outcome": "IC50 values against virus yield", "Count": ""}, {"Intervention": "indigodole B", "Observation": "2.60 muM", "Outcome": "IC50 values against virus yield", "Count": ""}]}, {"Section": "RESULTS", "Text": "Different modes of time-of-addition / removal assay indicated that tryptanthrin prevented the early and late stages of HCoV-NL63 replication , particularly by blocking viral RNA genome synthesis and papain-like protease 2 activity .", "Evidence Elements": {"Participant": [], "Intervention": [{"term": "tryptanthrin", "negation": "affirmed", "UMLS": "", "start": 67, "end": 79}], "Outcome": [{"term": "early and late stages of HCoV-NL63 replication", "negation": "affirmed", "UMLS": "", "start": 94, "end": 140}, {"term": "viral RNA genome synthesis", "negation": "affirmed", "UMLS": "", "start": 168, "end": 194}, {"term": "papain-like protease 2", "negation": "affirmed", "UMLS": "", "start": 199, "end": 221}]}, "Evidence Propositions": []}, {"Section": "RESULTS", "Text": "Notably , tryptanthrin ( IC50 = 0.06 muM ) and indigodole B ( IC50 = 2.09 muM ) exhibited strong virucidal activity as well .", "Evidence Elements": {"Participant": [], "Intervention": [{"term": "tryptanthrin", "negation": "affirmed", "UMLS": "", "start": 10, "end": 22}, {"term": "indigodole B", "negation": "affirmed", "UMLS": "", "start": 47, "end": 59}], "Outcome": []}, "Evidence Propositions": []}, {"Section": "CONCLUSIONS", "Text": "This study identified tryptanthrin as the key active component of S. cusia leaf methanol extract that acted against HCoV-NL63 in a cell-type independent manner .", "Evidence Elements": {"Participant": [{"term": "HCoV-NL63", "negation": "affirmed", "UMLS": "", "start": 116, "end": 125}], "Intervention": [{"term": "tryptanthrin", "negation": "affirmed", "UMLS": "", "start": 22, "end": 34}, {"term": "S. cusia leaf methanol extract", "negation": "affirmed", "UMLS": "", "start": 66, "end": 96}], "Outcome": []}, "Evidence Propositions": []}, {"Section": "CONCLUSIONS", "Text": "The results specify that tryptanthrin possesses antiviral potential against HCoV-NL63 infection .", "Evidence Elements": {"Participant": [], "Intervention": [{"term": "tryptanthrin", "negation": "affirmed", "UMLS": "", "start": 25, "end": 37}], "Outcome": [{"term": "HCoV-NL63 infection", "negation": "affirmed", "UMLS": "", "start": 76, "end": 95}]}, "Evidence Propositions": [{"Intervention": "tryptanthrin", "Observation": "antiviral potential", "Outcome": "HCoV-NL63 infection", "Count": ""}]}]}