{"doc_id": "32164086", "type of study": "Therapy", "title": "", "abstract": "Severe acute respiratory infection (SARI) diseases (such as SARS, MERS, pH1N1) can rapidly progress to acute respiratory failure with high lethality.\nThe outbreak of a novel coronavirus infection can lead to 15%~ 30% patients developing into acute respiratory distress syndrome (ARDS).\nRespiratory support is the most important therapy for SARI patients with respiratory failure.\nHowever, respiratory support is a high skilled technology, which means inappropriate application may bring related complications and cross infection of SARI pathogens among medical staff and non-medical personnel in hospital.\nTherefore, it is meaningful to established a standardized indication of respiratory support and to prevent related nosocomial transmission in SARI patients.\n", "Evidence Map": {"Enrollment": [{"term": "SARI", "negation": "affirmed", "UMLS": "", "start": 54, "end": 58}, {"term": "respiratory failure", "negation": "affirmed", "UMLS": "", "start": 73, "end": 92}], "Comparison Results": [], "Study Arm 1 Results": [], "Study Arm 2 Results": []}, "Sentence-level breakdown": [{"Section": "TITLE", "Text": "Severe acute respiratory infection ( SARI ) diseases ( such as SARS , MERS , pH1N1 ) can rapidly progress to acute respiratory failure with high lethality .", "Evidence Elements": {"Participant": [], "Intervention": [], "Outcome": []}, "Evidence Propositions": []}, {"Section": "CONCLUSIONS", "Text": "The outbreak of a novel coronavirus infection can lead to 15 % ~ 30 % patients developing into acute respiratory distress syndrome ( ARDS ) .", "Evidence Elements": {"Participant": [], "Intervention": [], "Outcome": []}, "Evidence Propositions": []}, {"Section": "CONCLUSIONS", "Text": "Respiratory support is the most important therapy for SARI patients with respiratory failure .", "Evidence Elements": {"Participant": [{"term": "SARI", "negation": "affirmed", "UMLS": "", "start": 54, "end": 58}, {"term": "respiratory failure", "negation": "affirmed", "UMLS": "", "start": 73, "end": 92}], "Intervention": [{"term": "Respiratory support", "negation": "affirmed", "UMLS": "", "start": 0, "end": 19}], "Outcome": []}, "Evidence Propositions": [{"Intervention": ["Respiratory support"], "Observation": "most important", "Outcome": "", "Count": ""}]}, {"Section": "CONCLUSIONS", "Text": "However , respiratory support is a high skilled technology , which means inappropriate application may bring related complications and cross infection of SARI pathogens among medical staff and non-medical personnel in hospital .", "Evidence Elements": {"Participant": [], "Intervention": [], "Outcome": []}, "Evidence Propositions": []}, {"Section": "CONCLUSIONS", "Text": "Therefore , it is meaningful to established a standardized indication of respiratory support and to prevent related nosocomial transmission in SARI patients .", "Evidence Elements": {"Participant": [], "Intervention": [], "Outcome": []}, "Evidence Propositions": []}]}