{"doc_id": "32176772", "type of study": "Therapy", "title": "", "abstract": "From December 2019 to February 2020, 2019 severe acute respiratory syndrome coronavirus 2 (SARS-CoV-2) has caused a serious outbreak of coronavirus disease 2019 (COVID-19) in Wuhan, China.\nRelated clinical features are needed.\nWe reviewed 69 patients who were hospitalized in Union hospital in Wuhan between January 16 to January 29, 2020.\nAll patients were confirmed to be infected with SARS-CoV-2 and the final date of follow-up was February 4, 2020.\nThe median age of 69 enrolled patients was 42.0 years (IQR 35.0-62.0), and 32 patients (46%) were men.\nThe most common symptoms were fever (60[87%]), cough (38[55%]), and fatigue (29[42%]).\nMost patients received antiviral therapy (66 [98.5%] of 67 patients) and antibiotic therapy (66 [98.5%] of 67 patients).\nAs of February 4, 2020, 18 (26.9%) of 67 patients had been discharged, and five patients had died, with a mortality rate of 7.5%.\nAccording to the lowest SpO2 during admission, cases were divided into the SpO2>=90% group (n=55) and the SpO2<90% group (n=14).\nAll 5 deaths occurred in the SpO2<90% group.\nCompared with SpO2>=90% group, patients of the SpO2<90% group were older, and showed more comorbidities and higher plasma levels of IL6, IL10, lactate dehydrogenase, and c reactive protein.\nArbidol treatment showed tendency to improve the discharging rate and decrease the mortality rate.\nCOVID-19 appears to show frequent fever, dry cough, and increase of inflammatory cytokines, and induced a mortality rate of 7.5%.\nOlder patients or those with underlying comorbidities are at higher risk of death.\n", "Evidence Map": {"Enrollment": [{"term": "hospitalized", "negation": "affirmed", "UMLS": "", "start": 33, "end": 45}, {"term": "Union hospital", "negation": "affirmed", "UMLS": "", "start": 49, "end": 63}, {"term": "SARS-CoV-2", "negation": "affirmed", "UMLS": "", "start": 48, "end": 58}, {"term": "fever", "negation": "affirmed", "UMLS": "", "start": 30, "end": 35}, {"term": "COVID-19", "negation": "affirmed", "UMLS": "", "start": 0, "end": 8}, {"term": "Older patients", "negation": "affirmed", "UMLS": "", "start": 0, "end": 14}, {"term": "underlying comorbidities", "negation": "affirmed", "UMLS": "", "start": 29, "end": 53}], "Comparison Results": [], "Study Arm 1 Results": [], "Study Arm 2 Results": []}, "Sentence-level breakdown": [{"Section": "TITLE", "Text": "From December 2019 to February 2020 , 2019 severe acute respiratory syndrome coronavirus 2 ( SARS-CoV-2 ) has caused a serious outbreak of coronavirus disease 2019 ( COVID-19 ) in Wuhan , China .", "Evidence Elements": {"Participant": [], "Intervention": [], "Outcome": []}, "Evidence Propositions": []}, {"Section": "METHODS", "Text": "We reviewed 69 patients who were hospitalized in Union hospital in Wuhan between January 16 to January 29 , 2020 .", "Evidence Elements": {"Participant": [{"term": "hospitalized", "negation": "affirmed", "UMLS": "", "start": 33, "end": 45}, {"term": "Union hospital", "negation": "affirmed", "UMLS": "", "start": 49, "end": 63}], "Intervention": [], "Outcome": []}, "Evidence Propositions": []}, {"Section": "METHODS", "Text": "All patients were confirmed to be infected with SARS-CoV-2 and the final date of follow-up was February 4 , 2020 .", "Evidence Elements": {"Participant": [{"term": "SARS-CoV-2", "negation": "affirmed", "UMLS": "", "start": 48, "end": 58}], "Intervention": [], "Outcome": []}, "Evidence Propositions": []}, {"Section": "RESULTS", "Text": "The median age of 69 enrolled patients was 42.0 years ( IQR 35.0-62.0 ) , and 32 patients ( 46 % ) were men .", "Evidence Elements": {"Participant": [], "Intervention": [], "Outcome": []}, "Evidence Propositions": []}, {"Section": "RESULTS", "Text": "The most common symptoms were fever ( 60 [ 87 % ] ) , cough ( 38 [ 55 % ] ) , and fatigue ( 29 [ 42 % ] ) .", "Evidence Elements": {"Participant": [{"term": "fever", "negation": "affirmed", "UMLS": "", "start": 30, "end": 35}], "Intervention": [], "Outcome": []}, "Evidence Propositions": []}, {"Section": "RESULTS", "Text": "Most patients received antiviral therapy ( 66 [ 98.5 % ] of 67 patients ) and antibiotic therapy ( 66 [ 98.5 % ] of 67 patients ) .", "Evidence Elements": {"Participant": [], "Intervention": [{"term": "antiviral therapy", "negation": "affirmed", "UMLS": "", "start": 23, "end": 40}, {"term": "antibiotic therapy", "negation": "affirmed", "UMLS": "", "start": 78, "end": 96}], "Outcome": []}, "Evidence Propositions": []}, {"Section": "RESULTS", "Text": "As of February 4 , 2020 , 18 ( 26.9 % ) of 67 patients had been discharged , and five patients had died , with a mortality rate of 7.5 % .", "Evidence Elements": {"Participant": [], "Intervention": [], "Outcome": [{"term": "discharged", "negation": "affirmed", "UMLS": "", "start": 64, "end": 74}, {"term": "died", "negation": "affirmed", "UMLS": "", "start": 99, "end": 103}]}, "Evidence Propositions": []}, {"Section": "RESULTS", "Text": "According to the lowest SpO2 during admission , cases were divided into the SpO2 > = 90 % group ( n = 55 ) and the SpO2 < 90 % group ( n = 14 ) .", "Evidence Elements": {"Participant": [], "Intervention": [{"term": "SpO2 > = 90 %", "negation": "affirmed", "UMLS": "", "start": 76, "end": 89}], "Outcome": [{"term": "lowest SpO2", "negation": "affirmed", "UMLS": "", "start": 17, "end": 28}]}, "Evidence Propositions": []}, {"Section": "RESULTS", "Text": "All 5 deaths occurred in the SpO2 < 90 % group .", "Evidence Elements": {"Participant": [], "Intervention": [{"term": "SpO2 <", "negation": "affirmed", "UMLS": "", "start": 29, "end": 35}], "Outcome": [{"term": "deaths", "negation": "affirmed", "UMLS": "", "start": 6, "end": 12}]}, "Evidence Propositions": []}, {"Section": "RESULTS", "Text": "Compared with SpO2 > = 90 % group , patients of the SpO2 < 90 % group were older , and showed more comorbidities and higher plasma levels of IL6 , IL10 , lactate dehydrogenase , and c reactive protein .", "Evidence Elements": {"Participant": [], "Intervention": [{"term": "SpO2 > = 90 %", "negation": "affirmed", "UMLS": "", "start": 14, "end": 27}, {"term": "SpO2 < 90 %", "negation": "affirmed", "UMLS": "", "start": 52, "end": 63}], "Outcome": [{"term": "comorbidities", "negation": "affirmed", "UMLS": "", "start": 99, "end": 112}, {"term": "plasma levels", "negation": "affirmed", "UMLS": "", "start": 124, "end": 137}]}, "Evidence Propositions": [{"Intervention": ["SpO2 > = 90 %", "SpO2 < 90 %"], "Observation": "older", "Outcome": "", "Count": ""}, {"Intervention": [], "Observation": "more", "Outcome": "", "Count": ""}, {"Intervention": [], "Observation": "higher", "Outcome": "", "Count": ""}]}, {"Section": "RESULTS", "Text": "Arbidol treatment showed tendency to improve the discharging rate and decrease the mortality rate .", "Evidence Elements": {"Participant": [], "Intervention": [{"term": "Arbidol", "negation": "affirmed", "UMLS": "", "start": 0, "end": 7}], "Outcome": [{"term": "discharging rate", "negation": "affirmed", "UMLS": "", "start": 49, "end": 65}, {"term": "mortality rate", "negation": "affirmed", "UMLS": "", "start": 83, "end": 97}]}, "Evidence Propositions": [{"Intervention": "Arbidol", "Observation": "improve", "Outcome": "discharging rate", "Count": ""}, {"Intervention": "Arbidol", "Observation": "decrease", "Outcome": "mortality rate", "Count": ""}]}, {"Section": "CONCLUSIONS", "Text": "COVID-19 appears to show frequent fever , dry cough , and increase of inflammatory cytokines , and induced a mortality rate of 7.5 % .", "Evidence Elements": {"Participant": [{"term": "COVID-19", "negation": "affirmed", "UMLS": "", "start": 0, "end": 8}], "Intervention": [], "Outcome": [{"term": "fever", "negation": "affirmed", "UMLS": "", "start": 34, "end": 39}, {"term": "dry cough", "negation": "affirmed", "UMLS": "", "start": 42, "end": 51}, {"term": "inflammatory cytokines", "negation": "affirmed", "UMLS": "", "start": 70, "end": 92}, {"term": "mortality", "negation": "affirmed", "UMLS": "", "start": 109, "end": 118}]}, "Evidence Propositions": []}, {"Section": "CONCLUSIONS", "Text": "Older patients or those with underlying comorbidities are at higher risk of death .", "Evidence Elements": {"Participant": [{"term": "Older patients", "negation": "affirmed", "UMLS": "", "start": 0, "end": 14}, {"term": "underlying comorbidities", "negation": "affirmed", "UMLS": "", "start": 29, "end": 53}], "Intervention": [], "Outcome": [{"term": "risk of death", "negation": "affirmed", "UMLS": "", "start": 68, "end": 81}]}, "Evidence Propositions": []}]}