{"doc_id": "32193831", "type of study": "Therapy", "title": "", "abstract": "An outbreak of coronavirus disease 2019 (COVID-19) caused by SARS-CoV-2 was first detected in Wuhan, Hubei, China.\nPeople of all ages are susceptible to SARS-CoV-2 infection.\nNo information on severe pediatric patients with COVID-19 has been reported.\nWe aimed to describe the clinical features of severe pediatric patients with COVID-19.\nWe included eight severe or critically ill patients with COVID-19 who were treated at the Intensive Care Unit (ICU), Wuhan Children's Hospital from January 24 to February 24.\nWe collected information including demographic data, symptoms, imaging data, laboratory findings, treatments and clinical outcomes of the patients with severe COVID-19.\nThe onset age of the eight patients ranged from 2 months to 15 years; six were boys.\nThe most common symptoms were polypnea (8/8), followed by fever (6/8) and cough (6/8).\nChest imaging showed multiple patch-like shadows in seven patients and ground-glass opacity in six.\nLaboratory findings revealed normal or increased whole blood counts (7/8), increased C-reactive protein, procalcitonin and lactate dehydrogenase (6/8), and abnormal liver function (4/8).\nOther findings included decreased CD16 + CD56 (4/8) and Th/Ts*(1/8), increased CD3 (2/8), CD4 (4/8) and CD8 (1/8), IL-6 (2/8), IL-10 (5/8) and IFN-gamma (2/8).\nTreatment modalities were focused on symptomatic and respiratory support.\nTwo critically ill patients underwent invasive mechanical ventilation.\nUp to February 24, 2020, three patients remained under treatment in ICU, the other five recovered and were discharged home.\nIn this series of severe pediatric patients in Wuhan, polypnea was the most common symptom, followed by fever and cough.\nCommon imaging changes included multiple patch-like shadows and ground-glass opacity; and a cytokine storm was found in these patients, which appeared more serious in critically ill patients.\n", "Evidence Map": {"Enrollment": [{"term": "severe pediatric patients", "negation": "negated", "UMLS": "", "start": 18, "end": 43}, {"term": "COVID-19", "negation": "negated", "UMLS": "", "start": 49, "end": 57}, {"term": "severe pediatric", "negation": "affirmed", "UMLS": "", "start": 46, "end": 62}, {"term": "COVID-19", "negation": "affirmed", "UMLS": "", "start": 77, "end": 85}, {"term": "severe or critically ill", "negation": "affirmed", "UMLS": "", "start": 18, "end": 42}, {"term": "COVID-19", "negation": "affirmed", "UMLS": "", "start": 57, "end": 65}, {"term": "polypnea", "negation": "affirmed", "UMLS": "", "start": 30, "end": 38}, {"term": "fever", "negation": "affirmed", "UMLS": "", "start": 63, "end": 68}, {"term": "critically ill", "negation": "affirmed", "UMLS": "", "start": 4, "end": 18}, {"term": "invasive mechanical ventilation", "negation": "affirmed", "UMLS": "", "start": 38, "end": 69}, {"term": "severe pediatric", "negation": "affirmed", "UMLS": "", "start": 18, "end": 34}, {"term": "critically", "negation": "affirmed", "UMLS": "", "start": 169, "end": 179}], "Comparison Results": [], "Study Arm 1 Results": [], "Study Arm 2 Results": []}, "Sentence-level breakdown": [{"Section": "TITLE", "Text": "An outbreak of coronavirus disease 2019 ( COVID-19 ) caused by SARS-CoV-2 was first detected in Wuhan , Hubei , China .", "Evidence Elements": {"Participant": [], "Intervention": [], "Outcome": []}, "Evidence Propositions": []}, {"Section": "OBJECTIVE", "Text": "We aimed to describe the clinical features of severe pediatric patients with COVID-19 .", "Evidence Elements": {"Participant": [{"term": "severe pediatric", "negation": "affirmed", "UMLS": "", "start": 46, "end": 62}, {"term": "COVID-19", "negation": "affirmed", "UMLS": "", "start": 77, "end": 85}], "Intervention": [], "Outcome": [{"term": "clinical features", "negation": "affirmed", "UMLS": "", "start": 25, "end": 42}]}, "Evidence Propositions": []}, {"Section": "METHODS", "Text": "We included eight severe or critically ill patients with COVID-19 who were treated at the Intensive Care Unit ( ICU ) , Wuhan Children 's Hospital from January 24 to February 24 .", "Evidence Elements": {"Participant": [{"term": "severe or critically ill", "negation": "affirmed", "UMLS": "", "start": 18, "end": 42}, {"term": "COVID-19", "negation": "affirmed", "UMLS": "", "start": 57, "end": 65}], "Intervention": [], "Outcome": []}, "Evidence Propositions": []}, {"Section": "METHODS", "Text": "We collected information including demographic data , symptoms , imaging data , laboratory findings , treatments and clinical outcomes of the patients with severe COVID-19 .", "Evidence Elements": {"Participant": [], "Intervention": [], "Outcome": [{"term": "symptoms", "negation": "affirmed", "UMLS": "", "start": 54, "end": 62}, {"term": "imaging", "negation": "affirmed", "UMLS": "", "start": 65, "end": 72}, {"term": "laboratory", "negation": "affirmed", "UMLS": "", "start": 80, "end": 90}, {"term": "treatments", "negation": "affirmed", "UMLS": "", "start": 102, "end": 112}, {"term": "clinical", "negation": "affirmed", "UMLS": "", "start": 117, "end": 125}]}, "Evidence Propositions": []}, {"Section": "RESULTS", "Text": "The onset age of the eight patients ranged from 2 months to 15 years ; six were boys .", "Evidence Elements": {"Participant": [], "Intervention": [], "Outcome": []}, "Evidence Propositions": []}, {"Section": "RESULTS", "Text": "The most common symptoms were polypnea ( 8 / 8 ) , followed by fever ( 6 / 8 ) and cough ( 6 / 8 ) .", "Evidence Elements": {"Participant": [{"term": "polypnea", "negation": "affirmed", "UMLS": "", "start": 30, "end": 38}, {"term": "fever", "negation": "affirmed", "UMLS": "", "start": 63, "end": 68}], "Intervention": [], "Outcome": []}, "Evidence Propositions": []}, {"Section": "RESULTS", "Text": "Chest imaging showed multiple patch-like shadows in seven patients and ground-glass opacity in six .", "Evidence Elements": {"Participant": [], "Intervention": [], "Outcome": [{"term": "multiple patch-like shadows", "negation": "affirmed", "UMLS": "", "start": 21, "end": 48}, {"term": "ground-glass opacity", "negation": "affirmed", "UMLS": "", "start": 71, "end": 91}]}, "Evidence Propositions": []}, {"Section": "RESULTS", "Text": "Laboratory findings revealed normal or increased whole blood counts ( 7 / 8 ) , increased C-reactive protein , procalcitonin and lactate dehydrogenase ( 6 / 8 ) , and abnormal liver function ( 4 / 8 ) .", "Evidence Elements": {"Participant": [], "Intervention": [], "Outcome": [{"term": "whole blood counts", "negation": "affirmed", "UMLS": "", "start": 49, "end": 67}, {"term": "C-reactive protein", "negation": "affirmed", "UMLS": "", "start": 90, "end": 108}, {"term": "procalcitonin", "negation": "affirmed", "UMLS": "", "start": 111, "end": 124}, {"term": "lactate dehydrogenase", "negation": "affirmed", "UMLS": "", "start": 129, "end": 150}]}, "Evidence Propositions": []}, {"Section": "RESULTS", "Text": "Other findings included decreased CD16+ CD56 ( 4 / 8 ) and Th / Ts* ( 1 / 8 ) , increased CD3 ( 2 / 8 ) , CD4 ( 4 / 8 ) and CD8 ( 1 / 8 ) , IL-6 ( 2 / 8 ) , IL-10 ( 5 / 8 ) and IFN-gamma ( 2 / 8 ) .", "Evidence Elements": {"Participant": [], "Intervention": [], "Outcome": [{"term": "CD16+ CD56", "negation": "affirmed", "UMLS": "", "start": 34, "end": 44}, {"term": "Ts*", "negation": "affirmed", "UMLS": "", "start": 64, "end": 67}, {"term": "CD3", "negation": "affirmed", "UMLS": "", "start": 90, "end": 93}, {"term": "CD4", "negation": "affirmed", "UMLS": "", "start": 106, "end": 109}, {"term": "CD8", "negation": "affirmed", "UMLS": "", "start": 124, "end": 127}]}, "Evidence Propositions": []}, {"Section": "RESULTS", "Text": "Treatment modalities were focused on symptomatic and respiratory support .", "Evidence Elements": {"Participant": [], "Intervention": [], "Outcome": []}, "Evidence Propositions": []}, {"Section": "RESULTS", "Text": "Two critically ill patients underwent invasive mechanical ventilation .", "Evidence Elements": {"Participant": [{"term": "critically ill", "negation": "affirmed", "UMLS": "", "start": 4, "end": 18}, {"term": "invasive mechanical ventilation", "negation": "affirmed", "UMLS": "", "start": 38, "end": 69}], "Intervention": [], "Outcome": []}, "Evidence Propositions": []}, {"Section": "RESULTS", "Text": "Up to February 24 , 2020 , three patients remained under treatment in ICU , the other five recovered and were discharged home .", "Evidence Elements": {"Participant": [], "Intervention": [], "Outcome": [{"term": "recovered", "negation": "affirmed", "UMLS": "", "start": 91, "end": 100}]}, "Evidence Propositions": []}, {"Section": "CONCLUSIONS", "Text": "In this series of severe pediatric patients in Wuhan , polypnea was the most common symptom , followed by fever and cough .", "Evidence Elements": {"Participant": [{"term": "severe pediatric", "negation": "affirmed", "UMLS": "", "start": 18, "end": 34}], "Intervention": [], "Outcome": [{"term": "polypnea", "negation": "affirmed", "UMLS": "", "start": 55, "end": 63}, {"term": "fever", "negation": "affirmed", "UMLS": "", "start": 106, "end": 111}]}, "Evidence Propositions": [{"Intervention": [], "Observation": "most common", "Outcome": "polypnea", "Count": ""}]}, {"Section": "CONCLUSIONS", "Text": "Common imaging changes included multiple patch-like shadows and ground-glass opacity ; and a cytokine storm was found in these patients , which appeared more serious in critically ill patients .", "Evidence Elements": {"Participant": [{"term": "critically", "negation": "affirmed", "UMLS": "", "start": 169, "end": 179}], "Intervention": [], "Outcome": [{"term": "Common imaging changes", "negation": "affirmed", "UMLS": "", "start": 0, "end": 22}, {"term": "multiple patch-like shadows", "negation": "affirmed", "UMLS": "", "start": 32, "end": 59}, {"term": "ground-glass opacity", "negation": "affirmed", "UMLS": "", "start": 64, "end": 84}, {"term": "cytokine storm", "negation": "affirmed", "UMLS": "", "start": 93, "end": 107}]}, "Evidence Propositions": [{"Intervention": [], "Observation": "more serious", "Outcome": "cytokine storm", "Count": ""}]}]}