{"doc_id": "32198776", "type of study": "Therapy", "title": "", "abstract": "The outbreak of the novel coronavirus in China (SARS-CoV-2) that began in December 2019 presents a significant and urgent threat to global health.\nThis study was conducted to provide the international community with a deeper understanding of this new infectious disease.\nEpidemiological, clinical features, laboratory findings, radiological characteristics, treatment, and clinical outcomes of 135 patients in northeast Chongqing were collected and analyzed in this study.\nA total of 135 hospitalized patients with COVID-19 were enrolled.\nThe median age was 47 years (interquartile range, 36-55), and there was no significant gender difference (53.3% men).\nThe majority of patients had contact with people from the Wuhan area.\nForty-three (31.9%) patients had underlying disease, primarily hypertension (13 [9.6%]), diabetes (12 [8.9%]), cardiovascular disease (7 [5.2%]), and malignancy (4 [3.0%]).\nCommon symptoms included fever (120 [88.9%]), cough (102 [76.5%]), and fatigue (44 [32.5%]).\nChest computed tomography scans showed bilateral patchy shadows or ground glass opacity in the lungs of all the patients.\nAll patients received antiviral therapy (135 [100%]) (Kaletra and interferon were both used), antibacterial therapy (59 [43.7%]), and corticosteroids (36 [26.7%]).\nIn addition, many patients received traditional Chinese medicine (TCM) (124 [91.8%]).\nIt is suggested that patients should receive Kaletra early and should be treated by a combination of Western and Chinese medicines.\nCompared to the mild cases, the severe ones had lower lymphocyte counts and higher plasma levels of Pt, APTT, d-dimer, lactate dehydrogenase, PCT, ALB, C-reactive protein, and aspartate aminotransferase.\nThis study demonstrates the clinic features and therapies of 135 COVID-19 patients.\nKaletra and TCM played an important role in the treatment of the viral pneumonia.\nFurther studies are required to explore the role of Kaletra and TCM in the treatment of COVID-19.\n83.7% of the patients had contact history in Wuhan or had been to Wuhan or had contact with people from Wuhan.\nCommon symptoms included fever, cough, and fatigue.\nOther symptoms include myalgia, fatigue, dyspnea, anorexia, etc.\nCommon complications of the patients include acute respiratory distress syndrome, acute cardiac injury, acute kidney injury, secondary infection and shock.\nICU patients were more likely to have these complications than non-ICU patients.\nCompared with non-ICU patients, ICU patients had lower lymphocyte count, and higher plasma levels of the Pt, APTT, D-dimer, LDH, PCT, ALB, CRP, AST.\nAll patients received antiviral therapy (kaletra or interferon), antibacterial therapy and corticosteroid and many received traditional chinese medicine.\nIt was suggested that patients should use kaletra early.\n", "Evidence Map": {"Enrollment": [{"term": "hospitalized", "negation": "affirmed", "UMLS": "", "start": 15, "end": 27}, {"term": "COVID-19", "negation": "affirmed", "UMLS": "", "start": 42, "end": 50}, {"term": "underlying disease", "negation": "affirmed", "UMLS": "", "start": 36, "end": 54}, {"term": "hypertension", "negation": "affirmed", "UMLS": "", "start": 67, "end": 79}, {"term": "diabetes", "negation": "affirmed", "UMLS": "", "start": 99, "end": 107}, {"term": "fever", "negation": "affirmed", "UMLS": "", "start": 25, "end": 30}, {"term": "cough", "negation": "affirmed", "UMLS": "", "start": 52, "end": 57}, {"term": "COVID-19", "negation": "affirmed", "UMLS": "", "start": 65, "end": 73}, {"term": "viral pneumonia", "negation": "affirmed", "UMLS": "", "start": 65, "end": 80}, {"term": "fever", "negation": "affirmed", "UMLS": "", "start": 25, "end": 30}, {"term": "cough", "negation": "affirmed", "UMLS": "", "start": 33, "end": 38}, {"term": "ICU patients", "negation": "affirmed", "UMLS": "", "start": 0, "end": 12}, {"term": "non-ICU patients", "negation": "affirmed", "UMLS": "", "start": 63, "end": 79}, {"term": "non-ICU", "negation": "affirmed", "UMLS": "", "start": 14, "end": 21}, {"term": "ICU", "negation": "affirmed", "UMLS": "", "start": 18, "end": 21}], "Comparison Results": [], "Study Arm 1 Results": [], "Study Arm 2 Results": []}, "Sentence-level breakdown": [{"Section": "TITLE", "Text": "The outbreak of the novel coronavirus in China ( SARS-CoV-2 ) that began in December 2019 presents a significant and urgent threat to global health .", "Evidence Elements": {"Participant": [], "Intervention": [], "Outcome": []}, "Evidence Propositions": []}, {"Section": "OBJECTIVE", "Text": "This study was conducted to provide the international community with a deeper understanding of this new infectious disease .", "Evidence Elements": {"Participant": [], "Intervention": [], "Outcome": []}, "Evidence Propositions": []}, {"Section": "METHODS", "Text": "Epidemiological , clinical features , laboratory findings , radiological characteristics , treatment , and clinical outcomes of 135 patients in northeast Chongqing were collected and analyzed in this study .", "Evidence Elements": {"Participant": [], "Intervention": [], "Outcome": [{"term": "Epidemiological", "negation": "affirmed", "UMLS": "", "start": 0, "end": 15}, {"term": "clinical features", "negation": "affirmed", "UMLS": "", "start": 18, "end": 35}, {"term": "laboratory findings", "negation": "affirmed", "UMLS": "", "start": 38, "end": 57}, {"term": "radiological characteristics", "negation": "affirmed", "UMLS": "", "start": 60, "end": 88}, {"term": "treatment", "negation": "affirmed", "UMLS": "", "start": 91, "end": 100}, {"term": "clinical outcomes", "negation": "affirmed", "UMLS": "", "start": 107, "end": 124}]}, "Evidence Propositions": []}, {"Section": "METHODS", "Text": "A total of 135 hospitalized patients with COVID-19 were enrolled .", "Evidence Elements": {"Participant": [{"term": "hospitalized", "negation": "affirmed", "UMLS": "", "start": 15, "end": 27}, {"term": "COVID-19", "negation": "affirmed", "UMLS": "", "start": 42, "end": 50}], "Intervention": [], "Outcome": []}, "Evidence Propositions": []}, {"Section": "METHODS", "Text": "The median age was 47 years ( interquartile range , 36-55 ) , and there was no significant gender difference ( 53.3 % men ) .", "Evidence Elements": {"Participant": [], "Intervention": [], "Outcome": []}, "Evidence Propositions": []}, {"Section": "METHODS", "Text": "The majority of patients had contact with people from the Wuhan area .", "Evidence Elements": {"Participant": [], "Intervention": [], "Outcome": []}, "Evidence Propositions": []}, {"Section": "METHODS", "Text": "Forty-three ( 31.9 % ) patients had underlying disease , primarily hypertension ( 13 [ 9.6 % ] ) , diabetes ( 12 [ 8.9 % ] ) , cardiovascular disease ( 7 [ 5.2 % ] ) , and malignancy ( 4 [ 3.0 % ] ) .", "Evidence Elements": {"Participant": [{"term": "underlying disease", "negation": "affirmed", "UMLS": "", "start": 36, "end": 54}, {"term": "hypertension", "negation": "affirmed", "UMLS": "", "start": 67, "end": 79}, {"term": "diabetes", "negation": "affirmed", "UMLS": "", "start": 99, "end": 107}], "Intervention": [], "Outcome": []}, "Evidence Propositions": []}, {"Section": "METHODS", "Text": "Common symptoms included fever ( 120 [ 88.9 % ] ) , cough ( 102 [ 76.5 % ] ) , and fatigue ( 44 [ 32.5 % ] ) .", "Evidence Elements": {"Participant": [{"term": "fever", "negation": "affirmed", "UMLS": "", "start": 25, "end": 30}, {"term": "cough", "negation": "affirmed", "UMLS": "", "start": 52, "end": 57}], "Intervention": [], "Outcome": []}, "Evidence Propositions": []}, {"Section": "METHODS", "Text": "Chest computed tomography scans showed bilateral patchy shadows or ground glass opacity in the lungs of all the patients .", "Evidence Elements": {"Participant": [], "Intervention": [], "Outcome": [{"term": "bilateral patchy shadows", "negation": "affirmed", "UMLS": "", "start": 39, "end": 63}, {"term": "ground glass opacity", "negation": "affirmed", "UMLS": "", "start": 67, "end": 87}]}, "Evidence Propositions": []}, {"Section": "METHODS", "Text": "All patients received antiviral therapy ( 135 [ 100 % ] ) ( Kaletra and interferon were both used ) , antibacterial therapy ( 59 [ 43.7 % ] ) , and corticosteroids ( 36 [ 26.7 % ] ) .", "Evidence Elements": {"Participant": [], "Intervention": [{"term": "antiviral therapy", "negation": "affirmed", "UMLS": "", "start": 22, "end": 39}, {"term": "Kaletra", "negation": "affirmed", "UMLS": "", "start": 60, "end": 67}, {"term": "interferon", "negation": "affirmed", "UMLS": "", "start": 72, "end": 82}], "Outcome": []}, "Evidence Propositions": []}, {"Section": "METHODS", "Text": "In addition , many patients received traditional Chinese medicine ( TCM ) ( 124 [ 91.8 % ] ) .", "Evidence Elements": {"Participant": [], "Intervention": [], "Outcome": []}, "Evidence Propositions": []}, {"Section": "RESULTS", "Text": "It is suggested that patients should receive Kaletra early and should be treated by a combination of Western and Chinese medicines .", "Evidence Elements": {"Participant": [], "Intervention": [], "Outcome": []}, "Evidence Propositions": []}, {"Section": "RESULTS", "Text": "Compared to the mild cases , the severe ones had lower lymphocyte counts and higher plasma levels of Pt , APTT , d-dimer , lactate dehydrogenase , PCT , ALB , C-reactive protein , and aspartate aminotransferase .", "Evidence Elements": {"Participant": [], "Intervention": [{"term": "mild cases", "negation": "affirmed", "UMLS": "", "start": 16, "end": 26}, {"term": "severe ones", "negation": "affirmed", "UMLS": "", "start": 33, "end": 44}], "Outcome": [{"term": "lymphocyte counts", "negation": "affirmed", "UMLS": "", "start": 55, "end": 72}, {"term": "plasma levels of Pt", "negation": "affirmed", "UMLS": "", "start": 84, "end": 103}, {"term": "APTT", "negation": "affirmed", "UMLS": "", "start": 106, "end": 110}, {"term": "d-dimer", "negation": "affirmed", "UMLS": "", "start": 113, "end": 120}, {"term": "lactate dehydrogenase", "negation": "affirmed", "UMLS": "", "start": 123, "end": 144}, {"term": "PCT", "negation": "affirmed", "UMLS": "", "start": 147, "end": 150}]}, "Evidence Propositions": []}, {"Section": "CONCLUSIONS", "Text": "This study demonstrates the clinic features and therapies of 135 COVID-19 patients .", "Evidence Elements": {"Participant": [{"term": "COVID-19", "negation": "affirmed", "UMLS": "", "start": 65, "end": 73}], "Intervention": [], "Outcome": [{"term": "therapies", "negation": "affirmed", "UMLS": "", "start": 48, "end": 57}]}, "Evidence Propositions": []}, {"Section": "CONCLUSIONS", "Text": "Kaletra and TCM played an important role in the treatment of the viral pneumonia .", "Evidence Elements": {"Participant": [{"term": "viral pneumonia", "negation": "affirmed", "UMLS": "", "start": 65, "end": 80}], "Intervention": [], "Outcome": []}, "Evidence Propositions": []}, {"Section": "METHODS", "Text": "83.7 % of the patients had contact history in Wuhan or had been to Wuhan or had contact with people from Wuhan .", "Evidence Elements": {"Participant": [], "Intervention": [], "Outcome": []}, "Evidence Propositions": []}, {"Section": "METHODS", "Text": "Common symptoms included fever , cough , and fatigue .", "Evidence Elements": {"Participant": [{"term": "fever", "negation": "affirmed", "UMLS": "", "start": 25, "end": 30}, {"term": "cough", "negation": "affirmed", "UMLS": "", "start": 33, "end": 38}], "Intervention": [], "Outcome": []}, "Evidence Propositions": []}, {"Section": "METHODS", "Text": "Other symptoms include myalgia , fatigue , dyspnea , anorexia , etc .", "Evidence Elements": {"Participant": [], "Intervention": [], "Outcome": []}, "Evidence Propositions": []}, {"Section": "METHODS", "Text": "Common complications of the patients include acute respiratory distress syndrome , acute cardiac injury , acute kidney injury , secondary infection and shock .", "Evidence Elements": {"Participant": [], "Intervention": [], "Outcome": []}, "Evidence Propositions": []}, {"Section": "RESULTS", "Text": "ICU patients were more likely to have these complications than non-ICU patients .", "Evidence Elements": {"Participant": [{"term": "ICU patients", "negation": "affirmed", "UMLS": "", "start": 0, "end": 12}, {"term": "non-ICU patients", "negation": "affirmed", "UMLS": "", "start": 63, "end": 79}], "Intervention": [], "Outcome": [{"term": "these complications", "negation": "affirmed", "UMLS": "", "start": 38, "end": 57}]}, "Evidence Propositions": [{"Intervention": [], "Observation": "more likely", "Outcome": "these complications", "Count": ""}]}, {"Section": "RESULTS", "Text": "Compared with non-ICU patients , ICU patients had lower lymphocyte count , and higher plasma levels of the Pt , APTT , D-dimer , LDH , PCT , ALB , CRP , AST .", "Evidence Elements": {"Participant": [{"term": "non-ICU", "negation": "affirmed", "UMLS": "", "start": 14, "end": 21}, {"term": "ICU", "negation": "affirmed", "UMLS": "", "start": 18, "end": 21}], "Intervention": [], "Outcome": [{"term": "lymphocyte count", "negation": "affirmed", "UMLS": "", "start": 56, "end": 72}, {"term": "plasma levels of the Pt", "negation": "affirmed", "UMLS": "", "start": 86, "end": 109}, {"term": "APTT", "negation": "affirmed", "UMLS": "", "start": 112, "end": 116}, {"term": "D-dimer", "negation": "affirmed", "UMLS": "", "start": 119, "end": 126}]}, "Evidence Propositions": []}, {"Section": "RESULTS", "Text": "All patients received antiviral therapy ( kaletra or interferon ) , antibacterial therapy and corticosteroid and many received traditional chinese medicine .", "Evidence Elements": {"Participant": [], "Intervention": [], "Outcome": []}, "Evidence Propositions": []}, {"Section": "CONCLUSIONS", "Text": "It was suggested that patients should use kaletra early .", "Evidence Elements": {"Participant": [], "Intervention": [{"term": "kaletra", "negation": "affirmed", "UMLS": "", "start": 42, "end": 49}], "Outcome": []}, "Evidence Propositions": []}]}