{"doc_id": "32217117", "type of study": "Therapy", "title": "", "abstract": "This article summarizes the likely benefits of melatonin in the attenuation of COVID-19 based on its putative pathogenesis.\nThe recent outbreak of COVID-19 has become a pandemic with tens of thousands of infected patients.\nBased on clinical features, pathology, the pathogenesis of acute respiratory disorder induced by either highly homogenous coronaviruses or other pathogens, the evidence suggests that excessive inflammation, oxidation, and an exaggerated immune response very likely contribute to COVID-19 pathology.\nThis leads to a cytokine storm and subsequent progression to acute lung injury (ALI)/acute respiratory distress syndrome (ARDS) and often death.\nMelatonin, a well-known anti-inflammatory and anti-oxidative molecule, is protective against ALI/ARDS caused by viral and other pathogens.\nMelatonin is effective in critical care patients by reducing vessel permeability, anxiety, sedation use, and improving sleeping quality, which might also be beneficial for better clinical outcomes for COVID-19 patients.\nNotably, melatonin has a high safety profile.\nThere is significant data showing that melatonin limits virus-related diseases and would also likely be beneficial in COVID-19 patients.\nAdditional experiments and clinical studies are required to confirm this speculation.\nMelatonin as a potential adjuvant treatment for COVID-19.\n", "Evidence Map": {"Enrollment": [{"term": "COVID-19", "negation": "affirmed", "UMLS": "", "start": 79, "end": 87}, {"term": "critical care", "negation": "affirmed", "UMLS": "", "start": 26, "end": 39}, {"term": "COVID-19", "negation": "affirmed", "UMLS": "", "start": 118, "end": 126}, {"term": "COVID-19", "negation": "affirmed", "UMLS": "", "start": 48, "end": 56}], "Comparison Results": [], "Study Arm 1 Results": [], "Study Arm 2 Results": []}, "Sentence-level breakdown": [{"Section": "TITLE", "Text": "This article summarizes the likely benefits of melatonin in the attenuation of COVID-19 based on its putative pathogenesis .", "Evidence Elements": {"Participant": [{"term": "COVID-19", "negation": "affirmed", "UMLS": "", "start": 79, "end": 87}], "Intervention": [{"term": "melatonin", "negation": "affirmed", "UMLS": "", "start": 47, "end": 56}], "Outcome": [{"term": "attenuation", "negation": "affirmed", "UMLS": "", "start": 64, "end": 75}]}, "Evidence Propositions": [{"Intervention": "melatonin", "Observation": "likely benefits", "Outcome": "attenuation", "Count": ""}]}, {"Section": "RESULTS", "Text": "The recent outbreak of COVID-19 has become a pandemic with tens of thousands of infected patients .", "Evidence Elements": {"Participant": [], "Intervention": [], "Outcome": []}, "Evidence Propositions": []}, {"Section": "RESULTS", "Text": "Based on clinical features , pathology , the pathogenesis of acute respiratory disorder induced by either highly homogenous coronaviruses or other pathogens , the evidence suggests that excessive inflammation , oxidation , and an exaggerated immune response very likely contribute to COVID-19 pathology .", "Evidence Elements": {"Participant": [], "Intervention": [], "Outcome": []}, "Evidence Propositions": []}, {"Section": "RESULTS", "Text": "This leads to a cytokine storm and subsequent progression to acute lung injury ( ALI ) / acute respiratory distress syndrome ( ARDS ) and often death .", "Evidence Elements": {"Participant": [], "Intervention": [], "Outcome": []}, "Evidence Propositions": []}, {"Section": "CONCLUSIONS", "Text": "Melatonin , a well-known anti-inflammatory and anti-oxidative molecule , is protective against ALI / ARDS caused by viral and other pathogens .", "Evidence Elements": {"Participant": [], "Intervention": [], "Outcome": []}, "Evidence Propositions": []}, {"Section": "CONCLUSIONS", "Text": "Melatonin is effective in critical care patients by reducing vessel permeability , anxiety , sedation use , and improving sleeping quality , which might also be beneficial for better clinical outcomes for COVID-19 patients .", "Evidence Elements": {"Participant": [{"term": "critical care", "negation": "affirmed", "UMLS": "", "start": 26, "end": 39}], "Intervention": [{"term": "Melatonin", "negation": "affirmed", "UMLS": "", "start": 0, "end": 9}], "Outcome": [{"term": "vessel permeability", "negation": "affirmed", "UMLS": "", "start": 61, "end": 80}, {"term": "anxiety", "negation": "affirmed", "UMLS": "", "start": 83, "end": 90}, {"term": "sedation use", "negation": "affirmed", "UMLS": "", "start": 93, "end": 105}, {"term": "sleeping quality", "negation": "affirmed", "UMLS": "", "start": 122, "end": 138}, {"term": "clinical", "negation": "affirmed", "UMLS": "", "start": 183, "end": 191}]}, "Evidence Propositions": [{"Intervention": [], "Observation": "better", "Outcome": "", "Count": ""}]}, {"Section": "CONCLUSIONS", "Text": "Notably , melatonin has a high safety profile .", "Evidence Elements": {"Participant": [], "Intervention": [{"term": "melatonin", "negation": "affirmed", "UMLS": "", "start": 10, "end": 19}], "Outcome": [{"term": "safety", "negation": "affirmed", "UMLS": "", "start": 31, "end": 37}]}, "Evidence Propositions": []}, {"Section": "CONCLUSIONS", "Text": "There is significant data showing that melatonin limits virus-related diseases and would also likely be beneficial in COVID-19 patients .", "Evidence Elements": {"Participant": [{"term": "COVID-19", "negation": "affirmed", "UMLS": "", "start": 118, "end": 126}], "Intervention": [{"term": "melatonin", "negation": "affirmed", "UMLS": "", "start": 39, "end": 48}], "Outcome": [{"term": "virus-related diseases", "negation": "affirmed", "UMLS": "", "start": 56, "end": 78}]}, "Evidence Propositions": []}, {"Section": "CONCLUSIONS", "Text": "Additional experiments and clinical studies are required to confirm this speculation .", "Evidence Elements": {"Participant": [], "Intervention": [], "Outcome": []}, "Evidence Propositions": []}, {"Section": "CONCLUSIONS", "Text": "Melatonin as a potential adjuvant treatment for COVID-19 .", "Evidence Elements": {"Participant": [{"term": "COVID-19", "negation": "affirmed", "UMLS": "", "start": 48, "end": 56}], "Intervention": [{"term": "Melatonin", "negation": "affirmed", "UMLS": "", "start": 0, "end": 9}], "Outcome": []}, "Evidence Propositions": []}]}