{"doc_id": "32219356", "type of study": "Therapy", "title": "", "abstract": "This case series study evaluates the association of underlying cardiovascular disease and myocardial injury on fatal outcomes in patients with coronavirus disease 2019 (COVID-19).\nWhat is the impact of underlying cardiovascular disease (CVD) and myocardial injury on fatal outcomes in patients with coronavirus disease 2019 (COVID-19)?\nIn this case series study of 187 patients with COVID-19, 27.8% of patients had myocardial injury, which resulted in cardiac dysfunction and arrhythmias.\nMyocardial injury has a significant association with fatal outcome of COVID-19, while the prognosis of patients with underlying CVD but without myocardial injury were relatively favorable.\nIt is reasonable to triage patients with COVID-19 according to the presence of underlying CVD and evidence of myocardial injury for prioritized treatment and even more aggressive strategies.\nIncreasing numbers of confirmed cases and mortality rates of coronavirus disease 2019 (COVID-19) are occurring in several countries and continents.\nInformation regarding the impact of cardiovascular complication on fatal outcome is scarce.\nTo evaluate the association of underlying cardiovascular disease (CVD) and myocardial injury with fatal outcomes in patients with COVID-19.\nThis retrospective single-center case series analyzed patients with COVID-19 at the Seventh Hospital of Wuhan City, China, from January 23, 2020, to February 23, 2020.\nAnalysis began February 25, 2020.\nDemographic data, laboratory findings, comorbidities, and treatments were collected and analyzed in patients with and without elevation of troponin T (TnT) levels.\nAmong 187 patients with confirmed COVID-19, 144 patients (77%) were discharged and 43 patients (23%) died.\nThe mean (SD) age was 58.50 (14.66) years.\nOverall, 66 (35.3%) had underlying CVD including hypertension, coronary heart disease, and cardiomyopathy, and 52 (27.8%) exhibited myocardial injury as indicated by elevated TnT levels.\nThe mortality during hospitalization was 7.62% (8 of 105) for patients without underlying CVD and normal TnT levels, 13.33% (4 of 30) for those with underlying CVD and normal TnT levels, 37.50% (6 of 16) for those without underlying CVD but elevated TnT levels, and 69.44% (25 of 36) for those with underlying CVD and elevated TnTs.\nPatients with underlying CVD were more likely to exhibit elevation of TnT levels compared with the patients without CVD (36 [54.5%] vs 16 [13.2%]).\nPlasma TnT levels demonstrated a high and significantly positive linear correlation with plasma high-sensitivity C-reactive protein levels (beta = 0.530, P < .001) and N-terminal pro-brain natriuretic peptide (NT-proBNP) levels (beta = 0.613, P < .001).\nPlasma TnT and NT-proBNP levels during hospitalization (median [interquartile range (IQR)], 0.307 [0.094-0.600]; 1902.00 [728.35-8100.00]) and impending death (median [IQR], 0.141 [0.058-0.860]; 5375 [1179.50-25695.25]) increased significantly compared with admission values (median [IQR], 0.0355 [0.015-0.102]; 796.90 [401.93-1742.25]) in patients who died (P = .001; P < .001), while no significant dynamic changes of TnT (median [IQR], 0.010 [0.007-0.019]; 0.013 [0.007-0.022]; 0.011 [0.007-0.016]) and NT-proBNP (median [IQR], 352.20 [174.70-636.70]; 433.80 [155.80-1272.60]; 145.40 [63.4-526.50]) was observed in survivors (P = .96; P = .16).\nDuring hospitalization, patients with elevated TnT levels had more frequent malignant arrhythmias, and the use of glucocorticoid therapy (37 [71.2%] vs 69 [51.1%]) and mechanical ventilation (31 [59.6%] vs 14 [10.4%]) were higher compared with patients with normal TnT levels.\nThe mortality rates of patients with and without use of angiotensin-converting enzyme inhibitors/angiotensin receptor blockers was 36.8% (7 of 19) and 21.4% (36 of 168) (P = .13).\nMyocardial injury is significantly associated with fatal outcome of COVID-19, while the prognosis of patients with underlying CVD but without myocardial injury is relatively favorable.\nMyocardial injury is associated with cardiac dysfunction and arrhythmias.\nInflammation may be a potential mechanism for myocardial injury.\nAggressive treatment may be considered for patients at high risk of myocardial injury.\n", "Evidence Map": {"Enrollment": [{"term": "coronavirus disease 2019 (", "negation": "affirmed", "UMLS": "", "start": 143, "end": 169}, {"term": "coronavirus disease", "negation": "affirmed", "UMLS": "", "start": 121, "end": 140}, {"term": "COVID-19", "negation": "affirmed", "UMLS": "", "start": 47, "end": 55}, {"term": "COVID-19", "negation": "affirmed", "UMLS": "", "start": 70, "end": 78}, {"term": "underlying CVD but", "negation": "affirmed", "UMLS": "", "start": 118, "end": 136}, {"term": "myocardial injury", "negation": "affirmed", "UMLS": "", "start": 145, "end": 162}, {"term": "COVID-19", "negation": "affirmed", "UMLS": "", "start": 68, "end": 76}, {"term": "COVID-19", "negation": "affirmed", "UMLS": "", "start": 34, "end": 42}, {"term": "underlying CVD", "negation": "affirmed", "UMLS": "", "start": 28, "end": 42}, {"term": "hypertension", "negation": "affirmed", "UMLS": "", "start": 53, "end": 65}, {"term": "coronary heart disease", "negation": "affirmed", "UMLS": "", "start": 68, "end": 90}, {"term": "cardiomyopathy", "negation": "affirmed", "UMLS": "", "start": 97, "end": 111}, {"term": "underlying CVD", "negation": "affirmed", "UMLS": "", "start": 14, "end": 28}, {"term": "hospitalization", "negation": "affirmed", "UMLS": "", "start": 39, "end": 54}, {"term": "COVID-19", "negation": "affirmed", "UMLS": "", "start": 68, "end": 76}, {"term": "underlying CVD but", "negation": "affirmed", "UMLS": "", "start": 116, "end": 134}, {"term": "myocardial injury", "negation": "affirmed", "UMLS": "", "start": 143, "end": 160}], "Comparison Results": [], "Study Arm 1 Results": [], "Study Arm 2 Results": []}, "Sentence-level breakdown": [{"Section": "TITLE", "Text": "This case series study evaluates the association of underlying cardiovascular disease and myocardial injury on fatal outcomes in patients with coronavirus disease 2019 ( COVID-19 ) .", "Evidence Elements": {"Participant": [{"term": "coronavirus disease 2019 (", "negation": "affirmed", "UMLS": "", "start": 143, "end": 169}], "Intervention": [{"term": "underlying cardiovascular disease", "negation": "affirmed", "UMLS": "", "start": 52, "end": 85}, {"term": "myocardial injury", "negation": "affirmed", "UMLS": "", "start": 90, "end": 107}], "Outcome": [{"term": "fatal outcomes", "negation": "affirmed", "UMLS": "", "start": 111, "end": 125}]}, "Evidence Propositions": [{"Intervention": "underlying cardiovascular disease", "Observation": "association", "Outcome": "fatal outcomes", "Count": ""}, {"Intervention": "myocardial injury", "Observation": "association", "Outcome": "fatal outcomes", "Count": ""}]}, {"Section": "OBJECTIVE", "Text": "To evaluate the association of underlying cardiovascular disease ( CVD ) and myocardial injury with fatal outcomes in patients with COVID-19 .", "Evidence Elements": {"Participant": [], "Intervention": [{"term": "underlying cardiovascular disease ( CVD )", "negation": "affirmed", "UMLS": "", "start": 31, "end": 72}, {"term": "myocardial injury", "negation": "affirmed", "UMLS": "", "start": 77, "end": 94}], "Outcome": [{"term": "fatal outcomes", "negation": "affirmed", "UMLS": "", "start": 100, "end": 114}]}, "Evidence Propositions": [{"Intervention": "underlying cardiovascular disease ( CVD )", "Observation": "association", "Outcome": "fatal outcomes", "Count": ""}, {"Intervention": "myocardial injury", "Observation": "association", "Outcome": "fatal outcomes", "Count": ""}]}, {"Section": "METHODS", "Text": "This retrospective single-center case series analyzed patients with COVID-19 at the Seventh Hospital of Wuhan City , China , from January 23 , 2020 , to February 23 , 2020 .", "Evidence Elements": {"Participant": [{"term": "COVID-19", "negation": "affirmed", "UMLS": "", "start": 68, "end": 76}], "Intervention": [], "Outcome": []}, "Evidence Propositions": []}, {"Section": "METHODS", "Text": "Analysis began February 25 , 2020 .", "Evidence Elements": {"Participant": [], "Intervention": [], "Outcome": []}, "Evidence Propositions": []}, {"Section": "METHODS", "Text": "Demographic data , laboratory findings , comorbidities , and treatments were collected and analyzed in patients with and without elevation of troponin T ( TnT ) levels .", "Evidence Elements": {"Participant": [], "Intervention": [{"term": "elevation of troponin", "negation": "negated", "UMLS": "", "start": 129, "end": 150}], "Outcome": []}, "Evidence Propositions": []}, {"Section": "RESULTS", "Text": "Among 187 patients with confirmed COVID-19 , 144 patients ( 77 % ) were discharged and 43 patients ( 23 % ) died .", "Evidence Elements": {"Participant": [{"term": "COVID-19", "negation": "affirmed", "UMLS": "", "start": 34, "end": 42}], "Intervention": [], "Outcome": [{"term": "discharged", "negation": "affirmed", "UMLS": "", "start": 72, "end": 82}]}, "Evidence Propositions": []}, {"Section": "RESULTS", "Text": "The mean ( SD ) age was 58.50 ( 14.66 ) years .", "Evidence Elements": {"Participant": [], "Intervention": [], "Outcome": []}, "Evidence Propositions": []}, {"Section": "RESULTS", "Text": "Overall , 66 ( 35.3 % ) had underlying CVD including hypertension , coronary heart disease , and cardiomyopathy , and 52 ( 27.8 % ) exhibited myocardial injury as indicated by elevated TnT levels .", "Evidence Elements": {"Participant": [{"term": "underlying CVD", "negation": "affirmed", "UMLS": "", "start": 28, "end": 42}, {"term": "hypertension", "negation": "affirmed", "UMLS": "", "start": 53, "end": 65}, {"term": "coronary heart disease", "negation": "affirmed", "UMLS": "", "start": 68, "end": 90}, {"term": "cardiomyopathy", "negation": "affirmed", "UMLS": "", "start": 97, "end": 111}], "Intervention": [], "Outcome": []}, "Evidence Propositions": []}, {"Section": "RESULTS", "Text": "The mortality during hospitalization was 7.62 % ( 8 of 105 ) for patients without underlying CVD and normal TnT levels , 13.33 % ( 4 of 30 ) for those with underlying CVD and normal TnT levels , 37.50 % ( 6 of 16 ) for those without underlying CVD but elevated TnT levels , and 69.44 % ( 25 of 36 ) for those with underlying CVD and elevated TnTs .", "Evidence Elements": {"Participant": [], "Intervention": [{"term": "underlying CVD", "negation": "negated", "UMLS": "", "start": 82, "end": 96}, {"term": "normal TnT levels", "negation": "negated", "UMLS": "", "start": 101, "end": 118}, {"term": "underlying CVD", "negation": "negated", "UMLS": "", "start": 82, "end": 96}, {"term": "normal TnT levels", "negation": "negated", "UMLS": "", "start": 101, "end": 118}, {"term": "underlying CVD", "negation": "negated", "UMLS": "", "start": 82, "end": 96}, {"term": "elevated TnT levels", "negation": "affirmed", "UMLS": "", "start": 252, "end": 271}], "Outcome": [{"term": "mortality during hospitalization", "negation": "affirmed", "UMLS": "", "start": 4, "end": 36}]}, "Evidence Propositions": [{"Intervention": "underlying CVD", "Observation": "7.62 % ( 8 of 105 )", "Outcome": "mortality during hospitalization", "Count": ""}, {"Intervention": "normal TnT levels", "Observation": "7.62 % ( 8 of 105 )", "Outcome": "mortality during hospitalization", "Count": ""}, {"Intervention": "normal TnT levels", "Observation": "7.62 % ( 8 of 105 )", "Outcome": "mortality during hospitalization", "Count": ""}, {"Intervention": "underlying CVD", "Observation": "", "Count": "13.33 % ( 4 of 30 )", "Outcome": "mortality during hospitalization"}, {"Intervention": "underlying CVD", "Observation": "", "Count": "13.33 % ( 4 of 30 )", "Outcome": "mortality during hospitalization"}, {"Intervention": "underlying CVD", "Observation": "", "Count": "37.50 % ( 6 of 16 )", "Outcome": "mortality during hospitalization"}, {"Intervention": "normal TnT levels", "Observation": "", "Count": "37.50 % ( 6 of 16 )", "Outcome": "mortality during hospitalization"}, {"Intervention": "underlying CVD", "Observation": "", "Count": "37.50 % ( 6 of 16 )", "Outcome": "mortality during hospitalization"}, {"Intervention": "elevated TnT levels", "Observation": "", "Count": "37.50 % ( 6 of 16 )", "Outcome": "mortality during hospitalization"}]}, {"Section": "RESULTS", "Text": "Patients with underlying CVD were more likely to exhibit elevation of TnT levels compared with the patients without CVD ( 36 [ 54.5 % ] vs 16 [ 13.2 % ] ) .", "Evidence Elements": {"Participant": [{"term": "underlying CVD", "negation": "affirmed", "UMLS": "", "start": 14, "end": 28}], "Intervention": [{"term": "without CVD", "negation": "affirmed", "UMLS": "", "start": 108, "end": 119}], "Outcome": [{"term": "elevation of TnT levels", "negation": "affirmed", "UMLS": "", "start": 57, "end": 80}]}, "Evidence Propositions": [{"Intervention": ["without CVD"], "Observation": "more likely", "Outcome": "elevation of TnT levels", "Count": ""}, {"Intervention": "without CVD", "Observation": "", "Count": "36 [ 54.5 %", "Outcome": "elevation of TnT levels"}]}, {"Section": "RESULTS", "Text": "Plasma TnT levels demonstrated a high and significantly positive linear correlation with plasma high-sensitivity C-reactive protein levels ( beta = 0.530 , P < .001 ) and N-terminal pro-brain natriuretic peptide ( NT-proBNP ) levels ( beta = 0.613 , P < .001 ) .", "Evidence Elements": {"Participant": [], "Intervention": [], "Outcome": [{"term": "Plasma TnT levels", "negation": "affirmed", "UMLS": "", "start": 0, "end": 17}, {"term": "plasma high-sensitivity C-reactive protein levels", "negation": "affirmed", "UMLS": "", "start": 89, "end": 138}, {"term": "N-terminal pro-brain natriuretic peptide ( NT-proBNP ) levels", "negation": "affirmed", "UMLS": "", "start": 171, "end": 232}]}, "Evidence Propositions": []}, {"Section": "RESULTS", "Text": "Plasma TnT and NT-proBNP levels during hospitalization ( median [ interquartile range ( IQR ) ] , 0.307 [ 0.094-0.600 ] ; 1902.00 [ 728.35-8100.00 ] ) and impending death ( median [ IQR ] , 0.141 [ 0.058-0.860 ] ; 5375 [ 1179.50-25695.25 ] ) increased significantly compared with admission values ( median [ IQR ] , 0.0355 [ 0.015-", "Evidence Elements": {"Participant": [{"term": "hospitalization", "negation": "affirmed", "UMLS": "", "start": 39, "end": 54}], "Intervention": [], "Outcome": [{"term": "Plasma TnT", "negation": "affirmed", "UMLS": "", "start": 0, "end": 10}, {"term": "NT-proBNP levels", "negation": "affirmed", "UMLS": "", "start": 15, "end": 31}, {"term": "impending death", "negation": "affirmed", "UMLS": "", "start": 155, "end": 170}, {"term": "admission values", "negation": "affirmed", "UMLS": "", "start": 280, "end": 296}]}, "Evidence Propositions": []}, {"Section": "RESULTS", "Text": "During hospitalization , patients with elevated TnT levels had more frequent malignant arrhythmias , and the use of glucocorticoid therapy ( 37 [ 71.2 % ] vs 69 [ 51.1 % ] ) and mechanical ventilation ( 31 [ 59.6 % ] vs 14 [ 10.4 % ] ) were higher compared with patients with normal TnT levels .", "Evidence Elements": {"Participant": [], "Intervention": [{"term": "elevated TnT levels", "negation": "affirmed", "UMLS": "", "start": 39, "end": 58}, {"term": "glucocorticoid therapy", "negation": "affirmed", "UMLS": "", "start": 116, "end": 138}, {"term": "mechanical ventilation", "negation": "affirmed", "UMLS": "", "start": 178, "end": 200}], "Outcome": [{"term": "frequent malignant arrhythmias", "negation": "affirmed", "UMLS": "", "start": 68, "end": 98}]}, "Evidence Propositions": [{"Intervention": [], "Observation": "more", "Outcome": "", "Count": ""}]}, {"Section": "RESULTS", "Text": "The mortality rates of patients with and without use of angiotensin-converting enzyme inhibitors / angiotensin receptor blockers was 36.8 % ( 7 of 19 ) and 21.4 % ( 36 of 168 ) ( P =.13 ) .", "Evidence Elements": {"Participant": [], "Intervention": [{"term": "with and without use of angiotensin-converting enzyme", "negation": "affirmed", "UMLS": "", "start": 32, "end": 85}, {"term": "angiotensin receptor blockers", "negation": "negated", "UMLS": "", "start": 99, "end": 128}], "Outcome": [{"term": "mortality rates", "negation": "affirmed", "UMLS": "", "start": 4, "end": 19}]}, "Evidence Propositions": [{"Intervention": "with and without use of angiotensin-converting enzyme", "Observation": "36.8 % ( 7 of 19 )", "Outcome": "mortality rates", "Count": ""}, {"Intervention": "angiotensin receptor blockers", "Observation": "36.8 % ( 7 of 19 )", "Outcome": "mortality rates", "Count": ""}, {"Intervention": "with and without use of angiotensin-converting enzyme", "Observation": "21.4 % ( 36", "Outcome": "mortality rates", "Count": ""}, {"Intervention": "angiotensin receptor blockers", "Observation": "21.4 % ( 36", "Outcome": "mortality rates", "Count": ""}]}, {"Section": "CONCLUSIONS", "Text": "Myocardial injury is significantly associated with fatal outcome of COVID-19 , while the prognosis of patients with underlying CVD but without myocardial injury is relatively favorable .", "Evidence Elements": {"Participant": [{"term": "COVID-19", "negation": "affirmed", "UMLS": "", "start": 68, "end": 76}, {"term": "underlying CVD but", "negation": "affirmed", "UMLS": "", "start": 116, "end": 134}, {"term": "myocardial injury", "negation": "affirmed", "UMLS": "", "start": 143, "end": 160}], "Intervention": [], "Outcome": [{"term": "Myocardial injury", "negation": "affirmed", "UMLS": "", "start": 0, "end": 17}, {"term": "fatal outcome", "negation": "affirmed", "UMLS": "", "start": 51, "end": 64}, {"term": "prognosis", "negation": "affirmed", "UMLS": "", "start": 89, "end": 98}]}, "Evidence Propositions": []}, {"Section": "CONCLUSIONS", "Text": "Myocardial injury is associated with cardiac dysfunction and arrhythmias .", "Evidence Elements": {"Participant": [], "Intervention": [], "Outcome": []}, "Evidence Propositions": []}, {"Section": "CONCLUSIONS", "Text": "Inflammation may be a potential mechanism for myocardial injury .", "Evidence Elements": {"Participant": [], "Intervention": [], "Outcome": []}, "Evidence Propositions": []}, {"Section": "CONCLUSIONS", "Text": "Aggressive treatment may be considered for patients at high risk of myocardial injury .", "Evidence Elements": {"Participant": [], "Intervention": [], "Outcome": []}, "Evidence Propositions": []}]}