{"doc_id": "32229706", "type of study": "Therapy", "title": "", "abstract": "COVID-19, also known as SARS-CoV-2, is a new emerging zoonotic corona virus of the SARS (Severe Acute Respiratory Syndrome) and the MERS (Middle East Respiratory Syndrome) family.\nCOVID-19 originated in China and spread world-wide, resulting in the pandemic of 2020.\nFor some reason, COVID-19 shows a considerably higher mortality rate in patients with advanced chronological age.\nThis begs the question as to whether there is a functional association between COVID-19 infection and the process of chronological aging.\nTwo host receptors have been proposed for COVID-19.\nOne is CD26 and the other is ACE-2 (angiotensin-converting enzyme 2).\nInterestingly, both CD26 and the angiotensin system show associations with senescence.\nSimilarly, two proposed therapeutics for the treatment of COVID-19 infection are Azithromycin and Quercetin, both drugs with significant senolytic activity.\nAlso, Chloroquine-related compounds inhibit the induction of the well-known senescence marker, Beta-galactosidase.\nOther anti-aging drugs should also be considered, such as Rapamycin and Doxycycline, as they behave as inhibitors of protein synthesis, blocking both SASP and viral replication.\nTherefore, we wish to speculate that the fight against COVID-19 disease should involve testing the hypothesis that senolytics and other anti-aging drugs may have a prominent role in preventing the transmission of the virus, as well as aid in its treatment.\nThus, we propose that new clinical trials may be warranted, as several senolytic and anti-aging therapeutics are existing FDA-approved drugs, with excellent safety profiles, and would be readily available for drug repurposing efforts.\nAs Azithromycin and Doxycycline are both commonly used antibiotics that inhibit viral replication and IL-6 production, we may want to consider this general class of antibiotics that functionally inhibits cellular protein synthesis as a side-effect, for the treatment and prevention of COVID-19 disease.\n", "Evidence Map": {"Enrollment": [{"term": "advanced chronological", "negation": "affirmed", "UMLS": "", "start": 87, "end": 109}, {"term": "COVID-19 infection", "negation": "affirmed", "UMLS": "", "start": 59, "end": 77}], "Comparison Results": [], "Study Arm 1 Results": [], "Study Arm 2 Results": []}, "Sentence-level breakdown": [{"Section": "TITLE", "Text": "COVID-19 , also known as SARS-CoV-2 , is a new emerging zoonotic corona virus of the SARS ( Severe Acute Respiratory Syndrome ) and the MERS ( Middle East Respiratory Syndrome ) family .", "Evidence Elements": {"Participant": [], "Intervention": [], "Outcome": []}, "Evidence Propositions": []}, {"Section": "RESULTS", "Text": "COVID-19 originated in China and spread world-wide , resulting in the pandemic of 2020 .", "Evidence Elements": {"Participant": [], "Intervention": [], "Outcome": []}, "Evidence Propositions": []}, {"Section": "RESULTS", "Text": "For some reason , COVID-19 shows a considerably higher mortality rate in patients with advanced chronological age .", "Evidence Elements": {"Participant": [{"term": "advanced chronological", "negation": "affirmed", "UMLS": "", "start": 87, "end": 109}], "Intervention": [{"term": "COVID-19", "negation": "affirmed", "UMLS": "", "start": 18, "end": 26}], "Outcome": [{"term": "mortality rate", "negation": "affirmed", "UMLS": "", "start": 55, "end": 69}]}, "Evidence Propositions": []}, {"Section": "RESULTS", "Text": "This begs the question as to whether there is a functional association between COVID-19 infection and the process of chronological aging .", "Evidence Elements": {"Participant": [], "Intervention": [], "Outcome": []}, "Evidence Propositions": []}, {"Section": "RESULTS", "Text": "Two host receptors have been proposed for COVID-19 .", "Evidence Elements": {"Participant": [], "Intervention": [], "Outcome": []}, "Evidence Propositions": []}, {"Section": "RESULTS", "Text": "One is CD26 and the other is ACE-2 ( angiotensin-converting enzyme 2 ) .", "Evidence Elements": {"Participant": [], "Intervention": [], "Outcome": []}, "Evidence Propositions": []}, {"Section": "RESULTS", "Text": "Interestingly , both CD26 and the angiotensin system show associations with senescence .", "Evidence Elements": {"Participant": [], "Intervention": [{"term": "angiotensin system", "negation": "affirmed", "UMLS": "", "start": 34, "end": 52}], "Outcome": [{"term": "CD26", "negation": "affirmed", "UMLS": "", "start": 21, "end": 25}]}, "Evidence Propositions": [{"Intervention": "angiotensin system", "Observation": "associations", "Outcome": "CD26", "Count": ""}]}, {"Section": "RESULTS", "Text": "Similarly , two proposed therapeutics for the treatment of COVID-19 infection are Azithromycin and Quercetin , both drugs with significant senolytic activity .", "Evidence Elements": {"Participant": [{"term": "COVID-19 infection", "negation": "affirmed", "UMLS": "", "start": 59, "end": 77}], "Intervention": [], "Outcome": []}, "Evidence Propositions": []}, {"Section": "RESULTS", "Text": "Also , Chloroquine-related compounds inhibit the induction of the well-known senescence marker , Beta-galactosidase .", "Evidence Elements": {"Participant": [], "Intervention": [{"term": "Chloroquine-related compounds", "negation": "affirmed", "UMLS": "", "start": 7, "end": 36}], "Outcome": [{"term": "induction of the well-known senescence marker", "negation": "affirmed", "UMLS": "", "start": 49, "end": 94}]}, "Evidence Propositions": []}, {"Section": "RESULTS", "Text": "Other anti-aging drugs should also be considered , such as Rapamycin and Doxycycline , as they behave as inhibitors of protein synthesis , blocking both SASP and viral replication .", "Evidence Elements": {"Participant": [], "Intervention": [], "Outcome": []}, "Evidence Propositions": []}, {"Section": "RESULTS", "Text": "Therefore , we wish to speculate that the fight against COVID-19 disease should involve testing the hypothesis that senolytics and other anti-aging drugs may have a prominent role in preventing the transmission of the virus , as well as aid in its treatment .", "Evidence Elements": {"Participant": [], "Intervention": [], "Outcome": []}, "Evidence Propositions": []}, {"Section": "CONCLUSIONS", "Text": "Thus , we propose that new clinical trials may be warranted , as several senolytic and anti-aging therapeutics are existing FDA-approved drugs , with excellent safety profiles , and would be readily available for drug repurposing efforts .", "Evidence Elements": {"Participant": [], "Intervention": [], "Outcome": []}, "Evidence Propositions": []}, {"Section": "CONCLUSIONS", "Text": "As Azithromycin and Doxycycline are both commonly used antibiotics that inhibit viral replication and IL-6 production , we may want to consider this general class of antibiotics that functionally inhibits cellular protein synthesis as a side-effect , for the treatment and prevention of COVID-19 disease .", "Evidence Elements": {"Participant": [], "Intervention": [], "Outcome": []}, "Evidence Propositions": []}]}