{"doc_id": "32225175", "type of study": "Therapy", "title": "", "abstract": "A novel SARS-like coronavirus (SARS-CoV-2) recently emerged and is rapidly spreading in humans .\nA key to tackling this epidemic is to understand the virus's receptor recognition mechanism, which regulates its infectivity, pathogenesis and host range.\nSARS-CoV-2 and SARS-CoV recognize the same receptor - human ACE2 (hACE2) .\nHere we determined the crystal structure of SARS-CoV-2 receptor-binding domain (RBD) (engineered to facilitate crystallization) in complex of hACE2.\nCompared with SARS-CoV RBD, a hACE2-binding ridge in SARS-CoV-2 RBD takes a more compact conformation; moreover, several residue changes in SARS-CoV-2 RBD stabilize two virus-binding hotspots at the RBD/hACE2 interface.\nThese structural features of SARS-CoV-2 RBD enhance its hACE2-binding affinity.\nAdditionally, we showed that RaTG13, a bat coronavirus closely related to SARS-CoV-2, also uses hACE2 as its receptor.\nThe differences among SARS-CoV-2, SARS-CoV and RaTG13 in hACE2 recognition shed light on potential animal-to-human transmission of SARS-CoV-2.\nThis study provides guidance for intervention strategies targeting receptor recognition by SARS-CoV-2.\n", "Evidence Map": {"Enrollment": [{"term": "RaTG13", "negation": "affirmed", "UMLS": "", "start": 30, "end": 36}], "Comparison Results": [], "Study Arm 1 Results": [], "Study Arm 2 Results": []}, "Sentence-level breakdown": [{"Section": "TITLE", "Text": "A novel SARS-like coronavirus ( SARS-CoV-2 ) recently emerged and is rapidly spreading in humans .", "Evidence Elements": {"Participant": [], "Intervention": [], "Outcome": []}, "Evidence Propositions": []}, {"Section": "OBJECTIVE", "Text": "A key to tackling this epidemic is to understand the virus 's receptor recognition mechanism , which regulates its infectivity , pathogenesis and host range .", "Evidence Elements": {"Participant": [], "Intervention": [], "Outcome": []}, "Evidence Propositions": []}, {"Section": "METHODS", "Text": "SARS-CoV-2 and SARS-CoV recognize the same receptor-human ACE2 ( hACE2 ) .", "Evidence Elements": {"Participant": [], "Intervention": [], "Outcome": []}, "Evidence Propositions": []}, {"Section": "METHODS", "Text": "Here we determined the crystal structure of SARS-CoV-2 receptor-binding domain ( RBD ) ( engineered to facilitate crystallization ) in complex of hACE2 .", "Evidence Elements": {"Participant": [], "Intervention": [{"term": "SARS-CoV-2 receptor-binding domain ( RBD )", "negation": "affirmed", "UMLS": "", "start": 44, "end": 86}], "Outcome": [{"term": "crystal structure", "negation": "affirmed", "UMLS": "", "start": 23, "end": 40}]}, "Evidence Propositions": []}, {"Section": "RESULTS", "Text": "Compared with SARS-CoV RBD , a hACE2-binding ridge in SARS-CoV-2 RBD takes a more compact conformation ; moreover , several residue changes in SARS-CoV-2 RBD stabilize two virus-binding hotspots at the RBD / hACE2 interface .", "Evidence Elements": {"Participant": [], "Intervention": [{"term": "SARS-CoV RBD", "negation": "affirmed", "UMLS": "", "start": 14, "end": 26}, {"term": "SARS-CoV-2 RBD", "negation": "affirmed", "UMLS": "", "start": 54, "end": 68}, {"term": "several residue changes", "negation": "affirmed", "UMLS": "", "start": 116, "end": 139}, {"term": "SARS-CoV-2 RBD", "negation": "affirmed", "UMLS": "", "start": 54, "end": 68}], "Outcome": [{"term": "hACE2-binding ridge", "negation": "affirmed", "UMLS": "", "start": 31, "end": 50}, {"term": "virus-binding hotspots", "negation": "affirmed", "UMLS": "", "start": 172, "end": 194}]}, "Evidence Propositions": [{"Intervention": ["SARS-CoV RBD", "SARS-CoV-2 RBD"], "Observation": "more compact conformation", "Outcome": "hACE2-binding ridge", "Count": ""}]}, {"Section": "RESULTS", "Text": "These structural features of SARS-CoV-2 RBD enhance its hACE2-binding affinity .", "Evidence Elements": {"Participant": [], "Intervention": [], "Outcome": []}, "Evidence Propositions": []}, {"Section": "RESULTS", "Text": "Additionally , we showed that RaTG13 , a bat coronavirus closely related to SARS-CoV-2 , also uses hACE2 as its receptor .", "Evidence Elements": {"Participant": [{"term": "RaTG13", "negation": "affirmed", "UMLS": "", "start": 30, "end": 36}], "Intervention": [], "Outcome": []}, "Evidence Propositions": []}, {"Section": "RESULTS", "Text": "The differences among SARS-CoV-2 , SARS-CoV and RaTG13 in hACE2 recognition shed light on potential animal-to-human transmission of SARS-CoV-2 .", "Evidence Elements": {"Participant": [], "Intervention": [{"term": "SARS-CoV-2", "negation": "affirmed", "UMLS": "", "start": 22, "end": 32}, {"term": "SARS-CoV", "negation": "affirmed", "UMLS": "", "start": 22, "end": 30}, {"term": "RaTG13", "negation": "affirmed", "UMLS": "", "start": 48, "end": 54}], "Outcome": [{"term": "hACE2 recognition", "negation": "affirmed", "UMLS": "", "start": 58, "end": 75}]}, "Evidence Propositions": []}, {"Section": "CONCLUSIONS", "Text": "This study provides guidance for intervention strategies targeting receptor recognition by SARS-CoV-2 .", "Evidence Elements": {"Participant": [], "Intervention": [], "Outcome": [{"term": "receptor", "negation": "affirmed", "UMLS": "", "start": 67, "end": 75}]}, "Evidence Propositions": []}]}