{"doc_id": "32222463", "type of study": "Therapy", "title": "", "abstract": "A new human coronavirus (HCoV), which has been designated SARS-CoV-2, began spreading in December 2019 in Wuhan City, China causing pneumonia called COVID-19.\nThe spread of SARS-CoV-2 has been faster than any other coronaviruses that have succeeded in crossing the animal-human barrier.\nThere is concern that this new virus will spread around the world as did the previous two HCoVs:Severe Acute Respiratory Syndrome (SARS) and Middle East Respiratory Syndrome (MERS):each of which caused approximately 800 deaths in the years 2002 and 2012, respectively.\nThus far, 11,268 deaths have been reported from the 258,842 confirmed infections in 168 countries.\nIn this study, the RNA-dependent RNA polymerase (RdRp) of the newly emerged coronavirus is modeled, validated, and then targeted using different anti-polymerase drugs currently on the market that have been approved for use against various viruses.\nThe results suggest the effectiveness of Ribavirin, Remdesivir, Sofosbuvir, Galidesivir, and Tenofovir as potent drugs against SARS-CoV-2 since they tightly bind to its RdRp.\nIn addition, the results suggest guanosine derivative (IDX-184), Setrobuvir, and YAK as top seeds for antiviral treatments with high potential to fight the SARS-CoV-2 strain specifically.\nThe availability of FDA-approved anti-RdRp drugs can help treat patients and reduce the danger of the mysterious new viral infection COVID-19.\nThe drugs mentioned above can tightly bind to the RdRp of the SARS-CoV-2 strain and thus may be used to treat the disease.\nNo toxicity measurements are required for these drugs since they were previously tested prior to their approval by the FDA.\nSARS-CoV-2 RdRp shares 97% sequence identity to SARS.\nSARS-CoV-2 RdRp model is built to study different inhibitors.\nRibavirin, Remdesivir, Sofosbuvir, Galidesivir, and Tenofovir can bind tightly the RdRp of SARS-CoV-2.\nSetrobuvir, YAK, and IDX-184 can be used as potent compounds against SARS-CoV-2 RdRp.\n", "Evidence Map": {"Enrollment": [{"term": "SARS-CoV-2", "negation": "affirmed", "UMLS": "", "start": 131, "end": 141}], "Comparison Results": [], "Study Arm 1 Results": [], "Study Arm 2 Results": []}, "Sentence-level breakdown": [{"Section": "TITLE", "Text": "A new human coronavirus ( HCoV ) , which has been designated SARS-CoV-2 , began spreading in December 2019 in Wuhan City , China causing pneumonia called COVID-19 .", "Evidence Elements": {"Participant": [], "Intervention": [], "Outcome": []}, "Evidence Propositions": []}, {"Section": "RESULTS", "Text": "The spread of SARS-CoV-2 has been faster than any other coronaviruses that have succeeded in crossing the animal-human barrier .", "Evidence Elements": {"Participant": [], "Intervention": [{"term": "SARS-CoV-2", "negation": "affirmed", "UMLS": "", "start": 14, "end": 24}], "Outcome": [{"term": "spread", "negation": "affirmed", "UMLS": "", "start": 4, "end": 10}]}, "Evidence Propositions": [{"Intervention": ["SARS-CoV-2"], "Observation": "faster", "Outcome": "spread", "Count": ""}]}, {"Section": "RESULTS", "Text": "There is concern that this new virus will spread around the world as did the previous two HCoVs : Severe Acute Respiratory Syndrome ( SARS ) and Middle East Respiratory Syndrome ( MERS ) : each of which caused approximately 800 deaths in the years 2002 and 2012 , respectively .", "Evidence Elements": {"Participant": [], "Intervention": [], "Outcome": []}, "Evidence Propositions": []}, {"Section": "RESULTS", "Text": "Thus far , 11,268 deaths have been reported from the 258,842 confirmed infections in 168 countries .", "Evidence Elements": {"Participant": [], "Intervention": [], "Outcome": [{"term": "deaths", "negation": "affirmed", "UMLS": "", "start": 18, "end": 24}]}, "Evidence Propositions": []}, {"Section": "RESULTS", "Text": "In this study , the RNA-dependent RNA polymerase ( RdRp ) of the newly emerged coronavirus is modeled , validated , and then targeted using different anti-polymerase drugs currently on the market that have been approved for use against various viruses .", "Evidence Elements": {"Participant": [], "Intervention": [], "Outcome": [{"term": "RNA-dependent RNA polymerase ( RdRp )", "negation": "affirmed", "UMLS": "", "start": 20, "end": 57}]}, "Evidence Propositions": []}, {"Section": "RESULTS", "Text": "The results suggest the effectiveness of Ribavirin , Remdesivir , Sofosbuvir , Galidesivir , and Tenofovir as potent drugs against SARS-CoV-2 since they tightly bind to its RdRp .", "Evidence Elements": {"Participant": [{"term": "SARS-CoV-2", "negation": "affirmed", "UMLS": "", "start": 131, "end": 141}], "Intervention": [{"term": "Ribavirin", "negation": "affirmed", "UMLS": "", "start": 41, "end": 50}, {"term": "Remdesivir", "negation": "affirmed", "UMLS": "", "start": 53, "end": 63}, {"term": "Sofosbuvir", "negation": "affirmed", "UMLS": "", "start": 66, "end": 76}, {"term": "Galidesivir", "negation": "affirmed", "UMLS": "", "start": 79, "end": 90}, {"term": "Tenofovir", "negation": "affirmed", "UMLS": "", "start": 97, "end": 106}], "Outcome": []}, "Evidence Propositions": []}, {"Section": "RESULTS", "Text": "In addition , the results suggest guanosine derivative ( IDX-184 ) , Setrobuvir , and YAK as top seeds for antiviral treatments with high potential to fight the SARS-CoV-2 strain specifically .", "Evidence Elements": {"Participant": [], "Intervention": [{"term": "guanosine derivative ( IDX-184 )", "negation": "affirmed", "UMLS": "", "start": 34, "end": 66}, {"term": "Setrobuvir", "negation": "affirmed", "UMLS": "", "start": 69, "end": 79}, {"term": "YAK", "negation": "affirmed", "UMLS": "", "start": 86, "end": 89}], "Outcome": []}, "Evidence Propositions": []}, {"Section": "RESULTS", "Text": "The availability of FDA-approved anti-RdRp drugs can help treat patients and reduce the danger of the mysterious new viral infection COVID-19 .", "Evidence Elements": {"Participant": [], "Intervention": [], "Outcome": []}, "Evidence Propositions": []}, {"Section": "RESULTS", "Text": "The drugs mentioned above can tightly bind to the RdRp of the SARS-CoV-2 strain and thus may be used to treat the disease .", "Evidence Elements": {"Participant": [], "Intervention": [], "Outcome": []}, "Evidence Propositions": []}, {"Section": "RESULTS", "Text": "No toxicity measurements are required for these drugs since they were previously tested prior to their approval by the FDA .", "Evidence Elements": {"Participant": [], "Intervention": [], "Outcome": []}, "Evidence Propositions": []}, {"Section": "RESULTS", "Text": "SARS-CoV-2 RdRp shares 97 % sequence identity to SARS .", "Evidence Elements": {"Participant": [], "Intervention": [{"term": "SARS-CoV-2 RdRp", "negation": "affirmed", "UMLS": "", "start": 0, "end": 15}], "Outcome": []}, "Evidence Propositions": []}, {"Section": "RESULTS", "Text": "SARS-CoV-2 RdRp model is built to study different inhibitors .", "Evidence Elements": {"Participant": [], "Intervention": [], "Outcome": []}, "Evidence Propositions": []}, {"Section": "CONCLUSIONS", "Text": "Ribavirin , Remdesivir , Sofosbuvir , Galidesivir , and Tenofovir can bind tightly the RdRp of SARS-CoV-2 .", "Evidence Elements": {"Participant": [], "Intervention": [{"term": "Ribavirin", "negation": "affirmed", "UMLS": "", "start": 0, "end": 9}, {"term": "Remdesivir", "negation": "affirmed", "UMLS": "", "start": 12, "end": 22}, {"term": "Sofosbuvir", "negation": "affirmed", "UMLS": "", "start": 25, "end": 35}, {"term": "Galidesivir", "negation": "affirmed", "UMLS": "", "start": 38, "end": 49}, {"term": "Tenofovir", "negation": "affirmed", "UMLS": "", "start": 56, "end": 65}], "Outcome": []}, "Evidence Propositions": []}, {"Section": "CONCLUSIONS", "Text": "Setrobuvir , YAK , and IDX-184 can be used as potent compounds against SARS-CoV-2 RdRp .", "Evidence Elements": {"Participant": [], "Intervention": [], "Outcome": []}, "Evidence Propositions": []}]}