{"doc_id": "32232685", "type of study": "Therapy", "title": "", "abstract": "The outbreak of a novel coronavirus (2019-nCoV)-infected pneumonia (NCIP) is currently ongoing in China.\nMost of the critically ill patients received high-flow nasal cannula (HFNC) oxygen therapy.\nHowever, the experience of HFNC in this population is lacking.\nWe retrospectively screened 318 confirmed patients with NCIP in two hospitals of Chongqing, China, from January 1st to March 4th, 2020.\nAmong them, 27 (8.4%) patients experienced severe acute respiratory failure including 17 patients (63%) treated with HFNC as first-line therapy, 9 patients (33%) treated with noninvasive ventilation (NIV) and one patient (4%) treated with invasive ventilation.\nHFNC failure was defined by the need of NIV or intubation as rescue therapy.\nOf the 17 HFNC patients, 7 (41%) experienced HFNC failure.\nThe HFNC failure rate was 0% (0/6) in patients with PaO2/FiO2 > 200 mm Hg vs. 63% (7/11) in those with PaO2/FiO2 <= 200 mm Hg (p = 0.04).\nCompared with baseline data, the respiratory rate significantly decreased after 1-2 h of HFNC in successful group [median 26 (IQR: 25-29) vs. 23 (22-25), p = 0.03].\nHowever, it did not in the unsuccessful group.\nAfter initiation of NIV as rescue therapy among the 7 patients with HFNC failure, PaO2/FiO2 significantly improved after 1-2 h of NIV [median 172 (150-208) mmHg vs. 114 (IQR: 79-130) under HFNC, p = 0.04].\nHowever, two out of seven (29%) patients with NIV as rescue therapy ultimately received intubation.\nAmong the 27 patients with severe acute respiratory failure, four patients were eventually intubated (15%).\nOur study indicated that HFNC was the most common ventilation support for patients with NCIP.\nPatients with lower PaO2/FiO2 were more likely to experience HFNC failure.\n", "Evidence Map": {"Enrollment": [{"term": "critically ill", "negation": "affirmed", "UMLS": "", "start": 12, "end": 26}, {"term": "NCIP", "negation": "affirmed", "UMLS": "", "start": 56, "end": 60}, {"term": "severe acute respiratory failure", "negation": "affirmed", "UMLS": "", "start": 47, "end": 79}, {"term": "FiO2", "negation": "affirmed", "UMLS": "", "start": 64, "end": 68}, {"term": "HFNC failure", "negation": "affirmed", "UMLS": "", "start": 68, "end": 80}, {"term": "severe acute respiratory failure", "negation": "affirmed", "UMLS": "", "start": 27, "end": 59}, {"term": "NCIP", "negation": "affirmed", "UMLS": "", "start": 88, "end": 92}, {"term": "lower", "negation": "affirmed", "UMLS": "", "start": 14, "end": 19}, {"term": "FiO2", "negation": "affirmed", "UMLS": "", "start": 27, "end": 31}], "Comparison Results": [], "Study Arm 1 Results": [], "Study Arm 2 Results": []}, "Sentence-level breakdown": [{"Section": "TITLE", "Text": "The outbreak of a novel coronavirus ( 2019-nCoV ) -infected pneumonia ( NCIP ) is currently ongoing in China .", "Evidence Elements": {"Participant": [], "Intervention": [], "Outcome": []}, "Evidence Propositions": []}, {"Section": "METHODS", "Text": "We retrospectively screened 318 confirmed patients with NCIP in two hospitals of Chongqing , China , from January 1st to March 4th , 2020 .", "Evidence Elements": {"Participant": [{"term": "NCIP", "negation": "affirmed", "UMLS": "", "start": 56, "end": 60}], "Intervention": [], "Outcome": []}, "Evidence Propositions": []}, {"Section": "METHODS", "Text": "Among them , 27 ( 8.4 % ) patients experienced severe acute respiratory failure including 17 patients ( 63 % ) treated with HFNC as first-line therapy , 9 patients ( 33 % ) treated with noninvasive ventilation ( NIV ) and one patient ( 4 % ) treated with invasive ventilation .", "Evidence Elements": {"Participant": [{"term": "severe acute respiratory failure", "negation": "affirmed", "UMLS": "", "start": 47, "end": 79}], "Intervention": [{"term": "HFNC", "negation": "affirmed", "UMLS": "", "start": 124, "end": 128}], "Outcome": []}, "Evidence Propositions": []}, {"Section": "METHODS", "Text": "HFNC failure was defined by the need of NIV or intubation as rescue therapy .", "Evidence Elements": {"Participant": [], "Intervention": [], "Outcome": [{"term": "HFNC failure", "negation": "affirmed", "UMLS": "", "start": 0, "end": 12}, {"term": "NIV", "negation": "affirmed", "UMLS": "", "start": 40, "end": 43}]}, "Evidence Propositions": []}, {"Section": "RESULTS", "Text": "Of the 17 HFNC patients , 7 ( 41 % ) experienced HFNC failure .", "Evidence Elements": {"Participant": [], "Intervention": [{"term": "HFNC", "negation": "affirmed", "UMLS": "", "start": 10, "end": 14}], "Outcome": []}, "Evidence Propositions": []}, {"Section": "RESULTS", "Text": "The HFNC failure rate was 0 % ( 0 / 6 ) in patients with PaO2 / FiO2 > 200 mm Hg vs . 63 % ( 7 / 11 ) in those with PaO2 / FiO2 < = 200 mm Hg ( p = 0.04 ) .", "Evidence Elements": {"Participant": [{"term": "FiO2", "negation": "affirmed", "UMLS": "", "start": 64, "end": 68}], "Intervention": [{"term": "FiO2 > 200 mm Hg", "negation": "affirmed", "UMLS": "", "start": 64, "end": 80}], "Outcome": [{"term": "HFNC failure rate", "negation": "affirmed", "UMLS": "", "start": 4, "end": 21}]}, "Evidence Propositions": [{"Intervention": "FiO2 > 200 mm Hg", "Observation": "0 % (", "Outcome": "HFNC failure rate", "Count": ""}, {"Intervention": "FiO2 > 200 mm Hg", "Observation": "", "Count": "6 )", "Outcome": "HFNC failure rate"}]}, {"Section": "RESULTS", "Text": "Compared with baseline data , the respiratory rate significantly decreased after 1-2 h of HFNC in successful group [ median 26 ( IQR : 25-29 ) vs . 23 ( 22-25 ) , p = 0.03 ] .", "Evidence Elements": {"Participant": [], "Intervention": [{"term": "HFNC", "negation": "affirmed", "UMLS": "", "start": 90, "end": 94}, {"term": "successful", "negation": "affirmed", "UMLS": "", "start": 98, "end": 108}], "Outcome": [{"term": "respiratory rate", "negation": "affirmed", "UMLS": "", "start": 34, "end": 50}]}, "Evidence Propositions": []}, {"Section": "RESULTS", "Text": "However , it did not in the unsuccessful group .", "Evidence Elements": {"Participant": [], "Intervention": [{"term": "unsuccessful", "negation": "negated", "UMLS": "", "start": 28, "end": 40}], "Outcome": []}, "Evidence Propositions": []}, {"Section": "RESULTS", "Text": "After initiation of NIV as rescue therapy among the 7 patients with HFNC failure , PaO2 / FiO2 significantly improved after 1-2 h of NIV [ median 172 ( 150-208 ) mmHg vs . 114 ( IQR : 79-130 ) under HFNC , p= 0.04 ] .", "Evidence Elements": {"Participant": [{"term": "HFNC failure", "negation": "affirmed", "UMLS": "", "start": 68, "end": 80}], "Intervention": [{"term": "NIV", "negation": "affirmed", "UMLS": "", "start": 20, "end": 23}, {"term": "NIV", "negation": "affirmed", "UMLS": "", "start": 20, "end": 23}], "Outcome": [{"term": "FiO2", "negation": "affirmed", "UMLS": "", "start": 90, "end": 94}, {"term": "median", "negation": "affirmed", "UMLS": "", "start": 139, "end": 145}]}, "Evidence Propositions": []}, {"Section": "RESULTS", "Text": "However , two out of seven ( 29 % ) patients with NIV as rescue therapy ultimately received intubation .", "Evidence Elements": {"Participant": [], "Intervention": [{"term": "NIV", "negation": "affirmed", "UMLS": "", "start": 50, "end": 53}], "Outcome": []}, "Evidence Propositions": []}, {"Section": "RESULTS", "Text": "Among the 27 patients with severe acute respiratory failure , four patients were eventually intubated ( 15 % ) .", "Evidence Elements": {"Participant": [{"term": "severe acute respiratory failure", "negation": "affirmed", "UMLS": "", "start": 27, "end": 59}], "Intervention": [], "Outcome": [{"term": "eventually intubated", "negation": "affirmed", "UMLS": "", "start": 81, "end": 101}]}, "Evidence Propositions": []}, {"Section": "CONCLUSIONS", "Text": "Our study indicated that HFNC was the most common ventilation support for patients with NCIP .", "Evidence Elements": {"Participant": [{"term": "NCIP", "negation": "affirmed", "UMLS": "", "start": 88, "end": 92}], "Intervention": [{"term": "HFNC", "negation": "affirmed", "UMLS": "", "start": 25, "end": 29}, {"term": "ventilation support", "negation": "affirmed", "UMLS": "", "start": 50, "end": 69}], "Outcome": []}, "Evidence Propositions": []}, {"Section": "CONCLUSIONS", "Text": "Patients with lower PaO2 / FiO2 were more likely to experience HFNC failure .", "Evidence Elements": {"Participant": [{"term": "lower", "negation": "affirmed", "UMLS": "", "start": 14, "end": 19}, {"term": "FiO2", "negation": "affirmed", "UMLS": "", "start": 27, "end": 31}], "Intervention": [], "Outcome": [{"term": "HFNC failure", "negation": "affirmed", "UMLS": "", "start": 63, "end": 75}]}, "Evidence Propositions": [{"Intervention": [], "Observation": "more likely", "Outcome": "HFNC failure", "Count": ""}]}]}