{"doc_id": "32239125", "type of study": "Therapy", "title": "", "abstract": "El 31 de diciembre de 2019 se detecto en la ciudad de Wuhan (China) un brote neumonia causado por un nuevo coronavirus (SARS-CoV-2).\nDebido a la elevada capacidad de difusion e infeccion humana se ha convertido en una nueva pandemia zoonotica.\nLa ausencia de una vacuna ha determinado la busqueda de farmacos antivirales con capacidad para inhibir la replicacion del nuevo virus.\nDe entre ellos, remdesivir, un analogo de la adenosina, es el que parece tener un futuro mas prometedor.\nEste farmaco ha mostrado in vitro y en animales una elevada capacidad para bloquear la infeccion y replicacion viral con unas concentraciones alcanzables en el plasma humano.\nAunque todos los estudios se han realizado con el SARS-CoV y el MERS-CoV, parece que por analogia virologica y funcional, remdesivir es de los pocos antivirales con demostrada eficacia.\nSin embargo, se precisan estudios y ensayos clinicos en humanos para conocer el resultado de su aplicacion en los mismos.\n", "Evidence Map": {"Enrollment": [{"term": "pandemia zoonotica", "negation": "affirmed", "UMLS": "", "start": 91, "end": 109}], "Comparison Results": [], "Study Arm 1 Results": [], "Study Arm 2 Results": []}, "Sentence-level breakdown": [{"Section": "TITLE", "Text": "El 31 de diciembre de 2019 se detecto en la ciudad de Wuhan ( China ) un brote neumonia causado por un nuevo coronavirus ( SARS-CoV-2 ) .", "Evidence Elements": {"Participant": [], "Intervention": [], "Outcome": [{"term": "brote neumonia causado", "negation": "affirmed", "UMLS": "", "start": 73, "end": 95}, {"term": "nuevo", "negation": "affirmed", "UMLS": "", "start": 103, "end": 108}]}, "Evidence Propositions": []}, {"Section": "METHODS", "Text": "La ausencia de una vacuna ha determinado la busqueda de farmacos antivirales con capacidad para inhibir la replicacion del nuevo virus .", "Evidence Elements": {"Participant": [], "Intervention": [{"term": "una vacuna", "negation": "affirmed", "UMLS": "", "start": 15, "end": 25}], "Outcome": [{"term": "busqueda de farmacos antivirales con capacidad", "negation": "affirmed", "UMLS": "", "start": 44, "end": 90}, {"term": "replicacion del nuevo virus", "negation": "affirmed", "UMLS": "", "start": 107, "end": 134}]}, "Evidence Propositions": [{"Intervention": "una vacuna", "Observation": "determinado", "Outcome": "busqueda de farmacos antivirales con capacidad", "Count": ""}]}, {"Section": "METHODS", "Text": "De entre ellos , remdesivir , un analogo de la adenosina , es el que parece tener un futuro mas prometedor .", "Evidence Elements": {"Participant": [], "Intervention": [{"term": "remdesivir", "negation": "affirmed", "UMLS": "", "start": 17, "end": 27}], "Outcome": []}, "Evidence Propositions": []}, {"Section": "METHODS", "Text": "Este farmaco ha mostrado in vitro y en animales una elevada capacidad para bloquear la infeccion y replicacion viral con unas concentraciones alcanzables en el plasma humano .", "Evidence Elements": {"Participant": [], "Intervention": [], "Outcome": [{"term": "elevada", "negation": "affirmed", "UMLS": "", "start": 52, "end": 59}, {"term": "viral", "negation": "affirmed", "UMLS": "", "start": 111, "end": 116}]}, "Evidence Propositions": []}, {"Section": "METHODS", "Text": "Aunque todos los estudios se han realizado con el SARS-CoV y el MERS-CoV , parece que por analogia virologica y funcional , remdesivir es de los pocos antivirales con demostrada eficacia .", "Evidence Elements": {"Participant": [], "Intervention": [{"term": "SARS-CoV", "negation": "affirmed", "UMLS": "", "start": 50, "end": 58}], "Outcome": [{"term": "MERS-CoV", "negation": "affirmed", "UMLS": "", "start": 64, "end": 72}]}, "Evidence Propositions": []}, {"Section": "CONCLUSIONS", "Text": "Sin embargo , se precisan estudios y ensayos clinicos en humanos para conocer el resultado de su aplicacion en los mismos .", "Evidence Elements": {"Participant": [], "Intervention": [], "Outcome": []}, "Evidence Propositions": []}]}