{"doc_id": "32238094", "type of study": "Therapy", "title": "", "abstract": "Recently, the world has witnessed outbreak of a novel Coronavirus (SARS-CoV-2), the virus which initially emerged in Wuhan, China has now made its way to a large part of the world, resulting in a public emergency of international concern.\nThe functional importance of Chymotrypsin-like protease (3CLpro) in viral replication and maturation turns it into an attractive target for the development of effective antiviral drugs against SARS and other coronaviruses.\nAt present, there is no standard drug regime nor any vaccine available against the infection.\nThe rapid development and identification of efficient interventions against SARS-CoV-2 remains a major challenge.\nBased on the available knowledge of closely related coronavirus and their safety profiles, repurposing of existing antiviral drugs and screening of available databases is considered a near term strategic and economic way to contain the SARS-CoV-2 pandemic.\nHerein, we applied computational drug design methods to identify Chymotrypsin-like protease inhibitors from FDA approved antiviral drugs and our in-house database of natural and drug-like compounds of synthetic origin.\nAs a result three FDA approved drugs (Remdesivir, Saquinavir and Darunavir) and two natural compounds (.\nflavone and coumarine derivatives) were identified as promising hits.\nFurther, MD simulation and binding free energy calculations were performed to evaluate the dynamic behavior, stability of protein-ligand contact, and binding affinity of the hit compounds.\nOur results indicate that the identified compounds can inhibit the function of Chymotrypsin-like protease (3CLpro) of Coronavirus.\nConsidering the severity of the spread of coronavirus, the current study is in-line with the concept of finding the new inhibitors against the vital pathway of the corona virus to expedite the process of drug discovery.\nCommunicated by Ramaswamy H. Sarma.\n", "Evidence Map": {"Enrollment": [], "Comparison Results": [], "Study Arm 1 Results": [], "Study Arm 2 Results": []}, "Sentence-level breakdown": [{"Section": "TITLE", "Text": "Recently , the world has witnessed outbreak of a novel Coronavirus ( SARS-CoV-2 ) , the virus which initially emerged in Wuhan , China has now made its way to a large part of the world , resulting in a public emergency of international concern .", "Evidence Elements": {"Participant": [], "Intervention": [], "Outcome": []}, "Evidence Propositions": []}, {"Section": "METHODS", "Text": "Herein , we applied computational drug design methods to identify Chymotrypsin-like protease inhibitors from FDA approved antiviral drugs and our in-house database of natural and drug-like compounds of synthetic origin .", "Evidence Elements": {"Participant": [], "Intervention": [], "Outcome": [{"term": "Chymotrypsin-like protease inhibitors", "negation": "affirmed", "UMLS": "", "start": 66, "end": 103}]}, "Evidence Propositions": []}, {"Section": "RESULTS", "Text": "As a result three FDA approved drugs ( Remdesivir , Saquinavir and Darunavir ) and two natural compounds ( .", "Evidence Elements": {"Participant": [], "Intervention": [], "Outcome": []}, "Evidence Propositions": []}, {"Section": "RESULTS", "Text": "flavone and coumarine derivatives ) were identified as promising hits .", "Evidence Elements": {"Participant": [], "Intervention": [], "Outcome": []}, "Evidence Propositions": []}, {"Section": "RESULTS", "Text": "Further , MD simulation and binding free energy calculations were performed to evaluate the dynamic behavior , stability of protein-ligand contact , and binding affinity of the hit compounds .", "Evidence Elements": {"Participant": [], "Intervention": [], "Outcome": [{"term": "binding free energy", "negation": "affirmed", "UMLS": "", "start": 28, "end": 47}, {"term": "dynamic behavior", "negation": "affirmed", "UMLS": "", "start": 92, "end": 108}, {"term": "stability of protein-ligand contact", "negation": "affirmed", "UMLS": "", "start": 111, "end": 146}, {"term": "binding affinity", "negation": "affirmed", "UMLS": "", "start": 153, "end": 169}]}, "Evidence Propositions": []}, {"Section": "RESULTS", "Text": "Our results indicate that the identified compounds can inhibit the function of Chymotrypsin-like protease ( 3CLpro ) of Coronavirus .", "Evidence Elements": {"Participant": [], "Intervention": [{"term": "compounds", "negation": "affirmed", "UMLS": "", "start": 41, "end": 50}], "Outcome": [{"term": "function of Chymotrypsin-like protease ( 3CLpro )", "negation": "affirmed", "UMLS": "", "start": 67, "end": 116}]}, "Evidence Propositions": [{"Intervention": "compounds", "Observation": "inhibit", "Outcome": "function of Chymotrypsin-like protease ( 3CLpro )", "Count": ""}]}, {"Section": "RESULTS", "Text": "Considering the severity of the spread of coronavirus , the current study is in-line with the concept of finding the new inhibitors against the vital pathway of the corona virus to expedite the process of drug discovery .", "Evidence Elements": {"Participant": [], "Intervention": [], "Outcome": []}, "Evidence Propositions": []}, {"Section": "CONCLUSIONS", "Text": "Communicated by Ramaswamy H. Sarma .", "Evidence Elements": {"Participant": [], "Intervention": [{"term": "H.", "negation": "affirmed", "UMLS": "", "start": 26, "end": 28}], "Outcome": []}, "Evidence Propositions": []}]}