{"doc_id": "32233641", "type of study": "Therapy", "title": "", "abstract": "The novel coronavirus named COVID-19, which originated in Wuhan, China, has spread to many countries around the world.\nCurrently, no effective medical treatment exists to combat this disease.\nTraditional Chinese herbal medicines (CHM) have unique roles in the treatment of viral infections.\nIn this article we analyzed the effectiveness and possible molecular mechanisms of CHM formulas for the prevention of COVID-19.\nThe active ingredients and action targets of CHM formulas were obtained from the TCMSP database.\nGenes related to severe acute respiratory syndromes (SARS) and Middle East respiratory syndrome (MERS) were queried on the GeneCards database.\nThe action mechanisms of these genes were predicted using a Gene Ontology (GO)-based functional enrichment and annotation tool and the Kyoto Encyclopedia of Genes and Genomes (KEGG).\nCHM formulas played a positive role in preventing COVID-19 and warrant further application.\nOur research provides new evidence to support the possible value of CHM formulas for the prevention of COVID-19.\nHowever, further clinical studies with large sample sizes are required to verify their effectiveness.\n", "Evidence Map": {"Enrollment": [{"term": "Middle East respiratory syndrome ( MERS )", "negation": "affirmed", "UMLS": "", "start": 65, "end": 106}], "Comparison Results": [], "Study Arm 1 Results": [], "Study Arm 2 Results": []}, "Sentence-level breakdown": [{"Section": "TITLE", "Text": "The novel coronavirus named COVID-19 , which originated in Wuhan , China , has spread to many countries around the world .", "Evidence Elements": {"Participant": [], "Intervention": [], "Outcome": []}, "Evidence Propositions": []}, {"Section": "OBJECTIVE", "Text": "In this article we analyzed the effectiveness and possible molecular mechanisms of CHM formulas for the prevention of COVID-19 .", "Evidence Elements": {"Participant": [], "Intervention": [{"term": "CHM formulas", "negation": "affirmed", "UMLS": "", "start": 83, "end": 95}], "Outcome": [{"term": "effectiveness", "negation": "affirmed", "UMLS": "", "start": 32, "end": 45}, {"term": "possible", "negation": "affirmed", "UMLS": "", "start": 50, "end": 58}, {"term": "molecular mechanisms", "negation": "affirmed", "UMLS": "", "start": 59, "end": 79}, {"term": "COVID-19", "negation": "affirmed", "UMLS": "", "start": 118, "end": 126}]}, "Evidence Propositions": [{"Intervention": "CHM formulas", "Observation": "prevention", "Outcome": "effectiveness", "Count": ""}, {"Intervention": "CHM formulas", "Observation": "prevention", "Outcome": "COVID-19", "Count": ""}]}, {"Section": "METHODS", "Text": "The active ingredients and action targets of CHM formulas were obtained from the TCMSP database .", "Evidence Elements": {"Participant": [], "Intervention": [{"term": "CHM formulas", "negation": "affirmed", "UMLS": "", "start": 45, "end": 57}], "Outcome": [{"term": "active ingredients and action targets", "negation": "affirmed", "UMLS": "", "start": 4, "end": 41}]}, "Evidence Propositions": []}, {"Section": "METHODS", "Text": "Genes related to severe acute respiratory syndromes ( SARS ) and Middle East respiratory syndrome ( MERS ) were queried on the GeneCards database .", "Evidence Elements": {"Participant": [{"term": "Middle East respiratory syndrome ( MERS )", "negation": "affirmed", "UMLS": "", "start": 65, "end": 106}], "Intervention": [], "Outcome": [{"term": "Genes related to severe acute respiratory syndromes ( SARS )", "negation": "affirmed", "UMLS": "", "start": 0, "end": 60}]}, "Evidence Propositions": []}, {"Section": "METHODS", "Text": "The action mechanisms of these genes were predicted using a Gene Ontology ( GO ) -based functional enrichment and annotation tool and the Kyoto Encyclopedia of Genes and Genomes ( KEGG ) .", "Evidence Elements": {"Participant": [], "Intervention": [], "Outcome": [{"term": "action mechanisms", "negation": "affirmed", "UMLS": "", "start": 4, "end": 21}]}, "Evidence Propositions": []}, {"Section": "RESULTS", "Text": "CHM formulas played a positive role in preventing COVID-19 and warrant further application .", "Evidence Elements": {"Participant": [], "Intervention": [{"term": "CHM formulas", "negation": "affirmed", "UMLS": "", "start": 0, "end": 12}], "Outcome": [{"term": "COVID-19", "negation": "affirmed", "UMLS": "", "start": 50, "end": 58}]}, "Evidence Propositions": [{"Intervention": "CHM formulas", "Observation": "positive role", "Outcome": "COVID-19", "Count": ""}]}, {"Section": "CONCLUSIONS", "Text": "Our research provides new evidence to support the possible value of CHM formulas for the prevention of COVID-19 .", "Evidence Elements": {"Participant": [], "Intervention": [{"term": "CHM formulas", "negation": "affirmed", "UMLS": "", "start": 68, "end": 80}], "Outcome": [{"term": "COVID-19", "negation": "affirmed", "UMLS": "", "start": 103, "end": 111}]}, "Evidence Propositions": [{"Intervention": "CHM formulas", "Observation": "prevention", "Outcome": "COVID-19", "Count": ""}]}, {"Section": "CONCLUSIONS", "Text": "However , further clinical studies with large sample sizes are required to verify their effectiveness .", "Evidence Elements": {"Participant": [], "Intervention": [], "Outcome": []}, "Evidence Propositions": []}]}