{"doc_id": "32245264", "type of study": "Therapy", "title": "", "abstract": "The COVID-19 coronavirus is currently spreading around the globe with limited treatment options available.\nThis article presents the rationale for potentially using old drugs (emetine, other ipecac alkaloids or analogues) that have been used to treat amoebiasis in the treatment of COVID-19.\nEmetine had amongst the lowest reported half-maximal effective concentration (EC50) from over 290 agents screened for the Middle East respiratory syndrome (MERS) and severe acute respiratory syndrome (SARS) coronaviruses.\nWhile EC50 concentrations of emetine are achievable in the blood, studies show that concentrations of emetine can be almost 300 times higher in the lungs.\nFurthermore, based on the relative EC50s of emetine towards the coronaviruses compared with Entamoeba histolytica, emetine could be much more effective as an anti-coronavirus agent than it is against amoebiasis.\nThis paper also discusses the known side effects of emetine and related compounds, how those side effects can be managed, and the optimal method of administration for the potential treatment of COVID-19.\nGiven the serious and immediate threat that the COVID-19 coronavirus poses, our long history with emetine and the likely ability of emetine to reach therapeutic concentrations within the lungs, ipecac, emetine, and other analogues should be considered as potential treatment options, especially if in vitro studies confirm viral sensitivity.\n", "Evidence Map": {"Enrollment": [{"term": "amoebiasis", "negation": "affirmed", "UMLS": "", "start": 147, "end": 157}, {"term": "Middle East respiratory syndrome ( MERS )", "negation": "affirmed", "UMLS": "", "start": 124, "end": 165}, {"term": "severe acute", "negation": "affirmed", "UMLS": "", "start": 170, "end": 182}], "Comparison Results": [], "Study Arm 1 Results": [], "Study Arm 2 Results": []}, "Sentence-level breakdown": [{"Section": "TITLE", "Text": "The COVID-19 coronavirus is currently spreading around the globe with limited treatment options available .", "Evidence Elements": {"Participant": [], "Intervention": [], "Outcome": []}, "Evidence Propositions": []}, {"Section": "OBJECTIVE", "Text": "This article presents the rationale for potentially using old drugs ( emetine , other ipecac alkaloids or analogues ) that have been used to treat amoebiasis in the treatment of COVID-19 .", "Evidence Elements": {"Participant": [{"term": "amoebiasis", "negation": "affirmed", "UMLS": "", "start": 147, "end": 157}], "Intervention": [], "Outcome": []}, "Evidence Propositions": []}, {"Section": "RESULTS", "Text": "Emetine had amongst the lowest reported half-maximal effective concentration ( EC50 ) from over 290 agents screened for the Middle East respiratory syndrome ( MERS ) and severe acute respiratory syndrome ( SARS ) coronaviruses .", "Evidence Elements": {"Participant": [{"term": "Middle East respiratory syndrome ( MERS )", "negation": "affirmed", "UMLS": "", "start": 124, "end": 165}, {"term": "severe acute", "negation": "affirmed", "UMLS": "", "start": 170, "end": 182}], "Intervention": [{"term": "Emetine", "negation": "affirmed", "UMLS": "", "start": 0, "end": 7}], "Outcome": [{"term": "half-maximal effective concentration ( EC50 )", "negation": "affirmed", "UMLS": "", "start": 40, "end": 85}]}, "Evidence Propositions": []}, {"Section": "CONCLUSIONS", "Text": "While EC50 concentrations of emetine are achievable in the blood , studies show that concentrations of emetine can be almost 300 times higher in the lungs .", "Evidence Elements": {"Participant": [], "Intervention": [], "Outcome": []}, "Evidence Propositions": []}, {"Section": "CONCLUSIONS", "Text": "Furthermore , based on the relative EC50s of emetine towards the coronaviruses compared with Entamoeba histolytica , emetine could be much more effective as an anti-coronavirus agent than it is against amoebiasis .", "Evidence Elements": {"Participant": [], "Intervention": [{"term": "emetine towards the coronaviruses", "negation": "affirmed", "UMLS": "", "start": 45, "end": 78}, {"term": "Entamoeba histolytica", "negation": "affirmed", "UMLS": "", "start": 93, "end": 114}, {"term": "emetine", "negation": "affirmed", "UMLS": "", "start": 45, "end": 52}], "Outcome": [{"term": "relative EC50s", "negation": "affirmed", "UMLS": "", "start": 27, "end": 41}, {"term": "anti-coronavirus agent", "negation": "affirmed", "UMLS": "", "start": 160, "end": 182}]}, "Evidence Propositions": [{"Intervention": ["emetine towards the coronaviruses", "emetine"], "Observation": "much more effective", "Outcome": "anti-coronavirus agent", "Count": ""}]}, {"Section": "CONCLUSIONS", "Text": "This paper also discusses the known side effects of emetine and related compounds , how those side effects can be managed , and the optimal method of administration for the potential treatment of COVID-19 .", "Evidence Elements": {"Participant": [], "Intervention": [{"term": "emetine", "negation": "affirmed", "UMLS": "", "start": 52, "end": 59}, {"term": "compounds", "negation": "affirmed", "UMLS": "", "start": 72, "end": 81}], "Outcome": [{"term": "side effects", "negation": "affirmed", "UMLS": "", "start": 36, "end": 48}, {"term": "side effects", "negation": "affirmed", "UMLS": "", "start": 36, "end": 48}]}, "Evidence Propositions": []}, {"Section": "CONCLUSIONS", "Text": "Given the serious and immediate threat that the COVID-19 coronavirus poses , our long history with emetine and the likely ability of emetine to reach therapeutic concentrations within the lungs , ipecac , emetine , and other analogues should be considered as potential treatment options , especially if in vitro studies confirm viral sensitivity .", "Evidence Elements": {"Participant": [], "Intervention": [], "Outcome": []}, "Evidence Propositions": []}]}