{"doc_id": "32243266", "type of study": "Therapy", "title": "", "abstract": "Severe cases of coronavirus disease 2019 (COVID-19) cannot be adequately managed with mechanical ventilation alone.\nThe role and outcome of extracorporeal membrane oxygenation (ECMO) in the management of COVID-19 is currently unclear.\nEight COVID-19 patients have received ECMO support in Shanghai with seven with venovenous (VV) ECMO support and one veno arterial (VA) ECMO during cardiopulmonary resuscitation.\nAs of March 25, 2020, four patients died (50% mortality), three patients (37.5%) were successfully weaned off ECMO after 22, 40, and 47 days support, respectively, but remain on mechanical ventilation.\nOne patient is still on VV ECMO with mechanical ventilation.\nThe partial pressure of oxygen/fractional of inspired oxygen ratio before ECMO initiation was between 54 and 76, and all were well below 100.\nThe duration of mechanical ventilation before ECMO ranged from 4 to 21 days.\nExcept the one emergent VA ECMO during cardiopulmonary resuscitation, other patients were on ECMO support for between 18 and 47 days.\nIn conclusion, ensuring effective, timely, and safe ECMO support in COVID-19 is key to improving clinical outcomes.\nExtracorporeal membrane oxygenation support might be an integral part of the critical care provided for COVID-19 patients in centers with advanced ECMO expertise.\n", "Evidence Map": {"Enrollment": [{"term": "COVID-19", "negation": "affirmed", "UMLS": "", "start": 6, "end": 14}, {"term": "cardiopulmonary resuscitation", "negation": "negated", "UMLS": "", "start": 39, "end": 68}, {"term": "COVID-19", "negation": "affirmed", "UMLS": "", "start": 71, "end": 79}], "Comparison Results": [], "Study Arm 1 Results": [], "Study Arm 2 Results": []}, "Sentence-level breakdown": [{"Section": "TITLE", "Text": "Severe cases of coronavirus disease 2019 ( COVID-19 ) cannot be adequately managed with mechanical ventilation alone .", "Evidence Elements": {"Participant": [], "Intervention": [], "Outcome": []}, "Evidence Propositions": []}, {"Section": "METHODS", "Text": "Eight COVID-19 patients have received ECMO support in Shanghai with seven with venovenous ( VV ) ECMO support and one veno arterial ( VA ) ECMO during cardiopulmonary resuscitation .", "Evidence Elements": {"Participant": [{"term": "COVID-19", "negation": "affirmed", "UMLS": "", "start": 6, "end": 14}], "Intervention": [{"term": "ECMO support", "negation": "affirmed", "UMLS": "", "start": 38, "end": 50}, {"term": "venovenous ( VV ) ECMO support", "negation": "affirmed", "UMLS": "", "start": 79, "end": 109}, {"term": "veno arterial ( VA )", "negation": "affirmed", "UMLS": "", "start": 118, "end": 138}], "Outcome": []}, "Evidence Propositions": []}, {"Section": "RESULTS", "Text": "As of March 25 , 2020 , four patients died ( 50 % mortality ) , three patients ( 37.5 % ) were successfully weaned off ECMO after 22 , 40 , and 47 days support , respectively , but remain on mechanical ventilation .", "Evidence Elements": {"Participant": [], "Intervention": [{"term": "off ECMO", "negation": "affirmed", "UMLS": "", "start": 115, "end": 123}], "Outcome": [{"term": "died", "negation": "affirmed", "UMLS": "", "start": 38, "end": 42}, {"term": "mortality", "negation": "affirmed", "UMLS": "", "start": 50, "end": 59}]}, "Evidence Propositions": []}, {"Section": "RESULTS", "Text": "One patient is still on VV ECMO with mechanical ventilation .", "Evidence Elements": {"Participant": [], "Intervention": [{"term": "VV ECMO", "negation": "affirmed", "UMLS": "", "start": 24, "end": 31}], "Outcome": [{"term": "mechanical ventilation", "negation": "affirmed", "UMLS": "", "start": 37, "end": 59}]}, "Evidence Propositions": [{"Intervention": "VV ECMO", "Observation": "", "Count": "One patient", "Outcome": "mechanical ventilation"}]}, {"Section": "RESULTS", "Text": "The partial pressure of oxygen / fractional of inspired oxygen ratio before ECMO initiation was between 54 and 76 , and all were well below 100 .", "Evidence Elements": {"Participant": [], "Intervention": [], "Outcome": []}, "Evidence Propositions": []}, {"Section": "RESULTS", "Text": "The duration of mechanical ventilation before ECMO ranged from 4 to 21 days .", "Evidence Elements": {"Participant": [], "Intervention": [], "Outcome": []}, "Evidence Propositions": []}, {"Section": "RESULTS", "Text": "Except the one emergent VA ECMO during cardiopulmonary resuscitation , other patients were on ECMO support for between 18 and 47 days .", "Evidence Elements": {"Participant": [{"term": "cardiopulmonary resuscitation", "negation": "negated", "UMLS": "", "start": 39, "end": 68}], "Intervention": [{"term": "emergent VA ECMO", "negation": "negated", "UMLS": "", "start": 15, "end": 31}, {"term": "ECMO support", "negation": "negated", "UMLS": "", "start": 94, "end": 106}], "Outcome": []}, "Evidence Propositions": []}, {"Section": "CONCLUSIONS", "Text": "In conclusion , ensuring effective , timely , and safe ECMO support in COVID-19 is key to improving clinical outcomes .", "Evidence Elements": {"Participant": [{"term": "COVID-19", "negation": "affirmed", "UMLS": "", "start": 71, "end": 79}], "Intervention": [], "Outcome": [{"term": "effective", "negation": "affirmed", "UMLS": "", "start": 25, "end": 34}, {"term": "support", "negation": "affirmed", "UMLS": "", "start": 60, "end": 67}]}, "Evidence Propositions": []}, {"Section": "CONCLUSIONS", "Text": "Extracorporeal membrane oxygenation support might be an integral part of the critical care provided for COVID-19 patients in centers with advanced ECMO expertise .", "Evidence Elements": {"Participant": [], "Intervention": [], "Outcome": []}, "Evidence Propositions": []}]}