{"doc_id": "32253400", "type of study": "Therapy", "title": "", "abstract": "Chronic obstructive pulmonary disease (COPD) is a chronic, progressive lung disease with few successful treatments, and is strongly associated with cigarette smoking (CS).\nSince the novel coronavirus has spread worldwide seriously, there is growing concern that patients who have chronic respiratory conditions like COPD can easily be infected and are more prone to having severe illness and even mortality because of lung dysfunction.\nLoquat leaves have long been used as an important material for both pharmaceutical and functional applications in the treatment of lung disease in Asia, especially in China and Japan.\nTotal flavonoids (TF), the main active components derived from loquat leaves, showed remarkable anti-inflammatory and antioxidant activities.\nHowever, their protective activity against CS-induced COPD airway inflammation and oxidative stress and its underlying mechanism still remain not well-understood.\nThe present study uses a CS-induced mouse model to estimate the morphological changes in lung tissue.\nThe results demonstrated that TF suppressed the histological changes in the lungs of CS-challenged mice, as evidenced by reduced generation of pro-inflammatory cytokines including interleukin 6 (IL-6), IL-1beta, tumor necrosis factor alpha (TNF-alpha), nitric oxide (NO), and inducible nitric oxide synthase (iNOS) and diminished the protein expression of transient receptor potential vanilloid 1 (TRPV1).\nMoreover, TF also inhibited phosphorylation of IKK, IkappaB and NFkappaB and increased p-Akt.\nInterestingly, TF could inhibit CS-induced oxidative stress in the lungs of COPD mice.\nTF treatment significantly inhibited the level of malondialdehyde (MDA) and increased the activity of superoxide dismutase (SOD).\nIn addition, TF markedly downregulated TRPV1 and cytochrome P450 2E1 (CYP2E1) and upregulated the expression of SOD-2, while the p-JNK level was observed to be inhibited in COPD mice.\nTaken together, our findings showed that the protective effect and putative mechanism of the action of TF resulted in the inhibition of inflammation and oxidative stress through the regulation of TRPV1 and the related signal pathway in lung tissues.\nIt suggested that TF derived from loquat leaves could be considered to be an alternative or a new functional material and used for the treatment of CS-induced COPD.\n", "Evidence Map": {"Enrollment": [{"term": "CS-challenged", "negation": "affirmed", "UMLS": "", "start": 85, "end": 98}, {"term": "COPD", "negation": "affirmed", "UMLS": "", "start": 77, "end": 81}, {"term": "CS-induced COPD", "negation": "affirmed", "UMLS": "", "start": 148, "end": 163}], "Comparison Results": [], "Study Arm 1 Results": [], "Study Arm 2 Results": []}, "Sentence-level breakdown": [{"Section": "TITLE", "Text": "Chronic obstructive pulmonary disease ( COPD ) is a chronic , progressive lung disease with few successful treatments , and is strongly associated with cigarette smoking ( CS ) .", "Evidence Elements": {"Participant": [], "Intervention": [], "Outcome": []}, "Evidence Propositions": []}, {"Section": "RESULTS", "Text": "The present study uses a CS-induced mouse model to estimate the morphological changes in lung tissue .", "Evidence Elements": {"Participant": [], "Intervention": [], "Outcome": [{"term": "morphological changes in lung tissue", "negation": "affirmed", "UMLS": "", "start": 64, "end": 100}]}, "Evidence Propositions": []}, {"Section": "RESULTS", "Text": "The results demonstrated that TF suppressed the histological changes in the lungs of CS-challenged mice , as evidenced by reduced generation of pro-inflammatory cytokines including interleukin 6 ( IL-6 ) , IL-1beta , tumor necrosis factor alpha ( TNF-alpha ) , nitric oxide ( NO ) , and inducible nitric oxide synthase ( iNOS ) and diminished the protein expression of transient receptor potential vanilloid 1 ( TRPV1 ) .", "Evidence Elements": {"Participant": [{"term": "CS-challenged", "negation": "affirmed", "UMLS": "", "start": 85, "end": 98}], "Intervention": [{"term": "TF", "negation": "affirmed", "UMLS": "", "start": 30, "end": 32}], "Outcome": [{"term": "histological changes", "negation": "affirmed", "UMLS": "", "start": 48, "end": 68}, {"term": "generation of pro-inflammatory cytokines", "negation": "affirmed", "UMLS": "", "start": 130, "end": 170}, {"term": "interleukin 6 ( IL-6 )", "negation": "affirmed", "UMLS": "", "start": 181, "end": 203}, {"term": "IL-1beta", "negation": "affirmed", "UMLS": "", "start": 206, "end": 214}, {"term": "tumor necrosis factor alpha ( TNF-alpha )", "negation": "affirmed", "UMLS": "", "start": 217, "end": 258}, {"term": "nitric oxide ( NO )", "negation": "affirmed", "UMLS": "", "start": 261, "end": 280}, {"term": "inducible nitric oxide synthase ( iNOS", "negation": "negated", "UMLS": "", "start": 287, "end": 325}]}, "Evidence Propositions": []}, {"Section": "RESULTS", "Text": "Moreover , TF also inhibited phosphorylation of IKK , IkappaB and NFkappaB and increased p-Akt .", "Evidence Elements": {"Participant": [], "Intervention": [{"term": "TF", "negation": "affirmed", "UMLS": "", "start": 11, "end": 13}], "Outcome": [{"term": "phosphorylation of IKK", "negation": "affirmed", "UMLS": "", "start": 29, "end": 51}, {"term": "IkappaB and NFkappaB", "negation": "affirmed", "UMLS": "", "start": 54, "end": 74}]}, "Evidence Propositions": []}, {"Section": "RESULTS", "Text": "Interestingly , TF could inhibit CS-induced oxidative stress in the lungs of COPD mice .", "Evidence Elements": {"Participant": [{"term": "COPD", "negation": "affirmed", "UMLS": "", "start": 77, "end": 81}], "Intervention": [{"term": "TF", "negation": "affirmed", "UMLS": "", "start": 16, "end": 18}], "Outcome": [{"term": "CS-induced oxidative stress", "negation": "affirmed", "UMLS": "", "start": 33, "end": 60}]}, "Evidence Propositions": []}, {"Section": "RESULTS", "Text": "TF treatment significantly inhibited the level of malondialdehyde ( MDA ) and increased the activity of superoxide dismutase ( SOD ) .", "Evidence Elements": {"Participant": [], "Intervention": [{"term": "TF", "negation": "affirmed", "UMLS": "", "start": 0, "end": 2}], "Outcome": [{"term": "level of malondialdehyde ( MDA )", "negation": "affirmed", "UMLS": "", "start": 41, "end": 73}, {"term": "activity of superoxide", "negation": "affirmed", "UMLS": "", "start": 92, "end": 114}]}, "Evidence Propositions": [{"Intervention": "TF", "Observation": "significantly inhibited", "Outcome": "level of malondialdehyde ( MDA )", "Count": ""}, {"Intervention": "TF", "Observation": "increased", "Outcome": "activity of superoxide", "Count": ""}]}, {"Section": "RESULTS", "Text": "In addition , TF markedly downregulated TRPV1 and cytochrome P450 2E1 ( CYP2E1 ) and upregulated the expression of SOD-2 , while the p-JNK level was observed to be inhibited in COPD mice .", "Evidence Elements": {"Participant": [], "Intervention": [{"term": "TF", "negation": "affirmed", "UMLS": "", "start": 14, "end": 16}], "Outcome": [{"term": "TRPV1", "negation": "affirmed", "UMLS": "", "start": 40, "end": 45}, {"term": "cytochrome P450 2E1 ( CYP2E1 )", "negation": "affirmed", "UMLS": "", "start": 50, "end": 80}, {"term": "expression of SOD-2", "negation": "affirmed", "UMLS": "", "start": 101, "end": 120}, {"term": "p-JNK level", "negation": "affirmed", "UMLS": "", "start": 133, "end": 144}]}, "Evidence Propositions": []}, {"Section": "CONCLUSIONS", "Text": "Taken together , our findings showed that the protective effect and putative mechanism of the action of TF resulted in the inhibition of inflammation and oxidative stress through the regulation of TRPV1 and the related signal pathway in lung tissues .", "Evidence Elements": {"Participant": [], "Intervention": [{"term": "TF", "negation": "affirmed", "UMLS": "", "start": 104, "end": 106}], "Outcome": [{"term": "inflammation", "negation": "affirmed", "UMLS": "", "start": 137, "end": 149}, {"term": "oxidative stress", "negation": "affirmed", "UMLS": "", "start": 154, "end": 170}, {"term": "TRPV1", "negation": "affirmed", "UMLS": "", "start": 197, "end": 202}]}, "Evidence Propositions": [{"Intervention": "TF", "Observation": "protective effect", "Outcome": "oxidative stress", "Count": ""}, {"Intervention": "TF", "Observation": "inhibition", "Outcome": "inflammation", "Count": ""}, {"Intervention": "TF", "Observation": "inhibition", "Outcome": "oxidative stress", "Count": ""}]}, {"Section": "CONCLUSIONS", "Text": "It suggested that TF derived from loquat leaves could be considered to be an alternative or a new functional material and used for the treatment of CS-induced COPD .", "Evidence Elements": {"Participant": [{"term": "CS-induced COPD", "negation": "affirmed", "UMLS": "", "start": 148, "end": 163}], "Intervention": [{"term": "TF derived from loquat leaves", "negation": "affirmed", "UMLS": "", "start": 18, "end": 47}], "Outcome": []}, "Evidence Propositions": []}]}