{"doc_id": "32267139", "type of study": "Therapy", "title": "", "abstract": "Brain metastasis is a major cause of cancer death in patients with lung cancer.\nSirtuin 1 and hsa-miR-217 have been identified to mediate the development of non-small cell lung cancer.\nTo investigate the roles of hsa-miR-217, its target sirtuin 1, and the P53/KAI1 axis in the brain metastasis from non-small cell lung cancer.\nCell culture study.\nHuman pulmonary adenocarcinoma brain metastasis cell line PC-14/B were incubated and treated with constructed lentiviral plasmids expressing miR-217 and/or sirtuin 1.\nBEAS-2B cell line was used as a control.\nThe targeted regulation of miR-217 to sirtuin 1was examined using a dual-luciferase reporter assay.\nCell proliferation, migration, invasion, and related protein expression were detected to examine the effect of the miR-217/sirtuin 1 expression on metastasis.\nPC-14/B cells expressed higher sirtuin 1 and lower P53 and KAI1 compared with BEAS-2B control cells (p<0.05).\nSirtuin 1 was a direct target of miR-217.\nMiR-217 expression suppressed PC-14/B cell invasion (p=0.004), migration (p=0.001), and proliferation (p<0.05), whereas sirtuin 1 overexpression reversed all processes.\nsirtuin 1 expression inhibited P53, KAI1/CD82, matrix metalloproteinase-9, and beta-catenin but upregulated E-cadherin protein.\nMiR-217 overexpression induced reverse changes.\nHsa-miR-217 and its target sirtuin 1 acted as metastasis suppressor and promoter gene in non-small cell lung cancer, respectively.\nThe hsa-miR-217/sirtuin 1/P53/KAI1 metastasis regulatory pathway showed novel and crucial roles in brain metastasis from non-small cell lung cancer.\nThis axis might be a potential target for the treatment of brain metastasis of lung cancer.\n", "Evidence Map": {"Enrollment": [{"term": "non-small cell", "negation": "affirmed", "UMLS": "", "start": 118, "end": 132}, {"term": "Human pulmonary adenocarcinoma brain metastasis cell line", "negation": "affirmed", "UMLS": "", "start": 0, "end": 57}, {"term": "BEAS-2B cell line", "negation": "affirmed", "UMLS": "", "start": 0, "end": 17}, {"term": "non-small cell lung cancer", "negation": "affirmed", "UMLS": "", "start": 89, "end": 115}, {"term": "non-small cell lung cancer", "negation": "affirmed", "UMLS": "", "start": 127, "end": 153}], "Comparison Results": [], "Study Arm 1 Results": [], "Study Arm 2 Results": []}, "Sentence-level breakdown": [{"Section": "TITLE", "Text": "Brain metastasis is a major cause of cancer death in patients with lung cancer .", "Evidence Elements": {"Participant": [], "Intervention": [], "Outcome": []}, "Evidence Propositions": []}, {"Section": "OBJECTIVE", "Text": "To investigate the roles of hsa-miR-217 , its target sirtuin 1 , and the P53 / KAI1 axis in the brain metastasis from non-small cell lung cancer .", "Evidence Elements": {"Participant": [{"term": "non-small cell", "negation": "affirmed", "UMLS": "", "start": 118, "end": 132}], "Intervention": [{"term": "hsa-miR-217", "negation": "affirmed", "UMLS": "", "start": 28, "end": 39}], "Outcome": [{"term": "target sirtuin 1", "negation": "affirmed", "UMLS": "", "start": 46, "end": 62}, {"term": "KAI1 axis", "negation": "affirmed", "UMLS": "", "start": 79, "end": 88}, {"term": "brain metastasis", "negation": "affirmed", "UMLS": "", "start": 96, "end": 112}]}, "Evidence Propositions": []}, {"Section": "METHODS", "Text": "Cell culture study .", "Evidence Elements": {"Participant": [], "Intervention": [], "Outcome": []}, "Evidence Propositions": []}, {"Section": "METHODS", "Text": "Human pulmonary adenocarcinoma brain metastasis cell line PC-14 / B were incubated and treated with constructed lentiviral plasmids expressing miR-217 and / or sirtuin 1 .", "Evidence Elements": {"Participant": [{"term": "Human pulmonary adenocarcinoma brain metastasis cell line", "negation": "affirmed", "UMLS": "", "start": 0, "end": 57}], "Intervention": [{"term": "miR-217", "negation": "affirmed", "UMLS": "", "start": 143, "end": 150}, {"term": "or sirtuin 1", "negation": "affirmed", "UMLS": "", "start": 157, "end": 169}], "Outcome": []}, "Evidence Propositions": []}, {"Section": "METHODS", "Text": "BEAS-2B cell line was used as a control .", "Evidence Elements": {"Participant": [{"term": "BEAS-2B cell line", "negation": "affirmed", "UMLS": "", "start": 0, "end": 17}], "Intervention": [], "Outcome": []}, "Evidence Propositions": []}, {"Section": "METHODS", "Text": "The targeted regulation of miR-217 to sirtuin 1 ##was examined using a dual-luciferase reporter assay .", "Evidence Elements": {"Participant": [], "Intervention": [], "Outcome": [{"term": "targeted regulation of miR-217 to sirtuin 1", "negation": "affirmed", "UMLS": "", "start": 4, "end": 47}]}, "Evidence Propositions": []}, {"Section": "METHODS", "Text": "Cell proliferation , migration , invasion , and related protein expression were detected to examine the effect of the miR-217 / sirtuin 1 expression on metastasis .", "Evidence Elements": {"Participant": [], "Intervention": [{"term": "sirtuin 1", "negation": "affirmed", "UMLS": "", "start": 128, "end": 137}], "Outcome": [{"term": "Cell proliferation", "negation": "affirmed", "UMLS": "", "start": 0, "end": 18}, {"term": "migration", "negation": "affirmed", "UMLS": "", "start": 21, "end": 30}, {"term": "invasion", "negation": "affirmed", "UMLS": "", "start": 33, "end": 41}, {"term": "related protein expression", "negation": "affirmed", "UMLS": "", "start": 48, "end": 74}]}, "Evidence Propositions": []}, {"Section": "RESULTS", "Text": "PC-14 / B cells expressed higher sirtuin 1 and lower P53 and KAI1 compared with BEAS-2B control cells ( p < 0.05 ) .", "Evidence Elements": {"Participant": [], "Intervention": [{"term": "B cells", "negation": "affirmed", "UMLS": "", "start": 8, "end": 15}, {"term": "BEAS-2B control", "negation": "affirmed", "UMLS": "", "start": 80, "end": 95}], "Outcome": [{"term": "sirtuin 1", "negation": "affirmed", "UMLS": "", "start": 33, "end": 42}, {"term": "P53", "negation": "affirmed", "UMLS": "", "start": 53, "end": 56}, {"term": "KAI1", "negation": "affirmed", "UMLS": "", "start": 61, "end": 65}]}, "Evidence Propositions": []}, {"Section": "RESULTS", "Text": "Sirtuin 1 was a direct target of miR-217 .", "Evidence Elements": {"Participant": [], "Intervention": [], "Outcome": [{"term": "Sirtuin 1", "negation": "affirmed", "UMLS": "", "start": 0, "end": 9}]}, "Evidence Propositions": []}, {"Section": "RESULTS", "Text": "MiR-217 expression suppressed PC-14 / B cell invasion ( p = 0.004 ) , migration ( p = 0.001 ) , and proliferation ( p < 0.05 ) , whereas sirtuin 1 overexpression reversed all processes .", "Evidence Elements": {"Participant": [], "Intervention": [{"term": "MiR-217 expression", "negation": "affirmed", "UMLS": "", "start": 0, "end": 18}], "Outcome": [{"term": "B cell invasion", "negation": "affirmed", "UMLS": "", "start": 38, "end": 53}, {"term": "migration", "negation": "affirmed", "UMLS": "", "start": 70, "end": 79}]}, "Evidence Propositions": []}, {"Section": "RESULTS", "Text": "sirtuin 1 expression inhibited P53 , KAI1 / CD82 , matrix metalloproteinase-9 , and beta-catenin but upregulated E-cadherin protein .", "Evidence Elements": {"Participant": [], "Intervention": [{"term": "sirtuin 1 expression", "negation": "affirmed", "UMLS": "", "start": 0, "end": 20}], "Outcome": [{"term": "P53", "negation": "affirmed", "UMLS": "", "start": 31, "end": 34}, {"term": "CD82", "negation": "affirmed", "UMLS": "", "start": 44, "end": 48}, {"term": "matrix metalloproteinase-9", "negation": "affirmed", "UMLS": "", "start": 51, "end": 77}, {"term": "beta-catenin", "negation": "affirmed", "UMLS": "", "start": 84, "end": 96}]}, "Evidence Propositions": []}, {"Section": "RESULTS", "Text": "MiR-217 overexpression induced reverse changes .", "Evidence Elements": {"Participant": [], "Intervention": [{"term": "MiR-217 overexpression", "negation": "affirmed", "UMLS": "", "start": 0, "end": 22}], "Outcome": []}, "Evidence Propositions": []}, {"Section": "RESULTS", "Text": "Hsa-miR-217 and its target sirtuin 1 acted as metastasis suppressor and promoter gene in non-small cell lung cancer , respectively .", "Evidence Elements": {"Participant": [{"term": "non-small cell lung cancer", "negation": "affirmed", "UMLS": "", "start": 89, "end": 115}], "Intervention": [], "Outcome": [{"term": "Hsa-miR-217", "negation": "affirmed", "UMLS": "", "start": 0, "end": 11}, {"term": "target sirtuin 1", "negation": "affirmed", "UMLS": "", "start": 20, "end": 36}, {"term": "metastasis suppressor", "negation": "affirmed", "UMLS": "", "start": 46, "end": 67}, {"term": "promoter gene", "negation": "affirmed", "UMLS": "", "start": 72, "end": 85}]}, "Evidence Propositions": []}, {"Section": "CONCLUSIONS", "Text": "The hsa-miR-217 / sirtuin 1 / P53 / KAI1 metastasis regulatory pathway showed novel and crucial roles in brain metastasis from non-small cell lung cancer .", "Evidence Elements": {"Participant": [{"term": "non-small cell lung cancer", "negation": "affirmed", "UMLS": "", "start": 127, "end": 153}], "Intervention": [{"term": "regulatory", "negation": "affirmed", "UMLS": "", "start": 52, "end": 62}], "Outcome": [{"term": "brain metastasis", "negation": "affirmed", "UMLS": "", "start": 105, "end": 121}]}, "Evidence Propositions": [{"Intervention": "regulatory", "Observation": "novel and crucial roles", "Outcome": "brain metastasis", "Count": ""}]}, {"Section": "CONCLUSIONS", "Text": "This axis might be a potential target for the treatment of brain metastasis of lung cancer .", "Evidence Elements": {"Participant": [], "Intervention": [], "Outcome": []}, "Evidence Propositions": []}]}