{"doc_id": "32269087", "type of study": "Therapy", "title": "", "abstract": "The outbreak of coronavirus disease 2019 (COVID-19) is spreading rapidly [1-8].\nOn 31 January 2020, the World Health Organization declared COVID-19 a public health emergency of international concern.\nBy 13 March 2020, COVID-19 had been confirmed in 127 countries, with 145 166 cases and 5428 deaths worldwide.\nNeonates are susceptible to SARS-CoV-2 infection.\nThe symptoms in neonates were milder and outcomes were less severe compared to adults.\nIntrauterine vertical transmission is not impossible but direct evidence is still lacking.\nhttps://bit.ly/342jGK9\n", "Evidence Map": {"Enrollment": [{"term": "Neonates", "negation": "affirmed", "UMLS": "", "start": 0, "end": 8}, {"term": "neonates", "negation": "affirmed", "UMLS": "", "start": 16, "end": 24}], "Comparison Results": [], "Study Arm 1 Results": [], "Study Arm 2 Results": []}, "Sentence-level breakdown": [{"Section": "TITLE", "Text": "The outbreak of coronavirus disease 2019 ( COVID-19 ) is spreading rapidly [ 1-8 ] .", "Evidence Elements": {"Participant": [], "Intervention": [], "Outcome": []}, "Evidence Propositions": []}, {"Section": "RESULTS", "Text": "On 31 January 2020 , the World Health Organization declared COVID-19 a public health emergency of international concern .", "Evidence Elements": {"Participant": [], "Intervention": [], "Outcome": []}, "Evidence Propositions": []}, {"Section": "RESULTS", "Text": "By 13 March 2020 , COVID-19 had been confirmed in 127 countries , with 145 166 cases and 5428 deaths worldwide .", "Evidence Elements": {"Participant": [], "Intervention": [], "Outcome": []}, "Evidence Propositions": []}, {"Section": "RESULTS", "Text": "Neonates are susceptible to SARS-CoV-2 infection .", "Evidence Elements": {"Participant": [{"term": "Neonates", "negation": "affirmed", "UMLS": "", "start": 0, "end": 8}], "Intervention": [], "Outcome": [{"term": "SARS-CoV-2 infection", "negation": "affirmed", "UMLS": "", "start": 28, "end": 48}]}, "Evidence Propositions": []}, {"Section": "RESULTS", "Text": "The symptoms in neonates were milder and outcomes were less severe compared to adults .", "Evidence Elements": {"Participant": [{"term": "neonates", "negation": "affirmed", "UMLS": "", "start": 16, "end": 24}], "Intervention": [{"term": "adults", "negation": "affirmed", "UMLS": "", "start": 79, "end": 85}], "Outcome": [{"term": "symptoms", "negation": "affirmed", "UMLS": "", "start": 4, "end": 12}, {"term": "outcomes", "negation": "affirmed", "UMLS": "", "start": 41, "end": 49}]}, "Evidence Propositions": [{"Intervention": [], "Observation": "milder", "Outcome": "symptoms", "Count": ""}, {"Intervention": ["adults"], "Observation": "less severe", "Outcome": "symptoms", "Count": ""}, {"Intervention": ["adults"], "Observation": "less severe", "Outcome": "outcomes", "Count": ""}]}, {"Section": "RESULTS", "Text": "Intrauterine vertical transmission is not impossible but direct evidence is still lacking .", "Evidence Elements": {"Participant": [], "Intervention": [], "Outcome": []}, "Evidence Propositions": []}, {"Section": "CONCLUSIONS", "Text": "https:/ / bit . ly / 342jGK9", "Evidence Elements": {"Participant": [], "Intervention": [], "Outcome": []}, "Evidence Propositions": []}]}