{"doc_id": "32266987", "type of study": "Therapy", "title": "", "abstract": "To assess the efficacy of corticosteroid treatment of patients with coronavirus disease 2019 (COVID-19).\nObservational study in the two COVID-19-designated hospitals in Wuhu, Anhui province, China, 24 January - 24 February 2020.\nThirty-one patients infected with the severe acute respiratory coronavirus 2 (SARS-CoV-2) treated at the two designated hospitals.\nVirus clearance time, length of hospital stay, and duration of symptoms, by treatment type (including or not including corticosteroid therapy).\nEleven of 31 patients with COVID-19 received corticosteroid treatment.\nCox proportional hazards regression analysis indicated no association between corticosteroid treatment and virus clearance time (hazard ratio [HR], 1.26; 95% CI, 0.58-2.74), hospital length of stay (HR, 0.77; 95% CI, 0.33-1.78), or duration of symptoms (HR, 0.86; 95% CI, 0.40-1.83).\nUnivariate analysis indicated that virus clearance was slower in two patients with chronic hepatitis B infections (mean difference, 10.6 days; 95% CI, 6.2-15.1 days).\nCorticosteroids are widely used when treating patients with COVID-19, but we found no association between therapy and outcomes in patients without acute respiratory distress syndrome.\nAn existing HBV infection may delay SARS-CoV-2 clearance, and this association should be further investigated.\n", "Evidence Map": {"Enrollment": [{"term": "coronavirus disease 2019 (", "negation": "affirmed", "UMLS": "", "start": 68, "end": 94}, {"term": "severe acute respiratory coronavirus 2 ( SARS-CoV-2 )", "negation": "affirmed", "UMLS": "", "start": 38, "end": 91}, {"term": "COVID-19", "negation": "affirmed", "UMLS": "", "start": 27, "end": 35}, {"term": "chronic hepatitis B infections", "negation": "affirmed", "UMLS": "", "start": 83, "end": 113}], "Comparison Results": [], "Study Arm 1 Results": [], "Study Arm 2 Results": []}, "Sentence-level breakdown": [{"Section": "TITLE", "Text": "To assess the efficacy of corticosteroid treatment of patients with coronavirus disease 2019 ( COVID-19 ) .", "Evidence Elements": {"Participant": [{"term": "coronavirus disease 2019 (", "negation": "affirmed", "UMLS": "", "start": 68, "end": 94}], "Intervention": [{"term": "corticosteroid", "negation": "affirmed", "UMLS": "", "start": 26, "end": 40}], "Outcome": []}, "Evidence Propositions": []}, {"Section": "METHODS", "Text": "Observational study in the two COVID-19-designated hospitals in Wuhu , Anhui province , China , 24 January-24 February 2020 .", "Evidence Elements": {"Participant": [], "Intervention": [], "Outcome": []}, "Evidence Propositions": []}, {"Section": "METHODS", "Text": "Thirty-one patients infected with the severe acute respiratory coronavirus 2 ( SARS-CoV-2 ) treated at the two designated hospitals .", "Evidence Elements": {"Participant": [{"term": "severe acute respiratory coronavirus 2 ( SARS-CoV-2 )", "negation": "affirmed", "UMLS": "", "start": 38, "end": 91}], "Intervention": [], "Outcome": []}, "Evidence Propositions": []}, {"Section": "METHODS", "Text": "Virus clearance time , length of hospital stay , and duration of symptoms , by treatment type ( including or not including corticosteroid therapy ) .", "Evidence Elements": {"Participant": [], "Intervention": [], "Outcome": [{"term": "Virus clearance time", "negation": "affirmed", "UMLS": "", "start": 0, "end": 20}, {"term": "length of hospital stay", "negation": "affirmed", "UMLS": "", "start": 23, "end": 46}, {"term": "duration of symptoms", "negation": "affirmed", "UMLS": "", "start": 53, "end": 73}]}, "Evidence Propositions": []}, {"Section": "RESULTS", "Text": "Eleven of 31 patients with COVID-19 received corticosteroid treatment .", "Evidence Elements": {"Participant": [{"term": "COVID-19", "negation": "affirmed", "UMLS": "", "start": 27, "end": 35}], "Intervention": [{"term": "corticosteroid treatment", "negation": "affirmed", "UMLS": "", "start": 45, "end": 69}], "Outcome": []}, "Evidence Propositions": []}, {"Section": "RESULTS", "Text": "Cox proportional hazards regression analysis indicated no association between corticosteroid treatment and virus clearance time ( hazard ratio [ HR ] , 1.26 ; 95 % CI , 0.58-2.74 ) , hospital length of stay ( HR , 0.77 ; 95 % CI , 0.33-1.78 ) , or duration of symptoms ( HR , 0.86 ; 95 % CI , 0.40-1.83 ) .", "Evidence Elements": {"Participant": [], "Intervention": [{"term": "corticosteroid treatment", "negation": "negated", "UMLS": "", "start": 78, "end": 102}], "Outcome": [{"term": "virus clearance time", "negation": "negated", "UMLS": "", "start": 107, "end": 127}, {"term": "hospital length of stay", "negation": "negated", "UMLS": "", "start": 183, "end": 206}]}, "Evidence Propositions": [{"Intervention": "corticosteroid treatment", "Observation": "association", "Outcome": "virus clearance time", "Count": ""}, {"Intervention": "corticosteroid treatment", "Observation": "association", "Outcome": "hospital length of stay", "Count": ""}]}, {"Section": "RESULTS", "Text": "Univariate analysis indicated that virus clearance was slower in two patients with chronic hepatitis B infections ( mean difference , 10.6 days ; 95 % CI , 6.2-15.1 days ) .", "Evidence Elements": {"Participant": [{"term": "chronic hepatitis B infections", "negation": "affirmed", "UMLS": "", "start": 83, "end": 113}], "Intervention": [], "Outcome": [{"term": "virus clearance", "negation": "affirmed", "UMLS": "", "start": 35, "end": 50}]}, "Evidence Propositions": [{"Intervention": [], "Observation": "slower", "Outcome": "virus clearance", "Count": ""}]}, {"Section": "CONCLUSIONS", "Text": "Corticosteroids are widely used when treating patients with COVID-19 , but we found no association between therapy and outcomes in patients without acute respiratory distress syndrome .", "Evidence Elements": {"Participant": [], "Intervention": [], "Outcome": []}, "Evidence Propositions": []}, {"Section": "CONCLUSIONS", "Text": "An existing HBV infection may delay SARS-CoV-2 clearance , and this association should be further investigated .", "Evidence Elements": {"Participant": [], "Intervention": [], "Outcome": []}, "Evidence Propositions": []}]}