{"doc_id": "32278065", "type of study": "Therapy", "title": "", "abstract": "The severe acute respiratory syndrome coronavirus 2 (SARS-CoV-2/COVID-19) pandemic is a worldwide emergency.\nAn increasing number of diarrhea cases is reported.\nHere we investigate the epidemiology, clinical presentation, molecular mechanisms, management, and prevention of SARS-CoV-2 associated diarrhea.\nWe searched on PubMed, EMBASE, and Web of Science up to March 2020 to identify studies documenting diarrhea and mechanism of intestinal inflammation in patients with confirmed diagnosis of SARS-CoV-2 infection.\nClinical studies show an incidence rate of diarrhea ranging from 2% to 50% of cases.\nIt may precede or trail respiratory symptoms.\nA pooled analysis revealed an overall percentage of diarrhea onset of 10.4%.\nSARS-CoV uses the angiotensin-converting enzyme 2 (ACE2) and the serine protease TMPRSS2 for S protein priming.\nACE2 and TMPRSS2 are not only expressed in lung, but also in the small intestinal epithelia.\nACE2 is expressed furthermore in the upper esophagus, liver, and colon.\nSARS-CoV-2 binding affinity to ACE2 is significantly higher (10-20 times) compared with SARS-CoV. Several reports indicate viral RNA shedding in stool detectable longer time period than in nasopharyngeal swabs.\nCurrent treatment is supportive, but several options appear promising and are the subject of investigation.\nDiarrhea is a frequent presenting symptom in patients infected with SARS-CoV-2.\nIncreasing evidence indicates possible fecal oral transmission, indicating the need for a rapid and effective modification of the screening and diagnostic algorithms.\nThe optimal methods to prevent, manage, and treat diarrhea in COVID-19 infected patients are subjects of intensive research.\n", "Evidence Map": {"Enrollment": [], "Comparison Results": [], "Study Arm 1 Results": [], "Study Arm 2 Results": []}, "Sentence-level breakdown": [{"Section": "TITLE", "Text": "The severe acute respiratory syndrome coronavirus 2 ( SARS-CoV-2 / COVID-19 ) pandemic is a worldwide emergency .", "Evidence Elements": {"Participant": [], "Intervention": [], "Outcome": []}, "Evidence Propositions": []}, {"Section": "OBJECTIVE", "Text": "Here we investigate the epidemiology , clinical presentation , molecular mechanisms , management , and prevention of SARS-CoV-2 associated diarrhea .", "Evidence Elements": {"Participant": [], "Intervention": [], "Outcome": [{"term": "epidemiology", "negation": "affirmed", "UMLS": "", "start": 24, "end": 36}, {"term": "clinical presentation", "negation": "affirmed", "UMLS": "", "start": 39, "end": 60}, {"term": "molecular mechanisms", "negation": "affirmed", "UMLS": "", "start": 63, "end": 83}, {"term": "management", "negation": "affirmed", "UMLS": "", "start": 86, "end": 96}]}, "Evidence Propositions": []}, {"Section": "METHODS", "Text": "We searched on PubMed , EMBASE , and Web of Science up to March 2020 to identify studies documenting diarrhea and mechanism of intestinal inflammation in patients with confirmed diagnosis of SARS-CoV-2 infection .", "Evidence Elements": {"Participant": [], "Intervention": [], "Outcome": [{"term": "diarrhea", "negation": "affirmed", "UMLS": "", "start": 101, "end": 109}, {"term": "mechanism of intestinal inflammation", "negation": "affirmed", "UMLS": "", "start": 114, "end": 150}]}, "Evidence Propositions": []}, {"Section": "RESULTS", "Text": "Clinical studies show an incidence rate of diarrhea ranging from 2 % to 50 % of cases .", "Evidence Elements": {"Participant": [], "Intervention": [], "Outcome": []}, "Evidence Propositions": []}, {"Section": "RESULTS", "Text": "It may precede or trail respiratory symptoms .", "Evidence Elements": {"Participant": [], "Intervention": [], "Outcome": []}, "Evidence Propositions": []}, {"Section": "RESULTS", "Text": "A pooled analysis revealed an overall percentage of diarrhea onset of 10.4 % .", "Evidence Elements": {"Participant": [], "Intervention": [], "Outcome": [{"term": "overall percentage of diarrhea onset", "negation": "affirmed", "UMLS": "", "start": 30, "end": 66}]}, "Evidence Propositions": []}, {"Section": "RESULTS", "Text": "SARS-CoV uses the angiotensin-converting enzyme 2 ( ACE2 ) and the serine protease TMPRSS2 for S protein priming .", "Evidence Elements": {"Participant": [], "Intervention": [], "Outcome": []}, "Evidence Propositions": []}, {"Section": "RESULTS", "Text": "ACE2 and TMPRSS2 are not only expressed in lung , but also in the small intestinal epithelia .", "Evidence Elements": {"Participant": [], "Intervention": [], "Outcome": [{"term": "ACE2", "negation": "affirmed", "UMLS": "", "start": 0, "end": 4}, {"term": "TMPRSS2", "negation": "affirmed", "UMLS": "", "start": 9, "end": 16}]}, "Evidence Propositions": []}, {"Section": "RESULTS", "Text": "ACE2 is expressed furthermore in the upper esophagus , liver , and colon .", "Evidence Elements": {"Participant": [], "Intervention": [], "Outcome": []}, "Evidence Propositions": []}, {"Section": "RESULTS", "Text": "SARS-CoV-2 binding affinity to ACE2 is significantly higher ( 10-20 times ) compared with SARS-CoV . Several reports indicate viral RNA shedding in stool detectable longer time period than in nasopharyngeal swabs .", "Evidence Elements": {"Participant": [], "Intervention": [{"term": "SARS-CoV", "negation": "affirmed", "UMLS": "", "start": 0, "end": 8}], "Outcome": [{"term": "SARS-CoV-2 binding affinity to ACE2", "negation": "affirmed", "UMLS": "", "start": 0, "end": 35}, {"term": "viral RNA shedding in stool", "negation": "affirmed", "UMLS": "", "start": 126, "end": 153}]}, "Evidence Propositions": [{"Intervention": ["SARS-CoV"], "Observation": "significantly higher", "Outcome": "SARS-CoV-2 binding affinity to ACE2", "Count": ""}, {"Intervention": [], "Observation": "detectable longer time period", "Outcome": "", "Count": ""}]}, {"Section": "RESULTS", "Text": "Current treatment is supportive , but several options appear promising and are the subject of investigation .", "Evidence Elements": {"Participant": [], "Intervention": [], "Outcome": []}, "Evidence Propositions": []}, {"Section": "CONCLUSIONS", "Text": "Diarrhea is a frequent presenting symptom in patients infected with SARS-CoV-2 .", "Evidence Elements": {"Participant": [], "Intervention": [], "Outcome": [{"term": "Diarrhea", "negation": "affirmed", "UMLS": "", "start": 0, "end": 8}]}, "Evidence Propositions": []}, {"Section": "CONCLUSIONS", "Text": "Increasing evidence indicates possible fecal oral transmission , indicating the need for a rapid and effective modification of the screening and diagnostic algorithms .", "Evidence Elements": {"Participant": [], "Intervention": [], "Outcome": []}, "Evidence Propositions": []}, {"Section": "CONCLUSIONS", "Text": "The optimal methods to prevent , manage , and treat diarrhea in COVID-19 infected patients are subjects of intensive research .", "Evidence Elements": {"Participant": [], "Intervention": [], "Outcome": []}, "Evidence Propositions": []}]}