{"doc_id": "32275855", "type of study": "Therapy", "title": "", "abstract": "The recent emergence of a novel coronavirus (SARS-CoV-2) in China has caused significant public health concerns.\nRecently, ACE2 was reported as an entry receptor for SARS-CoV-2.\nIn this study, we present the crystal structure of the C-terminal domain of SARS-CoV-2 (SARS-CoV-2-CTD) spike (S) protein in complex with human ACE2 (hACE2), which reveals a hACE2-binding mode similar overall to that observed for SARS-CoV. However, atomic details at the binding interface demonstrate that key residue substitutions in SARS-CoV-2-CTD slightly strengthen the interaction and lead to higher affinity for receptor binding than SARS-RBD.\nAdditionally, a panel of murine monoclonal antibodies (mAbs) and polyclonal antibodies (pAbs) against SARS-CoV-S1/receptor-binding domain (RBD) were unable to interact with the SARS-CoV-2 S protein, indicating notable differences in antigenicity between SARS-CoV and SARS-CoV-2.\nThese findings shed light on the viral pathogenesis and provide important structural information regarding development of therapeutic countermeasures against the emerging virus.\nSARS-CoV-2 interacts with hACE2 via S protein CTD A 2.5-A structure of SARS-CoV-2-CTD in complex with hACE2 is resolved The SARS-CoV-2-CTD displays stronger affinity for hACE2 compared with SARS-RBD SARS-CoV-2 -CTD is antigenically different from SARS-RBD The crystal structure of the C-terminal domain of the SARS-CoV-2 spike protein in complex with human ACE2 reveals insights into the mechanisms of binding of this virus and its differences from SARS.\n", "Evidence Map": {"Enrollment": [], "Comparison Results": [], "Study Arm 1 Results": [], "Study Arm 2 Results": []}, "Sentence-level breakdown": [{"Section": "TITLE", "Text": "The recent emergence of a novel coronavirus ( SARS-CoV-2 ) in China has caused significant public health concerns .", "Evidence Elements": {"Participant": [], "Intervention": [], "Outcome": []}, "Evidence Propositions": []}, {"Section": "RESULTS", "Text": "Recently , ACE2 was reported as an entry receptor for SARS-CoV-2 .", "Evidence Elements": {"Participant": [], "Intervention": [], "Outcome": []}, "Evidence Propositions": []}, {"Section": "RESULTS", "Text": "In this study , we present the crystal structure of the C-terminal domain of SARS-CoV-2 ( SARS-CoV-2-CTD ) spike ( S ) protein in complex with human ACE2 ( hACE2 ) , which reveals a hACE2-binding mode similar overall to that observed for SARS-CoV . However , atomic details at the binding interface demonstrate that key residue substitutions in SARS-CoV-2-CTD slightly strengthen the interaction and lead to higher affinity for receptor binding than SARS-RBD .", "Evidence Elements": {"Participant": [], "Intervention": [{"term": "C-terminal domain", "negation": "affirmed", "UMLS": "", "start": 56, "end": 73}, {"term": "SARS-CoV-2 ( SARS-CoV-2-CTD ) spike ( S ) protein", "negation": "affirmed", "UMLS": "", "start": 77, "end": 126}, {"term": "ACE2 ( hACE2 )", "negation": "affirmed", "UMLS": "", "start": 149, "end": 163}, {"term": "SARS-CoV", "negation": "affirmed", "UMLS": "", "start": 77, "end": 85}, {"term": "key residue substitutions in SARS-CoV-2-CTD", "negation": "affirmed", "UMLS": "", "start": 316, "end": 359}], "Outcome": [{"term": "hACE2-binding mode", "negation": "affirmed", "UMLS": "", "start": 182, "end": 200}, {"term": "interaction", "negation": "affirmed", "UMLS": "", "start": 384, "end": 395}]}, "Evidence Propositions": []}, {"Section": "RESULTS", "Text": "Additionally , a panel of murine monoclonal antibodies ( mAbs ) and polyclonal antibodies ( pAbs ) against SARS-CoV-S1 / receptor-binding domain ( RBD ) were unable to interact with the SARS-CoV-2 S protein , indicating notable differences in antigenicity between SARS-CoV and SARS-CoV-2 .", "Evidence Elements": {"Participant": [], "Intervention": [{"term": "SARS-CoV-2", "negation": "affirmed", "UMLS": "", "start": 186, "end": 196}], "Outcome": [{"term": "domain ( RBD )", "negation": "affirmed", "UMLS": "", "start": 138, "end": 152}]}, "Evidence Propositions": []}, {"Section": "CONCLUSIONS", "Text": "These findings shed light on the viral pathogenesis and provide important structural information regarding development of therapeutic countermeasures against the emerging virus .", "Evidence Elements": {"Participant": [], "Intervention": [], "Outcome": []}, "Evidence Propositions": []}, {"Section": "CONCLUSIONS", "Text": "SARS-CoV-2 interacts with hACE2 via S protein CTD A 2.5-A structure of SARS-CoV-2-CTD in complex with hACE2 is resolved The SARS-CoV-2-CTD displays stronger affinity for hACE2 compared with SARS-RBD SARS-CoV-2-CTD is antigenically different from SARS-RBD The crystal structure of the C-terminal domain of the SARS-CoV-2 spike protein in complex with human ACE2 reveals insights into the mechanisms of", "Evidence Elements": {"Participant": [], "Intervention": [{"term": "SARS-CoV-2", "negation": "negated", "UMLS": "", "start": 0, "end": 10}, {"term": "hACE2", "negation": "negated", "UMLS": "", "start": 26, "end": 31}, {"term": "SARS-CoV-2-CTD", "negation": "negated", "UMLS": "", "start": 71, "end": 85}, {"term": "SARS-CoV-2-CTD", "negation": "negated", "UMLS": "", "start": 71, "end": 85}, {"term": "SARS-RBD SARS-CoV-2-CTD", "negation": "negated", "UMLS": "", "start": 190, "end": 213}, {"term": "SARS-RBD", "negation": "negated", "UMLS": "", "start": 190, "end": 198}, {"term": "SARS-CoV-2 spike protein", "negation": "negated", "UMLS": "", "start": 309, "end": 333}], "Outcome": [{"term": "affinity", "negation": "negated", "UMLS": "", "start": 157, "end": 165}, {"term": "hACE2", "negation": "negated", "UMLS": "", "start": 26, "end": 31}]}, "Evidence Propositions": [{"Intervention": [], "Observation": "stronger", "Outcome": "", "Count": ""}, {"Intervention": ["SARS-CoV-2-CTD", "SARS-RBD SARS-CoV-2-CTD", "SARS-RBD", "SARS-CoV-2 spike protein"], "Observation": "antigenically different", "Outcome": "", "Count": ""}]}]}