{"doc_id": "32271454", "type of study": "Therapy", "title": "", "abstract": "Beginning in December 2019, coronavirus disease 2019 (COVID-19), due to 2019-nCoV infection, emerged in Wuhan and spread rapidly throughout China and even worldwide.\nEmploying combined therapy of modern medicine and traditional Chinese medicine has been proposed, in which Ma Xing Shi Gan Decoction (MXSGD) was recommended as a basic prescription and applied widely in the clinical treatment of COVID-19.\nWe investigated the underlying mechanism of MXSGD in treating COVID-19 utilizing the approaches of integrating network pharmacology.\nA total of 97 active ingredients of MXSGD were screened out, and 169 targets were predicted.\nThe protein-protein interaction network exhibited hub targets of MXSGD, such as Heat shock protein 90, RAC-alpha serine/threonine-protein kinase, Transcription factor AP-1, Mitogen-activated protein kinase 1, Cellular tumor antigen p53, Vascular endothelial growth factor A, and Tumour necrosis factor.\nGene Ontology functional enrichment analysis demonstrated that the biological processes altered within the body after taking MXSGD were closely related to the regulation of such processes as the acute inflammatory response, chemokine production, vascular permeability, response to oxygen radicals, oxidative stress-induced apoptosis, T cell differentiation involved in the immune response, immunoglobulin secretion, and extracellular matrix disassembly.\nKEGG enrichment analysis indicated that the targets of MXSGD were significantly enriched in inflammation-related pathways, immunomodulation-related pathways, and viral infection-related pathways.\nThe therapeutic mechanisms of MXSGD on COVID-19 may primarily involve the following effects: reducing inflammation, suppressing cytokine storm, protecting the pulmonary alveolar-capillary barrier, alleviating pulmonary edema, regulating the immune response, and decreasing fever.\n", "Evidence Map": {"Enrollment": [{"term": "COVID-19", "negation": "affirmed", "UMLS": "", "start": 62, "end": 70}], "Comparison Results": [], "Study Arm 1 Results": [], "Study Arm 2 Results": []}, "Sentence-level breakdown": [{"Section": "TITLE", "Text": "Beginning in December 2019 , coronavirus disease 2019 ( COVID-19 ) , due to 2019-nCoV infection , emerged in Wuhan and spread rapidly throughout China and even worldwide .", "Evidence Elements": {"Participant": [], "Intervention": [], "Outcome": []}, "Evidence Propositions": []}, {"Section": "OBJECTIVE", "Text": "We investigated the underlying mechanism of MXSGD in treating COVID-19 utilizing the approaches of integrating network pharmacology .", "Evidence Elements": {"Participant": [{"term": "COVID-19", "negation": "affirmed", "UMLS": "", "start": 62, "end": 70}], "Intervention": [{"term": "MXSGD", "negation": "affirmed", "UMLS": "", "start": 44, "end": 49}], "Outcome": []}, "Evidence Propositions": []}, {"Section": "RESULTS", "Text": "A total of 97 active ingredients of MXSGD were screened out , and 169 targets were predicted .", "Evidence Elements": {"Participant": [], "Intervention": [], "Outcome": []}, "Evidence Propositions": []}, {"Section": "RESULTS", "Text": "The protein-protein interaction network exhibited hub targets of MXSGD , such as Heat shock protein 90 , RAC-alpha serine / threonine-protein kinase , Transcription factor AP-1 , Mitogen-activated protein kinase 1 , Cellular tumor antigen p53 , Vascular endothelial growth factor A , and Tumour necrosis factor .", "Evidence Elements": {"Participant": [], "Intervention": [{"term": "MXSGD", "negation": "affirmed", "UMLS": "", "start": 65, "end": 70}], "Outcome": [{"term": "protein-protein interaction", "negation": "affirmed", "UMLS": "", "start": 4, "end": 31}, {"term": "hub targets", "negation": "affirmed", "UMLS": "", "start": 50, "end": 61}, {"term": "Heat shock protein 90", "negation": "affirmed", "UMLS": "", "start": 81, "end": 102}, {"term": "threonine-protein kinase", "negation": "affirmed", "UMLS": "", "start": 124, "end": 148}, {"term": "Transcription factor AP-1", "negation": "affirmed", "UMLS": "", "start": 151, "end": 176}, {"term": "Mitogen-activated protein kinase 1", "negation": "affirmed", "UMLS": "", "start": 179, "end": 213}, {"term": "Cellular tumor antigen p53", "negation": "affirmed", "UMLS": "", "start": 216, "end": 242}, {"term": "Vascular endothelial growth", "negation": "affirmed", "UMLS": "", "start": 245, "end": 272}]}, "Evidence Propositions": []}, {"Section": "RESULTS", "Text": "Gene Ontology functional enrichment analysis demonstrated that the biological processes altered within the body after taking MXSGD were closely related to the regulation of such processes as the acute inflammatory response , chemokine production , vascular permeability , response to oxygen radicals , oxidative stress-induced apoptosis , T cell differentiation involved in the immune response , immunoglobulin secretion , and extracellular matrix disassembly .", "Evidence Elements": {"Participant": [], "Intervention": [{"term": "MXSGD", "negation": "affirmed", "UMLS": "", "start": 125, "end": 130}], "Outcome": [{"term": "biological processes", "negation": "affirmed", "UMLS": "", "start": 67, "end": 87}, {"term": "regulation of such processes", "negation": "affirmed", "UMLS": "", "start": 159, "end": 187}, {"term": "acute inflammatory response", "negation": "affirmed", "UMLS": "", "start": 195, "end": 222}, {"term": "chemokine production", "negation": "affirmed", "UMLS": "", "start": 225, "end": 245}, {"term": "vascular permeability", "negation": "affirmed", "UMLS": "", "start": 248, "end": 269}, {"term": "response to oxygen radicals", "negation": "affirmed", "UMLS": "", "start": 272, "end": 299}, {"term": "oxidative stress-induced apoptosis", "negation": "affirmed", "UMLS": "", "start": 302, "end": 336}, {"term": "T cell differentiation involved in the immune response", "negation": "affirmed", "UMLS": "", "start": 339, "end": 393}]}, "Evidence Propositions": [{"Intervention": "MXSGD", "Observation": "closely related", "Outcome": "regulation of such processes", "Count": ""}, {"Intervention": "MXSGD", "Observation": "closely related", "Outcome": "acute inflammatory response", "Count": ""}, {"Intervention": "MXSGD", "Observation": "closely related", "Outcome": "chemokine production", "Count": ""}, {"Intervention": "MXSGD", "Observation": "closely related", "Outcome": "vascular permeability", "Count": ""}, {"Intervention": "MXSGD", "Observation": "closely related", "Outcome": "response to oxygen radicals", "Count": ""}, {"Intervention": "MXSGD", "Observation": "closely related", "Outcome": "oxidative stress-induced apoptosis", "Count": ""}, {"Intervention": "MXSGD", "Observation": "closely related", "Outcome": "T cell differentiation involved in the immune response", "Count": ""}]}, {"Section": "RESULTS", "Text": "KEGG enrichment analysis indicated that the targets of MXSGD were significantly enriched in inflammation-related pathways , immunomodulation-related pathways , and viral infection-related pathways .", "Evidence Elements": {"Participant": [], "Intervention": [{"term": "MXSGD", "negation": "affirmed", "UMLS": "", "start": 55, "end": 60}], "Outcome": [{"term": "inflammation-related pathways", "negation": "affirmed", "UMLS": "", "start": 92, "end": 121}, {"term": "immunomodulation-related pathways", "negation": "affirmed", "UMLS": "", "start": 124, "end": 157}, {"term": "viral", "negation": "affirmed", "UMLS": "", "start": 164, "end": 169}]}, "Evidence Propositions": [{"Intervention": "MXSGD", "Observation": "significantly enriched", "Outcome": "inflammation-related pathways", "Count": ""}, {"Intervention": "MXSGD", "Observation": "significantly enriched", "Outcome": "immunomodulation-related pathways", "Count": ""}, {"Intervention": "MXSGD", "Observation": "significantly enriched", "Outcome": "viral", "Count": ""}]}, {"Section": "CONCLUSIONS", "Text": "The therapeutic mechanisms of MXSGD on COVID-19 may primarily involve the following effects : reducing inflammation , suppressing cytokine storm , protecting the pulmonary alveolar-capillary barrier , alleviating pulmonary edema , regulating the immune response , and decreasing fever .", "Evidence Elements": {"Participant": [], "Intervention": [], "Outcome": [{"term": "pulmonary", "negation": "affirmed", "UMLS": "", "start": 162, "end": 171}]}, "Evidence Propositions": []}]}