{"doc_id": "32278175", "type of study": "Therapy", "title": "", "abstract": "The novel Coronavirus disease 2019 (COVID-19) is caused by SARS-CoV-2, which is the causative agent of a potentially fatal disease that is of great global public health concern.\nThe outbreak of COVID-19 is wreaking havoc worldwide due to inadequate risk assessment regarding the urgency of the situation.\nThe COVID-19 pandemic has entered a dangerous new phase.\nWhen compared with SARS and MERS, COVID-19 has spread more rapidly, due to increased globalization and adaptation of the virus in every environment.\nSlowing the spread of the COVID-19 cases will significantly reduce the strain on the healthcare system of the country by limiting the number of people who are severely sick by COVID-19 and need hospital care.\nHence, the recent outburst of COVID-19 highlights an urgent need for therapeutics targeting SARS-CoV-2.\nHere, we have discussed the structure of virus; varying symptoms among COVID-19, SARS, MERS and common flu; the probable mechanism behind the infection and its immune response.\nFurther, the current treatment options, drugs available, ongoing trials and recent diagnostics for COVID-19 have been discussed.\nWe suggest traditional Indian medicinal plants as possible novel therapeutic approaches, exclusively targeting SARS-CoV-2 and its pathways.\nSARS-COV-2 is structurally similar to SARS-COV.\nThe mechanism of SARS-COV-2 in the host cell may be comparable to SARS-COV.\nSARS-CoV-2 invade the immune and nervous system.\nThere is an urgent need for novel treatment options for COVID-19.\nIndian medicinal plants are likely to be potential drugs for the treatment of COVID-19.\n", "Evidence Map": {"Enrollment": [{"term": "SARS", "negation": "affirmed", "UMLS": "", "start": 84, "end": 88}, {"term": "MERS", "negation": "affirmed", "UMLS": "", "start": 91, "end": 95}, {"term": "flu", "negation": "affirmed", "UMLS": "", "start": 107, "end": 110}], "Comparison Results": [], "Study Arm 1 Results": [], "Study Arm 2 Results": []}, "Sentence-level breakdown": [{"Section": "TITLE", "Text": "The novel Coronavirus disease 2019 ( COVID-19 ) is caused by SARS-CoV-2 , which is the causative agent of a potentially fatal disease that is of great global public health concern .", "Evidence Elements": {"Participant": [], "Intervention": [], "Outcome": []}, "Evidence Propositions": []}, {"Section": "RESULTS", "Text": "When compared with SARS and MERS , COVID-19 has spread more rapidly , due to increased globalization and adaptation of the virus in every environment .", "Evidence Elements": {"Participant": [], "Intervention": [], "Outcome": []}, "Evidence Propositions": []}, {"Section": "RESULTS", "Text": "Slowing the spread of the COVID-19 cases will significantly reduce the strain on the healthcare system of the country by limiting the number of people who are severely sick by COVID-19 and need hospital care .", "Evidence Elements": {"Participant": [], "Intervention": [], "Outcome": []}, "Evidence Propositions": []}, {"Section": "RESULTS", "Text": "Hence , the recent outburst of COVID-19 highlights an urgent need for therapeutics targeting SARS-CoV-2 .", "Evidence Elements": {"Participant": [], "Intervention": [], "Outcome": []}, "Evidence Propositions": []}, {"Section": "RESULTS", "Text": "Here , we have discussed the structure of virus ; varying symptoms among COVID-19 , SARS , MERS and common flu ; the probable mechanism behind the infection and its immune response .", "Evidence Elements": {"Participant": [{"term": "SARS", "negation": "affirmed", "UMLS": "", "start": 84, "end": 88}, {"term": "MERS", "negation": "affirmed", "UMLS": "", "start": 91, "end": 95}, {"term": "flu", "negation": "affirmed", "UMLS": "", "start": 107, "end": 110}], "Intervention": [], "Outcome": []}, "Evidence Propositions": []}, {"Section": "RESULTS", "Text": "Further , the current treatment options , drugs available , ongoing trials and recent diagnostics for COVID-19 have been discussed .", "Evidence Elements": {"Participant": [], "Intervention": [], "Outcome": []}, "Evidence Propositions": []}, {"Section": "RESULTS", "Text": "We suggest traditional Indian medicinal plants as possible novel therapeutic approaches , exclusively targeting SARS-CoV-2 and its pathways .", "Evidence Elements": {"Participant": [], "Intervention": [{"term": "traditional Indian medicinal plants", "negation": "affirmed", "UMLS": "", "start": 11, "end": 46}], "Outcome": []}, "Evidence Propositions": []}, {"Section": "RESULTS", "Text": "SARS-COV-2 is structurally similar to SARS-COV .", "Evidence Elements": {"Participant": [], "Intervention": [{"term": "SARS-COV-2", "negation": "affirmed", "UMLS": "", "start": 0, "end": 10}, {"term": "SARS-COV", "negation": "affirmed", "UMLS": "", "start": 0, "end": 8}], "Outcome": []}, "Evidence Propositions": [{"Intervention": ["SARS-COV-2", "SARS-COV"], "Observation": "similar", "Outcome": "", "Count": ""}]}, {"Section": "RESULTS", "Text": "The mechanism of SARS-COV-2 in the host cell may be comparable to SARS-COV .", "Evidence Elements": {"Participant": [], "Intervention": [{"term": "SARS-COV-2", "negation": "affirmed", "UMLS": "", "start": 17, "end": 27}, {"term": "SARS-COV", "negation": "affirmed", "UMLS": "", "start": 17, "end": 25}], "Outcome": [{"term": "mechanism", "negation": "affirmed", "UMLS": "", "start": 4, "end": 13}]}, "Evidence Propositions": [{"Intervention": "SARS-COV-2", "Observation": "comparable", "Outcome": "mechanism", "Count": ""}, {"Intervention": "SARS-COV", "Observation": "comparable", "Outcome": "mechanism", "Count": ""}]}, {"Section": "RESULTS", "Text": "SARS-CoV-2 invade the immune and nervous system .", "Evidence Elements": {"Participant": [], "Intervention": [], "Outcome": []}, "Evidence Propositions": []}, {"Section": "RESULTS", "Text": "There is an urgent need for novel treatment options for COVID-19 .", "Evidence Elements": {"Participant": [], "Intervention": [], "Outcome": []}, "Evidence Propositions": []}, {"Section": "CONCLUSIONS", "Text": "Indian medicinal plants are likely to be potential drugs for the treatment of COVID-19 .", "Evidence Elements": {"Participant": [], "Intervention": [], "Outcome": []}, "Evidence Propositions": []}]}