{"doc_id": "32275812", "type of study": "Therapy", "title": "", "abstract": "Remdesivir, a nucleotide analogue prodrug that inhibits viral RNA polymerases, has shown in vitro activity against SARS-CoV-2.\nWe provided remdesivir on a compassionate-use basis to patients hospitalized with Covid-19, the illness caused by infection with SARS-CoV-2.\nPatients were those with confirmed SARS-CoV-2 infection who had an oxygen saturation of 94% or less while they were breathing ambient air or who were receiving oxygen support.\nPatients received a 10-day course of remdesivir, consisting of 200 mg administered intravenously on day 1, followed by 100 mg daily for the remaining 9 days of treatment.\nThis report is based on data from patients who received remdesivir during the period from January 25, 2020, through March 7, 2020, and have clinical data for at least 1 subsequent day.\nOf the 61 patients who received at least one dose of remdesivir, data from 8 could not be analyzed (including 7 patients with no post-treatment data and 1 with a dosing error).\nOf the 53 patients whose data were analyzed, 22 were in the United States, 22 in Europe or Canada, and 9 in Japan.\nAt baseline, 30 patients (57%) were receiving mechanical ventilation and 4 (8%) were receiving extracorporeal membrane oxygenation.\nDuring a median follow-up of 18 days, 36 patients (68%) had an improvement in oxygen-support class, including 17 of 30 patients (57%) receiving mechanical ventilation who were extubated.\nA total of 25 patients (47%) were discharged, and 7 patients (13%) died; mortality was 18% (6 of 34) among patients receiving invasive ventilation and 5% (1 of 19) among those not receiving invasive ventilation.\nIn this cohort of patients hospitalized for severe Covid-19 who were treated with compassionate-use remdesivir, clinical improvement was observed in 36 of 53 patients (68%).\nMeasurement of efficacy will require ongoing randomized, placebo-controlled trials of remdesivir therapy.\n(Funded by Gilead Sciences.)\n", "Evidence Map": {"Enrollment": [{"term": "hospitalized", "negation": "affirmed", "UMLS": "", "start": 64, "end": 76}, {"term": "Covid-19", "negation": "affirmed", "UMLS": "", "start": 82, "end": 90}, {"term": "SARS-CoV-2 infection", "negation": "affirmed", "UMLS": "", "start": 35, "end": 55}, {"term": "oxygen saturation of 94 % or less", "negation": "affirmed", "UMLS": "", "start": 67, "end": 100}, {"term": "oxygen", "negation": "affirmed", "UMLS": "", "start": 67, "end": 73}, {"term": "hospitalized", "negation": "affirmed", "UMLS": "", "start": 27, "end": 39}, {"term": "severe Covid-19", "negation": "affirmed", "UMLS": "", "start": 44, "end": 59}], "Comparison Results": [], "Study Arm 1 Results": [], "Study Arm 2 Results": []}, "Sentence-level breakdown": [{"Section": "TITLE", "Text": "Remdesivir , a nucleotide analogue prodrug that inhibits viral RNA polymerases , has shown in vitro activity against SARS-CoV-2 .", "Evidence Elements": {"Participant": [], "Intervention": [], "Outcome": []}, "Evidence Propositions": []}, {"Section": "METHODS", "Text": "We provided remdesivir on a compassionate-use basis to patients hospitalized with Covid-19 , the illness caused by infection with SARS-CoV-2 .", "Evidence Elements": {"Participant": [{"term": "hospitalized", "negation": "affirmed", "UMLS": "", "start": 64, "end": 76}, {"term": "Covid-19", "negation": "affirmed", "UMLS": "", "start": 82, "end": 90}], "Intervention": [{"term": "remdesivir", "negation": "affirmed", "UMLS": "", "start": 12, "end": 22}], "Outcome": []}, "Evidence Propositions": []}, {"Section": "METHODS", "Text": "Patients were those with confirmed SARS-CoV-2 infection who had an oxygen saturation of 94 % or less while they were breathing ambient air or who were receiving oxygen support .", "Evidence Elements": {"Participant": [{"term": "SARS-CoV-2 infection", "negation": "affirmed", "UMLS": "", "start": 35, "end": 55}, {"term": "oxygen saturation of 94 % or less", "negation": "affirmed", "UMLS": "", "start": 67, "end": 100}, {"term": "oxygen", "negation": "affirmed", "UMLS": "", "start": 67, "end": 73}], "Intervention": [], "Outcome": []}, "Evidence Propositions": []}, {"Section": "METHODS", "Text": "Patients received a 10-day course of remdesivir , consisting of 200 mg administered intravenously on day 1 , followed by 100 mg daily for the remaining 9 days of treatment .", "Evidence Elements": {"Participant": [], "Intervention": [{"term": "remdesivir", "negation": "affirmed", "UMLS": "", "start": 37, "end": 47}], "Outcome": []}, "Evidence Propositions": []}, {"Section": "METHODS", "Text": "This report is based on data from patients who received remdesivir during the period from January 25 , 2020 , through March 7 , 2020 , and have clinical data for at least 1 subsequent day .", "Evidence Elements": {"Participant": [], "Intervention": [{"term": "remdesivir", "negation": "affirmed", "UMLS": "", "start": 56, "end": 66}], "Outcome": []}, "Evidence Propositions": []}, {"Section": "RESULTS", "Text": "Of the 61 patients who received at least one dose of remdesivir , data from 8 could not be analyzed ( including 7 patients with no post-treatment data and 1 with a dosing error ) .", "Evidence Elements": {"Participant": [], "Intervention": [{"term": "remdesivir", "negation": "negated", "UMLS": "", "start": 53, "end": 63}], "Outcome": []}, "Evidence Propositions": []}, {"Section": "RESULTS", "Text": "Of the 53 patients whose data were analyzed , 22 were in the United States , 22 in Europe or Canada , and 9 in Japan .", "Evidence Elements": {"Participant": [], "Intervention": [], "Outcome": []}, "Evidence Propositions": []}, {"Section": "RESULTS", "Text": "At baseline , 30 patients ( 57 % ) were receiving mechanical ventilation and 4 ( 8 % ) were receiving extracorporeal membrane oxygenation .", "Evidence Elements": {"Participant": [], "Intervention": [{"term": "mechanical ventilation", "negation": "affirmed", "UMLS": "", "start": 50, "end": 72}], "Outcome": []}, "Evidence Propositions": []}, {"Section": "RESULTS", "Text": "During a median follow-up of 18 days , 36 patients ( 68 % ) had an improvement in oxygen-support class , including 17 of 30 patients ( 57 % ) receiving mechanical ventilation who were extubated .", "Evidence Elements": {"Participant": [], "Intervention": [], "Outcome": [{"term": "oxygen-support class", "negation": "affirmed", "UMLS": "", "start": 82, "end": 102}]}, "Evidence Propositions": []}, {"Section": "RESULTS", "Text": "A total of 25 patients ( 47 % ) were discharged , and 7 patients ( 13 % ) died ; mortality was 18 % ( 6 of 34 ) among patients receiving invasive ventilation and 5 % ( 1 of 19 ) among those not receiving invasive ventilation .", "Evidence Elements": {"Participant": [], "Intervention": [{"term": "invasive ventilation", "negation": "negated", "UMLS": "", "start": 137, "end": 157}], "Outcome": [{"term": "discharged", "negation": "affirmed", "UMLS": "", "start": 37, "end": 47}, {"term": "died", "negation": "affirmed", "UMLS": "", "start": 74, "end": 78}, {"term": "mortality", "negation": "affirmed", "UMLS": "", "start": 81, "end": 90}]}, "Evidence Propositions": [{"Intervention": "invasive ventilation", "Observation": "", "Count": "18 % ( 6 of 34 )", "Outcome": "mortality"}]}, {"Section": "CONCLUSIONS", "Text": "In this cohort of patients hospitalized for severe Covid-19 who were treated with compassionate-use remdesivir , clinical improvement was observed in 36 of 53 patients ( 68 % ) .", "Evidence Elements": {"Participant": [{"term": "hospitalized", "negation": "affirmed", "UMLS": "", "start": 27, "end": 39}, {"term": "severe Covid-19", "negation": "affirmed", "UMLS": "", "start": 44, "end": 59}], "Intervention": [{"term": "compassionate-use remdesivir", "negation": "affirmed", "UMLS": "", "start": 82, "end": 110}], "Outcome": [{"term": "clinical improvement", "negation": "affirmed", "UMLS": "", "start": 113, "end": 133}]}, "Evidence Propositions": [{"Intervention": "compassionate-use remdesivir", "Observation": "", "Count": "36 of 53 patients", "Outcome": "clinical improvement"}]}, {"Section": "CONCLUSIONS", "Text": "Measurement of efficacy will require ongoing randomized , placebo-controlled trials of remdesivir therapy .", "Evidence Elements": {"Participant": [], "Intervention": [], "Outcome": []}, "Evidence Propositions": []}, {"Section": "CONCLUSIONS", "Text": "( Funded by Gilead Sciences . )", "Evidence Elements": {"Participant": [], "Intervention": [], "Outcome": []}, "Evidence Propositions": []}]}