{"doc_id": "32281334", "type of study": "Therapy", "title": "", "abstract": "The outbreak of coronavirus disease 2019(COVID-19) seriously endangers people's health.\nTraditional Chinese medicine(TCM) has been recommended for the treatment of COVID-19 in Novel Coronavirus Pneumonia Prevention and Control Strategy, which have made outstanding contributions to the prevention and control of the epidemic.\nThe wide application of Chinese medicine asked the pharmacists and doctors, nurses, and medical technicians in Wuhan and around the country to stand on the front line of COVID-19 treatment, and provide pharmaceutical care services, which has effectively guaranteed the safety and rational use of Chinese medicine.\nThis article will introduce the TCM cognition of the COVID-19, analyze the clinical application of Chinese medicine and the entry point of pharmaceutical care, and clarify that clinical Chinese pharmacists can participate in making medication therapy plan, medication reconciliation, and prescription review, promoting rational drug use, pharmaceutical monitoring, and drug risk management.\nThe participation of clinical Chinese pharmacists in the prevention and treatment of COVID-19 is conducive to improving the level of rational use of TCM, by ensuring the effectiveness, and safety.\n", "Evidence Map": {"Enrollment": [], "Comparison Results": [], "Study Arm 1 Results": [], "Study Arm 2 Results": []}, "Sentence-level breakdown": [{"Section": "TITLE", "Text": "The outbreak of coronavirus disease 2019 ( COVID-19 ) seriously endangers people 's health .", "Evidence Elements": {"Participant": [], "Intervention": [], "Outcome": []}, "Evidence Propositions": []}, {"Section": "OBJECTIVE", "Text": "This article will introduce the TCM cognition of the COVID-19 , analyze the clinical application of Chinese medicine and the entry point of pharmaceutical care , and clarify that clinical Chinese pharmacists can participate in making medication therapy plan , medication reconciliation , and prescription review , promoting rational drug use , pharmaceutical monitoring , and drug risk management .", "Evidence Elements": {"Participant": [], "Intervention": [{"term": "Chinese medicine", "negation": "affirmed", "UMLS": "", "start": 100, "end": 116}], "Outcome": [{"term": "TCM cognition", "negation": "affirmed", "UMLS": "", "start": 32, "end": 45}, {"term": "clinical application", "negation": "affirmed", "UMLS": "", "start": 76, "end": 96}, {"term": "entry point of pharmaceutical care", "negation": "affirmed", "UMLS": "", "start": 125, "end": 159}, {"term": "medication therapy plan", "negation": "affirmed", "UMLS": "", "start": 234, "end": 257}, {"term": "medication reconciliation", "negation": "affirmed", "UMLS": "", "start": 260, "end": 285}, {"term": "prescription review", "negation": "affirmed", "UMLS": "", "start": 292, "end": 311}, {"term": "rational drug use", "negation": "affirmed", "UMLS": "", "start": 324, "end": 341}]}, "Evidence Propositions": []}, {"Section": "CONCLUSIONS", "Text": "The participation of clinical Chinese pharmacists in the prevention and treatment of COVID-19 is conducive to improving the level of rational use of TCM , by ensuring the effectiveness , and safety .", "Evidence Elements": {"Participant": [], "Intervention": [{"term": "clinical Chinese pharmacists", "negation": "affirmed", "UMLS": "", "start": 21, "end": 49}], "Outcome": [{"term": "level of rational use of TCM", "negation": "affirmed", "UMLS": "", "start": 124, "end": 152}, {"term": "effectiveness", "negation": "affirmed", "UMLS": "", "start": 171, "end": 184}]}, "Evidence Propositions": [{"Intervention": "clinical Chinese pharmacists", "Observation": "improving", "Outcome": "level of rational use of TCM", "Count": ""}]}]}