{"doc_id": "32281333", "type of study": "Therapy", "title": "", "abstract": "Coronavirus disease 2019(COVID-19) triggered a severe and complicated epidemic situation, and it is of great significance to discuss the rules and characteristics of the prescription of COVID-19 in traditional Chinese medicine.\nThis study collected prevention and treatment approaches of traditional Chinese medicine for COVID-19 released from the National Health Committee of China, 7 provinces and municipal health committees, the Chinese Medicine Administration and Handbook of Traditional Chinese Medicine Diagnosis and Treatment of COVID-19 between January 1 and February 18, 2020, and prescriptions prepared by 3 masters of Chinese medicine and 4 well-known Chinese medicine experts.\nThese information were selected according to the inclusion and exclusion criteria, and EpiData 3.0 software was used to establish the &quot;Traditional Chinese Medicine Prescription Library for the Prevention and Treatment of COVID-19&quot; and the &quot;Common Database of Traditional Chinese Medicine for the Prevention and Treatment of COVID-19&quot;. A total of 93 effective Chinese medicine prescriptions and a total of 157 kinds of constituent medicines were collected.\nData analysis was performed by SPSS 18.0 software.\nThe results showed that: (1)most of the medicines are with cold and warm properties, 69 with cold medicines, accounting for 43.95%, 57 with warm medicines, accounting for 36.31%, and less with hot medicines, taking up 1.27%; (2)there are many pungent, bitter and sweet medicines, and the distribution of medicinal flavors is different at different disease stage.\nThe pungent medicines are mostly found in the early stage, the bitter drugs are the main flavor in the middle and severe stage, and the sweet medicines are mostly used in the recovery stage; (3)the meridian of the drug is more concentrated at the lung, stomach, and heart, and most of drugs are into the lung meridian, accounting for 24.55%; these medicines are mostly into the lungs and stomach in the initial and middle stages, and into the heart and kidney in severe stages; (4)oral drugs are mostly non-toxic, among which only 6 kinds are toxic, namely Armeniacae Semen Amarum, Dryopteridis Crassirhizomatis Rhizoma, Paridis Rhizoma, Pinelliae Rhizoma, Aconiti Lateralis Radix Praeparaia; (5)most of the drugs have five types of functions: treating exterior syndromes, resolving dampness, clearing heat, replenishing deficiency, resolving phlegm, cough, and asthma.\nIn the early stage, both drugs for treating exterior syndromes and heat clearing drugs were equally used, accounting for 18.81% each.\nIn the middle stage, drugs resolving phlegm, cough, and asthma drugs are more often used, accounting for 29.61%.\nIn the severe stage, heat clearing drugs are mostly used, accounting for 33.33%.\nDuring the recovery period, tonic deficiency drugs are used the most, accounting for 36.47%.\nThe medical characteristics and efficacy of Chinese medicine in preventing and treating COVID-19 are closely related to the understanding of the etiology of Chinese medicine and the location and pathogenesis of the disease.\nStaged medication and local conditions need attention during the identification and treatment of COVID-19 clinical syndromes.\n", "Evidence Map": {"Enrollment": [{"term": "COVID-19", "negation": "affirmed", "UMLS": "", "start": 93, "end": 101}, {"term": "syndromes", "negation": "affirmed", "UMLS": "", "start": 54, "end": 63}], "Comparison Results": [], "Study Arm 1 Results": [], "Study Arm 2 Results": []}, "Sentence-level breakdown": [{"Section": "TITLE", "Text": "Coronavirus disease 2019 ( COVID-19 ) triggered a severe and complicated epidemic situation , and it is of great significance to discuss the rules and characteristics of the prescription of COVID-19 in traditional Chinese medicine .", "Evidence Elements": {"Participant": [], "Intervention": [], "Outcome": []}, "Evidence Propositions": []}, {"Section": "METHODS", "Text": "This study collected prevention and treatment approaches of traditional Chinese medicine for COVID-19 released from the National Health Committee of China , 7 provinces and municipal health committees , the Chinese Medicine Administration and Handbook of Traditional Chinese Medicine Diagnosis and Treatment of COVID-19 between January 1 and February 18 , 2020 , and prescriptions prepared by 3 masters of Chinese medicine and 4 well-known Chinese medicine experts .", "Evidence Elements": {"Participant": [{"term": "COVID-19", "negation": "affirmed", "UMLS": "", "start": 93, "end": 101}], "Intervention": [{"term": "traditional Chinese medicine", "negation": "affirmed", "UMLS": "", "start": 60, "end": 88}], "Outcome": [{"term": "and treatment approaches", "negation": "affirmed", "UMLS": "", "start": 32, "end": 56}]}, "Evidence Propositions": []}, {"Section": "METHODS", "Text": "These information were selected according to the inclusion and exclusion criteria , and EpiData 3.0 software was used to establish the & quot ; Traditional Chinese Medicine Prescription Library for the Prevention and Treatment of COVID-19 & quot ; and the & quot ; Common Database of Traditional Chinese Medicine for the Prevention and Treatment of COVID-19 & quot ; . A total of 93 effective Chinese medicine prescriptions and a total of 157 kinds of constituent medicines were collected .", "Evidence Elements": {"Participant": [], "Intervention": [], "Outcome": [{"term": "& quot", "negation": "affirmed", "UMLS": "", "start": 135, "end": 141}, {"term": "Traditional Chinese Medicine Prescription Library", "negation": "affirmed", "UMLS": "", "start": 144, "end": 193}, {"term": "the", "negation": "affirmed", "UMLS": "", "start": 45, "end": 48}, {"term": "and Treatment of COVID-19", "negation": "affirmed", "UMLS": "", "start": 213, "end": 238}, {"term": "quot", "negation": "affirmed", "UMLS": "", "start": 137, "end": 141}, {"term": "& quot", "negation": "affirmed", "UMLS": "", "start": 135, "end": 141}, {"term": "Common Database of Traditional Chinese Medicine", "negation": "affirmed", "UMLS": "", "start": 265, "end": 312}]}, "Evidence Propositions": []}, {"Section": "METHODS", "Text": "Data analysis was performed by SPSS 18.0 software .", "Evidence Elements": {"Participant": [], "Intervention": [], "Outcome": []}, "Evidence Propositions": []}, {"Section": "RESULTS", "Text": "The results showed that : ( 1 ) most of the medicines are with cold and warm properties , 69 with cold medicines , accounting for 43.95 % , 57 with warm medicines , accounting for 36.31 % , and less with hot medicines , taking up 1.27 % ; ( 2 ) there are many pungent , bitter and sweet medicines , and the distribution of medicinal flavors is different at different disease stage .", "Evidence Elements": {"Participant": [], "Intervention": [{"term": "cold and warm properties", "negation": "affirmed", "UMLS": "", "start": 63, "end": 87}, {"term": "cold medicines", "negation": "affirmed", "UMLS": "", "start": 98, "end": 112}, {"term": "warm medicines", "negation": "affirmed", "UMLS": "", "start": 148, "end": 162}, {"term": "hot medicines", "negation": "affirmed", "UMLS": "", "start": 204, "end": 217}], "Outcome": []}, "Evidence Propositions": []}, {"Section": "RESULTS", "Text": "The pungent medicines are mostly found in the early stage , the bitter drugs are the main flavor in the middle and severe stage , and the sweet medicines are mostly used in the recovery stage ; ( 3 ) the meridian of the drug is more concentrated at the lung , stomach , and heart , and most of drugs are into the lung meridian , accounting for 24.55 % ; these medicines are mostly into the lungs and stomach in the initial and middle stages , and into the heart and kidney in severe stages ; ( 4 ) oral drugs are mostly non-toxic , among which only 6 kinds are toxic , namely", "Evidence Elements": {"Participant": [], "Intervention": [], "Outcome": []}, "Evidence Propositions": []}, {"Section": "RESULTS", "Text": "In the early stage , both drugs for treating exterior syndromes and heat clearing drugs were equally used , accounting for 18.81 % each .", "Evidence Elements": {"Participant": [{"term": "syndromes", "negation": "affirmed", "UMLS": "", "start": 54, "end": 63}], "Intervention": [{"term": "both drugs", "negation": "affirmed", "UMLS": "", "start": 21, "end": 31}, {"term": "clearing drugs", "negation": "affirmed", "UMLS": "", "start": 73, "end": 87}], "Outcome": []}, "Evidence Propositions": []}, {"Section": "RESULTS", "Text": "In the middle stage , drugs resolving phlegm , cough , and asthma drugs are more often used , accounting for 29.61 % .", "Evidence Elements": {"Participant": [], "Intervention": [], "Outcome": []}, "Evidence Propositions": []}, {"Section": "CONCLUSIONS", "Text": "In the severe stage , heat clearing drugs are mostly used , accounting for 33.33 % .", "Evidence Elements": {"Participant": [], "Intervention": [], "Outcome": [{"term": "heat clearing drugs", "negation": "affirmed", "UMLS": "", "start": 22, "end": 41}]}, "Evidence Propositions": []}, {"Section": "CONCLUSIONS", "Text": "During the recovery period , tonic deficiency drugs are used the most , accounting for 36.47 % .", "Evidence Elements": {"Participant": [], "Intervention": [{"term": "tonic deficiency drugs", "negation": "affirmed", "UMLS": "", "start": 29, "end": 51}], "Outcome": []}, "Evidence Propositions": [{"Intervention": ["tonic deficiency drugs"], "Observation": "most", "Outcome": "", "Count": ""}]}, {"Section": "CONCLUSIONS", "Text": "The medical characteristics and efficacy of Chinese medicine in preventing and treating COVID-19 are closely related to the understanding of the etiology of Chinese medicine and the location and pathogenesis of the disease .", "Evidence Elements": {"Participant": [], "Intervention": [], "Outcome": []}, "Evidence Propositions": []}, {"Section": "CONCLUSIONS", "Text": "Staged medication and local conditions need attention during the identification and treatment of COVID-19 clinical syndromes .", "Evidence Elements": {"Participant": [], "Intervention": [], "Outcome": []}, "Evidence Propositions": []}]}