{"doc_id": "32283324", "type of study": "Therapy", "title": "", "abstract": "The novel coronavirus SARS-CoV2 is a threat to the health and well-being of millions of lifes across the globe.\nA significant proportion of adult patients require hospitalisation and may develop severe life-threatening complications.\nChildren, on the other hand, can carry and transmit the virus, but usually do not develop severe disease.\nMortality in the paediatric age-group is relatively low.\nDifferences in virus containment and clearance, as well as reduced inflammation-related tissue and organ damage may be caused by age-specific environmental and host factors.\nSince severe complications in adults are frequently caused by uncontrolled immune responses and a resulting \"cytokine storm\" that may be controlled by targeted blockade of cytokines, previously established treatment with immunosuppressive treatments may indeed protect children from complications.\nThe novel coronavirus SARS-CoV2 causes COVID-19, a pandemic threatening millions of lifes globally.\nChildren with COVID-19 rarely develop severe symptoms and mortality is relatively low.\nCo-infections (and co-clearance) with other viruses may help children to overcome SARS-CoV2.\nFewer comorbidities and age-specific host factors may protect children.\nLimited experience suggests that pre-existing anti-inflammatory treatment may not increase risk significantly.\n", "Evidence Map": {"Enrollment": [{"term": "paediatric age-group", "negation": "affirmed", "UMLS": "", "start": 17, "end": 37}], "Comparison Results": [], "Study Arm 1 Results": [], "Study Arm 2 Results": []}, "Sentence-level breakdown": [{"Section": "TITLE", "Text": "The novel coronavirus SARS-CoV2 is a threat to the health and well-being of millions of lifes across the globe .", "Evidence Elements": {"Participant": [], "Intervention": [], "Outcome": []}, "Evidence Propositions": []}, {"Section": "RESULTS", "Text": "A significant proportion of adult patients require hospitalisation and may develop severe life-threatening complications .", "Evidence Elements": {"Participant": [], "Intervention": [], "Outcome": []}, "Evidence Propositions": []}, {"Section": "RESULTS", "Text": "Children , on the other hand , can carry and transmit the virus , but usually do not develop severe disease .", "Evidence Elements": {"Participant": [], "Intervention": [], "Outcome": []}, "Evidence Propositions": []}, {"Section": "RESULTS", "Text": "Mortality in the paediatric age-group is relatively low .", "Evidence Elements": {"Participant": [{"term": "paediatric age-group", "negation": "affirmed", "UMLS": "", "start": 17, "end": 37}], "Intervention": [], "Outcome": [{"term": "Mortality", "negation": "affirmed", "UMLS": "", "start": 0, "end": 9}]}, "Evidence Propositions": []}, {"Section": "RESULTS", "Text": "Differences in virus containment and clearance , as well as reduced inflammation-related tissue and organ damage may be caused by age-specific environmental and host factors .", "Evidence Elements": {"Participant": [], "Intervention": [], "Outcome": [{"term": "virus containment", "negation": "affirmed", "UMLS": "", "start": 15, "end": 32}, {"term": "clearance", "negation": "affirmed", "UMLS": "", "start": 37, "end": 46}, {"term": "inflammation-related tissue", "negation": "affirmed", "UMLS": "", "start": 68, "end": 95}, {"term": "organ damage", "negation": "affirmed", "UMLS": "", "start": 100, "end": 112}]}, "Evidence Propositions": [{"Intervention": [], "Observation": "Differences", "Outcome": "virus containment", "Count": ""}, {"Intervention": [], "Observation": "Differences", "Outcome": "clearance", "Count": ""}]}, {"Section": "RESULTS", "Text": "Since severe complications in adults are frequently caused by uncontrolled immune responses and a resulting \" cytokine storm \" that may be controlled by targeted blockade of cytokines , previously established treatment with immunosuppressive treatments may indeed protect children from complications .", "Evidence Elements": {"Participant": [], "Intervention": [], "Outcome": []}, "Evidence Propositions": []}, {"Section": "CONCLUSIONS", "Text": "The novel coronavirus SARS-CoV2 causes COVID-19 , a pandemic threatening millions of lifes globally .", "Evidence Elements": {"Participant": [], "Intervention": [], "Outcome": []}, "Evidence Propositions": []}, {"Section": "CONCLUSIONS", "Text": "Children with COVID-19 rarely develop severe symptoms and mortality is relatively low .", "Evidence Elements": {"Participant": [], "Intervention": [], "Outcome": []}, "Evidence Propositions": []}, {"Section": "CONCLUSIONS", "Text": "Co-infections ( and co-clearance ) with other viruses may help children to overcome SARS-CoV2 .", "Evidence Elements": {"Participant": [], "Intervention": [], "Outcome": []}, "Evidence Propositions": []}, {"Section": "CONCLUSIONS", "Text": "Fewer comorbidities and age-specific host factors may protect children .", "Evidence Elements": {"Participant": [], "Intervention": [], "Outcome": []}, "Evidence Propositions": []}, {"Section": "CONCLUSIONS", "Text": "Limited experience suggests that pre-existing anti-inflammatory treatment may not increase risk significantly .", "Evidence Elements": {"Participant": [], "Intervention": [], "Outcome": []}, "Evidence Propositions": []}]}