{"doc_id": "32280433", "type of study": "Therapy", "title": "", "abstract": "The MT-DTI deep learning model was used to identify potent drugs for SARS-CoV-2.\nAtazanavir, remdesivir, and Kaletra were predicted to inhibit SARS-CoV-2.\nRapamycin and tiotropium bromide may also be effective for SARS-CoV-2.\nThe infection of a novel coronavirus found in Wuhan of China (SARS-CoV-2) is rapidly spreading, and the incidence rate is increasing worldwide.\nDue to the lack of effective treatment options for SARS-CoV-2, various strategies are being tested in China, including drug repurposing.\nIn this study, we used our pre-trained deep learning-based drug-target interaction model called Molecule Transformer-Drug Target Interaction (MT-DTI) to identify commercially available drugs that could act on viral proteins of SARS-CoV-2.\nThe result showed that atazanavir, an antiretroviral medication used to treat and prevent the human immunodeficiency virus (HIV), is the best chemical compound, showing an inhibitory potency with Kd of 94.94 nM against the SARS-CoV-2 3C-like proteinase, followed by remdesivir (113.13 nM), efavirenz (199.17 nM), ritonavir (204.05 nM), and dolutegravir (336.91 nM).\nInterestingly, lopinavir, ritonavir, and darunavir are all designed to target viral proteinases.\nHowever, in our prediction, they may also bind to the replication complex components of SARS-CoV-2 with an inhibitory potency with Kd < 1000 nM. In addition, we also found that several antiviral agents, such as Kaletra (lopinavir/ritonavir), could be used for the treatment of SARS-CoV-2.\nOverall, we suggest that the list of antiviral drugs identified by the MT-DTI model should be considered, when establishing effective treatment strategies for SARS-CoV-2.\n", "Evidence Map": {"Enrollment": [{"term": "SARS-CoV-2", "negation": "affirmed", "UMLS": "", "start": 69, "end": 79}, {"term": "SARS-CoV-2", "negation": "affirmed", "UMLS": "", "start": 59, "end": 69}], "Comparison Results": [], "Study Arm 1 Results": [], "Study Arm 2 Results": []}, "Sentence-level breakdown": [{"Section": "TITLE", "Text": "The MT-DTI deep learning model was used to identify potent drugs for SARS-CoV-2 .", "Evidence Elements": {"Participant": [{"term": "SARS-CoV-2", "negation": "affirmed", "UMLS": "", "start": 69, "end": 79}], "Intervention": [], "Outcome": [{"term": "potent drugs", "negation": "affirmed", "UMLS": "", "start": 52, "end": 64}]}, "Evidence Propositions": []}, {"Section": "OBJECTIVE", "Text": "In this study , we used our pre-trained deep learning-based drug-target interaction model called Molecule Transformer-Drug Target Interaction ( MT-DTI ) to identify commercially available drugs that could act on viral proteins of SARS-CoV-2 .", "Evidence Elements": {"Participant": [], "Intervention": [{"term": "Molecule Transformer-Drug Target Interaction ( MT-DTI )", "negation": "affirmed", "UMLS": "", "start": 97, "end": 152}], "Outcome": []}, "Evidence Propositions": []}, {"Section": "RESULTS", "Text": "The result showed that atazanavir , an antiretroviral medication used to treat and prevent the human immunodeficiency virus ( HIV ) , is the best chemical compound , showing an inhibitory potency with Kd of 94.94 nM against the SARS-CoV-2 3C-like proteinase , followed by remdesivir ( 113.13 nM ) , efavirenz ( 199.17 nM ) , ritonavir ( 204.05 nM ) , and dolutegravir ( 336.91 nM ) .", "Evidence Elements": {"Participant": [], "Intervention": [{"term": "atazanavir", "negation": "affirmed", "UMLS": "", "start": 23, "end": 33}, {"term": "remdesivir", "negation": "affirmed", "UMLS": "", "start": 272, "end": 282}, {"term": "efavirenz", "negation": "affirmed", "UMLS": "", "start": 299, "end": 308}], "Outcome": [{"term": "inhibitory potency", "negation": "affirmed", "UMLS": "", "start": 177, "end": 195}, {"term": "SARS-CoV-2 3C-like proteinase", "negation": "affirmed", "UMLS": "", "start": 228, "end": 257}]}, "Evidence Propositions": [{"Intervention": ["atazanavir", "efavirenz"], "Observation": "best", "Outcome": "inhibitory potency", "Count": ""}, {"Intervention": "atazanavir", "Observation": "94.94 nM", "Outcome": "inhibitory potency", "Count": ""}, {"Intervention": "atazanavir", "Observation": "94.94 nM", "Outcome": "SARS-CoV-2 3C-like proteinase", "Count": ""}, {"Intervention": "efavirenz", "Observation": "94.94 nM", "Outcome": "inhibitory potency", "Count": ""}, {"Intervention": "efavirenz", "Observation": "94.94 nM", "Outcome": "SARS-CoV-2 3C-like proteinase", "Count": ""}]}, {"Section": "RESULTS", "Text": "Interestingly , lopinavir , ritonavir , and darunavir are all designed to target viral proteinases .", "Evidence Elements": {"Participant": [], "Intervention": [], "Outcome": []}, "Evidence Propositions": []}, {"Section": "RESULTS", "Text": "However , in our prediction , they may also bind to the replication complex components of SARS-CoV-2 with an inhibitory potency with Kd < 1000 nM . In addition , we also found that several antiviral agents , such as Kaletra ( lopinavir / ritonavir ) , could be used for the treatment of SARS-CoV-2 .", "Evidence Elements": {"Participant": [], "Intervention": [{"term": "Kaletra", "negation": "affirmed", "UMLS": "", "start": 216, "end": 223}, {"term": "ritonavir", "negation": "affirmed", "UMLS": "", "start": 238, "end": 247}], "Outcome": []}, "Evidence Propositions": []}, {"Section": "CONCLUSIONS", "Text": "Overall , we suggest that the list of antiviral drugs identified by the MT-DTI model should be considered , when establishing effective treatment strategies for SARS-CoV-2 .", "Evidence Elements": {"Participant": [], "Intervention": [], "Outcome": []}, "Evidence Propositions": []}]}