{"doc_id": "32297671", "type of study": "Therapy", "title": "", "abstract": "We explored the relationships between lymphocyte subsets, cytokines, pulmonary inflammation index (PII) and disease evolution in patients with (corona virus disease 2019) COVID-19.\nA total of 123 patients with COVID-19 were divided into mild and severe groups.\nLymphocyte subsets and cytokines were detected on the first day of hospital admission and lung computed tomography results were quantified by PII.\nDifference analysis and correlation analysis were performed on the two groups.\nA total of 102 mild and 21 severe patients were included in the analysis.\nThere were significant differences in cluster of differentiation 4 (CD4+ T), cluster of differentiation 8 (CD8+ T), interleukin 6 (IL-6), interleukin 10 (IL-10) and PII between the two groups.\nThere were significant positive correlations between CD4+ T and CD8+ T, IL-6 and IL-10 in the mild group (r 2 = 0 694, r  2 = 0 633, respectively; P < 0 01).\nAfter 'five-in-one' treatment, all patients were discharged with the exception of the four who died.\nHigher survival rates occurred in the mild group and in those with IL-6 within normal values.\nCD4+ T, CD8+ T, IL-6, IL-10 and PII can be used as indicators of disease evolution, and the PII can be used as an independent indicator for disease progression of COVID-19.\n", "Evidence Map": {"Enrollment": [{"term": "(", "negation": "affirmed", "UMLS": "", "start": 100, "end": 101}, {"term": "COVID-19", "negation": "affirmed", "UMLS": "", "start": 29, "end": 37}, {"term": "IL-6 within", "negation": "affirmed", "UMLS": "", "start": 67, "end": 78}], "Comparison Results": [], "Study Arm 1 Results": [], "Study Arm 2 Results": []}, "Sentence-level breakdown": [{"Section": "TITLE", "Text": "We explored the relationships between lymphocyte subsets , cytokines , pulmonary inflammation index ( PII ) and disease evolution in patients with ( corona virus disease 2019 ) COVID-19 .", "Evidence Elements": {"Participant": [{"term": "(", "negation": "affirmed", "UMLS": "", "start": 100, "end": 101}], "Intervention": [], "Outcome": [{"term": "lymphocyte subsets", "negation": "affirmed", "UMLS": "", "start": 38, "end": 56}, {"term": "cytokines", "negation": "affirmed", "UMLS": "", "start": 59, "end": 68}, {"term": "pulmonary inflammation index ( PII )", "negation": "affirmed", "UMLS": "", "start": 71, "end": 107}, {"term": "disease evolution", "negation": "affirmed", "UMLS": "", "start": 112, "end": 129}]}, "Evidence Propositions": []}, {"Section": "METHODS", "Text": "A total of 123 patients with COVID-19 were divided into mild and severe groups .", "Evidence Elements": {"Participant": [{"term": "COVID-19", "negation": "affirmed", "UMLS": "", "start": 29, "end": 37}], "Intervention": [], "Outcome": []}, "Evidence Propositions": []}, {"Section": "METHODS", "Text": "Lymphocyte subsets and cytokines were detected on the first day of hospital admission and lung computed tomography results were quantified by PII .", "Evidence Elements": {"Participant": [], "Intervention": [], "Outcome": [{"term": "Lymphocyte subsets", "negation": "affirmed", "UMLS": "", "start": 0, "end": 18}, {"term": "cytokines", "negation": "affirmed", "UMLS": "", "start": 23, "end": 32}, {"term": "lung computed tomography results", "negation": "affirmed", "UMLS": "", "start": 90, "end": 122}]}, "Evidence Propositions": []}, {"Section": "METHODS", "Text": "Difference analysis and correlation analysis were performed on the two groups .", "Evidence Elements": {"Participant": [], "Intervention": [{"term": "two groups", "negation": "affirmed", "UMLS": "", "start": 67, "end": 77}], "Outcome": [{"term": "Difference analysis", "negation": "affirmed", "UMLS": "", "start": 0, "end": 19}, {"term": "correlation analysis", "negation": "affirmed", "UMLS": "", "start": 24, "end": 44}]}, "Evidence Propositions": []}, {"Section": "RESULTS", "Text": "A total of 102 mild and 21 severe patients were included in the analysis .", "Evidence Elements": {"Participant": [], "Intervention": [], "Outcome": []}, "Evidence Propositions": []}, {"Section": "RESULTS", "Text": "There were significant differences in cluster of differentiation 4 ( CD4+T ) , cluster of differentiation 8 ( CD8+T ) , interleukin 6 ( IL-6 ) , interleukin 10 ( IL-10 ) and PII between the two groups .", "Evidence Elements": {"Participant": [], "Intervention": [], "Outcome": [{"term": "cluster of differentiation 4 ( CD4+T )", "negation": "affirmed", "UMLS": "", "start": 38, "end": 76}, {"term": "cluster of differentiation 8 ( CD8+T )", "negation": "affirmed", "UMLS": "", "start": 79, "end": 117}, {"term": "interleukin 6 ( IL-6 )", "negation": "affirmed", "UMLS": "", "start": 120, "end": 142}, {"term": "interleukin 10", "negation": "affirmed", "UMLS": "", "start": 145, "end": 159}]}, "Evidence Propositions": [{"Intervention": [], "Observation": "significant differences", "Outcome": "cluster of differentiation 4 ( CD4+T )", "Count": ""}, {"Intervention": [], "Observation": "significant differences", "Outcome": "cluster of differentiation 8 ( CD8+T )", "Count": ""}, {"Intervention": [], "Observation": "significant differences", "Outcome": "interleukin 6 ( IL-6 )", "Count": ""}, {"Intervention": [], "Observation": "significant differences", "Outcome": "interleukin 10", "Count": ""}]}, {"Section": "RESULTS", "Text": "There were significant positive correlations between CD4+T and CD8+T , IL-6 and IL-10 in the mild group ( r 2 = 0 694 , r 2 = 0 633 , respectively ; P < 0 01 ) .", "Evidence Elements": {"Participant": [], "Intervention": [{"term": "mild", "negation": "affirmed", "UMLS": "", "start": 93, "end": 97}], "Outcome": [{"term": "CD4+T and CD8+T", "negation": "affirmed", "UMLS": "", "start": 53, "end": 68}, {"term": "IL-6", "negation": "affirmed", "UMLS": "", "start": 71, "end": 75}, {"term": "IL-10", "negation": "affirmed", "UMLS": "", "start": 80, "end": 85}]}, "Evidence Propositions": [{"Intervention": "mild", "Observation": "significant positive correlations", "Outcome": "CD4+T and CD8+T", "Count": ""}, {"Intervention": "mild", "Observation": "significant positive correlations", "Outcome": "IL-6", "Count": ""}, {"Intervention": "mild", "Observation": "significant positive correlations", "Outcome": "IL-10", "Count": ""}]}, {"Section": "RESULTS", "Text": "After ' five-in-one ' treatment , all patients were discharged with the exception of the four who died .", "Evidence Elements": {"Participant": [], "Intervention": [], "Outcome": [{"term": "discharged", "negation": "affirmed", "UMLS": "", "start": 52, "end": 62}]}, "Evidence Propositions": []}, {"Section": "RESULTS", "Text": "Higher survival rates occurred in the mild group and in those with IL-6 within normal values .", "Evidence Elements": {"Participant": [{"term": "IL-6 within", "negation": "affirmed", "UMLS": "", "start": 67, "end": 78}], "Intervention": [{"term": "mild group", "negation": "affirmed", "UMLS": "", "start": 38, "end": 48}], "Outcome": [{"term": "survival rates", "negation": "affirmed", "UMLS": "", "start": 7, "end": 21}]}, "Evidence Propositions": []}, {"Section": "CONCLUSIONS", "Text": "CD4+T , CD8+T , IL-6 , IL-10 and PII can be used as indicators of disease evolution , and the PII can be used as an independent indicator for disease progression of COVID-19 .", "Evidence Elements": {"Participant": [], "Intervention": [], "Outcome": [{"term": "CD4+T", "negation": "affirmed", "UMLS": "", "start": 0, "end": 5}, {"term": "CD8+T", "negation": "affirmed", "UMLS": "", "start": 8, "end": 13}, {"term": "IL-6", "negation": "affirmed", "UMLS": "", "start": 16, "end": 20}, {"term": "IL-10", "negation": "affirmed", "UMLS": "", "start": 23, "end": 28}, {"term": "PII", "negation": "affirmed", "UMLS": "", "start": 33, "end": 36}, {"term": "disease evolution", "negation": "affirmed", "UMLS": "", "start": 66, "end": 83}, {"term": "PII", "negation": "affirmed", "UMLS": "", "start": 33, "end": 36}, {"term": "disease progression", "negation": "affirmed", "UMLS": "", "start": 142, "end": 161}]}, "Evidence Propositions": []}]}