{"doc_id": "32297988", "type of study": "Therapy", "title": "", "abstract": "Following the demonstration of the efficacy of hydroxychloroquine against severe acute respiratory syndrome coronavirus 2 in vitro, many trials started to evaluate its efficacy in clinical settings.\nHowever, no systematic review and meta-analysis have addressed the issue of the safety and efficacy of hydroxychloroquine (HCQ) in coronavirus disease 2019.\nWe conducted a systematic review and meta-analysis with the objectives of evaluation of safety and efficacy of HCQ alone or in combination in terms of \"time to clinical cure,\" \"virological cure,\" \"death or clinical worsening of disease,\" \"radiological progression,\" and safety.\nRevMan was used for meta-analysis.\nWe searched 16 literature databases out of which seven studies (n = 1358) were included in the systematic review.\nIn terms of clinical cure, two studies reported possible benefit in \"time to body temperature normalization\" and one study reported less \"cough days\" in the HCQ arm.\nTreatment with HCQ resulted in less number of cases showing the radiological progression of lung disease (odds ratio [OR], 0.31, 95% confidence interval [CI], 0.11-0.9).\nNo difference was observed in virological cure (OR, 2.37, 95% CI, 0.13-44.53), death or clinical worsening of disease (OR, 1.37, 95% CI, 1.37-21.97), and safety (OR, 2.19, 95% CI, 0.59-8.18), when compared with the control/conventional treatment.\nFive studies reported either the safety or efficacy of HCQ + azithromycin.\nAlthough seems safe and effective, more data are required for a definitive conclusion.\nHCQ seems to be promising in terms of less number of cases with radiological progression with a comparable safety profile to control/conventional treatment.\nWe need more data to come to a definite conclusion.\nFollowing the demonstration of the efficacy of hydroxychloroquine (HCQ) against severe acute respiratory syndrome coronavirus 2 in vitro, many trials were started to evaluate its efficacy in clinical settings.\nHowever, no systematic review and meta-analysis have addressed the issue to the safety and efficacy of HCQ in coronavirus disease 2019 (COVID-19).\nWe searched 16 literature databases finally seven articles were identified, which evaluated the therapeutic efficacy of HCQ either alone or in combination with azithromycin in COVID-19.\nRevMan was used for meta-analysis.\nFor continuous outcome, mean difference and for a dichotomous outcome, odds ratio with 95% confidence interval was calculated.\nModel selection (fixed effect or random effect) was done on the basis of heterogeneity among different studies.\nThree studies reported the safety and efficacy of HCQ vs control/conventional treatment in terms of safety and efficacy in COVID-19.\nTreatment with HCQ resulted in benefit in terms of less number of cases with radiological progression with no increase in adverse events when compared with control/conventional/standard treatment.\nWe can also expect a benefit in terms of a number of days to body temperature normalization and number of cough days.\nHowever, at this current point of time, no difference was seen in terms of virological cure on day 6 to 7 postinitiation of therapy and composite death or worsening of the disease.\nFour studies reported efficacy and five studies reported safety of the HCQ + azithromycin combination (out of which three studies from the same group).\nAlthough the combination of HCQ + azithromycin seems to be effective and safe, we need more controlled studies to come to an effective conclusion.\nHowever, electrocardiographic monitoring is essential while using this combination due to the risk of QT prolongation.\n", "Evidence Map": {"Enrollment": [{"term": "COVID-19", "negation": "affirmed", "UMLS": "", "start": 125, "end": 133}], "Comparison Results": [], "Study Arm 1 Results": [], "Study Arm 2 Results": []}, "Sentence-level breakdown": [{"Section": "TITLE", "Text": "Following the demonstration of the efficacy of hydroxychloroquine against severe acute respiratory syndrome coronavirus 2 in vitro , many trials started to evaluate its efficacy in clinical settings .", "Evidence Elements": {"Participant": [], "Intervention": [], "Outcome": []}, "Evidence Propositions": []}, {"Section": "OBJECTIVE", "Text": "We conducted a systematic review and meta-analysis with the objectives of evaluation of safety and efficacy of HCQ alone or in combination in terms of \" time to clinical cure , \" \" virological cure , \" \" death or clinical worsening of disease , \" \" radiological progression , \" and safety .", "Evidence Elements": {"Participant": [], "Intervention": [{"term": "HCQ alone", "negation": "affirmed", "UMLS": "", "start": 111, "end": 120}, {"term": "combination", "negation": "affirmed", "UMLS": "", "start": 127, "end": 138}], "Outcome": [{"term": "safety", "negation": "affirmed", "UMLS": "", "start": 88, "end": 94}, {"term": "efficacy", "negation": "affirmed", "UMLS": "", "start": 99, "end": 107}, {"term": "time to clinical cure", "negation": "affirmed", "UMLS": "", "start": 153, "end": 174}, {"term": "virological cure", "negation": "affirmed", "UMLS": "", "start": 181, "end": 197}, {"term": "death or clinical", "negation": "affirmed", "UMLS": "", "start": 204, "end": 221}]}, "Evidence Propositions": []}, {"Section": "METHODS", "Text": "RevMan was used for meta-analysis .", "Evidence Elements": {"Participant": [], "Intervention": [], "Outcome": []}, "Evidence Propositions": []}, {"Section": "METHODS", "Text": "We searched 16 literature databases out of which seven studies ( n = 1358 ) were included in the systematic review .", "Evidence Elements": {"Participant": [], "Intervention": [], "Outcome": []}, "Evidence Propositions": []}, {"Section": "RESULTS", "Text": "In terms of clinical cure , two studies reported possible benefit in \" time to body temperature normalization \" and one study reported less \" cough days \" in the HCQ arm .", "Evidence Elements": {"Participant": [], "Intervention": [], "Outcome": [{"term": "clinical cure", "negation": "affirmed", "UMLS": "", "start": 12, "end": 25}, {"term": "time to body temperature normalization \"", "negation": "affirmed", "UMLS": "", "start": 71, "end": 111}, {"term": "\" cough days", "negation": "affirmed", "UMLS": "", "start": 140, "end": 152}]}, "Evidence Propositions": [{"Intervention": [], "Observation": "less", "Outcome": "", "Count": ""}]}, {"Section": "RESULTS", "Text": "Treatment with HCQ resulted in less number of cases showing the radiological progression of lung disease ( odds ratio [ OR ] , 0.31 , 95 % confidence interval [ CI ] , 0.11-0.9 ) .", "Evidence Elements": {"Participant": [], "Intervention": [{"term": "HCQ", "negation": "affirmed", "UMLS": "", "start": 15, "end": 18}], "Outcome": [{"term": "number of cases showing", "negation": "affirmed", "UMLS": "", "start": 36, "end": 59}, {"term": "radiological progression of lung disease", "negation": "affirmed", "UMLS": "", "start": 64, "end": 104}]}, "Evidence Propositions": []}, {"Section": "RESULTS", "Text": "No difference was observed in virological cure ( OR , 2.37 , 95 % CI , 0.13-44.53 ) , death or clinical worsening of disease ( OR , 1.37 , 95 % CI , 1.37-21.97 ) , and safety ( OR , 2.19 , 95 % CI , 0.59-8.18 ) , when compared with the control / conventional treatment .", "Evidence Elements": {"Participant": [], "Intervention": [], "Outcome": [{"term": "virological cure", "negation": "negated", "UMLS": "", "start": 30, "end": 46}, {"term": "death", "negation": "negated", "UMLS": "", "start": 86, "end": 91}, {"term": "clinical worsening of disease", "negation": "negated", "UMLS": "", "start": 95, "end": 124}]}, "Evidence Propositions": [{"Intervention": [], "Observation": "difference", "Outcome": "virological cure", "Count": ""}, {"Intervention": [], "Observation": "difference", "Outcome": "death", "Count": ""}]}, {"Section": "CONCLUSIONS", "Text": "Five studies reported either the safety or efficacy of HCQ + azithromycin .", "Evidence Elements": {"Participant": [], "Intervention": [{"term": "HCQ + azithromycin", "negation": "affirmed", "UMLS": "", "start": 55, "end": 73}], "Outcome": [{"term": "safety", "negation": "affirmed", "UMLS": "", "start": 33, "end": 39}, {"term": "efficacy", "negation": "affirmed", "UMLS": "", "start": 43, "end": 51}]}, "Evidence Propositions": []}, {"Section": "CONCLUSIONS", "Text": "Although seems safe and effective , more data are required for a definitive conclusion .", "Evidence Elements": {"Participant": [], "Intervention": [], "Outcome": []}, "Evidence Propositions": []}, {"Section": "CONCLUSIONS", "Text": "HCQ seems to be promising in terms of less number of cases with radiological progression with a comparable safety profile to control / conventional treatment .", "Evidence Elements": {"Participant": [], "Intervention": [{"term": "HCQ", "negation": "affirmed", "UMLS": "", "start": 0, "end": 3}, {"term": "conventional treatment", "negation": "affirmed", "UMLS": "", "start": 135, "end": 157}], "Outcome": [{"term": "number of cases with radiological progression", "negation": "affirmed", "UMLS": "", "start": 43, "end": 88}, {"term": "safety", "negation": "affirmed", "UMLS": "", "start": 107, "end": 113}]}, "Evidence Propositions": [{"Intervention": [], "Observation": "less", "Outcome": "", "Count": ""}]}, {"Section": "OBJECTIVE", "Text": "We need more data to come to a definite conclusion .", "Evidence Elements": {"Participant": [], "Intervention": [], "Outcome": []}, "Evidence Propositions": []}, {"Section": "OBJECTIVE", "Text": "Following the demonstration of the efficacy of hydroxychloroquine ( HCQ ) against severe acute respiratory syndrome coronavirus 2 in vitro , many trials were started to evaluate its efficacy in clinical settings .", "Evidence Elements": {"Participant": [], "Intervention": [], "Outcome": []}, "Evidence Propositions": []}, {"Section": "OBJECTIVE", "Text": "However , no systematic review and meta-analysis have addressed the issue to the safety and efficacy of HCQ in coronavirus disease 2019 ( COVID-19 ) .", "Evidence Elements": {"Participant": [], "Intervention": [], "Outcome": []}, "Evidence Propositions": []}, {"Section": "METHODS", "Text": "We searched 16 literature databases finally seven articles were identified , which evaluated the therapeutic efficacy of HCQ either alone or in combination with azithromycin in COVID-19 .", "Evidence Elements": {"Participant": [], "Intervention": [{"term": "HCQ either alone", "negation": "affirmed", "UMLS": "", "start": 121, "end": 137}, {"term": "combination with azithromycin", "negation": "affirmed", "UMLS": "", "start": 144, "end": 173}], "Outcome": [{"term": "therapeutic efficacy", "negation": "affirmed", "UMLS": "", "start": 97, "end": 117}]}, "Evidence Propositions": []}, {"Section": "METHODS", "Text": "RevMan was used for meta-analysis .", "Evidence Elements": {"Participant": [], "Intervention": [], "Outcome": []}, "Evidence Propositions": []}, {"Section": "METHODS", "Text": "For continuous outcome , mean difference and for a dichotomous outcome , odds ratio with 95 % confidence interval was calculated .", "Evidence Elements": {"Participant": [], "Intervention": [], "Outcome": [{"term": "mean difference", "negation": "affirmed", "UMLS": "", "start": 25, "end": 40}, {"term": "odds ratio", "negation": "affirmed", "UMLS": "", "start": 73, "end": 83}]}, "Evidence Propositions": []}, {"Section": "METHODS", "Text": "Model selection ( fixed effect or random effect ) was done on the basis of heterogeneity among different studies .", "Evidence Elements": {"Participant": [], "Intervention": [], "Outcome": []}, "Evidence Propositions": []}, {"Section": "RESULTS", "Text": "Three studies reported the safety and efficacy of HCQ vs control / conventional treatment in terms of safety and efficacy in COVID-19 .", "Evidence Elements": {"Participant": [{"term": "COVID-19", "negation": "affirmed", "UMLS": "", "start": 125, "end": 133}], "Intervention": [{"term": "HCQ", "negation": "affirmed", "UMLS": "", "start": 50, "end": 53}, {"term": "conventional treatment", "negation": "affirmed", "UMLS": "", "start": 67, "end": 89}], "Outcome": [{"term": "safety", "negation": "affirmed", "UMLS": "", "start": 27, "end": 33}, {"term": "efficacy", "negation": "affirmed", "UMLS": "", "start": 38, "end": 46}, {"term": "safety", "negation": "affirmed", "UMLS": "", "start": 27, "end": 33}, {"term": "efficacy", "negation": "affirmed", "UMLS": "", "start": 38, "end": 46}]}, "Evidence Propositions": []}, {"Section": "RESULTS", "Text": "Treatment with HCQ resulted in benefit in terms of less number of cases with radiological progression with no increase in adverse events when compared with control / conventional / standard treatment .", "Evidence Elements": {"Participant": [], "Intervention": [{"term": "HCQ", "negation": "affirmed", "UMLS": "", "start": 15, "end": 18}, {"term": "standard treatment", "negation": "negated", "UMLS": "", "start": 181, "end": 199}], "Outcome": [{"term": "number of cases with radiological progression", "negation": "affirmed", "UMLS": "", "start": 56, "end": 101}, {"term": "adverse events", "negation": "negated", "UMLS": "", "start": 122, "end": 136}]}, "Evidence Propositions": [{"Intervention": [], "Observation": "less", "Outcome": "", "Count": ""}, {"Intervention": "HCQ", "Observation": "increase", "Outcome": "adverse events", "Count": ""}, {"Intervention": "standard treatment", "Observation": "increase", "Outcome": "adverse events", "Count": ""}]}, {"Section": "RESULTS", "Text": "We can also expect a benefit in terms of a number of days to body temperature normalization and number of cough days .", "Evidence Elements": {"Participant": [], "Intervention": [], "Outcome": [{"term": "number of days to body temperature normalization", "negation": "affirmed", "UMLS": "", "start": 43, "end": 91}, {"term": "number of cough days", "negation": "affirmed", "UMLS": "", "start": 96, "end": 116}]}, "Evidence Propositions": []}, {"Section": "RESULTS", "Text": "However , at this current point of time , no difference was seen in terms of virological cure on day 6 to 7 postinitiation of therapy and composite death or worsening of the disease .", "Evidence Elements": {"Participant": [], "Intervention": [], "Outcome": [{"term": "virological cure", "negation": "negated", "UMLS": "", "start": 77, "end": 93}, {"term": "composite death", "negation": "negated", "UMLS": "", "start": 138, "end": 153}, {"term": "worsening of", "negation": "negated", "UMLS": "", "start": 157, "end": 169}]}, "Evidence Propositions": [{"Intervention": [], "Observation": "difference", "Outcome": "virological cure", "Count": ""}]}, {"Section": "RESULTS", "Text": "Four studies reported efficacy and five studies reported safety of the HCQ + azithromycin combination ( out of which three studies from the same group ) .", "Evidence Elements": {"Participant": [], "Intervention": [{"term": "HCQ + azithromycin combination", "negation": "affirmed", "UMLS": "", "start": 71, "end": 101}], "Outcome": [{"term": "efficacy", "negation": "affirmed", "UMLS": "", "start": 22, "end": 30}, {"term": "safety", "negation": "affirmed", "UMLS": "", "start": 57, "end": 63}]}, "Evidence Propositions": [{"Intervention": "HCQ + azithromycin combination", "Observation": "", "Count": "five", "Outcome": "safety"}]}, {"Section": "CONCLUSIONS", "Text": "Although the combination of HCQ + azithromycin seems to be effective and safe , we need more controlled studies to come to an effective conclusion .", "Evidence Elements": {"Participant": [], "Intervention": [], "Outcome": []}, "Evidence Propositions": []}, {"Section": "CONCLUSIONS", "Text": "However , electrocardiographic monitoring is essential while using this combination due to the risk of QT prolongation .", "Evidence Elements": {"Participant": [], "Intervention": [], "Outcome": []}, "Evidence Propositions": []}]}