{"doc_id": "32293449", "type of study": "Therapy", "title": "", "abstract": "The outbreak of coronavirus disease 2019 (COVID-19) caused by severe acute respiratory syndrome coronavirus 2 (SARS-CoV-2) in China has been declared a public health emergency of international concern.\nThe cardiac injury is a common condition among the hospitalized patients with COVID-19.\nHowever, whether N terminal pro B type natriuretic peptide (NT-proBNP) predicted outcome of severe COVID-19 patients was unknown.\nThe study initially enrolled 102 patients with severe COVID-19 from a continuous sample.\nAfter screening out the ineligible cases, 54 patients were analyzed in this study.\nThe primary outcome was in-hospital death defined as the case fatality rate.\nResearch information and following-up data were obtained from their medical records.\nThe best cut-off value of NT-proBNP for predicting in-hospital death was 88.64 pg/mL with the sensitivity for 100% and the specificity for 66.67%.\nPatients with high NT-proBNP values (> 88.64 pg/mL) had a significantly increased risk of death during the days of following-up compared with those with low values (<=88.64 pg/mL).\nAfter adjustment for potential risk factors, NT-proBNP was independently correlated with in-hospital death.\nNT-proBNP might be an independent risk factor for in-hospital death in patients with severe COVID-19.\nClinicalTrials, NCT04292964.\nRegistered 03 March 2020,\n", "Evidence Map": {"Enrollment": [{"term": "severe COVID-19", "negation": "affirmed", "UMLS": "", "start": 95, "end": 110}, {"term": "severe COVID-19", "negation": "affirmed", "UMLS": "", "start": 47, "end": 62}, {"term": "severe COVID-19", "negation": "affirmed", "UMLS": "", "start": 85, "end": 100}], "Comparison Results": [], "Study Arm 1 Results": [], "Study Arm 2 Results": []}, "Sentence-level breakdown": [{"Section": "TITLE", "Text": "The outbreak of coronavirus disease 2019 ( COVID-19 ) caused by severe acute respiratory syndrome coronavirus 2 ( SARS-CoV-2 ) in China has been declared a public health emergency of international concern .", "Evidence Elements": {"Participant": [], "Intervention": [], "Outcome": []}, "Evidence Propositions": []}, {"Section": "OBJECTIVE", "Text": "However , whether N terminal pro B type natriuretic peptide ( NT-proBNP ) predicted outcome of severe COVID-19 patients was unknown .", "Evidence Elements": {"Participant": [{"term": "severe COVID-19", "negation": "affirmed", "UMLS": "", "start": 95, "end": 110}], "Intervention": [{"term": "N terminal pro B type natriuretic peptide ( NT-proBNP )", "negation": "affirmed", "UMLS": "", "start": 18, "end": 73}], "Outcome": [{"term": "outcome", "negation": "affirmed", "UMLS": "", "start": 84, "end": 91}]}, "Evidence Propositions": []}, {"Section": "METHODS", "Text": "The study initially enrolled 102 patients with severe COVID-19 from a continuous sample .", "Evidence Elements": {"Participant": [{"term": "severe COVID-19", "negation": "affirmed", "UMLS": "", "start": 47, "end": 62}], "Intervention": [], "Outcome": []}, "Evidence Propositions": []}, {"Section": "METHODS", "Text": "After screening out the ineligible cases , 54 patients were analyzed in this study .", "Evidence Elements": {"Participant": [], "Intervention": [], "Outcome": []}, "Evidence Propositions": []}, {"Section": "METHODS", "Text": "The primary outcome was in-hospital death defined as the case fatality rate .", "Evidence Elements": {"Participant": [], "Intervention": [], "Outcome": [{"term": "in-hospital death", "negation": "affirmed", "UMLS": "", "start": 24, "end": 41}, {"term": "case fatality rate", "negation": "affirmed", "UMLS": "", "start": 57, "end": 75}]}, "Evidence Propositions": []}, {"Section": "METHODS", "Text": "Research information and following-up data were obtained from their medical records .", "Evidence Elements": {"Participant": [], "Intervention": [], "Outcome": []}, "Evidence Propositions": []}, {"Section": "RESULTS", "Text": "The best cut-off value of NT-proBNP for predicting in-hospital death was 88.64 pg / mL with the sensitivity for 100 % and the specificity for 66.67 % .", "Evidence Elements": {"Participant": [], "Intervention": [{"term": "NT-proBNP", "negation": "affirmed", "UMLS": "", "start": 26, "end": 35}], "Outcome": [{"term": "in-hospital death", "negation": "affirmed", "UMLS": "", "start": 51, "end": 68}, {"term": "sensitivity", "negation": "affirmed", "UMLS": "", "start": 96, "end": 107}, {"term": "specificity", "negation": "affirmed", "UMLS": "", "start": 126, "end": 137}]}, "Evidence Propositions": [{"Intervention": "NT-proBNP", "Observation": "100 %", "Outcome": "sensitivity", "Count": ""}]}, {"Section": "RESULTS", "Text": "Patients with high NT-proBNP values ( > 88.64 pg / mL ) had a significantly increased risk of death during the days of following-up compared with those with low values ( < = 88.64 pg / mL ) .", "Evidence Elements": {"Participant": [], "Intervention": [{"term": "high NT-proBNP values", "negation": "affirmed", "UMLS": "", "start": 14, "end": 35}, {"term": "low values", "negation": "affirmed", "UMLS": "", "start": 157, "end": 167}], "Outcome": [{"term": "risk of death", "negation": "affirmed", "UMLS": "", "start": 86, "end": 99}]}, "Evidence Propositions": []}, {"Section": "RESULTS", "Text": "After adjustment for potential risk factors , NT-proBNP was independently correlated with in-hospital death .", "Evidence Elements": {"Participant": [], "Intervention": [{"term": "NT-proBNP", "negation": "affirmed", "UMLS": "", "start": 46, "end": 55}], "Outcome": [{"term": "in-hospital", "negation": "affirmed", "UMLS": "", "start": 90, "end": 101}]}, "Evidence Propositions": [{"Intervention": "NT-proBNP", "Observation": "independently correlated", "Outcome": "in-hospital", "Count": ""}]}, {"Section": "CONCLUSIONS", "Text": "NT-proBNP might be an independent risk factor for in-hospital death in patients with severe COVID-19 .", "Evidence Elements": {"Participant": [{"term": "severe COVID-19", "negation": "affirmed", "UMLS": "", "start": 85, "end": 100}], "Intervention": [{"term": "NT-proBNP", "negation": "affirmed", "UMLS": "", "start": 0, "end": 9}], "Outcome": [{"term": "in-hospital death", "negation": "affirmed", "UMLS": "", "start": 50, "end": 67}]}, "Evidence Propositions": [{"Intervention": "NT-proBNP", "Observation": "independent risk factor", "Outcome": "in-hospital death", "Count": ""}]}, {"Section": "CONCLUSIONS", "Text": "ClinicalTrials , NCT04292964 .", "Evidence Elements": {"Participant": [], "Intervention": [], "Outcome": []}, "Evidence Propositions": []}, {"Section": "CONCLUSIONS", "Text": "Registered 03 March 2020 ,", "Evidence Elements": {"Participant": [], "Intervention": [], "Outcome": []}, "Evidence Propositions": []}]}