{"doc_id": "32295658", "type of study": "Therapy", "title": "", "abstract": "Since the first report of the 2019 novel coronavirus disease (COVID-19) in December 2019 in Wuhan, China, the outbreak of the disease has been continuously evolving.\nUntil March 17, 2020, 185, 178 cases had been confirmed, including 81,134 cases in China and 104,044 cases outside of China.\nIn this comment, we report the unexpected beneficial effect of a deployable rapid-assembly shelter hospital on the prevention and treatment of COVID-19.\nWe describe the shelter hospital maintenance, treatment mode and primary treatment methods, which will provide a valuable experience in dealing with public health emergencies, such as COVID-19, for other countries and areas.\n", "Evidence Map": {"Enrollment": [{"term": "health emergencies", "negation": "affirmed", "UMLS": "", "start": 158, "end": 176}], "Comparison Results": [], "Study Arm 1 Results": [], "Study Arm 2 Results": []}, "Sentence-level breakdown": [{"Section": "TITLE", "Text": "Since the first report of the 2019 novel coronavirus disease ( COVID-19 ) in December 2019 in Wuhan , China , the outbreak of the disease has been continuously evolving .", "Evidence Elements": {"Participant": [], "Intervention": [], "Outcome": []}, "Evidence Propositions": []}, {"Section": "RESULTS", "Text": "Until March 17 , 2020 , 185,178 cases had been confirmed , including 81,134 cases in China and 104,044 cases outside of China .", "Evidence Elements": {"Participant": [], "Intervention": [], "Outcome": []}, "Evidence Propositions": []}, {"Section": "CONCLUSIONS", "Text": "In this comment , we report the unexpected beneficial effect of a deployable rapid-assembly shelter hospital on the prevention and treatment of COVID-19 .", "Evidence Elements": {"Participant": [], "Intervention": [{"term": "deployable rapid-assembly shelter hospital", "negation": "affirmed", "UMLS": "", "start": 66, "end": 108}], "Outcome": [{"term": "prevention and treatment", "negation": "affirmed", "UMLS": "", "start": 116, "end": 140}]}, "Evidence Propositions": [{"Intervention": "deployable rapid-assembly shelter hospital", "Observation": "unexpected beneficial effect", "Outcome": "prevention and treatment", "Count": ""}]}, {"Section": "CONCLUSIONS", "Text": "We describe the shelter hospital maintenance , treatment mode and primary treatment methods , which will provide a valuable experience in dealing with public health emergencies , such as COVID-19 , for other countries and areas .", "Evidence Elements": {"Participant": [{"term": "health emergencies", "negation": "affirmed", "UMLS": "", "start": 158, "end": 176}], "Intervention": [], "Outcome": [{"term": "shelter hospital maintenance", "negation": "affirmed", "UMLS": "", "start": 16, "end": 44}, {"term": "treatment mode", "negation": "affirmed", "UMLS": "", "start": 47, "end": 61}, {"term": "primary treatment methods", "negation": "affirmed", "UMLS": "", "start": 66, "end": 91}]}, "Evidence Propositions": []}]}