{"doc_id": "32293003", "type of study": "Therapy", "title": "", "abstract": "Systemic arterial hypertension (referred to as hypertension herein) is a major risk factor of mortality worldwide, and its importance is further emphasized in the context of the novel severe acute respiratory syndrome coronavirus 2 (SARS-CoV-2) infection referred to as COVID-19.\nPatients with severe COVID-19 infections commonly are older and have a history of hypertension.\nAlmost 75% of patients who have died in the pandemic in Italy had hypertension.\nThis raised multiple questions regarding a more severe course of COVID-19 in relation to hypertension itself as well as its treatment with renin-angiotensin system (RAS) blockers, e.g. angiotensin-converting enzyme inhibitors (ACEIs) and angiotensin receptor blockers (ARBs).\nWe provide a critical review on the relationship of hypertension, RAS, and risk of lung injury.\nWe demonstrate lack of sound evidence that hypertension per se is an independent risk factor for COVID-19.\nInterestingly, ACEIs and ARBs may be associated with lower incidence and/or improved outcome in patients with lower respiratory tract infections.\nWe also review in detail the molecular mechanisms linking the RAS to lung damage and the potential clinical impact of treatment with RAS blockers in patients with COVID-19 and a high cardiovascular and renal risk.\nThis is related to the role of angiotensin-converting enzyme 2 (ACE2) for SARS-CoV-2 entry into cells, and expression of ACE2 in the lung, cardiovascular system, kidney, and other tissues.\nIn summary, a critical review of available evidence does not support a deleterious effect of RAS blockers in COVID-19 infections.\nTherefore, there is currently no reason to discontinue RAS blockers in stable patients facing the COVID-19 pandemic.\n", "Evidence Map": {"Enrollment": [{"term": "COVID-19", "negation": "negated", "UMLS": "", "start": 97, "end": 105}, {"term": "lower respiratory tract", "negation": "affirmed", "UMLS": "", "start": 113, "end": 136}, {"term": "COVID-19", "negation": "affirmed", "UMLS": "", "start": 163, "end": 171}, {"term": "high cardiovascular and renal risk", "negation": "affirmed", "UMLS": "", "start": 178, "end": 212}, {"term": "COVID-19", "negation": "negated", "UMLS": "", "start": 110, "end": 118}], "Comparison Results": [], "Study Arm 1 Results": [], "Study Arm 2 Results": []}, "Sentence-level breakdown": [{"Section": "TITLE", "Text": "Systemic arterial hypertension ( referred to as hypertension herein ) is a major risk factor of mortality worldwide , and its importance is further emphasized in the context of the novel severe acute respiratory syndrome coronavirus 2 ( SARS-CoV-2 ) infection referred to as COVID-19 .", "Evidence Elements": {"Participant": [], "Intervention": [], "Outcome": []}, "Evidence Propositions": []}, {"Section": "RESULTS", "Text": "Almost 75 % of patients who have died in the pandemic in Italy had hypertension .", "Evidence Elements": {"Participant": [], "Intervention": [], "Outcome": []}, "Evidence Propositions": []}, {"Section": "RESULTS", "Text": "This raised multiple questions regarding a more severe course of COVID-19 in relation to hypertension itself as well as its treatment with renin-angiotensin system ( RAS ) blockers , e.g . angiotensin-converting enzyme inhibitors ( ACEIs ) and angiotensin receptor blockers ( ARBs ) .", "Evidence Elements": {"Participant": [], "Intervention": [], "Outcome": []}, "Evidence Propositions": []}, {"Section": "RESULTS", "Text": "We provide a critical review on the relationship of hypertension , RAS , and risk of lung injury .", "Evidence Elements": {"Participant": [], "Intervention": [{"term": "hypertension", "negation": "affirmed", "UMLS": "", "start": 52, "end": 64}], "Outcome": [{"term": "RAS", "negation": "affirmed", "UMLS": "", "start": 67, "end": 70}, {"term": "risk of", "negation": "affirmed", "UMLS": "", "start": 77, "end": 84}]}, "Evidence Propositions": [{"Intervention": "hypertension", "Observation": "relationship", "Outcome": "RAS", "Count": ""}, {"Intervention": "hypertension", "Observation": "relationship", "Outcome": "risk of", "Count": ""}]}, {"Section": "RESULTS", "Text": "We demonstrate lack of sound evidence that hypertension per se is an independent risk factor for COVID-19 .", "Evidence Elements": {"Participant": [{"term": "COVID-19", "negation": "negated", "UMLS": "", "start": 97, "end": 105}], "Intervention": [{"term": "hypertension per se", "negation": "negated", "UMLS": "", "start": 43, "end": 62}], "Outcome": []}, "Evidence Propositions": []}, {"Section": "RESULTS", "Text": "Interestingly , ACEIs and ARBs may be associated with lower incidence and / or improved outcome in patients with lower respiratory tract infections .", "Evidence Elements": {"Participant": [{"term": "lower respiratory tract", "negation": "affirmed", "UMLS": "", "start": 113, "end": 136}], "Intervention": [{"term": "ACEIs", "negation": "affirmed", "UMLS": "", "start": 16, "end": 21}, {"term": "ARBs", "negation": "affirmed", "UMLS": "", "start": 26, "end": 30}], "Outcome": [{"term": "incidence", "negation": "affirmed", "UMLS": "", "start": 60, "end": 69}, {"term": "outcome", "negation": "affirmed", "UMLS": "", "start": 88, "end": 95}]}, "Evidence Propositions": []}, {"Section": "RESULTS", "Text": "We also review in detail the molecular mechanisms linking the RAS to lung damage and the potential clinical impact of treatment with RAS blockers in patients with COVID-19 and a high cardiovascular and renal risk .", "Evidence Elements": {"Participant": [{"term": "COVID-19", "negation": "affirmed", "UMLS": "", "start": 163, "end": 171}, {"term": "high cardiovascular and renal risk", "negation": "affirmed", "UMLS": "", "start": 178, "end": 212}], "Intervention": [{"term": "RAS blockers", "negation": "affirmed", "UMLS": "", "start": 133, "end": 145}], "Outcome": []}, "Evidence Propositions": []}, {"Section": "RESULTS", "Text": "This is related to the role of angiotensin-converting enzyme 2 ( ACE2 ) for SARS-CoV-2 entry into cells , and expression of ACE2 in the lung , cardiovascular system , kidney , and other tissues .", "Evidence Elements": {"Participant": [], "Intervention": [], "Outcome": []}, "Evidence Propositions": []}, {"Section": "CONCLUSIONS", "Text": "In summary , a critical review of available evidence does not support a deleterious effect of RAS blockers in COVID-19 infections .", "Evidence Elements": {"Participant": [{"term": "COVID-19", "negation": "negated", "UMLS": "", "start": 110, "end": 118}], "Intervention": [{"term": "RAS blockers", "negation": "negated", "UMLS": "", "start": 94, "end": 106}], "Outcome": []}, "Evidence Propositions": []}, {"Section": "CONCLUSIONS", "Text": "Therefore , there is currently no reason to discontinue RAS blockers in stable patients facing the COVID-19 pandemic .", "Evidence Elements": {"Participant": [], "Intervention": [], "Outcome": []}, "Evidence Propositions": []}]}