{"doc_id": "32293807", "type of study": "Therapy", "title": "", "abstract": "Several antiretroviral drugs are being considered for the treatment of COVID-19, the disease caused by a newly identified coronavirus, (SARS-CoV-2).\nWe systematically reviewed the clinical outcomes of using antiretroviral drugs for the prevention and treatment of coronaviruses and planned clinical trials.\nThree databases were screened from inception to 30 March 2020 for studies reporting clinical outcomes of patients with SARS, MERS or COVID-19 treated with antiretrovirals.\nFrom an initial screen of 433 titles, two randomized trials and 24 observational studies provided clinical outcome data on the use of antiretroviral drugs; most studies reported outcomes using LPV/r as treatment.\nOf the 21 observational studies reporting treatment outcomes, there were three studies among patients with SARS, six studies among patients with MERS and 12 studies among patients with COVID-19.\nIn one randomized trial 99 patients with severe COVID-19 illness were randomized to receive LPV/r (400/100 mg twice a day) and 100 patients to standard of care for 14 days: LPV/r was not associated with a statistically significant difference in time to clinical improvement, although LPV/r given within 12 days of symptoms was associated with shorter time to clinical improvement; 28 day mortality was numerically lower in the LPV/r group (14/99) compared to the control group (25/100), but this difference was not statistically significant.\nThe second trial found no benefit.\nThe certainty of the evidence for the randomized trials was low.\nIn the observational studies 3 out of 361 patients who received LPV/r died; the certainty of evidence was very low.\nThree studies reported a possible protective effect of LPV/r as post-exposure prophylaxis.\nAgain, the certainty of the evidence was very low due to uncertainty due to limited sample size.\nOn the basis of the available evidence it is uncertain whether LPV/r and other antiretrovirals improve clinical outcomes or prevent infection among patients at high risk of acquiring COVID-19.\n", "Evidence Map": {"Enrollment": [{"term": "coronaviruses", "negation": "affirmed", "UMLS": "", "start": 115, "end": 128}, {"term": "SARS", "negation": "affirmed", "UMLS": "", "start": 119, "end": 123}, {"term": "MERS", "negation": "affirmed", "UMLS": "", "start": 126, "end": 130}, {"term": "COVID-19", "negation": "affirmed", "UMLS": "", "start": 134, "end": 142}, {"term": "SARS", "negation": "affirmed", "UMLS": "", "start": 108, "end": 112}, {"term": "MERS", "negation": "affirmed", "UMLS": "", "start": 147, "end": 151}, {"term": "severe COVID-19 illness", "negation": "affirmed", "UMLS": "", "start": 41, "end": 64}, {"term": "high risk of acquiring COVID-19", "negation": "affirmed", "UMLS": "", "start": 162, "end": 193}], "Comparison Results": [], "Study Arm 1 Results": [], "Study Arm 2 Results": []}, "Sentence-level breakdown": [{"Section": "TITLE", "Text": "Several antiretroviral drugs are being considered for the treatment of COVID-19 , the disease caused by a newly identified coronavirus , ( SARS-CoV-2 ) .", "Evidence Elements": {"Participant": [], "Intervention": [], "Outcome": []}, "Evidence Propositions": []}, {"Section": "OBJECTIVE", "Text": "We systematically reviewed the clinical outcomes of using antiretroviral drugs for the prevention and treatment of coronaviruses and planned clinical trials .", "Evidence Elements": {"Participant": [{"term": "coronaviruses", "negation": "affirmed", "UMLS": "", "start": 115, "end": 128}], "Intervention": [{"term": "antiretroviral drugs", "negation": "affirmed", "UMLS": "", "start": 58, "end": 78}], "Outcome": []}, "Evidence Propositions": []}, {"Section": "METHODS", "Text": "Three databases were screened from inception to 30 March 2020 for studies reporting clinical outcomes of patients with SARS , MERS or COVID-19 treated with antiretrovirals .", "Evidence Elements": {"Participant": [{"term": "SARS", "negation": "affirmed", "UMLS": "", "start": 119, "end": 123}, {"term": "MERS", "negation": "affirmed", "UMLS": "", "start": 126, "end": 130}, {"term": "COVID-19", "negation": "affirmed", "UMLS": "", "start": 134, "end": 142}], "Intervention": [], "Outcome": [{"term": "clinical outcomes", "negation": "affirmed", "UMLS": "", "start": 84, "end": 101}]}, "Evidence Propositions": []}, {"Section": "METHODS", "Text": "From an initial screen of 433 titles , two randomized trials and 24 observational studies provided clinical outcome data on the use of antiretroviral drugs ; most studies reported outcomes using LPV / r as treatment .", "Evidence Elements": {"Participant": [], "Intervention": [{"term": "r", "negation": "affirmed", "UMLS": "", "start": 1, "end": 2}], "Outcome": []}, "Evidence Propositions": []}, {"Section": "RESULTS", "Text": "Of the 21 observational studies reporting treatment outcomes , there were three studies among patients with SARS , six studies among patients with MERS and 12 studies among patients with COVID-19 .", "Evidence Elements": {"Participant": [{"term": "SARS", "negation": "affirmed", "UMLS": "", "start": 108, "end": 112}, {"term": "MERS", "negation": "affirmed", "UMLS": "", "start": 147, "end": 151}], "Intervention": [], "Outcome": [{"term": "treatment outcomes", "negation": "affirmed", "UMLS": "", "start": 42, "end": 60}]}, "Evidence Propositions": []}, {"Section": "RESULTS", "Text": "In one randomized trial 99 patients with severe COVID-19 illness were randomized to receive LPV / r ( 400 / 100 mg twice a day ) and 100 patients to standard of care for 14 days : LPV / r was not associated with a statistically significant difference in time to clinical improvement , although LPV / r given within 12 days of symptoms was associated with shorter time to clinical improvement ; 28 day mortality was numerically lower in the LPV / r group ( 14 / 99 ) compared to the control group ( 25 / 100 ) , but this difference was not statistically significant .", "Evidence Elements": {"Participant": [{"term": "severe COVID-19 illness", "negation": "affirmed", "UMLS": "", "start": 41, "end": 64}], "Intervention": [{"term": "r", "negation": "negated", "UMLS": "", "start": 7, "end": 8}, {"term": "standard of care", "negation": "affirmed", "UMLS": "", "start": 149, "end": 165}, {"term": "r", "negation": "negated", "UMLS": "", "start": 7, "end": 8}, {"term": "r", "negation": "negated", "UMLS": "", "start": 7, "end": 8}, {"term": "r", "negation": "negated", "UMLS": "", "start": 7, "end": 8}, {"term": "control", "negation": "affirmed", "UMLS": "", "start": 482, "end": 489}], "Outcome": [{"term": "time to clinical improvement", "negation": "negated", "UMLS": "", "start": 254, "end": 282}, {"term": "time to clinical improvement", "negation": "negated", "UMLS": "", "start": 254, "end": 282}, {"term": "28 day mortality", "negation": "affirmed", "UMLS": "", "start": 394, "end": 410}]}, "Evidence Propositions": [{"Intervention": ["r"], "Observation": "statistically significant difference", "Outcome": "time to clinical improvement", "Count": ""}, {"Intervention": [], "Observation": "shorter", "Outcome": "", "Count": ""}, {"Intervention": ["r"], "Observation": "numerically lower", "Outcome": "28 day mortality", "Count": ""}]}, {"Section": "RESULTS", "Text": "The second trial found no benefit .", "Evidence Elements": {"Participant": [], "Intervention": [], "Outcome": [{"term": "benefit", "negation": "negated", "UMLS": "", "start": 26, "end": 33}]}, "Evidence Propositions": []}, {"Section": "RESULTS", "Text": "The certainty of the evidence for the randomized trials was low .", "Evidence Elements": {"Participant": [], "Intervention": [], "Outcome": []}, "Evidence Propositions": []}, {"Section": "RESULTS", "Text": "In the observational studies 3 out of 361 patients who received LPV / r died ; the certainty of evidence was very low .", "Evidence Elements": {"Participant": [], "Intervention": [], "Outcome": [{"term": "died", "negation": "affirmed", "UMLS": "", "start": 72, "end": 76}]}, "Evidence Propositions": []}, {"Section": "CONCLUSIONS", "Text": "Three studies reported a possible protective effect of LPV / r as post-exposure prophylaxis .", "Evidence Elements": {"Participant": [], "Intervention": [{"term": "r", "negation": "affirmed", "UMLS": "", "start": 2, "end": 3}], "Outcome": []}, "Evidence Propositions": []}, {"Section": "CONCLUSIONS", "Text": "Again , the certainty of the evidence was very low due to uncertainty due to limited sample size .", "Evidence Elements": {"Participant": [], "Intervention": [], "Outcome": [{"term": "certainty of the evidence", "negation": "affirmed", "UMLS": "", "start": 12, "end": 37}]}, "Evidence Propositions": []}, {"Section": "CONCLUSIONS", "Text": "On the basis of the available evidence it is uncertain whether LPV / r and other antiretrovirals improve clinical outcomes or prevent infection among patients at high risk of acquiring COVID-19 .", "Evidence Elements": {"Participant": [{"term": "high risk of acquiring COVID-19", "negation": "affirmed", "UMLS": "", "start": 162, "end": 193}], "Intervention": [{"term": "r", "negation": "affirmed", "UMLS": "", "start": 49, "end": 50}], "Outcome": [{"term": "clinical outcomes", "negation": "affirmed", "UMLS": "", "start": 105, "end": 122}, {"term": "infection", "negation": "affirmed", "UMLS": "", "start": 134, "end": 143}]}, "Evidence Propositions": []}]}