{"doc_id": "32298981", "type of study": "Therapy", "title": "", "abstract": "High prevalence of diabetes makes it an important comorbidity in patients with COVID-19.\nWe sought to review and analyze the data regarding the association between diabetes and COVID-19, pathophysiology of the disease in diabetes and management of patients with diabetes who develop COVID-19 infection.\nPubMed database and Google Scholar were searched using the key terms 'COVID-19', 'SARS-CoV-2', 'diabetes', 'antidiabetic therapy' up to April 2, 2020.\nFull texts of the retrieved articles were accessed.\nThere is evidence of increased incidence and severity of COVID-19 in patients with diabetes.\nCOVID-19 could have effect on the pathophysiology of diabetes.\nBlood glucose control is important not only for patients who are infected with COVID-19, but also for those without the disease.\nInnovations like telemedicine are useful to treat patients with diabetes in today's times.\nHigh prevalence of diabetes is seen in patients with SARS-CoV-2 (COVID-19) and the presence of diabetes is a determinant of severity and mortality.\nDiabetes might facilitate infection by COVID-19 due to increased viral entry into cell and impaired immune response.\nBlood glucose control is important for all patients who have diabetes and COVID-19 infection.\nTelemedicine can be very useful for the management of patients with diabetes in present times with limited access to healthcare facilities.\n", "Evidence Map": {"Enrollment": [{"term": "diabetes", "negation": "affirmed", "UMLS": "", "start": 75, "end": 83}, {"term": "COVID-19", "negation": "affirmed", "UMLS": "", "start": 88, "end": 96}, {"term": "diabetes", "negation": "affirmed", "UMLS": "", "start": 83, "end": 91}, {"term": "diabetes", "negation": "affirmed", "UMLS": "", "start": 61, "end": 69}, {"term": "infection", "negation": "affirmed", "UMLS": "", "start": 83, "end": 92}, {"term": "diabetes", "negation": "affirmed", "UMLS": "", "start": 68, "end": 76}], "Comparison Results": [], "Study Arm 1 Results": [], "Study Arm 2 Results": []}, "Sentence-level breakdown": [{"Section": "TITLE", "Text": "High prevalence of diabetes makes it an important comorbidity in patients with COVID-19 .", "Evidence Elements": {"Participant": [], "Intervention": [], "Outcome": []}, "Evidence Propositions": []}, {"Section": "OBJECTIVE", "Text": "We sought to review and analyze the data regarding the association between diabetes and COVID-19 , pathophysiology of the disease in diabetes and management of patients with diabetes who develop COVID-19 infection .", "Evidence Elements": {"Participant": [{"term": "diabetes", "negation": "affirmed", "UMLS": "", "start": 75, "end": 83}, {"term": "COVID-19", "negation": "affirmed", "UMLS": "", "start": 88, "end": 96}], "Intervention": [{"term": "diabetes and COVID-19", "negation": "affirmed", "UMLS": "", "start": 75, "end": 96}], "Outcome": [{"term": "pathophysiology of the disease", "negation": "affirmed", "UMLS": "", "start": 99, "end": 129}, {"term": "diabetes", "negation": "affirmed", "UMLS": "", "start": 75, "end": 83}, {"term": "management", "negation": "affirmed", "UMLS": "", "start": 146, "end": 156}]}, "Evidence Propositions": [{"Intervention": "diabetes and COVID-19", "Observation": "association", "Outcome": "pathophysiology of the disease", "Count": ""}, {"Intervention": "diabetes and COVID-19", "Observation": "association", "Outcome": "diabetes", "Count": ""}, {"Intervention": "diabetes and COVID-19", "Observation": "association", "Outcome": "management", "Count": ""}]}, {"Section": "METHODS", "Text": "PubMed database and Google Scholar were searched using the key terms ' COVID-19 ' , ' SARS-CoV-2 ' , ' diabetes ' , ' antidiabetic therapy ' up to April 2 , 2020 .", "Evidence Elements": {"Participant": [], "Intervention": [], "Outcome": []}, "Evidence Propositions": []}, {"Section": "METHODS", "Text": "Full texts of the retrieved articles were accessed .", "Evidence Elements": {"Participant": [], "Intervention": [], "Outcome": []}, "Evidence Propositions": []}, {"Section": "RESULTS", "Text": "There is evidence of increased incidence and severity of COVID-19 in patients with diabetes .", "Evidence Elements": {"Participant": [{"term": "diabetes", "negation": "affirmed", "UMLS": "", "start": 83, "end": 91}], "Intervention": [], "Outcome": [{"term": "incidence and severity of COVID-19", "negation": "affirmed", "UMLS": "", "start": 31, "end": 65}]}, "Evidence Propositions": []}, {"Section": "RESULTS", "Text": "COVID-19 could have effect on the pathophysiology of diabetes .", "Evidence Elements": {"Participant": [], "Intervention": [], "Outcome": []}, "Evidence Propositions": []}, {"Section": "RESULTS", "Text": "Blood glucose control is important not only for patients who are infected with COVID-19 , but also for those without the disease .", "Evidence Elements": {"Participant": [], "Intervention": [], "Outcome": [{"term": "Blood glucose control", "negation": "affirmed", "UMLS": "", "start": 0, "end": 21}]}, "Evidence Propositions": []}, {"Section": "RESULTS", "Text": "Innovations like telemedicine are useful to treat patients with diabetes in today 's times .", "Evidence Elements": {"Participant": [], "Intervention": [], "Outcome": []}, "Evidence Propositions": []}, {"Section": "RESULTS", "Text": "High prevalence of diabetes is seen in patients with SARS-CoV-2 ( COVID-19 ) and the presence of diabetes is a determinant of severity and mortality .", "Evidence Elements": {"Participant": [], "Intervention": [], "Outcome": []}, "Evidence Propositions": []}, {"Section": "RESULTS", "Text": "Diabetes might facilitate infection by COVID-19 due to increased viral entry into cell and impaired immune response .", "Evidence Elements": {"Participant": [], "Intervention": [], "Outcome": []}, "Evidence Propositions": []}, {"Section": "CONCLUSIONS", "Text": "Blood glucose control is important for all patients who have diabetes and COVID-19 infection .", "Evidence Elements": {"Participant": [{"term": "diabetes", "negation": "affirmed", "UMLS": "", "start": 61, "end": 69}, {"term": "infection", "negation": "affirmed", "UMLS": "", "start": 83, "end": 92}], "Intervention": [], "Outcome": [{"term": "Blood glucose control", "negation": "affirmed", "UMLS": "", "start": 0, "end": 21}]}, "Evidence Propositions": []}, {"Section": "CONCLUSIONS", "Text": "Telemedicine can be very useful for the management of patients with diabetes in present times with limited access to healthcare facilities .", "Evidence Elements": {"Participant": [{"term": "diabetes", "negation": "affirmed", "UMLS": "", "start": 68, "end": 76}], "Intervention": [{"term": "Telemedicine", "negation": "affirmed", "UMLS": "", "start": 0, "end": 12}], "Outcome": []}, "Evidence Propositions": []}]}