{"doc_id": "32296570", "type of study": "Therapy", "title": "", "abstract": "The recent pandemic of coronavirus disease 2019 (COVID-19) caused by SARS-CoV-2 has raised global health concerns.\nThe viral 3-chymotrypsin-like cysteine protease (3CLpro) enzyme controls coronavirus replication and is essential for its life cycle.\n3CLpro is a proven drug discovery target in the case of severe acute respiratory syndrome coronavirus (SARS-CoV) and Middle East respiratory syndrome coronavirus (MERS-CoV).\nRecent studies revealed that the genome sequence of SARS-CoV-2 is very similar to that of SARS-CoV. Therefore, herein, we analysed the 3CLpro sequence, constructed its 3D homology model, and screened it against a medicinal plant library containing 32,297 potential anti-viral phytochemicals/traditional Chinese medicinal compounds.\nOur analyses revealed that the top nine hits might serve as potential anti- SARS-CoV-2 lead molecules for further optimisation and drug development process to combat COVID-19.\nSARS-CoV-2 3CLpro is conserved, share 99.02% sequence identity with SARS-CoV 3CLpro and together with 12 point-mutations.\nMutations disrupt important hydrogen bonds and alter the receptor binding site of SARS-CoV-2 3CLpro.\nMedicinal plants phytochemicals were proved potential anti-COVID-19 druggable candidates.\n", "Evidence Map": {"Enrollment": [], "Comparison Results": [], "Study Arm 1 Results": [], "Study Arm 2 Results": []}, "Sentence-level breakdown": [{"Section": "TITLE", "Text": "The recent pandemic of coronavirus disease 2019 ( COVID-19 ) caused by SARS-CoV-2 has raised global health concerns .", "Evidence Elements": {"Participant": [], "Intervention": [], "Outcome": []}, "Evidence Propositions": []}, {"Section": "RESULTS", "Text": "Recent studies revealed that the genome sequence of SARS-CoV-2 is very similar to that of SARS-CoV . Therefore , herein , we analysed the 3CLpro sequence , constructed its 3D homology model , and screened it against a medicinal plant library containing 32,297 potential anti-viral phytochemicals / traditional Chinese medicinal compounds .", "Evidence Elements": {"Participant": [], "Intervention": [], "Outcome": []}, "Evidence Propositions": []}, {"Section": "RESULTS", "Text": "Our analyses revealed that the top nine hits might serve as potential anti-SARS-CoV-2 lead molecules for further optimisation and drug development process to combat COVID-19 .", "Evidence Elements": {"Participant": [], "Intervention": [], "Outcome": []}, "Evidence Propositions": []}, {"Section": "RESULTS", "Text": "SARS-CoV-2 3CLpro is conserved , share 99.02 % sequence identity with SARS-CoV 3CLpro and together with 12 point-mutations .", "Evidence Elements": {"Participant": [], "Intervention": [{"term": "SARS-CoV-2 3CLpro", "negation": "affirmed", "UMLS": "", "start": 0, "end": 17}, {"term": "SARS-CoV 3CLpro", "negation": "affirmed", "UMLS": "", "start": 70, "end": 85}], "Outcome": []}, "Evidence Propositions": []}, {"Section": "RESULTS", "Text": "Mutations disrupt important hydrogen bonds and alter the receptor binding site of SARS-CoV-2 3CLpro .", "Evidence Elements": {"Participant": [], "Intervention": [{"term": "Mutations", "negation": "affirmed", "UMLS": "", "start": 0, "end": 9}], "Outcome": [{"term": "receptor binding site", "negation": "affirmed", "UMLS": "", "start": 57, "end": 78}]}, "Evidence Propositions": [{"Intervention": "Mutations", "Observation": "alter", "Outcome": "receptor binding site", "Count": ""}]}, {"Section": "CONCLUSIONS", "Text": "Medicinal plants phytochemicals were proved potential anti-COVID-19 druggable candidates .", "Evidence Elements": {"Participant": [], "Intervention": [], "Outcome": []}, "Evidence Propositions": []}]}