{"doc_id": "32306288", "type of study": "Therapy", "title": "", "abstract": "Since in vitro studies and a preliminary clinical report suggested the efficacy of chloroquine for COVID-19-associated pneumonia, there is increasing interest in this old antimalarial drug.\nIn this article, we discuss the pharmacokinetics and safety of chloroquine that should be considered in light of use in SARS-CoV-2 infections.\nChloroquine is well absorbed and distributes extensively resulting in a large volume of distribution with an apparent and terminal half-life of 1.6 days and 2 weeks, respectively.\nChloroquine is metabolized by cytochrome P450 and renal clearance is responsible for one third of total clearance.\nThe lack of reliable information on target concentrations or doses for COVID-19 implies that for both adults and children, doses that proved effective and safe in malaria should be considered, such as 'loading doses' in adults (30 mg/kg over 48 h) and children (70 mg/kg over 5 days), which reported good tolerability.\nHere, plasma concentrations were < 2.5 mumol/L, which is associated with (minor) toxicity.\nWhile the influence of renal dysfunction, critical illness, or obesity seems small, in critically ill patients, reduced absorption may be anticipated.\nClinical experience has shown that chloroquine has a narrow safety margin, as three times the adult therapeutic dosage for malaria can be lethal when given as a single dose.\nAlthough infrequent, poisoning in children is extremely dangerous where one to two tablets can potentially be fatal.\nIn conclusion, the pharmacokinetic and safety properties of chloroquine suggest that chloroquine can be used safely for an acute virus infection, under corrected QT monitoring, but also that the safety margin is small, particularly in children.\nThe online version of this article (10.1007/s40262-020-00891-1) contains supplementary material, which is available to authorized users.\n", "Evidence Map": {"Enrollment": [{"term": "SARS-CoV-2", "negation": "affirmed", "UMLS": "", "start": 121, "end": 131}, {"term": "adults", "negation": "negated", "UMLS": "", "start": 102, "end": 108}, {"term": "children", "negation": "negated", "UMLS": "", "start": 113, "end": 121}, {"term": "malaria", "negation": "negated", "UMLS": "", "start": 164, "end": 171}, {"term": "adults", "negation": "negated", "UMLS": "", "start": 102, "end": 108}, {"term": "children", "negation": "negated", "UMLS": "", "start": 113, "end": 121}, {"term": "acute virus infection", "negation": "affirmed", "UMLS": "", "start": 124, "end": 145}], "Comparison Results": [], "Study Arm 1 Results": [], "Study Arm 2 Results": []}, "Sentence-level breakdown": [{"Section": "TITLE", "Text": "Since in vitro studies and a preliminary clinical report suggested the efficacy of chloroquine for COVID-19-associated pneumonia , there is increasing interest in this old antimalarial drug .", "Evidence Elements": {"Participant": [], "Intervention": [], "Outcome": []}, "Evidence Propositions": []}, {"Section": "OBJECTIVE", "Text": "In this article , we discuss the pharmacokinetics and safety of chloroquine that should be considered in light of use in SARS-CoV-2 infections .", "Evidence Elements": {"Participant": [{"term": "SARS-CoV-2", "negation": "affirmed", "UMLS": "", "start": 121, "end": 131}], "Intervention": [{"term": "chloroquine", "negation": "affirmed", "UMLS": "", "start": 64, "end": 75}], "Outcome": [{"term": "pharmacokinetics", "negation": "affirmed", "UMLS": "", "start": 33, "end": 49}, {"term": "safety", "negation": "affirmed", "UMLS": "", "start": 54, "end": 60}]}, "Evidence Propositions": []}, {"Section": "RESULTS", "Text": "Chloroquine is well absorbed and distributes extensively resulting in a large volume of distribution with an apparent and terminal half-life of 1.6 days and 2 weeks , respectively .", "Evidence Elements": {"Participant": [], "Intervention": [{"term": "Chloroquine", "negation": "affirmed", "UMLS": "", "start": 0, "end": 11}], "Outcome": []}, "Evidence Propositions": []}, {"Section": "RESULTS", "Text": "Chloroquine is metabolized by cytochrome P450 and renal clearance is responsible for one third of total clearance .", "Evidence Elements": {"Participant": [], "Intervention": [], "Outcome": []}, "Evidence Propositions": []}, {"Section": "RESULTS", "Text": "The lack of reliable information on target concentrations or doses for COVID-19 implies that for both adults and children , doses that proved effective and safe in malaria should be considered , such as 'loading doses ' in adults ( 30 mg / kg over 48 h ) and children ( 70 mg / kg over 5 days ) , which reported good tolerability .", "Evidence Elements": {"Participant": [{"term": "adults", "negation": "negated", "UMLS": "", "start": 102, "end": 108}, {"term": "children", "negation": "negated", "UMLS": "", "start": 113, "end": 121}, {"term": "malaria", "negation": "negated", "UMLS": "", "start": 164, "end": 171}, {"term": "adults", "negation": "negated", "UMLS": "", "start": 102, "end": 108}, {"term": "children", "negation": "negated", "UMLS": "", "start": 113, "end": 121}], "Intervention": [{"term": "doses", "negation": "negated", "UMLS": "", "start": 61, "end": 66}], "Outcome": []}, "Evidence Propositions": []}, {"Section": "RESULTS", "Text": "Here , plasma concentrations were < 2.5 mumol / L , which is associated with ( minor ) toxicity .", "Evidence Elements": {"Participant": [], "Intervention": [], "Outcome": [{"term": "plasma concentrations", "negation": "affirmed", "UMLS": "", "start": 7, "end": 28}]}, "Evidence Propositions": []}, {"Section": "RESULTS", "Text": "While the influence of renal dysfunction , critical illness , or obesity seems small , in critically ill patients , reduced absorption may be anticipated .", "Evidence Elements": {"Participant": [], "Intervention": [], "Outcome": []}, "Evidence Propositions": []}, {"Section": "CONCLUSIONS", "Text": "Clinical experience has shown that chloroquine has a narrow safety margin , as three times the adult therapeutic dosage for malaria can be lethal when given as a single dose .", "Evidence Elements": {"Participant": [], "Intervention": [{"term": "chloroquine", "negation": "affirmed", "UMLS": "", "start": 35, "end": 46}], "Outcome": [{"term": "safety", "negation": "affirmed", "UMLS": "", "start": 60, "end": 66}]}, "Evidence Propositions": []}, {"Section": "CONCLUSIONS", "Text": "Although infrequent , poisoning in children is extremely dangerous where one to two tablets can potentially be fatal .", "Evidence Elements": {"Participant": [], "Intervention": [], "Outcome": []}, "Evidence Propositions": []}, {"Section": "CONCLUSIONS", "Text": "In conclusion , the pharmacokinetic and safety properties of chloroquine suggest that chloroquine can be used safely for an acute virus infection , under corrected QT monitoring , but also that the safety margin is small , particularly in children .", "Evidence Elements": {"Participant": [{"term": "acute virus infection", "negation": "affirmed", "UMLS": "", "start": 124, "end": 145}], "Intervention": [{"term": "chloroquine", "negation": "affirmed", "UMLS": "", "start": 61, "end": 72}, {"term": "chloroquine", "negation": "affirmed", "UMLS": "", "start": 61, "end": 72}], "Outcome": [{"term": "pharmacokinetic and safety properties", "negation": "affirmed", "UMLS": "", "start": 20, "end": 57}, {"term": "safety margin", "negation": "affirmed", "UMLS": "", "start": 198, "end": 211}]}, "Evidence Propositions": [{"Intervention": "chloroquine", "Observation": "safely", "Outcome": "pharmacokinetic and safety properties", "Count": ""}, {"Intervention": "chloroquine", "Observation": "safely", "Outcome": "pharmacokinetic and safety properties", "Count": ""}, {"Intervention": "chloroquine", "Observation": "small", "Outcome": "safety margin", "Count": ""}]}, {"Section": "CONCLUSIONS", "Text": "The online version of this article ( 10.1007 / s40262-020-00891-1 ) contains supplementary material , which is available to authorized users .", "Evidence Elements": {"Participant": [], "Intervention": [], "Outcome": []}, "Evidence Propositions": []}]}