{"doc_id": "32304747", "type of study": "Therapy", "title": "", "abstract": "Angiotensin Receptor Blockers (ARBs) exhibit major pleiotropic protecting effects beyond their antihypertensive properties, including reduction of inflammation.\nARBs directly protect the lung from the severe acute respiratory syndrome as a result of viral infections, including those from coronavirus.\nThe protective effect of ACE2 is enhanced by ARB administration.\nFor these reasons ARB therapy must be continued for patients affected by hypertension, diabetes and renal disease, comorbidities of the current COVID-19 pandemic.\nControlled clinical studies should be conducted to determine whether ARBs may be included as additional therapy for COVID-19 patients.\n", "Evidence Map": {"Enrollment": [], "Comparison Results": [], "Study Arm 1 Results": [], "Study Arm 2 Results": []}, "Sentence-level breakdown": [{"Section": "TITLE", "Text": "Angiotensin Receptor Blockers ( ARBs ) exhibit major pleiotropic protecting effects beyond their antihypertensive properties , including reduction of inflammation .", "Evidence Elements": {"Participant": [], "Intervention": [], "Outcome": []}, "Evidence Propositions": []}, {"Section": "CONCLUSIONS", "Text": "The protective effect of ACE2 is enhanced by ARB administration .", "Evidence Elements": {"Participant": [], "Intervention": [{"term": "ARB", "negation": "affirmed", "UMLS": "", "start": 45, "end": 48}], "Outcome": [{"term": "protective effect", "negation": "affirmed", "UMLS": "", "start": 4, "end": 21}, {"term": "ACE2", "negation": "affirmed", "UMLS": "", "start": 25, "end": 29}]}, "Evidence Propositions": [{"Intervention": "ARB", "Observation": "enhanced", "Outcome": "protective effect", "Count": ""}, {"Intervention": "ARB", "Observation": "enhanced", "Outcome": "ACE2", "Count": ""}]}, {"Section": "CONCLUSIONS", "Text": "For these reasons ARB therapy must be continued for patients affected by hypertension , diabetes and renal disease , comorbidities of the current COVID-19 pandemic .", "Evidence Elements": {"Participant": [], "Intervention": [], "Outcome": []}, "Evidence Propositions": []}, {"Section": "CONCLUSIONS", "Text": "Controlled clinical studies should be conducted to determine whether ARBs may be included as additional therapy for COVID-19 patients .", "Evidence Elements": {"Participant": [], "Intervention": [], "Outcome": []}, "Evidence Propositions": []}]}