{"doc_id": "32303885", "type of study": "Therapy", "title": "", "abstract": "SARS-CoV-2 pandemic is announced and it is very important to share our experience to the critical care community in the early stage.\nUrgent intubation team was organized by anesthesiologists and was dispatched upon request.\nWe have retrospectively reviewed medical charts of 20 critically ill patients with Covid-19 pneumonia who required tracheal intubation from February 17 to March 19 in Wuhan No.1 hospital, China.\nWe collected their demographics, vital signs, blood gas analysis before and after tracheal intubation, and 7-day outcome after tracheal intubation.\nOut of 20 patients, 90% were over 60 years old and 15 were with at least one comorbidity.\nAll meet the indication for tracheal intubation announced by treatment expert group.\nWe had successfully intubated all patients using personal protective equipment without circulatory collapse during tracheal intubation.\nDuring the observational period, none of 17 anesthesiologists were infected.\nAlthough intubation improved SPO2, reduced PaCO2 and blood lactate, seven of 20 patients died within 7-days after tracheal intubation.\nNon-survivors showed significantly lower SPO2 and higher PaCO2 and blood lactate compared to survivors.\nFor those who are anticipated to deteriorate severe pneumonia with poor prognosis, earlier respiratory support with tracheal intubation may be advised to improve outcome.\nThe online version of this article (10.1007/s00540-020-02778-8) contains supplementary material, which is available to authorized users.\n", "Evidence Map": {"Enrollment": [{"term": "critically ill patients", "negation": "affirmed", "UMLS": "", "start": 54, "end": 77}, {"term": "Covid-19 pneumonia", "negation": "affirmed", "UMLS": "", "start": 83, "end": 101}, {"term": "tracheal intubation", "negation": "affirmed", "UMLS": "", "start": 115, "end": 134}, {"term": "tracheal intubation", "negation": "affirmed", "UMLS": "", "start": 84, "end": 103}, {"term": "tracheal intubation", "negation": "negated", "UMLS": "", "start": 115, "end": 134}, {"term": "Non-survivors", "negation": "affirmed", "UMLS": "", "start": 0, "end": 13}, {"term": "survivors", "negation": "affirmed", "UMLS": "", "start": 4, "end": 13}], "Comparison Results": [], "Study Arm 1 Results": [], "Study Arm 2 Results": []}, "Sentence-level breakdown": [{"Section": "TITLE", "Text": "SARS-CoV-2 pandemic is announced and it is very important to share our experience to the critical care community in the early stage .", "Evidence Elements": {"Participant": [], "Intervention": [], "Outcome": []}, "Evidence Propositions": []}, {"Section": "METHODS", "Text": "Urgent intubation team was organized by anesthesiologists and was dispatched upon request .", "Evidence Elements": {"Participant": [], "Intervention": [], "Outcome": []}, "Evidence Propositions": []}, {"Section": "METHODS", "Text": "We have retrospectively reviewed medical charts of 20 critically ill patients with Covid-19 pneumonia who required tracheal intubation from February 17 to March 19 in Wuhan No.1 hospital , China .", "Evidence Elements": {"Participant": [{"term": "critically ill patients", "negation": "affirmed", "UMLS": "", "start": 54, "end": 77}, {"term": "Covid-19 pneumonia", "negation": "affirmed", "UMLS": "", "start": 83, "end": 101}, {"term": "tracheal intubation", "negation": "affirmed", "UMLS": "", "start": 115, "end": 134}], "Intervention": [], "Outcome": []}, "Evidence Propositions": []}, {"Section": "METHODS", "Text": "We collected their demographics , vital signs , blood gas analysis before and after tracheal intubation , and 7-day outcome after tracheal intubation .", "Evidence Elements": {"Participant": [{"term": "tracheal intubation", "negation": "affirmed", "UMLS": "", "start": 84, "end": 103}], "Intervention": [], "Outcome": [{"term": "demographics", "negation": "affirmed", "UMLS": "", "start": 19, "end": 31}, {"term": "vital signs", "negation": "affirmed", "UMLS": "", "start": 34, "end": 45}, {"term": "blood gas analysis", "negation": "affirmed", "UMLS": "", "start": 48, "end": 66}, {"term": "outcome", "negation": "affirmed", "UMLS": "", "start": 116, "end": 123}]}, "Evidence Propositions": []}, {"Section": "RESULTS", "Text": "Out of 20 patients , 90 % were over 60 years old and 15 were with at least one comorbidity .", "Evidence Elements": {"Participant": [], "Intervention": [], "Outcome": []}, "Evidence Propositions": []}, {"Section": "RESULTS", "Text": "All meet the indication for tracheal intubation announced by treatment expert group .", "Evidence Elements": {"Participant": [], "Intervention": [], "Outcome": [{"term": "tracheal intubation", "negation": "affirmed", "UMLS": "", "start": 28, "end": 47}]}, "Evidence Propositions": []}, {"Section": "RESULTS", "Text": "We had successfully intubated all patients using personal protective equipment without circulatory collapse during tracheal intubation .", "Evidence Elements": {"Participant": [{"term": "tracheal intubation", "negation": "negated", "UMLS": "", "start": 115, "end": 134}], "Intervention": [{"term": "personal protective equipment", "negation": "affirmed", "UMLS": "", "start": 49, "end": 78}], "Outcome": [{"term": "intubated", "negation": "affirmed", "UMLS": "", "start": 20, "end": 29}, {"term": "circulatory collapse", "negation": "negated", "UMLS": "", "start": 87, "end": 107}]}, "Evidence Propositions": [{"Intervention": "personal protective equipment", "Observation": "", "Count": "patients", "Outcome": "circulatory collapse"}]}, {"Section": "RESULTS", "Text": "During the observational period , none of 17 anesthesiologists were infected .", "Evidence Elements": {"Participant": [], "Intervention": [], "Outcome": []}, "Evidence Propositions": []}, {"Section": "RESULTS", "Text": "Although intubation improved SPO2 , reduced PaCO2 and blood lactate , seven of 20 patients died within 7-days after tracheal intubation .", "Evidence Elements": {"Participant": [], "Intervention": [], "Outcome": [{"term": "intubation", "negation": "affirmed", "UMLS": "", "start": 9, "end": 19}, {"term": "SPO2", "negation": "affirmed", "UMLS": "", "start": 29, "end": 33}, {"term": "PaCO2", "negation": "affirmed", "UMLS": "", "start": 44, "end": 49}, {"term": "blood lactate", "negation": "affirmed", "UMLS": "", "start": 54, "end": 67}, {"term": "died", "negation": "affirmed", "UMLS": "", "start": 91, "end": 95}]}, "Evidence Propositions": []}, {"Section": "RESULTS", "Text": "Non-survivors showed significantly lower SPO2 and higher PaCO2 and blood lactate compared to survivors .", "Evidence Elements": {"Participant": [{"term": "Non-survivors", "negation": "affirmed", "UMLS": "", "start": 0, "end": 13}, {"term": "survivors", "negation": "affirmed", "UMLS": "", "start": 4, "end": 13}], "Intervention": [], "Outcome": [{"term": "SPO2", "negation": "affirmed", "UMLS": "", "start": 41, "end": 45}, {"term": "PaCO2", "negation": "affirmed", "UMLS": "", "start": 57, "end": 62}, {"term": "blood lactate", "negation": "affirmed", "UMLS": "", "start": 67, "end": 80}]}, "Evidence Propositions": []}, {"Section": "CONCLUSIONS", "Text": "For those who are anticipated to deteriorate severe pneumonia with poor prognosis , earlier respiratory support with tracheal intubation may be advised to improve outcome .", "Evidence Elements": {"Participant": [], "Intervention": [], "Outcome": []}, "Evidence Propositions": []}, {"Section": "CONCLUSIONS", "Text": "The online version of this article ( 10.1007 / s00540-020-02778-8 ) contains supplementary material , which is available to authorized users .", "Evidence Elements": {"Participant": [], "Intervention": [], "Outcome": []}, "Evidence Propositions": []}]}