{"doc_id": "32303717", "type of study": "Therapy", "title": "", "abstract": "In response to our current global pandemic, unprecedented healthcare changes may have significant consequences for cancer patients in the United Kingdom.\nWe explore why cancer patients may be more susceptible to severe infection and complications, highlighting various interventions that may help to ensure continuity of care in this unique cohort.\n", "Evidence Map": {"Enrollment": [], "Comparison Results": [], "Study Arm 1 Results": [], "Study Arm 2 Results": []}, "Sentence-level breakdown": [{"Section": "TITLE", "Text": "In response to our current global pandemic , unprecedented healthcare changes may have significant consequences for cancer patients in the United Kingdom .", "Evidence Elements": {"Participant": [], "Intervention": [], "Outcome": []}, "Evidence Propositions": []}, {"Section": "CONCLUSIONS", "Text": "We explore why cancer patients may be more susceptible to severe infection and complications , highlighting various interventions that may help to ensure continuity of care in this unique cohort .", "Evidence Elements": {"Participant": [], "Intervention": [{"term": "cancer patients", "negation": "affirmed", "UMLS": "", "start": 15, "end": 30}], "Outcome": [{"term": "severe infection", "negation": "affirmed", "UMLS": "", "start": 58, "end": 74}, {"term": "complications", "negation": "affirmed", "UMLS": "", "start": 79, "end": 92}]}, "Evidence Propositions": [{"Intervention": ["cancer patients"], "Observation": "more susceptible", "Outcome": "severe infection", "Count": ""}, {"Intervention": ["cancer patients"], "Observation": "more susceptible", "Outcome": "complications", "Count": ""}]}]}