{"doc_id": "32300516", "type of study": "Therapy", "title": "", "abstract": "With the emergence of the novel coronavirus disease (COVID-19) viral pandemic, there is uncertainty whether biologic agents for psoriasis may place patients at a higher risk for infection or more severe disease course.\nThis commentary offers patient counseling recommendations based on the current available evidence.\nWhile there are currently no specific data for psoriasis biologics and COVID-19, data are presented here from phase III clinical trials of psoriasis biologics on rates of upper respiratory infection, influenza, and serious infection.\nOverall these data reveal that on the whole, psoriasis biologics do not show major increases in infection risk compared to placebo during the course of these trials.\nHowever, as the COVID-19 virus is a novel pathogen that is associated with mortality in a subset of patients, a cautious approach is warranted.\nWe discuss factors that may alter the benefit-risk ratio of biologic use during this time of COVID-19 outbreak.\nUltimately, treatment decisions should be made on the basis of dialogue between patient and provider, considering each patient's individualized situation.\nOnce this pandemic has passed, it is only a matter of time before a new viral disease reignites the same issues discussed here.\n", "Evidence Map": {"Enrollment": [], "Comparison Results": [], "Study Arm 1 Results": [], "Study Arm 2 Results": []}, "Sentence-level breakdown": [{"Section": "TITLE", "Text": "With the emergence of the novel coronavirus disease ( COVID-19 ) viral pandemic , there is uncertainty whether biologic agents for psoriasis may place patients at a higher risk for infection or more severe disease course .", "Evidence Elements": {"Participant": [], "Intervention": [], "Outcome": []}, "Evidence Propositions": []}, {"Section": "RESULTS", "Text": "This commentary offers patient counseling recommendations based on the current available evidence .", "Evidence Elements": {"Participant": [], "Intervention": [], "Outcome": []}, "Evidence Propositions": []}, {"Section": "RESULTS", "Text": "While there are currently no specific data for psoriasis biologics and COVID-19 , data are presented here from phase III clinical trials of psoriasis biologics on rates of upper respiratory infection , influenza , and serious infection .", "Evidence Elements": {"Participant": [], "Intervention": [{"term": "psoriasis biologics", "negation": "negated", "UMLS": "", "start": 47, "end": 66}], "Outcome": [{"term": "rates of upper respiratory infection , influenza", "negation": "negated", "UMLS": "", "start": 163, "end": 211}]}, "Evidence Propositions": []}, {"Section": "CONCLUSIONS", "Text": "Overall these data reveal that on the whole , psoriasis biologics do not show major increases in infection risk compared to placebo during the course of these trials .", "Evidence Elements": {"Participant": [], "Intervention": [{"term": "psoriasis biologics", "negation": "affirmed", "UMLS": "", "start": 46, "end": 65}, {"term": "placebo", "negation": "negated", "UMLS": "", "start": 124, "end": 131}], "Outcome": [{"term": "infection risk", "negation": "negated", "UMLS": "", "start": 97, "end": 111}]}, "Evidence Propositions": [{"Intervention": "psoriasis biologics", "Observation": "major increases", "Outcome": "infection risk", "Count": ""}, {"Intervention": "placebo", "Observation": "major increases", "Outcome": "infection risk", "Count": ""}]}, {"Section": "CONCLUSIONS", "Text": "However , as the COVID-19 virus is a novel pathogen that is associated with mortality in a subset of patients , a cautious approach is warranted .", "Evidence Elements": {"Participant": [], "Intervention": [], "Outcome": []}, "Evidence Propositions": []}, {"Section": "CONCLUSIONS", "Text": "We discuss factors that may alter the benefit-risk ratio of biologic use during this time of COVID-19 outbreak .", "Evidence Elements": {"Participant": [], "Intervention": [], "Outcome": [{"term": "benefit-risk ratio of biologic use", "negation": "affirmed", "UMLS": "", "start": 38, "end": 72}]}, "Evidence Propositions": []}, {"Section": "CONCLUSIONS", "Text": "Ultimately , treatment decisions should be made on the basis of dialogue between patient and provider , considering each patient 's individualized situation .", "Evidence Elements": {"Participant": [], "Intervention": [], "Outcome": []}, "Evidence Propositions": []}, {"Section": "CONCLUSIONS", "Text": "Once this pandemic has passed , it is only a matter of time before a new viral disease reignites the same issues discussed here .", "Evidence Elements": {"Participant": [], "Intervention": [], "Outcome": []}, "Evidence Propositions": []}]}