{"doc_id": "32303590", "type of study": "Therapy", "title": "", "abstract": "We urgently need vaccines and drug treatments for coronavirus disease 2019 (COVID-19).\nEven under these extreme circumstances, we must have animal models for rigorous testing of new strategies.\nRockx et al. have undertaken a comparative study of three human coronaviruses in cynomolgus macaques: severe acute respiratory syndrome-coronavirus (SARS-CoV) (2002), Middle East respiratory syndrome (MERS)-CoV (2012), and SARS-CoV-2 (2019), which causes COVID-19 (see the Perspective by Lakdawala and Menachery).\nThe most recent coronavirus has a distinct tropism for the nasal mucosa but is also found in the intestinal tract.\nAlthough none of the older macaques showed the severe symptoms that humans do, the lung pathology observed was similar.\nLike humans, the animals shed virus for prolonged periods from their upper respiratory tracts, and like influenza but unlike the 2002 SARS-CoV, this shedding peaked early in infection.\nIt is this cryptic virus shedding that makes case detection difficult and can jeopardize the effectiveness of isolation.\nScience, this issue p. 1012; see also p.  SARS-CoV-2 infection in macaques results in COVID-19-like disease with prolonged virus shedding from the nose and throat in the absence of symptoms.\nThe current pandemic coronavirus, severe acute respiratory syndrome-coronavirus 2 (SARS-CoV-2), was recently identified in patients with an acute respiratory syndrome, coronavirus disease 2019 (COVID-19).\nTo compare its pathogenesis with that of previously emerging coronaviruses, we inoculated cynomolgus macaques with SARS-CoV-2 or Middle East respiratory syndrome (MERS)-CoV and compared the pathology and virology with historical reports of SARS-CoV infections.\nIn SARS-CoV-2-infected macaques, virus was excreted from nose and throat in the absence of clinical signs and detected in type I and II pneumocytes in foci of diffuse alveolar damage and in ciliated epithelial cells of nasal, bronchial, and bronchiolar mucosae.\nIn SARS-CoV infection, lung lesions were typically more severe, whereas they were milder in MERS-CoV infection, where virus was detected mainly in type II pneumocytes.\nThese data show that SARS-CoV-2 causes COVID-19-like disease in macaques and provides a new model to test preventive and therapeutic strategies.\n", "Evidence Map": {"Enrollment": [{"term": "cynomolgus macaques", "negation": "affirmed", "UMLS": "", "start": 82, "end": 101}, {"term": "severe acute respiratory syndrome-coronavirus ( SARS-CoV )", "negation": "affirmed", "UMLS": "", "start": 104, "end": 162}, {"term": "older macaques", "negation": "negated", "UMLS": "", "start": 21, "end": 35}, {"term": "macaques", "negation": "affirmed", "UMLS": "", "start": 67, "end": 75}, {"term": "cynomolgus", "negation": "affirmed", "UMLS": "", "start": 91, "end": 101}, {"term": "SARS-CoV-2", "negation": "affirmed", "UMLS": "", "start": 116, "end": 126}, {"term": "Middle East respiratory syndrome ( MERS ) -CoV", "negation": "affirmed", "UMLS": "", "start": 130, "end": 176}, {"term": "SARS-CoV-2-infected macaques", "negation": "affirmed", "UMLS": "", "start": 3, "end": 31}, {"term": "macaques", "negation": "affirmed", "UMLS": "", "start": 64, "end": 72}], "Comparison Results": [], "Study Arm 1 Results": [], "Study Arm 2 Results": []}, "Sentence-level breakdown": [{"Section": "TITLE", "Text": "We urgently need vaccines and drug treatments for coronavirus disease 2019 ( COVID-19 ) .", "Evidence Elements": {"Participant": [], "Intervention": [], "Outcome": []}, "Evidence Propositions": []}, {"Section": "METHODS", "Text": "To compare its pathogenesis with that of previously emerging coronaviruses , we inoculated cynomolgus macaques with SARS-CoV-2 or Middle East respiratory syndrome ( MERS ) -CoV and compared the pathology and virology with historical reports of SARS-CoV infections .", "Evidence Elements": {"Participant": [{"term": "cynomolgus", "negation": "affirmed", "UMLS": "", "start": 91, "end": 101}, {"term": "SARS-CoV-2", "negation": "affirmed", "UMLS": "", "start": 116, "end": 126}, {"term": "Middle East respiratory syndrome ( MERS ) -CoV", "negation": "affirmed", "UMLS": "", "start": 130, "end": 176}], "Intervention": [], "Outcome": [{"term": "pathogenesis", "negation": "affirmed", "UMLS": "", "start": 15, "end": 27}, {"term": "pathology", "negation": "affirmed", "UMLS": "", "start": 194, "end": 203}, {"term": "virology", "negation": "affirmed", "UMLS": "", "start": 208, "end": 216}]}, "Evidence Propositions": []}, {"Section": "RESULTS", "Text": "In SARS-CoV-2-infected macaques , virus was excreted from nose and throat in the absence of clinical signs and detected in type I and II pneumocytes in foci of diffuse alveolar damage and in ciliated epithelial cells of nasal , bronchial , and bronchiolar mucosae .", "Evidence Elements": {"Participant": [{"term": "SARS-CoV-2-infected macaques", "negation": "affirmed", "UMLS": "", "start": 3, "end": 31}], "Intervention": [], "Outcome": [{"term": "virus was excreted", "negation": "affirmed", "UMLS": "", "start": 34, "end": 52}]}, "Evidence Propositions": []}, {"Section": "RESULTS", "Text": "In SARS-CoV infection , lung lesions were typically more severe , whereas they were milder in MERS-CoV infection , where virus was detected mainly in type II pneumocytes .", "Evidence Elements": {"Participant": [], "Intervention": [{"term": "SARS-CoV infection", "negation": "affirmed", "UMLS": "", "start": 3, "end": 21}, {"term": "MERS-CoV infection", "negation": "affirmed", "UMLS": "", "start": 94, "end": 112}], "Outcome": [{"term": "lung lesions", "negation": "affirmed", "UMLS": "", "start": 24, "end": 36}, {"term": "virus", "negation": "affirmed", "UMLS": "", "start": 121, "end": 126}]}, "Evidence Propositions": [{"Intervention": [], "Observation": "more severe", "Outcome": "", "Count": ""}, {"Intervention": ["SARS-CoV infection", "MERS-CoV infection"], "Observation": "milder", "Outcome": "lung lesions", "Count": ""}]}, {"Section": "CONCLUSIONS", "Text": "These data show that SARS-CoV-2 causes COVID-19-like disease in macaques and provides a new model to test preventive and therapeutic strategies .", "Evidence Elements": {"Participant": [{"term": "macaques", "negation": "affirmed", "UMLS": "", "start": 64, "end": 72}], "Intervention": [{"term": "SARS-CoV-2", "negation": "affirmed", "UMLS": "", "start": 21, "end": 31}], "Outcome": [{"term": "COVID-19-like disease", "negation": "affirmed", "UMLS": "", "start": 39, "end": 60}]}, "Evidence Propositions": []}]}