{"doc_id": "32301600", "type of study": "Therapy", "title": "", "abstract": "The current outbreak of the novel 2019 coronavirus disease (COVID-19) started in China in December 2019 and has since spread to several other countries.\nOn March 25, 2020, a total of 375,498 cases had been confirmed globally with 2,201 cases in Brazil, showing the urgency of reacting to this international public health emergency.\nWhile in most cases, mild symptoms are observed, in some cases the infection leads to serious pulmonary disease.\nAs a result, the possible consequences of the COVID-19 outbreak for pregnant women and its potential effects on the management of assisted reproductive treatments, demand attention.\nIn this review, we summarize the latest research progress related to COVID-19 epidemiology and the reported data of pregnant women, and discuss the current evidence of COVID-19 infections during pregnancy and its potential consequences for assisted reproductive treatments.\nReported data suggest that symptoms in pregnant women are similar to those in other people, and that there is no evidence for higher maternal or fetal risks.\nHowever, considering the initial data and lack of comprehensive knowledge on the pathogenesis of SARS-CoV-2 during pregnancy, human reproduction societies have recommended postponing the embryo transfers and do not initiate new treatment cycles.\nNew evidence must be considered carefully in order to adjust these recommendations accordingly at any time and to guide assisted reproductive treatments.\n", "Evidence Map": {"Enrollment": [{"term": "pregnant women", "negation": "affirmed", "UMLS": "", "start": 117, "end": 131}, {"term": "pregnant women", "negation": "affirmed", "UMLS": "", "start": 39, "end": 53}], "Comparison Results": [], "Study Arm 1 Results": [], "Study Arm 2 Results": []}, "Sentence-level breakdown": [{"Section": "TITLE", "Text": "The current outbreak of the novel 2019 coronavirus disease ( COVID-19 ) started in China in December 2019 and has since spread to several other countries .", "Evidence Elements": {"Participant": [], "Intervention": [], "Outcome": []}, "Evidence Propositions": []}, {"Section": "RESULTS", "Text": "On March 25 , 2020 , a total of 375,498 cases had been confirmed globally with 2,201 cases in Brazil , showing the urgency of reacting to this international public health emergency .", "Evidence Elements": {"Participant": [], "Intervention": [], "Outcome": []}, "Evidence Propositions": []}, {"Section": "RESULTS", "Text": "While in most cases , mild symptoms are observed , in some cases the infection leads to serious pulmonary disease .", "Evidence Elements": {"Participant": [], "Intervention": [], "Outcome": []}, "Evidence Propositions": []}, {"Section": "RESULTS", "Text": "As a result , the possible consequences of the COVID-19 outbreak for pregnant women and its potential effects on the management of assisted reproductive treatments , demand attention .", "Evidence Elements": {"Participant": [], "Intervention": [], "Outcome": []}, "Evidence Propositions": []}, {"Section": "RESULTS", "Text": "In this review , we summarize the latest research progress related to COVID-19 epidemiology and the reported data of pregnant women , and discuss the current evidence of COVID-19 infections during pregnancy and its potential consequences for assisted reproductive treatments .", "Evidence Elements": {"Participant": [{"term": "pregnant women", "negation": "affirmed", "UMLS": "", "start": 117, "end": 131}], "Intervention": [], "Outcome": [{"term": "infections", "negation": "affirmed", "UMLS": "", "start": 179, "end": 189}]}, "Evidence Propositions": []}, {"Section": "RESULTS", "Text": "Reported data suggest that symptoms in pregnant women are similar to those in other people , and that there is no evidence for higher maternal or fetal risks .", "Evidence Elements": {"Participant": [{"term": "pregnant women", "negation": "affirmed", "UMLS": "", "start": 39, "end": 53}], "Intervention": [{"term": "other people", "negation": "affirmed", "UMLS": "", "start": 78, "end": 90}], "Outcome": [{"term": "symptoms", "negation": "affirmed", "UMLS": "", "start": 27, "end": 35}, {"term": "maternal or fetal", "negation": "negated", "UMLS": "", "start": 134, "end": 151}]}, "Evidence Propositions": [{"Intervention": ["other people"], "Observation": "similar", "Outcome": "symptoms", "Count": ""}, {"Intervention": [], "Observation": "higher", "Outcome": "", "Count": ""}]}, {"Section": "RESULTS", "Text": "However , considering the initial data and lack of comprehensive knowledge on the pathogenesis of SARS-CoV-2 during pregnancy , human reproduction societies have recommended postponing the embryo transfers and do not initiate new treatment cycles .", "Evidence Elements": {"Participant": [], "Intervention": [], "Outcome": []}, "Evidence Propositions": []}, {"Section": "CONCLUSIONS", "Text": "New evidence must be considered carefully in order to adjust these recommendations accordingly at any time and to guide assisted reproductive treatments .", "Evidence Elements": {"Participant": [], "Intervention": [], "Outcome": []}, "Evidence Propositions": []}]}