{"doc_id": "32302448", "type of study": "Therapy", "title": "", "abstract": "Few observations exist with respect to the pro-coagulant profile of patients with COVID-19 acute respiratory distress syndrome (ARDS).\nReports of thromboembolic complications are scarce but suggestive for a clinical relevance of the problem.\nProspective observational study aimed to characterize the coagulation profile of COVID-19 ARDS patients with standard and viscoelastic coagulation tests and to evaluate their changes after establishment of an aggressive thromboprophylaxis.\nSixteen patients with COVID-19 ARDS received a complete coagulation profile at the admission in the intensive care unit.\nTen patients were followed in the subsequent 7 days, after increasing the dose of low molecular weight heparin, antithrombin levels correction, and clopidogrel in selected cases.\nAt baseline, the patients showed a pro-coagulant profile characterized by an increased clot strength (CS, median 55 hPa, 95% interquartile range 35-63), platelet contribution to CS (PCS, 43 hPa; interquartile range 24-45), fibrinogen contribution to CS (FCS, 12 hPa; interquartile range 6-13.5) elevated D-dimer levels (5.5 mug/mL, interquartile range 2.5-6.5), and hyperfibrinogenemia (794 mg/dL, interquartile range 583-933).\nFibrinogen levels were associated (R2  = .506, P = .003) with interleukin-6 values.\nAfter increasing the thromboprophylaxis, there was a significant (P = .001) time-related decrease of fibrinogen levels, D-dimers (P = .017), CS (P = .013), PCS (P = .035), and FCS (P = .038).\nCONCLUSION: The pro-coagulant pattern of these patients may justify the clinical reports of thromboembolic complications (pulmonary embolism) during the course of the disease.\nFurther studies are needed to assess the best prophylaxis and treatment of this condition.\n", "Evidence Map": {"Enrollment": [{"term": "COVID-19 ARDS", "negation": "affirmed", "UMLS": "", "start": 81, "end": 94}, {"term": "aggressive thromboprophylaxis", "negation": "affirmed", "UMLS": "", "start": 209, "end": 238}, {"term": "COVID-19 ARDS", "negation": "affirmed", "UMLS": "", "start": 22, "end": 35}], "Comparison Results": [], "Study Arm 1 Results": [], "Study Arm 2 Results": []}, "Sentence-level breakdown": [{"Section": "TITLE", "Text": "Few observations exist with respect to the pro-coagulant profile of patients with COVID-19 acute respiratory distress syndrome ( ARDS ) .", "Evidence Elements": {"Participant": [], "Intervention": [], "Outcome": []}, "Evidence Propositions": []}, {"Section": "OBJECTIVE", "Text": "Prospective observational study aimed to characterize the coagulation profile of COVID-19 ARDS patients with standard and viscoelastic coagulation tests and to evaluate their changes after establishment of an aggressive thromboprophylaxis .", "Evidence Elements": {"Participant": [{"term": "COVID-19 ARDS", "negation": "affirmed", "UMLS": "", "start": 81, "end": 94}, {"term": "aggressive thromboprophylaxis", "negation": "affirmed", "UMLS": "", "start": 209, "end": 238}], "Intervention": [{"term": "standard and viscoelastic coagulation tests", "negation": "affirmed", "UMLS": "", "start": 109, "end": 152}], "Outcome": [{"term": "coagulation profile", "negation": "affirmed", "UMLS": "", "start": 58, "end": 77}, {"term": "changes", "negation": "affirmed", "UMLS": "", "start": 175, "end": 182}]}, "Evidence Propositions": []}, {"Section": "METHODS", "Text": "Sixteen patients with COVID-19 ARDS received a complete coagulation profile at the admission in the intensive care unit .", "Evidence Elements": {"Participant": [{"term": "COVID-19 ARDS", "negation": "affirmed", "UMLS": "", "start": 22, "end": 35}], "Intervention": [], "Outcome": [{"term": "complete coagulation profile", "negation": "affirmed", "UMLS": "", "start": 47, "end": 75}]}, "Evidence Propositions": []}, {"Section": "METHODS", "Text": "Ten patients were followed in the subsequent 7 days , after increasing the dose of low molecular weight heparin , antithrombin levels correction , and clopidogrel in selected cases .", "Evidence Elements": {"Participant": [], "Intervention": [{"term": "molecular weight heparin", "negation": "affirmed", "UMLS": "", "start": 87, "end": 111}, {"term": "levels correction", "negation": "affirmed", "UMLS": "", "start": 127, "end": 144}, {"term": "clopidogrel", "negation": "affirmed", "UMLS": "", "start": 151, "end": 162}], "Outcome": []}, "Evidence Propositions": []}, {"Section": "RESULTS", "Text": "At baseline , the patients showed a pro-coagulant profile characterized by an increased clot strength ( CS , median 55 hPa , 95 % interquartile range 35-63 ) , platelet contribution to CS ( PCS , 43 hPa ; interquartile range 24-45 ) , fibrinogen contribution to CS ( FCS , 12 hPa ; interquartile range 6-13.5 ) elevated D-dimer levels ( 5.5 mug / mL , interquartile range 2.5-6.5 ) , and hyperfi", "Evidence Elements": {"Participant": [], "Intervention": [], "Outcome": [{"term": "pro-coagulant profile", "negation": "affirmed", "UMLS": "", "start": 36, "end": 57}, {"term": "clot strength", "negation": "affirmed", "UMLS": "", "start": 88, "end": 101}, {"term": "CS", "negation": "affirmed", "UMLS": "", "start": 104, "end": 106}, {"term": "platelet contribution to CS", "negation": "affirmed", "UMLS": "", "start": 160, "end": 187}, {"term": "PCS", "negation": "affirmed", "UMLS": "", "start": 190, "end": 193}, {"term": "fibrinogen contribution to CS", "negation": "affirmed", "UMLS": "", "start": 235, "end": 264}, {"term": "FCS", "negation": "affirmed", "UMLS": "", "start": 267, "end": 270}, {"term": "D-dimer levels", "negation": "affirmed", "UMLS": "", "start": 320, "end": 334}]}, "Evidence Propositions": []}, {"Section": "RESULTS", "Text": "Fibrinogen levels were associated ( R2 =.506 , P = .003 ) with interleukin-6 values .", "Evidence Elements": {"Participant": [], "Intervention": [], "Outcome": [{"term": "Fibrinogen levels", "negation": "affirmed", "UMLS": "", "start": 0, "end": 17}]}, "Evidence Propositions": []}, {"Section": "RESULTS", "Text": "After increasing the thromboprophylaxis , there was a significant ( P =.001 ) time-related decrease of fibrinogen levels , D-dimers ( P = .017 ) , CS ( P = .013 ) , PCS ( P = .035 ) , and FCS ( P = .038 ) .", "Evidence Elements": {"Participant": [], "Intervention": [{"term": "thromboprophylaxis", "negation": "affirmed", "UMLS": "", "start": 21, "end": 39}], "Outcome": [{"term": "fibrinogen levels", "negation": "affirmed", "UMLS": "", "start": 103, "end": 120}, {"term": "D-dimers", "negation": "affirmed", "UMLS": "", "start": 123, "end": 131}, {"term": "CS", "negation": "affirmed", "UMLS": "", "start": 147, "end": 149}]}, "Evidence Propositions": [{"Intervention": "thromboprophylaxis", "Observation": "significant ( P =.001 ) time-related decrease", "Outcome": "fibrinogen levels", "Count": ""}, {"Intervention": "thromboprophylaxis", "Observation": "significant ( P =.001 ) time-related decrease", "Outcome": "D-dimers", "Count": ""}, {"Intervention": "thromboprophylaxis", "Observation": "significant ( P =.001 ) time-related decrease", "Outcome": "CS", "Count": ""}]}, {"Section": "CONCLUSIONS", "Text": "CONCLUSION : The pro-coagulant pattern of these patients may justify the clinical reports of thromboembolic complications ( pulmonary embolism ) during the course of the disease .", "Evidence Elements": {"Participant": [], "Intervention": [], "Outcome": [{"term": "thromboembolic complications ( pulmonary embolism )", "negation": "affirmed", "UMLS": "", "start": 93, "end": 144}]}, "Evidence Propositions": []}, {"Section": "CONCLUSIONS", "Text": "Further studies are needed to assess the best prophylaxis and treatment of this condition .", "Evidence Elements": {"Participant": [], "Intervention": [], "Outcome": []}, "Evidence Propositions": []}]}