{"doc_id": "32302265", "type of study": "Therapy", "title": "", "abstract": "Supplemental Digital Content is available in the text.\nUse of ACEIs (angiotensin-converting enzyme inhibitors) and ARBs (angiotensin II receptor blockers) is a major concern for clinicians treating coronavirus disease 2019 (COVID-19) in patients with hypertension.\nTo determine the association between in-hospital use of ACEI/ARB and all-cause mortality in patients with hypertension and hospitalized due to COVID-19.\nThis retrospective, multi-center study included 1128 adult patients with hypertension diagnosed with COVID-19, including 188 taking ACEI/ARB (ACEI/ARB group; median age 64 [interquartile range, 55-68] years; 53.2% men) and 940 without using ACEI/ARB (non-ACEI/ARB group; median age 64 [interquartile range 57-69]; 53.5% men), who were admitted to 9 hospitals in Hubei Province, China from December 31, 2019 to February 20, 2020.\nIn mixed-effect Cox model treating site as a random effect, after adjusting for age, gender, comorbidities, and in-hospital medications, the detected risk for all-cause mortality was lower in the ACEI/ARB group versus the non-ACEI/ARB group (adjusted hazard ratio, 0.42 [95% CI, 0.19-0.92]; P=0.03).\nIn a propensity score-matched analysis followed by adjusting imbalanced variables in mixed-effect Cox model, the results consistently demonstrated lower risk of COVID-19 mortality in patients who received ACEI/ARB versus those who did not receive ACEI/ARB (adjusted hazard ratio, 0.37 [95% CI, 0.15-0.89]; P=0.03).\nFurther subgroup propensity score-matched analysis indicated that, compared with use of other antihypertensive drugs, ACEI/ARB was also associated with decreased mortality (adjusted hazard ratio, 0.30 [95% CI, 0.12-0.70]; P=0.01) in patients with COVID-19 and coexisting hypertension.\nAmong hospitalized patients with COVID-19 and coexisting hypertension, inpatient use of ACEI/ARB was associated with lower risk of all-cause mortality compared with ACEI/ARB nonusers.\nWhile study interpretation needs to consider the potential for residual confounders, it is unlikely that in-hospital use of ACEI/ARB was associated with an increased mortality risk.\n", "Evidence Map": {"Enrollment": [{"term": "hypertension", "negation": "affirmed", "UMLS": "", "start": 108, "end": 120}, {"term": "hospitalized due to COVID-19", "negation": "affirmed", "UMLS": "", "start": 125, "end": 153}, {"term": "adult", "negation": "affirmed", "UMLS": "", "start": 54, "end": 59}, {"term": "hypertension", "negation": "affirmed", "UMLS": "", "start": 74, "end": 86}, {"term": "COVID-19", "negation": "affirmed", "UMLS": "", "start": 102, "end": 110}, {"term": "hospitalized patients", "negation": "affirmed", "UMLS": "", "start": 6, "end": 27}, {"term": "COVID-19", "negation": "affirmed", "UMLS": "", "start": 33, "end": 41}, {"term": "coexisting hypertension", "negation": "affirmed", "UMLS": "", "start": 46, "end": 69}], "Comparison Results": [], "Study Arm 1 Results": [], "Study Arm 2 Results": []}, "Sentence-level breakdown": [{"Section": "TITLE", "Text": "Supplemental Digital Content is available in the text .", "Evidence Elements": {"Participant": [], "Intervention": [], "Outcome": []}, "Evidence Propositions": []}, {"Section": "OBJECTIVE", "Text": "To determine the association between in-hospital use of ACEI / ARB and all-cause mortality in patients with hypertension and hospitalized due to COVID-19 .", "Evidence Elements": {"Participant": [{"term": "hypertension", "negation": "affirmed", "UMLS": "", "start": 108, "end": 120}, {"term": "hospitalized due to COVID-19", "negation": "affirmed", "UMLS": "", "start": 125, "end": 153}], "Intervention": [{"term": "in-hospital use", "negation": "affirmed", "UMLS": "", "start": 37, "end": 52}, {"term": "ARB", "negation": "affirmed", "UMLS": "", "start": 63, "end": 66}], "Outcome": [{"term": "all-cause mortality", "negation": "affirmed", "UMLS": "", "start": 71, "end": 90}]}, "Evidence Propositions": [{"Intervention": "in-hospital use", "Observation": "association", "Outcome": "all-cause mortality", "Count": ""}, {"Intervention": "ARB", "Observation": "association", "Outcome": "all-cause mortality", "Count": ""}]}, {"Section": "METHODS", "Text": "This retrospective , multi-center study included 1128 adult patients with hypertension diagnosed with COVID-19 , including 188 taking ACEI / ARB ( ACEI / ARB group ; median age 64 [ interquartile range , 55-68 ] years ; 53.2 % men ) and 940 without using ACEI / ARB ( non-ACEI / ARB group ; median age 64 [ interquartile range 57-69 ] ; 53.5 % men ) , who were admitted to 9 hospitals in Hubei Province , China from December 31 , 2019 to February 20 , 2020", "Evidence Elements": {"Participant": [{"term": "adult", "negation": "affirmed", "UMLS": "", "start": 54, "end": 59}, {"term": "hypertension", "negation": "affirmed", "UMLS": "", "start": 74, "end": 86}, {"term": "COVID-19", "negation": "affirmed", "UMLS": "", "start": 102, "end": 110}], "Intervention": [{"term": "ARB", "negation": "negated", "UMLS": "", "start": 141, "end": 144}, {"term": "ARB", "negation": "negated", "UMLS": "", "start": 141, "end": 144}, {"term": "ARB", "negation": "negated", "UMLS": "", "start": 141, "end": 144}, {"term": "ARB", "negation": "negated", "UMLS": "", "start": 141, "end": 144}], "Outcome": []}, "Evidence Propositions": []}, {"Section": "RESULTS", "Text": "In mixed-effect Cox model treating site as a random effect , after adjusting for age , gender , comorbidities , and in-hospital medications , the detected risk for all-cause mortality was lower in the ACEI / ARB group versus the non-ACEI / ARB group ( adjusted hazard ratio , 0.42 [ 95 % CI , 0.19-0.92 ] ; P=0.03 ) .", "Evidence Elements": {"Participant": [], "Intervention": [{"term": "ARB", "negation": "affirmed", "UMLS": "", "start": 208, "end": 211}, {"term": "ARB", "negation": "affirmed", "UMLS": "", "start": 208, "end": 211}], "Outcome": [{"term": "detected risk for all-cause mortality", "negation": "affirmed", "UMLS": "", "start": 146, "end": 183}]}, "Evidence Propositions": [{"Intervention": ["ARB"], "Observation": "lower", "Outcome": "detected risk for all-cause mortality", "Count": ""}]}, {"Section": "RESULTS", "Text": "In a propensity score-matched analysis followed by adjusting imbalanced variables in mixed-effect Cox model , the results consistently demonstrated lower risk of COVID-19 mortality in patients who received ACEI / ARB versus those who did not receive ACEI / ARB ( adjusted hazard ratio , 0.37 [ 95 % CI , 0.15-0.89 ] ; P = 0.03 ) .", "Evidence Elements": {"Participant": [], "Intervention": [{"term": "ARB", "negation": "negated", "UMLS": "", "start": 213, "end": 216}, {"term": "ARB", "negation": "negated", "UMLS": "", "start": 213, "end": 216}], "Outcome": [{"term": "risk of COVID-19 mortality", "negation": "affirmed", "UMLS": "", "start": 154, "end": 180}]}, "Evidence Propositions": []}, {"Section": "RESULTS", "Text": "Further subgroup propensity score-matched analysis indicated that , compared with use of other antihypertensive drugs , ACEI / ARB was also associated with decreased mortality ( adjusted hazard ratio , 0.30 [ 95 % CI , 0.12-0.70 ] ; P = 0.01 ) in patients with COVID-19 and coexisting hypertension .", "Evidence Elements": {"Participant": [], "Intervention": [{"term": "drugs", "negation": "affirmed", "UMLS": "", "start": 112, "end": 117}, {"term": "ARB", "negation": "affirmed", "UMLS": "", "start": 127, "end": 130}], "Outcome": [{"term": "mortality", "negation": "affirmed", "UMLS": "", "start": 166, "end": 175}]}, "Evidence Propositions": []}, {"Section": "CONCLUSIONS", "Text": "Among hospitalized patients with COVID-19 and coexisting hypertension , inpatient use of ACEI / ARB was associated with lower risk of all-cause mortality compared with ACEI / ARB nonusers .", "Evidence Elements": {"Participant": [{"term": "hospitalized patients", "negation": "affirmed", "UMLS": "", "start": 6, "end": 27}, {"term": "COVID-19", "negation": "affirmed", "UMLS": "", "start": 33, "end": 41}, {"term": "coexisting hypertension", "negation": "affirmed", "UMLS": "", "start": 46, "end": 69}], "Intervention": [{"term": "inpatient use of", "negation": "affirmed", "UMLS": "", "start": 72, "end": 88}, {"term": "ARB", "negation": "affirmed", "UMLS": "", "start": 96, "end": 99}, {"term": "ARB", "negation": "affirmed", "UMLS": "", "start": 96, "end": 99}], "Outcome": [{"term": "risk of all-cause mortality", "negation": "affirmed", "UMLS": "", "start": 126, "end": 153}]}, "Evidence Propositions": []}, {"Section": "CONCLUSIONS", "Text": "While study interpretation needs to consider the potential for residual confounders , it is unlikely that in-hospital use of ACEI / ARB was associated with an increased mortality risk .", "Evidence Elements": {"Participant": [], "Intervention": [{"term": "in-hospital use of", "negation": "affirmed", "UMLS": "", "start": 106, "end": 124}, {"term": "ARB", "negation": "affirmed", "UMLS": "", "start": 132, "end": 135}], "Outcome": [{"term": "mortality", "negation": "affirmed", "UMLS": "", "start": 169, "end": 178}]}, "Evidence Propositions": []}]}