{"doc_id": "32306657", "type of study": "Therapy", "title": "", "abstract": "Objective: To investigate the clinical features and outcome of treatment for novel coronavirus pneumonia.\nMethods: Literature on novel coronavirus pneumonia was retrieved from PubMed and EMBASE databases.\nThe relevant data was extracted and a meta-analysis was performed using StatsDirect statistical software V.2.8.0 to calculate the combined odds ratio.\nResults: Seven studies were included, consisting of 1594 cases.\nThe meta-analysis result showed that the most common clinical symptoms of the novel coronavirus pneumonia were fever (91.6%) and cough (64.5%), followed by dyspnea (32.8%) and sputum (28.1%).\nHeadache (10.5%), sore throat (11.2%), hemoptysis (3.2%), diarrhea (6.6%) and the other symptoms were relatively rare.\nAspartate aminotransferase (29%), alanine transaminase (22.7%), and total bilirubin (11.7%) levels were elevated, except for serum albumin levels (80.4%).\nThe common therapeutic agents used were antibiotics (87.7%), antiviral drugs (75.5%), and glucocorticoids (26.6%), while antifungal agents (7.7%) were used in few.\nMechanical ventilation (13.4%), extracorporeal membrane oxygenation (1.9%), and continuous renal replacement therapy (3.8%) were used in severe cases.\nThe rate of mortality in hospital was 7.7%, respectively.\nHeterogeneity between studies was significant; however, subgroup and sensitivity analysis had failed to identify clear sources of heterogeneity.\nConclusion: Fever, cough and liver dysfunction are the main clinical manifestations of this disease and the mortality rate is low.\n", "Evidence Map": {"Enrollment": [{"term": "novel coronavirus", "negation": "affirmed", "UMLS": "", "start": 78, "end": 95}, {"term": "novel coronavirus pneumonia", "negation": "affirmed", "UMLS": "", "start": 24, "end": 51}, {"term": "novel coronavirus pneumonia", "negation": "affirmed", "UMLS": "", "start": 78, "end": 105}], "Comparison Results": [], "Study Arm 1 Results": [], "Study Arm 2 Results": []}, "Sentence-level breakdown": [{"Section": "TITLE", "Text": "Objective : To investigate the clinical features and outcome of treatment for novel coronavirus pneumonia .", "Evidence Elements": {"Participant": [{"term": "novel coronavirus", "negation": "affirmed", "UMLS": "", "start": 78, "end": 95}], "Intervention": [], "Outcome": [{"term": "clinical features", "negation": "affirmed", "UMLS": "", "start": 31, "end": 48}, {"term": "outcome", "negation": "affirmed", "UMLS": "", "start": 53, "end": 60}]}, "Evidence Propositions": []}, {"Section": "METHODS", "Text": "Methods : Literature on novel coronavirus pneumonia was retrieved from PubMed and EMBASE databases .", "Evidence Elements": {"Participant": [{"term": "novel coronavirus pneumonia", "negation": "affirmed", "UMLS": "", "start": 24, "end": 51}], "Intervention": [], "Outcome": []}, "Evidence Propositions": []}, {"Section": "METHODS", "Text": "The relevant data was extracted and a meta-analysis was performed using StatsDirect statistical software V.2.8.0 to calculate the combined odds ratio .", "Evidence Elements": {"Participant": [], "Intervention": [], "Outcome": [{"term": "combined", "negation": "affirmed", "UMLS": "", "start": 130, "end": 138}, {"term": "ratio", "negation": "affirmed", "UMLS": "", "start": 144, "end": 149}]}, "Evidence Propositions": []}, {"Section": "RESULTS", "Text": "Results : Seven studies were included , consisting of 1594 cases .", "Evidence Elements": {"Participant": [], "Intervention": [], "Outcome": []}, "Evidence Propositions": []}, {"Section": "RESULTS", "Text": "The meta-analysis result showed that the most common clinical symptoms of the novel coronavirus pneumonia were fever ( 91.6 % ) and cough ( 64.5 % ) , followed by dyspnea ( 32.8 % ) and sputum ( 28.1 % ) .", "Evidence Elements": {"Participant": [{"term": "novel coronavirus pneumonia", "negation": "affirmed", "UMLS": "", "start": 78, "end": 105}], "Intervention": [], "Outcome": [{"term": "fever", "negation": "affirmed", "UMLS": "", "start": 111, "end": 116}, {"term": "cough", "negation": "affirmed", "UMLS": "", "start": 132, "end": 137}]}, "Evidence Propositions": [{"Intervention": [], "Observation": "most common", "Outcome": "fever", "Count": ""}]}, {"Section": "RESULTS", "Text": "Headache ( 10.5 % ) , sore throat ( 11.2 % ) , hemoptysis ( 3.2 % ) , diarrhea ( 6.6 % ) and the other symptoms were relatively rare .", "Evidence Elements": {"Participant": [], "Intervention": [], "Outcome": [{"term": "Headache", "negation": "affirmed", "UMLS": "", "start": 0, "end": 8}, {"term": "sore throat", "negation": "affirmed", "UMLS": "", "start": 22, "end": 33}, {"term": "hemoptysis", "negation": "affirmed", "UMLS": "", "start": 47, "end": 57}]}, "Evidence Propositions": []}, {"Section": "RESULTS", "Text": "Aspartate aminotransferase ( 29 % ) , alanine transaminase ( 22.7 % ) , and total bilirubin ( 11.7 % ) levels were elevated , except for serum albumin levels ( 80.4 % ) .", "Evidence Elements": {"Participant": [], "Intervention": [], "Outcome": [{"term": "Aspartate aminotransferase", "negation": "affirmed", "UMLS": "", "start": 0, "end": 26}, {"term": "alanine transaminase", "negation": "affirmed", "UMLS": "", "start": 38, "end": 58}, {"term": "total bilirubin", "negation": "affirmed", "UMLS": "", "start": 76, "end": 91}]}, "Evidence Propositions": []}, {"Section": "RESULTS", "Text": "The common therapeutic agents used were antibiotics ( 87.7 % ) , antiviral drugs ( 75.5 % ) , and glucocorticoids ( 26.6 % ) , while antifungal agents ( 7.7 % ) were used in few .", "Evidence Elements": {"Participant": [], "Intervention": [{"term": "antibiotics", "negation": "affirmed", "UMLS": "", "start": 40, "end": 51}, {"term": "antiviral drugs", "negation": "affirmed", "UMLS": "", "start": 65, "end": 80}, {"term": "glucocorticoids", "negation": "affirmed", "UMLS": "", "start": 98, "end": 113}], "Outcome": []}, "Evidence Propositions": []}, {"Section": "RESULTS", "Text": "Mechanical ventilation ( 13.4 % ) , extracorporeal membrane oxygenation ( 1.9 % ) , and continuous renal replacement therapy ( 3.8 % ) were used in severe cases .", "Evidence Elements": {"Participant": [], "Intervention": [{"term": "Mechanical ventilation", "negation": "affirmed", "UMLS": "", "start": 0, "end": 22}, {"term": "extracorporeal membrane oxygenation", "negation": "affirmed", "UMLS": "", "start": 36, "end": 71}, {"term": "continuous renal", "negation": "affirmed", "UMLS": "", "start": 88, "end": 104}], "Outcome": []}, "Evidence Propositions": []}, {"Section": "RESULTS", "Text": "The rate of mortality in hospital was 7.7 % , respectively .", "Evidence Elements": {"Participant": [], "Intervention": [], "Outcome": [{"term": "rate of mortality in hospital", "negation": "affirmed", "UMLS": "", "start": 4, "end": 33}]}, "Evidence Propositions": []}, {"Section": "RESULTS", "Text": "Heterogeneity between studies was significant ; however , subgroup and sensitivity analysis had failed to identify clear sources of heterogeneity .", "Evidence Elements": {"Participant": [], "Intervention": [], "Outcome": []}, "Evidence Propositions": []}, {"Section": "CONCLUSIONS", "Text": "Conclusion : Fever , cough and liver dysfunction are the main clinical manifestations of this disease and the mortality rate is low .", "Evidence Elements": {"Participant": [], "Intervention": [], "Outcome": [{"term": "Fever", "negation": "affirmed", "UMLS": "", "start": 13, "end": 18}, {"term": "cough", "negation": "affirmed", "UMLS": "", "start": 21, "end": 26}, {"term": "liver dysfunction", "negation": "affirmed", "UMLS": "", "start": 31, "end": 48}, {"term": "mortality rate", "negation": "affirmed", "UMLS": "", "start": 110, "end": 124}]}, "Evidence Propositions": []}]}