{"doc_id": "32308732", "type of study": "Therapy", "title": "", "abstract": "A novel coronavirus was identified in December, 2019 in Wuhan, China, and traditional Chinese medicine (TCM) played an active role in combating the novel coronavirus pneumonia (NCP) caused by this fast-spreading virus COVID-19.\nThus, we aimed to explore TCM characteristics of clinical efficacy to NCP, as well as to optimize Qingfei Paidu decoction (QFPDD) and the recommended formulas to NCP by National Health Commission (NHC).\nChinese medical sciences theory and clinical application of TCM were analyzed.\nA total of 54 NCP patients were observed in a hospital from Wuhan, whose clinical characteristics and utilization of Chinese Medicines (CMs) were described.\nPaired t test was used to measure the change of patients' hemogram during hospitalization period, indicating the effect of CMs.\nMultiple linear regression analysis was applied to explore the factors affecting the length of hospital stay.\nNetwork pharmacology analysis was applied to figure out the performance of NHC-recommended formulas of five disease stages at levels of compounds, targets and pathways.\nThe average length of hospital stay was 8.96 days.\nPatients over 45 stayed 9.79 days in hospital in average, longer than 7.64 days of patients under 45.\nComparing the hemograms between admission and discharge of hospital, the number of leukocytes, neutrophil, lymphocyte and platelet increased, while the numbers of erythrocytes, hemoglobin concentration and hematocrit decreased.\nAccording to the standard coefficients of regression, the factor affecting the length of stay for the most was CMs in category of invigorating spleen and removing dampness (ISRD), followed by administrating CMs, male, and cough.\nThirty-two CMs were screened after deleting duplication from QFPDD and NHC-recommended formulas.\nCompound quercetin, luteolin, kaempferol, acacetin etc., were all involved in the treatment of various disease stages on the compound level both in generality and individuality.\nTCM has a systemic theoretical understanding on the pathological evolution and a positive clinical efficacy on NCP.\nThe CMs of ISRD improved patients' recovery, suggesting the importance of regulating intestinal function and keeping microenvironmental balance in TCM treatment of NCP.\nThe active compounds from QFPDD and NHC-recommended formulas contribute to recovery of varied disease progresses during TCM treating NCP.\n", "Evidence Map": {"Enrollment": [{"term": "NCP", "negation": "affirmed", "UMLS": "", "start": 14, "end": 17}, {"term": "CMs", "negation": "affirmed", "UMLS": "", "start": 11, "end": 14}, {"term": "TCM", "negation": "affirmed", "UMLS": "", "start": 149, "end": 152}], "Comparison Results": [], "Study Arm 1 Results": [], "Study Arm 2 Results": []}, "Sentence-level breakdown": [{"Section": "TITLE", "Text": "A novel coronavirus was identified in December , 2019 in Wuhan , China , and traditional Chinese medicine ( TCM ) played an active role in combating the novel coronavirus pneumonia ( NCP ) caused by this fast-spreading virus COVID-19 .", "Evidence Elements": {"Participant": [], "Intervention": [], "Outcome": []}, "Evidence Propositions": []}, {"Section": "OBJECTIVE", "Text": "Thus , we aimed to explore TCM characteristics of clinical efficacy to NCP , as well as to optimize Qingfei Paidu decoction ( QFPDD ) and the recommended formulas to NCP by National Health Commission ( NHC ) .", "Evidence Elements": {"Participant": [], "Intervention": [{"term": "TCM", "negation": "affirmed", "UMLS": "", "start": 27, "end": 30}, {"term": "Qingfei Paidu decoction ( QFPDD )", "negation": "affirmed", "UMLS": "", "start": 100, "end": 133}, {"term": "recommended formulas to NCP", "negation": "affirmed", "UMLS": "", "start": 142, "end": 169}], "Outcome": [{"term": "clinical efficacy to NCP", "negation": "affirmed", "UMLS": "", "start": 50, "end": 74}]}, "Evidence Propositions": []}, {"Section": "METHODS", "Text": "Chinese medical sciences theory and clinical application of TCM were analyzed .", "Evidence Elements": {"Participant": [], "Intervention": [{"term": "TCM", "negation": "affirmed", "UMLS": "", "start": 60, "end": 63}], "Outcome": [{"term": "Chinese medical sciences theory", "negation": "affirmed", "UMLS": "", "start": 0, "end": 31}, {"term": "clinical application", "negation": "affirmed", "UMLS": "", "start": 36, "end": 56}]}, "Evidence Propositions": []}, {"Section": "METHODS", "Text": "A total of 54 NCP patients were observed in a hospital from Wuhan , whose clinical characteristics and utilization of Chinese Medicines ( CMs ) were described .", "Evidence Elements": {"Participant": [{"term": "NCP", "negation": "affirmed", "UMLS": "", "start": 14, "end": 17}], "Intervention": [{"term": "Chinese Medicines ( CMs", "negation": "affirmed", "UMLS": "", "start": 118, "end": 141}], "Outcome": [{"term": "clinical characteristics", "negation": "affirmed", "UMLS": "", "start": 74, "end": 98}, {"term": "utilization", "negation": "affirmed", "UMLS": "", "start": 103, "end": 114}]}, "Evidence Propositions": []}, {"Section": "METHODS", "Text": "Paired t test was used to measure the change of patients ' hemogram during hospitalization period , indicating the effect of CMs .", "Evidence Elements": {"Participant": [], "Intervention": [], "Outcome": [{"term": "change", "negation": "affirmed", "UMLS": "", "start": 38, "end": 44}, {"term": "patients '", "negation": "affirmed", "UMLS": "", "start": 48, "end": 58}, {"term": "hemogram", "negation": "affirmed", "UMLS": "", "start": 59, "end": 67}]}, "Evidence Propositions": []}, {"Section": "METHODS", "Text": "Multiple linear regression analysis was applied to explore the factors affecting the length of hospital stay .", "Evidence Elements": {"Participant": [], "Intervention": [], "Outcome": [{"term": "length of hospital stay", "negation": "affirmed", "UMLS": "", "start": 85, "end": 108}]}, "Evidence Propositions": []}, {"Section": "METHODS", "Text": "Network pharmacology analysis was applied to figure out the performance of NHC-recommended formulas of five disease stages at levels of compounds , targets and pathways .", "Evidence Elements": {"Participant": [], "Intervention": [{"term": "NHC-recommended formulas", "negation": "affirmed", "UMLS": "", "start": 75, "end": 99}], "Outcome": []}, "Evidence Propositions": []}, {"Section": "RESULTS", "Text": "The average length of hospital stay was 8.96 days .", "Evidence Elements": {"Participant": [], "Intervention": [], "Outcome": [{"term": "average length of hospital stay", "negation": "affirmed", "UMLS": "", "start": 4, "end": 35}]}, "Evidence Propositions": []}, {"Section": "RESULTS", "Text": "Patients over 45 stayed 9.79 days in hospital in average , longer than 7.64 days of patients under 45 .", "Evidence Elements": {"Participant": [], "Intervention": [{"term": "over 45", "negation": "affirmed", "UMLS": "", "start": 9, "end": 16}, {"term": "under", "negation": "affirmed", "UMLS": "", "start": 93, "end": 98}], "Outcome": [{"term": "hospital", "negation": "affirmed", "UMLS": "", "start": 37, "end": 45}]}, "Evidence Propositions": [{"Intervention": "over 45", "Observation": "9.79 days", "Outcome": "hospital", "Count": ""}, {"Intervention": "under", "Observation": "9.79 days", "Outcome": "hospital", "Count": ""}, {"Intervention": ["over 45", "under"], "Observation": "longer", "Outcome": "", "Count": ""}]}, {"Section": "RESULTS", "Text": "Comparing the hemograms between admission and discharge of hospital , the number of leukocytes , neutrophil , lymphocyte and platelet increased , while the numbers of erythrocytes , hemoglobin concentration and hematocrit decreased .", "Evidence Elements": {"Participant": [], "Intervention": [], "Outcome": [{"term": "number of leukocytes , neutrophil , lymphocyte and platelet", "negation": "affirmed", "UMLS": "", "start": 74, "end": 133}, {"term": "numbers of erythrocytes", "negation": "affirmed", "UMLS": "", "start": 156, "end": 179}]}, "Evidence Propositions": []}, {"Section": "RESULTS", "Text": "According to the standard coefficients of regression , the factor affecting the length of stay for the most was CMs in category of invigorating spleen and removing dampness ( ISRD ) , followed by administrating CMs , male , and cough .", "Evidence Elements": {"Participant": [], "Intervention": [{"term": "CMs in category of invigorating spleen and removing dampness ( ISRD )", "negation": "affirmed", "UMLS": "", "start": 112, "end": 181}], "Outcome": [{"term": "length of stay", "negation": "affirmed", "UMLS": "", "start": 80, "end": 94}]}, "Evidence Propositions": []}, {"Section": "RESULTS", "Text": "Thirty-two CMs were screened after deleting duplication from QFPDD and NHC-recommended formulas .", "Evidence Elements": {"Participant": [{"term": "CMs", "negation": "affirmed", "UMLS": "", "start": 11, "end": 14}], "Intervention": [{"term": "deleting duplication from QFPDD", "negation": "affirmed", "UMLS": "", "start": 35, "end": 66}, {"term": "NHC-recommended formulas", "negation": "affirmed", "UMLS": "", "start": 71, "end": 95}], "Outcome": []}, "Evidence Propositions": []}, {"Section": "RESULTS", "Text": "Compound quercetin , luteolin , kaempferol , acacetin etc . , were all involved in the treatment of various disease stages on the compound level both in generality and individuality .", "Evidence Elements": {"Participant": [], "Intervention": [], "Outcome": []}, "Evidence Propositions": []}, {"Section": "CONCLUSIONS", "Text": "TCM has a systemic theoretical understanding on the pathological evolution and a positive clinical efficacy on NCP .", "Evidence Elements": {"Participant": [], "Intervention": [], "Outcome": []}, "Evidence Propositions": []}, {"Section": "CONCLUSIONS", "Text": "The CMs of ISRD improved patients ' recovery , suggesting the importance of regulating intestinal function and keeping microenvironmental balance in TCM treatment of NCP .", "Evidence Elements": {"Participant": [{"term": "TCM", "negation": "affirmed", "UMLS": "", "start": 149, "end": 152}], "Intervention": [{"term": "CMs of ISRD", "negation": "affirmed", "UMLS": "", "start": 4, "end": 15}], "Outcome": [{"term": "recovery", "negation": "affirmed", "UMLS": "", "start": 36, "end": 44}]}, "Evidence Propositions": []}, {"Section": "CONCLUSIONS", "Text": "The active compounds from QFPDD and NHC-recommended formulas contribute to recovery of varied disease progresses during TCM treating NCP .", "Evidence Elements": {"Participant": [], "Intervention": [], "Outcome": []}, "Evidence Propositions": []}]}