{"doc_id": "32303424", "type of study": "Therapy", "title": "", "abstract": "It has been reported that SARS-CoV-2 may use ACE2 as a receptor to gain entry into human cells, in a way similar to that of SARS-CoV. Analyzing the distribution and expression level of ACE2 may therefore help reveal underlying mechanisms of viral susceptibility and post-infection modulation.\nIn this study, we utilized previously uploaded information on ACE2 expression in various conditions including SARS-CoA to evaluate the role of ACE2 in SARS-CoV and extrapolate that to COVID-19.\nWe found that the expression of ACE2 in healthy populations and patients with underlying diseases was not significantly different.\nHowever, based on the elevated expression of ACE2 in cigarette smokers, we speculate that long-term smoking may be a risk factor for COVID-19.\nAnalysis of ACE2 in SARS-CoV infected cells suggests that ACE2 is not only a receptor but is also involved in post-infection regulation, including immune response, cytokine secretion, and viral genome replication.\nMoreover, we constructed Protein-protein interaction (PPI) networks and identified hub genes in viral activity and cytokine secretion.\nOur findings may help clinicians and researchers gain more insight into the pathogenesis of SARS-CoV-2 and design therapeutic strategies for COVID-19.\nSARS-CoV-2 may use ACE2 as a receptor to gain entry into human cells, in a way similar to that of SARS-CoV. PPI networks identified RPS3, RPS8 and RPS9 as hub genes in viral activity and SRC and CASP1 in cytokine secretion.\nRPS3 plays a key role in viral replication.\nSRC non-receptor protein kinase has a role in macrophage mediated innate immunity and cytokine release.\nBlocking the ACE2 receptor may be protective or lead to worse lung injury due to the unmitigated action of angiotensin 2.\n", "Evidence Map": {"Enrollment": [{"term": "SARS-CoA", "negation": "affirmed", "UMLS": "", "start": 111, "end": 119}, {"term": "SARS-CoV", "negation": "affirmed", "UMLS": "", "start": 152, "end": 160}, {"term": "healthy", "negation": "affirmed", "UMLS": "", "start": 40, "end": 47}, {"term": "underlying diseases", "negation": "affirmed", "UMLS": "", "start": 78, "end": 97}, {"term": "cigarette smokers", "negation": "affirmed", "UMLS": "", "start": 54, "end": 71}, {"term": "SARS-CoV", "negation": "affirmed", "UMLS": "", "start": 20, "end": 28}], "Comparison Results": [], "Study Arm 1 Results": [], "Study Arm 2 Results": []}, "Sentence-level breakdown": [{"Section": "TITLE", "Text": "It has been reported that SARS-CoV-2 may use ACE2 as a receptor to gain entry into human cells , in a way similar to that of SARS-CoV . Analyzing the distribution and expression level of ACE2 may therefore help reveal underlying mechanisms of viral susceptibility and post-infection modulation .", "Evidence Elements": {"Participant": [], "Intervention": [], "Outcome": []}, "Evidence Propositions": []}, {"Section": "RESULTS", "Text": "In this study , we utilized previously uploaded information on ACE2 expression in various conditions including SARS-CoA to evaluate the role of ACE2 in SARS-CoV and extrapolate that to COVID-19 .", "Evidence Elements": {"Participant": [{"term": "SARS-CoA", "negation": "affirmed", "UMLS": "", "start": 111, "end": 119}, {"term": "SARS-CoV", "negation": "affirmed", "UMLS": "", "start": 152, "end": 160}], "Intervention": [{"term": "ACE2", "negation": "affirmed", "UMLS": "", "start": 63, "end": 67}], "Outcome": [{"term": "ACE2", "negation": "affirmed", "UMLS": "", "start": 63, "end": 67}]}, "Evidence Propositions": []}, {"Section": "RESULTS", "Text": "We found that the expression of ACE2 in healthy populations and patients with underlying diseases was not significantly different .", "Evidence Elements": {"Participant": [{"term": "healthy", "negation": "affirmed", "UMLS": "", "start": 40, "end": 47}, {"term": "underlying diseases", "negation": "affirmed", "UMLS": "", "start": 78, "end": 97}], "Intervention": [], "Outcome": [{"term": "expression of ACE2", "negation": "affirmed", "UMLS": "", "start": 18, "end": 36}]}, "Evidence Propositions": [{"Intervention": [], "Observation": "significantly different", "Outcome": "expression of ACE2", "Count": ""}]}, {"Section": "RESULTS", "Text": "However , based on the elevated expression of ACE2 in cigarette smokers , we speculate that long-term smoking may be a risk factor for COVID-19 .", "Evidence Elements": {"Participant": [{"term": "cigarette smokers", "negation": "affirmed", "UMLS": "", "start": 54, "end": 71}], "Intervention": [{"term": "long-term smoking", "negation": "affirmed", "UMLS": "", "start": 92, "end": 109}], "Outcome": [{"term": "expression of ACE2", "negation": "affirmed", "UMLS": "", "start": 32, "end": 50}]}, "Evidence Propositions": []}, {"Section": "RESULTS", "Text": "Analysis of ACE2 in SARS-CoV infected cells suggests that ACE2 is not only a receptor but is also involved in post-infection regulation , including immune response , cytokine secretion , and viral genome replication .", "Evidence Elements": {"Participant": [{"term": "SARS-CoV", "negation": "affirmed", "UMLS": "", "start": 20, "end": 28}], "Intervention": [], "Outcome": [{"term": "ACE2", "negation": "affirmed", "UMLS": "", "start": 12, "end": 16}, {"term": "ACE2", "negation": "affirmed", "UMLS": "", "start": 12, "end": 16}, {"term": "post-infection regulation", "negation": "affirmed", "UMLS": "", "start": 110, "end": 135}, {"term": "immune response", "negation": "affirmed", "UMLS": "", "start": 148, "end": 163}, {"term": "cytokine secretion", "negation": "affirmed", "UMLS": "", "start": 166, "end": 184}]}, "Evidence Propositions": []}, {"Section": "RESULTS", "Text": "Moreover , we constructed Protein-protein interaction ( PPI ) networks and identified hub genes in viral activity and cytokine secretion .", "Evidence Elements": {"Participant": [], "Intervention": [], "Outcome": [{"term": "Protein-protein interaction ( PPI ) networks", "negation": "affirmed", "UMLS": "", "start": 26, "end": 70}, {"term": "viral activity", "negation": "affirmed", "UMLS": "", "start": 99, "end": 113}]}, "Evidence Propositions": []}, {"Section": "RESULTS", "Text": "Our findings may help clinicians and researchers gain more insight into the pathogenesis of SARS-CoV-2 and design therapeutic strategies for COVID-19 .", "Evidence Elements": {"Participant": [], "Intervention": [], "Outcome": []}, "Evidence Propositions": []}, {"Section": "RESULTS", "Text": "SARS-CoV-2 may use ACE2 as a receptor to gain entry into human cells , in a way similar to that of SARS-CoV . PPI networks identified RPS3 , RPS8 and RPS9 as hub genes in viral activity and SRC and CASP1 in cytokine secretion .", "Evidence Elements": {"Participant": [], "Intervention": [], "Outcome": [{"term": "RPS3", "negation": "affirmed", "UMLS": "", "start": 134, "end": 138}, {"term": "RPS8", "negation": "affirmed", "UMLS": "", "start": 141, "end": 145}, {"term": "RPS9", "negation": "affirmed", "UMLS": "", "start": 150, "end": 154}, {"term": "viral activity", "negation": "affirmed", "UMLS": "", "start": 171, "end": 185}, {"term": "SRC", "negation": "affirmed", "UMLS": "", "start": 190, "end": 193}, {"term": "CASP1", "negation": "affirmed", "UMLS": "", "start": 198, "end": 203}]}, "Evidence Propositions": []}, {"Section": "RESULTS", "Text": "RPS3 plays a key role in viral replication .", "Evidence Elements": {"Participant": [], "Intervention": [], "Outcome": []}, "Evidence Propositions": []}, {"Section": "RESULTS", "Text": "SRC non-receptor protein kinase has a role in macrophage mediated innate immunity and cytokine release .", "Evidence Elements": {"Participant": [], "Intervention": [], "Outcome": []}, "Evidence Propositions": []}, {"Section": "CONCLUSIONS", "Text": "Blocking the ACE2 receptor may be protective or lead to worse lung injury due to the unmitigated action of angiotensin 2 .", "Evidence Elements": {"Participant": [], "Intervention": [], "Outcome": []}, "Evidence Propositions": []}]}