{"doc_id": "32305588", "type of study": "Therapy", "title": "", "abstract": "Discussion of the role of immunomodulatory agents to reduce the cytokine storm in severe cases of COVID-19.\nPotential immunomodulatory agents currently used in the treatment of COVID-19 (chloroquine, hydroxychloroquine and tocilizumab) are discussed.\nOther immunomodulatory agents with good safety profiles may be considered for use in combination with antiviral drugs for the treatment of severe or critical cases of COVID-19.\n", "Evidence Map": {"Enrollment": [{"term": "severe cases of COVID-19", "negation": "affirmed", "UMLS": "", "start": 82, "end": 106}], "Comparison Results": [], "Study Arm 1 Results": [], "Study Arm 2 Results": []}, "Sentence-level breakdown": [{"Section": "TITLE", "Text": "Discussion of the role of immunomodulatory agents to reduce the cytokine storm in severe cases of COVID-19 .", "Evidence Elements": {"Participant": [{"term": "severe cases of COVID-19", "negation": "affirmed", "UMLS": "", "start": 82, "end": 106}], "Intervention": [{"term": "immunomodulatory agents", "negation": "affirmed", "UMLS": "", "start": 26, "end": 49}], "Outcome": [{"term": "cytokine storm", "negation": "affirmed", "UMLS": "", "start": 64, "end": 78}]}, "Evidence Propositions": [{"Intervention": "immunomodulatory agents", "Observation": "reduce", "Outcome": "cytokine storm", "Count": ""}]}, {"Section": "CONCLUSIONS", "Text": "Other immunomodulatory agents with good safety profiles may be considered for use in combination with antiviral drugs for the treatment of severe or critical cases of COVID-19 .", "Evidence Elements": {"Participant": [], "Intervention": [], "Outcome": []}, "Evidence Propositions": []}]}