{"doc_id": "32303592", "type of study": "Therapy", "title": "", "abstract": "Individual genetic variation may help to explain different immune responses to a virus across a population.\nIn particular, understanding how variation in HLA may affect the course of COVID-19 could help identify individuals at higher risk from the disease.\nHLA typing can be fast and inexpensive.\nPairing HLA typing with COVID-19 testing where feasible could improve assessment of severity of viral disease in the population.\nFollowing the development of a vaccine against SARS-CoV-2, the virus that causes COVID-19, individuals with high-risk HLA types could be prioritized for vaccination.\nGenetic variability across the three major histocompatibility complex (MHC) class I genes (human leukocyte antigen A [HLA-A], -B, and -C genes) may affect susceptibility to and severity of the disease caused by severe acute respiratory syndrome coronavirus 2 (SARS-CoV-2), the virus responsible for coronavirus disease 2019 (COVID-19).\nWe performed a comprehensive in silico analysis of viral peptide-MHC class I binding affinity across 145 HLA-A, -B, and -C genotypes for all SARS-CoV-2 peptides.\nWe further explored the potential for cross-protective immunity conferred by prior exposure to four common human coronaviruses.\nThe SARS-CoV-2 proteome was successfully sampled and was represented by a diversity of HLA alleles.\nHowever, we found that HLA-B*46:01 had the fewest predicted binding peptides for SARS-CoV-2, suggesting that individuals with this allele may be particularly vulnerable to COVID-19, as they were previously shown to be for SARS (M. Lin, H.-T. Tseng, J. A. Trejaut, H.-L. Lee, et al., BMC Med Genet 4:9, 2003, https://bmcmedgenet.biomedcentral.com/articles/10.1186/1471-2350-4-9).\nConversely, we found that HLA-B*15:03 showed the greatest capacity to present highly conserved SARS-CoV-2 peptides that are shared among common human coronaviruses, suggesting that it could enable cross-protective T-cell-based immunity.\nFinally, we reported global distributions of HLA types with potential epidemiological ramifications in the setting of the current pandemic.\nIMPORTANCE Individual genetic variation may help to explain different immune responses to a virus across a population.\nIn particular, understanding how variation in HLA may affect the course of COVID-19 could help identify individuals at higher risk from the disease.\nHLA typing can be fast and inexpensive.\nPairing HLA typing with COVID-19 testing where feasible could improve assessment of severity of viral disease in the population.\nFollowing the development of a vaccine against SARS-CoV-2, the virus that causes COVID-19, individuals with high-risk HLA types could be prioritized for vaccination.\n", "Evidence Map": {"Enrollment": [{"term": "SARS", "negation": "affirmed", "UMLS": "", "start": 83, "end": 87}], "Comparison Results": [], "Study Arm 1 Results": [], "Study Arm 2 Results": []}, "Sentence-level breakdown": [{"Section": "TITLE", "Text": "Individual genetic variation may help to explain different immune responses to a virus across a population .", "Evidence Elements": {"Participant": [], "Intervention": [], "Outcome": []}, "Evidence Propositions": []}, {"Section": "METHODS", "Text": "We performed a comprehensive in silico analysis of viral peptide-MHC class I binding affinity across 145 HLA-A , -B , and -C genotypes for all SARS-CoV-2 peptides .", "Evidence Elements": {"Participant": [], "Intervention": [], "Outcome": [{"term": "viral peptide-MHC class I binding affinity", "negation": "affirmed", "UMLS": "", "start": 51, "end": 93}]}, "Evidence Propositions": []}, {"Section": "METHODS", "Text": "We further explored the potential for cross-protective immunity conferred by prior exposure to four common human coronaviruses .", "Evidence Elements": {"Participant": [], "Intervention": [{"term": "to four common human coronaviruses", "negation": "affirmed", "UMLS": "", "start": 92, "end": 126}], "Outcome": [{"term": "cross-protective immunity", "negation": "affirmed", "UMLS": "", "start": 38, "end": 63}]}, "Evidence Propositions": []}, {"Section": "RESULTS", "Text": "The SARS-CoV-2 proteome was successfully sampled and was represented by a diversity of HLA alleles .", "Evidence Elements": {"Participant": [], "Intervention": [], "Outcome": []}, "Evidence Propositions": []}, {"Section": "RESULTS", "Text": "However , we found that HLA-B* 46:01 had the fewest predicted binding peptides for SARS-CoV-2 , suggesting that individuals with this allele may be particularly vulnerable to COVID-19 , as they were previously shown to be for SARS ( M. Lin , H.-T. Tseng , J.A. Trejaut , H.-L. Lee , et al . , BMC Med Genet 4 : 9 , 2003 , https:/ / bmcmedgenet . biomedcentral.com / articles / 10", "Evidence Elements": {"Participant": [{"term": "SARS", "negation": "affirmed", "UMLS": "", "start": 83, "end": 87}], "Intervention": [{"term": "HLA-B* 46:01", "negation": "affirmed", "UMLS": "", "start": 24, "end": 36}], "Outcome": [{"term": "predicted binding peptides for SARS-CoV-2", "negation": "affirmed", "UMLS": "", "start": 52, "end": 93}, {"term": "COVID-19", "negation": "affirmed", "UMLS": "", "start": 175, "end": 183}]}, "Evidence Propositions": [{"Intervention": [], "Observation": "fewest", "Outcome": "", "Count": ""}, {"Intervention": "HLA-B* 46:01", "Observation": "particularly vulnerable", "Outcome": "COVID-19", "Count": ""}]}, {"Section": "CONCLUSIONS", "Text": "Conversely , we found that HLA-B* 15:03 showed the greatest capacity to present highly conserved SARS-CoV-2 peptides that are shared among common human coronaviruses , suggesting that it could enable cross-protective T-cell-based immunity .", "Evidence Elements": {"Participant": [], "Intervention": [{"term": "HLA-B* 15:03", "negation": "affirmed", "UMLS": "", "start": 27, "end": 39}], "Outcome": [{"term": "highly conserved SARS-CoV-2 peptides", "negation": "affirmed", "UMLS": "", "start": 80, "end": 116}]}, "Evidence Propositions": [{"Intervention": ["HLA-B* 15:03"], "Observation": "greatest capacity", "Outcome": "highly conserved SARS-CoV-2 peptides", "Count": ""}]}, {"Section": "CONCLUSIONS", "Text": "Finally , we reported global distributions of HLA types with potential epidemiological ramifications in the setting of the current pandemic .", "Evidence Elements": {"Participant": [], "Intervention": [], "Outcome": [{"term": "global distributions of HLA types", "negation": "affirmed", "UMLS": "", "start": 22, "end": 55}]}, "Evidence Propositions": []}, {"Section": "CONCLUSIONS", "Text": "IMPORTANCE Individual genetic variation may help to explain different immune responses to a virus across a population .", "Evidence Elements": {"Participant": [], "Intervention": [], "Outcome": []}, "Evidence Propositions": []}, {"Section": "CONCLUSIONS", "Text": "In particular , understanding how variation in HLA may affect the course of COVID-19 could help identify individuals at higher risk from the disease .", "Evidence Elements": {"Participant": [], "Intervention": [], "Outcome": []}, "Evidence Propositions": []}, {"Section": "CONCLUSIONS", "Text": "HLA typing can be fast and inexpensive .", "Evidence Elements": {"Participant": [], "Intervention": [], "Outcome": []}, "Evidence Propositions": []}, {"Section": "CONCLUSIONS", "Text": "Pairing HLA typing with COVID-19 testing where feasible could improve assessment of severity of viral disease in the population .", "Evidence Elements": {"Participant": [], "Intervention": [], "Outcome": []}, "Evidence Propositions": []}, {"Section": "CONCLUSIONS", "Text": "Following the development of a vaccine against SARS-CoV-2 , the virus that causes COVID-19 , individuals with high-risk HLA types could be prioritized for vaccination .", "Evidence Elements": {"Participant": [], "Intervention": [], "Outcome": []}, "Evidence Propositions": []}]}