{"doc_id": "32318665", "type of study": "Therapy", "title": "", "abstract": "Since December 2019, an outbreak of the Corona Virus disease 2019 (COVID-19) caused by severe acute respiratory syndrome coronavirus (SARS-CoV-2) in Wuhan, China, has become a public health emergency of international concern.\nThe high fatality of aged cases caused by SARS-CoV-2 was a need to explore the possible age-related phenomena with non-human primate models.\nThree 3-5 years old and two 15 years old rhesus macaques were intratracheally infected with SARS-CoV-2, and then analyzed by clinical signs, viral replication, chest X-ray, histopathological changes and immune response.\nViral replication of nasopharyngeal swabs, anal swabs and lung in old monkeys was more active than that in young monkeys for 14 days after SARS-CoV-2 challenge.\nMonkeys developed typical interstitial pneumonia characterized by thickened alveolar septum accompanied with inflammation and edema, notably, old monkeys exhibited diffuse severe interstitial pneumonia.\nViral antigens were detected mainly in alveolar epithelial cells and macrophages.\nSARS-CoV-2 caused more severe interstitial pneumonia in old monkeys than that in young monkeys.\nRhesus macaque models infected with SARS-CoV-2 provided insight into the pathogenic mechanism and facilitated the development of vaccines and therapeutics against SARS-CoV-2 infection.\n", "Evidence Map": {"Enrollment": [{"term": "SARS-CoV-2", "negation": "affirmed", "UMLS": "", "start": 92, "end": 102}, {"term": "Monkeys", "negation": "affirmed", "UMLS": "", "start": 0, "end": 7}, {"term": "old monkeys", "negation": "affirmed", "UMLS": "", "start": 144, "end": 155}, {"term": "old monkeys", "negation": "affirmed", "UMLS": "", "start": 56, "end": 67}, {"term": "young monkeys", "negation": "affirmed", "UMLS": "", "start": 81, "end": 94}], "Comparison Results": [], "Study Arm 1 Results": [], "Study Arm 2 Results": []}, "Sentence-level breakdown": [{"Section": "TITLE", "Text": "Since December 2019 , an outbreak of the Corona Virus disease 2019 ( COVID-19 ) caused by severe acute respiratory syndrome coronavirus ( SARS-CoV-2 ) in Wuhan , China , has become a public health emergency of international concern .", "Evidence Elements": {"Participant": [], "Intervention": [], "Outcome": []}, "Evidence Propositions": []}, {"Section": "OBJECTIVE", "Text": "The high fatality of aged cases caused by SARS-CoV-2 was a need to explore the possible age-related phenomena with non-human primate models .", "Evidence Elements": {"Participant": [], "Intervention": [], "Outcome": []}, "Evidence Propositions": []}, {"Section": "METHODS", "Text": "Three 3-5 years old and two 15 years old rhesus macaques were intratracheally infected with SARS-CoV-2 , and then analyzed by clinical signs , viral replication , chest X-ray , histopathological changes and immune response .", "Evidence Elements": {"Participant": [{"term": "SARS-CoV-2", "negation": "affirmed", "UMLS": "", "start": 92, "end": 102}], "Intervention": [], "Outcome": [{"term": "clinical signs", "negation": "affirmed", "UMLS": "", "start": 126, "end": 140}, {"term": "viral replication", "negation": "affirmed", "UMLS": "", "start": 143, "end": 160}, {"term": "chest X-ray", "negation": "affirmed", "UMLS": "", "start": 163, "end": 174}, {"term": "histopathological", "negation": "affirmed", "UMLS": "", "start": 177, "end": 194}]}, "Evidence Propositions": []}, {"Section": "RESULTS", "Text": "Viral replication of nasopharyngeal swabs , anal swabs and lung in old monkeys was more active than that in young monkeys for 14 days after SARS-CoV-2 challenge .", "Evidence Elements": {"Participant": [], "Intervention": [{"term": "old monkeys", "negation": "affirmed", "UMLS": "", "start": 67, "end": 78}, {"term": "young monkeys", "negation": "affirmed", "UMLS": "", "start": 108, "end": 121}, {"term": "SARS-CoV-2", "negation": "affirmed", "UMLS": "", "start": 140, "end": 150}], "Outcome": [{"term": "Viral replication of", "negation": "affirmed", "UMLS": "", "start": 0, "end": 20}, {"term": "swabs", "negation": "affirmed", "UMLS": "", "start": 36, "end": 41}, {"term": "swabs", "negation": "affirmed", "UMLS": "", "start": 36, "end": 41}]}, "Evidence Propositions": [{"Intervention": ["old monkeys", "young monkeys", "SARS-CoV-2"], "Observation": "more active", "Outcome": "Viral replication of", "Count": ""}, {"Intervention": ["old monkeys", "young monkeys", "SARS-CoV-2"], "Observation": "more active", "Outcome": "swabs", "Count": ""}, {"Intervention": ["old monkeys", "young monkeys", "SARS-CoV-2"], "Observation": "more active", "Outcome": "swabs", "Count": ""}]}, {"Section": "RESULTS", "Text": "Monkeys developed typical interstitial pneumonia characterized by thickened alveolar septum accompanied with inflammation and edema , notably , old monkeys exhibited diffuse severe interstitial pneumonia .", "Evidence Elements": {"Participant": [{"term": "Monkeys", "negation": "affirmed", "UMLS": "", "start": 0, "end": 7}, {"term": "old monkeys", "negation": "affirmed", "UMLS": "", "start": 144, "end": 155}], "Intervention": [], "Outcome": [{"term": "typical interstitial pneumonia", "negation": "affirmed", "UMLS": "", "start": 18, "end": 48}, {"term": "thickened", "negation": "affirmed", "UMLS": "", "start": 66, "end": 75}, {"term": "inflammation", "negation": "affirmed", "UMLS": "", "start": 109, "end": 121}, {"term": "diffuse severe", "negation": "affirmed", "UMLS": "", "start": 166, "end": 180}]}, "Evidence Propositions": []}, {"Section": "RESULTS", "Text": "Viral antigens were detected mainly in alveolar epithelial cells and macrophages .", "Evidence Elements": {"Participant": [], "Intervention": [], "Outcome": [{"term": "Viral antigens", "negation": "affirmed", "UMLS": "", "start": 0, "end": 14}, {"term": "alveolar epithelial cells", "negation": "affirmed", "UMLS": "", "start": 39, "end": 64}, {"term": "macrophages", "negation": "affirmed", "UMLS": "", "start": 69, "end": 80}]}, "Evidence Propositions": []}, {"Section": "CONCLUSIONS", "Text": "SARS-CoV-2 caused more severe interstitial pneumonia in old monkeys than that in young monkeys .", "Evidence Elements": {"Participant": [{"term": "old monkeys", "negation": "affirmed", "UMLS": "", "start": 56, "end": 67}, {"term": "young monkeys", "negation": "affirmed", "UMLS": "", "start": 81, "end": 94}], "Intervention": [{"term": "SARS-CoV-2", "negation": "affirmed", "UMLS": "", "start": 0, "end": 10}], "Outcome": [{"term": "severe interstitial pneumonia", "negation": "affirmed", "UMLS": "", "start": 23, "end": 52}]}, "Evidence Propositions": []}, {"Section": "CONCLUSIONS", "Text": "Rhesus macaque models infected with SARS-CoV-2 provided insight into the pathogenic mechanism and facilitated the development of vaccines and therapeutics against SARS-CoV-2 infection .", "Evidence Elements": {"Participant": [], "Intervention": [], "Outcome": []}, "Evidence Propositions": []}]}