{"doc_id": "32312290", "type of study": "Therapy", "title": "", "abstract": "COVID-19 threatens to quickly overwhelm our existing critical care infrastructure in the USA.\nSystemic tissue plasminogen activator (tPA) has been previously demonstrated to improve PaO2/FiO2 (mmHg) when given to critically ill patients with acute respiratory distress syndrome (ARDS).\nIt is unclear to what extent tPA may impact population-based survival during the current US COVID-19 pandemic.\nA decision analytic Markov state transition model was created to simulate the life critically ill COVID-19 patients as they transitioned to either recovery or death.\nTwo patient groups were simulated (50,000 patients in each group); (1) Patients received tPA immediately upon diagnosis of ARDS and (2) patients received standard therapy for ARDS.\nBase case critically ill COVID-19 patients were defined as having a refractory PaO2/FiO2 of < 60 mmHg (salvage use criteria).\nTransition from severe to moderate to mild ARDS, recovery, and death were estimated.\nMarkov model parameters were extracted from existing ARDS/COVID-19 literature.\nThe use of tPA was associated with reduced mortality (47.6% [tTPA] vs. 71.0% [no tPA]) for base case patients.\nWhen extrapolated to the projected COVID-19 eligible for salvage use tPA in the USA, peak mortality (deaths/100,000 patients) was reduced for both optimal social distancing (70.5 [tPA] vs. 75.0 [no tPA]) and no social distancing (158.7 [tPA] vs. 168.8 [no tPA]) scenarios.\nSalvage use of tPA may improve recovery of ARDS patients, thereby reducing COVID-19-related mortality and ensuring sufficient resources to manage this pandemic.\n", "Evidence Map": {"Enrollment": [{"term": "life critically ill COVID-19", "negation": "affirmed", "UMLS": "", "start": 78, "end": 106}, {"term": "ARDS", "negation": "affirmed", "UMLS": "", "start": 128, "end": 132}, {"term": "Base case critically ill COVID-19", "negation": "affirmed", "UMLS": "", "start": 0, "end": 33}, {"term": "refractory", "negation": "affirmed", "UMLS": "", "start": 68, "end": 78}, {"term": "FiO2 of < 60 mmHg", "negation": "affirmed", "UMLS": "", "start": 86, "end": 103}, {"term": "ARDS", "negation": "affirmed", "UMLS": "", "start": 43, "end": 47}], "Comparison Results": [], "Study Arm 1 Results": [], "Study Arm 2 Results": []}, "Sentence-level breakdown": [{"Section": "TITLE", "Text": "COVID-19 threatens to quickly overwhelm our existing critical care infrastructure in the USA .", "Evidence Elements": {"Participant": [], "Intervention": [], "Outcome": []}, "Evidence Propositions": []}, {"Section": "METHODS", "Text": "A decision analytic Markov state transition model was created to simulate the life critically ill COVID-19 patients as they transitioned to either recovery or death .", "Evidence Elements": {"Participant": [{"term": "life critically ill COVID-19", "negation": "affirmed", "UMLS": "", "start": 78, "end": 106}], "Intervention": [], "Outcome": []}, "Evidence Propositions": []}, {"Section": "METHODS", "Text": "Two patient groups were simulated ( 50,000 patients in each group ) ; ( 1 ) Patients received tPA immediately upon diagnosis of ARDS and ( 2 ) patients received standard therapy for ARDS .", "Evidence Elements": {"Participant": [{"term": "ARDS", "negation": "affirmed", "UMLS": "", "start": 128, "end": 132}], "Intervention": [{"term": "tPA", "negation": "affirmed", "UMLS": "", "start": 94, "end": 97}], "Outcome": []}, "Evidence Propositions": []}, {"Section": "METHODS", "Text": "Base case critically ill COVID-19 patients were defined as having a refractory PaO2 / FiO2 of < 60 mmHg ( salvage use criteria ) .", "Evidence Elements": {"Participant": [{"term": "Base case critically ill COVID-19", "negation": "affirmed", "UMLS": "", "start": 0, "end": 33}, {"term": "refractory", "negation": "affirmed", "UMLS": "", "start": 68, "end": 78}, {"term": "FiO2 of < 60 mmHg", "negation": "affirmed", "UMLS": "", "start": 86, "end": 103}], "Intervention": [], "Outcome": []}, "Evidence Propositions": []}, {"Section": "METHODS", "Text": "Transition from severe to moderate to mild ARDS , recovery , and death were estimated .", "Evidence Elements": {"Participant": [], "Intervention": [], "Outcome": [{"term": "Transition from severe to moderate to mild ARDS", "negation": "affirmed", "UMLS": "", "start": 0, "end": 47}, {"term": "recovery", "negation": "affirmed", "UMLS": "", "start": 50, "end": 58}, {"term": "death", "negation": "affirmed", "UMLS": "", "start": 65, "end": 70}]}, "Evidence Propositions": []}, {"Section": "METHODS", "Text": "Markov model parameters were extracted from existing ARDS / COVID-19 literature .", "Evidence Elements": {"Participant": [], "Intervention": [], "Outcome": [{"term": "Markov model parameters", "negation": "affirmed", "UMLS": "", "start": 0, "end": 23}]}, "Evidence Propositions": []}, {"Section": "RESULTS", "Text": "The use of tPA was associated with reduced mortality ( 47.6 % [ tTPA ] vs . 71.0 % [ no tPA ] ) for base case patients .", "Evidence Elements": {"Participant": [], "Intervention": [{"term": "tPA", "negation": "negated", "UMLS": "", "start": 11, "end": 14}, {"term": "tTPA", "negation": "affirmed", "UMLS": "", "start": 64, "end": 68}], "Outcome": [{"term": "mortality", "negation": "affirmed", "UMLS": "", "start": 43, "end": 52}]}, "Evidence Propositions": []}, {"Section": "RESULTS", "Text": "When extrapolated to the projected COVID-19 eligible for salvage use tPA in the USA , peak mortality ( deaths / 100,000 patients ) was reduced for both optimal social distancing ( 70.5 [ tPA ] vs . 75.0 [ no tPA ] ) and no social distancing ( 158.7 [ tPA ] vs . 168.8 [ no tPA ] ) scenarios .", "Evidence Elements": {"Participant": [], "Intervention": [{"term": "optimal social distancing", "negation": "affirmed", "UMLS": "", "start": 152, "end": 177}], "Outcome": [{"term": "peak mortality", "negation": "affirmed", "UMLS": "", "start": 86, "end": 100}]}, "Evidence Propositions": [{"Intervention": "optimal social distancing", "Observation": "reduced", "Outcome": "peak mortality", "Count": ""}]}, {"Section": "CONCLUSIONS", "Text": "Salvage use of tPA may improve recovery of ARDS patients , thereby reducing COVID-19-related mortality and ensuring sufficient resources to manage this pandemic .", "Evidence Elements": {"Participant": [{"term": "ARDS", "negation": "affirmed", "UMLS": "", "start": 43, "end": 47}], "Intervention": [{"term": "Salvage use of tPA", "negation": "affirmed", "UMLS": "", "start": 0, "end": 18}], "Outcome": [{"term": "recovery", "negation": "affirmed", "UMLS": "", "start": 31, "end": 39}, {"term": "COVID-19-related mortality", "negation": "affirmed", "UMLS": "", "start": 76, "end": 102}]}, "Evidence Propositions": []}]}