{"doc_id": "32314249", "type of study": "Therapy", "title": "", "abstract": "There is no data on patients with severe obesity who developed coronavirus disease 2019 (COVID-19) after bariatric surgery.\nFour gastric bypass operations, performed in a 2-week period between Feb 24 and March 4, 2020, in Tehran, Iran, were complicated with COVID-19.\nThe mean age and body mass index were 46 +- 12 years and 49 +- 3 kg/m2.\nPatients developed their symptoms (fever, cough, dyspnea, and fatigue) 1, 2, 4, and 14 days after surgery.\nOne patient had unnoticed anosmia 2 days before surgery.\nThree patients were readmitted in hospital.\nAll 4 patients were treated with hydroxychloroquine.\nIn two patients who required admission in intensive care unit, other off-label therapies including antiretroviral and immunosuppressive agents were also administered.\nAll patients survived.\nIn conclusion, COVID-19 can complicate the postoperative course of patients after bariatric surgery.\nCorrect diagnosis and management in the postoperative setting would be challenging.\nTiming of infection after surgery in our series would raise the possibility of hospital transmission of COVID-19: from asymptomatic patients at the time of bariatric surgery to the healthcare workers versus acquiring the COVID-19 infection by non-infected patients in the perioperative period.\n", "Evidence Map": {"Enrollment": [{"term": "severe obesity", "negation": "negated", "UMLS": "", "start": 34, "end": 48}, {"term": "coronavirus disease 2019 ( COVID-19", "negation": "affirmed", "UMLS": "", "start": 63, "end": 98}, {"term": "gastric bypass operations", "negation": "affirmed", "UMLS": "", "start": 5, "end": 30}, {"term": "symptoms", "negation": "affirmed", "UMLS": "", "start": 25, "end": 33}, {"term": "fever", "negation": "affirmed", "UMLS": "", "start": 36, "end": 41}, {"term": "cough", "negation": "affirmed", "UMLS": "", "start": 44, "end": 49}, {"term": "dyspnea", "negation": "affirmed", "UMLS": "", "start": 52, "end": 59}, {"term": "fatigue", "negation": "affirmed", "UMLS": "", "start": 66, "end": 73}, {"term": "admission in intensive care unit", "negation": "affirmed", "UMLS": "", "start": 29, "end": 61}, {"term": "bariatric", "negation": "affirmed", "UMLS": "", "start": 83, "end": 92}, {"term": "bariatric surgery", "negation": "affirmed", "UMLS": "", "start": 157, "end": 174}], "Comparison Results": [], "Study Arm 1 Results": [], "Study Arm 2 Results": []}, "Sentence-level breakdown": [{"Section": "TITLE", "Text": "There is no data on patients with severe obesity who developed coronavirus disease 2019 ( COVID-19 ) after bariatric surgery .", "Evidence Elements": {"Participant": [{"term": "severe obesity", "negation": "negated", "UMLS": "", "start": 34, "end": 48}, {"term": "coronavirus disease 2019 ( COVID-19", "negation": "affirmed", "UMLS": "", "start": 63, "end": 98}], "Intervention": [], "Outcome": []}, "Evidence Propositions": []}, {"Section": "METHODS", "Text": "Four gastric bypass operations , performed in a 2-week period between Feb 24 and March 4 , 2020 , in Tehran , Iran , were complicated with COVID-19 .", "Evidence Elements": {"Participant": [{"term": "gastric bypass operations", "negation": "affirmed", "UMLS": "", "start": 5, "end": 30}], "Intervention": [], "Outcome": []}, "Evidence Propositions": []}, {"Section": "METHODS", "Text": "The mean age and body mass index were 46 +-12 years and 49 +-3 kg / m2 .", "Evidence Elements": {"Participant": [], "Intervention": [], "Outcome": []}, "Evidence Propositions": []}, {"Section": "METHODS", "Text": "Patients developed their symptoms ( fever , cough , dyspnea , and fatigue ) 1 , 2 , 4 , and 14 days after surgery .", "Evidence Elements": {"Participant": [{"term": "symptoms", "negation": "affirmed", "UMLS": "", "start": 25, "end": 33}, {"term": "fever", "negation": "affirmed", "UMLS": "", "start": 36, "end": 41}, {"term": "cough", "negation": "affirmed", "UMLS": "", "start": 44, "end": 49}, {"term": "dyspnea", "negation": "affirmed", "UMLS": "", "start": 52, "end": 59}, {"term": "fatigue", "negation": "affirmed", "UMLS": "", "start": 66, "end": 73}], "Intervention": [], "Outcome": []}, "Evidence Propositions": []}, {"Section": "METHODS", "Text": "One patient had unnoticed anosmia 2 days before surgery .", "Evidence Elements": {"Participant": [], "Intervention": [], "Outcome": [{"term": "unnoticed anosmia", "negation": "affirmed", "UMLS": "", "start": 16, "end": 33}]}, "Evidence Propositions": []}, {"Section": "METHODS", "Text": "Three patients were readmitted in hospital .", "Evidence Elements": {"Participant": [], "Intervention": [], "Outcome": [{"term": "readmitted in hospital", "negation": "affirmed", "UMLS": "", "start": 20, "end": 42}]}, "Evidence Propositions": []}, {"Section": "METHODS", "Text": "All 4 patients were treated with hydroxychloroquine .", "Evidence Elements": {"Participant": [], "Intervention": [{"term": "hydroxychloroquine", "negation": "affirmed", "UMLS": "", "start": 33, "end": 51}], "Outcome": []}, "Evidence Propositions": []}, {"Section": "METHODS", "Text": "In two patients who required admission in intensive care unit , other off-label therapies including antiretroviral and immunosuppressive agents were also administered .", "Evidence Elements": {"Participant": [{"term": "admission in intensive care unit", "negation": "affirmed", "UMLS": "", "start": 29, "end": 61}], "Intervention": [], "Outcome": []}, "Evidence Propositions": []}, {"Section": "METHODS", "Text": "All patients survived .", "Evidence Elements": {"Participant": [], "Intervention": [], "Outcome": [{"term": "survived", "negation": "affirmed", "UMLS": "", "start": 13, "end": 21}]}, "Evidence Propositions": []}, {"Section": "CONCLUSIONS", "Text": "In conclusion , COVID-19 can complicate the postoperative course of patients after bariatric surgery .", "Evidence Elements": {"Participant": [{"term": "bariatric", "negation": "affirmed", "UMLS": "", "start": 83, "end": 92}], "Intervention": [{"term": "COVID-19", "negation": "affirmed", "UMLS": "", "start": 16, "end": 24}], "Outcome": [{"term": "postoperative course", "negation": "affirmed", "UMLS": "", "start": 44, "end": 64}]}, "Evidence Propositions": [{"Intervention": "COVID-19", "Observation": "complicate", "Outcome": "postoperative course", "Count": ""}]}, {"Section": "CONCLUSIONS", "Text": "Correct diagnosis and management in the postoperative setting would be challenging .", "Evidence Elements": {"Participant": [], "Intervention": [], "Outcome": []}, "Evidence Propositions": []}, {"Section": "CONCLUSIONS", "Text": "Timing of infection after surgery in our series would raise the possibility of hospital transmission of COVID-19 : from asymptomatic patients at the time of bariatric surgery to the healthcare workers versus acquiring the COVID-19 infection by non-infected patients in the perioperative period .", "Evidence Elements": {"Participant": [{"term": "bariatric surgery", "negation": "affirmed", "UMLS": "", "start": 157, "end": 174}], "Intervention": [], "Outcome": [{"term": "infection", "negation": "affirmed", "UMLS": "", "start": 10, "end": 19}]}, "Evidence Propositions": []}]}