{"doc_id": "32315171", "type of study": "Therapy", "title": "", "abstract": "The recent outbreak of novel coronavirus disease-19 (COVID-19) calls for and welcomes possible treatment strategies using drugs on the market.\nIt is very efficient to apply computer-aided drug design techniques to quickly identify promising drug repurposing candidates, especially after the detailed 3D structures of key viral proteins are resolved.\nThe virus causing COVID-19 is SARS-CoV-2.\nTaking advantage of a recently released crystal structure of SARS-CoV-2 main protease in complex with a covalently bonded inhibitor, N3 (Liu et al., 10.2210/pdb6LU7/pdb), I conducted virtual docking screening of approved drugs and drug candidates in clinical trials.\nFor the top docking hits, I then performed molecular dynamics simulations followed by binding free energy calculations using an end point method called MM-PBSA-WSAS (molecular mechanics/Poisson-Boltzmann surface area/weighted solvent-accessible surface area; , , , ; , , , ; , , , ).\nSeveral promising known drugs stand out as potential inhibitors of SARS-CoV-2 main protease, including carfilzomib, eravacycline, valrubicin, lopinavir, and elbasvir.\nCarfilzomib, an approved anticancer drug acting as a proteasome inhibitor, has the best MM-PBSA-WSAS binding free energy, -13.8 kcal/mol.\nThe second-best repurposing drug candidate, eravacycline, is synthetic halogenated tetracycline class antibiotic.\nStreptomycin, another antibiotic and a charged molecule, also demonstrates some inhibitory effect, even though the predicted binding free energy of the charged form (-3.8 kcal/mol) is not nearly as low as that of the neutral form (-7.9 kcal/mol).\nOne bioactive, PubChem 23727975, has a binding free energy of -12.9 kcal/mol.\nDetailed receptor-ligand interactions were analyzed and hot spots for the receptor-ligand binding were identified.\nI found that one hot spot residue, His41, is a conserved residue across many viruses including SARS-CoV, SARS-CoV-2, MERS-CoV, and hepatitis C virus (HCV).\nThe findings of this study can facilitate rational drug design targeting the SARS-CoV-2 main protease.\n", "Evidence Map": {"Enrollment": [], "Comparison Results": [], "Study Arm 1 Results": [], "Study Arm 2 Results": []}, "Sentence-level breakdown": [{"Section": "TITLE", "Text": "The recent outbreak of novel coronavirus disease-19 ( COVID-19 ) calls for and welcomes possible treatment strategies using drugs on the market .", "Evidence Elements": {"Participant": [], "Intervention": [], "Outcome": []}, "Evidence Propositions": []}, {"Section": "RESULTS", "Text": "Taking advantage of a recently released crystal structure of SARS-CoV-2 main protease in complex with a covalently bonded inhibitor , N3 ( Liu et al. , 10.2210 / pdb6LU7 / pdb ) , I conducted virtual docking screening of approved drugs and drug candidates in clinical trials .", "Evidence Elements": {"Participant": [], "Intervention": [], "Outcome": []}, "Evidence Propositions": []}, {"Section": "RESULTS", "Text": "For the top docking hits , I then performed molecular dynamics simulations followed by binding free energy calculations using an end point method called MM-PBSA-WSAS ( molecular mechanics / Poisson-Boltzmann surface area / weighted solvent-accessible surface area ; , , , ; , , , ; , , , ) .", "Evidence Elements": {"Participant": [], "Intervention": [{"term": "MM-PBSA-WSAS", "negation": "affirmed", "UMLS": "", "start": 153, "end": 165}], "Outcome": [{"term": "binding free energy", "negation": "affirmed", "UMLS": "", "start": 87, "end": 106}]}, "Evidence Propositions": []}, {"Section": "RESULTS", "Text": "Several promising known drugs stand out as potential inhibitors of SARS-CoV-2 main protease , including carfilzomib , eravacycline , valrubicin , lopinavir , and elbasvir .", "Evidence Elements": {"Participant": [], "Intervention": [], "Outcome": []}, "Evidence Propositions": []}, {"Section": "RESULTS", "Text": "Carfilzomib , an approved anticancer drug acting as a proteasome inhibitor , has the best MM-PBSA-WSAS binding free energy , -13.8 kcal / mol .", "Evidence Elements": {"Participant": [], "Intervention": [{"term": "Carfilzomib", "negation": "negated", "UMLS": "", "start": 0, "end": 11}], "Outcome": [{"term": "MM-PBSA-WSAS binding free energy", "negation": "affirmed", "UMLS": "", "start": 90, "end": 122}]}, "Evidence Propositions": [{"Intervention": [], "Observation": "best", "Outcome": "", "Count": ""}]}, {"Section": "RESULTS", "Text": "The second-best repurposing drug candidate , eravacycline , is synthetic halogenated tetracycline class antibiotic .", "Evidence Elements": {"Participant": [], "Intervention": [], "Outcome": []}, "Evidence Propositions": []}, {"Section": "RESULTS", "Text": "Streptomycin , another antibiotic and a charged molecule , also demonstrates some inhibitory effect , even though the predicted binding free energy of the charged form ( -3.8 kcal / mol ) is not nearly as low as that of the neutral form ( -7.9 kcal / mol ) .", "Evidence Elements": {"Participant": [], "Intervention": [{"term": "Streptomycin", "negation": "affirmed", "UMLS": "", "start": 0, "end": 12}, {"term": "charged form", "negation": "affirmed", "UMLS": "", "start": 155, "end": 167}, {"term": "neutral", "negation": "negated", "UMLS": "", "start": 224, "end": 231}], "Outcome": [{"term": "inhibitory effect", "negation": "affirmed", "UMLS": "", "start": 82, "end": 99}, {"term": "predicted", "negation": "negated", "UMLS": "", "start": 118, "end": 127}, {"term": "binding free energy", "negation": "affirmed", "UMLS": "", "start": 128, "end": 147}]}, "Evidence Propositions": []}, {"Section": "RESULTS", "Text": "One bioactive , PubChem 23727975 , has a binding free energy of -12.9 kcal / mol .", "Evidence Elements": {"Participant": [], "Intervention": [], "Outcome": []}, "Evidence Propositions": []}, {"Section": "RESULTS", "Text": "Detailed receptor-ligand interactions were analyzed and hot spots for the receptor-ligand binding were identified .", "Evidence Elements": {"Participant": [], "Intervention": [], "Outcome": [{"term": "Detailed", "negation": "affirmed", "UMLS": "", "start": 0, "end": 8}, {"term": "interactions", "negation": "affirmed", "UMLS": "", "start": 25, "end": 37}, {"term": "receptor-ligand binding", "negation": "affirmed", "UMLS": "", "start": 74, "end": 97}]}, "Evidence Propositions": []}, {"Section": "RESULTS", "Text": "I found that one hot spot residue , His41 , is a conserved residue across many viruses including SARS-CoV , SARS-CoV-2 , MERS-CoV , and hepatitis C virus ( HCV ) .", "Evidence Elements": {"Participant": [], "Intervention": [], "Outcome": []}, "Evidence Propositions": []}, {"Section": "CONCLUSIONS", "Text": "The findings of this study can facilitate rational drug design targeting the SARS-CoV-2 main protease .", "Evidence Elements": {"Participant": [], "Intervention": [], "Outcome": []}, "Evidence Propositions": []}]}