{"doc_id": "32317180", "type of study": "Therapy", "title": "", "abstract": "Previous studies on coronavirus disease 2019 (COVID-19) have focused on populations with normal immunity, but lack data on immunocompromised populations.\nTo evaluate the clinical features and outcomes of COVID-19 pneumonia in kidney transplant recipients.\nA total of 10 renal transplant recipients with laboratory-confirmed COVID-19 pneumonia were enrolled in this retrospective study.\nIn addition, 10 of their family members diagnosed with COVID-19 pneumonia were included in the control group.\nImmunosuppressant reduction and low-dose methylprednisolone therapy.\nThe clinical outcomes (the severity of pneumonia, recovery rate, time of virus shedding, and length of illness) were compared with the control group by statistical analysis.\nThe clinical symptomatic, laboratory, and radiological characteristics of COVID-19 pneumonia in the renal transplant recipients were similar to those of severe COVID-19 pneumonia in the general population.\nThe severity of COVID-19 pneumonia was greater in the transplant recipients than in the control group (five severe/three critical cases vs one severe case).\nFive patients developed transient renal allograft damage.\nAfter a longer time of virus shedding (28.4 +- 9.3 vs 12.2 +- 4.6 d in the control group) and a longer course of illness (35.3 +- 8.3 vs 18.8 +- 10.5 d in the control group), nine of the 10 transplant patients recovered successfully after treatment.\nOne patient developed acute renal graft failure and died of progressive respiratory failure.\nKidney transplant recipients had more severe COVID-19 pneumonia than the general population, but most of them recovered after a prolonged clinical course and virus shedding.\nFindings from this small group of cases may have important implications for the treatment of COVID-19 pneumonia in immunosuppressed populations.\nImmunosuppressed transplant recipients with coronavirus disease 2019 infection had more severe pneumonia, but most of them still achieved a good prognosis after appropriate treatment.\nImmunosuppressed renal transplant recipients with coronavirus disease 2019 infection had more severe pneumonia than the general population.\nMost patients could recover following a treatment regimen consisting of reduced immunosuppressant use, low-dose methylprednisolone therapy, and protection of renal graft function.\n", "Evidence Map": {"Enrollment": [{"term": "COVID-19 pneumonia", "negation": "affirmed", "UMLS": "", "start": 50, "end": 68}, {"term": "kidney transplant recipients", "negation": "affirmed", "UMLS": "", "start": 72, "end": 100}, {"term": "renal transplant recipients", "negation": "affirmed", "UMLS": "", "start": 14, "end": 41}, {"term": "laboratory-confirmed COVID-19 pneumonia", "negation": "affirmed", "UMLS": "", "start": 47, "end": 86}, {"term": "COVID-19 pneumonia", "negation": "affirmed", "UMLS": "", "start": 56, "end": 74}, {"term": "COVID-19 pneumonia", "negation": "affirmed", "UMLS": "", "start": 76, "end": 94}, {"term": "renal transplant recipients", "negation": "affirmed", "UMLS": "", "start": 102, "end": 129}, {"term": "severe COVID-19 pneumonia", "negation": "affirmed", "UMLS": "", "start": 155, "end": 180}, {"term": "Kidney transplant recipients", "negation": "affirmed", "UMLS": "", "start": 0, "end": 28}, {"term": "general population", "negation": "affirmed", "UMLS": "", "start": 73, "end": 91}, {"term": "Immunosuppressed transplant recipients", "negation": "affirmed", "UMLS": "", "start": 0, "end": 38}, {"term": "disease 2019 infection", "negation": "affirmed", "UMLS": "", "start": 56, "end": 78}, {"term": "Immunosuppressed renal transplant recipients", "negation": "affirmed", "UMLS": "", "start": 0, "end": 44}, {"term": "coronavirus disease 2019 infection", "negation": "affirmed", "UMLS": "", "start": 50, "end": 84}, {"term": "general population", "negation": "affirmed", "UMLS": "", "start": 120, "end": 138}], "Comparison Results": [], "Study Arm 1 Results": [], "Study Arm 2 Results": []}, "Sentence-level breakdown": [{"Section": "TITLE", "Text": "Previous studies on coronavirus disease 2019 ( COVID-19 ) have focused on populations with normal immunity , but lack data on immunocompromised populations .", "Evidence Elements": {"Participant": [], "Intervention": [], "Outcome": []}, "Evidence Propositions": []}, {"Section": "OBJECTIVE", "Text": "To evaluate the clinical features and outcomes of COVID-19 pneumonia in kidney transplant recipients .", "Evidence Elements": {"Participant": [{"term": "COVID-19 pneumonia", "negation": "affirmed", "UMLS": "", "start": 50, "end": 68}, {"term": "kidney transplant recipients", "negation": "affirmed", "UMLS": "", "start": 72, "end": 100}], "Intervention": [], "Outcome": [{"term": "clinical features", "negation": "affirmed", "UMLS": "", "start": 16, "end": 33}, {"term": "outcomes", "negation": "affirmed", "UMLS": "", "start": 38, "end": 46}]}, "Evidence Propositions": []}, {"Section": "METHODS", "Text": "A total of 10 renal transplant recipients with laboratory-confirmed COVID-19 pneumonia were enrolled in this retrospective study .", "Evidence Elements": {"Participant": [{"term": "renal transplant recipients", "negation": "affirmed", "UMLS": "", "start": 14, "end": 41}, {"term": "laboratory-confirmed COVID-19 pneumonia", "negation": "affirmed", "UMLS": "", "start": 47, "end": 86}], "Intervention": [], "Outcome": []}, "Evidence Propositions": []}, {"Section": "METHODS", "Text": "In addition , 10 of their family members diagnosed with COVID-19 pneumonia were included in the control group .", "Evidence Elements": {"Participant": [{"term": "COVID-19 pneumonia", "negation": "affirmed", "UMLS": "", "start": 56, "end": 74}], "Intervention": [], "Outcome": []}, "Evidence Propositions": []}, {"Section": "METHODS", "Text": "Immunosuppressant reduction and low-dose methylprednisolone therapy .", "Evidence Elements": {"Participant": [], "Intervention": [{"term": "Immunosuppressant reduction", "negation": "affirmed", "UMLS": "", "start": 0, "end": 27}, {"term": "low-dose methylprednisolone therapy", "negation": "affirmed", "UMLS": "", "start": 32, "end": 67}], "Outcome": []}, "Evidence Propositions": []}, {"Section": "METHODS", "Text": "The clinical outcomes ( the severity of pneumonia , recovery rate , time of virus shedding , and length of illness ) were compared with the control group by statistical analysis .", "Evidence Elements": {"Participant": [], "Intervention": [], "Outcome": [{"term": "clinical outcomes", "negation": "affirmed", "UMLS": "", "start": 4, "end": 21}, {"term": "severity of pneumonia", "negation": "affirmed", "UMLS": "", "start": 28, "end": 49}, {"term": "recovery rate", "negation": "affirmed", "UMLS": "", "start": 52, "end": 65}, {"term": "time of virus shedding", "negation": "affirmed", "UMLS": "", "start": 68, "end": 90}, {"term": "length of illness", "negation": "affirmed", "UMLS": "", "start": 97, "end": 114}]}, "Evidence Propositions": []}, {"Section": "RESULTS", "Text": "The clinical symptomatic , laboratory , and radiological characteristics of COVID-19 pneumonia in the renal transplant recipients were similar to those of severe COVID-19 pneumonia in the general population .", "Evidence Elements": {"Participant": [{"term": "COVID-19 pneumonia", "negation": "affirmed", "UMLS": "", "start": 76, "end": 94}, {"term": "renal transplant recipients", "negation": "affirmed", "UMLS": "", "start": 102, "end": 129}, {"term": "severe COVID-19 pneumonia", "negation": "affirmed", "UMLS": "", "start": 155, "end": 180}], "Intervention": [], "Outcome": [{"term": "clinical symptomatic , laboratory , and radiological characteristics", "negation": "affirmed", "UMLS": "", "start": 4, "end": 72}]}, "Evidence Propositions": [{"Intervention": [], "Observation": "similar", "Outcome": "clinical symptomatic , laboratory , and radiological characteristics", "Count": ""}]}, {"Section": "RESULTS", "Text": "The severity of COVID-19 pneumonia was greater in the transplant recipients than in the control group ( five severe / three critical cases vs one severe case ) .", "Evidence Elements": {"Participant": [], "Intervention": [{"term": "transplant recipients", "negation": "affirmed", "UMLS": "", "start": 54, "end": 75}, {"term": "control", "negation": "affirmed", "UMLS": "", "start": 88, "end": 95}], "Outcome": [{"term": "severity of COVID-19 pneumonia", "negation": "affirmed", "UMLS": "", "start": 4, "end": 34}]}, "Evidence Propositions": [{"Intervention": ["transplant recipients", "control"], "Observation": "greater", "Outcome": "severity of COVID-19 pneumonia", "Count": ""}, {"Intervention": "control", "Observation": "", "Count": "one severe", "Outcome": "severity of COVID-19 pneumonia"}]}, {"Section": "RESULTS", "Text": "Five patients developed transient renal allograft damage .", "Evidence Elements": {"Participant": [], "Intervention": [], "Outcome": [{"term": "transient renal allograft damage", "negation": "affirmed", "UMLS": "", "start": 24, "end": 56}]}, "Evidence Propositions": []}, {"Section": "RESULTS", "Text": "After a longer time of virus shedding ( 28.4 +- 9.3 vs 12.2 +-4.6 d in the control group ) and a longer course of illness ( 35.3 +-8.3 vs 18.8 +- 10.5 d in the control group ) , nine of the 10 transplant patients recovered successfully after treatment .", "Evidence Elements": {"Participant": [], "Intervention": [{"term": "control", "negation": "affirmed", "UMLS": "", "start": 75, "end": 82}, {"term": "control", "negation": "affirmed", "UMLS": "", "start": 75, "end": 82}, {"term": "transplant patients", "negation": "affirmed", "UMLS": "", "start": 193, "end": 212}], "Outcome": [{"term": "time of virus shedding", "negation": "affirmed", "UMLS": "", "start": 15, "end": 37}, {"term": "course of illness", "negation": "affirmed", "UMLS": "", "start": 104, "end": 121}, {"term": "recovered", "negation": "affirmed", "UMLS": "", "start": 213, "end": 222}]}, "Evidence Propositions": [{"Intervention": [], "Observation": "longer", "Outcome": "", "Count": ""}, {"Intervention": [], "Observation": "longer", "Outcome": "", "Count": ""}]}, {"Section": "RESULTS", "Text": "One patient developed acute renal graft failure and died of progressive respiratory failure .", "Evidence Elements": {"Participant": [], "Intervention": [], "Outcome": [{"term": "acute renal graft failure", "negation": "affirmed", "UMLS": "", "start": 22, "end": 47}, {"term": "died", "negation": "affirmed", "UMLS": "", "start": 52, "end": 56}, {"term": "progressive respiratory failure", "negation": "affirmed", "UMLS": "", "start": 60, "end": 91}]}, "Evidence Propositions": []}, {"Section": "RESULTS", "Text": "Kidney transplant recipients had more severe COVID-19 pneumonia than the general population , but most of them recovered after a prolonged clinical course and virus shedding .", "Evidence Elements": {"Participant": [{"term": "Kidney transplant recipients", "negation": "affirmed", "UMLS": "", "start": 0, "end": 28}, {"term": "general population", "negation": "affirmed", "UMLS": "", "start": 73, "end": 91}], "Intervention": [], "Outcome": [{"term": "severe COVID-19 pneumonia", "negation": "affirmed", "UMLS": "", "start": 38, "end": 63}, {"term": "recovered", "negation": "affirmed", "UMLS": "", "start": 111, "end": 120}, {"term": "virus", "negation": "affirmed", "UMLS": "", "start": 159, "end": 164}]}, "Evidence Propositions": []}, {"Section": "CONCLUSIONS", "Text": "Findings from this small group of cases may have important implications for the treatment of COVID-19 pneumonia in immunosuppressed populations .", "Evidence Elements": {"Participant": [], "Intervention": [], "Outcome": []}, "Evidence Propositions": []}, {"Section": "CONCLUSIONS", "Text": "Immunosuppressed transplant recipients with coronavirus disease 2019 infection had more severe pneumonia , but most of them still achieved a good prognosis after appropriate treatment .", "Evidence Elements": {"Participant": [{"term": "Immunosuppressed transplant recipients", "negation": "affirmed", "UMLS": "", "start": 0, "end": 38}, {"term": "disease 2019 infection", "negation": "affirmed", "UMLS": "", "start": 56, "end": 78}], "Intervention": [], "Outcome": [{"term": "severe pneumonia", "negation": "affirmed", "UMLS": "", "start": 88, "end": 104}]}, "Evidence Propositions": []}, {"Section": "CONCLUSIONS", "Text": "Immunosuppressed renal transplant recipients with coronavirus disease 2019 infection had more severe pneumonia than the general population .", "Evidence Elements": {"Participant": [{"term": "Immunosuppressed renal transplant recipients", "negation": "affirmed", "UMLS": "", "start": 0, "end": 44}, {"term": "coronavirus disease 2019 infection", "negation": "affirmed", "UMLS": "", "start": 50, "end": 84}, {"term": "general population", "negation": "affirmed", "UMLS": "", "start": 120, "end": 138}], "Intervention": [], "Outcome": [{"term": "severe pneumonia", "negation": "affirmed", "UMLS": "", "start": 94, "end": 110}]}, "Evidence Propositions": []}, {"Section": "CONCLUSIONS", "Text": "Most patients could recover following a treatment regimen consisting of reduced immunosuppressant use , low-dose methylprednisolone therapy , and protection of renal graft function .", "Evidence Elements": {"Participant": [], "Intervention": [], "Outcome": []}, "Evidence Propositions": []}]}