{"doc_id": "32315487", "type of study": "Therapy", "title": "", "abstract": "In this study we report on the clinical and autoimmune characteristics of severe and critical novel coronavirus pneumonia caused by severe acute respiratory syndrome-associated coronavirus 2 (SARS-CoV-2).\nThe clinical, autoimmune, and laboratory characteristics of 21 patients who had laboratory-confirmed severe and critical cases of coronavirus disease 2019 (COVID-19) from the intensive care unit of the Huangshi Central Hospital, Hubei Province, China, were investigated.\nA total of 21 patients (13 men and 8 women), including 8 (38.1%) severe cases and 13 (61.9%) critical cases, were enrolled.\nCough (90.5%) and fever (81.0%) were the dominant symptoms, and most patients (76.2%) had at least one coexisting disorder on admission.\nThe most common characteristics on chest computed tomography were ground-glass opacity (100%) and bilateral patchy shadowing (76.2%).\nThe most common findings on laboratory measurement were lymphocytopenia (85.7%) and elevated levels of C-reactive protein (94.7%) and interleukin-6 (89.5%).\nThe prevalence of anti-52 kDa SSA/Ro antibody, anti-60 kDa SSA/Ro antibody, and antinuclear antibody was 20%, 25%, and 50%, respectively.\nWe also retrospectively analyzed the clinical and laboratory data from 21 severe and critical cases of COVID-19.\nAutoimmune phenomena exist in COVID-19 subjects, and the present results provide the rationale for a strategy of preventing immune dysfunction and optimal immunosuppressive therapy.\n", "Evidence Map": {"Enrollment": [{"term": "severe and critical novel coronavirus pneumonia", "negation": "affirmed", "UMLS": "", "start": 74, "end": 121}, {"term": "severe acute respiratory syndrome-associated coronavirus 2 (", "negation": "affirmed", "UMLS": "", "start": 132, "end": 192}, {"term": "laboratory-confirmed severe and critical cases of coronavirus disease 2019 ( COVID-19 )", "negation": "affirmed", "UMLS": "", "start": 82, "end": 169}, {"term": "severe cases", "negation": "affirmed", "UMLS": "", "start": 71, "end": 83}, {"term": "COVID-19", "negation": "affirmed", "UMLS": "", "start": 103, "end": 111}], "Comparison Results": [], "Study Arm 1 Results": [], "Study Arm 2 Results": []}, "Sentence-level breakdown": [{"Section": "TITLE", "Text": "In this study we report on the clinical and autoimmune characteristics of severe and critical novel coronavirus pneumonia caused by severe acute respiratory syndrome-associated coronavirus 2 ( SARS-CoV-2 ) .", "Evidence Elements": {"Participant": [{"term": "severe and critical novel coronavirus pneumonia", "negation": "affirmed", "UMLS": "", "start": 74, "end": 121}, {"term": "severe acute respiratory syndrome-associated coronavirus 2 (", "negation": "affirmed", "UMLS": "", "start": 132, "end": 192}], "Intervention": [], "Outcome": [{"term": "clinical and autoimmune characteristics", "negation": "affirmed", "UMLS": "", "start": 31, "end": 70}]}, "Evidence Propositions": []}, {"Section": "METHODS", "Text": "The clinical , autoimmune , and laboratory characteristics of 21 patients who had laboratory-confirmed severe and critical cases of coronavirus disease 2019 ( COVID-19 ) from the intensive care unit of the Huangshi Central Hospital , Hubei Province , China , were investigated .", "Evidence Elements": {"Participant": [{"term": "laboratory-confirmed severe and critical cases of coronavirus disease 2019 ( COVID-19 )", "negation": "affirmed", "UMLS": "", "start": 82, "end": 169}], "Intervention": [], "Outcome": [{"term": "clinical , autoimmune , and laboratory characteristics", "negation": "affirmed", "UMLS": "", "start": 4, "end": 58}]}, "Evidence Propositions": []}, {"Section": "RESULTS", "Text": "A total of 21 patients ( 13 men and 8 women ) , including 8 ( 38.1 % ) severe cases and 13 ( 61.9 % ) critical cases , were enrolled .", "Evidence Elements": {"Participant": [{"term": "severe cases", "negation": "affirmed", "UMLS": "", "start": 71, "end": 83}], "Intervention": [], "Outcome": []}, "Evidence Propositions": []}, {"Section": "RESULTS", "Text": "Cough ( 90.5 % ) and fever ( 81.0 % ) were the dominant symptoms , and most patients ( 76.2 % ) had at least one coexisting disorder on admission .", "Evidence Elements": {"Participant": [], "Intervention": [], "Outcome": [{"term": "Cough", "negation": "affirmed", "UMLS": "", "start": 0, "end": 5}, {"term": "fever", "negation": "affirmed", "UMLS": "", "start": 21, "end": 26}]}, "Evidence Propositions": []}, {"Section": "RESULTS", "Text": "The most common characteristics on chest computed tomography were ground-glass opacity ( 100 % ) and bilateral patchy shadowing ( 76.2 % ) .", "Evidence Elements": {"Participant": [], "Intervention": [], "Outcome": [{"term": "ground-glass opacity", "negation": "affirmed", "UMLS": "", "start": 66, "end": 86}, {"term": "bilateral", "negation": "affirmed", "UMLS": "", "start": 101, "end": 110}]}, "Evidence Propositions": [{"Intervention": [], "Observation": "most common", "Outcome": "ground-glass opacity", "Count": ""}, {"Intervention": [], "Observation": "most common", "Outcome": "bilateral", "Count": ""}]}, {"Section": "RESULTS", "Text": "The most common findings on laboratory measurement were lymphocytopenia ( 85.7 % ) and elevated levels of C-reactive protein ( 94.7 % ) and interleukin-6 ( 89.5 % ) .", "Evidence Elements": {"Participant": [], "Intervention": [], "Outcome": [{"term": "lymphocytopenia", "negation": "affirmed", "UMLS": "", "start": 56, "end": 71}]}, "Evidence Propositions": [{"Intervention": [], "Observation": "most common", "Outcome": "lymphocytopenia", "Count": ""}]}, {"Section": "RESULTS", "Text": "The prevalence of anti-52 kDa SSA / Ro antibody , anti-60 kDa SSA / Ro antibody , and antinuclear antibody was 20 % , 25 % , and 50 % , respectively .", "Evidence Elements": {"Participant": [], "Intervention": [], "Outcome": [{"term": "prevalence of anti-52", "negation": "affirmed", "UMLS": "", "start": 4, "end": 25}, {"term": "Ro antibody", "negation": "affirmed", "UMLS": "", "start": 36, "end": 47}, {"term": "anti-60", "negation": "negated", "UMLS": "", "start": 50, "end": 57}, {"term": "Ro antibody", "negation": "affirmed", "UMLS": "", "start": 36, "end": 47}, {"term": "antinuclear antibody", "negation": "negated", "UMLS": "", "start": 86, "end": 106}]}, "Evidence Propositions": []}, {"Section": "RESULTS", "Text": "We also retrospectively analyzed the clinical and laboratory data from 21 severe and critical cases of COVID-19 .", "Evidence Elements": {"Participant": [{"term": "COVID-19", "negation": "affirmed", "UMLS": "", "start": 103, "end": 111}], "Intervention": [], "Outcome": []}, "Evidence Propositions": []}, {"Section": "CONCLUSIONS", "Text": "Autoimmune phenomena exist in COVID-19 subjects , and the present results provide the rationale for a strategy of preventing immune dysfunction and optimal immunosuppressive therapy .", "Evidence Elements": {"Participant": [], "Intervention": [], "Outcome": []}, "Evidence Propositions": []}]}