{"doc_id": "32317557", "type of study": "Therapy", "title": "", "abstract": "As coronavirus disease 2019 (COVID-19) cases surge worldwide, an urgent need exists to enhance our understanding of the role of extracorporeal membrane oxygenation (ECMO) in the management of severely ill patients with COVID-19 who develop acute respiratory and cardiac compromise refractory to conventional therapy.\nThe purpose of this manuscript is to review our initial clinical experience in 32 patients with confirmed COVID-19 treated with ECMO.\nA multi-institutional registry and database was created and utilized to assess all patients who were supported with ECMO provided by SpecialtyCare.\nData captured included patient characteristics, pre-COVID-19 risk factors and comorbidities, confirmation of COVID-19 diagnosis, features of ECMO support, specific medications utilized to treat COVID-19, and short-term outcomes through hospital discharge.\nThis analysis includes all of our patients with COVID-19 supported with ECMO, with an analytic window starting March 17, 2020, when our first COVID-19 patient was placed on ECMO, and ending April 9, 2020.\nDuring the 24 days of this study, 32 consecutive patients with COVID-19 were placed on ECMO at nine different hospitals.\nAs of the time of analysis, 17 remain on ECMO, 10 died before or shortly after decannulation, and five are alive and extubated after removal from ECMO, with one of these five discharged from the hospital.\nAdjunctive medication in the surviving patients while on ECMO was as follows: four of five survivors received intravenous steroids, three of five survivors received antiviral medications (Remdesivir), two of five survivors were treated with anti-interleukin-6-receptor monoclonal antibodies (Tocilizumab or Sarilumab), and one of five survivors received hydroxychloroquine.\nAn analysis of 32 COVID-19 patients with severe pulmonary compromise supported with ECMO suggests that ECMO may play a useful role in salvaging select critically ill patients with COVID-19.\nAdditional patient experience and associated clinical and laboratory data must be obtained to further define the optimal role of ECMO in patients with COVID-19 and acute respiratory distress syndrome (ARDS).\nThese initial data may provide useful information to help define the best strategies to care for these challenging patients and may also provide a framework for much-needed future research about the use of ECMO to treat patients with COVID-19.\n", "Evidence Map": {"Enrollment": [{"term": "confirmed COVID-19", "negation": "affirmed", "UMLS": "", "start": 96, "end": 114}, {"term": "ECMO", "negation": "affirmed", "UMLS": "", "start": 128, "end": 132}, {"term": "ECMO", "negation": "affirmed", "UMLS": "", "start": 116, "end": 120}, {"term": "SpecialtyCare", "negation": "affirmed", "UMLS": "", "start": 133, "end": 146}, {"term": "COVID-19", "negation": "affirmed", "UMLS": "", "start": 48, "end": 56}, {"term": "ECMO", "negation": "affirmed", "UMLS": "", "start": 72, "end": 76}, {"term": "ECMO", "negation": "affirmed", "UMLS": "", "start": 72, "end": 76}, {"term": "COVID-19", "negation": "affirmed", "UMLS": "", "start": 64, "end": 72}, {"term": "ECMO", "negation": "affirmed", "UMLS": "", "start": 88, "end": 92}, {"term": "surviving", "negation": "affirmed", "UMLS": "", "start": 29, "end": 38}, {"term": "ECMO", "negation": "affirmed", "UMLS": "", "start": 57, "end": 61}, {"term": "COVID-19", "negation": "affirmed", "UMLS": "", "start": 18, "end": 26}, {"term": "severe pulmonary compromise", "negation": "affirmed", "UMLS": "", "start": 41, "end": 68}, {"term": "ECMO", "negation": "affirmed", "UMLS": "", "start": 84, "end": 88}, {"term": "critically ill patients", "negation": "affirmed", "UMLS": "", "start": 151, "end": 174}, {"term": "COVID-19", "negation": "affirmed", "UMLS": "", "start": 18, "end": 26}], "Comparison Results": [], "Study Arm 1 Results": [], "Study Arm 2 Results": []}, "Sentence-level breakdown": [{"Section": "TITLE", "Text": "As coronavirus disease 2019 ( COVID-19 ) cases surge worldwide , an urgent need exists to enhance our understanding of the role of extracorporeal membrane oxygenation ( ECMO ) in the management of severely ill patients with COVID-19 who develop acute respiratory and cardiac compromise refractory to conventional therapy .", "Evidence Elements": {"Participant": [], "Intervention": [], "Outcome": []}, "Evidence Propositions": []}, {"Section": "OBJECTIVE", "Text": "The purpose of this manuscript is to review our initial clinical experience in 32 patients with confirmed COVID-19 treated with ECMO .", "Evidence Elements": {"Participant": [{"term": "confirmed COVID-19", "negation": "affirmed", "UMLS": "", "start": 96, "end": 114}, {"term": "ECMO", "negation": "affirmed", "UMLS": "", "start": 128, "end": 132}], "Intervention": [], "Outcome": []}, "Evidence Propositions": []}, {"Section": "METHODS", "Text": "A multi-institutional registry and database was created and utilized to assess all patients who were supported with ECMO provided by SpecialtyCare .", "Evidence Elements": {"Participant": [{"term": "ECMO", "negation": "affirmed", "UMLS": "", "start": 116, "end": 120}, {"term": "SpecialtyCare", "negation": "affirmed", "UMLS": "", "start": 133, "end": 146}], "Intervention": [], "Outcome": []}, "Evidence Propositions": []}, {"Section": "METHODS", "Text": "Data captured included patient characteristics , pre-COVID-19 risk factors and comorbidities , confirmation of COVID-19 diagnosis , features of ECMO support , specific medications utilized to treat COVID-19 , and short-term outcomes through hospital discharge .", "Evidence Elements": {"Participant": [], "Intervention": [], "Outcome": [{"term": "pre-COVID-19 risk factors", "negation": "affirmed", "UMLS": "", "start": 49, "end": 74}, {"term": "confirmation", "negation": "affirmed", "UMLS": "", "start": 95, "end": 107}, {"term": "features", "negation": "affirmed", "UMLS": "", "start": 132, "end": 140}]}, "Evidence Propositions": []}, {"Section": "RESULTS", "Text": "This analysis includes all of our patients with COVID-19 supported with ECMO , with an analytic window starting March 17 , 2020 , when our first COVID-19 patient was placed on ECMO , and ending April 9 , 2020 .", "Evidence Elements": {"Participant": [{"term": "COVID-19", "negation": "affirmed", "UMLS": "", "start": 48, "end": 56}, {"term": "ECMO", "negation": "affirmed", "UMLS": "", "start": 72, "end": 76}, {"term": "ECMO", "negation": "affirmed", "UMLS": "", "start": 72, "end": 76}], "Intervention": [], "Outcome": []}, "Evidence Propositions": []}, {"Section": "RESULTS", "Text": "During the 24 days of this study , 32 consecutive patients with COVID-19 were placed on ECMO at nine different hospitals .", "Evidence Elements": {"Participant": [{"term": "COVID-19", "negation": "affirmed", "UMLS": "", "start": 64, "end": 72}, {"term": "ECMO", "negation": "affirmed", "UMLS": "", "start": 88, "end": 92}], "Intervention": [], "Outcome": []}, "Evidence Propositions": []}, {"Section": "RESULTS", "Text": "As of the time of analysis , 17 remain on ECMO , 10 died before or shortly after decannulation , and five are alive and extubated after removal from ECMO , with one of these five discharged from the hospital .", "Evidence Elements": {"Participant": [], "Intervention": [{"term": "ECMO", "negation": "affirmed", "UMLS": "", "start": 42, "end": 46}, {"term": "removal from ECMO", "negation": "affirmed", "UMLS": "", "start": 136, "end": 153}], "Outcome": [{"term": "died", "negation": "affirmed", "UMLS": "", "start": 52, "end": 56}, {"term": "alive and", "negation": "affirmed", "UMLS": "", "start": 110, "end": 119}, {"term": "extubated", "negation": "affirmed", "UMLS": "", "start": 120, "end": 129}]}, "Evidence Propositions": []}, {"Section": "RESULTS", "Text": "Adjunctive medication in the surviving patients while on ECMO was as follows : four of five survivors received intravenous steroids , three of five survivors received antiviral medications ( Remdesivir ) , two of five survivors were treated with anti-interleukin-6-receptor monoclonal antibodies ( Tocilizumab or Sarilumab ) , and one of five survivors received hydroxychloroquine .", "Evidence Elements": {"Participant": [{"term": "surviving", "negation": "affirmed", "UMLS": "", "start": 29, "end": 38}, {"term": "ECMO", "negation": "affirmed", "UMLS": "", "start": 57, "end": 61}], "Intervention": [{"term": "intravenous steroids", "negation": "affirmed", "UMLS": "", "start": 111, "end": 131}, {"term": "antiviral medications", "negation": "affirmed", "UMLS": "", "start": 167, "end": 188}, {"term": "Remdesivir", "negation": "affirmed", "UMLS": "", "start": 191, "end": 201}, {"term": "anti-interleukin-6-receptor monoclonal antibodies", "negation": "affirmed", "UMLS": "", "start": 246, "end": 295}, {"term": "Tocilizumab", "negation": "affirmed", "UMLS": "", "start": 298, "end": 309}, {"term": "Sarilumab", "negation": "affirmed", "UMLS": "", "start": 313, "end": 322}], "Outcome": []}, "Evidence Propositions": []}, {"Section": "CONCLUSIONS", "Text": "An analysis of 32 COVID-19 patients with severe pulmonary compromise supported with ECMO suggests that ECMO may play a useful role in salvaging select critically ill patients with COVID-19 .", "Evidence Elements": {"Participant": [{"term": "COVID-19", "negation": "affirmed", "UMLS": "", "start": 18, "end": 26}, {"term": "severe pulmonary compromise", "negation": "affirmed", "UMLS": "", "start": 41, "end": 68}, {"term": "ECMO", "negation": "affirmed", "UMLS": "", "start": 84, "end": 88}, {"term": "critically ill patients", "negation": "affirmed", "UMLS": "", "start": 151, "end": 174}, {"term": "COVID-19", "negation": "affirmed", "UMLS": "", "start": 18, "end": 26}], "Intervention": [{"term": "ECMO", "negation": "affirmed", "UMLS": "", "start": 84, "end": 88}], "Outcome": [{"term": "salvaging", "negation": "affirmed", "UMLS": "", "start": 134, "end": 143}]}, "Evidence Propositions": [{"Intervention": "ECMO", "Observation": "useful role", "Outcome": "salvaging", "Count": ""}]}, {"Section": "CONCLUSIONS", "Text": "Additional patient experience and associated clinical and laboratory data must be obtained to further define the optimal role of ECMO in patients with COVID-19 and acute respiratory distress syndrome ( ARDS ) .", "Evidence Elements": {"Participant": [], "Intervention": [], "Outcome": []}, "Evidence Propositions": []}, {"Section": "CONCLUSIONS", "Text": "These initial data may provide useful information to help define the best strategies to care for these challenging patients and may also provide a framework for much-needed future research about the use of ECMO to treat patients with COVID-19 .", "Evidence Elements": {"Participant": [], "Intervention": [], "Outcome": []}, "Evidence Propositions": []}]}