{"doc_id": "32312864", "type of study": "Therapy", "title": "", "abstract": "The rapid outbreak of coronavirus disease 2019 (COVID-19) has been a matter of international concern as the disease is spreading fast [1, 2].\nConsidering that the contagious disease has led to an enormous impact globally, there is an urgent need to identify the risk populations with poor prognosis.\nAgeing is associated with certain changes in pulmonary physiology, pathology and function, during the period of lung infection.\nTherefore, age-related differences in responsiveness and tolerance become obvious and lead to worse clinical outcomes in elderly individuals [3].\nPrevious studies have mentioned that older COVID-19 patients are at an increased risk of death [4-7].\nHowever, the age-related clinical characteristics, disease courses and outcomes other than death in COVID-19 patients remain unclear.\nAge significantly determined the clinical features and prognosis of COVID-19.\nThe prognosis was worse in patients older than 60 years, calling for clinicians to pay more attention to patients of this age.\nhttps://bit.ly/34DTI05\n", "Evidence Map": {"Enrollment": [{"term": "COVID-19", "negation": "affirmed", "UMLS": "", "start": 68, "end": 76}], "Comparison Results": [], "Study Arm 1 Results": [], "Study Arm 2 Results": []}, "Sentence-level breakdown": [{"Section": "TITLE", "Text": "The rapid outbreak of coronavirus disease 2019 ( COVID-19 ) has been a matter of international concern as the disease is spreading fast [ 1 , 2 ] .", "Evidence Elements": {"Participant": [], "Intervention": [], "Outcome": []}, "Evidence Propositions": []}, {"Section": "RESULTS", "Text": "However , the age-related clinical characteristics , disease courses and outcomes other than death in COVID-19 patients remain unclear .", "Evidence Elements": {"Participant": [], "Intervention": [], "Outcome": []}, "Evidence Propositions": []}, {"Section": "RESULTS", "Text": "Age significantly determined the clinical features and prognosis of COVID-19 .", "Evidence Elements": {"Participant": [{"term": "COVID-19", "negation": "affirmed", "UMLS": "", "start": 68, "end": 76}], "Intervention": [], "Outcome": [{"term": "clinical features", "negation": "affirmed", "UMLS": "", "start": 33, "end": 50}, {"term": "prognosis", "negation": "affirmed", "UMLS": "", "start": 55, "end": 64}]}, "Evidence Propositions": []}, {"Section": "RESULTS", "Text": "The prognosis was worse in patients older than 60 years , calling for clinicians to pay more attention to patients of this age .", "Evidence Elements": {"Participant": [], "Intervention": [{"term": "than", "negation": "affirmed", "UMLS": "", "start": 42, "end": 46}, {"term": "years", "negation": "affirmed", "UMLS": "", "start": 50, "end": 55}], "Outcome": [{"term": "prognosis", "negation": "affirmed", "UMLS": "", "start": 4, "end": 13}]}, "Evidence Propositions": [{"Intervention": ["than", "years"], "Observation": "worse", "Outcome": "prognosis", "Count": ""}]}, {"Section": "CONCLUSIONS", "Text": "https:/ / bit .ly / 34DTI05", "Evidence Elements": {"Participant": [], "Intervention": [], "Outcome": []}, "Evidence Propositions": []}]}