{"doc_id": "32311760", "type of study": "Therapy", "title": "", "abstract": "Severe acute respiratory distress syndrome coronavirus-2 (SARS-CoV-2), the causative agent of coronavirus disease 2019 (COVID-19), is a member of the coronavirus family.\nCoronavirus infections in humans are typically associated with respiratory illnesses; however, viral RNA has been isolated in serum from infected patients.\nCoronaviruses have been identified as a potential low-risk threat to blood safety.\nThe Mirasol Pathogen Reduction Technology (PRT) System utilizes riboflavin and ultraviolet (UV) light to render blood-borne pathogens noninfectious, while maintaining blood product quality.\nHere, we report on the efficacy of riboflavin and UV light against the pandemic virus SARS-CoV-2 when tested in both plasma and platelets units.\nStock SARS-CoV-2 was grown in Vero cells and inoculated into either plasma or platelet units.\nThose units were then treated with riboflavin and UV light.\nThe infectious titres of SARS-CoV-2 were determined by plaque assay using Vero cells.\nA total of five (n = 5) plasma and three (n = 3) platelet products were evaluated in this study.\nIn both experiments, the measured titre of SARS-CoV-2 was below the limit of detection following treatment with riboflavin and UV light.\nThe mean log reductions in the viral titres were >=3 40 and >=4 53 for the plasma units and platelet units, respectively.\nRiboflavin and UV light effectively reduced the titre of SARS-CoV-2 in both plasma and platelet products to below the limit of detection in tissue culture.\nThe data suggest that the process would be effective in reducing the theoretical risk of transfusion transmitted SARS-CoV-2.\n", "Evidence Map": {"Enrollment": [{"term": "pandemic virus SARS-CoV-2", "negation": "affirmed", "UMLS": "", "start": 72, "end": 97}], "Comparison Results": [], "Study Arm 1 Results": [], "Study Arm 2 Results": []}, "Sentence-level breakdown": [{"Section": "TITLE", "Text": "Severe acute respiratory distress syndrome coronavirus-2 ( SARS-CoV-2 ) , the causative agent of coronavirus disease 2019 ( COVID-19 ) , is a member of the coronavirus family .", "Evidence Elements": {"Participant": [], "Intervention": [], "Outcome": []}, "Evidence Propositions": []}, {"Section": "OBJECTIVE", "Text": "Here , we report on the efficacy of riboflavin and UV light against the pandemic virus SARS-CoV-2 when tested in both plasma and platelets units .", "Evidence Elements": {"Participant": [{"term": "pandemic virus SARS-CoV-2", "negation": "affirmed", "UMLS": "", "start": 72, "end": 97}], "Intervention": [{"term": "riboflavin", "negation": "affirmed", "UMLS": "", "start": 36, "end": 46}, {"term": "UV light", "negation": "affirmed", "UMLS": "", "start": 51, "end": 59}], "Outcome": []}, "Evidence Propositions": []}, {"Section": "METHODS", "Text": "Stock SARS-CoV-2 was grown in Vero cells and inoculated into either plasma or platelet units .", "Evidence Elements": {"Participant": [], "Intervention": [], "Outcome": []}, "Evidence Propositions": []}, {"Section": "METHODS", "Text": "Those units were then treated with riboflavin and UV light .", "Evidence Elements": {"Participant": [], "Intervention": [], "Outcome": []}, "Evidence Propositions": []}, {"Section": "METHODS", "Text": "The infectious titres of SARS-CoV-2 were determined by plaque assay using Vero cells .", "Evidence Elements": {"Participant": [], "Intervention": [], "Outcome": [{"term": "infectious titres of SARS-CoV-2", "negation": "affirmed", "UMLS": "", "start": 4, "end": 35}]}, "Evidence Propositions": []}, {"Section": "RESULTS", "Text": "A total of five ( n = 5 ) plasma and three ( n = 3 ) platelet products were evaluated in this study .", "Evidence Elements": {"Participant": [], "Intervention": [{"term": "platelet", "negation": "affirmed", "UMLS": "", "start": 53, "end": 61}], "Outcome": []}, "Evidence Propositions": []}, {"Section": "RESULTS", "Text": "In both experiments , the measured titre of SARS-CoV-2 was below the limit of detection following treatment with riboflavin and UV light .", "Evidence Elements": {"Participant": [], "Intervention": [{"term": "riboflavin", "negation": "affirmed", "UMLS": "", "start": 113, "end": 123}, {"term": "UV", "negation": "affirmed", "UMLS": "", "start": 128, "end": 130}], "Outcome": [{"term": "measured titre of SARS-CoV-2", "negation": "affirmed", "UMLS": "", "start": 26, "end": 54}]}, "Evidence Propositions": []}, {"Section": "RESULTS", "Text": "The mean log reductions in the viral titres were > =3 40 and > =4 53 for the plasma units and platelet units , respectively .", "Evidence Elements": {"Participant": [], "Intervention": [], "Outcome": [{"term": "mean log reductions in the viral titres", "negation": "affirmed", "UMLS": "", "start": 4, "end": 43}, {"term": "plasma units", "negation": "affirmed", "UMLS": "", "start": 77, "end": 89}, {"term": "platelet", "negation": "affirmed", "UMLS": "", "start": 94, "end": 102}]}, "Evidence Propositions": []}, {"Section": "RESULTS", "Text": "Riboflavin and UV light effectively reduced the titre of SARS-CoV-2 in both plasma and platelet products to below the limit of detection in tissue culture .", "Evidence Elements": {"Participant": [], "Intervention": [{"term": "Riboflavin", "negation": "affirmed", "UMLS": "", "start": 0, "end": 10}, {"term": "UV light", "negation": "affirmed", "UMLS": "", "start": 15, "end": 23}], "Outcome": [{"term": "titre of SARS-CoV-2 in both plasma and platelet products", "negation": "affirmed", "UMLS": "", "start": 48, "end": 104}]}, "Evidence Propositions": [{"Intervention": "Riboflavin", "Observation": "effectively", "Outcome": "titre of SARS-CoV-2 in both plasma and platelet products", "Count": ""}]}, {"Section": "CONCLUSIONS", "Text": "The data suggest that the process would be effective in reducing the theoretical risk of transfusion transmitted SARS-CoV-2 .", "Evidence Elements": {"Participant": [], "Intervention": [{"term": "process", "negation": "affirmed", "UMLS": "", "start": 26, "end": 33}], "Outcome": [{"term": "theoretical risk of transfusion transmitted SARS-CoV-2", "negation": "affirmed", "UMLS": "", "start": 69, "end": 123}]}, "Evidence Propositions": [{"Intervention": "process", "Observation": "reducing", "Outcome": "theoretical risk of transfusion transmitted SARS-CoV-2", "Count": ""}]}]}