{"doc_id": "32319424", "type of study": "Therapy", "title": "", "abstract": "The ongoing novel coronavirus disease (COVID-19) pandemic is threatening the global human population, including in countries with resource-limited health facilities.\nSevere bilateral pneumonia is the main feature of severe COVID-19, and adequate ventilatory support is crucial for patient survival.\nAlthough our knowledge of the disease is still rapidly increasing, this review summarizes current guidance on the best provision of ventilatory support, with a focus on resource-limited settings.\nKey messages include that supplemental oxygen is a first essential step for the treatment of severe COVID-19 patients with hypoxemia and should be a primary focus in resource-limited settings where capacity for invasive ventilation is limited.\nOxygen delivery can be increased by using a non-rebreathing mask and prone positioning.\nThe presence of only hypoxemia should in general not trigger intubation because hypoxemia is often remarkably well tolerated.\nPatients with fatigue and at risk for exhaustion, because of respiratory distress, will require invasive ventilation.\nIn these patients, lung protective ventilation is essential.\nSevere pneumonia in COVID-19 differs in some important aspects from other causes of severe pneumonia or acute respiratory distress syndrome, and limiting the positive end-expiratory pressure level on the ventilator may be important.\nThis ventilation strategy might reduce the currently very high case fatality rate of more than 50% in invasively ventilated COVID-19 patients.\n", "Evidence Map": {"Enrollment": [{"term": "fatigue", "negation": "affirmed", "UMLS": "", "start": 14, "end": 21}], "Comparison Results": [], "Study Arm 1 Results": [], "Study Arm 2 Results": []}, "Sentence-level breakdown": [{"Section": "TITLE", "Text": "The ongoing novel coronavirus disease ( COVID-19 ) pandemic is threatening the global human population , including in countries with resource-limited health facilities .", "Evidence Elements": {"Participant": [], "Intervention": [], "Outcome": []}, "Evidence Propositions": []}, {"Section": "RESULTS", "Text": "Although our knowledge of the disease is still rapidly increasing , this review summarizes current guidance on the best provision of ventilatory support , with a focus on resource-limited settings .", "Evidence Elements": {"Participant": [], "Intervention": [], "Outcome": []}, "Evidence Propositions": []}, {"Section": "RESULTS", "Text": "Key messages include that supplemental oxygen is a first essential step for the treatment of severe COVID-19 patients with hypoxemia and should be a primary focus in resource-limited settings where capacity for invasive ventilation is limited .", "Evidence Elements": {"Participant": [], "Intervention": [], "Outcome": []}, "Evidence Propositions": []}, {"Section": "RESULTS", "Text": "Oxygen delivery can be increased by using a non-rebreathing mask and prone positioning .", "Evidence Elements": {"Participant": [], "Intervention": [{"term": "non-rebreathing mask", "negation": "affirmed", "UMLS": "", "start": 44, "end": 64}, {"term": "prone positioning", "negation": "affirmed", "UMLS": "", "start": 69, "end": 86}], "Outcome": [{"term": "Oxygen delivery", "negation": "affirmed", "UMLS": "", "start": 0, "end": 15}]}, "Evidence Propositions": [{"Intervention": "non-rebreathing mask", "Observation": "increased", "Outcome": "Oxygen delivery", "Count": ""}, {"Intervention": "prone positioning", "Observation": "increased", "Outcome": "Oxygen delivery", "Count": ""}]}, {"Section": "RESULTS", "Text": "The presence of only hypoxemia should in general not trigger intubation because hypoxemia is often remarkably well tolerated .", "Evidence Elements": {"Participant": [], "Intervention": [], "Outcome": []}, "Evidence Propositions": []}, {"Section": "RESULTS", "Text": "Patients with fatigue and at risk for exhaustion , because of respiratory distress , will require invasive ventilation .", "Evidence Elements": {"Participant": [{"term": "fatigue", "negation": "affirmed", "UMLS": "", "start": 14, "end": 21}], "Intervention": [], "Outcome": []}, "Evidence Propositions": []}, {"Section": "CONCLUSIONS", "Text": "In these patients , lung protective ventilation is essential .", "Evidence Elements": {"Participant": [], "Intervention": [], "Outcome": []}, "Evidence Propositions": []}, {"Section": "CONCLUSIONS", "Text": "Severe pneumonia in COVID-19 differs in some important aspects from other causes of severe pneumonia or acute respiratory distress syndrome , and limiting the positive end-expiratory pressure level on the ventilator may be important .", "Evidence Elements": {"Participant": [], "Intervention": [], "Outcome": []}, "Evidence Propositions": []}, {"Section": "CONCLUSIONS", "Text": "This ventilation strategy might reduce the currently very high case fatality rate of more than 50 % in invasively ventilated COVID-19 patients .", "Evidence Elements": {"Participant": [], "Intervention": [], "Outcome": []}, "Evidence Propositions": []}]}