{"doc_id": "32312571", "type of study": "Therapy", "title": "", "abstract": "Tracheal intubation in coronavirus disease 2019 (COVID-19) patients creates a risk to physiologically compromised patients and to attending healthcare providers.\nClinical information on airway management and expert recommendations in these patients are urgently needed.\nBy analysing a two-centre retrospective observational case series from Wuhan, China, a panel of international airway management experts discussed the results and formulated consensus recommendations for the management of tracheal intubation in COVID-19 patients.\nOf 202 COVID-19 patients undergoing emergency tracheal intubation, most were males (n=136; 67.3%) and aged 65 yr or more (n=128; 63.4%).\nMost patients (n=152; 75.2%) were hypoxaemic (Sao2 <90%) before intubation.\nPersonal protective equipment was worn by all intubating healthcare workers.\nRapid sequence induction (RSI) or modified RSI was used with an intubation success rate of 89.1% on the first attempt and 100% overall.\nHypoxaemia (Sao2 <90%) was common during intubation (n=148; 73.3%).\nHypotension (arterial pressure <90/60 mm Hg) occurred in 36 (17.8%) patients during and 45 (22.3%) after intubation with cardiac arrest in four (2.0%).\nPneumothorax occurred in 12 (5.9%) patients and death within 24 h in 21 (10.4%).\nUp to 14 days post-procedure, there was no evidence of cross infection in the anaesthesiologists who intubated the COVID-19 patients.\nBased on clinical information and expert recommendation, we propose detailed planning, strategy, and methods for tracheal intubation in COVID-19 patients.\n", "Evidence Map": {"Enrollment": [{"term": "COVID-19", "negation": "affirmed", "UMLS": "", "start": 7, "end": 15}, {"term": "emergency tracheal intubation", "negation": "affirmed", "UMLS": "", "start": 36, "end": 65}, {"term": "males", "negation": "affirmed", "UMLS": "", "start": 78, "end": 83}, {"term": "intubating", "negation": "affirmed", "UMLS": "", "start": 46, "end": 56}, {"term": "anaesthesiologists", "negation": "negated", "UMLS": "", "start": 79, "end": 97}, {"term": "intubated", "negation": "affirmed", "UMLS": "", "start": 102, "end": 111}, {"term": "COVID-19", "negation": "affirmed", "UMLS": "", "start": 116, "end": 124}], "Comparison Results": [], "Study Arm 1 Results": [], "Study Arm 2 Results": []}, "Sentence-level breakdown": [{"Section": "TITLE", "Text": "Tracheal intubation in coronavirus disease 2019 ( COVID-19 ) patients creates a risk to physiologically compromised patients and to attending healthcare providers .", "Evidence Elements": {"Participant": [], "Intervention": [], "Outcome": []}, "Evidence Propositions": []}, {"Section": "OBJECTIVE", "Text": "By analysing a two-centre retrospective observational case series from Wuhan , China , a panel of international airway management experts discussed the results and formulated consensus recommendations for the management of tracheal intubation in COVID-19 patients .", "Evidence Elements": {"Participant": [], "Intervention": [], "Outcome": [{"term": "tracheal intubation", "negation": "affirmed", "UMLS": "", "start": 223, "end": 242}]}, "Evidence Propositions": []}, {"Section": "METHODS", "Text": "Of 202 COVID-19 patients undergoing emergency tracheal intubation , most were males ( n = 136 ; 67.3 % ) and aged 65 yr or more ( n = 128 ; 63.4 % ) .", "Evidence Elements": {"Participant": [{"term": "COVID-19", "negation": "affirmed", "UMLS": "", "start": 7, "end": 15}, {"term": "emergency tracheal intubation", "negation": "affirmed", "UMLS": "", "start": 36, "end": 65}, {"term": "males", "negation": "affirmed", "UMLS": "", "start": 78, "end": 83}], "Intervention": [], "Outcome": []}, "Evidence Propositions": []}, {"Section": "METHODS", "Text": "Most patients ( n = 152 ; 75.2 % ) were hypoxaemic ( Sao2 < 90 % ) before intubation .", "Evidence Elements": {"Participant": [], "Intervention": [], "Outcome": []}, "Evidence Propositions": []}, {"Section": "METHODS", "Text": "Personal protective equipment was worn by all intubating healthcare workers .", "Evidence Elements": {"Participant": [{"term": "intubating", "negation": "affirmed", "UMLS": "", "start": 46, "end": 56}], "Intervention": [], "Outcome": []}, "Evidence Propositions": []}, {"Section": "METHODS", "Text": "Rapid sequence induction ( RSI ) or modified RSI was used with an intubation success rate of 89.1 % on the first attempt and 100 % overall .", "Evidence Elements": {"Participant": [], "Intervention": [{"term": "Rapid sequence induction ( RSI )", "negation": "affirmed", "UMLS": "", "start": 0, "end": 32}, {"term": "modified RSI", "negation": "affirmed", "UMLS": "", "start": 36, "end": 48}], "Outcome": [{"term": "intubation success rate", "negation": "affirmed", "UMLS": "", "start": 66, "end": 89}]}, "Evidence Propositions": [{"Intervention": "Rapid sequence induction ( RSI )", "Observation": "89.1 %", "Outcome": "intubation success rate", "Count": ""}, {"Intervention": "modified RSI", "Observation": "89.1 %", "Outcome": "intubation success rate", "Count": ""}]}, {"Section": "RESULTS", "Text": "Hypoxaemia ( Sao2 < 90 % ) was common during intubation ( n = 148 ; 73.3 % ) .", "Evidence Elements": {"Participant": [], "Intervention": [], "Outcome": [{"term": "Hypoxaemia", "negation": "affirmed", "UMLS": "", "start": 0, "end": 10}]}, "Evidence Propositions": []}, {"Section": "RESULTS", "Text": "Hypotension ( arterial pressure < 90 / 60 mm Hg ) occurred in 36 ( 17.8 % ) patients during and 45 ( 22.3 % ) after intubation with cardiac arrest in four ( 2.0 % ) .", "Evidence Elements": {"Participant": [], "Intervention": [], "Outcome": [{"term": "Hypotension", "negation": "affirmed", "UMLS": "", "start": 0, "end": 11}]}, "Evidence Propositions": []}, {"Section": "RESULTS", "Text": "Pneumothorax occurred in 12 ( 5.9 % ) patients and death within 24 h in 21 ( 10.4 % ) .", "Evidence Elements": {"Participant": [], "Intervention": [], "Outcome": [{"term": "Pneumothorax", "negation": "affirmed", "UMLS": "", "start": 0, "end": 12}, {"term": "death", "negation": "affirmed", "UMLS": "", "start": 51, "end": 56}]}, "Evidence Propositions": []}, {"Section": "RESULTS", "Text": "Up to 14 days post-procedure , there was no evidence of cross infection in the anaesthesiologists who intubated the COVID-19 patients .", "Evidence Elements": {"Participant": [{"term": "anaesthesiologists", "negation": "negated", "UMLS": "", "start": 79, "end": 97}, {"term": "intubated", "negation": "affirmed", "UMLS": "", "start": 102, "end": 111}, {"term": "COVID-19", "negation": "affirmed", "UMLS": "", "start": 116, "end": 124}], "Intervention": [], "Outcome": [{"term": "cross infection", "negation": "negated", "UMLS": "", "start": 56, "end": 71}]}, "Evidence Propositions": []}, {"Section": "CONCLUSIONS", "Text": "Based on clinical information and expert recommendation , we propose detailed planning , strategy , and methods for tracheal intubation in COVID-19 patients .", "Evidence Elements": {"Participant": [], "Intervention": [], "Outcome": [{"term": "tracheal intubation", "negation": "affirmed", "UMLS": "", "start": 116, "end": 135}]}, "Evidence Propositions": []}]}