{"doc_id": "32317591", "type of study": "Therapy", "title": "", "abstract": "Severe cases of coronavirus disease 2019 develop the acute respiratory distress syndrome, requiring admission to the ICU.\nThis study aimed to describe specific pathophysiological characteristics of acute respiratory distress syndrome from coronavirus disease 2019.\nProspective crossover physiologic study.\nICU of a university-affiliated hospital from northern Italy dedicated to care of patients with confirmed diagnosis of coronavirus disease 2019.\nTen intubated patients with acute respiratory distress syndrome and confirmed diagnosis of coronavirus disease 2019.\nWe performed a two-step positive end-expiratory pressure trial with change of 10 cm H2O in random order.\nAt each positive end-expiratory pressure level, we assessed arterial blood gases, respiratory mechanics, ventilation inhomogeneity, and potential for lung recruitment by electrical impedance tomography.\nPotential for lung recruitment was assessed by the recently described recruitment to inflation ratio.\nIn a subgroup of seven paralyzed patients, we also measured ventilation-perfusion mismatch at lower positive end-expiratory pressure by electrical impedance tomography.\nAt higher positive end-expiratory pressure, respiratory mechanics did not change significantly: compliance remained relatively high with low driving pressure.\nOxygenation and ventilation inhomogeneity improved but arterial co2 increased despite unchanged respiratory rate and tidal volume.\nThe recruitment to inflation ratio presented median value higher than previously reported in acute respiratory distress syndrome patients but with large variability (median, 0.79 [0.53-1.08]; range, 0.16-1.40).\nThe Fio2 needed to obtain viable oxygenation at lower positive end-expiratory pressure was significantly correlated with the recruitment to inflation ratio (r = 0.603; p = 0.05).\nThe ventilation-perfusion mismatch was elevated (median, 34% [32-45%] of lung units) and, in six out of seven patients, ventilated nonperfused units represented a much larger proportion than perfused nonventilated ones.\nIn patients with acute respiratory distress syndrome from coronavirus disease 2019, potential for lung recruitment presents large variability, while elevated dead space fraction may be a specific pathophysiological trait.\nThese findings may guide selection of personalized mechanical ventilation settings.\n", "Evidence Map": {"Enrollment": [{"term": "acute respiratory distress syndrome", "negation": "affirmed", "UMLS": "", "start": 76, "end": 111}, {"term": "coronavirus disease", "negation": "affirmed", "UMLS": "", "start": 117, "end": 136}, {"term": "intubated", "negation": "affirmed", "UMLS": "", "start": 4, "end": 13}, {"term": "acute respiratory distress syndrome", "negation": "affirmed", "UMLS": "", "start": 28, "end": 63}, {"term": "coronavirus disease", "negation": "affirmed", "UMLS": "", "start": 91, "end": 110}, {"term": "paralyzed", "negation": "affirmed", "UMLS": "", "start": 23, "end": 32}, {"term": "acute respiratory distress syndrome", "negation": "affirmed", "UMLS": "", "start": 93, "end": 128}, {"term": "distress syndrome", "negation": "affirmed", "UMLS": "", "start": 35, "end": 52}], "Comparison Results": [], "Study Arm 1 Results": [], "Study Arm 2 Results": []}, "Sentence-level breakdown": [{"Section": "TITLE", "Text": "Severe cases of coronavirus disease 2019 develop the acute respiratory distress syndrome , requiring admission to the ICU .", "Evidence Elements": {"Participant": [], "Intervention": [], "Outcome": []}, "Evidence Propositions": []}, {"Section": "OBJECTIVE", "Text": "This study aimed to describe specific pathophysiological characteristics of acute respiratory distress syndrome from coronavirus disease 2019 .", "Evidence Elements": {"Participant": [{"term": "acute respiratory distress syndrome", "negation": "affirmed", "UMLS": "", "start": 76, "end": 111}, {"term": "coronavirus disease", "negation": "affirmed", "UMLS": "", "start": 117, "end": 136}], "Intervention": [], "Outcome": [{"term": "pathophysiological characteristics", "negation": "affirmed", "UMLS": "", "start": 38, "end": 72}]}, "Evidence Propositions": []}, {"Section": "METHODS", "Text": "Prospective crossover physiologic study .", "Evidence Elements": {"Participant": [], "Intervention": [], "Outcome": []}, "Evidence Propositions": []}, {"Section": "METHODS", "Text": "ICU of a university-affiliated hospital from northern Italy dedicated to care of patients with confirmed diagnosis of coronavirus disease 2019 .", "Evidence Elements": {"Participant": [], "Intervention": [], "Outcome": []}, "Evidence Propositions": []}, {"Section": "METHODS", "Text": "Ten intubated patients with acute respiratory distress syndrome and confirmed diagnosis of coronavirus disease 2019 .", "Evidence Elements": {"Participant": [{"term": "intubated", "negation": "affirmed", "UMLS": "", "start": 4, "end": 13}, {"term": "acute respiratory distress syndrome", "negation": "affirmed", "UMLS": "", "start": 28, "end": 63}, {"term": "coronavirus disease", "negation": "affirmed", "UMLS": "", "start": 91, "end": 110}], "Intervention": [], "Outcome": []}, "Evidence Propositions": []}, {"Section": "METHODS", "Text": "We performed a two-step positive end-expiratory pressure trial with change of 10 cm H2O in random order .", "Evidence Elements": {"Participant": [], "Intervention": [], "Outcome": []}, "Evidence Propositions": []}, {"Section": "METHODS", "Text": "At each positive end-expiratory pressure level , we assessed arterial blood gases , respiratory mechanics , ventilation inhomogeneity , and potential for lung recruitment by electrical impedance tomography .", "Evidence Elements": {"Participant": [], "Intervention": [], "Outcome": [{"term": "arterial blood gases", "negation": "affirmed", "UMLS": "", "start": 61, "end": 81}, {"term": "respiratory mechanics", "negation": "affirmed", "UMLS": "", "start": 84, "end": 105}, {"term": "ventilation inhomogeneity", "negation": "affirmed", "UMLS": "", "start": 108, "end": 133}, {"term": "potential for lung recruitment", "negation": "affirmed", "UMLS": "", "start": 140, "end": 170}]}, "Evidence Propositions": []}, {"Section": "METHODS", "Text": "Potential for lung recruitment was assessed by the recently described recruitment to inflation ratio .", "Evidence Elements": {"Participant": [], "Intervention": [], "Outcome": [{"term": "Potential for lung recruitment", "negation": "affirmed", "UMLS": "", "start": 0, "end": 30}, {"term": "recruitment to inflation ratio", "negation": "affirmed", "UMLS": "", "start": 70, "end": 100}]}, "Evidence Propositions": []}, {"Section": "METHODS", "Text": "In a subgroup of seven paralyzed patients , we also measured ventilation-perfusion mismatch at lower positive end-expiratory pressure by electrical impedance tomography .", "Evidence Elements": {"Participant": [{"term": "paralyzed", "negation": "affirmed", "UMLS": "", "start": 23, "end": 32}], "Intervention": [], "Outcome": [{"term": "ventilation-perfusion mismatch at lower positive end-expiratory pressure", "negation": "affirmed", "UMLS": "", "start": 61, "end": 133}]}, "Evidence Propositions": []}, {"Section": "RESULTS", "Text": "At higher positive end-expiratory pressure , respiratory mechanics did not change significantly : compliance remained relatively high with low driving pressure .", "Evidence Elements": {"Participant": [], "Intervention": [{"term": "higher positive end-expiratory pressure", "negation": "affirmed", "UMLS": "", "start": 3, "end": 42}, {"term": "low", "negation": "negated", "UMLS": "", "start": 139, "end": 142}], "Outcome": [{"term": "respiratory mechanics", "negation": "affirmed", "UMLS": "", "start": 45, "end": 66}, {"term": "compliance", "negation": "negated", "UMLS": "", "start": 98, "end": 108}]}, "Evidence Propositions": [{"Intervention": "higher positive end-expiratory pressure", "Observation": "change significantly", "Outcome": "respiratory mechanics", "Count": ""}]}, {"Section": "RESULTS", "Text": "Oxygenation and ventilation inhomogeneity improved but arterial co2 increased despite unchanged respiratory rate and tidal volume .", "Evidence Elements": {"Participant": [], "Intervention": [], "Outcome": [{"term": "Oxygenation", "negation": "affirmed", "UMLS": "", "start": 0, "end": 11}, {"term": "ventilation inhomogeneity", "negation": "affirmed", "UMLS": "", "start": 16, "end": 41}, {"term": "arterial co2", "negation": "affirmed", "UMLS": "", "start": 55, "end": 67}, {"term": "respiratory rate", "negation": "affirmed", "UMLS": "", "start": 96, "end": 112}, {"term": "tidal volume", "negation": "affirmed", "UMLS": "", "start": 117, "end": 129}]}, "Evidence Propositions": []}, {"Section": "RESULTS", "Text": "The recruitment to inflation ratio presented median value higher than previously reported in acute respiratory distress syndrome patients but with large variability ( median , 0.79 [ 0.53-1.08 ] ; range , 0.16-1.40 ) .", "Evidence Elements": {"Participant": [{"term": "acute respiratory distress syndrome", "negation": "affirmed", "UMLS": "", "start": 93, "end": 128}], "Intervention": [{"term": "recruitment to inflation ratio", "negation": "affirmed", "UMLS": "", "start": 4, "end": 34}], "Outcome": [{"term": "median value", "negation": "affirmed", "UMLS": "", "start": 45, "end": 57}, {"term": "variability", "negation": "affirmed", "UMLS": "", "start": 153, "end": 164}]}, "Evidence Propositions": [{"Intervention": [], "Observation": "higher", "Outcome": "", "Count": ""}]}, {"Section": "RESULTS", "Text": "The Fio2 needed to obtain viable oxygenation at lower positive end-expiratory pressure was significantly correlated with the recruitment to inflation ratio ( r = 0.603 ; p = 0.05 ) .", "Evidence Elements": {"Participant": [], "Intervention": [], "Outcome": [{"term": "Fio2 needed to obtain viable oxygenation at lower positive end-expiratory pressure", "negation": "affirmed", "UMLS": "", "start": 4, "end": 86}, {"term": "recruitment to inflation ratio", "negation": "affirmed", "UMLS": "", "start": 125, "end": 155}]}, "Evidence Propositions": []}, {"Section": "RESULTS", "Text": "The ventilation-perfusion mismatch was elevated ( median , 34 % [ 32-45 % ] of lung units ) and , in six out of seven patients , ventilated nonperfused units represented a much larger proportion than perfused nonventilated ones .", "Evidence Elements": {"Participant": [], "Intervention": [{"term": "ventilated nonperfused units", "negation": "affirmed", "UMLS": "", "start": 129, "end": 157}], "Outcome": [{"term": "ventilation-perfusion mismatch", "negation": "affirmed", "UMLS": "", "start": 4, "end": 34}]}, "Evidence Propositions": []}, {"Section": "CONCLUSIONS", "Text": "In patients with acute respiratory distress syndrome from coronavirus disease 2019 , potential for lung recruitment presents large variability , while elevated dead space fraction may be a specific pathophysiological trait .", "Evidence Elements": {"Participant": [{"term": "distress syndrome", "negation": "affirmed", "UMLS": "", "start": 35, "end": 52}], "Intervention": [], "Outcome": [{"term": "for lung", "negation": "affirmed", "UMLS": "", "start": 95, "end": 103}, {"term": "dead", "negation": "affirmed", "UMLS": "", "start": 160, "end": 164}]}, "Evidence Propositions": []}, {"Section": "CONCLUSIONS", "Text": "These findings may guide selection of personalized mechanical ventilation settings .", "Evidence Elements": {"Participant": [], "Intervention": [], "Outcome": []}, "Evidence Propositions": []}]}