{"doc_id": "32329231", "type of study": "Therapy", "title": "", "abstract": "Antiviral drugs are administered in patients with severe COVID-19 respiratory syndrome, including those treated with direct oral anticoagulants (DOACs).\nConcomitant administration of antiviral agents has the potential to increase their plasma concentration.\nA series of patients managed in the Cremona Thrombosis Center were admitted at Cremona Hospital for SARS-CoV-2 and started antiviral drugs without stopping DOAC therapy.\nDOAC plasma levels were measured in hospital and results compared with those recorded before hospitalization.\nAll consecutive patients on DOACs were candidates for administration of antiviral agents (lopinavir, ritonavir, or darunavir).\nPlasma samples for DOAC measurement were collected 2to 4 days after starting antiviral treatment, at 12 hours from the last dose intake in patients on dabigatran and apixaban, and at 24 hours in those on rivaroxaban and edoxaban.\nFor each patient, C-trough DOAC level, expressed as ng/mL, was compared with the one measured before hospitalization.\nOf the 1039 patients hospitalized between February 22 and March 15, 2020 with COVID-19 pneumonia and candidates for antiviral therapy, 32 were on treatment with a DOAC.\nDOAC was stopped in 20 and continued in the remaining 12.\nOn average, C-trough levels were 6.14 times higher during hospitalization than in the pre-hospitalization period.\nDOAC patients treated with antiviral drugs show an alarming increase in DOAC plasma levels.\nIn order to prevent bleeding complications, we believe that physicians should consider withholding DOACs from patients with SARS-CoV-2 and replacing them with alternative parenteral antithrombotic strategies for as long as antiviral agents are deemed necessary and until discharge.\n", "Evidence Map": {"Enrollment": [{"term": "SARS-CoV-2", "negation": "affirmed", "UMLS": "", "start": 100, "end": 110}, {"term": "hospitalized", "negation": "affirmed", "UMLS": "", "start": 21, "end": 33}, {"term": "COVID-19 pneumonia", "negation": "affirmed", "UMLS": "", "start": 79, "end": 97}, {"term": "antiviral therapy", "negation": "affirmed", "UMLS": "", "start": 117, "end": 134}], "Comparison Results": [], "Study Arm 1 Results": [], "Study Arm 2 Results": []}, "Sentence-level breakdown": [{"Section": "TITLE", "Text": "Antiviral drugs are administered in patients with severe COVID-19 respiratory syndrome , including those treated with direct oral anticoagulants ( DOACs ) .", "Evidence Elements": {"Participant": [], "Intervention": [], "Outcome": []}, "Evidence Propositions": []}, {"Section": "METHODS", "Text": "A series of patients managed in the Cremona Thrombosis Center were admitted at Cremona Hospital for SARS-CoV-2 and started antiviral drugs without stopping DOAC therapy .", "Evidence Elements": {"Participant": [{"term": "SARS-CoV-2", "negation": "affirmed", "UMLS": "", "start": 100, "end": 110}], "Intervention": [], "Outcome": []}, "Evidence Propositions": []}, {"Section": "METHODS", "Text": "DOAC plasma levels were measured in hospital and results compared with those recorded before hospitalization .", "Evidence Elements": {"Participant": [], "Intervention": [], "Outcome": [{"term": "DOAC plasma levels", "negation": "affirmed", "UMLS": "", "start": 0, "end": 18}]}, "Evidence Propositions": []}, {"Section": "METHODS", "Text": "All consecutive patients on DOACs were candidates for administration of antiviral agents ( lopinavir , ritonavir , or darunavir ) .", "Evidence Elements": {"Participant": [], "Intervention": [{"term": "DOACs", "negation": "affirmed", "UMLS": "", "start": 28, "end": 33}, {"term": "antiviral agents", "negation": "affirmed", "UMLS": "", "start": 72, "end": 88}, {"term": "lopinavir", "negation": "affirmed", "UMLS": "", "start": 91, "end": 100}, {"term": "ritonavir", "negation": "affirmed", "UMLS": "", "start": 103, "end": 112}], "Outcome": []}, "Evidence Propositions": []}, {"Section": "METHODS", "Text": "Plasma samples for DOAC measurement were collected 2to 4 days after starting antiviral treatment , at 12 hours from the last dose intake in patients on dabigatran and apixaban , and at 24 hours in those on rivaroxaban and edoxaban .", "Evidence Elements": {"Participant": [], "Intervention": [{"term": "dabigatran", "negation": "affirmed", "UMLS": "", "start": 152, "end": 162}, {"term": "apixaban", "negation": "affirmed", "UMLS": "", "start": 167, "end": 175}, {"term": "rivaroxaban", "negation": "affirmed", "UMLS": "", "start": 206, "end": 217}], "Outcome": [{"term": "Plasma samples for DOAC measurement", "negation": "affirmed", "UMLS": "", "start": 0, "end": 35}]}, "Evidence Propositions": []}, {"Section": "METHODS", "Text": "For each patient , C-trough DOAC level , expressed as ng / mL , was compared with the one measured before hospitalization .", "Evidence Elements": {"Participant": [], "Intervention": [], "Outcome": [{"term": "C-trough DOAC level", "negation": "affirmed", "UMLS": "", "start": 19, "end": 38}]}, "Evidence Propositions": []}, {"Section": "RESULTS", "Text": "Of the 1039 patients hospitalized between February 22 and March 15 , 2020 with COVID-19 pneumonia and candidates for antiviral therapy , 32 were on treatment with a DOAC .", "Evidence Elements": {"Participant": [{"term": "hospitalized", "negation": "affirmed", "UMLS": "", "start": 21, "end": 33}, {"term": "COVID-19 pneumonia", "negation": "affirmed", "UMLS": "", "start": 79, "end": 97}, {"term": "antiviral therapy", "negation": "affirmed", "UMLS": "", "start": 117, "end": 134}], "Intervention": [], "Outcome": []}, "Evidence Propositions": []}, {"Section": "RESULTS", "Text": "DOAC was stopped in 20 and continued in the remaining 12 .", "Evidence Elements": {"Participant": [], "Intervention": [{"term": "DOAC", "negation": "affirmed", "UMLS": "", "start": 0, "end": 4}], "Outcome": []}, "Evidence Propositions": []}, {"Section": "RESULTS", "Text": "On average , C-trough levels were 6.14 times higher during hospitalization than in the pre-hospitalization period .", "Evidence Elements": {"Participant": [], "Intervention": [], "Outcome": [{"term": "C-trough levels", "negation": "affirmed", "UMLS": "", "start": 13, "end": 28}]}, "Evidence Propositions": [{"Intervention": [], "Observation": "6.14 times higher", "Outcome": "C-trough levels", "Count": ""}]}, {"Section": "CONCLUSIONS", "Text": "DOAC patients treated with antiviral drugs show an alarming increase in DOAC plasma levels .", "Evidence Elements": {"Participant": [], "Intervention": [{"term": "DOAC", "negation": "affirmed", "UMLS": "", "start": 0, "end": 4}, {"term": "antiviral drugs", "negation": "affirmed", "UMLS": "", "start": 27, "end": 42}], "Outcome": [{"term": "DOAC plasma levels", "negation": "affirmed", "UMLS": "", "start": 72, "end": 90}]}, "Evidence Propositions": [{"Intervention": "DOAC", "Observation": "alarming increase", "Outcome": "DOAC plasma levels", "Count": ""}, {"Intervention": "antiviral drugs", "Observation": "alarming increase", "Outcome": "DOAC plasma levels", "Count": ""}]}, {"Section": "CONCLUSIONS", "Text": "In order to prevent bleeding complications , we believe that physicians should consider withholding DOACs from patients with SARS-CoV-2 and replacing them with alternative parenteral antithrombotic strategies for as long as antiviral agents are deemed necessary and until discharge .", "Evidence Elements": {"Participant": [], "Intervention": [], "Outcome": []}, "Evidence Propositions": []}]}