{"doc_id": "32324352", "type of study": "Therapy", "title": "", "abstract": "This paper discusses the possible effects of comedication on COVID-19 and the current treatment options for this infection.\nIt is very doubtful that comedication has a disadvantageous effect on the course of the disease.\nNSAIDs should be avoided in any patient with a possible severe disease, because of potential side effects.\nInhibitors of the renin-angiotensin aldosterone system should be continued when there is a solid indication, and stopped in case of hemodynamic problems.\nThere is no preference for either ACE inhibitors or angiotensin II receptor inhibitors.\nCurrently, chloroquine and remdesivir are possible treatment options.\nThere is no sound evidence for either treatment.\nChloroquine has side effects (nausea, QT prolongation) and there are several drug interactions.\nThe treatment should be reconsidered in the event of side effects and when inferior medication for comorbidity must be prescribed because of possible interactions.\nLopinavir/ritonavir is not effective.\nSupportive care is at present the mainstay of the treatment.\n", "Evidence Map": {"Enrollment": [{"term": "infection", "negation": "affirmed", "UMLS": "", "start": 113, "end": 122}], "Comparison Results": [], "Study Arm 1 Results": [], "Study Arm 2 Results": []}, "Sentence-level breakdown": [{"Section": "TITLE", "Text": "This paper discusses the possible effects of comedication on COVID-19 and the current treatment options for this infection .", "Evidence Elements": {"Participant": [{"term": "infection", "negation": "affirmed", "UMLS": "", "start": 113, "end": 122}], "Intervention": [{"term": "comedication", "negation": "affirmed", "UMLS": "", "start": 45, "end": 57}], "Outcome": [{"term": "COVID-19", "negation": "affirmed", "UMLS": "", "start": 61, "end": 69}]}, "Evidence Propositions": []}, {"Section": "RESULTS", "Text": "It is very doubtful that comedication has a disadvantageous effect on the course of the disease .", "Evidence Elements": {"Participant": [], "Intervention": [{"term": "comedication", "negation": "affirmed", "UMLS": "", "start": 25, "end": 37}], "Outcome": [{"term": "course of", "negation": "affirmed", "UMLS": "", "start": 74, "end": 83}]}, "Evidence Propositions": [{"Intervention": "comedication", "Observation": "disadvantageous effect", "Outcome": "course of", "Count": ""}]}, {"Section": "RESULTS", "Text": "NSAIDs should be avoided in any patient with a possible severe disease , because of potential side effects .", "Evidence Elements": {"Participant": [], "Intervention": [], "Outcome": []}, "Evidence Propositions": []}, {"Section": "RESULTS", "Text": "Inhibitors of the renin-angiotensin aldosterone system should be continued when there is a solid indication , and stopped in case of hemodynamic problems .", "Evidence Elements": {"Participant": [], "Intervention": [], "Outcome": []}, "Evidence Propositions": []}, {"Section": "RESULTS", "Text": "There is no preference for either ACE inhibitors or angiotensin II receptor inhibitors .", "Evidence Elements": {"Participant": [], "Intervention": [{"term": "ACE inhibitors", "negation": "negated", "UMLS": "", "start": 34, "end": 48}, {"term": "angiotensin II receptor inhibitors", "negation": "negated", "UMLS": "", "start": 52, "end": 86}], "Outcome": []}, "Evidence Propositions": []}, {"Section": "RESULTS", "Text": "Currently , chloroquine and remdesivir are possible treatment options .", "Evidence Elements": {"Participant": [], "Intervention": [], "Outcome": []}, "Evidence Propositions": []}, {"Section": "RESULTS", "Text": "There is no sound evidence for either treatment .", "Evidence Elements": {"Participant": [], "Intervention": [{"term": "either treatment", "negation": "negated", "UMLS": "", "start": 31, "end": 47}], "Outcome": []}, "Evidence Propositions": []}, {"Section": "RESULTS", "Text": "Chloroquine has side effects ( nausea , QT prolongation ) and there are several drug interactions .", "Evidence Elements": {"Participant": [], "Intervention": [], "Outcome": []}, "Evidence Propositions": []}, {"Section": "RESULTS", "Text": "The treatment should be reconsidered in the event of side effects and when inferior medication for comorbidity must be prescribed because of possible interactions .", "Evidence Elements": {"Participant": [], "Intervention": [], "Outcome": []}, "Evidence Propositions": []}, {"Section": "RESULTS", "Text": "Lopinavir / ritonavir is not effective .", "Evidence Elements": {"Participant": [], "Intervention": [{"term": "ritonavir", "negation": "affirmed", "UMLS": "", "start": 12, "end": 21}], "Outcome": []}, "Evidence Propositions": []}, {"Section": "CONCLUSIONS", "Text": "Supportive care is at present the mainstay of the treatment .", "Evidence Elements": {"Participant": [], "Intervention": [], "Outcome": []}, "Evidence Propositions": []}]}