{"doc_id": "32320740", "type of study": "Therapy", "title": "", "abstract": "The pandemic of coronavirus disease 2019 (COVID-19) has become a global threat to public health.\nThe lipid pathophysiology in COVID-19 is unknown.\nIn this retrospective longitudinal study, we monitored the serum lipids in 17 surviving and 4 non-surviving COVID-19 cases prior to their viral infections and duration the entire disease courses.\nIn surviving cases, the low-density lipoprotein (LDL) levels decreased significantly on admission as compared with the levels before infection; the LDL levels remained constantly low during the disease progression and resumed to the original levels when patients recovered (pre-infection: 3.5 (3.0-4.4); on admission: 2.8 (2.3-3.1), p < 0.01; progression: 2.5 (2.3-3.0); discharge: 3.6 (2.7-4.1); median (IQR), in mmol/L).\nIn non-surviving patients, LDL levels showed an irreversible and continuous decrease until death (1.1 (0.9-1.2), p = 0.02 versus the levels on admission).\nThe ratio changes of LDL levels inversely correlated with ratio changes of high-sensitivity C-reactive protein levels.\nLogistic regression analysis showed increasing odds of lowered LDL levels associated with disease progression (odds ratio: 4.48, 95% IC: 1.55-12.92, p = 0.006) and in-hospital death (odds ratio: 21.72, 95% IC: 1.40-337.54, p = 0.028).\nLDL levels inversely correlated to disease severities, which could be a predictor for disease progress and poor prognosis.\n", "Evidence Map": {"Enrollment": [{"term": "surviving", "negation": "affirmed", "UMLS": "", "start": 79, "end": 88}, {"term": "non-surviving COVID-19", "negation": "affirmed", "UMLS": "", "start": 95, "end": 117}, {"term": "non-surviving", "negation": "affirmed", "UMLS": "", "start": 3, "end": 16}], "Comparison Results": [], "Study Arm 1 Results": [], "Study Arm 2 Results": []}, "Sentence-level breakdown": [{"Section": "TITLE", "Text": "The pandemic of coronavirus disease 2019 ( COVID-19 ) has become a global threat to public health .", "Evidence Elements": {"Participant": [], "Intervention": [], "Outcome": []}, "Evidence Propositions": []}, {"Section": "METHODS", "Text": "In this retrospective longitudinal study , we monitored the serum lipids in 17 surviving and 4 non-surviving COVID-19 cases prior to their viral infections and duration the entire disease courses .", "Evidence Elements": {"Participant": [{"term": "surviving", "negation": "affirmed", "UMLS": "", "start": 79, "end": 88}, {"term": "non-surviving COVID-19", "negation": "affirmed", "UMLS": "", "start": 95, "end": 117}], "Intervention": [], "Outcome": [{"term": "serum lipids", "negation": "affirmed", "UMLS": "", "start": 60, "end": 72}, {"term": "viral", "negation": "affirmed", "UMLS": "", "start": 139, "end": 144}]}, "Evidence Propositions": []}, {"Section": "RESULTS", "Text": "In surviving cases , the low-density lipoprotein ( LDL ) levels decreased significantly on admission as compared with the levels before infection ; the LDL levels remained constantly low during the disease progression and resumed to the original levels when patients recovered ( pre-infection : 3.5 ( 3.0-4.4 ) ; on admission : 2.8 ( 2.3-3.1 ) , p < 0.01 ; progression : 2.5 ( 2.3-3.0 ) ; discharge : 3.6 ( 2.7-4.1 ) ; median ( IQR", "Evidence Elements": {"Participant": [], "Intervention": [{"term": "surviving", "negation": "affirmed", "UMLS": "", "start": 3, "end": 12}, {"term": "levels before infection", "negation": "affirmed", "UMLS": "", "start": 122, "end": 145}], "Outcome": [{"term": "low-density lipoprotein ( LDL ) levels", "negation": "affirmed", "UMLS": "", "start": 25, "end": 63}, {"term": "LDL levels", "negation": "affirmed", "UMLS": "", "start": 152, "end": 162}, {"term": "recovered", "negation": "affirmed", "UMLS": "", "start": 267, "end": 276}]}, "Evidence Propositions": [{"Intervention": "surviving", "Observation": "resumed", "Outcome": "recovered", "Count": ""}, {"Intervention": "surviving", "Observation": "3.5 ( 3.0-4.4 )", "Outcome": "recovered", "Count": ""}]}, {"Section": "RESULTS", "Text": "In non-surviving patients , LDL levels showed an irreversible and continuous decrease until death ( 1.1 ( 0.9-1.2 ) , p = 0.02 versus the levels on admission ) .", "Evidence Elements": {"Participant": [{"term": "non-surviving", "negation": "affirmed", "UMLS": "", "start": 3, "end": 16}], "Intervention": [], "Outcome": [{"term": "LDL levels", "negation": "affirmed", "UMLS": "", "start": 28, "end": 38}, {"term": "death", "negation": "affirmed", "UMLS": "", "start": 92, "end": 97}]}, "Evidence Propositions": []}, {"Section": "RESULTS", "Text": "The ratio changes of LDL levels inversely correlated with ratio changes of high-sensitivity C-reactive protein levels .", "Evidence Elements": {"Participant": [], "Intervention": [], "Outcome": [{"term": "ratio changes of LDL levels", "negation": "affirmed", "UMLS": "", "start": 4, "end": 31}, {"term": "ratio changes of high-sensitivity C-reactive protein levels", "negation": "affirmed", "UMLS": "", "start": 58, "end": 117}]}, "Evidence Propositions": []}, {"Section": "RESULTS", "Text": "Logistic regression analysis showed increasing odds of lowered LDL levels associated with disease progression ( odds ratio : 4.48 , 95 % IC : 1.55-12.92 , p=0.006 ) and in-hospital death ( odds ratio : 21.72 , 95 % IC : 1.40-337.54 , p=0.028 ) .", "Evidence Elements": {"Participant": [], "Intervention": [], "Outcome": [{"term": "odds of lowered LDL levels associated with disease progression", "negation": "affirmed", "UMLS": "", "start": 47, "end": 109}, {"term": "in-hospital death", "negation": "affirmed", "UMLS": "", "start": 169, "end": 186}]}, "Evidence Propositions": []}, {"Section": "CONCLUSIONS", "Text": "LDL levels inversely correlated to disease severities , which could be a predictor for disease progress and poor prognosis .", "Evidence Elements": {"Participant": [], "Intervention": [], "Outcome": [{"term": "LDL levels", "negation": "affirmed", "UMLS": "", "start": 0, "end": 10}, {"term": "disease severities", "negation": "affirmed", "UMLS": "", "start": 35, "end": 53}, {"term": "disease progress", "negation": "affirmed", "UMLS": "", "start": 87, "end": 103}]}, "Evidence Propositions": []}]}