{"doc_id": "32327397", "type of study": "Therapy", "title": "", "abstract": "Combinations of hydroxychloroquine (HCQ) and azithromycin have been promoted as treatments for COVID-19 based on small, uncontrolled clinical trials that have not assessed potential risks.\nRisks of treatment include QT segment prolongation, Torsades de Pointes (TdP), and death.\nThis comparative pharmacovigilance analysis evaluated the risk of these events.\nData from the U.S. Food and Drug Administration's Adverse Event Reporting System (FAERS) (>13 million total reports) were used.\nQueries extracted reports based on exposures of HCQ/chloroquine (CQ) alone, azithromycin alone, HCQ/CQ + azithromycin, amoxicillin alone, HCQ/CQ + amoxicillin alone.\nAmoxicillin served as a control.\nEvents of interest included death and TdP/QT prolongation as well as accidents/injuries and depression as control events.\nProportional Reporting Ratios (PRR) and 95% confidence intervals (CI) were calculated where a lower limit of the of 95% CI (Lower95CI) value of >=2.0 is interpreted as a potential safety signal.\nLower95CIs for HCQ/CQ alone showed no potential safety signals for TdP/QT prolongation, death, or any of the control events included.\nThe PRRs and 95% CIs for TdP/QT prolongation was 1.43 (1.29-2.59) with HCQ/CQ use alone and 4.10 (3.80-4.42) for azithromycin alone.\nFor the combined HCQ/CQ + azithromycin group, the PRR and 95% CI was 3.77 (1.80-7.87).\nFor the control of amoxicillin, there were no safety signals when used alone or in combination with HCQ/CQ.\nHCQ/CQ use was not associated with a safety signal in this analysis of FAERS data.\nHowever, azithromycin used alone was associated with TdP/QT prolongation events and should be used with caution.\n", "Evidence Map": {"Enrollment": [], "Comparison Results": [], "Study Arm 1 Results": [], "Study Arm 2 Results": []}, "Sentence-level breakdown": [{"Section": "TITLE", "Text": "Combinations of hydroxychloroquine ( HCQ ) and azithromycin have been promoted as treatments for COVID-19 based on small , uncontrolled clinical trials that have not assessed potential risks .", "Evidence Elements": {"Participant": [], "Intervention": [], "Outcome": []}, "Evidence Propositions": []}, {"Section": "OBJECTIVE", "Text": "This comparative pharmacovigilance analysis evaluated the risk of these events .", "Evidence Elements": {"Participant": [], "Intervention": [], "Outcome": [{"term": "risk of these events", "negation": "affirmed", "UMLS": "", "start": 58, "end": 78}]}, "Evidence Propositions": []}, {"Section": "METHODS", "Text": "Data from the U.S . Food and Drug Administration 's Adverse Event Reporting System ( FAERS ) ( > 13 million total reports ) were used .", "Evidence Elements": {"Participant": [], "Intervention": [], "Outcome": []}, "Evidence Propositions": []}, {"Section": "METHODS", "Text": "Queries extracted reports based on exposures of HCQ / chloroquine ( CQ ) alone , azithromycin alone , HCQ / CQ + azithromycin , amoxicillin alone , HCQ / CQ + amoxicillin alone .", "Evidence Elements": {"Participant": [], "Intervention": [{"term": "chloroquine ( CQ ) alone", "negation": "affirmed", "UMLS": "", "start": 54, "end": 78}, {"term": "azithromycin alone", "negation": "affirmed", "UMLS": "", "start": 81, "end": 99}, {"term": "CQ + azithromycin", "negation": "affirmed", "UMLS": "", "start": 108, "end": 125}, {"term": "amoxicillin alone", "negation": "affirmed", "UMLS": "", "start": 128, "end": 145}], "Outcome": []}, "Evidence Propositions": []}, {"Section": "METHODS", "Text": "Amoxicillin served as a control .", "Evidence Elements": {"Participant": [], "Intervention": [{"term": "Amoxicillin", "negation": "affirmed", "UMLS": "", "start": 0, "end": 11}], "Outcome": []}, "Evidence Propositions": []}, {"Section": "METHODS", "Text": "Events of interest included death and TdP / QT prolongation as well as accidents / injuries and depression as control events .", "Evidence Elements": {"Participant": [], "Intervention": [], "Outcome": [{"term": "death", "negation": "affirmed", "UMLS": "", "start": 28, "end": 33}, {"term": "QT prolongation", "negation": "affirmed", "UMLS": "", "start": 44, "end": 59}, {"term": "injuries", "negation": "affirmed", "UMLS": "", "start": 83, "end": 91}, {"term": "depression", "negation": "affirmed", "UMLS": "", "start": 96, "end": 106}]}, "Evidence Propositions": []}, {"Section": "METHODS", "Text": "Proportional Reporting Ratios ( PRR ) and 95 % confidence intervals ( CI ) were calculated where a lower limit of the of 95 % CI ( Lower95CI ) value of > =2.0 is interpreted as a potential safety signal .", "Evidence Elements": {"Participant": [], "Intervention": [], "Outcome": [{"term": "Proportional Reporting Ratios ( PRR )", "negation": "affirmed", "UMLS": "", "start": 0, "end": 37}, {"term": "95 % confidence intervals ( CI )", "negation": "affirmed", "UMLS": "", "start": 42, "end": 74}]}, "Evidence Propositions": []}, {"Section": "RESULTS", "Text": "Lower95CIs for HCQ / CQ alone showed no potential safety signals for TdP / QT prolongation , death , or any of the control events included .", "Evidence Elements": {"Participant": [], "Intervention": [{"term": "CQ alone", "negation": "affirmed", "UMLS": "", "start": 21, "end": 29}], "Outcome": [{"term": "potential safety signals", "negation": "negated", "UMLS": "", "start": 40, "end": 64}, {"term": "QT prolongation", "negation": "negated", "UMLS": "", "start": 75, "end": 90}, {"term": "death", "negation": "negated", "UMLS": "", "start": 93, "end": 98}, {"term": "any of the control", "negation": "negated", "UMLS": "", "start": 104, "end": 122}]}, "Evidence Propositions": [{"Intervention": "CQ alone", "Observation": "Lower95CIs", "Outcome": "potential safety signals", "Count": ""}]}, {"Section": "RESULTS", "Text": "The PRRs and 95 % CIs for TdP / QT prolongation was 1.43 ( 1.29-2.59 ) with HCQ / CQ use alone and 4.10 ( 3.80-4.42 ) for azithromycin alone .", "Evidence Elements": {"Participant": [], "Intervention": [{"term": "CQ use alone", "negation": "affirmed", "UMLS": "", "start": 82, "end": 94}], "Outcome": [{"term": "PRRs", "negation": "affirmed", "UMLS": "", "start": 4, "end": 8}, {"term": "95 % CIs for", "negation": "affirmed", "UMLS": "", "start": 13, "end": 25}, {"term": "QT prolongation", "negation": "affirmed", "UMLS": "", "start": 32, "end": 47}]}, "Evidence Propositions": [{"Intervention": "CQ use alone", "Observation": "1.43 ( 1.29-2.59 )", "Outcome": "PRRs", "Count": ""}, {"Intervention": "CQ use alone", "Observation": "1.43 ( 1.29-2.59 )", "Outcome": "95 % CIs for", "Count": ""}, {"Intervention": "CQ use alone", "Observation": "1.43 ( 1.29-2.59 )", "Outcome": "QT prolongation", "Count": ""}]}, {"Section": "RESULTS", "Text": "For the combined HCQ / CQ + azithromycin group , the PRR and 95 % CI was 3.77 ( 1.80-7.87 ) .", "Evidence Elements": {"Participant": [], "Intervention": [{"term": "combined", "negation": "affirmed", "UMLS": "", "start": 8, "end": 16}, {"term": "CQ + azithromycin", "negation": "affirmed", "UMLS": "", "start": 23, "end": 40}], "Outcome": [{"term": "PRR", "negation": "affirmed", "UMLS": "", "start": 53, "end": 56}, {"term": "95 % CI", "negation": "affirmed", "UMLS": "", "start": 61, "end": 68}]}, "Evidence Propositions": []}, {"Section": "RESULTS", "Text": "For the control of amoxicillin , there were no safety signals when used alone or in combination with HCQ / CQ .", "Evidence Elements": {"Participant": [], "Intervention": [{"term": "amoxicillin", "negation": "affirmed", "UMLS": "", "start": 19, "end": 30}, {"term": "alone", "negation": "negated", "UMLS": "", "start": 72, "end": 77}, {"term": "combination with", "negation": "negated", "UMLS": "", "start": 84, "end": 100}], "Outcome": [{"term": "control", "negation": "affirmed", "UMLS": "", "start": 8, "end": 15}, {"term": "safety signals", "negation": "negated", "UMLS": "", "start": 47, "end": 61}]}, "Evidence Propositions": []}, {"Section": "CONCLUSIONS", "Text": "HCQ / CQ use was not associated with a safety signal in this analysis of FAERS data .", "Evidence Elements": {"Participant": [], "Intervention": [{"term": "CQ", "negation": "affirmed", "UMLS": "", "start": 1, "end": 3}], "Outcome": [{"term": "safety signal", "negation": "negated", "UMLS": "", "start": 39, "end": 52}]}, "Evidence Propositions": []}, {"Section": "CONCLUSIONS", "Text": "However , azithromycin used alone was associated with TdP / QT prolongation events and should be used with caution .", "Evidence Elements": {"Participant": [], "Intervention": [{"term": "azithromycin used alone", "negation": "affirmed", "UMLS": "", "start": 10, "end": 33}], "Outcome": [{"term": "QT prolongation events", "negation": "affirmed", "UMLS": "", "start": 60, "end": 82}]}, "Evidence Propositions": []}]}