{"doc_id": "32323565", "type of study": "Therapy", "title": "", "abstract": "Human lungs single-cell RNA sequencing data from healthy donors (elderly and young; GEO accession no. GSE122960) were analyzed to isolate and specifically study gene expression in alveolar type II cells.\nColocalization of angiotensin-converting enzyme 2 (ACE2) and TMPRSS2 enables severe acute respiratory syndrome coronavirus 2 (SARS-CoV 2) to enter the cells.\nExpression levels of these genes in the alveolar type II cells of elderly and young patients were comparable and, therefore, do not seem to be responsible for worse outcomes observed in coronavirus disease 2019 (COVID-19) affected elderly.\nIn cells from the elderly, 263 genes were downregulated and 95 upregulated.\nSuperoxide dismutase 3 (SOD3) was identified as the top-ranked gene that was most downregulated in the elderly.\nOther redox-active genes that were also downregulated in cells from the elderly included activating transcription factor 4 (ATF4) and metallothionein 2A (M2TA).\nATF4 is an endoplasmic reticulum stress sensor that defends lungs via induction of heme oxygenase 1.\nThe study of downstream factors known to be induced by ATF4, according to Ingenuity Pathway Analysis , identified 24 candidates.\nTwenty-one of these were significantly downregulated in the cells from the elderly.\nThese downregulated candidates were subjected to enrichment using the Reactome Database identifying that in the elderly, the ability to respond to heme deficiency and the ATF4-dependent ability to respond to endoplasmic reticulum stress is significantly compromised.\nSOD3-based therapeutic strategies have provided beneficial results in treating lung disorders including fibrosis.\nThe findings of this study propose the hypotheses that lung-specific delivery of SOD3/ATF4-related antioxidants will work in synergy with promising antiviral drugs such as remdesivir to further improve COVID-19 outcomes in the elderly.\n", "Evidence Map": {"Enrollment": [{"term": "healthy", "negation": "affirmed", "UMLS": "", "start": 49, "end": 56}, {"term": "elderly", "negation": "negated", "UMLS": "", "start": 66, "end": 73}, {"term": "young", "negation": "affirmed", "UMLS": "", "start": 78, "end": 83}, {"term": "coronavirus disease 2019 (", "negation": "affirmed", "UMLS": "", "start": 188, "end": 214}, {"term": "elderly", "negation": "affirmed", "UMLS": "", "start": 18, "end": 25}, {"term": "elderly", "negation": "affirmed", "UMLS": "", "start": 112, "end": 119}, {"term": "elderly", "negation": "affirmed", "UMLS": "", "start": 229, "end": 236}], "Comparison Results": [], "Study Arm 1 Results": [], "Study Arm 2 Results": []}, "Sentence-level breakdown": [{"Section": "TITLE", "Text": "Human lungs single-cell RNA sequencing data from healthy donors ( elderly and young ; GEO accession no . GSE122960 ) were analyzed to isolate and specifically study gene expression in alveolar type II cells .", "Evidence Elements": {"Participant": [{"term": "healthy", "negation": "affirmed", "UMLS": "", "start": 49, "end": 56}], "Intervention": [], "Outcome": [{"term": "gene expression", "negation": "negated", "UMLS": "", "start": 165, "end": 180}]}, "Evidence Propositions": []}, {"Section": "RESULTS", "Text": "Colocalization of angiotensin-converting enzyme 2 ( ACE2 ) and TMPRSS2 enables severe acute respiratory syndrome coronavirus 2 ( SARS-CoV 2 ) to enter the cells .", "Evidence Elements": {"Participant": [], "Intervention": [], "Outcome": []}, "Evidence Propositions": []}, {"Section": "RESULTS", "Text": "Expression levels of these genes in the alveolar type II cells of elderly and young patients were comparable and , therefore , do not seem to be responsible for worse outcomes observed in coronavirus disease 2019 ( COVID-19 ) affected elderly .", "Evidence Elements": {"Participant": [{"term": "elderly", "negation": "negated", "UMLS": "", "start": 66, "end": 73}, {"term": "young", "negation": "affirmed", "UMLS": "", "start": 78, "end": 83}, {"term": "coronavirus disease 2019 (", "negation": "affirmed", "UMLS": "", "start": 188, "end": 214}], "Intervention": [], "Outcome": [{"term": "Expression levels of", "negation": "affirmed", "UMLS": "", "start": 0, "end": 20}, {"term": "genes in", "negation": "affirmed", "UMLS": "", "start": 27, "end": 35}, {"term": "alveolar type II cells", "negation": "affirmed", "UMLS": "", "start": 40, "end": 62}, {"term": "outcomes", "negation": "negated", "UMLS": "", "start": 167, "end": 175}]}, "Evidence Propositions": [{"Intervention": [], "Observation": "worse", "Outcome": "", "Count": ""}]}, {"Section": "RESULTS", "Text": "In cells from the elderly , 263 genes were downregulated and 95 upregulated .", "Evidence Elements": {"Participant": [{"term": "elderly", "negation": "affirmed", "UMLS": "", "start": 18, "end": 25}], "Intervention": [], "Outcome": []}, "Evidence Propositions": []}, {"Section": "RESULTS", "Text": "Superoxide dismutase 3 ( SOD3 ) was identified as the top-ranked gene that was most downregulated in the elderly .", "Evidence Elements": {"Participant": [], "Intervention": [], "Outcome": [{"term": "Superoxide dismutase 3 ( SOD3 )", "negation": "affirmed", "UMLS": "", "start": 0, "end": 31}]}, "Evidence Propositions": [{"Intervention": [], "Observation": "most downregulated", "Outcome": "Superoxide dismutase 3 ( SOD3 )", "Count": ""}]}, {"Section": "RESULTS", "Text": "Other redox-active genes that were also downregulated in cells from the elderly included activating transcription factor 4 ( ATF4 ) and metallothionein 2A ( M2TA ) .", "Evidence Elements": {"Participant": [], "Intervention": [{"term": "elderly", "negation": "affirmed", "UMLS": "", "start": 72, "end": 79}], "Outcome": [{"term": "redox-active genes", "negation": "affirmed", "UMLS": "", "start": 6, "end": 24}, {"term": "activating transcription factor 4 ( ATF4 )", "negation": "affirmed", "UMLS": "", "start": 89, "end": 131}, {"term": "metallothionein", "negation": "affirmed", "UMLS": "", "start": 136, "end": 151}]}, "Evidence Propositions": [{"Intervention": "elderly", "Observation": "downregulated", "Outcome": "redox-active genes", "Count": ""}, {"Intervention": "elderly", "Observation": "downregulated", "Outcome": "activating transcription factor 4 ( ATF4 )", "Count": ""}, {"Intervention": "elderly", "Observation": "downregulated", "Outcome": "metallothionein", "Count": ""}]}, {"Section": "RESULTS", "Text": "ATF4 is an endoplasmic reticulum stress sensor that defends lungs via induction of heme oxygenase 1 .", "Evidence Elements": {"Participant": [], "Intervention": [], "Outcome": []}, "Evidence Propositions": []}, {"Section": "RESULTS", "Text": "The study of downstream factors known to be induced by ATF4 , according to Ingenuity Pathway Analysis , identified 24 candidates .", "Evidence Elements": {"Participant": [], "Intervention": [], "Outcome": [{"term": "downstream factors", "negation": "affirmed", "UMLS": "", "start": 13, "end": 31}]}, "Evidence Propositions": []}, {"Section": "RESULTS", "Text": "Twenty-one of these were significantly downregulated in the cells from the elderly .", "Evidence Elements": {"Participant": [], "Intervention": [{"term": "elderly", "negation": "affirmed", "UMLS": "", "start": 75, "end": 82}], "Outcome": []}, "Evidence Propositions": []}, {"Section": "RESULTS", "Text": "These downregulated candidates were subjected to enrichment using the Reactome Database identifying that in the elderly , the ability to respond to heme deficiency and the ATF4-dependent ability to respond to endoplasmic reticulum stress is significantly compromised .", "Evidence Elements": {"Participant": [{"term": "elderly", "negation": "affirmed", "UMLS": "", "start": 112, "end": 119}], "Intervention": [], "Outcome": [{"term": "ability to respond to heme deficiency", "negation": "affirmed", "UMLS": "", "start": 126, "end": 163}, {"term": "ATF4-dependent ability to respond to endoplasmic reticulum stress", "negation": "affirmed", "UMLS": "", "start": 172, "end": 237}]}, "Evidence Propositions": []}, {"Section": "CONCLUSIONS", "Text": "SOD3-based therapeutic strategies have provided beneficial results in treating lung disorders including fibrosis .", "Evidence Elements": {"Participant": [], "Intervention": [], "Outcome": []}, "Evidence Propositions": []}, {"Section": "CONCLUSIONS", "Text": "The findings of this study propose the hypotheses that lung-specific delivery of SOD3 / ATF4-related antioxidants will work in synergy with promising antiviral drugs such as remdesivir to further improve COVID-19 outcomes in the elderly .", "Evidence Elements": {"Participant": [{"term": "elderly", "negation": "affirmed", "UMLS": "", "start": 229, "end": 236}], "Intervention": [{"term": "lung-specific delivery of", "negation": "affirmed", "UMLS": "", "start": 55, "end": 80}, {"term": "ATF4-related antioxidants", "negation": "affirmed", "UMLS": "", "start": 88, "end": 113}, {"term": "remdesivir", "negation": "affirmed", "UMLS": "", "start": 174, "end": 184}], "Outcome": [{"term": "COVID-19 outcomes", "negation": "affirmed", "UMLS": "", "start": 204, "end": 221}]}, "Evidence Propositions": []}]}