{"doc_id": "32324209", "type of study": "Therapy", "title": "", "abstract": "Importance: Data are lacking whether patients with hypertension who are taking angiotensin-converting enzyme inhibitors (ACEIs) or angiotensin receptor blockers (ARBs) have increased severity or risk of mortality during hospitalization for coronavirus disease 2019 (COVID-19).\nObjective: To investigate the association between ACEIs/ARBs and severity of illness and mortality in patients with hypertension hospitalized for COVID-19 infection.\nDesign, Setting, and Participants: Retrospective, single-center case series of the 1178 hospitalized patients with COVID-19 infections at the Central Hospital of Wuhan, China, from January 15 to March 15, 2020.\nMain Outcomes and Measures: COVID-19 was confirmed by real-time reverse transcription-polymerase chain reaction and epidemiologic, clinical, radiologic, laboratory, and drug therapy data were analyzed in all patients.\nThe percentage of patients with hypertension taking ACEIs/ARBs was compared between those with severe vs nonsevere illness and between survivors vs nonsurvivors.\nResults: Of the 1178 patients with COVID-19, the median age was 55.5 years (interquartile range, 38-67 years) and 545 (46.3%) were men.\nThe overall in-hospital mortality was 11.0%.\nThere were 362 patients with hypertension (30.7% of the total group; median age, 66.0 years [interquartile range, 59-73 years]; 189 [52.2%] were men), of whom 115 (31.8%) were taking ACEI/ARBs.\nThe in-hospital mortality in the patients with hypertension was 21.3%.\nThe percentage of patients with hypertension taking ACEIs/ARBs did not differ between those with severe and nonsevere infections (32.9% vs 30.7%; P = .65) nor did it differ between nonsurvivors and survivors (27.3% vs 33.0%; P = .34).\nSimilar findings were observed when data were analyzed for patients taking ACEIs and those taking ARBs.\nConclusions and Relevance: This study provides clinical data on the association between ACEIs/ARBs and outcomes in patients with hypertension hospitalized with COVID-19 infections, suggesting that ACEIs/ARBs are not associated with the severity or mortality of COVID-19 in such patients.\nThese data support current guidelines and societal recommendations for treating hypertension during the COVID-19 pandemic.\n", "Evidence Map": {"Enrollment": [{"term": "hypertension", "negation": "affirmed", "UMLS": "", "start": 119, "end": 131}, {"term": "hospitalized", "negation": "affirmed", "UMLS": "", "start": 132, "end": 144}, {"term": "COVID-19", "negation": "affirmed", "UMLS": "", "start": 149, "end": 157}, {"term": "hospitalized", "negation": "affirmed", "UMLS": "", "start": 92, "end": 104}, {"term": "COVID-19 infections", "negation": "affirmed", "UMLS": "", "start": 119, "end": 138}, {"term": "severe", "negation": "affirmed", "UMLS": "", "start": 97, "end": 103}, {"term": "illness", "negation": "affirmed", "UMLS": "", "start": 117, "end": 124}, {"term": "COVID-19", "negation": "affirmed", "UMLS": "", "start": 36, "end": 44}, {"term": "hypertension", "negation": "affirmed", "UMLS": "", "start": 29, "end": 41}, {"term": "hypertension", "negation": "affirmed", "UMLS": "", "start": 47, "end": 59}, {"term": "severe and nonsevere infections", "negation": "negated", "UMLS": "", "start": 99, "end": 130}, {"term": "hypertension", "negation": "affirmed", "UMLS": "", "start": 132, "end": 144}, {"term": "hospitalized", "negation": "affirmed", "UMLS": "", "start": 145, "end": 157}, {"term": "COVID-19 infections", "negation": "affirmed", "UMLS": "", "start": 163, "end": 182}], "Comparison Results": [], "Study Arm 1 Results": [], "Study Arm 2 Results": []}, "Sentence-level breakdown": [{"Section": "TITLE", "Text": "Importance : Data are lacking whether patients with hypertension who are taking angiotensin-converting enzyme inhibitors ( ACEIs ) or angiotensin receptor blockers ( ARBs ) have increased severity or risk of mortality during hospitalization for coronavirus disease 2019 ( COVID-19 ) .", "Evidence Elements": {"Participant": [], "Intervention": [], "Outcome": []}, "Evidence Propositions": []}, {"Section": "OBJECTIVE", "Text": "Objective : To investigate the association between ACEIs / ARBs and severity of illness and mortality in patients with hypertension hospitalized for COVID-19 infection .", "Evidence Elements": {"Participant": [{"term": "hypertension", "negation": "affirmed", "UMLS": "", "start": 119, "end": 131}, {"term": "hospitalized", "negation": "affirmed", "UMLS": "", "start": 132, "end": 144}, {"term": "COVID-19", "negation": "affirmed", "UMLS": "", "start": 149, "end": 157}], "Intervention": [{"term": "ARBs", "negation": "affirmed", "UMLS": "", "start": 59, "end": 63}], "Outcome": [{"term": "severity of illness", "negation": "affirmed", "UMLS": "", "start": 68, "end": 87}, {"term": "mortality", "negation": "affirmed", "UMLS": "", "start": 92, "end": 101}]}, "Evidence Propositions": [{"Intervention": "ARBs", "Observation": "association", "Outcome": "severity of illness", "Count": ""}, {"Intervention": "ARBs", "Observation": "association", "Outcome": "mortality", "Count": ""}]}, {"Section": "METHODS", "Text": "Design , Setting , and Participants : Retrospective , single-center case series of the 1178 hospitalized patients with COVID-19 infections at the Central Hospital of Wuhan , China , from January 15 to March 15 , 2020 .", "Evidence Elements": {"Participant": [{"term": "hospitalized", "negation": "affirmed", "UMLS": "", "start": 92, "end": 104}, {"term": "COVID-19 infections", "negation": "affirmed", "UMLS": "", "start": 119, "end": 138}], "Intervention": [], "Outcome": []}, "Evidence Propositions": []}, {"Section": "METHODS", "Text": "Main Outcomes and Measures : COVID-19 was confirmed by real-time reverse transcription-polymerase chain reaction and epidemiologic , clinical , radiologic , laboratory , and drug therapy data were analyzed in all patients .", "Evidence Elements": {"Participant": [], "Intervention": [], "Outcome": [{"term": "COVID-19", "negation": "affirmed", "UMLS": "", "start": 29, "end": 37}]}, "Evidence Propositions": []}, {"Section": "METHODS", "Text": "The percentage of patients with hypertension taking ACEIs / ARBs was compared between those with severe vs nonsevere illness and between survivors vs nonsurvivors .", "Evidence Elements": {"Participant": [{"term": "severe", "negation": "affirmed", "UMLS": "", "start": 97, "end": 103}, {"term": "illness", "negation": "affirmed", "UMLS": "", "start": 117, "end": 124}], "Intervention": [{"term": "survivors", "negation": "affirmed", "UMLS": "", "start": 137, "end": 146}, {"term": "nonsurvivors", "negation": "affirmed", "UMLS": "", "start": 150, "end": 162}], "Outcome": [{"term": "percentage of patients with hypertension taking", "negation": "affirmed", "UMLS": "", "start": 4, "end": 51}, {"term": "ARBs", "negation": "affirmed", "UMLS": "", "start": 60, "end": 64}]}, "Evidence Propositions": []}, {"Section": "RESULTS", "Text": "Results : Of the 1178 patients with COVID-19 , the median age was 55.5 years ( interquartile range , 38-67 years ) and 545 ( 46.3 % ) were men .", "Evidence Elements": {"Participant": [{"term": "COVID-19", "negation": "affirmed", "UMLS": "", "start": 36, "end": 44}], "Intervention": [], "Outcome": []}, "Evidence Propositions": []}, {"Section": "RESULTS", "Text": "The overall in-hospital mortality was 11.0 % .", "Evidence Elements": {"Participant": [], "Intervention": [], "Outcome": [{"term": "overall in-hospital mortality", "negation": "affirmed", "UMLS": "", "start": 4, "end": 33}]}, "Evidence Propositions": []}, {"Section": "RESULTS", "Text": "There were 362 patients with hypertension ( 30.7 % of the total group ; median age , 66.0 years [ interquartile range , 59-73 years ] ; 189 [ 52.2 % ] were men ) , of whom 115 ( 31.8 % ) were taking ACEI / ARBs .", "Evidence Elements": {"Participant": [{"term": "hypertension", "negation": "affirmed", "UMLS": "", "start": 29, "end": 41}], "Intervention": [], "Outcome": []}, "Evidence Propositions": []}, {"Section": "RESULTS", "Text": "The in-hospital mortality in the patients with hypertension was 21.3 % .", "Evidence Elements": {"Participant": [{"term": "hypertension", "negation": "affirmed", "UMLS": "", "start": 47, "end": 59}], "Intervention": [], "Outcome": [{"term": "in-hospital mortality", "negation": "affirmed", "UMLS": "", "start": 4, "end": 25}]}, "Evidence Propositions": []}, {"Section": "RESULTS", "Text": "The percentage of patients with hypertension taking ACEIs / ARBs did not differ between those with severe and nonsevere infections ( 32.9 % vs 30.7 % ; P =.65 ) nor did it differ between nonsurvivors and survivors ( 27.3 % vs 33.0 % ; P =.34 ) .", "Evidence Elements": {"Participant": [{"term": "severe and nonsevere infections", "negation": "negated", "UMLS": "", "start": 99, "end": 130}], "Intervention": [{"term": "nonsurvivors", "negation": "negated", "UMLS": "", "start": 187, "end": 199}, {"term": "survivors", "negation": "negated", "UMLS": "", "start": 190, "end": 199}], "Outcome": [{"term": "percentage of patients with hypertension taking", "negation": "affirmed", "UMLS": "", "start": 4, "end": 51}, {"term": "ARBs", "negation": "affirmed", "UMLS": "", "start": 60, "end": 64}]}, "Evidence Propositions": [{"Intervention": "nonsurvivors", "Observation": "differ", "Outcome": "percentage of patients with hypertension taking", "Count": ""}, {"Intervention": "nonsurvivors", "Observation": "differ", "Outcome": "ARBs", "Count": ""}, {"Intervention": "survivors", "Observation": "differ", "Outcome": "percentage of patients with hypertension taking", "Count": ""}, {"Intervention": "survivors", "Observation": "differ", "Outcome": "ARBs", "Count": ""}]}, {"Section": "RESULTS", "Text": "Similar findings were observed when data were analyzed for patients taking ACEIs and those taking ARBs .", "Evidence Elements": {"Participant": [], "Intervention": [{"term": "ACEIs", "negation": "affirmed", "UMLS": "", "start": 75, "end": 80}, {"term": "ARBs", "negation": "affirmed", "UMLS": "", "start": 98, "end": 102}], "Outcome": []}, "Evidence Propositions": []}, {"Section": "RESULTS", "Text": "Conclusions and Relevance : This study provides clinical data on the association between ACEIs / ARBs and outcomes in patients with hypertension hospitalized with COVID-19 infections , suggesting that ACEIs / ARBs are not associated with the severity or mortality of COVID-19 in such patients .", "Evidence Elements": {"Participant": [{"term": "hypertension", "negation": "affirmed", "UMLS": "", "start": 132, "end": 144}, {"term": "hospitalized", "negation": "affirmed", "UMLS": "", "start": 145, "end": 157}, {"term": "COVID-19 infections", "negation": "affirmed", "UMLS": "", "start": 163, "end": 182}], "Intervention": [{"term": "ARBs", "negation": "affirmed", "UMLS": "", "start": 97, "end": 101}, {"term": "ARBs", "negation": "affirmed", "UMLS": "", "start": 97, "end": 101}], "Outcome": [{"term": "outcomes", "negation": "affirmed", "UMLS": "", "start": 106, "end": 114}, {"term": "severity or mortality of COVID-19", "negation": "negated", "UMLS": "", "start": 242, "end": 275}]}, "Evidence Propositions": [{"Intervention": "ARBs", "Observation": "association", "Outcome": "outcomes", "Count": ""}, {"Intervention": "ARBs", "Observation": "associated", "Outcome": "severity or mortality of COVID-19", "Count": ""}]}, {"Section": "CONCLUSIONS", "Text": "These data support current guidelines and societal recommendations for treating hypertension during the COVID-19 pandemic .", "Evidence Elements": {"Participant": [], "Intervention": [], "Outcome": []}, "Evidence Propositions": []}]}