{"doc_id": "32320517", "type of study": "Therapy", "title": "", "abstract": "Coagulopathy is a common abnormality in patients with COVID-19.\nHowever, the exact incidence of venous thromboembolic event is unknown in anticoagulated, severe COVID-19 patients.\nSystematic assessment of venous thromboembolism (VTE) using complete duplex ultrasound (CDU) in anticoagulated COVID-19 patients.\nWe performed a retrospective study in 2 French intensive care units (ICU) where CDU is performed as a standard of care.\nA CDU from thigh to ankle at selected sites with Doppler waveforms and images was performed early during ICU stay in patients admitted with COVID-19.\nAnticoagulation dose was left to the discretion of the treating physician based on the individual risk of thrombosis.\nPatients were classified as treated with prophylactic anticoagulation or therapeutic anticoagulation.\nPulmonary embolism was systematically searched in patients with persistent hypoxemia or secondary deterioration.\nFrom March 19 to April 11, 2020, 26 consecutive patients with severe COVID-19 were screened for VTE.\nEight patients (31%) were treated with prophylactic anticoagulation, whereas 18 patients (69%) were treated with therapeutic anticoagulation.\nThe overall rate of VTE in patients was 69%.\nThe proportion of VTE was significantly higher in patients treated with prophylactic anticoagulation when compared with the other group (100% vs 56%, respectively, P = .03).\nSurprisingly, we found a high rate of thromboembolic events in COVID-19 patients treated with therapeutic anticoagulation, with 56% of VTE and 6 pulmonary embolisms.\nOur results suggest considering both systematic screening of VTE and early therapeutic anticoagulation in severe ICU COVID-19 patients.\n", "Evidence Map": {"Enrollment": [{"term": "ICU stay", "negation": "affirmed", "UMLS": "", "start": 105, "end": 113}, {"term": "admitted", "negation": "affirmed", "UMLS": "", "start": 126, "end": 134}, {"term": "COVID-19", "negation": "affirmed", "UMLS": "", "start": 140, "end": 148}, {"term": "prophylactic anticoagulation", "negation": "affirmed", "UMLS": "", "start": 41, "end": 69}, {"term": "therapeutic anticoagulation", "negation": "affirmed", "UMLS": "", "start": 73, "end": 100}, {"term": "persistent hypoxemia", "negation": "affirmed", "UMLS": "", "start": 64, "end": 84}, {"term": "secondary deterioration", "negation": "affirmed", "UMLS": "", "start": 88, "end": 111}, {"term": "severe COVID-19", "negation": "affirmed", "UMLS": "", "start": 64, "end": 79}, {"term": "COVID-19", "negation": "affirmed", "UMLS": "", "start": 64, "end": 72}, {"term": "severe ICU COVID-19", "negation": "affirmed", "UMLS": "", "start": 106, "end": 125}], "Comparison Results": [], "Study Arm 1 Results": [], "Study Arm 2 Results": []}, "Sentence-level breakdown": [{"Section": "TITLE", "Text": "Coagulopathy is a common abnormality in patients with COVID-19 .", "Evidence Elements": {"Participant": [], "Intervention": [], "Outcome": []}, "Evidence Propositions": []}, {"Section": "OBJECTIVE", "Text": "Systematic assessment of venous thromboembolism ( VTE ) using complete duplex ultrasound ( CDU ) in anticoagulated COVID-19 patients .", "Evidence Elements": {"Participant": [], "Intervention": [], "Outcome": [{"term": "venous thromboembolism ( VTE )", "negation": "affirmed", "UMLS": "", "start": 25, "end": 55}]}, "Evidence Propositions": []}, {"Section": "METHODS", "Text": "We performed a retrospective study in 2 French intensive care units ( ICU ) where CDU is performed as a standard of care .", "Evidence Elements": {"Participant": [], "Intervention": [{"term": "CDU", "negation": "affirmed", "UMLS": "", "start": 82, "end": 85}], "Outcome": []}, "Evidence Propositions": []}, {"Section": "METHODS", "Text": "A CDU from thigh to ankle at selected sites with Doppler waveforms and images was performed early during ICU stay in patients admitted with COVID-19 .", "Evidence Elements": {"Participant": [{"term": "ICU stay", "negation": "affirmed", "UMLS": "", "start": 105, "end": 113}, {"term": "admitted", "negation": "affirmed", "UMLS": "", "start": 126, "end": 134}, {"term": "COVID-19", "negation": "affirmed", "UMLS": "", "start": 140, "end": 148}], "Intervention": [], "Outcome": [{"term": "CDU", "negation": "affirmed", "UMLS": "", "start": 2, "end": 5}]}, "Evidence Propositions": []}, {"Section": "METHODS", "Text": "Anticoagulation dose was left to the discretion of the treating physician based on the individual risk of thrombosis .", "Evidence Elements": {"Participant": [], "Intervention": [], "Outcome": []}, "Evidence Propositions": []}, {"Section": "METHODS", "Text": "Patients were classified as treated with prophylactic anticoagulation or therapeutic anticoagulation .", "Evidence Elements": {"Participant": [{"term": "prophylactic anticoagulation", "negation": "affirmed", "UMLS": "", "start": 41, "end": 69}, {"term": "therapeutic anticoagulation", "negation": "affirmed", "UMLS": "", "start": 73, "end": 100}], "Intervention": [], "Outcome": []}, "Evidence Propositions": []}, {"Section": "METHODS", "Text": "Pulmonary embolism was systematically searched in patients with persistent hypoxemia or secondary deterioration .", "Evidence Elements": {"Participant": [{"term": "persistent hypoxemia", "negation": "affirmed", "UMLS": "", "start": 64, "end": 84}, {"term": "secondary deterioration", "negation": "affirmed", "UMLS": "", "start": 88, "end": 111}], "Intervention": [], "Outcome": [{"term": "Pulmonary embolism", "negation": "affirmed", "UMLS": "", "start": 0, "end": 18}]}, "Evidence Propositions": []}, {"Section": "RESULTS", "Text": "From March 19 to April 11 , 2020 , 26 consecutive patients with severe COVID-19 were screened for VTE .", "Evidence Elements": {"Participant": [{"term": "severe COVID-19", "negation": "affirmed", "UMLS": "", "start": 64, "end": 79}], "Intervention": [], "Outcome": []}, "Evidence Propositions": []}, {"Section": "RESULTS", "Text": "Eight patients ( 31 % ) were treated with prophylactic anticoagulation , whereas 18 patients ( 69 % ) were treated with therapeutic anticoagulation .", "Evidence Elements": {"Participant": [], "Intervention": [{"term": "prophylactic anticoagulation", "negation": "affirmed", "UMLS": "", "start": 42, "end": 70}], "Outcome": []}, "Evidence Propositions": []}, {"Section": "RESULTS", "Text": "The overall rate of VTE in patients was 69 % .", "Evidence Elements": {"Participant": [], "Intervention": [], "Outcome": [{"term": "overall rate of VTE", "negation": "affirmed", "UMLS": "", "start": 4, "end": 23}]}, "Evidence Propositions": []}, {"Section": "RESULTS", "Text": "The proportion of VTE was significantly higher in patients treated with prophylactic anticoagulation when compared with the other group ( 100 % vs 56 % , respectively , P = .03 ) .", "Evidence Elements": {"Participant": [], "Intervention": [{"term": "prophylactic anticoagulation", "negation": "affirmed", "UMLS": "", "start": 72, "end": 100}, {"term": "other group", "negation": "affirmed", "UMLS": "", "start": 124, "end": 135}], "Outcome": [{"term": "proportion of VTE", "negation": "affirmed", "UMLS": "", "start": 4, "end": 21}]}, "Evidence Propositions": [{"Intervention": ["prophylactic anticoagulation", "other group"], "Observation": "significantly higher", "Outcome": "proportion of VTE", "Count": ""}, {"Intervention": "prophylactic anticoagulation", "Observation": "100 %", "Outcome": "proportion of VTE", "Count": ""}, {"Intervention": "other group", "Observation": "56 %", "Outcome": "proportion of VTE", "Count": ""}]}, {"Section": "CONCLUSIONS", "Text": "Surprisingly , we found a high rate of thromboembolic events in COVID-19 patients treated with therapeutic anticoagulation , with 56 % of VTE and 6 pulmonary embolisms .", "Evidence Elements": {"Participant": [{"term": "COVID-19", "negation": "affirmed", "UMLS": "", "start": 64, "end": 72}], "Intervention": [{"term": "therapeutic anticoagulation", "negation": "affirmed", "UMLS": "", "start": 95, "end": 122}], "Outcome": [{"term": "rate of thromboembolic events", "negation": "affirmed", "UMLS": "", "start": 31, "end": 60}, {"term": "VTE", "negation": "affirmed", "UMLS": "", "start": 138, "end": 141}]}, "Evidence Propositions": []}, {"Section": "CONCLUSIONS", "Text": "Our results suggest considering both systematic screening of VTE and early therapeutic anticoagulation in severe ICU COVID-19 patients .", "Evidence Elements": {"Participant": [{"term": "severe ICU COVID-19", "negation": "affirmed", "UMLS": "", "start": 106, "end": 125}], "Intervention": [], "Outcome": []}, "Evidence Propositions": []}]}