{"doc_id": "32325129", "type of study": "Therapy", "title": "", "abstract": "CD8+ t cell response might influence the severity of 2019-nCoV pneumonia.\nIL-10 level might be relevant to the severity of pneumonia symptoms.\nBacterial co-infection might be a risk factor of severe 2019-nCoV pneumonia.\nThe study was aimed at investigating the characteristics of peripheral blood lymphocyte subsets and serum cytokines in children with 2019 novel coronavirus (2019-nCoV) pneumonia.\nChildren with 2019-nCoV pneumonia or with respiratory syncytial virus (RSV) pneumonia were included.\nData including lymphocyte subsets and serum cytokines were collected and analyzed.\n56 patients were included in the study, 40 children with 2019-nCoV pneumonia and 16 children with RSV pneumonia.\nCompared with children with RSV pneumonia, patients with 2019-nCoV pneumonia had higher count of CD3+8+ lymphocyte, higher percentages of CD3+, CD3+8+ lymphocytes and a lower percentage of CD19+ lymphocyte.\nThe serum IL-10 level was significantly higher in children with RSV pneumonia.\nOne 2019-nCoV pneumonia child who was with an obvious increase of IL-10 developed severe pneumonia.\nImmune response played a very important role in the development of 2019-nCoV pneumonia.\nThe effective CD8+ T cell response might influence the severity of 2019-nCoV pneumonia.\nThe adaptable change in IL-10 level might contribute to the relatively mild pneumonia symptoms in children with 2019-nCoV pneumonia and bacterial co-infection might be a risk factor of severe 2019-nCoV pneumonia.\n", "Evidence Map": {"Enrollment": [{"term": "children", "negation": "affirmed", "UMLS": "", "start": 119, "end": 127}, {"term": "2019 novel coronavirus ( 2019-nCoV", "negation": "affirmed", "UMLS": "", "start": 133, "end": 167}, {"term": "Children", "negation": "affirmed", "UMLS": "", "start": 0, "end": 8}, {"term": "2019-nCoV pneumonia", "negation": "affirmed", "UMLS": "", "start": 14, "end": 33}, {"term": "respiratory syncytial virus ( RSV ) pneumonia", "negation": "affirmed", "UMLS": "", "start": 42, "end": 87}, {"term": "children", "negation": "affirmed", "UMLS": "", "start": 44, "end": 52}, {"term": "2019-nCoV pneumonia", "negation": "affirmed", "UMLS": "", "start": 58, "end": 77}, {"term": "children", "negation": "affirmed", "UMLS": "", "start": 44, "end": 52}, {"term": "RSV", "negation": "affirmed", "UMLS": "", "start": 99, "end": 102}, {"term": "children", "negation": "affirmed", "UMLS": "", "start": 14, "end": 22}, {"term": "RSV pneumonia", "negation": "affirmed", "UMLS": "", "start": 28, "end": 41}, {"term": "2019-nCoV pneumonia", "negation": "affirmed", "UMLS": "", "start": 58, "end": 77}, {"term": "children", "negation": "affirmed", "UMLS": "", "start": 50, "end": 58}, {"term": "RSV pneumonia", "negation": "affirmed", "UMLS": "", "start": 64, "end": 77}, {"term": "2019-nCoV pneumonia child", "negation": "affirmed", "UMLS": "", "start": 4, "end": 29}, {"term": "pneumonia", "negation": "affirmed", "UMLS": "", "start": 77, "end": 86}, {"term": "children", "negation": "affirmed", "UMLS": "", "start": 98, "end": 106}, {"term": "2019-nCoV pneumonia", "negation": "affirmed", "UMLS": "", "start": 112, "end": 131}, {"term": "severe 2019-nCoV pneumonia", "negation": "affirmed", "UMLS": "", "start": 185, "end": 211}], "Comparison Results": [], "Study Arm 1 Results": [], "Study Arm 2 Results": []}, "Sentence-level breakdown": [{"Section": "TITLE", "Text": "CD8+ t cell response might influence the severity of 2019-nCoV pneumonia .", "Evidence Elements": {"Participant": [], "Intervention": [], "Outcome": [{"term": "CD8+ t cell response", "negation": "affirmed", "UMLS": "", "start": 0, "end": 20}, {"term": "severity of 2019-nCoV pneumonia", "negation": "affirmed", "UMLS": "", "start": 41, "end": 72}]}, "Evidence Propositions": []}, {"Section": "OBJECTIVE", "Text": "The study was aimed at investigating the characteristics of peripheral blood lymphocyte subsets and serum cytokines in children with 2019 novel coronavirus ( 2019-nCoV ) pneumonia .", "Evidence Elements": {"Participant": [{"term": "children", "negation": "affirmed", "UMLS": "", "start": 119, "end": 127}, {"term": "2019 novel coronavirus ( 2019-nCoV", "negation": "affirmed", "UMLS": "", "start": 133, "end": 167}], "Intervention": [], "Outcome": [{"term": "peripheral blood lymphocyte subsets", "negation": "affirmed", "UMLS": "", "start": 60, "end": 95}, {"term": "serum cytokines", "negation": "affirmed", "UMLS": "", "start": 100, "end": 115}]}, "Evidence Propositions": []}, {"Section": "METHODS", "Text": "Children with 2019-nCoV pneumonia or with respiratory syncytial virus ( RSV ) pneumonia were included .", "Evidence Elements": {"Participant": [{"term": "Children", "negation": "affirmed", "UMLS": "", "start": 0, "end": 8}, {"term": "2019-nCoV pneumonia", "negation": "affirmed", "UMLS": "", "start": 14, "end": 33}, {"term": "respiratory syncytial virus ( RSV ) pneumonia", "negation": "affirmed", "UMLS": "", "start": 42, "end": 87}], "Intervention": [], "Outcome": []}, "Evidence Propositions": []}, {"Section": "METHODS", "Text": "Data including lymphocyte subsets and serum cytokines were collected and analyzed .", "Evidence Elements": {"Participant": [], "Intervention": [], "Outcome": [{"term": "lymphocyte subsets", "negation": "affirmed", "UMLS": "", "start": 15, "end": 33}, {"term": "serum cytokines", "negation": "affirmed", "UMLS": "", "start": 38, "end": 53}]}, "Evidence Propositions": []}, {"Section": "RESULTS", "Text": "56 patients were included in the study , 40 children with 2019-nCoV pneumonia and 16 children with RSV pneumonia .", "Evidence Elements": {"Participant": [{"term": "children", "negation": "affirmed", "UMLS": "", "start": 44, "end": 52}, {"term": "2019-nCoV pneumonia", "negation": "affirmed", "UMLS": "", "start": 58, "end": 77}, {"term": "children", "negation": "affirmed", "UMLS": "", "start": 44, "end": 52}, {"term": "RSV", "negation": "affirmed", "UMLS": "", "start": 99, "end": 102}], "Intervention": [], "Outcome": []}, "Evidence Propositions": []}, {"Section": "RESULTS", "Text": "Compared with children with RSV pneumonia , patients with 2019-nCoV pneumonia had higher count of CD3+8+ lymphocyte , higher percentages of CD3+ , CD3+8+ lymphocytes and a lower percentage of CD19+ lymphocyte .", "Evidence Elements": {"Participant": [{"term": "children", "negation": "affirmed", "UMLS": "", "start": 14, "end": 22}, {"term": "RSV pneumonia", "negation": "affirmed", "UMLS": "", "start": 28, "end": 41}, {"term": "2019-nCoV pneumonia", "negation": "affirmed", "UMLS": "", "start": 58, "end": 77}], "Intervention": [], "Outcome": [{"term": "count of CD3+8+ lymphocyte", "negation": "affirmed", "UMLS": "", "start": 89, "end": 115}, {"term": "percentages of CD3+ , CD3+8+ lymphocytes", "negation": "affirmed", "UMLS": "", "start": 125, "end": 165}, {"term": "percentage", "negation": "affirmed", "UMLS": "", "start": 125, "end": 135}]}, "Evidence Propositions": []}, {"Section": "RESULTS", "Text": "The serum IL-10 level was significantly higher in children with RSV pneumonia .", "Evidence Elements": {"Participant": [{"term": "children", "negation": "affirmed", "UMLS": "", "start": 50, "end": 58}, {"term": "RSV pneumonia", "negation": "affirmed", "UMLS": "", "start": 64, "end": 77}], "Intervention": [], "Outcome": [{"term": "serum IL-10 level", "negation": "affirmed", "UMLS": "", "start": 4, "end": 21}]}, "Evidence Propositions": [{"Intervention": [], "Observation": "significantly higher", "Outcome": "serum IL-10 level", "Count": ""}]}, {"Section": "RESULTS", "Text": "One 2019-nCoV pneumonia child who was with an obvious increase of IL-10 developed severe pneumonia .", "Evidence Elements": {"Participant": [{"term": "2019-nCoV pneumonia child", "negation": "affirmed", "UMLS": "", "start": 4, "end": 29}], "Intervention": [], "Outcome": [{"term": "IL-10", "negation": "affirmed", "UMLS": "", "start": 66, "end": 71}, {"term": "severe pneumonia", "negation": "affirmed", "UMLS": "", "start": 82, "end": 98}]}, "Evidence Propositions": []}, {"Section": "CONCLUSIONS", "Text": "Immune response played a very important role in the development of 2019-nCoV pneumonia .", "Evidence Elements": {"Participant": [{"term": "pneumonia", "negation": "affirmed", "UMLS": "", "start": 77, "end": 86}], "Intervention": [], "Outcome": []}, "Evidence Propositions": []}, {"Section": "CONCLUSIONS", "Text": "The effective CD8+ T cell response might influence the severity of 2019-nCoV pneumonia .", "Evidence Elements": {"Participant": [], "Intervention": [], "Outcome": []}, "Evidence Propositions": []}, {"Section": "CONCLUSIONS", "Text": "The adaptable change in IL-10 level might contribute to the relatively mild pneumonia symptoms in children with 2019-nCoV pneumonia and bacterial co-infection might be a risk factor of severe 2019-nCoV pneumonia .", "Evidence Elements": {"Participant": [{"term": "children", "negation": "affirmed", "UMLS": "", "start": 98, "end": 106}, {"term": "2019-nCoV pneumonia", "negation": "affirmed", "UMLS": "", "start": 112, "end": 131}, {"term": "severe 2019-nCoV pneumonia", "negation": "affirmed", "UMLS": "", "start": 185, "end": 211}], "Intervention": [], "Outcome": [{"term": "level", "negation": "affirmed", "UMLS": "", "start": 30, "end": 35}]}, "Evidence Propositions": []}]}