{"doc_id": "32320066", "type of study": "Therapy", "title": "", "abstract": "An outbreak of a novel coronavirus (SARS-CoV-2) infection has recently emerged and rapidly spreading in humans causing a significant threat to international health and the economy.\nRapid assessment and warning are crucial for an outbreak analysis in response to serious public health.\nSARS-CoV-2 shares highly homological sequences with SARS-CoVs causing highly lethal pneumonia with respiratory distress and clinical symptoms similar to those reported for SARS-CoV and MERS-CoV infections.\nNotably, some COVID-19 patients also expressed neurologic signs like nausea, headache, and vomiting.\nSeveral studies have reported that coronaviruses are not only causing respiratory illness but also invade the central nervous system through a synapse-connected route.\nSARS-CoV infections are reported in both patients and experimental animals' brains.\nInterestingly, some COVID-19 patients have shown the presence of SARS-CoV-2 virus in their cerebrospinal fluid.\nConsidering the similarities between SARS-CoV and SARS-CoV-2 in various aspects, it remains to clarify whether the potent invasion of SARS-CoV-2 may affect in COVID-19 patients.\nAll these indicate that more detailed criteria are needed for the treatment and the prevention of SARS-CoV-2 infected patients.\nIn the absence of potential interventions for COVID-19, there is an urgent need for an alternative strategy to control the spread of this disease.\n", "Evidence Map": {"Enrollment": [{"term": "SARS-CoV", "negation": "affirmed", "UMLS": "", "start": 0, "end": 8}, {"term": "MERS-CoV infections", "negation": "affirmed", "UMLS": "", "start": 185, "end": 204}, {"term": "COVID-19", "negation": "affirmed", "UMLS": "", "start": 15, "end": 23}], "Comparison Results": [], "Study Arm 1 Results": [], "Study Arm 2 Results": []}, "Sentence-level breakdown": [{"Section": "TITLE", "Text": "An outbreak of a novel coronavirus ( SARS-CoV-2 ) infection has recently emerged and rapidly spreading in humans causing a significant threat to international health and the economy .", "Evidence Elements": {"Participant": [], "Intervention": [], "Outcome": []}, "Evidence Propositions": []}, {"Section": "RESULTS", "Text": "SARS-CoV-2 shares highly homological sequences with SARS-CoVs causing highly lethal pneumonia with respiratory distress and clinical symptoms similar to those reported for SARS-CoV and MERS-CoV infections .", "Evidence Elements": {"Participant": [{"term": "SARS-CoV", "negation": "affirmed", "UMLS": "", "start": 0, "end": 8}, {"term": "MERS-CoV infections", "negation": "affirmed", "UMLS": "", "start": 185, "end": 204}], "Intervention": [{"term": "SARS-CoV-2", "negation": "affirmed", "UMLS": "", "start": 0, "end": 10}, {"term": "SARS-CoVs", "negation": "affirmed", "UMLS": "", "start": 52, "end": 61}], "Outcome": [{"term": "pneumonia", "negation": "affirmed", "UMLS": "", "start": 84, "end": 93}, {"term": "respiratory distress", "negation": "affirmed", "UMLS": "", "start": 99, "end": 119}, {"term": "clinical symptoms", "negation": "affirmed", "UMLS": "", "start": 124, "end": 141}]}, "Evidence Propositions": [{"Intervention": [], "Observation": "similar", "Outcome": "", "Count": ""}]}, {"Section": "RESULTS", "Text": "Notably , some COVID-19 patients also expressed neurologic signs like nausea , headache , and vomiting .", "Evidence Elements": {"Participant": [{"term": "COVID-19", "negation": "affirmed", "UMLS": "", "start": 15, "end": 23}], "Intervention": [], "Outcome": [{"term": "neurologic signs", "negation": "affirmed", "UMLS": "", "start": 48, "end": 64}, {"term": "nausea", "negation": "affirmed", "UMLS": "", "start": 70, "end": 76}, {"term": "headache", "negation": "affirmed", "UMLS": "", "start": 79, "end": 87}]}, "Evidence Propositions": []}, {"Section": "RESULTS", "Text": "Several studies have reported that coronaviruses are not only causing respiratory illness but also invade the central nervous system through a synapse-connected route .", "Evidence Elements": {"Participant": [], "Intervention": [], "Outcome": []}, "Evidence Propositions": []}, {"Section": "RESULTS", "Text": "SARS-CoV infections are reported in both patients and experimental animals ' brains .", "Evidence Elements": {"Participant": [], "Intervention": [], "Outcome": [{"term": "SARS-CoV infections", "negation": "affirmed", "UMLS": "", "start": 0, "end": 19}]}, "Evidence Propositions": []}, {"Section": "CONCLUSIONS", "Text": "Interestingly , some COVID-19 patients have shown the presence of SARS-CoV-2 virus in their cerebrospinal fluid .", "Evidence Elements": {"Participant": [], "Intervention": [], "Outcome": []}, "Evidence Propositions": []}, {"Section": "CONCLUSIONS", "Text": "Considering the similarities between SARS-CoV and SARS-CoV-2 in various aspects , it remains to clarify whether the potent invasion of SARS-CoV-2 may affect in COVID-19 patients .", "Evidence Elements": {"Participant": [], "Intervention": [], "Outcome": []}, "Evidence Propositions": []}, {"Section": "CONCLUSIONS", "Text": "All these indicate that more detailed criteria are needed for the treatment and the prevention of SARS-CoV-2 infected patients .", "Evidence Elements": {"Participant": [], "Intervention": [], "Outcome": []}, "Evidence Propositions": []}, {"Section": "CONCLUSIONS", "Text": "In the absence of potential interventions for COVID-19 , there is an urgent need for an alternative strategy to control the spread of this disease .", "Evidence Elements": {"Participant": [], "Intervention": [], "Outcome": []}, "Evidence Propositions": []}]}