{"doc_id": "32324898", "type of study": "Therapy", "title": "", "abstract": "To evaluate the incidence, type, and risk factors associated with adverse drug reactions (ADRs) among patients with coronavirus disease 2019 (COVID-19) by Hospital Pharmacovigilance System (CHPS).\nA retrospective analysis was performed on 217 patients with COVID-19 admitted to the First Hospital of Changsha in China, from January 17, 2020, to February 29, 2020.\nThe active monitoring model in CHPS was used to detect ADR signals of the hospital information system.\nThe risk factors for the ADRs were classified using the World Health Organization-Uppsala Monitoring Centre (WHO-UMC) system.\nUnivariate and multivariate logistic regressions were carried out to analyze the risk factors of ADRs.\nOur results showed that the prevalence of ADRs was 37.8% in the patients, which was predominated by drug-induced gastrointestinal disorders and liver system disorders (23.0% vs. 13.8%).\nThe ADR could be explained by the use of lopinavir/ ritonavir and umifenovir by 63.8% and 18.1%, respectively.\nThere were 96.8% of ADRs that occurred within 14 days of hospitalization.\nMultivariable analysis showed that length of stay (odds ratio (OR): 2.02; 95% confidence interval (CI) 1.03-3.96; P = 0.04), number of drugs used in the hospital (OR: 3.17; 95% CI 1.60-6.27; P = 0.001) and underlying basic diseases (OR: 2.07; 95% CI 1.02-4.23; P = 0.04) were independent risk factor for ADRs in the patients.\nTogether, the incidence of ADRs was significantly high during the treatment period.\nMoreover, the active monitoring of the CHPS system reflected ADRs during COVID-19 treatment in the real world, which provided reference for safe medication in the clinic.\n", "Evidence Map": {"Enrollment": [{"term": "coronavirus disease 2019 ( COVID-19", "negation": "affirmed", "UMLS": "", "start": 120, "end": 155}, {"term": "COVID-19", "negation": "affirmed", "UMLS": "", "start": 60, "end": 68}, {"term": "drug-induced gastrointestinal disorders", "negation": "affirmed", "UMLS": "", "start": 102, "end": 141}, {"term": "liver system disorders", "negation": "affirmed", "UMLS": "", "start": 146, "end": 168}, {"term": "COVID-19 treatment", "negation": "affirmed", "UMLS": "", "start": 74, "end": 92}], "Comparison Results": [], "Study Arm 1 Results": [], "Study Arm 2 Results": []}, "Sentence-level breakdown": [{"Section": "TITLE", "Text": "To evaluate the incidence , type , and risk factors associated with adverse drug reactions ( ADRs ) among patients with coronavirus disease 2019 ( COVID-19 ) by Hospital Pharmacovigilance System ( CHPS ) .", "Evidence Elements": {"Participant": [{"term": "coronavirus disease 2019 ( COVID-19", "negation": "affirmed", "UMLS": "", "start": 120, "end": 155}], "Intervention": [], "Outcome": [{"term": "incidence", "negation": "affirmed", "UMLS": "", "start": 16, "end": 25}, {"term": "type , and", "negation": "affirmed", "UMLS": "", "start": 28, "end": 38}, {"term": "risk factors", "negation": "affirmed", "UMLS": "", "start": 39, "end": 51}, {"term": "adverse drug reactions ( ADRs )", "negation": "affirmed", "UMLS": "", "start": 68, "end": 99}]}, "Evidence Propositions": []}, {"Section": "METHODS", "Text": "A retrospective analysis was performed on 217 patients with COVID-19 admitted to the First Hospital of Changsha in China , from January 17 , 2020 , to February 29 , 2020 .", "Evidence Elements": {"Participant": [{"term": "COVID-19", "negation": "affirmed", "UMLS": "", "start": 60, "end": 68}], "Intervention": [], "Outcome": []}, "Evidence Propositions": []}, {"Section": "METHODS", "Text": "The active monitoring model in CHPS was used to detect ADR signals of the hospital information system .", "Evidence Elements": {"Participant": [], "Intervention": [], "Outcome": [{"term": "ADR signals", "negation": "affirmed", "UMLS": "", "start": 55, "end": 66}]}, "Evidence Propositions": []}, {"Section": "METHODS", "Text": "The risk factors for the ADRs were classified using the World Health Organization-Uppsala Monitoring Centre ( WHO-UMC ) system .", "Evidence Elements": {"Participant": [], "Intervention": [], "Outcome": [{"term": "risk factors for the ADRs", "negation": "affirmed", "UMLS": "", "start": 4, "end": 29}]}, "Evidence Propositions": []}, {"Section": "METHODS", "Text": "Univariate and multivariate logistic regressions were carried out to analyze the risk factors of ADRs .", "Evidence Elements": {"Participant": [], "Intervention": [], "Outcome": [{"term": "risk factors of ADRs", "negation": "affirmed", "UMLS": "", "start": 81, "end": 101}]}, "Evidence Propositions": []}, {"Section": "RESULTS", "Text": "Our results showed that the prevalence of ADRs was 37.8 % in the patients , which was predominated by drug-induced gastrointestinal disorders and liver system disorders ( 23.0 % vs . 13.8 % ) .", "Evidence Elements": {"Participant": [{"term": "drug-induced gastrointestinal disorders", "negation": "affirmed", "UMLS": "", "start": 102, "end": 141}, {"term": "liver system disorders", "negation": "affirmed", "UMLS": "", "start": 146, "end": 168}], "Intervention": [], "Outcome": [{"term": "prevalence of ADRs", "negation": "affirmed", "UMLS": "", "start": 28, "end": 46}]}, "Evidence Propositions": []}, {"Section": "RESULTS", "Text": "The ADR could be explained by the use of lopinavir / ritonavir and umifenovir by 63.8 % and 18.1 % , respectively .", "Evidence Elements": {"Participant": [], "Intervention": [{"term": "ritonavir", "negation": "affirmed", "UMLS": "", "start": 53, "end": 62}, {"term": "umifenovir", "negation": "affirmed", "UMLS": "", "start": 67, "end": 77}], "Outcome": [{"term": "ADR", "negation": "affirmed", "UMLS": "", "start": 4, "end": 7}]}, "Evidence Propositions": [{"Intervention": "ritonavir", "Observation": "63.8 %", "Outcome": "ADR", "Count": ""}, {"Intervention": "umifenovir", "Observation": "18.1", "Outcome": "ADR", "Count": ""}]}, {"Section": "RESULTS", "Text": "There were 96.8 % of ADRs that occurred within 14 days of hospitalization .", "Evidence Elements": {"Participant": [], "Intervention": [], "Outcome": [{"term": "ADRs", "negation": "affirmed", "UMLS": "", "start": 21, "end": 25}]}, "Evidence Propositions": []}, {"Section": "RESULTS", "Text": "Multivariable analysis showed that length of stay ( odds ratio ( OR ) : 2.02 ; 95 % confidence interval ( CI ) 1.03-3.96 ; P=0.04 ) , number of drugs used in the hospital ( OR : 3.17 ; 95 % CI 1.60-6.27 ; P=0.001 ) and underlying basic diseases ( OR : 2.07 ; 95 % CI 1.02-4.23 ; P=0.04 ) were independent risk factor for ADRs in the patients .", "Evidence Elements": {"Participant": [], "Intervention": [], "Outcome": [{"term": "length of stay", "negation": "affirmed", "UMLS": "", "start": 35, "end": 49}, {"term": "number of drugs used in the hospital", "negation": "affirmed", "UMLS": "", "start": 134, "end": 170}, {"term": "underlying basic diseases", "negation": "affirmed", "UMLS": "", "start": 219, "end": 244}]}, "Evidence Propositions": []}, {"Section": "RESULTS", "Text": "Together , the incidence of ADRs was significantly high during the treatment period .", "Evidence Elements": {"Participant": [], "Intervention": [], "Outcome": [{"term": "incidence of ADRs", "negation": "affirmed", "UMLS": "", "start": 15, "end": 32}]}, "Evidence Propositions": []}, {"Section": "CONCLUSIONS", "Text": "Moreover , the active monitoring of the CHPS system reflected ADRs during COVID-19 treatment in the real world , which provided reference for safe medication in the clinic .", "Evidence Elements": {"Participant": [{"term": "COVID-19 treatment", "negation": "affirmed", "UMLS": "", "start": 74, "end": 92}], "Intervention": [{"term": "active monitoring of the CHPS system", "negation": "affirmed", "UMLS": "", "start": 15, "end": 51}], "Outcome": [{"term": "ADRs", "negation": "affirmed", "UMLS": "", "start": 62, "end": 66}, {"term": "safe medication", "negation": "affirmed", "UMLS": "", "start": 142, "end": 157}]}, "Evidence Propositions": []}]}