{"doc_id": "32329978", "type of study": "Therapy", "title": "", "abstract": "INTRODUCTION: Coronavirus disease 2019 (COVID-19) caused by severe acute respiratory syndrome coronavirus 2 (SARS-CoV-2) infection spread worldwide.\nThe aim of the study was to identify the clinical characteristics and risk factors associated with severe incidence of SARS -CoV-2 infection.\nPATIENTS AND All adult patients (median [IQR] age, 52 [37-58] years) consecutively admitted to the Dabieshan Medical Center from January 30, 2020 to February 11, 2020 were collected and reviewed.\nOnly patients diagnosed with COVID-19  according to the World Health Organization interim guidance were included in this retrospective cohort study.\nA total of 108 patients with COVID-19 were retrospectively analyzed.\nTwenty-five patients (23.1%) developed severe disease, and of those 12 patients (48%) died.\nAdvanced age, comorbidities (most commonly hypertension), higher blood leukocyte count, neutrophil count, higher C-reactive protein level, D-dimer level, Acute Physiology and Chronic Health Evaluation II (APACHE II) score, and Sequential Organ Failure Assessment (SOFA) score were associated with greater risk of COVID-19, and so were lower lymphocyte count and albumin level.\nMultivariable regress ion showed increasing odds of severe COVID-19 associated with higher SOFA score (odds ratio [OR], 2.45; 95% CI, 1.302-4.608; P = 0.005), and lymphocyte count less than 0.8 x 109/l (OR, 9.017; 95% CI, 2.808-28.857; P <0.001) on admission.\nHigher SOFA score (OR, 2.402; 95% CI, 1.313-4.395; P = 0.004) on admission was identified as risk factor for in-hospital death.\nLymphocytopenia and a higher SOFA score on admission could help clinicians to identify patients at high risk for developing severe COVID-19.\nMore related studies are needed in the future.\n", "Evidence Map": {"Enrollment": [{"term": "severe incidence of SARS-CoV-2 infection", "negation": "affirmed", "UMLS": "", "start": 99, "end": 139}, {"term": "adult", "negation": "affirmed", "UMLS": "", "start": 17, "end": 22}, {"term": "COVID-19", "negation": "affirmed", "UMLS": "", "start": 29, "end": 37}, {"term": "COVID-19", "negation": "affirmed", "UMLS": "", "start": 29, "end": 37}, {"term": "high risk for developing severe COVID-19", "negation": "affirmed", "UMLS": "", "start": 99, "end": 139}], "Comparison Results": [], "Study Arm 1 Results": [], "Study Arm 2 Results": []}, "Sentence-level breakdown": [{"Section": "TITLE", "Text": "INTRODUCTION : Coronavirus disease 2019 ( COVID-19 ) caused by severe acute respiratory syndrome coronavirus 2 ( SARS-CoV-2 ) infection spread worldwide .", "Evidence Elements": {"Participant": [], "Intervention": [], "Outcome": []}, "Evidence Propositions": []}, {"Section": "OBJECTIVE", "Text": "The aim of the study was to identify the clinical characteristics and risk factors associated with severe incidence of SARS-CoV-2 infection .", "Evidence Elements": {"Participant": [{"term": "severe incidence of SARS-CoV-2 infection", "negation": "affirmed", "UMLS": "", "start": 99, "end": 139}], "Intervention": [], "Outcome": [{"term": "clinical characteristics", "negation": "affirmed", "UMLS": "", "start": 41, "end": 65}, {"term": "risk factors", "negation": "affirmed", "UMLS": "", "start": 70, "end": 82}]}, "Evidence Propositions": []}, {"Section": "METHODS", "Text": "PATIENTS AND All adult patients ( median [ IQR ] age , 52 [ 37-58 ] years ) consecutively admitted to the Dabieshan Medical Center from January 30 , 2020 to February 11 , 2020 were collected and reviewed .", "Evidence Elements": {"Participant": [{"term": "adult", "negation": "affirmed", "UMLS": "", "start": 17, "end": 22}], "Intervention": [], "Outcome": []}, "Evidence Propositions": []}, {"Section": "METHODS", "Text": "Only patients diagnosed with COVID-19 according to the World Health Organization interim guidance were included in this retrospective cohort study .", "Evidence Elements": {"Participant": [{"term": "COVID-19", "negation": "affirmed", "UMLS": "", "start": 29, "end": 37}], "Intervention": [], "Outcome": []}, "Evidence Propositions": []}, {"Section": "RESULTS", "Text": "A total of 108 patients with COVID-19 were retrospectively analyzed .", "Evidence Elements": {"Participant": [{"term": "COVID-19", "negation": "affirmed", "UMLS": "", "start": 29, "end": 37}], "Intervention": [], "Outcome": []}, "Evidence Propositions": []}, {"Section": "RESULTS", "Text": "Twenty-five patients ( 23.1 % ) developed severe disease , and of those 12 patients ( 48 % ) died .", "Evidence Elements": {"Participant": [], "Intervention": [], "Outcome": [{"term": "severe disease", "negation": "affirmed", "UMLS": "", "start": 42, "end": 56}]}, "Evidence Propositions": []}, {"Section": "RESULTS", "Text": "Advanced age , comorbidities ( most commonly hypertension ) , higher blood leukocyte count , neutrophil count , higher C-reactive protein level , D-dimer level , Acute Physiology and Chronic Health Evaluation II ( APACHE II ) score , and Sequential Organ Failure Assessment ( SOFA ) score were associated with greater risk of COVID-19 , and so were lower lymphocyte count and albumin level .", "Evidence Elements": {"Participant": [], "Intervention": [], "Outcome": []}, "Evidence Propositions": []}, {"Section": "RESULTS", "Text": "Multivariable regress ion showed increasing odds of severe COVID-19 associated with higher SOFA score ( odds ratio [ OR ] , 2.45 ; 95 % CI , 1.302-4.608 ; P=0.005 ) , and lymphocyte count less than 0.8 x 109 / l ( OR , 9.017 ; 95 % CI , 2.808-28.857 ; P < 0.001 ) on admission .", "Evidence Elements": {"Participant": [], "Intervention": [], "Outcome": [{"term": "odds of severe COVID-19", "negation": "affirmed", "UMLS": "", "start": 44, "end": 67}, {"term": "SOFA score", "negation": "affirmed", "UMLS": "", "start": 91, "end": 101}, {"term": "lymphocyte count less than 0.8", "negation": "affirmed", "UMLS": "", "start": 171, "end": 201}]}, "Evidence Propositions": [{"Intervention": [], "Observation": "higher", "Outcome": "", "Count": ""}]}, {"Section": "RESULTS", "Text": "Higher SOFA score ( OR , 2.402 ; 95 % CI , 1.313-4.395 ; P = 0.004 ) on admission was identified as risk factor for in-hospital death .", "Evidence Elements": {"Participant": [], "Intervention": [], "Outcome": [{"term": "SOFA score", "negation": "affirmed", "UMLS": "", "start": 7, "end": 17}]}, "Evidence Propositions": []}, {"Section": "CONCLUSIONS", "Text": "Lymphocytopenia and a higher SOFA score on admission could help clinicians to identify patients at high risk for developing severe COVID-19 .", "Evidence Elements": {"Participant": [{"term": "high risk for developing severe COVID-19", "negation": "affirmed", "UMLS": "", "start": 99, "end": 139}], "Intervention": [], "Outcome": [{"term": "SOFA score", "negation": "affirmed", "UMLS": "", "start": 29, "end": 39}]}, "Evidence Propositions": []}, {"Section": "CONCLUSIONS", "Text": "More related studies are needed in the future .", "Evidence Elements": {"Participant": [], "Intervention": [], "Outcome": []}, "Evidence Propositions": []}]}