{"doc_id": "32328850", "type of study": "Therapy", "title": "", "abstract": "To analyze the susceptibility of SARS-CoV-2 in pregnancy and the drugs that can be used to treat pregnancy with COVID-19, so as to provide evidence for drug selection in clinic.\nBy reviewing the existing literature, this paper analyzes the susceptibility of pregnant women to virus, especially to SARS-CoV-2, from the aspects of anatomical, reproductive endocrine and immune changes during pregnancy and screens effective and fetal-safe treatments from the existing drugs.\nThe anatomical structure of the respiratory system is changed during pregnancy, and the virus transmitted by droplets and aerosols is more easily inhaled by pregnant women and is difficult to remove.\nFurthermore, the prognosis is worse after infection when compared with non-pregnancy women.\nAnd changes in reproductive hormones and immune systems during pregnancy collectively make them more susceptible to certain infections.\nMore importantly, angiotensin-converting enzyme (ACE)-2, the SARS-CoV-2 receptor, has been proven highly increased during pregnancy, which may contribute to the susceptibility to SARS-CoV-2.\nWhen it comes to treatment, specific drugs for COVID-19 have not been found at present, and taking old drugs for new use in treating COVID-19 has become an emergency method for the pandemic.\nParticularly, drugs that show superior maternal and fetal safety are worthy of consideration for pregnant women with COVID-19, such as chloroquine, metformin, statins, lobinavir/ritonavir, glycyrrhizic acid, and nanoparticle-mediated drug delivery (NMDD), etc.\nPregnant women are susceptible to COVID-19, and special attention should be paid to the selection of drugs that are both effective for maternal diseases and friendly to the fetus.\nHowever, there are still many deficiencies in the study of drug safety during pregnancy, and broad-spectrum, effective and fetal-safe drugs for pregnant women need to be developed so as to cope with more infectious diseases in the future.\n", "Evidence Map": {"Enrollment": [{"term": "pregnancy", "negation": "affirmed", "UMLS": "", "start": 47, "end": 56}, {"term": "pregnancy", "negation": "affirmed", "UMLS": "", "start": 47, "end": 56}, {"term": "COVID-19", "negation": "affirmed", "UMLS": "", "start": 112, "end": 120}, {"term": "pregnant women to virus", "negation": "affirmed", "UMLS": "", "start": 81, "end": 104}, {"term": "pregnancy", "negation": "affirmed", "UMLS": "", "start": 216, "end": 225}], "Comparison Results": [], "Study Arm 1 Results": [], "Study Arm 2 Results": []}, "Sentence-level breakdown": [{"Section": "TITLE", "Text": "To analyze the susceptibility of SARS-CoV-2 in pregnancy and the drugs that can be used to treat pregnancy with COVID-19 , so as to provide evidence for drug selection in clinic .", "Evidence Elements": {"Participant": [{"term": "pregnancy", "negation": "affirmed", "UMLS": "", "start": 47, "end": 56}, {"term": "pregnancy", "negation": "affirmed", "UMLS": "", "start": 47, "end": 56}, {"term": "COVID-19", "negation": "affirmed", "UMLS": "", "start": 112, "end": 120}], "Intervention": [{"term": "SARS-CoV-2", "negation": "affirmed", "UMLS": "", "start": 33, "end": 43}], "Outcome": [{"term": "susceptibility", "negation": "affirmed", "UMLS": "", "start": 15, "end": 29}]}, "Evidence Propositions": []}, {"Section": "OBJECTIVE", "Text": "By reviewing the existing literature , this paper analyzes the susceptibility of pregnant women to virus , especially to SARS-CoV-2 , from the aspects of anatomical , reproductive endocrine and immune changes during pregnancy and screens effective and fetal-safe treatments from the existing drugs .", "Evidence Elements": {"Participant": [{"term": "pregnant women to virus", "negation": "affirmed", "UMLS": "", "start": 81, "end": 104}, {"term": "pregnancy", "negation": "affirmed", "UMLS": "", "start": 216, "end": 225}], "Intervention": [{"term": "SARS-CoV-2", "negation": "affirmed", "UMLS": "", "start": 121, "end": 131}], "Outcome": [{"term": "susceptibility", "negation": "affirmed", "UMLS": "", "start": 63, "end": 77}, {"term": "anatomical , reproductive endocrine and immune changes", "negation": "affirmed", "UMLS": "", "start": 154, "end": 208}, {"term": "effective", "negation": "affirmed", "UMLS": "", "start": 238, "end": 247}, {"term": "fetal-safe treatments", "negation": "affirmed", "UMLS": "", "start": 252, "end": 273}]}, "Evidence Propositions": []}, {"Section": "RESULTS", "Text": "The anatomical structure of the respiratory system is changed during pregnancy , and the virus transmitted by droplets and aerosols is more easily inhaled by pregnant women and is difficult to remove .", "Evidence Elements": {"Participant": [], "Intervention": [], "Outcome": []}, "Evidence Propositions": []}, {"Section": "RESULTS", "Text": "Furthermore , the prognosis is worse after infection when compared with non-pregnancy women .", "Evidence Elements": {"Participant": [], "Intervention": [{"term": "infection", "negation": "affirmed", "UMLS": "", "start": 43, "end": 52}, {"term": "non-pregnancy", "negation": "affirmed", "UMLS": "", "start": 72, "end": 85}], "Outcome": [{"term": "prognosis", "negation": "affirmed", "UMLS": "", "start": 18, "end": 27}]}, "Evidence Propositions": [{"Intervention": ["infection", "non-pregnancy"], "Observation": "worse", "Outcome": "prognosis", "Count": ""}]}, {"Section": "RESULTS", "Text": "And changes in reproductive hormones and immune systems during pregnancy collectively make them more susceptible to certain infections .", "Evidence Elements": {"Participant": [], "Intervention": [], "Outcome": []}, "Evidence Propositions": []}, {"Section": "RESULTS", "Text": "More importantly , angiotensin-converting enzyme ( ACE ) -2 , the SARS-CoV-2 receptor , has been proven highly increased during pregnancy , which may contribute to the susceptibility to SARS-CoV-2 .", "Evidence Elements": {"Participant": [], "Intervention": [], "Outcome": []}, "Evidence Propositions": []}, {"Section": "RESULTS", "Text": "When it comes to treatment , specific drugs for COVID-19 have not been found at present , and taking old drugs for new use in treating COVID-19 has become an emergency method for the pandemic .", "Evidence Elements": {"Participant": [], "Intervention": [], "Outcome": []}, "Evidence Propositions": []}, {"Section": "CONCLUSIONS", "Text": "Particularly , drugs that show superior maternal and fetal safety are worthy of consideration for pregnant women with COVID-19 , such as chloroquine , metformin , statins , lobinavir / ritonavir , glycyrrhizic acid , and nanoparticle-mediated drug delivery ( NMDD ) , etc .", "Evidence Elements": {"Participant": [], "Intervention": [], "Outcome": []}, "Evidence Propositions": []}, {"Section": "CONCLUSIONS", "Text": "Pregnant women are susceptible to COVID-19 , and special attention should be paid to the selection of drugs that are both effective for maternal diseases and friendly to the fetus .", "Evidence Elements": {"Participant": [], "Intervention": [], "Outcome": []}, "Evidence Propositions": []}, {"Section": "CONCLUSIONS", "Text": "However , there are still many deficiencies in the study of drug safety during pregnancy , and broad-spectrum , effective and fetal-safe drugs for pregnant women need to be developed so as to cope with more infectious diseases in the future .", "Evidence Elements": {"Participant": [], "Intervention": [], "Outcome": []}, "Evidence Propositions": []}]}