{"doc_id": "32324595", "type of study": "Therapy", "title": "", "abstract": "The coronavirus disease 2019 (COVID-19), infected by severe acute respiratory syndrome coronavirus 2 (SARS-CoV-2), has caused a severe outbreak throughout the world.\nThe host immunity of COVID-19 patients is unknown.\nThe routine laboratory tests and host immunity in COVID-19 patients with different severity of illness were compared after patient admission.\nA total of 65 SARS-CoV-2-positive patients were classified as having mild (n = 30), severe (n = 20), and extremely severe (n = 15) illness.\nMany routine laboratory tests, such as ferritin, lactate dehydrogenase, and D-dimer, were increased in severe and extremely severe patients.\nThe absolute numbers of CD4+ T cells, CD8+ T cells, and B cells were gradually decreased with increased severity of illness.\nThe activation markers such as HLA-DR and CD45RO expressed on CD4+ and CD8+ T cells were increased in severe and extremely severe patients compared with mild patients.\nThe costimulatory molecule CD28 had opposite results.\nThe percentage of natural Tregs was decreased in extremely severe patients.\nThe percentage of IFN-gamma-producing CD8+ T cells was increased in both severe and extremely severe patients compared with mild patients.\nThe percentage of IFN-gamma-producing CD4+ T cells was increased in extremely severe patients.\nIL-2R, IL-6, and IL-10 were all increased in extremely severe patients.\nThe activation of DC and B cells was decreased in extremely severe patients.\nCONCLUSIONThe number and function of T cells are inconsistent in COVID-19 patients.\nThe hyperfunction of CD4+ and CD8+ T cells is associated with the pathogenesis of extremely severe SARS-CoV-2 infection.\nFUNDINGThis work was funded by the National Mega Project on Major Infectious Disease Prevention (2017ZX10103005-007) and the Fundamental Research Funds for the Central Universities (2019kfyRCPY098).\n", "Evidence Map": {"Enrollment": [{"term": "COVID-19", "negation": "affirmed", "UMLS": "", "start": 50, "end": 58}, {"term": "different severity of illness", "negation": "affirmed", "UMLS": "", "start": 73, "end": 102}, {"term": "SARS-CoV-2-positive", "negation": "affirmed", "UMLS": "", "start": 14, "end": 33}, {"term": "mild", "negation": "affirmed", "UMLS": "", "start": 69, "end": 73}, {"term": "extremely severe", "negation": "affirmed", "UMLS": "", "start": 68, "end": 84}, {"term": "extremely", "negation": "affirmed", "UMLS": "", "start": 47, "end": 56}, {"term": "COVID-19", "negation": "affirmed", "UMLS": "", "start": 65, "end": 73}], "Comparison Results": [], "Study Arm 1 Results": [], "Study Arm 2 Results": []}, "Sentence-level breakdown": [{"Section": "TITLE", "Text": "The coronavirus disease 2019 ( COVID-19 ) , infected by severe acute respiratory syndrome coronavirus 2 ( SARS-CoV-2 ) , has caused a severe outbreak throughout the world .", "Evidence Elements": {"Participant": [], "Intervention": [], "Outcome": []}, "Evidence Propositions": []}, {"Section": "METHODS", "Text": "The routine laboratory tests and host immunity in COVID-19 patients with different severity of illness were compared after patient admission .", "Evidence Elements": {"Participant": [{"term": "COVID-19", "negation": "affirmed", "UMLS": "", "start": 50, "end": 58}, {"term": "different severity of illness", "negation": "affirmed", "UMLS": "", "start": 73, "end": 102}], "Intervention": [], "Outcome": [{"term": "routine laboratory tests", "negation": "affirmed", "UMLS": "", "start": 4, "end": 28}, {"term": "host immunity", "negation": "affirmed", "UMLS": "", "start": 33, "end": 46}]}, "Evidence Propositions": []}, {"Section": "RESULTS", "Text": "A total of 65 SARS-CoV-2-positive patients were classified as having mild ( n = 30 ) , severe ( n = 20 ) , and extremely severe ( n = 15 ) illness .", "Evidence Elements": {"Participant": [{"term": "SARS-CoV-2-positive", "negation": "affirmed", "UMLS": "", "start": 14, "end": 33}, {"term": "mild", "negation": "affirmed", "UMLS": "", "start": 69, "end": 73}], "Intervention": [{"term": "severe", "negation": "affirmed", "UMLS": "", "start": 87, "end": 93}], "Outcome": []}, "Evidence Propositions": []}, {"Section": "RESULTS", "Text": "Many routine laboratory tests , such as ferritin , lactate dehydrogenase , and D-dimer , were increased in severe and extremely severe patients .", "Evidence Elements": {"Participant": [], "Intervention": [], "Outcome": []}, "Evidence Propositions": []}, {"Section": "RESULTS", "Text": "The absolute numbers of CD4+ T cells , CD8+T cells , and B cells were gradually decreased with increased severity of illness .", "Evidence Elements": {"Participant": [], "Intervention": [{"term": "increased", "negation": "affirmed", "UMLS": "", "start": 95, "end": 104}, {"term": "severity of", "negation": "affirmed", "UMLS": "", "start": 105, "end": 116}], "Outcome": [{"term": "absolute numbers of CD4+ T cells , CD8+T cells , and B cells", "negation": "affirmed", "UMLS": "", "start": 4, "end": 64}]}, "Evidence Propositions": []}, {"Section": "RESULTS", "Text": "The activation markers such as HLA-DR and CD45RO expressed on CD4+ and CD8+ T cells were increased in severe and extremely severe patients compared with mild patients .", "Evidence Elements": {"Participant": [], "Intervention": [{"term": "severe and extremely severe", "negation": "affirmed", "UMLS": "", "start": 102, "end": 129}, {"term": "mild", "negation": "affirmed", "UMLS": "", "start": 153, "end": 157}], "Outcome": [{"term": "activation markers", "negation": "affirmed", "UMLS": "", "start": 4, "end": 22}, {"term": "HLA-DR", "negation": "affirmed", "UMLS": "", "start": 31, "end": 37}, {"term": "CD45RO expressed", "negation": "affirmed", "UMLS": "", "start": 42, "end": 58}]}, "Evidence Propositions": [{"Intervention": "severe and extremely severe", "Observation": "increased", "Outcome": "activation markers", "Count": ""}, {"Intervention": "severe and extremely severe", "Observation": "increased", "Outcome": "HLA-DR", "Count": ""}, {"Intervention": "severe and extremely severe", "Observation": "increased", "Outcome": "CD45RO expressed", "Count": ""}, {"Intervention": "mild", "Observation": "increased", "Outcome": "activation markers", "Count": ""}, {"Intervention": "mild", "Observation": "increased", "Outcome": "HLA-DR", "Count": ""}, {"Intervention": "mild", "Observation": "increased", "Outcome": "CD45RO expressed", "Count": ""}]}, {"Section": "RESULTS", "Text": "The costimulatory molecule CD28 had opposite results .", "Evidence Elements": {"Participant": [], "Intervention": [{"term": "costimulatory molecule CD28", "negation": "affirmed", "UMLS": "", "start": 4, "end": 31}], "Outcome": []}, "Evidence Propositions": []}, {"Section": "RESULTS", "Text": "The percentage of natural Tregs was decreased in extremely severe patients .", "Evidence Elements": {"Participant": [], "Intervention": [{"term": "extremely severe", "negation": "affirmed", "UMLS": "", "start": 49, "end": 65}], "Outcome": [{"term": "percentage of natural Tregs", "negation": "affirmed", "UMLS": "", "start": 4, "end": 31}]}, "Evidence Propositions": [{"Intervention": "extremely severe", "Observation": "decreased", "Outcome": "percentage of natural Tregs", "Count": ""}]}, {"Section": "RESULTS", "Text": "The percentage of IFN-gamma-producing CD8+ T cells was increased in both severe and extremely severe patients compared with mild patients .", "Evidence Elements": {"Participant": [], "Intervention": [{"term": "severe and extremely severe", "negation": "affirmed", "UMLS": "", "start": 73, "end": 100}, {"term": "mild", "negation": "affirmed", "UMLS": "", "start": 124, "end": 128}], "Outcome": [{"term": "percentage of IFN-gamma-producing CD8+ T cells", "negation": "affirmed", "UMLS": "", "start": 4, "end": 50}]}, "Evidence Propositions": [{"Intervention": "severe and extremely severe", "Observation": "increased", "Outcome": "percentage of IFN-gamma-producing CD8+ T cells", "Count": ""}, {"Intervention": "mild", "Observation": "increased", "Outcome": "percentage of IFN-gamma-producing CD8+ T cells", "Count": ""}]}, {"Section": "RESULTS", "Text": "The percentage of IFN-gamma-producing CD4+ T cells was increased in extremely severe patients .", "Evidence Elements": {"Participant": [{"term": "extremely severe", "negation": "affirmed", "UMLS": "", "start": 68, "end": 84}], "Intervention": [], "Outcome": [{"term": "percentage of IFN-gamma-producing CD4+ T cells", "negation": "affirmed", "UMLS": "", "start": 4, "end": 50}]}, "Evidence Propositions": []}, {"Section": "RESULTS", "Text": "IL-2R , IL-6 , and IL-10 were all increased in extremely severe patients .", "Evidence Elements": {"Participant": [{"term": "extremely", "negation": "affirmed", "UMLS": "", "start": 47, "end": 56}], "Intervention": [], "Outcome": [{"term": "IL-2R", "negation": "affirmed", "UMLS": "", "start": 0, "end": 5}, {"term": "IL-6", "negation": "affirmed", "UMLS": "", "start": 8, "end": 12}, {"term": "IL-10", "negation": "affirmed", "UMLS": "", "start": 19, "end": 24}]}, "Evidence Propositions": []}, {"Section": "RESULTS", "Text": "The activation of DC and B cells was decreased in extremely severe patients .", "Evidence Elements": {"Participant": [], "Intervention": [{"term": "extremely severe", "negation": "affirmed", "UMLS": "", "start": 50, "end": 66}], "Outcome": [{"term": "activation of DC and B cells", "negation": "affirmed", "UMLS": "", "start": 4, "end": 32}]}, "Evidence Propositions": [{"Intervention": "extremely severe", "Observation": "decreased", "Outcome": "activation of DC and B cells", "Count": ""}]}, {"Section": "CONCLUSIONS", "Text": "CONCLUSIONThe number and function of T cells are inconsistent in COVID-19 patients .", "Evidence Elements": {"Participant": [{"term": "COVID-19", "negation": "affirmed", "UMLS": "", "start": 65, "end": 73}], "Intervention": [], "Outcome": [{"term": "number and function of T cells", "negation": "affirmed", "UMLS": "", "start": 14, "end": 44}]}, "Evidence Propositions": []}, {"Section": "CONCLUSIONS", "Text": "The hyperfunction of CD4+ and CD8+ T cells is associated with the pathogenesis of extremely severe SARS-CoV-2 infection .", "Evidence Elements": {"Participant": [], "Intervention": [], "Outcome": []}, "Evidence Propositions": []}, {"Section": "CONCLUSIONS", "Text": "FUNDINGThis work was funded by the National Mega Project on Major Infectious Disease Prevention ( 2017ZX10103005-007 ) and the Fundamental Research Funds for the Central Universities ( 2019kfyRCPY098 ) .", "Evidence Elements": {"Participant": [], "Intervention": [], "Outcome": []}, "Evidence Propositions": []}]}