{"doc_id": "32322400", "type of study": "Therapy", "title": "", "abstract": "Since the emergence of the severe acute respiratory syndrome coronavirus 2 (SARS-CoV-2) in Wuhan, China, the number of globally confirmed cases according to World Health Organization statistics reached 292 124 in 189 countries by 22 March 2020.\nThe number of deaths reached 12 784, with estimated case-fatality rates ranging from 0.5% to 5.7%.\nChildren population seems to be the least affected by the disease, while the highest rate of death is among the elderly and people with comorbidities.\nMost infected individuals are asymptomatic or only exhibit mild symptoms.\nAfter the incubation period, the most common symptoms are fever, cough and fatigue.\nAsymptomatic carrier state is of paramount importance because of carriers' ability to spread the infection and to shed the virus into the air and surroundings.\nAlthough much is still unknown about SARS-CoV-2, the scientific research is moving at an unprecedented pace towards understanding the nature, effective control, prevention and treatment of SARS-CoV-2.\nVarious reports have suggested an in vivo evolution of the virus, which may explain the rapid spread and changing epidemiology of SARS-CoV-2, but further evidence is needed.\nUnfortunately, no effective treatment or therapeutic drug is available for the disease; only supportive treatment and classical intervention measures are available for confronting the SARS-CoV-2 pandemic.\n", "Evidence Map": {"Enrollment": [{"term": "Children population", "negation": "affirmed", "UMLS": "", "start": 0, "end": 19}, {"term": "elderly", "negation": "affirmed", "UMLS": "", "start": 113, "end": 120}, {"term": "fever", "negation": "affirmed", "UMLS": "", "start": 59, "end": 64}, {"term": "cough", "negation": "affirmed", "UMLS": "", "start": 67, "end": 72}], "Comparison Results": [], "Study Arm 1 Results": [], "Study Arm 2 Results": []}, "Sentence-level breakdown": [{"Section": "TITLE", "Text": "Since the emergence of the severe acute respiratory syndrome coronavirus 2 ( SARS-CoV-2 ) in Wuhan , China , the number of globally confirmed cases according to World Health Organization statistics reached 292 124 in 189 countries by 22 March 2020 .", "Evidence Elements": {"Participant": [], "Intervention": [], "Outcome": []}, "Evidence Propositions": []}, {"Section": "RESULTS", "Text": "The number of deaths reached 12 784 , with estimated case-fatality rates ranging from 0.5 % to 5.7 % .", "Evidence Elements": {"Participant": [], "Intervention": [], "Outcome": [{"term": "number of deaths", "negation": "affirmed", "UMLS": "", "start": 4, "end": 20}, {"term": "estimated", "negation": "affirmed", "UMLS": "", "start": 43, "end": 52}, {"term": "case-fatality rates", "negation": "affirmed", "UMLS": "", "start": 53, "end": 72}]}, "Evidence Propositions": []}, {"Section": "CONCLUSIONS", "Text": "Children population seems to be the least affected by the disease , while the highest rate of death is among the elderly and people with comorbidities .", "Evidence Elements": {"Participant": [{"term": "Children population", "negation": "affirmed", "UMLS": "", "start": 0, "end": 19}, {"term": "elderly", "negation": "affirmed", "UMLS": "", "start": 113, "end": 120}], "Intervention": [{"term": "disease", "negation": "affirmed", "UMLS": "", "start": 58, "end": 65}], "Outcome": [{"term": "rate of death", "negation": "affirmed", "UMLS": "", "start": 86, "end": 99}]}, "Evidence Propositions": [{"Intervention": ["disease"], "Observation": "least affected", "Outcome": "", "Count": ""}, {"Intervention": [], "Observation": "highest", "Outcome": "", "Count": ""}]}, {"Section": "CONCLUSIONS", "Text": "Most infected individuals are asymptomatic or only exhibit mild symptoms .", "Evidence Elements": {"Participant": [], "Intervention": [], "Outcome": []}, "Evidence Propositions": []}, {"Section": "CONCLUSIONS", "Text": "After the incubation period , the most common symptoms are fever , cough and fatigue .", "Evidence Elements": {"Participant": [{"term": "fever", "negation": "affirmed", "UMLS": "", "start": 59, "end": 64}, {"term": "cough", "negation": "affirmed", "UMLS": "", "start": 67, "end": 72}], "Intervention": [], "Outcome": []}, "Evidence Propositions": []}, {"Section": "CONCLUSIONS", "Text": "Asymptomatic carrier state is of paramount importance because of carriers ' ability to spread the infection and to shed the virus into the air and surroundings .", "Evidence Elements": {"Participant": [], "Intervention": [], "Outcome": []}, "Evidence Propositions": []}, {"Section": "CONCLUSIONS", "Text": "Although much is still unknown about SARS-CoV-2 , the scientific research is moving at an unprecedented pace towards understanding the nature , effective control , prevention and treatment of SARS-CoV-2 .", "Evidence Elements": {"Participant": [], "Intervention": [], "Outcome": []}, "Evidence Propositions": []}, {"Section": "CONCLUSIONS", "Text": "Various reports have suggested an in vivo evolution of the virus , which may explain the rapid spread and changing epidemiology of SARS-CoV-2 , but further evidence is needed .", "Evidence Elements": {"Participant": [], "Intervention": [], "Outcome": []}, "Evidence Propositions": []}, {"Section": "CONCLUSIONS", "Text": "Unfortunately , no effective treatment or therapeutic drug is available for the disease ; only supportive treatment and classical intervention measures are available for confronting the SARS-CoV-2 pandemic .", "Evidence Elements": {"Participant": [], "Intervention": [], "Outcome": []}, "Evidence Propositions": []}]}