{"doc_id": "32335366", "type of study": "Therapy", "title": "", "abstract": "It has been reported that frequent occurrence of COVID-19 infection in these patients is associated with low cytosolic pH. During virus infection, serum lactate dehydrogenase (LDH) level excessively rises.\nLDH is a cytosolic enzyme and the serum level increases as the cell break down.\nWhen anaerobic conditions develop, lactate formation increases from pyruvate.\nCell pH is regulated by very complex mechanisms.\nWhen lactate increases in the extracellular area, this symporter carries lactate and H+ ion into the cell, and the intracellular pH quickly becomes acidic.\nParadoxically, Na+/H+ exchanger activation takes place.\nWhile H+ ion is thrown out of the cell, Na+ and Ca+2 enter the cell.\nWhen Na+ and Ca+2 increase in the cell, the cells swell and die.\nDapagliflozin is a sodium-glucose cotransporter-2 inhibitor.\nDapagliflozin has been reported to reduce lactate levels by various mechanisms.\nAlso, it reduces oxygen consumption in tissues and causes the use of glucose in the aerobic pathway, thereby reducing lactate production.\nA lactate decrease in the environment reduces the activation of lactate/H+ symporter.\nThus, the H ion pumping into the cell by this symporter is reduced and the cytosolic pH is maintained.\nDapagliflozin also directly inhibits NHE.\nThus, Na+ and Ca+2 flow to the cell are inhibited.\nDapagliflozin provides the continuation of the structure and functions of the cells.\nDapagliflozin can prevent the severe course of COVID-19 infection by preventing the lowering of cytosolic pH and reducing the viral load.\n", "Evidence Map": {"Enrollment": [], "Comparison Results": [], "Study Arm 1 Results": [], "Study Arm 2 Results": []}, "Sentence-level breakdown": [{"Section": "TITLE", "Text": "It has been reported that frequent occurrence of COVID-19 infection in these patients is associated with low cytosolic pH . During virus infection , serum lactate dehydrogenase ( LDH ) level excessively rises .", "Evidence Elements": {"Participant": [], "Intervention": [], "Outcome": []}, "Evidence Propositions": []}, {"Section": "RESULTS", "Text": "LDH is a cytosolic enzyme and the serum level increases as the cell break down .", "Evidence Elements": {"Participant": [], "Intervention": [], "Outcome": []}, "Evidence Propositions": []}, {"Section": "RESULTS", "Text": "When anaerobic conditions develop , lactate formation increases from pyruvate .", "Evidence Elements": {"Participant": [], "Intervention": [], "Outcome": []}, "Evidence Propositions": []}, {"Section": "RESULTS", "Text": "Cell pH is regulated by very complex mechanisms .", "Evidence Elements": {"Participant": [], "Intervention": [], "Outcome": []}, "Evidence Propositions": []}, {"Section": "RESULTS", "Text": "When lactate increases in the extracellular area , this symporter carries lactate and H+ ion into the cell , and the intracellular pH quickly becomes acidic .", "Evidence Elements": {"Participant": [], "Intervention": [], "Outcome": []}, "Evidence Propositions": []}, {"Section": "RESULTS", "Text": "Paradoxically , Na+/H+ exchanger activation takes place .", "Evidence Elements": {"Participant": [], "Intervention": [], "Outcome": [{"term": "Na+/H+ exchanger activation", "negation": "affirmed", "UMLS": "", "start": 16, "end": 43}]}, "Evidence Propositions": []}, {"Section": "RESULTS", "Text": "While H+ ion is thrown out of the cell , Na+ and Ca+2 enter the cell .", "Evidence Elements": {"Participant": [], "Intervention": [], "Outcome": []}, "Evidence Propositions": []}, {"Section": "RESULTS", "Text": "When Na+ and Ca+2 increase in the cell , the cells swell and die .", "Evidence Elements": {"Participant": [], "Intervention": [{"term": "Na+", "negation": "affirmed", "UMLS": "", "start": 5, "end": 8}], "Outcome": [{"term": "cells", "negation": "affirmed", "UMLS": "", "start": 45, "end": 50}, {"term": "swell", "negation": "affirmed", "UMLS": "", "start": 51, "end": 56}]}, "Evidence Propositions": []}, {"Section": "CONCLUSIONS", "Text": "Dapagliflozin is a sodium-glucose cotransporter-2 inhibitor .", "Evidence Elements": {"Participant": [], "Intervention": [], "Outcome": []}, "Evidence Propositions": []}, {"Section": "CONCLUSIONS", "Text": "Dapagliflozin has been reported to reduce lactate levels by various mechanisms .", "Evidence Elements": {"Participant": [], "Intervention": [], "Outcome": []}, "Evidence Propositions": []}, {"Section": "CONCLUSIONS", "Text": "Also , it reduces oxygen consumption in tissues and causes the use of glucose in the aerobic pathway , thereby reducing lactate production .", "Evidence Elements": {"Participant": [], "Intervention": [], "Outcome": [{"term": "oxygen consumption", "negation": "affirmed", "UMLS": "", "start": 18, "end": 36}]}, "Evidence Propositions": []}, {"Section": "CONCLUSIONS", "Text": "A lactate decrease in the environment reduces the activation of lactate / H+ symporter .", "Evidence Elements": {"Participant": [], "Intervention": [{"term": "lactate decrease in the environment", "negation": "affirmed", "UMLS": "", "start": 2, "end": 37}], "Outcome": [{"term": "activation of", "negation": "affirmed", "UMLS": "", "start": 50, "end": 63}, {"term": "H+ symporter", "negation": "affirmed", "UMLS": "", "start": 74, "end": 86}]}, "Evidence Propositions": []}, {"Section": "CONCLUSIONS", "Text": "Thus , the H ion pumping into the cell by this symporter is reduced and the cytosolic pH is maintained .", "Evidence Elements": {"Participant": [], "Intervention": [], "Outcome": [{"term": "H ion pumping into the cell", "negation": "affirmed", "UMLS": "", "start": 11, "end": 38}, {"term": "cytosolic pH", "negation": "affirmed", "UMLS": "", "start": 76, "end": 88}]}, "Evidence Propositions": []}, {"Section": "CONCLUSIONS", "Text": "Dapagliflozin also directly inhibits NHE .", "Evidence Elements": {"Participant": [], "Intervention": [{"term": "Dapagliflozin", "negation": "affirmed", "UMLS": "", "start": 0, "end": 13}], "Outcome": [{"term": "NHE", "negation": "affirmed", "UMLS": "", "start": 37, "end": 40}]}, "Evidence Propositions": []}, {"Section": "CONCLUSIONS", "Text": "Thus , Na+ and Ca+2 flow to the cell are inhibited .", "Evidence Elements": {"Participant": [], "Intervention": [], "Outcome": [{"term": "Na+ and Ca+2 flow to the cell", "negation": "affirmed", "UMLS": "", "start": 7, "end": 36}]}, "Evidence Propositions": []}, {"Section": "CONCLUSIONS", "Text": "Dapagliflozin provides the continuation of the structure and functions of the cells .", "Evidence Elements": {"Participant": [], "Intervention": [{"term": "Dapagliflozin", "negation": "affirmed", "UMLS": "", "start": 0, "end": 13}], "Outcome": []}, "Evidence Propositions": []}, {"Section": "CONCLUSIONS", "Text": "Dapagliflozin can prevent the severe course of COVID-19 infection by preventing the lowering of cytosolic pH and reducing the viral load .", "Evidence Elements": {"Participant": [], "Intervention": [{"term": "Dapagliflozin", "negation": "affirmed", "UMLS": "", "start": 0, "end": 13}], "Outcome": [{"term": "severe course of COVID-19 infection", "negation": "affirmed", "UMLS": "", "start": 30, "end": 65}, {"term": "cytosolic pH", "negation": "affirmed", "UMLS": "", "start": 96, "end": 108}, {"term": "viral load", "negation": "affirmed", "UMLS": "", "start": 126, "end": 136}]}, "Evidence Propositions": [{"Intervention": "Dapagliflozin", "Observation": "prevent", "Outcome": "severe course of COVID-19 infection", "Count": ""}, {"Intervention": "Dapagliflozin", "Observation": "preventing", "Outcome": "cytosolic pH", "Count": ""}, {"Intervention": "Dapagliflozin", "Observation": "lowering", "Outcome": "cytosolic pH", "Count": ""}, {"Intervention": "Dapagliflozin", "Observation": "reducing", "Outcome": "viral load", "Count": ""}]}]}