{"doc_id": "32339157", "type of study": "Therapy", "title": "", "abstract": "Angiotensin-converting enzyme 2 (ACE2) is a member of the renin-angiotension system, however, the correlation between ACE2 and prognosis in UCEC (Uterine Corpus Endometrial Carcinoma) and KIRP (Kidney Renal Papillary Cell Carcinoma) is not clear.\nWe analyzed the expression levels of ACE2 in the Oncomine and TIMER databases, the correlation between ACE2 and overall survival in the PrognoScan, GEPIA and Kaplan-Meier plotter databases.\nThe correlation between ACE2 and immune infiltration level and the type markers of immune cells was investigated in TIMER database.\nA prognosis analysis based on the expression levels of ACE2 was further performed in related immune cells subgroup.\nThe ACE2 promoter methylation profile was tested in the UALCAN database.\nIn addition, we used GSE30589 and GSE52920 databases to elucidate the changes of ACE2 expression in vivo and in vitro after SARS-CoV infection.\nACE2 was elevated in UCEC and KIRP, and high ACE2 had a favorable prognosis.\nThe expression of ACE2 was positively correlated with the level of immune infiltration of macrophage in KIRP, B cell, CD4+T cell, neutrophil and dendritic cell immune infiltration levels in UCEC.\nACE2 was significantly positively correlated with the type markers of B cells and neutrophils, macrophages in UCEC, while ACE2 in KIRP was positively correlated with the type markers of macrophages.\nHigh ACE2 expression level had a favorable prognosis in different enriched immune cells subgroups in UCEC and KIRP.\nAnd the promoter methylation levels of ACE2 in UCEC and KIRP were significantly reduced.\nWhat's more, we found that the expression of ACE2 decreased in vivo and in vitro after SARS-CoV infection.\nIn conclusion, ACE2 expression increased significantly in UCEC and KIRP, elevated ACE2 was positively correlated with immune infiltration and prognosis.\nMoreover, tumor tissues may be more susceptible to SARS-CoV-2 infection in COVID-19 patients with UCEC and KIRP, which may worsen the prognosis.\n", "Evidence Map": {"Enrollment": [{"term": "SARS-CoV", "negation": "affirmed", "UMLS": "", "start": 125, "end": 133}, {"term": "UCEC", "negation": "affirmed", "UMLS": "", "start": 111, "end": 115}, {"term": "UCEC", "negation": "affirmed", "UMLS": "", "start": 101, "end": 105}, {"term": "KIRP", "negation": "affirmed", "UMLS": "", "start": 110, "end": 114}, {"term": "UCEC", "negation": "affirmed", "UMLS": "", "start": 59, "end": 63}, {"term": "KIRP", "negation": "affirmed", "UMLS": "", "start": 68, "end": 72}, {"term": "tumor tissues", "negation": "affirmed", "UMLS": "", "start": 11, "end": 24}, {"term": "COVID-19", "negation": "affirmed", "UMLS": "", "start": 76, "end": 84}, {"term": "UCEC", "negation": "affirmed", "UMLS": "", "start": 99, "end": 103}, {"term": "KIRP", "negation": "affirmed", "UMLS": "", "start": 108, "end": 112}], "Comparison Results": [], "Study Arm 1 Results": [], "Study Arm 2 Results": []}, "Sentence-level breakdown": [{"Section": "TITLE", "Text": "Angiotensin-converting enzyme 2 ( ACE2 ) is a member of the renin-angiotension system , however , the correlation between ACE2 and prognosis in UCEC ( Uterine Corpus Endometrial Carcinoma ) and KIRP ( Kidney Renal Papillary Cell Carcinoma ) is not clear .", "Evidence Elements": {"Participant": [], "Intervention": [], "Outcome": []}, "Evidence Propositions": []}, {"Section": "OBJECTIVE", "Text": "We analyzed the expression levels of ACE2 in the Oncomine and TIMER databases , the correlation between ACE2 and overall survival in the PrognoScan , GEPIA and Kaplan-Meier plotter databases .", "Evidence Elements": {"Participant": [], "Intervention": [], "Outcome": [{"term": "expression levels of ACE2", "negation": "affirmed", "UMLS": "", "start": 16, "end": 41}, {"term": "correlation between ACE2 and overall survival", "negation": "affirmed", "UMLS": "", "start": 84, "end": 129}]}, "Evidence Propositions": []}, {"Section": "METHODS", "Text": "The correlation between ACE2 and immune infiltration level and the type markers of immune cells was investigated in TIMER database .", "Evidence Elements": {"Participant": [], "Intervention": [], "Outcome": [{"term": "correlation between ACE2 and immune infiltration level", "negation": "affirmed", "UMLS": "", "start": 4, "end": 58}, {"term": "type markers of immune cells", "negation": "affirmed", "UMLS": "", "start": 67, "end": 95}]}, "Evidence Propositions": []}, {"Section": "METHODS", "Text": "A prognosis analysis based on the expression levels of ACE2 was further performed in related immune cells subgroup .", "Evidence Elements": {"Participant": [], "Intervention": [], "Outcome": [{"term": "expression levels of ACE2", "negation": "affirmed", "UMLS": "", "start": 34, "end": 59}]}, "Evidence Propositions": []}, {"Section": "METHODS", "Text": "The ACE2 promoter methylation profile was tested in the UALCAN database .", "Evidence Elements": {"Participant": [], "Intervention": [], "Outcome": [{"term": "ACE2 promoter methylation profile", "negation": "affirmed", "UMLS": "", "start": 4, "end": 37}]}, "Evidence Propositions": []}, {"Section": "METHODS", "Text": "In addition , we used GSE30589 and GSE52920 databases to elucidate the changes of ACE2 expression in vivo and in vitro after SARS-CoV infection .", "Evidence Elements": {"Participant": [{"term": "SARS-CoV", "negation": "affirmed", "UMLS": "", "start": 125, "end": 133}], "Intervention": [], "Outcome": [{"term": "ACE2 expression", "negation": "affirmed", "UMLS": "", "start": 82, "end": 97}]}, "Evidence Propositions": []}, {"Section": "RESULTS", "Text": "ACE2 was elevated in UCEC and KIRP , and high ACE2 had a favorable prognosis .", "Evidence Elements": {"Participant": [], "Intervention": [{"term": "UCEC", "negation": "affirmed", "UMLS": "", "start": 21, "end": 25}, {"term": "KIRP", "negation": "affirmed", "UMLS": "", "start": 30, "end": 34}, {"term": "high ACE2", "negation": "affirmed", "UMLS": "", "start": 41, "end": 50}], "Outcome": [{"term": "ACE2", "negation": "affirmed", "UMLS": "", "start": 0, "end": 4}]}, "Evidence Propositions": [{"Intervention": "UCEC", "Observation": "elevated", "Outcome": "ACE2", "Count": ""}, {"Intervention": "KIRP", "Observation": "elevated", "Outcome": "ACE2", "Count": ""}]}, {"Section": "RESULTS", "Text": "The expression of ACE2 was positively correlated with the level of immune infiltration of macrophage in KIRP , B cell , CD4+ T cell , neutrophil and dendritic cell immune infiltration levels in UCEC .", "Evidence Elements": {"Participant": [], "Intervention": [], "Outcome": [{"term": "expression of ACE2", "negation": "affirmed", "UMLS": "", "start": 4, "end": 22}, {"term": "level of immune infiltration of macrophage in KIRP", "negation": "affirmed", "UMLS": "", "start": 58, "end": 108}, {"term": "B cell", "negation": "affirmed", "UMLS": "", "start": 111, "end": 117}, {"term": "CD4+ T cell", "negation": "affirmed", "UMLS": "", "start": 120, "end": 131}, {"term": "neutrophil and dendritic cell immune", "negation": "affirmed", "UMLS": "", "start": 134, "end": 170}]}, "Evidence Propositions": []}, {"Section": "RESULTS", "Text": "ACE2 was significantly positively correlated with the type markers of B cells and neutrophils , macrophages in UCEC , while ACE2 in KIRP was positively correlated with the type markers of macrophages .", "Evidence Elements": {"Participant": [{"term": "UCEC", "negation": "affirmed", "UMLS": "", "start": 111, "end": 115}], "Intervention": [{"term": "KIRP", "negation": "affirmed", "UMLS": "", "start": 132, "end": 136}], "Outcome": [{"term": "ACE2", "negation": "affirmed", "UMLS": "", "start": 0, "end": 4}, {"term": "type markers of B cells and neutrophils , macrophages", "negation": "affirmed", "UMLS": "", "start": 54, "end": 107}, {"term": "ACE2", "negation": "affirmed", "UMLS": "", "start": 0, "end": 4}, {"term": "type markers", "negation": "affirmed", "UMLS": "", "start": 54, "end": 66}]}, "Evidence Propositions": [{"Intervention": "KIRP", "Observation": "positively correlated", "Outcome": "ACE2", "Count": ""}, {"Intervention": "KIRP", "Observation": "positively correlated", "Outcome": "type markers", "Count": ""}]}, {"Section": "RESULTS", "Text": "High ACE2 expression level had a favorable prognosis in different enriched immune cells subgroups in UCEC and KIRP .", "Evidence Elements": {"Participant": [{"term": "UCEC", "negation": "affirmed", "UMLS": "", "start": 101, "end": 105}, {"term": "KIRP", "negation": "affirmed", "UMLS": "", "start": 110, "end": 114}], "Intervention": [{"term": "High ACE2 expression level", "negation": "affirmed", "UMLS": "", "start": 0, "end": 26}, {"term": "different enriched immune cells", "negation": "affirmed", "UMLS": "", "start": 56, "end": 87}], "Outcome": [{"term": "prognosis", "negation": "affirmed", "UMLS": "", "start": 43, "end": 52}]}, "Evidence Propositions": []}, {"Section": "RESULTS", "Text": "And the promoter methylation levels of ACE2 in UCEC and KIRP were significantly reduced .", "Evidence Elements": {"Participant": [], "Intervention": [{"term": "UCEC", "negation": "affirmed", "UMLS": "", "start": 47, "end": 51}, {"term": "KIRP", "negation": "affirmed", "UMLS": "", "start": 56, "end": 60}], "Outcome": [{"term": "promoter methylation levels of ACE2", "negation": "affirmed", "UMLS": "", "start": 8, "end": 43}]}, "Evidence Propositions": [{"Intervention": "UCEC", "Observation": "significantly reduced", "Outcome": "promoter methylation levels of ACE2", "Count": ""}, {"Intervention": "KIRP", "Observation": "significantly reduced", "Outcome": "promoter methylation levels of ACE2", "Count": ""}]}, {"Section": "RESULTS", "Text": "What 's more , we found that the expression of ACE2 decreased in vivo and in vitro after SARS-CoV infection .", "Evidence Elements": {"Participant": [], "Intervention": [], "Outcome": [{"term": "expression of ACE2", "negation": "affirmed", "UMLS": "", "start": 33, "end": 51}]}, "Evidence Propositions": []}, {"Section": "RESULTS", "Text": "In conclusion , ACE2 expression increased significantly in UCEC and KIRP , elevated ACE2 was positively correlated with immune infiltration and prognosis .", "Evidence Elements": {"Participant": [{"term": "UCEC", "negation": "affirmed", "UMLS": "", "start": 59, "end": 63}, {"term": "KIRP", "negation": "affirmed", "UMLS": "", "start": 68, "end": 72}], "Intervention": [], "Outcome": [{"term": "ACE2 expression", "negation": "affirmed", "UMLS": "", "start": 16, "end": 31}, {"term": "ACE2", "negation": "affirmed", "UMLS": "", "start": 16, "end": 20}, {"term": "immune infiltration", "negation": "affirmed", "UMLS": "", "start": 120, "end": 139}]}, "Evidence Propositions": []}, {"Section": "CONCLUSIONS", "Text": "Moreover , tumor tissues may be more susceptible to SARS-CoV-2 infection in COVID-19 patients with UCEC and KIRP , which may worsen the prognosis .", "Evidence Elements": {"Participant": [{"term": "tumor tissues", "negation": "affirmed", "UMLS": "", "start": 11, "end": 24}, {"term": "COVID-19", "negation": "affirmed", "UMLS": "", "start": 76, "end": 84}, {"term": "UCEC", "negation": "affirmed", "UMLS": "", "start": 99, "end": 103}, {"term": "KIRP", "negation": "affirmed", "UMLS": "", "start": 108, "end": 112}], "Intervention": [], "Outcome": [{"term": "SARS-CoV-2 infection", "negation": "affirmed", "UMLS": "", "start": 52, "end": 72}]}, "Evidence Propositions": [{"Intervention": [], "Observation": "more susceptible", "Outcome": "SARS-CoV-2 infection", "Count": ""}]}]}