{"doc_id": "32336042", "type of study": "Therapy", "title": "", "abstract": "The SARS-CoV-2 RNA has been detected in tears and conjunctival samples from infected individuals.\nConjunctivitis is also reported in a small number of cases.\nWe evaluated ocular symptoms and ocular tropism of SARS-CoV-2 in a group of patients with COVID-19.\nFifty-six patients infected with SARS-CoV-2 were recruited as subjects.\nRelevant medical histories were obtained from the electronic medical record system.\nOcular history and ocular symptoms data were obtained by communicating directly with the subjects.\nThe Ocular Surface Disease Index (OSDI) and Salisbury Eye Evaluation Questionnaire (SEEQ) were used to assess the anterior ocular surface condition before and after the onset of disease.\nPatients classified as severe COVID-19 cases were more likely to have hypertension compared to mild cases (p = 0.035).\nOf the 56 subjects, thirteen patients (23%) were infected in Wuhan, 32 patients (57%) were community-infected, 10 patients (18%) were unknown origin, 1 (2%) was a physician likely infected by a confirmed patient.\nThree patients wore face mask with precaution when contacting the confirmed patients.\nFifteen (27%) had aggravated ocular symptoms, of which 6 (11%) had prodromal ocular symptoms before disease onset.\nThe differences in mean scores of OSDI questionnaire and SEEQ between before and after onset of COVID-19 were all significant (p < 0.05 for both).\nOcular symptoms are relatively common in COVID-19 disease and may appear just before the onset of respiratory symptoms.\nOur data provided the anecdotal evidences of transmission of SARS-CoV-2 via ocular surface.\n", "Evidence Map": {"Enrollment": [{"term": "COVID-19", "negation": "affirmed", "UMLS": "", "start": 90, "end": 98}, {"term": "SARS-CoV-2", "negation": "affirmed", "UMLS": "", "start": 33, "end": 43}, {"term": "severe COVID-19 cases", "negation": "affirmed", "UMLS": "", "start": 23, "end": 44}, {"term": "mild cases", "negation": "affirmed", "UMLS": "", "start": 95, "end": 105}, {"term": "community-infected", "negation": "affirmed", "UMLS": "", "start": 99, "end": 117}], "Comparison Results": [], "Study Arm 1 Results": [], "Study Arm 2 Results": []}, "Sentence-level breakdown": [{"Section": "TITLE", "Text": "The SARS-CoV-2 RNA has been detected in tears and conjunctival samples from infected individuals .", "Evidence Elements": {"Participant": [], "Intervention": [], "Outcome": [{"term": "SARS-CoV-2 RNA", "negation": "affirmed", "UMLS": "", "start": 4, "end": 18}]}, "Evidence Propositions": []}, {"Section": "OBJECTIVE", "Text": "We evaluated ocular symptoms and ocular tropism of SARS-CoV-2 in a group of patients with COVID-19 .", "Evidence Elements": {"Participant": [{"term": "COVID-19", "negation": "affirmed", "UMLS": "", "start": 90, "end": 98}], "Intervention": [{"term": "SARS-CoV-2", "negation": "affirmed", "UMLS": "", "start": 51, "end": 61}], "Outcome": [{"term": "ocular symptoms", "negation": "affirmed", "UMLS": "", "start": 13, "end": 28}, {"term": "ocular tropism", "negation": "affirmed", "UMLS": "", "start": 33, "end": 47}]}, "Evidence Propositions": []}, {"Section": "METHODS", "Text": "Fifty-six patients infected with SARS-CoV-2 were recruited as subjects .", "Evidence Elements": {"Participant": [{"term": "SARS-CoV-2", "negation": "affirmed", "UMLS": "", "start": 33, "end": 43}], "Intervention": [], "Outcome": []}, "Evidence Propositions": []}, {"Section": "METHODS", "Text": "Relevant medical histories were obtained from the electronic medical record system .", "Evidence Elements": {"Participant": [], "Intervention": [], "Outcome": []}, "Evidence Propositions": []}, {"Section": "METHODS", "Text": "Ocular history and ocular symptoms data were obtained by communicating directly with the subjects .", "Evidence Elements": {"Participant": [], "Intervention": [], "Outcome": [{"term": "history", "negation": "affirmed", "UMLS": "", "start": 7, "end": 14}, {"term": "ocular symptoms", "negation": "affirmed", "UMLS": "", "start": 19, "end": 34}]}, "Evidence Propositions": []}, {"Section": "METHODS", "Text": "The Ocular Surface Disease Index ( OSDI ) and Salisbury Eye Evaluation Questionnaire ( SEEQ ) were used to assess the anterior ocular surface condition before and after the onset of disease .", "Evidence Elements": {"Participant": [], "Intervention": [], "Outcome": [{"term": "Ocular Surface Disease Index ( OSDI )", "negation": "affirmed", "UMLS": "", "start": 4, "end": 41}, {"term": "Salisbury Eye Evaluation Questionnaire ( SEEQ )", "negation": "affirmed", "UMLS": "", "start": 46, "end": 93}, {"term": "anterior ocular surface condition", "negation": "affirmed", "UMLS": "", "start": 118, "end": 151}]}, "Evidence Propositions": []}, {"Section": "RESULTS", "Text": "Patients classified as severe COVID-19 cases were more likely to have hypertension compared to mild cases ( p = 0.035 ) .", "Evidence Elements": {"Participant": [{"term": "severe COVID-19 cases", "negation": "affirmed", "UMLS": "", "start": 23, "end": 44}, {"term": "mild cases", "negation": "affirmed", "UMLS": "", "start": 95, "end": 105}], "Intervention": [], "Outcome": [{"term": "hypertension", "negation": "affirmed", "UMLS": "", "start": 70, "end": 82}]}, "Evidence Propositions": [{"Intervention": [], "Observation": "more likely", "Outcome": "hypertension", "Count": ""}]}, {"Section": "RESULTS", "Text": "Of the 56 subjects , thirteen patients ( 23 % ) were infected in Wuhan , 32 patients ( 57 % ) were community-infected , 10 patients ( 18 % ) were unknown origin , 1 ( 2 % ) was a physician likely infected by a confirmed patient .", "Evidence Elements": {"Participant": [{"term": "community-infected", "negation": "affirmed", "UMLS": "", "start": 99, "end": 117}], "Intervention": [], "Outcome": []}, "Evidence Propositions": []}, {"Section": "RESULTS", "Text": "Three patients wore face mask with precaution when contacting the confirmed patients .", "Evidence Elements": {"Participant": [], "Intervention": [{"term": "face", "negation": "affirmed", "UMLS": "", "start": 20, "end": 24}], "Outcome": []}, "Evidence Propositions": []}, {"Section": "RESULTS", "Text": "Fifteen ( 27 % ) had aggravated ocular symptoms , of which 6 ( 11 % ) had prodromal ocular symptoms before disease onset .", "Evidence Elements": {"Participant": [], "Intervention": [], "Outcome": [{"term": "aggravated ocular symptoms", "negation": "affirmed", "UMLS": "", "start": 21, "end": 47}]}, "Evidence Propositions": []}, {"Section": "RESULTS", "Text": "The differences in mean scores of OSDI questionnaire and SEEQ between before and after onset of COVID-19 were all significant ( p < 0.05 for both ) .", "Evidence Elements": {"Participant": [], "Intervention": [], "Outcome": [{"term": "differences in mean scores of OSDI questionnaire and SEEQ", "negation": "affirmed", "UMLS": "", "start": 4, "end": 61}]}, "Evidence Propositions": []}, {"Section": "CONCLUSIONS", "Text": "Ocular symptoms are relatively common in COVID-19 disease and may appear just before the onset of respiratory symptoms .", "Evidence Elements": {"Participant": [], "Intervention": [], "Outcome": []}, "Evidence Propositions": []}, {"Section": "CONCLUSIONS", "Text": "Our data provided the anecdotal evidences of transmission of SARS-CoV-2 via ocular surface .", "Evidence Elements": {"Participant": [], "Intervention": [], "Outcome": [{"term": "transmission", "negation": "affirmed", "UMLS": "", "start": 45, "end": 57}, {"term": "SARS-CoV-2", "negation": "affirmed", "UMLS": "", "start": 61, "end": 71}]}, "Evidence Propositions": []}]}