{"doc_id": "32339487", "type of study": "Therapy", "title": "", "abstract": "Patients with COVID-19 have abnormal blood routine examination results.\nDynamic surveillance of eosinophils is helpful in the prediction of severe COVID-19 cases.\nNLR and MLR were combined for diagnosis of severe COVID-19, and its AUC was 0.925.\nThe delay to the start of the increase of eosinophil count predicts ominous outcome.\nIn December 2019, coronavirus disease 2019 (COVID-19) was first found in Wuhan, China and soon was reported all around the world.\nAll confirmed cases with COVID-19 in Wenzhou from January 19 to February 20, 2020, were collected and analyzed.\nOf the 116 patients with COVID-19, 27 were diagnosed as severe cases.\nAmong severe cases, 9 were treated in ICU.\nThe data of blood routine examination were analyzed and compared among common patients (as common group), severe patients admitted to intensive care unit (as severe ICU group) and severe patients not admitted to ICU (as severe non-ICU group).\nThe blood routine examination results were dynamically observed in the above groups after admission.\nPatients with COVID-19 have lower counts of leucocytes, lymphocytes, eosinophils, platelets, and hemoglobin, but have higher neutrophil-lymphocyte ratio (NLR) and monocyte-lymphocyte ratio (MLR), which were compared with controls (P < 0.001).\nIn severe ICU group, patients have the lowest count of lymphocytes, but the highest neutrophil count and NLR among the above three groups (all P values < 0.05); NLR and MLR indicators were combined for diagnostic efficacy analysis of severe COVID-19, and its area under the curve reached 0.925.\nThe odds ratio of the delay in days to the start of the increase of eosinophil count for predicting the outcome of patients with severe COVID-19 was 2.291 after age adjusted.\nPatients with COVID-19 have abnormal peripheral blood routine examination results.\nDynamic surveillance of peripheral blood system especially eosinophils is helpful in the prediction of severe COVID-19 cases.\n", "Evidence Map": {"Enrollment": [{"term": "COVID-19", "negation": "affirmed", "UMLS": "", "start": 14, "end": 22}, {"term": "severe COVID-19", "negation": "affirmed", "UMLS": "", "start": 43, "end": 58}, {"term": "COVID-19", "negation": "affirmed", "UMLS": "", "start": 25, "end": 33}, {"term": "COVID-19", "negation": "affirmed", "UMLS": "", "start": 25, "end": 33}, {"term": "common patients", "negation": "affirmed", "UMLS": "", "start": 71, "end": 86}, {"term": "severe patients admitted to intensive care unit", "negation": "affirmed", "UMLS": "", "start": 109, "end": 156}, {"term": "severe patients not admitted to", "negation": "affirmed", "UMLS": "", "start": 185, "end": 216}, {"term": "COVID-19", "negation": "affirmed", "UMLS": "", "start": 14, "end": 22}, {"term": "severe ICU", "negation": "affirmed", "UMLS": "", "start": 3, "end": 13}, {"term": "severe COVID-19", "negation": "affirmed", "UMLS": "", "start": 239, "end": 254}, {"term": "severe COVID-19", "negation": "affirmed", "UMLS": "", "start": 129, "end": 144}, {"term": "COVID-19", "negation": "affirmed", "UMLS": "", "start": 14, "end": 22}], "Comparison Results": [], "Study Arm 1 Results": [], "Study Arm 2 Results": []}, "Sentence-level breakdown": [{"Section": "TITLE", "Text": "Patients with COVID-19 have abnormal blood routine examination results .", "Evidence Elements": {"Participant": [{"term": "COVID-19", "negation": "affirmed", "UMLS": "", "start": 14, "end": 22}], "Intervention": [], "Outcome": []}, "Evidence Propositions": []}, {"Section": "METHODS", "Text": "NLR and MLR were combined for diagnosis of severe COVID-19 , and its AUC was 0.925 .", "Evidence Elements": {"Participant": [{"term": "severe COVID-19", "negation": "affirmed", "UMLS": "", "start": 43, "end": 58}], "Intervention": [], "Outcome": [{"term": "AUC", "negation": "affirmed", "UMLS": "", "start": 69, "end": 72}]}, "Evidence Propositions": []}, {"Section": "METHODS", "Text": "The delay to the start of the increase of eosinophil count predicts ominous outcome .", "Evidence Elements": {"Participant": [], "Intervention": [{"term": "delay to the start of the increase of eosinophil count", "negation": "affirmed", "UMLS": "", "start": 4, "end": 58}], "Outcome": [{"term": "outcome", "negation": "affirmed", "UMLS": "", "start": 76, "end": 83}]}, "Evidence Propositions": []}, {"Section": "METHODS", "Text": "In December 2019 , coronavirus disease 2019 ( COVID-19 ) was first found in Wuhan , China and soon was reported all around the world .", "Evidence Elements": {"Participant": [], "Intervention": [], "Outcome": []}, "Evidence Propositions": []}, {"Section": "METHODS", "Text": "All confirmed cases with COVID-19 in Wenzhou from January 19 to February 20 , 2020 , were collected and analyzed .", "Evidence Elements": {"Participant": [{"term": "COVID-19", "negation": "affirmed", "UMLS": "", "start": 25, "end": 33}], "Intervention": [], "Outcome": []}, "Evidence Propositions": []}, {"Section": "METHODS", "Text": "Of the 116 patients with COVID-19 , 27 were diagnosed as severe cases .", "Evidence Elements": {"Participant": [{"term": "COVID-19", "negation": "affirmed", "UMLS": "", "start": 25, "end": 33}], "Intervention": [], "Outcome": []}, "Evidence Propositions": []}, {"Section": "METHODS", "Text": "Among severe cases , 9 were treated in ICU .", "Evidence Elements": {"Participant": [], "Intervention": [], "Outcome": []}, "Evidence Propositions": []}, {"Section": "METHODS", "Text": "The data of blood routine examination were analyzed and compared among common patients ( as common group ) , severe patients admitted to intensive care unit ( as severe ICU group ) and severe patients not admitted to ICU ( as severe non-ICU group ) .", "Evidence Elements": {"Participant": [{"term": "common patients", "negation": "affirmed", "UMLS": "", "start": 71, "end": 86}, {"term": "severe patients admitted to intensive care unit", "negation": "affirmed", "UMLS": "", "start": 109, "end": 156}, {"term": "severe patients not admitted to", "negation": "affirmed", "UMLS": "", "start": 185, "end": 216}], "Intervention": [], "Outcome": [{"term": "blood routine examination", "negation": "affirmed", "UMLS": "", "start": 12, "end": 37}]}, "Evidence Propositions": []}, {"Section": "RESULTS", "Text": "The blood routine examination results were dynamically observed in the above groups after admission .", "Evidence Elements": {"Participant": [], "Intervention": [{"term": "above groups", "negation": "affirmed", "UMLS": "", "start": 71, "end": 83}], "Outcome": [{"term": "blood routine examination results", "negation": "affirmed", "UMLS": "", "start": 4, "end": 37}]}, "Evidence Propositions": []}, {"Section": "RESULTS", "Text": "Patients with COVID-19 have lower counts of leucocytes , lymphocytes , eosinophils , platelets , and hemoglobin , but have higher neutrophil-lymphocyte ratio ( NLR ) and monocyte-lymphocyte ratio ( MLR ) , which were compared with controls ( P < 0.001 ) .", "Evidence Elements": {"Participant": [{"term": "COVID-19", "negation": "affirmed", "UMLS": "", "start": 14, "end": 22}], "Intervention": [], "Outcome": [{"term": "counts of leucocytes , lymphocytes , eosinophils , platelets , and hemoglobin", "negation": "affirmed", "UMLS": "", "start": 34, "end": 111}, {"term": "neutrophil-lymphocyte ratio ( NLR )", "negation": "affirmed", "UMLS": "", "start": 130, "end": 165}, {"term": "monocyte-lymphocyte ratio ( MLR", "negation": "affirmed", "UMLS": "", "start": 170, "end": 201}]}, "Evidence Propositions": []}, {"Section": "RESULTS", "Text": "In severe ICU group , patients have the lowest count of lymphocytes , but the highest neutrophil count and NLR among the above three groups ( all P values < 0.05 ) ; NLR and MLR indicators were combined for diagnostic efficacy analysis of severe COVID-19 , and its area under the curve reached 0.925 .", "Evidence Elements": {"Participant": [{"term": "severe ICU", "negation": "affirmed", "UMLS": "", "start": 3, "end": 13}, {"term": "severe COVID-19", "negation": "affirmed", "UMLS": "", "start": 239, "end": 254}], "Intervention": [{"term": "above three groups", "negation": "affirmed", "UMLS": "", "start": 121, "end": 139}], "Outcome": [{"term": "count of lymphocytes", "negation": "affirmed", "UMLS": "", "start": 47, "end": 67}, {"term": "neutrophil count", "negation": "affirmed", "UMLS": "", "start": 86, "end": 102}, {"term": "NLR", "negation": "affirmed", "UMLS": "", "start": 107, "end": 110}, {"term": "NLR", "negation": "affirmed", "UMLS": "", "start": 107, "end": 110}, {"term": "MLR", "negation": "affirmed", "UMLS": "", "start": 174, "end": 177}, {"term": "diagnostic efficacy", "negation": "affirmed", "UMLS": "", "start": 207, "end": 226}]}, "Evidence Propositions": []}, {"Section": "RESULTS", "Text": "The odds ratio of the delay in days to the start of the increase of eosinophil count for predicting the outcome of patients with severe COVID-19 was 2.291 after age adjusted .", "Evidence Elements": {"Participant": [{"term": "severe COVID-19", "negation": "affirmed", "UMLS": "", "start": 129, "end": 144}], "Intervention": [{"term": "delay in days to the start of the increase of eosinophil count", "negation": "affirmed", "UMLS": "", "start": 22, "end": 84}], "Outcome": [{"term": "odds ratio", "negation": "affirmed", "UMLS": "", "start": 4, "end": 14}, {"term": "outcome", "negation": "affirmed", "UMLS": "", "start": 104, "end": 111}]}, "Evidence Propositions": [{"Intervention": "delay in days to the start of the increase of eosinophil count", "Observation": "2.291", "Outcome": "odds ratio", "Count": ""}]}, {"Section": "CONCLUSIONS", "Text": "Patients with COVID-19 have abnormal peripheral blood routine examination results .", "Evidence Elements": {"Participant": [{"term": "COVID-19", "negation": "affirmed", "UMLS": "", "start": 14, "end": 22}], "Intervention": [], "Outcome": []}, "Evidence Propositions": []}, {"Section": "CONCLUSIONS", "Text": "Dynamic surveillance of peripheral blood system especially eosinophils is helpful in the prediction of severe COVID-19 cases .", "Evidence Elements": {"Participant": [], "Intervention": [{"term": "Dynamic", "negation": "affirmed", "UMLS": "", "start": 0, "end": 7}], "Outcome": [{"term": "severe COVID-19", "negation": "affirmed", "UMLS": "", "start": 103, "end": 118}]}, "Evidence Propositions": [{"Intervention": "Dynamic", "Observation": "helpful", "Outcome": "severe COVID-19", "Count": ""}]}]}