{"doc_id": "32334395", "type of study": "Therapy", "title": "", "abstract": "Diabetes Mellitus (DM) is chronic conditions with devastating multi-systemic complication and may be associated with severe form of Coronavirus Disease 2019 (COVID-19).\nWe conducted a systematic review and meta-analysis in order to investigate the association between DM and poor outcome in patients with COVID-19 pneumonia.\nSystematic literature search was performed from several electronic databases on subjects that assess DM and outcome in COVID-19 pneumonia.\nThe outcome of interest was composite poor outcome, including mortality, severe COVID-19, acute respiratory distress syndrome (ARDS), need for intensive care unit (ICU) care, and disease progression.\nThere were a total of 6452 patients from 30 studies.\nMeta-analysis showed that DM was associated with composite poor outcome (RR 2.38 [1.88, 3.03], p < 0.001; I2: 62%) and its subgroup which comprised of mortality (RR 2.12 [1.44, 3.11], p < 0.001; I2: 72%), severe COVID-19 (RR 2.45 [1.79, 3.35], p < 0.001; I2: 45%), ARDS (RR 4.64 [1.86, 11.58], p = 0.001; I2: 9%), and disease progression (RR 3.31 [1.08, 10.14], p = 0.04; I2: 0%).\nMeta-regression showed that the association with composite poor outcome was influenced by age (p = 0.003) and hypertension (p < 0.001).\nSubgroup analysis showed that the association was weaker in studies with median age >=55 years-old (RR 1.92) compared to <55 years-old (RR 3.48), and in prevalence of hypertension >=25% (RR 1.93) compared to <25% (RR 3.06).\nSubgroup analysis on median age <55 years-old and prevalence of hypertension <25% showed strong association (RR 3.33) DM was associated with mortality, severe COVID-19, ARDS, and disease progression in patients with COVID-19.\nDiabetes was associated with mortality, severity, and acute respiratory distress syndrome in Coronavirus Disease 2019.\nThe association between diabetes and poor outcome was greater in studies with younger and less hypertensive patients.\nGender, cardiovascular diseases, and pulmonary disease did not influence the association between diabetes and poor outcome.\n", "Evidence Map": {"Enrollment": [{"term": "COVID-19 pneumonia", "negation": "affirmed", "UMLS": "", "start": 136, "end": 154}, {"term": "COVID-19 pneumonia", "negation": "affirmed", "UMLS": "", "start": 119, "end": 137}, {"term": "mortality", "negation": "affirmed", "UMLS": "", "start": 160, "end": 169}, {"term": "severe COVID-19", "negation": "affirmed", "UMLS": "", "start": 224, "end": 239}, {"term": "age", "negation": "affirmed", "UMLS": "", "start": 90, "end": 93}, {"term": "hypertension", "negation": "affirmed", "UMLS": "", "start": 112, "end": 124}, {"term": "prevalence of hypertension", "negation": "affirmed", "UMLS": "", "start": 161, "end": 187}, {"term": "younger", "negation": "affirmed", "UMLS": "", "start": 78, "end": 85}, {"term": "hypertensive", "negation": "affirmed", "UMLS": "", "start": 95, "end": 107}], "Comparison Results": [], "Study Arm 1 Results": [], "Study Arm 2 Results": []}, "Sentence-level breakdown": [{"Section": "TITLE", "Text": "Diabetes Mellitus ( DM ) is chronic conditions with devastating multi-systemic complication and may be associated with severe form of Coronavirus Disease 2019 ( COVID-19 ) .", "Evidence Elements": {"Participant": [], "Intervention": [], "Outcome": []}, "Evidence Propositions": []}, {"Section": "OBJECTIVE", "Text": "We conducted a systematic review and meta-analysis in order to investigate the association between DM and poor outcome in patients with COVID-19 pneumonia .", "Evidence Elements": {"Participant": [{"term": "COVID-19 pneumonia", "negation": "affirmed", "UMLS": "", "start": 136, "end": 154}], "Intervention": [{"term": "DM", "negation": "affirmed", "UMLS": "", "start": 99, "end": 101}], "Outcome": [{"term": "poor outcome", "negation": "affirmed", "UMLS": "", "start": 106, "end": 118}]}, "Evidence Propositions": [{"Intervention": "DM", "Observation": "association", "Outcome": "poor outcome", "Count": ""}]}, {"Section": "METHODS", "Text": "Systematic literature search was performed from several electronic databases on subjects that assess DM and outcome in COVID-19 pneumonia .", "Evidence Elements": {"Participant": [{"term": "COVID-19 pneumonia", "negation": "affirmed", "UMLS": "", "start": 119, "end": 137}], "Intervention": [], "Outcome": [{"term": "DM", "negation": "affirmed", "UMLS": "", "start": 101, "end": 103}, {"term": "outcome", "negation": "affirmed", "UMLS": "", "start": 108, "end": 115}]}, "Evidence Propositions": []}, {"Section": "METHODS", "Text": "The outcome of interest was composite poor outcome , including mortality , severe COVID-19 , acute respiratory distress syndrome ( ARDS ) , need for intensive care unit ( ICU ) care , and disease progression .", "Evidence Elements": {"Participant": [], "Intervention": [], "Outcome": [{"term": "composite poor outcome", "negation": "affirmed", "UMLS": "", "start": 28, "end": 50}, {"term": "mortality", "negation": "affirmed", "UMLS": "", "start": 63, "end": 72}, {"term": "severe COVID-19", "negation": "affirmed", "UMLS": "", "start": 75, "end": 90}, {"term": "acute respiratory distress syndrome ( ARDS )", "negation": "affirmed", "UMLS": "", "start": 93, "end": 137}, {"term": "need for intensive care", "negation": "affirmed", "UMLS": "", "start": 140, "end": 163}]}, "Evidence Propositions": []}, {"Section": "RESULTS", "Text": "There were a total of 6452 patients from 30 studies .", "Evidence Elements": {"Participant": [], "Intervention": [], "Outcome": []}, "Evidence Propositions": []}, {"Section": "RESULTS", "Text": "Meta-analysis showed that DM was associated with composite poor outcome ( RR 2.38 [ 1.88 , 3.03 ] , p < 0.001 ; I2 : 62 % ) and its subgroup which comprised of mortality ( RR 2.12 [ 1.44 , 3.11 ] , p < 0.001 ; I2 : 72 % ) , severe COVID-19 ( RR 2.45 [ 1.79 , 3.35 ] , p < 0.001 ; I2 : 45 % ) , ARDS ( RR 4.64 [ 1", "Evidence Elements": {"Participant": [{"term": "mortality", "negation": "affirmed", "UMLS": "", "start": 160, "end": 169}, {"term": "severe COVID-19", "negation": "affirmed", "UMLS": "", "start": 224, "end": 239}], "Intervention": [{"term": "DM", "negation": "affirmed", "UMLS": "", "start": 26, "end": 28}], "Outcome": [{"term": "composite poor outcome", "negation": "affirmed", "UMLS": "", "start": 49, "end": 71}]}, "Evidence Propositions": []}, {"Section": "RESULTS", "Text": "Meta-regression showed that the association with composite poor outcome was influenced by age ( p = 0.003 ) and hypertension ( p < 0.001 ) .", "Evidence Elements": {"Participant": [{"term": "age", "negation": "affirmed", "UMLS": "", "start": 90, "end": 93}, {"term": "hypertension", "negation": "affirmed", "UMLS": "", "start": 112, "end": 124}], "Intervention": [], "Outcome": [{"term": "association with composite poor outcome", "negation": "affirmed", "UMLS": "", "start": 32, "end": 71}]}, "Evidence Propositions": []}, {"Section": "RESULTS", "Text": "Subgroup analysis showed that the association was weaker in studies with median age > = 55 years-old ( RR 1.92 ) compared to < 55 years-old ( RR 3.48 ) , and in prevalence of hypertension > = 25 % ( RR 1.93 ) compared to < 25 % ( RR 3.06 ) .", "Evidence Elements": {"Participant": [{"term": "prevalence of hypertension", "negation": "affirmed", "UMLS": "", "start": 161, "end": 187}], "Intervention": [{"term": "median age > = 55 years-old", "negation": "affirmed", "UMLS": "", "start": 73, "end": 100}, {"term": "< 55 years-old", "negation": "affirmed", "UMLS": "", "start": 125, "end": 139}], "Outcome": [{"term": "association", "negation": "affirmed", "UMLS": "", "start": 34, "end": 45}]}, "Evidence Propositions": [{"Intervention": ["median age > = 55 years-old", "< 55 years-old"], "Observation": "weaker", "Outcome": "association", "Count": ""}]}, {"Section": "RESULTS", "Text": "Subgroup analysis on median age < 55 years-old and prevalence of hypertension < 25 % showed strong association ( RR 3.33 ) DM was associated with mortality , severe COVID-19 , ARDS , and disease progression in patients with COVID-19 .", "Evidence Elements": {"Participant": [], "Intervention": [{"term": "DM", "negation": "affirmed", "UMLS": "", "start": 123, "end": 125}], "Outcome": [{"term": "mortality", "negation": "affirmed", "UMLS": "", "start": 146, "end": 155}, {"term": "severe COVID-19", "negation": "affirmed", "UMLS": "", "start": 158, "end": 173}, {"term": "ARDS", "negation": "affirmed", "UMLS": "", "start": 176, "end": 180}]}, "Evidence Propositions": [{"Intervention": "DM", "Observation": "strong association", "Outcome": "mortality", "Count": ""}, {"Intervention": "DM", "Observation": "strong association", "Outcome": "severe COVID-19", "Count": ""}, {"Intervention": "DM", "Observation": "associated", "Outcome": "mortality", "Count": ""}, {"Intervention": "DM", "Observation": "associated", "Outcome": "severe COVID-19", "Count": ""}]}, {"Section": "RESULTS", "Text": "Diabetes was associated with mortality , severity , and acute respiratory distress syndrome in Coronavirus Disease 2019 .", "Evidence Elements": {"Participant": [], "Intervention": [{"term": "Diabetes", "negation": "affirmed", "UMLS": "", "start": 0, "end": 8}], "Outcome": [{"term": "mortality", "negation": "affirmed", "UMLS": "", "start": 29, "end": 38}, {"term": "severity", "negation": "affirmed", "UMLS": "", "start": 41, "end": 49}, {"term": "acute respiratory distress syndrome", "negation": "affirmed", "UMLS": "", "start": 56, "end": 91}]}, "Evidence Propositions": [{"Intervention": "Diabetes", "Observation": "associated", "Outcome": "mortality", "Count": ""}, {"Intervention": "Diabetes", "Observation": "associated", "Outcome": "severity", "Count": ""}, {"Intervention": "Diabetes", "Observation": "associated", "Outcome": "acute respiratory distress syndrome", "Count": ""}]}, {"Section": "RESULTS", "Text": "The association between diabetes and poor outcome was greater in studies with younger and less hypertensive patients .", "Evidence Elements": {"Participant": [{"term": "younger", "negation": "affirmed", "UMLS": "", "start": 78, "end": 85}, {"term": "hypertensive", "negation": "affirmed", "UMLS": "", "start": 95, "end": 107}], "Intervention": [], "Outcome": [{"term": "association between diabetes and poor outcome", "negation": "affirmed", "UMLS": "", "start": 4, "end": 49}]}, "Evidence Propositions": [{"Intervention": [], "Observation": "greater", "Outcome": "association between diabetes and poor outcome", "Count": ""}]}, {"Section": "CONCLUSIONS", "Text": "Gender , cardiovascular diseases , and pulmonary disease did not influence the association between diabetes and poor outcome .", "Evidence Elements": {"Participant": [], "Intervention": [], "Outcome": [{"term": "association between diabetes and", "negation": "negated", "UMLS": "", "start": 79, "end": 111}]}, "Evidence Propositions": []}]}