{"doc_id": "32333860", "type of study": "Therapy", "title": "", "abstract": "To evaluate in SARS-CoV-2 patients the behavior of presepsin .\nTo compare the informations provided with those of other inflammatory biomarkers.\nTo provide new biochemical informations in patients suffering from SARS-CoV-2.\nA severe form of pneumonia, is the leading complication of the respiratory Coronavirus disease 2019 (COVID-19), recently renamed SARS-CoV-2.\nSoluble cluster of differentiation (CD)14 subtype (sCD14-ST also termed presepsin PSP) is a regulatory factor that modulates immune responses by interacting with T and B cells, useful for early diagnosis, prognosis and risk stratification prediction.\nIn 75 consecutive patients suffering from COVID-19 microbiology proven infection, admitted to intensive care unit (ICU, n = 21, 28%) and/or in infectious disease ward (IW, n = 54, 72%), PSP (Pathfast, Mitsubishi, Japan) has been measured in addition to routine laboratory tests performed during the period of hospitalization (from January to March 2020).\nPSP demonstrates: -statistically significant higher values (Mann-Whitney test) in 6 patients died (median, IQR = 1046, 763-1240; vs 417, 281-678 ng/L, p < 0.05); -statistically significant but poor correlations with CRP (r = 0.59, p < 0.001), LDH (r = 0.52, p < 0.001) and PCT (r = 0.72, p < 0.001) measured at the same day; -a significant relationship between concentrations and ICU stay.\nIn fact patients showing PSP values higher than 250 ng/L (cut-off for risk stratification) did stay in ICU for a significantly longer time (median 17 days, IQR 12-31; p < 0.001) than those exhibiting lower values (median 10 days, IQR 7-18).\nThe data obtained seems to demonstrate the role of PSP in providing prognostic information in COVID-19 patients, allowing to identify, during the early phase of the monitoring, the patients suffering from a more severe disease which will be hospitalized for a more long time.\n", "Evidence Map": {"Enrollment": [{"term": "SARS-CoV-2", "negation": "affirmed", "UMLS": "", "start": 15, "end": 25}, {"term": "SARS-CoV-2", "negation": "affirmed", "UMLS": "", "start": 67, "end": 77}, {"term": "COVID-19 microbiology proven infection", "negation": "affirmed", "UMLS": "", "start": 42, "end": 80}, {"term": "admitted to intensive care unit", "negation": "affirmed", "UMLS": "", "start": 83, "end": 114}, {"term": "ICU", "negation": "affirmed", "UMLS": "", "start": 117, "end": 120}, {"term": "or in infectious disease ward", "negation": "affirmed", "UMLS": "", "start": 145, "end": 174}, {"term": "IW", "negation": "affirmed", "UMLS": "", "start": 177, "end": 179}, {"term": "COVID-19", "negation": "affirmed", "UMLS": "", "start": 94, "end": 102}, {"term": "more severe disease", "negation": "affirmed", "UMLS": "", "start": 210, "end": 229}, {"term": "hospitalized", "negation": "affirmed", "UMLS": "", "start": 244, "end": 256}], "Comparison Results": [], "Study Arm 1 Results": [], "Study Arm 2 Results": []}, "Sentence-level breakdown": [{"Section": "TITLE", "Text": "To evaluate in SARS-CoV-2 patients the behavior of presepsin .", "Evidence Elements": {"Participant": [{"term": "SARS-CoV-2", "negation": "affirmed", "UMLS": "", "start": 15, "end": 25}], "Intervention": [], "Outcome": [{"term": "behavior of presepsin", "negation": "affirmed", "UMLS": "", "start": 39, "end": 60}]}, "Evidence Propositions": []}, {"Section": "OBJECTIVE", "Text": "To compare the informations provided with those of other inflammatory biomarkers .", "Evidence Elements": {"Participant": [], "Intervention": [], "Outcome": []}, "Evidence Propositions": []}, {"Section": "OBJECTIVE", "Text": "To provide new biochemical informations in patients suffering from SARS-CoV-2 .", "Evidence Elements": {"Participant": [{"term": "SARS-CoV-2", "negation": "affirmed", "UMLS": "", "start": 67, "end": 77}], "Intervention": [], "Outcome": [{"term": "biochemical informations", "negation": "affirmed", "UMLS": "", "start": 15, "end": 39}]}, "Evidence Propositions": []}, {"Section": "METHODS", "Text": "In 75 consecutive patients suffering from COVID-19 microbiology proven infection , admitted to intensive care unit ( ICU , n = 21 , 28 % ) and / or in infectious disease ward ( IW , n = 54 , 72 % ) , PSP ( Pathfast , Mitsubishi , Japan ) has been measured in addition to routine laboratory tests performed during the period of hospitalization ( from January to March 2020 ) .", "Evidence Elements": {"Participant": [{"term": "COVID-19 microbiology proven infection", "negation": "affirmed", "UMLS": "", "start": 42, "end": 80}, {"term": "admitted to intensive care unit", "negation": "affirmed", "UMLS": "", "start": 83, "end": 114}, {"term": "ICU", "negation": "affirmed", "UMLS": "", "start": 117, "end": 120}, {"term": "or in infectious disease ward", "negation": "affirmed", "UMLS": "", "start": 145, "end": 174}, {"term": "IW", "negation": "affirmed", "UMLS": "", "start": 177, "end": 179}], "Intervention": [], "Outcome": [{"term": "PSP", "negation": "affirmed", "UMLS": "", "start": 200, "end": 203}]}, "Evidence Propositions": []}, {"Section": "RESULTS", "Text": "PSP demonstrates : -statistically significant higher values ( Mann-Whitney test ) in 6 patients died ( median , IQR = 1046 , 763-1240 ; vs 417 , 281-678 ng / L , p < 0.05 ) ; -statistically significant but poor correlations with CRP ( r = 0.59 , p < 0.001 ) , LDH ( r = 0.52 , p < 0.001 ) and PCT ( r = 0.72 , p < 0.001 ) measured at the same day ; -a significant relationship between", "Evidence Elements": {"Participant": [], "Intervention": [], "Outcome": [{"term": "values", "negation": "affirmed", "UMLS": "", "start": 53, "end": 59}, {"term": "died", "negation": "affirmed", "UMLS": "", "start": 96, "end": 100}, {"term": "LDH", "negation": "affirmed", "UMLS": "", "start": 260, "end": 263}, {"term": "PCT", "negation": "affirmed", "UMLS": "", "start": 293, "end": 296}]}, "Evidence Propositions": []}, {"Section": "RESULTS", "Text": "In fact patients showing PSP values higher than 250 ng / L ( cut-off for risk stratification ) did stay in ICU for a significantly longer time ( median 17 days , IQR 12-31 ; p < 0.001 ) than those exhibiting lower values ( median 10 days , IQR 7-18 ) .", "Evidence Elements": {"Participant": [], "Intervention": [{"term": "PSP values higher than 250", "negation": "affirmed", "UMLS": "", "start": 25, "end": 51}, {"term": "L", "negation": "affirmed", "UMLS": "", "start": 57, "end": 58}, {"term": "lower", "negation": "affirmed", "UMLS": "", "start": 208, "end": 213}], "Outcome": [{"term": "stay in ICU", "negation": "affirmed", "UMLS": "", "start": 99, "end": 110}]}, "Evidence Propositions": [{"Intervention": ["PSP values higher than 250", "L", "lower"], "Observation": "significantly longer time", "Outcome": "stay in ICU", "Count": ""}]}, {"Section": "CONCLUSIONS", "Text": "The data obtained seems to demonstrate the role of PSP in providing prognostic information in COVID-19 patients , allowing to identify , during the early phase of the monitoring , the patients suffering from a more severe disease which will be hospitalized for a more long time .", "Evidence Elements": {"Participant": [{"term": "COVID-19", "negation": "affirmed", "UMLS": "", "start": 94, "end": 102}, {"term": "more severe disease", "negation": "affirmed", "UMLS": "", "start": 210, "end": 229}, {"term": "hospitalized", "negation": "affirmed", "UMLS": "", "start": 244, "end": 256}], "Intervention": [{"term": "PSP", "negation": "affirmed", "UMLS": "", "start": 51, "end": 54}], "Outcome": [{"term": "prognostic information", "negation": "affirmed", "UMLS": "", "start": 68, "end": 90}]}, "Evidence Propositions": []}]}