{"doc_id": "32339382", "type of study": "Therapy", "title": "", "abstract": "To report mode of delivery and immediate neonatal outcome in women infected with COVID-19.\nRetrospective study.\nTwelve hospitals in northern Italy.\nPregnant women with COVID-19-confirmed infection who delivered.\nCOVID 19 infection in pregnancy.\nSARS-CoV-2-infected women who were admitted and delivered from 1 to 20 March 2020 were eligible.\nData were collected from the clinical records using a standardised questionnaire on maternal general characteristics, any medical or obstetric co-morbidity, course of pregnancy, clinical signs and symptoms, treatment of COVID 19 infection, mode of delivery, neonatal data and breastfeeding.\nData on mode of delivery and neonatal outcome.\nIn all, 42 women with COVID-19 delivered at the participating centres; 24 (57.1%, 95% CI 41.0-72.3) delivered vaginally.\nAn elective caesarean section was performed in 18/42 (42.9%, 95% CI 27.7-59.0) cases: in eight cases the indication was unrelated to COVID-19 infection.\nPneumonia was diagnosed in 19/42 (45.2%, 95% CI 29.8-61.3) cases: of these, 7/19 (36.8%, 95% CI 16.3-61.6) required oxygen support and 4/19 (21.1%, 95% CI 6.1-45.6) were admitted to a critical care unit.\nTwo women with COVID-19 breastfed without a mask because infection was diagnosed in the postpartum period: their newborns tested positive for SARS-Cov-2 infection.\nIn one case, a newborn had a positive test after a vaginal operative delivery.\nAlthough postpartum infection cannot be excluded with 100% certainty, these findings suggest that vaginal delivery is associated with a low risk of intrapartum SARS-Cov-2 transmission to the newborn.\nThis study suggests that vaginal delivery may be associated with a low risk of intrapartum SARS-Cov-2 transmission to the newborn.\nThis study suggests that vaginal delivery may be associated with a low risk of intrapartum SARS-Cov-2 transmission to the newborn.\nThis article includes Author Insights, a video abstract available at https://vimeo.com/rcog/authorinsights16278\n", "Evidence Map": {"Enrollment": [{"term": "women", "negation": "affirmed", "UMLS": "", "start": 61, "end": 66}, {"term": "COVID-19", "negation": "affirmed", "UMLS": "", "start": 81, "end": 89}, {"term": "Pregnant women", "negation": "affirmed", "UMLS": "", "start": 0, "end": 14}, {"term": "COVID-19-confirmed infection", "negation": "affirmed", "UMLS": "", "start": 20, "end": 48}, {"term": "pregnancy", "negation": "affirmed", "UMLS": "", "start": 22, "end": 31}, {"term": "SARS-CoV-2-infected women", "negation": "affirmed", "UMLS": "", "start": 0, "end": 25}, {"term": "admitted", "negation": "affirmed", "UMLS": "", "start": 35, "end": 43}, {"term": "women", "negation": "affirmed", "UMLS": "", "start": 12, "end": 17}, {"term": "COVID-19", "negation": "affirmed", "UMLS": "", "start": 23, "end": 31}, {"term": "elective caesarean section", "negation": "affirmed", "UMLS": "", "start": 3, "end": 29}, {"term": "women", "negation": "affirmed", "UMLS": "", "start": 4, "end": 9}, {"term": "COVID-19 breastfed", "negation": "affirmed", "UMLS": "", "start": 15, "end": 33}, {"term": "newborns", "negation": "negated", "UMLS": "", "start": 114, "end": 122}, {"term": "newborn", "negation": "affirmed", "UMLS": "", "start": 16, "end": 23}, {"term": "vaginal operative", "negation": "affirmed", "UMLS": "", "start": 52, "end": 69}], "Comparison Results": [], "Study Arm 1 Results": [], "Study Arm 2 Results": []}, "Sentence-level breakdown": [{"Section": "TITLE", "Text": "To report mode of delivery and immediate neonatal outcome in women infected with COVID-19 .", "Evidence Elements": {"Participant": [{"term": "women", "negation": "affirmed", "UMLS": "", "start": 61, "end": 66}, {"term": "COVID-19", "negation": "affirmed", "UMLS": "", "start": 81, "end": 89}], "Intervention": [], "Outcome": [{"term": "mode of delivery", "negation": "affirmed", "UMLS": "", "start": 10, "end": 26}, {"term": "immediate neonatal outcome", "negation": "affirmed", "UMLS": "", "start": 31, "end": 57}]}, "Evidence Propositions": []}, {"Section": "METHODS", "Text": "Retrospective study .", "Evidence Elements": {"Participant": [], "Intervention": [], "Outcome": []}, "Evidence Propositions": []}, {"Section": "METHODS", "Text": "Twelve hospitals in northern Italy .", "Evidence Elements": {"Participant": [], "Intervention": [], "Outcome": []}, "Evidence Propositions": []}, {"Section": "METHODS", "Text": "Pregnant women with COVID-19-confirmed infection who delivered .", "Evidence Elements": {"Participant": [{"term": "Pregnant women", "negation": "affirmed", "UMLS": "", "start": 0, "end": 14}, {"term": "COVID-19-confirmed infection", "negation": "affirmed", "UMLS": "", "start": 20, "end": 48}], "Intervention": [], "Outcome": []}, "Evidence Propositions": []}, {"Section": "METHODS", "Text": "COVID 19 infection in pregnancy .", "Evidence Elements": {"Participant": [{"term": "pregnancy", "negation": "affirmed", "UMLS": "", "start": 22, "end": 31}], "Intervention": [], "Outcome": [{"term": "COVID 19 infection", "negation": "affirmed", "UMLS": "", "start": 0, "end": 18}]}, "Evidence Propositions": []}, {"Section": "METHODS", "Text": "SARS-CoV-2-infected women who were admitted and delivered from 1 to 20 March 2020 were eligible .", "Evidence Elements": {"Participant": [{"term": "SARS-CoV-2-infected women", "negation": "affirmed", "UMLS": "", "start": 0, "end": 25}, {"term": "admitted", "negation": "affirmed", "UMLS": "", "start": 35, "end": 43}], "Intervention": [], "Outcome": []}, "Evidence Propositions": []}, {"Section": "METHODS", "Text": "Data were collected from the clinical records using a standardised questionnaire on maternal general characteristics , any medical or obstetric co-morbidity , course of pregnancy , clinical signs and symptoms , treatment of COVID 19 infection , mode of delivery , neonatal data and breastfeeding .", "Evidence Elements": {"Participant": [], "Intervention": [], "Outcome": [{"term": "maternal general characteristics", "negation": "affirmed", "UMLS": "", "start": 84, "end": 116}, {"term": "medical or obstetric co-morbidity", "negation": "affirmed", "UMLS": "", "start": 123, "end": 156}, {"term": "course of pregnancy", "negation": "affirmed", "UMLS": "", "start": 159, "end": 178}, {"term": "clinical signs and symptoms", "negation": "affirmed", "UMLS": "", "start": 181, "end": 208}, {"term": "treatment of COVID 19 infection", "negation": "affirmed", "UMLS": "", "start": 211, "end": 242}, {"term": "mode of", "negation": "affirmed", "UMLS": "", "start": 245, "end": 252}]}, "Evidence Propositions": []}, {"Section": "METHODS", "Text": "Data on mode of delivery and neonatal outcome .", "Evidence Elements": {"Participant": [], "Intervention": [], "Outcome": [{"term": "mode of delivery", "negation": "affirmed", "UMLS": "", "start": 8, "end": 24}, {"term": "neonatal outcome", "negation": "affirmed", "UMLS": "", "start": 29, "end": 45}]}, "Evidence Propositions": []}, {"Section": "RESULTS", "Text": "In all , 42 women with COVID-19 delivered at the participating centres ; 24 ( 57.1 % , 95 % CI 41.0-72.3 ) delivered vaginally .", "Evidence Elements": {"Participant": [{"term": "women", "negation": "affirmed", "UMLS": "", "start": 12, "end": 17}, {"term": "COVID-19", "negation": "affirmed", "UMLS": "", "start": 23, "end": 31}], "Intervention": [], "Outcome": []}, "Evidence Propositions": []}, {"Section": "RESULTS", "Text": "An elective caesarean section was performed in 18 / 42 ( 42.9 % , 95 % CI 27.7-59.0 ) cases : in eight cases the indication was unrelated to COVID-19 infection .", "Evidence Elements": {"Participant": [{"term": "elective caesarean section", "negation": "affirmed", "UMLS": "", "start": 3, "end": 29}], "Intervention": [], "Outcome": []}, "Evidence Propositions": []}, {"Section": "RESULTS", "Text": "Pneumonia was diagnosed in 19 / 42 ( 45.2 % , 95 % CI 29.8-61.3 ) cases : of these , 7 / 19 ( 36.8 % , 95 % CI 16.3-61.6 ) required oxygen support and 4 / 19 ( 21.1 % , 95 % CI 6.1-45.6 ) were admitted to a critical care unit .", "Evidence Elements": {"Participant": [], "Intervention": [], "Outcome": [{"term": "Pneumonia", "negation": "affirmed", "UMLS": "", "start": 0, "end": 9}, {"term": "oxygen support", "negation": "affirmed", "UMLS": "", "start": 132, "end": 146}]}, "Evidence Propositions": []}, {"Section": "RESULTS", "Text": "Two women with COVID-19 breastfed without a mask because infection was diagnosed in the postpartum period : their newborns tested positive for SARS-Cov-2 infection .", "Evidence Elements": {"Participant": [{"term": "women", "negation": "affirmed", "UMLS": "", "start": 4, "end": 9}, {"term": "COVID-19 breastfed", "negation": "affirmed", "UMLS": "", "start": 15, "end": 33}, {"term": "newborns", "negation": "negated", "UMLS": "", "start": 114, "end": 122}], "Intervention": [], "Outcome": [{"term": "SARS-Cov-2", "negation": "negated", "UMLS": "", "start": 143, "end": 153}]}, "Evidence Propositions": []}, {"Section": "RESULTS", "Text": "In one case , a newborn had a positive test after a vaginal operative delivery .", "Evidence Elements": {"Participant": [{"term": "newborn", "negation": "affirmed", "UMLS": "", "start": 16, "end": 23}, {"term": "vaginal operative", "negation": "affirmed", "UMLS": "", "start": 52, "end": 69}], "Intervention": [], "Outcome": [{"term": "test", "negation": "affirmed", "UMLS": "", "start": 39, "end": 43}]}, "Evidence Propositions": []}, {"Section": "CONCLUSIONS", "Text": "Although postpartum infection cannot be excluded with 100 % certainty , these findings suggest that vaginal delivery is associated with a low risk of intrapartum SARS-Cov-2 transmission to the newborn .", "Evidence Elements": {"Participant": [], "Intervention": [{"term": "vaginal delivery", "negation": "negated", "UMLS": "", "start": 100, "end": 116}], "Outcome": [{"term": "intrapartum SARS-Cov-2 transmission", "negation": "negated", "UMLS": "", "start": 150, "end": 185}]}, "Evidence Propositions": [{"Intervention": "vaginal delivery", "Observation": "low risk", "Outcome": "intrapartum SARS-Cov-2 transmission", "Count": ""}]}, {"Section": "CONCLUSIONS", "Text": "This study suggests that vaginal delivery may be associated with a low risk of intrapartum SARS-Cov-2 transmission to the newborn .", "Evidence Elements": {"Participant": [], "Intervention": [{"term": "vaginal delivery", "negation": "affirmed", "UMLS": "", "start": 25, "end": 41}], "Outcome": []}, "Evidence Propositions": []}, {"Section": "CONCLUSIONS", "Text": "This study suggests that vaginal delivery may be associated with a low risk of intrapartum SARS-Cov-2 transmission to the newborn .", "Evidence Elements": {"Participant": [], "Intervention": [{"term": "vaginal delivery", "negation": "affirmed", "UMLS": "", "start": 25, "end": 41}], "Outcome": []}, "Evidence Propositions": []}, {"Section": "CONCLUSIONS", "Text": "This article includes Author Insights , a video abstract available at https:/ / vimeo.com / rcog / authorinsights16278", "Evidence Elements": {"Participant": [], "Intervention": [], "Outcome": []}, "Evidence Propositions": []}]}