{"doc_id": "32333993", "type of study": "Therapy", "title": "", "abstract": "COVID-19 infection is decreased in populations living at an altitude of above 3000 masl.\nHighland inhabitants may be less susceptible to SARS-CoV-2 virus infection due to physiological acclimatization to hypoxia.\nHigh-altitude environmental factors may contribute to reduce the virulence of SARS-CoV-2.\nIn the present study we analyze the epidemiological data of COVID-19 of Tibet and high-altitude regions of Bolivia and Ecuador, and compare to lowland data, to test the hypothesis that high-altitude inhabitants (+2,500 m above sea-level) are less susceptible to develop severe adverse effects in acute SARS-CoV-2 virus infection.\nAnalysis of available epidemiological data suggest that physiological acclimatization/adaptation that counterbalance the hypoxic environment in high-altitude may protect from severe impact of acute SARS-CoV-2 virus infection.\nPotential underlying mechanisms such as: (i) a compromised half-live of the virus caused by the high-altitude environment, and (ii) a hypoxia mediated down regulation of angiotensin-converting enzyme 2 (ACE2), which is the main binding target of SARS-CoV-2 virus in the pulmonary epithelium are discussed.\n", "Evidence Map": {"Enrollment": [{"term": "altitude of above 3000 masl", "negation": "affirmed", "UMLS": "", "start": 60, "end": 87}, {"term": "acute SARS-CoV-2 virus infection", "negation": "affirmed", "UMLS": "", "start": 194, "end": 226}], "Comparison Results": [], "Study Arm 1 Results": [], "Study Arm 2 Results": []}, "Sentence-level breakdown": [{"Section": "TITLE", "Text": "COVID-19 infection is decreased in populations living at an altitude of above 3000 masl .", "Evidence Elements": {"Participant": [{"term": "altitude of above 3000 masl", "negation": "affirmed", "UMLS": "", "start": 60, "end": 87}], "Intervention": [], "Outcome": [{"term": "COVID-19 infection", "negation": "affirmed", "UMLS": "", "start": 0, "end": 18}]}, "Evidence Propositions": []}, {"Section": "OBJECTIVE", "Text": "In the present study we analyze the epidemiological data of COVID-19 of Tibet and high-altitude regions of Bolivia and Ecuador , and compare to lowland data , to test the hypothesis that high-altitude inhabitants ( +2,500 m above sea-level ) are less susceptible to develop severe adverse effects in acute SARS-CoV-2 virus infection .", "Evidence Elements": {"Participant": [], "Intervention": [{"term": "high-altitude inhabitants", "negation": "affirmed", "UMLS": "", "start": 187, "end": 212}], "Outcome": [{"term": "severe adverse effects", "negation": "affirmed", "UMLS": "", "start": 274, "end": 296}]}, "Evidence Propositions": [{"Intervention": ["high-altitude inhabitants"], "Observation": "less susceptible", "Outcome": "severe adverse effects", "Count": ""}]}, {"Section": "RESULTS", "Text": "Analysis of available epidemiological data suggest that physiological acclimatization / adaptation that counterbalance the hypoxic environment in high-altitude may protect from severe impact of acute SARS-CoV-2 virus infection .", "Evidence Elements": {"Participant": [{"term": "acute SARS-CoV-2 virus infection", "negation": "affirmed", "UMLS": "", "start": 194, "end": 226}], "Intervention": [], "Outcome": [{"term": "severe impact", "negation": "affirmed", "UMLS": "", "start": 177, "end": 190}]}, "Evidence Propositions": []}, {"Section": "CONCLUSIONS", "Text": "Potential underlying mechanisms such as : ( i ) a compromised half-live of the virus caused by the high-altitude environment , and ( ii ) a hypoxia mediated down regulation of angiotensin-converting enzyme 2 ( ACE2 ) , which is the main binding target of SARS-CoV-2 virus in the pulmonary epithelium are discussed .", "Evidence Elements": {"Participant": [], "Intervention": [], "Outcome": []}, "Evidence Propositions": []}]}