{"doc_id": "32330305", "type of study": "Therapy", "title": "", "abstract": "The purpose of this study was to detect severe acute respiratory syndrome coronavirus 2 (SARS-CoV-2) ribonucleic acid (RNA) in urine and blood specimens, and anal and oropharyngeal swabs from patients with confirmed SARS-CoV-2 infection, and correlated positive results with clinical findings.\nPatients with confirmed SARS-CoV-2 infections were included in this study.\nPatients' demographic and clinical data were recorded.\nQuantitative real-time polymerase chain reaction was used to detect SARS-CoV-2 RNA in urine and blood specimens, and anal and oropharyngeal swabs.\nThe study is registered at http://ClinicalTrials.gov (No. NCT04279782, 19 February, 2020).\nSARS-CoV-2 RNA was present in all four specimen types, though not all specimen types were positive simultaneously.\nThe presence of viral RNA was not necessarily predictive of clinical symptoms, for example, the presence of viral RNA in the urine did not necessarily predict urinary tract symptoms.\nSARS-CoV-2 can infect multiple systems, including the urinary tract.\nTesting different specimen types may be useful for monitoring disease changes and progression, and for establishing a prognosis.\nSARS-CoV-2 can be detected in multiple system specimens but without necessarily corresponding dysfunction.\nFurther study is needed to determine the virus ability to destroy different organs.\n", "Evidence Map": {"Enrollment": [{"term": "SARS-CoV-2 infection", "negation": "affirmed", "UMLS": "", "start": 221, "end": 241}, {"term": "confirmed", "negation": "affirmed", "UMLS": "", "start": 14, "end": 23}, {"term": "SARS-CoV-2 infections", "negation": "affirmed", "UMLS": "", "start": 24, "end": 45}], "Comparison Results": [], "Study Arm 1 Results": [], "Study Arm 2 Results": []}, "Sentence-level breakdown": [{"Section": "TITLE", "Text": "The purpose of this study was to detect severe acute respiratory syndrome coronavirus 2 ( SARS-CoV-2 ) ribonucleic acid ( RNA ) in urine and blood specimens , and anal and oropharyngeal swabs from patients with confirmed SARS-CoV-2 infection , and correlated positive results with clinical findings .", "Evidence Elements": {"Participant": [{"term": "SARS-CoV-2 infection", "negation": "affirmed", "UMLS": "", "start": 221, "end": 241}], "Intervention": [], "Outcome": [{"term": "severe acute respiratory syndrome coronavirus 2 ( SARS-CoV-2 ) ribonucleic acid ( RNA )", "negation": "affirmed", "UMLS": "", "start": 40, "end": 127}]}, "Evidence Propositions": []}, {"Section": "METHODS", "Text": "Patients with confirmed SARS-CoV-2 infections were included in this study .", "Evidence Elements": {"Participant": [{"term": "confirmed", "negation": "affirmed", "UMLS": "", "start": 14, "end": 23}, {"term": "SARS-CoV-2 infections", "negation": "affirmed", "UMLS": "", "start": 24, "end": 45}], "Intervention": [], "Outcome": []}, "Evidence Propositions": []}, {"Section": "METHODS", "Text": "Patients ' demographic and clinical data were recorded .", "Evidence Elements": {"Participant": [], "Intervention": [], "Outcome": []}, "Evidence Propositions": []}, {"Section": "METHODS", "Text": "Quantitative real-time polymerase chain reaction was used to detect SARS-CoV-2 RNA in urine and blood specimens , and anal and oropharyngeal swabs .", "Evidence Elements": {"Participant": [], "Intervention": [], "Outcome": [{"term": "SARS-CoV-2 RNA", "negation": "affirmed", "UMLS": "", "start": 68, "end": 82}]}, "Evidence Propositions": []}, {"Section": "METHODS", "Text": "The study is registered at http:/ / ClinicalTrials.gov ( No. NCT04279782 , 19 February , 2020 ) .", "Evidence Elements": {"Participant": [], "Intervention": [], "Outcome": []}, "Evidence Propositions": []}, {"Section": "RESULTS", "Text": "SARS-CoV-2 RNA was present in all four specimen types , though not all specimen types were positive simultaneously .", "Evidence Elements": {"Participant": [], "Intervention": [{"term": "all four specimen types", "negation": "affirmed", "UMLS": "", "start": 30, "end": 53}, {"term": "all specimen types", "negation": "negated", "UMLS": "", "start": 67, "end": 85}], "Outcome": [{"term": "SARS-CoV-2 RNA", "negation": "affirmed", "UMLS": "", "start": 0, "end": 14}]}, "Evidence Propositions": [{"Intervention": "all four specimen types", "Observation": "positive", "Outcome": "SARS-CoV-2 RNA", "Count": ""}, {"Intervention": "all specimen types", "Observation": "positive", "Outcome": "SARS-CoV-2 RNA", "Count": ""}]}, {"Section": "RESULTS", "Text": "The presence of viral RNA was not necessarily predictive of clinical symptoms , for example , the presence of viral RNA in the urine did not necessarily predict urinary tract symptoms .", "Evidence Elements": {"Participant": [], "Intervention": [], "Outcome": [{"term": "presence of viral RNA", "negation": "affirmed", "UMLS": "", "start": 4, "end": 25}, {"term": "clinical symptoms", "negation": "affirmed", "UMLS": "", "start": 60, "end": 77}, {"term": "presence of viral RNA in the urine", "negation": "affirmed", "UMLS": "", "start": 98, "end": 132}, {"term": "urinary", "negation": "affirmed", "UMLS": "", "start": 161, "end": 168}]}, "Evidence Propositions": []}, {"Section": "CONCLUSIONS", "Text": "SARS-CoV-2 can infect multiple systems , including the urinary tract .", "Evidence Elements": {"Participant": [], "Intervention": [], "Outcome": []}, "Evidence Propositions": []}, {"Section": "CONCLUSIONS", "Text": "Testing different specimen types may be useful for monitoring disease changes and progression , and for establishing a prognosis .", "Evidence Elements": {"Participant": [], "Intervention": [], "Outcome": []}, "Evidence Propositions": []}, {"Section": "CONCLUSIONS", "Text": "SARS-CoV-2 can be detected in multiple system specimens but without necessarily corresponding dysfunction .", "Evidence Elements": {"Participant": [], "Intervention": [], "Outcome": []}, "Evidence Propositions": []}, {"Section": "CONCLUSIONS", "Text": "Further study is needed to determine the virus ability to destroy different organs .", "Evidence Elements": {"Participant": [], "Intervention": [], "Outcome": []}, "Evidence Propositions": []}]}