{"doc_id": "32333918", "type of study": "Therapy", "title": "", "abstract": "Baricitinib at 4 mg/day/orally was given to 12 patients with moderate COVID-19.\nIn baricitinib-treated patients no adverse events were recorded, after 2 weeks.\nClinical and respiratory parameters significantly improved at 2 weeks.\nNone of the baricitinib-treated patients required admission to ICU.\nProper control group was missing; this is required to demonstrate the efficacy.\n", "Evidence Map": {"Enrollment": [{"term": "moderate COVID-19", "negation": "affirmed", "UMLS": "", "start": 65, "end": 82}], "Comparison Results": [], "Study Arm 1 Results": [], "Study Arm 2 Results": []}, "Sentence-level breakdown": [{"Section": "TITLE", "Text": "Baricitinib at 4 mg / day / orally was given to 12 patients with moderate COVID-19 .", "Evidence Elements": {"Participant": [{"term": "moderate COVID-19", "negation": "affirmed", "UMLS": "", "start": 65, "end": 82}], "Intervention": [{"term": "Baricitinib", "negation": "affirmed", "UMLS": "", "start": 0, "end": 11}], "Outcome": []}, "Evidence Propositions": []}, {"Section": "RESULTS", "Text": "In baricitinib-treated patients no adverse events were recorded , after 2 weeks .", "Evidence Elements": {"Participant": [], "Intervention": [{"term": "baricitinib-treated", "negation": "affirmed", "UMLS": "", "start": 3, "end": 22}], "Outcome": [{"term": "adverse events", "negation": "negated", "UMLS": "", "start": 35, "end": 49}]}, "Evidence Propositions": []}, {"Section": "RESULTS", "Text": "Clinical and respiratory parameters significantly improved at 2 weeks .", "Evidence Elements": {"Participant": [], "Intervention": [], "Outcome": [{"term": "Clinical and respiratory parameters", "negation": "affirmed", "UMLS": "", "start": 0, "end": 35}]}, "Evidence Propositions": []}, {"Section": "RESULTS", "Text": "None of the baricitinib-treated patients required admission to ICU .", "Evidence Elements": {"Participant": [], "Intervention": [{"term": "baricitinib-treated", "negation": "negated", "UMLS": "", "start": 12, "end": 31}], "Outcome": [{"term": "admission to ICU", "negation": "negated", "UMLS": "", "start": 50, "end": 66}]}, "Evidence Propositions": [{"Intervention": "baricitinib-treated", "Observation": "", "Count": "None of", "Outcome": "admission to ICU"}]}, {"Section": "CONCLUSIONS", "Text": "Proper control group was missing ; this is required to demonstrate the efficacy .", "Evidence Elements": {"Participant": [], "Intervention": [], "Outcome": []}, "Evidence Propositions": []}]}