{"doc_id": "32336069", "type of study": "Therapy", "title": "", "abstract": "Severe acute respiratory syndrome coronavirus 2 (SARS-CoV-2) is the cause of coronavirus disease 2019 (COVID-19).\nThe most common symptoms of COVID-19 are: fever (81.8%-100%), cough (46.3%-86.2%), myalgia and fatigue (11%-50%), expectoration (4.4%-72%), and dyspnea (18.6%-59%).\nThe most common laboratory abnormalities in COVID-19 include decreased lymphocyte count (35%-82.1%), thrombocytopenia (17%-36.2%), elevated serum C-reactive protein (60.7%-93%), lactate dehydrogenase (41%-76%), and D-dimer concentrations (36%-46.4%).\nAmong comorbidities in patients with COVID-19, cardiovascular disease is most commonly found.\nIn addition, patients with concomitant cardiovascular diseases have worse prognosis and more often require admission to the intensive care unit (ICU), compared with patients without such comorbidities.\nIt is estimated that about 20% of patients with COVID-19 develop cardiac injury.\nCardiac injury is more prevalent among patients with COVID-19 who require ICU care.\nIn a group of critically ill patients, 27.5% had an elevated N-terminal pro-B-type natriuretic peptide concentration, and increased cardiac troponin level was found in 10% of patients.\nOne of the life-threatening cardiac manifestations is coronavirus fulminant myocarditis, which may also occur without accompanying symptoms of pulmonary involvement.\nEarly recognition and treatment is crucial in these cases.\nSo far, data on the incidence of arrhythmias in patients with COVID-19 are limited.\nCoronavirus disease 2019 impacts patients with cardiovascular comorbidities and affects daily practice of cardiologists.\nThus, it is important to know typical COVID-19 symptoms, possible clinical manifestations, complications, and recommended treatment.\n", "Evidence Map": {"Enrollment": [{"term": "COVID-19", "negation": "affirmed", "UMLS": "", "start": 28, "end": 36}, {"term": "COVID-19", "negation": "affirmed", "UMLS": "", "start": 44, "end": 52}, {"term": "critically ill patients", "negation": "affirmed", "UMLS": "", "start": 14, "end": 37}], "Comparison Results": [], "Study Arm 1 Results": [], "Study Arm 2 Results": []}, "Sentence-level breakdown": [{"Section": "TITLE", "Text": "Severe acute respiratory syndrome coronavirus 2 ( SARS-CoV-2 ) is the cause of coronavirus disease 2019 ( COVID-19 ) .", "Evidence Elements": {"Participant": [], "Intervention": [], "Outcome": []}, "Evidence Propositions": []}, {"Section": "RESULTS", "Text": "The most common symptoms of COVID-19 are : fever ( 81.8 %-100 % ) , cough ( 46.3 %-86.2 % ) , myalgia and fatigue ( 11 %-50 % ) , expectoration ( 4.4 %-72 % ) , and dyspnea ( 18.6 %-59 % ) .", "Evidence Elements": {"Participant": [{"term": "COVID-19", "negation": "affirmed", "UMLS": "", "start": 28, "end": 36}], "Intervention": [], "Outcome": [{"term": "fever", "negation": "affirmed", "UMLS": "", "start": 43, "end": 48}, {"term": "cough", "negation": "affirmed", "UMLS": "", "start": 68, "end": 73}]}, "Evidence Propositions": [{"Intervention": [], "Observation": "most common", "Outcome": "", "Count": ""}]}, {"Section": "RESULTS", "Text": "The most common laboratory abnormalities in COVID-19 include decreased lymphocyte count ( 35 %-82.1 % ) , thrombocytopenia ( 17 %-36.2 % ) , elevated serum C-reactive protein ( 60.7 %-93 % ) , lactate dehydrogenase ( 41 %-76 % ) , and D-dimer concentrations ( 36 %-46.4 % ) .", "Evidence Elements": {"Participant": [{"term": "COVID-19", "negation": "affirmed", "UMLS": "", "start": 44, "end": 52}], "Intervention": [], "Outcome": [{"term": "lymphocyte count", "negation": "affirmed", "UMLS": "", "start": 71, "end": 87}, {"term": "thrombocytopenia", "negation": "affirmed", "UMLS": "", "start": 106, "end": 122}, {"term": "elevated serum", "negation": "affirmed", "UMLS": "", "start": 141, "end": 155}]}, "Evidence Propositions": [{"Intervention": [], "Observation": "most common", "Outcome": "", "Count": ""}]}, {"Section": "RESULTS", "Text": "Among comorbidities in patients with COVID-19 , cardiovascular disease is most commonly found .", "Evidence Elements": {"Participant": [], "Intervention": [], "Outcome": []}, "Evidence Propositions": []}, {"Section": "RESULTS", "Text": "In addition , patients with concomitant cardiovascular diseases have worse prognosis and more often require admission to the intensive care unit ( ICU ) , compared with patients without such comorbidities .", "Evidence Elements": {"Participant": [], "Intervention": [], "Outcome": []}, "Evidence Propositions": []}, {"Section": "RESULTS", "Text": "It is estimated that about 20 % of patients with COVID-19 develop cardiac injury .", "Evidence Elements": {"Participant": [], "Intervention": [], "Outcome": []}, "Evidence Propositions": []}, {"Section": "RESULTS", "Text": "Cardiac injury is more prevalent among patients with COVID-19 who require ICU care .", "Evidence Elements": {"Participant": [], "Intervention": [], "Outcome": []}, "Evidence Propositions": []}, {"Section": "RESULTS", "Text": "In a group of critically ill patients , 27.5 % had an elevated N-terminal pro-B-type natriuretic peptide concentration , and increased cardiac troponin level was found in 10 % of patients .", "Evidence Elements": {"Participant": [{"term": "critically ill patients", "negation": "affirmed", "UMLS": "", "start": 14, "end": 37}], "Intervention": [], "Outcome": [{"term": "N-terminal pro-B-type natriuretic peptide concentration", "negation": "affirmed", "UMLS": "", "start": 63, "end": 118}, {"term": "cardiac troponin level", "negation": "affirmed", "UMLS": "", "start": 135, "end": 157}]}, "Evidence Propositions": []}, {"Section": "RESULTS", "Text": "One of the life-threatening cardiac manifestations is coronavirus fulminant myocarditis , which may also occur without accompanying symptoms of pulmonary involvement .", "Evidence Elements": {"Participant": [], "Intervention": [], "Outcome": []}, "Evidence Propositions": []}, {"Section": "RESULTS", "Text": "Early recognition and treatment is crucial in these cases .", "Evidence Elements": {"Participant": [], "Intervention": [], "Outcome": []}, "Evidence Propositions": []}, {"Section": "RESULTS", "Text": "So far , data on the incidence of arrhythmias in patients with COVID-19 are limited .", "Evidence Elements": {"Participant": [], "Intervention": [], "Outcome": []}, "Evidence Propositions": []}, {"Section": "CONCLUSIONS", "Text": "Coronavirus disease 2019 impacts patients with cardiovascular comorbidities and affects daily practice of cardiologists .", "Evidence Elements": {"Participant": [], "Intervention": [], "Outcome": []}, "Evidence Propositions": []}, {"Section": "CONCLUSIONS", "Text": "Thus , it is important to know typical COVID-19 symptoms , possible clinical manifestations , complications , and recommended treatment .", "Evidence Elements": {"Participant": [], "Intervention": [], "Outcome": []}, "Evidence Propositions": []}]}