{"doc_id": "32339235", "type of study": "Therapy", "title": "", "abstract": "During the ongoing COVID-19 pandemic, contact with the health care system for cancer treatment can increase risk of infection and associated mortality.\nTreatment recommendations must consider this risk for elderly and vulnerable cancer patients.\nWe reanalyzed trials in elderly glioblastoma (GBM) patients, incorporating COVID-19 risk, in order to provide a quantitative framework for comparing different radiation (RT) fractionation schedules on patient outcomes.\nWe extracted individual patient-level data for 1321 patients from Kaplan-Meier curves from 5 randomized trials on treatment of elderly GBM patients including available subanalyses based on O6-methylguanine-DNA methyltransferase (MGMT) methylation status.\nWe simulated trial data with incorporation of COVID-19-associated mortality risk in several scenarios (low, medium, and high infection and mortality risks).\nMedian overall survival and hazard ratios were calculated for each simulation replicate.\nOur simulations reveal how COVID-19-associated risks affect survival under different treatment regimens.\nHypofractionated RT with concurrent and adjuvant temozolomide (TMZ) demonstrated the best outcomes in low and medium risk scenarios.\nIn frail elderly patients, shorter courses of RT are preferable.\nIn patients with methylated MGMT receiving single modality treatment, TMZ-alone treatment approaches may be an option in settings with high COVID-19-associated risk.\nIncorporation of COVID-19-associated risk models into analysis of randomized trials can help guide clinical decisions during this pandemic.\nIn elderly GBM patients, our results support prioritization of hypofractionated RT and highlight the utility of MGMT methylation status in decision making in pandemic scenarios.\nOur quantitative framework can serve as a model for assessing COVID-19 risk associated with treatment across neuro-oncology.\nRe-analysis of randomized controlled trials in COVID-19 era gives insight on optimal treatment of GBM.\nHypofractionated RT or temozolomide alone may be reasonable options in high risk pandemic settings.\nA quantitative framework incorporating COVID-19 risks can be applied across neuro-oncology.\n", "Evidence Map": {"Enrollment": [{"term": "elderly glioblastoma ( GBM )", "negation": "affirmed", "UMLS": "", "start": 24, "end": 52}, {"term": "elderly GBM", "negation": "affirmed", "UMLS": "", "start": 127, "end": 138}, {"term": "low and medium", "negation": "affirmed", "UMLS": "", "start": 104, "end": 118}, {"term": "frail elderly patients", "negation": "affirmed", "UMLS": "", "start": 3, "end": 25}, {"term": "methylated MGMT receiving single modality treatment", "negation": "affirmed", "UMLS": "", "start": 17, "end": 68}, {"term": "high COVID-19-associated", "negation": "affirmed", "UMLS": "", "start": 136, "end": 160}, {"term": "elderly GBM", "negation": "affirmed", "UMLS": "", "start": 3, "end": 14}, {"term": "neuro-oncology", "negation": "affirmed", "UMLS": "", "start": 109, "end": 123}, {"term": "GBM", "negation": "affirmed", "UMLS": "", "start": 98, "end": 101}, {"term": "high risk pandemic", "negation": "affirmed", "UMLS": "", "start": 71, "end": 89}], "Comparison Results": [], "Study Arm 1 Results": [], "Study Arm 2 Results": []}, "Sentence-level breakdown": [{"Section": "TITLE", "Text": "During the ongoing COVID-19 pandemic , contact with the health care system for cancer treatment can increase risk of infection and associated mortality .", "Evidence Elements": {"Participant": [], "Intervention": [], "Outcome": []}, "Evidence Propositions": []}, {"Section": "METHODS", "Text": "We reanalyzed trials in elderly glioblastoma ( GBM ) patients , incorporating COVID-19 risk , in order to provide a quantitative framework for comparing different radiation ( RT ) fractionation schedules on patient outcomes .", "Evidence Elements": {"Participant": [{"term": "elderly glioblastoma ( GBM )", "negation": "affirmed", "UMLS": "", "start": 24, "end": 52}], "Intervention": [{"term": "radiation ( RT", "negation": "affirmed", "UMLS": "", "start": 163, "end": 177}], "Outcome": []}, "Evidence Propositions": []}, {"Section": "METHODS", "Text": "We extracted individual patient-level data for 1321 patients from Kaplan-Meier curves from 5 randomized trials on treatment of elderly GBM patients including available subanalyses based on O6-methylguanine-DNA methyltransferase ( MGMT ) methylation status .", "Evidence Elements": {"Participant": [{"term": "elderly GBM", "negation": "affirmed", "UMLS": "", "start": 127, "end": 138}], "Intervention": [], "Outcome": []}, "Evidence Propositions": []}, {"Section": "METHODS", "Text": "We simulated trial data with incorporation of COVID-19-associated mortality risk in several scenarios ( low , medium , and high infection and mortality risks ) .", "Evidence Elements": {"Participant": [], "Intervention": [{"term": "mortality", "negation": "affirmed", "UMLS": "", "start": 66, "end": 75}], "Outcome": []}, "Evidence Propositions": []}, {"Section": "METHODS", "Text": "Median overall survival and hazard ratios were calculated for each simulation replicate .", "Evidence Elements": {"Participant": [], "Intervention": [], "Outcome": [{"term": "Median overall survival", "negation": "affirmed", "UMLS": "", "start": 0, "end": 23}, {"term": "hazard ratios", "negation": "affirmed", "UMLS": "", "start": 28, "end": 41}]}, "Evidence Propositions": []}, {"Section": "RESULTS", "Text": "Our simulations reveal how COVID-19-associated risks affect survival under different treatment regimens .", "Evidence Elements": {"Participant": [], "Intervention": [{"term": "COVID-19-associated risks", "negation": "affirmed", "UMLS": "", "start": 27, "end": 52}, {"term": "treatment regimens", "negation": "affirmed", "UMLS": "", "start": 85, "end": 103}], "Outcome": [{"term": "survival", "negation": "affirmed", "UMLS": "", "start": 60, "end": 68}]}, "Evidence Propositions": []}, {"Section": "RESULTS", "Text": "Hypofractionated RT with concurrent and adjuvant temozolomide ( TMZ ) demonstrated the best outcomes in low and medium risk scenarios .", "Evidence Elements": {"Participant": [{"term": "low and medium", "negation": "affirmed", "UMLS": "", "start": 104, "end": 118}], "Intervention": [{"term": "Hypofractionated RT with concurrent and adjuvant temozolomide ( TMZ )", "negation": "affirmed", "UMLS": "", "start": 0, "end": 69}], "Outcome": []}, "Evidence Propositions": [{"Intervention": ["Hypofractionated RT with concurrent and adjuvant temozolomide ( TMZ )"], "Observation": "best outcomes", "Outcome": "", "Count": ""}]}, {"Section": "CONCLUSIONS", "Text": "In frail elderly patients , shorter courses of RT are preferable .", "Evidence Elements": {"Participant": [{"term": "frail elderly patients", "negation": "affirmed", "UMLS": "", "start": 3, "end": 25}], "Intervention": [{"term": "shorter courses of RT", "negation": "affirmed", "UMLS": "", "start": 28, "end": 49}], "Outcome": []}, "Evidence Propositions": []}, {"Section": "CONCLUSIONS", "Text": "In patients with methylated MGMT receiving single modality treatment , TMZ-alone treatment approaches may be an option in settings with high COVID-19-associated risk .", "Evidence Elements": {"Participant": [{"term": "methylated MGMT receiving single modality treatment", "negation": "affirmed", "UMLS": "", "start": 17, "end": 68}, {"term": "high COVID-19-associated", "negation": "affirmed", "UMLS": "", "start": 136, "end": 160}], "Intervention": [{"term": "TMZ-alone treatment approaches", "negation": "affirmed", "UMLS": "", "start": 71, "end": 101}], "Outcome": []}, "Evidence Propositions": []}, {"Section": "CONCLUSIONS", "Text": "Incorporation of COVID-19-associated risk models into analysis of randomized trials can help guide clinical decisions during this pandemic .", "Evidence Elements": {"Participant": [], "Intervention": [], "Outcome": []}, "Evidence Propositions": []}, {"Section": "CONCLUSIONS", "Text": "In elderly GBM patients , our results support prioritization of hypofractionated RT and highlight the utility of MGMT methylation status in decision making in pandemic scenarios .", "Evidence Elements": {"Participant": [{"term": "elderly GBM", "negation": "affirmed", "UMLS": "", "start": 3, "end": 14}], "Intervention": [{"term": "prioritization", "negation": "affirmed", "UMLS": "", "start": 46, "end": 60}, {"term": "RT", "negation": "affirmed", "UMLS": "", "start": 81, "end": 83}, {"term": "MGMT methylation status", "negation": "affirmed", "UMLS": "", "start": 113, "end": 136}], "Outcome": [{"term": "making", "negation": "affirmed", "UMLS": "", "start": 149, "end": 155}]}, "Evidence Propositions": [{"Intervention": "MGMT methylation status", "Observation": "utility", "Outcome": "making", "Count": ""}]}, {"Section": "CONCLUSIONS", "Text": "Our quantitative framework can serve as a model for assessing COVID-19 risk associated with treatment across neuro-oncology .", "Evidence Elements": {"Participant": [{"term": "neuro-oncology", "negation": "affirmed", "UMLS": "", "start": 109, "end": 123}], "Intervention": [], "Outcome": [{"term": "COVID-19 risk", "negation": "affirmed", "UMLS": "", "start": 62, "end": 75}]}, "Evidence Propositions": []}, {"Section": "CONCLUSIONS", "Text": "Re-analysis of randomized controlled trials in COVID-19 era gives insight on optimal treatment of GBM .", "Evidence Elements": {"Participant": [{"term": "GBM", "negation": "affirmed", "UMLS": "", "start": 98, "end": 101}], "Intervention": [], "Outcome": []}, "Evidence Propositions": []}, {"Section": "CONCLUSIONS", "Text": "Hypofractionated RT or temozolomide alone may be reasonable options in high risk pandemic settings .", "Evidence Elements": {"Participant": [{"term": "high risk pandemic", "negation": "affirmed", "UMLS": "", "start": 71, "end": 89}], "Intervention": [], "Outcome": []}, "Evidence Propositions": []}, {"Section": "CONCLUSIONS", "Text": "A quantitative framework incorporating COVID-19 risks can be applied across neuro-oncology .", "Evidence Elements": {"Participant": [], "Intervention": [], "Outcome": []}, "Evidence Propositions": []}]}