{"doc_id": "32338164", "type of study": "Therapy", "title": "", "abstract": "New treatment against SARS-CoV-2 now is a must.\nNowadays, the world encounters a huge health crisis by the COVID-19 viral infection.\nNucleotide inhibitors gave a lot of promising results in terms of its efficacy against different viral infections.\nIn this work, molecular modeling, docking, and dynamics simulations are used to build a model for the viral protein RNA-dependent RNA polymerase (RdRp) and test its binding affinity to some clinically approved drugs and drug candidates.\nMolecular dynamics is used to equilibrate the system upon binding calculations to ensure the successful reproduction of previous results, to include the dynamics of the RdRp, and to understand how it affects the binding.\nThe results show the effectiveness of Sofosbuvir, Ribavirin, Galidesivir, Remdesivir, Favipiravir, Cefuroxime, Tenofovir, and Hydroxychloroquine, in binding to SARS-CoV-2 RdRp.\nAdditionally, Setrobuvir, YAK, and IDX-184, show better results, while four novel IDX-184 derivatives show promising results in attaching to the SARS-CoV-2 RdRp.\nThere is an urgent need to specify drugs that can selectively bind and subsequently inhibit SARS-CoV-2 proteins.\nThe availability of a punch of FDA-approved anti-viral drugs can help us in this mission, aiming to reduce the danger of COVID-19.\nThe compounds 2 and 3 may tightly bind to the SARS-CoV-2 RdRp and so may be successful in the treatment of COVID-19.\nCommunicated by Ramaswamy H. Sarma\n", "Evidence Map": {"Enrollment": [], "Comparison Results": [], "Study Arm 1 Results": [], "Study Arm 2 Results": []}, "Sentence-level breakdown": [{"Section": "TITLE", "Text": "New treatment against SARS-CoV-2 now is a must .", "Evidence Elements": {"Participant": [], "Intervention": [], "Outcome": []}, "Evidence Propositions": []}, {"Section": "RESULTS", "Text": "In this work , molecular modeling , docking , and dynamics simulations are used to build a model for the viral protein RNA-dependent RNA polymerase ( RdRp ) and test its binding affinity to some clinically approved drugs and drug candidates .", "Evidence Elements": {"Participant": [], "Intervention": [], "Outcome": [{"term": "protein RNA-dependent RNA polymerase ( RdRp )", "negation": "affirmed", "UMLS": "", "start": 111, "end": 156}, {"term": "binding affinity", "negation": "affirmed", "UMLS": "", "start": 170, "end": 186}]}, "Evidence Propositions": []}, {"Section": "RESULTS", "Text": "Molecular dynamics is used to equilibrate the system upon binding calculations to ensure the successful reproduction of previous results , to include the dynamics of the RdRp , and to understand how it affects the binding .", "Evidence Elements": {"Participant": [], "Intervention": [], "Outcome": []}, "Evidence Propositions": []}, {"Section": "RESULTS", "Text": "The results show the effectiveness of Sofosbuvir , Ribavirin , Galidesivir , Remdesivir , Favipiravir , Cefuroxime , Tenofovir , and Hydroxychloroquine , in binding to SARS-CoV-2 RdRp .", "Evidence Elements": {"Participant": [], "Intervention": [{"term": "Sofosbuvir", "negation": "affirmed", "UMLS": "", "start": 38, "end": 48}, {"term": "Ribavirin", "negation": "affirmed", "UMLS": "", "start": 51, "end": 60}, {"term": "Galidesivir", "negation": "affirmed", "UMLS": "", "start": 63, "end": 74}, {"term": "Remdesivir", "negation": "affirmed", "UMLS": "", "start": 77, "end": 87}, {"term": "Favipiravir", "negation": "affirmed", "UMLS": "", "start": 90, "end": 101}, {"term": "Cefuroxime", "negation": "affirmed", "UMLS": "", "start": 104, "end": 114}, {"term": "Tenofovir", "negation": "affirmed", "UMLS": "", "start": 117, "end": 126}], "Outcome": []}, "Evidence Propositions": []}, {"Section": "RESULTS", "Text": "Additionally , Setrobuvir , YAK , and IDX-184 , show better results , while four novel IDX-184 derivatives show promising results in attaching to the SARS-CoV-2 RdRp .", "Evidence Elements": {"Participant": [], "Intervention": [{"term": "Setrobuvir", "negation": "affirmed", "UMLS": "", "start": 15, "end": 25}, {"term": "YAK", "negation": "affirmed", "UMLS": "", "start": 28, "end": 31}, {"term": "IDX-184", "negation": "affirmed", "UMLS": "", "start": 38, "end": 45}, {"term": "IDX-184 derivatives", "negation": "affirmed", "UMLS": "", "start": 87, "end": 106}], "Outcome": [{"term": "results", "negation": "affirmed", "UMLS": "", "start": 60, "end": 67}]}, "Evidence Propositions": [{"Intervention": [], "Observation": "better", "Outcome": "", "Count": ""}]}, {"Section": "RESULTS", "Text": "There is an urgent need to specify drugs that can selectively bind and subsequently inhibit SARS-CoV-2 proteins .", "Evidence Elements": {"Participant": [], "Intervention": [], "Outcome": []}, "Evidence Propositions": []}, {"Section": "CONCLUSIONS", "Text": "The availability of a punch of FDA-approved anti-viral drugs can help us in this mission , aiming to reduce the danger of COVID-19 .", "Evidence Elements": {"Participant": [], "Intervention": [], "Outcome": []}, "Evidence Propositions": []}, {"Section": "CONCLUSIONS", "Text": "The compounds 2 and 3 may tightly bind to the SARS-CoV-2 RdRp and so may be successful in the treatment of COVID-19 .", "Evidence Elements": {"Participant": [], "Intervention": [], "Outcome": []}, "Evidence Propositions": []}, {"Section": "CONCLUSIONS", "Text": "Communicated by Ramaswamy H. Sarma", "Evidence Elements": {"Participant": [], "Intervention": [], "Outcome": []}, "Evidence Propositions": []}]}