{"doc_id": "32339960", "type of study": "Therapy", "title": "", "abstract": "The number of COVID-19 cases surpassed 300,000, WHO identified as a global pandemic.\nCOVID-19 has been a serious threat to old population.\nThe COVID-19 infection is generally susceptible with a relatively high fatality rate in older patients.\nMore attention should pay to the elderly patients with COVID-19 infection.\nSince the outbreak of 2019 novel coronavirus (COVID-19), which has spread in the world rapidly.\nPopulation have a susceptibility to COVID-19, older people were more susceptible to have a variety diseases than younger, including COVID-19 infection with no doubt.\nThis study focused on older patients with COVID-19 infection and analyzed the epidemiological and clinical characteristics of them.\nWe collected information on confirmed older patient transferred by Beijing Emergency Medical Service (EMS) to the designated hospitals from Jan 20 to Feb 29, 2020.\nThe information including demographic, epidemiological, clinical, classification of severity and outcomes.\nAll cases were categorized into three groups and compared the difference between aged 50-64 years, 65-79 years and older than 80 years.\n56.7 % of elderly confirmed patients were male, fever (78.3 %), cough (56.7 %), dyspnea (30.0 %), and fatigue (23.3 %) were common symptoms of COVID-19 infection.\nClassification of severity has statistically significant differences between the three groups, compared with middle-aged patients and aged 65-79 years group, older than 80 years group had significant statistical differences in contacted to symptomatic case in 14 days.\nAs of Feb 29, 38.3 % patients had discharged and 53.3 % patients remained in hospital in our study, the fatality of COVID-19 infection in elderly was 8.3 %.\nThe COVID-19 infection is generally susceptible with a relatively high fatality rate in older patients, we should pay more attention to the elderly patients with COVID-19 infection.\n", "Evidence Map": {"Enrollment": [{"term": "older", "negation": "affirmed", "UMLS": "", "start": 88, "end": 93}, {"term": "younger", "negation": "affirmed", "UMLS": "", "start": 114, "end": 121}, {"term": "older", "negation": "affirmed", "UMLS": "", "start": 22, "end": 27}, {"term": "COVID-19 infection", "negation": "affirmed", "UMLS": "", "start": 42, "end": 60}, {"term": "older patient", "negation": "affirmed", "UMLS": "", "start": 38, "end": 51}, {"term": "male", "negation": "affirmed", "UMLS": "", "start": 42, "end": 46}, {"term": "fever", "negation": "affirmed", "UMLS": "", "start": 49, "end": 54}, {"term": "cough", "negation": "affirmed", "UMLS": "", "start": 68, "end": 73}, {"term": "dyspnea", "negation": "affirmed", "UMLS": "", "start": 87, "end": 94}, {"term": "elderly", "negation": "affirmed", "UMLS": "", "start": 140, "end": 147}], "Comparison Results": [], "Study Arm 1 Results": [], "Study Arm 2 Results": []}, "Sentence-level breakdown": [{"Section": "TITLE", "Text": "The number of COVID-19 cases surpassed 300,000 , WHO identified as a global pandemic .", "Evidence Elements": {"Participant": [], "Intervention": [], "Outcome": []}, "Evidence Propositions": []}, {"Section": "OBJECTIVE", "Text": "This study focused on older patients with COVID-19 infection and analyzed the epidemiological and clinical characteristics of them .", "Evidence Elements": {"Participant": [{"term": "older", "negation": "affirmed", "UMLS": "", "start": 22, "end": 27}, {"term": "COVID-19 infection", "negation": "affirmed", "UMLS": "", "start": 42, "end": 60}], "Intervention": [], "Outcome": [{"term": "epidemiological and clinical characteristics", "negation": "affirmed", "UMLS": "", "start": 78, "end": 122}]}, "Evidence Propositions": []}, {"Section": "METHODS", "Text": "We collected information on confirmed older patient transferred by Beijing Emergency Medical Service ( EMS ) to the designated hospitals from Jan 20 to Feb 29 , 2020 .", "Evidence Elements": {"Participant": [{"term": "older patient", "negation": "affirmed", "UMLS": "", "start": 38, "end": 51}], "Intervention": [], "Outcome": []}, "Evidence Propositions": []}, {"Section": "METHODS", "Text": "The information including demographic , epidemiological , clinical , classification of severity and outcomes .", "Evidence Elements": {"Participant": [], "Intervention": [], "Outcome": []}, "Evidence Propositions": []}, {"Section": "METHODS", "Text": "All cases were categorized into three groups and compared the difference between aged 50-64 years , 65-79 years and older than 80 years .", "Evidence Elements": {"Participant": [], "Intervention": [{"term": "65-79", "negation": "affirmed", "UMLS": "", "start": 100, "end": 105}, {"term": "older", "negation": "affirmed", "UMLS": "", "start": 116, "end": 121}], "Outcome": []}, "Evidence Propositions": []}, {"Section": "RESULTS", "Text": "56.7 % of elderly confirmed patients were male , fever ( 78.3 % ) , cough ( 56.7 % ) , dyspnea ( 30.0 % ) , and fatigue ( 23.3 % ) were common symptoms of COVID-19 infection .", "Evidence Elements": {"Participant": [{"term": "male", "negation": "affirmed", "UMLS": "", "start": 42, "end": 46}, {"term": "fever", "negation": "affirmed", "UMLS": "", "start": 49, "end": 54}, {"term": "cough", "negation": "affirmed", "UMLS": "", "start": 68, "end": 73}, {"term": "dyspnea", "negation": "affirmed", "UMLS": "", "start": 87, "end": 94}], "Intervention": [], "Outcome": []}, "Evidence Propositions": []}, {"Section": "RESULTS", "Text": "Classification of severity has statistically significant differences between the three groups , compared with middle-aged patients and aged 65-79 years group , older than 80 years group had significant statistical differences in contacted to symptomatic case in 14 days .", "Evidence Elements": {"Participant": [], "Intervention": [{"term": "three groups", "negation": "affirmed", "UMLS": "", "start": 81, "end": 93}, {"term": "middle-aged patients", "negation": "affirmed", "UMLS": "", "start": 110, "end": 130}, {"term": "aged 65-79 years", "negation": "affirmed", "UMLS": "", "start": 135, "end": 151}, {"term": "older than 80 years", "negation": "affirmed", "UMLS": "", "start": 160, "end": 179}], "Outcome": [{"term": "Classification of severity", "negation": "affirmed", "UMLS": "", "start": 0, "end": 26}, {"term": "contacted to symptomatic case", "negation": "affirmed", "UMLS": "", "start": 229, "end": 258}]}, "Evidence Propositions": [{"Intervention": ["three groups", "middle-aged patients", "aged 65-79 years", "older than 80 years"], "Observation": "statistically significant differences", "Outcome": "Classification of severity", "Count": ""}, {"Intervention": ["middle-aged patients", "aged 65-79 years", "older than 80 years"], "Observation": "significant statistical differences", "Outcome": "contacted to symptomatic case", "Count": ""}]}, {"Section": "RESULTS", "Text": "As of Feb 29 , 38.3 % patients had discharged and 53.3 % patients remained in hospital in our study , the fatality of COVID-19 infection in elderly was 8.3 % .", "Evidence Elements": {"Participant": [{"term": "elderly", "negation": "affirmed", "UMLS": "", "start": 140, "end": 147}], "Intervention": [], "Outcome": [{"term": "discharged", "negation": "affirmed", "UMLS": "", "start": 35, "end": 45}, {"term": "remained in hospital", "negation": "affirmed", "UMLS": "", "start": 66, "end": 86}, {"term": "fatality of COVID-19 infection", "negation": "affirmed", "UMLS": "", "start": 106, "end": 136}]}, "Evidence Propositions": []}, {"Section": "CONCLUSIONS", "Text": "The COVID-19 infection is generally susceptible with a relatively high fatality rate in older patients , we should pay more attention to the elderly patients with COVID-19 infection .", "Evidence Elements": {"Participant": [], "Intervention": [], "Outcome": []}, "Evidence Propositions": []}]}