{"doc_id": "32336612", "type of study": "Therapy", "title": "", "abstract": "Angiotensin converting enzyme-2 (ACE2) receptors mediate the entry into the cell of three strains of coronavirus: SARS-CoV, NL63 and SARS-CoV-2.\nACE2 receptors are ubiquitous and widely expressed in the heart, vessels, gut, lung (particularly in type 2 pneumocytes and macrophages), kidney, testis and brain.\nACE2 is mostly bound to cell membranes and only scarcely present in the circulation in a soluble form.\nAn important salutary function of membrane-bound and soluble ACE2 is the degradation of angiotensin II to angiotensin1-7.\nConsequently, ACE2 receptors limit several detrimental effects resulting from binding of angiotensin II to AT1 receptors, which include vasoconstriction, enhanced inflammation and thrombosis.\nThe increased generation of angiotensin1-7 also triggers counter-regulatory protective effects through binding to G-protein coupled Mas receptors.\nUnfortunately, the entry of SARS-CoV2 into the cells through membrane fusion markedly down-regulates ACE2 receptors, with loss of the catalytic effect of these receptors at the external site of the membrane.\nIncreased pulmonary inflammation and coagulation have been reported as unwanted effects of enhanced and unopposed angiotensin II effects via the ACE Angiotensin II AT1 receptor axis.\nClinical reports of patients infected with SARS-CoV-2 show that several features associated with infection and severity of the disease (i.e., older age, hypertension, diabetes, cardiovascular disease) share a variable degree of ACE2 deficiency.\nWe suggest that ACE2 down-regulation induced by viral invasion may be especially detrimental in people with baseline ACE2 deficiency associated with the above conditions.\nThe additional ACE2 deficiency after viral invasion might amplify the dysregulation between the 'adverse' ACE Angiotensin II AT1 receptor axis and the 'protective' ACE2 Angiotensin1-7 Mas receptor axis.\nIn the lungs, such dysregulation would favor the progression of inflammatory and thrombotic processes triggered by local angiotensin II hyperactivity unopposed by angiotensin1-7.\nIn this setting, recombinant ACE2, angiotensin1-7 and angiotensin II type 1 receptor blockers could be promising therapeutic approaches in patients with SARS-CoV-2 infection.\n", "Evidence Map": {"Enrollment": [{"term": "baseline ACE2 deficiency", "negation": "affirmed", "UMLS": "", "start": 108, "end": 132}, {"term": "conditions", "negation": "affirmed", "UMLS": "", "start": 159, "end": 169}], "Comparison Results": [], "Study Arm 1 Results": [], "Study Arm 2 Results": []}, "Sentence-level breakdown": [{"Section": "TITLE", "Text": "Angiotensin converting enzyme-2 ( ACE2 ) receptors mediate the entry into the cell of three strains of coronavirus : SARS-CoV , NL63 and SARS-CoV-2 .", "Evidence Elements": {"Participant": [], "Intervention": [], "Outcome": []}, "Evidence Propositions": []}, {"Section": "RESULTS", "Text": "ACE2 receptors are ubiquitous and widely expressed in the heart , vessels , gut , lung ( particularly in type 2 pneumocytes and macrophages ) , kidney , testis and brain .", "Evidence Elements": {"Participant": [], "Intervention": [], "Outcome": []}, "Evidence Propositions": []}, {"Section": "RESULTS", "Text": "ACE2 is mostly bound to cell membranes and only scarcely present in the circulation in a soluble form .", "Evidence Elements": {"Participant": [], "Intervention": [], "Outcome": []}, "Evidence Propositions": []}, {"Section": "RESULTS", "Text": "An important salutary function of membrane-bound and soluble ACE2 is the degradation of angiotensin II to angiotensin ##1-7 .", "Evidence Elements": {"Participant": [], "Intervention": [], "Outcome": []}, "Evidence Propositions": []}, {"Section": "RESULTS", "Text": "Consequently , ACE2 receptors limit several detrimental effects resulting from binding of angiotensin II to AT1 receptors , which include vasoconstriction , enhanced inflammation and thrombosis .", "Evidence Elements": {"Participant": [], "Intervention": [], "Outcome": []}, "Evidence Propositions": []}, {"Section": "RESULTS", "Text": "The increased generation of angiotensin1-7 also triggers counter-regulatory protective effects through binding to G-protein coupled Mas receptors .", "Evidence Elements": {"Participant": [], "Intervention": [], "Outcome": [{"term": "generation of angiotensin1-7", "negation": "affirmed", "UMLS": "", "start": 14, "end": 42}]}, "Evidence Propositions": []}, {"Section": "RESULTS", "Text": "Unfortunately , the entry of SARS-CoV2 into the cells through membrane fusion markedly down-regulates ACE2 receptors , with loss of the catalytic effect of these receptors at the external site of the membrane .", "Evidence Elements": {"Participant": [], "Intervention": [], "Outcome": []}, "Evidence Propositions": []}, {"Section": "RESULTS", "Text": "Increased pulmonary inflammation and coagulation have been reported as unwanted effects of enhanced and unopposed angiotensin II effects via the ACE Angiotensin II AT1 receptor axis .", "Evidence Elements": {"Participant": [], "Intervention": [], "Outcome": []}, "Evidence Propositions": []}, {"Section": "RESULTS", "Text": "Clinical reports of patients infected with SARS-CoV-2 show that several features associated with infection and severity of the disease ( i.e. , older age , hypertension , diabetes , cardiovascular disease ) share a variable degree of ACE2 deficiency .", "Evidence Elements": {"Participant": [], "Intervention": [], "Outcome": []}, "Evidence Propositions": []}, {"Section": "CONCLUSIONS", "Text": "We suggest that ACE2 down-regulation induced by viral invasion may be especially detrimental in people with baseline ACE2 deficiency associated with the above conditions .", "Evidence Elements": {"Participant": [{"term": "baseline ACE2 deficiency", "negation": "affirmed", "UMLS": "", "start": 108, "end": 132}, {"term": "conditions", "negation": "affirmed", "UMLS": "", "start": 159, "end": 169}], "Intervention": [{"term": "viral invasion", "negation": "affirmed", "UMLS": "", "start": 48, "end": 62}], "Outcome": [{"term": "ACE2 down-regulation", "negation": "affirmed", "UMLS": "", "start": 16, "end": 36}]}, "Evidence Propositions": [{"Intervention": "viral invasion", "Observation": "detrimental", "Outcome": "ACE2 down-regulation", "Count": ""}]}, {"Section": "CONCLUSIONS", "Text": "The additional ACE2 deficiency after viral invasion might amplify the dysregulation between the 'adverse ' ACE Angiotensin II AT1 receptor axis and the 'protective ' ACE2 Angiotensin1-7 Mas receptor axis .", "Evidence Elements": {"Participant": [], "Intervention": [], "Outcome": []}, "Evidence Propositions": []}, {"Section": "CONCLUSIONS", "Text": "In the lungs , such dysregulation would favor the progression of inflammatory and thrombotic processes triggered by local angiotensin II hyperactivity unopposed by angiotensin ##1-7 .", "Evidence Elements": {"Participant": [], "Intervention": [], "Outcome": []}, "Evidence Propositions": []}, {"Section": "CONCLUSIONS", "Text": "In this setting , recombinant ACE2 , angiotensin1-7 and angiotensin II type 1 receptor blockers could be promising therapeutic approaches in patients with SARS-CoV-2 infection .", "Evidence Elements": {"Participant": [], "Intervention": [{"term": "recombinant ACE2", "negation": "affirmed", "UMLS": "", "start": 18, "end": 34}, {"term": "angiotensin1-7", "negation": "affirmed", "UMLS": "", "start": 37, "end": 51}, {"term": "angiotensin II type 1 receptor blockers", "negation": "affirmed", "UMLS": "", "start": 56, "end": 95}], "Outcome": []}, "Evidence Propositions": []}]}