{"doc_id": "32334118", "type of study": "Therapy", "title": "", "abstract": "Clinical characteristics and immune-inflammatory parameters were compared between non-severe and severe patients with coronavirus disease 2019 (COVID-19).\nHigh level of interleukin-6 (IL-6), C-reactive protein (CRP) and hypertension were independent predictors for the severity of COVID-19.\nIL-6 has the highest predictive value among other single immune-inflammatory parameters.\nThe risk model based on IL-6, CRP and hypertension enlarged the predictability.\nThe dynamic change of IL-6 in the severe cases were parallel to the amelioration of this disease, implied a potential value for monitoring the process of severe cases.\nTo explore the clinical value of immune-inflammatory markers to assess the severity of coronavirus disease 2019 (COVID-19).\n127 consecutive hospitalized patients with confirmed COVID-19 were enrolled in this study, and classified into non-severe and severe groups.\nDemographics, symptoms, underlying diseases and laboratory data were collected and assessed for predictive value.\nOf 127 COVID-19 patients, 16 cases (12.60%) were classified into the severe group.\nHigh level of interleukin-6 (IL-6), C-reaction protein (CRP) and hypertension were independent risk factors for the severity of COVID-19.\nThe risk model based on IL-6, CRP and hypertension had the highest area under the receiver operator characteristic curve (AUROC).\nAdditionally, the baseline IL-6 was positively correlated with other immune-inflammatory parameters and the dynamic change of IL-6 in the severe cases were parallel to the amelioration of the disease.\nOur study showed that high level of IL-6, CRP and hypertension were independent risk factors for assessing the severity of COVID-19.\nThe risk model established upon IL-6, CRP and hypertension had the highest predictability in this study.\nBesides, IL-6 played a pivotal role in the severity of COVID-19 and had a potential value for monitoring the process of severe cases.\n", "Evidence Map": {"Enrollment": [{"term": "coronavirus disease 2019 (", "negation": "affirmed", "UMLS": "", "start": 118, "end": 144}, {"term": "hospitalized", "negation": "affirmed", "UMLS": "", "start": 16, "end": 28}, {"term": "confirmed COVID-19", "negation": "affirmed", "UMLS": "", "start": 43, "end": 61}, {"term": "COVID-19", "negation": "affirmed", "UMLS": "", "start": 7, "end": 15}], "Comparison Results": [], "Study Arm 1 Results": [], "Study Arm 2 Results": []}, "Sentence-level breakdown": [{"Section": "TITLE", "Text": "Clinical characteristics and immune-inflammatory parameters were compared between non-severe and severe patients with coronavirus disease 2019 ( COVID-19 ) .", "Evidence Elements": {"Participant": [{"term": "coronavirus disease 2019 (", "negation": "affirmed", "UMLS": "", "start": 118, "end": 144}], "Intervention": [{"term": "non-severe", "negation": "affirmed", "UMLS": "", "start": 82, "end": 92}], "Outcome": [{"term": "Clinical characteristics", "negation": "affirmed", "UMLS": "", "start": 0, "end": 24}, {"term": "immune-inflammatory parameters", "negation": "affirmed", "UMLS": "", "start": 29, "end": 59}]}, "Evidence Propositions": []}, {"Section": "OBJECTIVE", "Text": "To explore the clinical value of immune-inflammatory markers to assess the severity of coronavirus disease 2019 ( COVID-19 ) .", "Evidence Elements": {"Participant": [], "Intervention": [], "Outcome": [{"term": "immune-inflammatory markers", "negation": "affirmed", "UMLS": "", "start": 33, "end": 60}, {"term": "severity of coronavirus disease 2019 (", "negation": "affirmed", "UMLS": "", "start": 75, "end": 113}]}, "Evidence Propositions": []}, {"Section": "METHODS", "Text": "127 consecutive hospitalized patients with confirmed COVID-19 were enrolled in this study , and classified into non-severe and severe groups .", "Evidence Elements": {"Participant": [{"term": "hospitalized", "negation": "affirmed", "UMLS": "", "start": 16, "end": 28}, {"term": "confirmed COVID-19", "negation": "affirmed", "UMLS": "", "start": 43, "end": 61}], "Intervention": [], "Outcome": []}, "Evidence Propositions": []}, {"Section": "METHODS", "Text": "Demographics , symptoms , underlying diseases and laboratory data were collected and assessed for predictive value .", "Evidence Elements": {"Participant": [], "Intervention": [], "Outcome": []}, "Evidence Propositions": []}, {"Section": "RESULTS", "Text": "Of 127 COVID-19 patients , 16 cases ( 12.60 % ) were classified into the severe group .", "Evidence Elements": {"Participant": [{"term": "COVID-19", "negation": "affirmed", "UMLS": "", "start": 7, "end": 15}], "Intervention": [], "Outcome": []}, "Evidence Propositions": []}, {"Section": "RESULTS", "Text": "High level of interleukin-6 ( IL-6 ) , C-reaction protein ( CRP ) and hypertension were independent risk factors for the severity of COVID-19 .", "Evidence Elements": {"Participant": [], "Intervention": [{"term": "High level of interleukin-6 ( IL-6 )", "negation": "affirmed", "UMLS": "", "start": 0, "end": 36}], "Outcome": [{"term": "C-reaction protein ( CRP )", "negation": "affirmed", "UMLS": "", "start": 39, "end": 65}, {"term": "hypertension", "negation": "affirmed", "UMLS": "", "start": 70, "end": 82}]}, "Evidence Propositions": [{"Intervention": "High level of interleukin-6 ( IL-6 )", "Observation": "independent", "Outcome": "C-reaction protein ( CRP )", "Count": ""}, {"Intervention": "High level of interleukin-6 ( IL-6 )", "Observation": "independent", "Outcome": "hypertension", "Count": ""}, {"Intervention": "High level of interleukin-6 ( IL-6 )", "Observation": "factors", "Outcome": "C-reaction protein ( CRP )", "Count": ""}, {"Intervention": "High level of interleukin-6 ( IL-6 )", "Observation": "factors", "Outcome": "hypertension", "Count": ""}]}, {"Section": "RESULTS", "Text": "The risk model based on IL-6 , CRP and hypertension had the highest area under the receiver operator characteristic curve ( AUROC ) .", "Evidence Elements": {"Participant": [], "Intervention": [{"term": "risk model based on IL-6", "negation": "affirmed", "UMLS": "", "start": 4, "end": 28}, {"term": "CRP", "negation": "affirmed", "UMLS": "", "start": 31, "end": 34}, {"term": "hypertension", "negation": "affirmed", "UMLS": "", "start": 39, "end": 51}], "Outcome": [{"term": "area under the receiver operator characteristic curve", "negation": "affirmed", "UMLS": "", "start": 68, "end": 121}]}, "Evidence Propositions": []}, {"Section": "RESULTS", "Text": "Additionally , the baseline IL-6 was positively correlated with other immune-inflammatory parameters and the dynamic change of IL-6 in the severe cases were parallel to the amelioration of the disease .", "Evidence Elements": {"Participant": [], "Intervention": [{"term": "severe", "negation": "affirmed", "UMLS": "", "start": 139, "end": 145}], "Outcome": [{"term": "baseline IL-6", "negation": "affirmed", "UMLS": "", "start": 19, "end": 32}, {"term": "other immune-inflammatory parameters", "negation": "affirmed", "UMLS": "", "start": 64, "end": 100}, {"term": "dynamic change of IL-6", "negation": "affirmed", "UMLS": "", "start": 109, "end": 131}, {"term": "amelioration", "negation": "affirmed", "UMLS": "", "start": 173, "end": 185}]}, "Evidence Propositions": []}, {"Section": "CONCLUSIONS", "Text": "Our study showed that high level of IL-6 , CRP and hypertension were independent risk factors for assessing the severity of COVID-19 .", "Evidence Elements": {"Participant": [], "Intervention": [{"term": "high level of IL-6", "negation": "affirmed", "UMLS": "", "start": 22, "end": 40}, {"term": "hypertension", "negation": "affirmed", "UMLS": "", "start": 51, "end": 63}], "Outcome": [{"term": "CRP", "negation": "affirmed", "UMLS": "", "start": 43, "end": 46}, {"term": "severity of", "negation": "affirmed", "UMLS": "", "start": 112, "end": 123}]}, "Evidence Propositions": [{"Intervention": "high level of IL-6", "Observation": "independent risk factors", "Outcome": "CRP", "Count": ""}, {"Intervention": "high level of IL-6", "Observation": "independent risk factors", "Outcome": "severity of", "Count": ""}, {"Intervention": "hypertension", "Observation": "independent risk factors", "Outcome": "CRP", "Count": ""}, {"Intervention": "hypertension", "Observation": "independent risk factors", "Outcome": "severity of", "Count": ""}]}, {"Section": "CONCLUSIONS", "Text": "The risk model established upon IL-6 , CRP and hypertension had the highest predictability in this study .", "Evidence Elements": {"Participant": [], "Intervention": [], "Outcome": [{"term": "predictability", "negation": "affirmed", "UMLS": "", "start": 76, "end": 90}]}, "Evidence Propositions": []}, {"Section": "CONCLUSIONS", "Text": "Besides , IL-6 played a pivotal role in the severity of COVID-19 and had a potential value for monitoring the process of severe cases .", "Evidence Elements": {"Participant": [], "Intervention": [], "Outcome": [{"term": "IL-6", "negation": "affirmed", "UMLS": "", "start": 10, "end": 14}, {"term": "severity of", "negation": "affirmed", "UMLS": "", "start": 44, "end": 55}]}, "Evidence Propositions": []}]}