{"doc_id": "32331955", "type of study": "Therapy", "title": "", "abstract": "In this systematic review and meta-analysis, we aimed to explore the association between cardiac injury and mortality, the need for intensive care unit (ICU) care, acute respiratory distress syndrome (ARDS), and severe coronavirus disease 2019 (COVID-19) in patients with COVID-19 pneumonia.\nWe performed a comprehensive literature search from several databases.\nDefinition of cardiac injury follows that of the included studies, which includes highly sensitive cardiac troponin I (hs-cTnl) >99th percentile.\nThe primary outcome was mortality, and the secondary outcomes were ARDS, the need for ICU care, and severe COVID-19.\nARDS and severe COVID-19 were defined per the World Health Organization (WHO) interim guidance of severe acute respiratory infection (SARI) of COVID-19.\nThere were a total of 2389 patients from 13 studies.\nThis meta-analysis showed that cardiac injury was associated with higher mortality (RR 7.95 [5.12, 12.34], p < 0.001; I2: 65%).\nCardiac injury was associated with higher need for ICU care (RR 7.94 [1.51, 41.78], p = 0.01; I2: 79%), and severe COVID-19 (RR 13.81 [5.52, 34.52], p < 0.001; I2: 0%).\nThe cardiac injury was not significant for increased risk of ARDS (RR 2.57 [0.96, 6.85], p = 0.06; I2: 84%).\nThe level of hs-cTnI was higher in patients with primary + secondary outcome (mean difference 10.38 pg/mL [4.44, 16.32], p = 0.002; I2: 0%).\nCardiac injury is associated with mortality, need for ICU care, and severity of disease in patients with COVID-19.\nCardiac injury is associated with higher mortality in patients with COVID-19.\nCardiac injury is associated with higher need for ICU care and risk of severe COVID-19.\nLevel of highly-sensitive cardiac troponin I was higher in patients with secondary outcomes.\n", "Evidence Map": {"Enrollment": [{"term": "ARDS", "negation": "affirmed", "UMLS": "", "start": 0, "end": 4}, {"term": "severe COVID-19", "negation": "affirmed", "UMLS": "", "start": 9, "end": 24}, {"term": "Cardiac injury", "negation": "affirmed", "UMLS": "", "start": 0, "end": 14}, {"term": "severe", "negation": "affirmed", "UMLS": "", "start": 118, "end": 124}, {"term": "primary + secondary outcome", "negation": "affirmed", "UMLS": "", "start": 49, "end": 76}, {"term": "COVID-19", "negation": "affirmed", "UMLS": "", "start": 68, "end": 76}, {"term": "secondary outcomes", "negation": "affirmed", "UMLS": "", "start": 73, "end": 91}], "Comparison Results": [], "Study Arm 1 Results": [], "Study Arm 2 Results": []}, "Sentence-level breakdown": [{"Section": "TITLE", "Text": "In this systematic review and meta-analysis , we aimed to explore the association between cardiac injury and mortality , the need for intensive care unit ( ICU ) care , acute respiratory distress syndrome ( ARDS ) , and severe coronavirus disease 2019 ( COVID-19 ) in patients with COVID-19 pneumonia .", "Evidence Elements": {"Participant": [], "Intervention": [], "Outcome": [{"term": "between cardiac injury and mortality", "negation": "affirmed", "UMLS": "", "start": 82, "end": 118}, {"term": "need for intensive care unit ( ICU ) care", "negation": "affirmed", "UMLS": "", "start": 125, "end": 166}, {"term": "acute respiratory distress syndrome ( ARDS )", "negation": "affirmed", "UMLS": "", "start": 169, "end": 213}, {"term": "severe coronavirus", "negation": "affirmed", "UMLS": "", "start": 220, "end": 238}]}, "Evidence Propositions": []}, {"Section": "METHODS", "Text": "We performed a comprehensive literature search from several databases .", "Evidence Elements": {"Participant": [], "Intervention": [], "Outcome": []}, "Evidence Propositions": []}, {"Section": "METHODS", "Text": "Definition of cardiac injury follows that of the included studies , which includes highly sensitive cardiac troponin I ( hs-cTnl ) > 99th percentile .", "Evidence Elements": {"Participant": [], "Intervention": [], "Outcome": []}, "Evidence Propositions": []}, {"Section": "METHODS", "Text": "The primary outcome was mortality , and the secondary outcomes were ARDS , the need for ICU care , and severe COVID-19 .", "Evidence Elements": {"Participant": [], "Intervention": [], "Outcome": [{"term": "mortality", "negation": "affirmed", "UMLS": "", "start": 24, "end": 33}, {"term": "ARDS", "negation": "affirmed", "UMLS": "", "start": 68, "end": 72}, {"term": "need for ICU care", "negation": "affirmed", "UMLS": "", "start": 79, "end": 96}]}, "Evidence Propositions": []}, {"Section": "METHODS", "Text": "ARDS and severe COVID-19 were defined per the World Health Organization ( WHO ) interim guidance of severe acute respiratory infection ( SARI ) of COVID-19 .", "Evidence Elements": {"Participant": [{"term": "ARDS", "negation": "affirmed", "UMLS": "", "start": 0, "end": 4}, {"term": "severe COVID-19", "negation": "affirmed", "UMLS": "", "start": 9, "end": 24}], "Intervention": [], "Outcome": []}, "Evidence Propositions": []}, {"Section": "RESULTS", "Text": "There were a total of 2389 patients from 13 studies .", "Evidence Elements": {"Participant": [], "Intervention": [], "Outcome": []}, "Evidence Propositions": []}, {"Section": "RESULTS", "Text": "This meta-analysis showed that cardiac injury was associated with higher mortality ( RR 7.95 [ 5.12 , 12.34 ] , p < 0.001 ; I2 : 65 % ) .", "Evidence Elements": {"Participant": [], "Intervention": [{"term": "cardiac injury", "negation": "affirmed", "UMLS": "", "start": 31, "end": 45}], "Outcome": [{"term": "mortality", "negation": "affirmed", "UMLS": "", "start": 73, "end": 82}]}, "Evidence Propositions": []}, {"Section": "RESULTS", "Text": "Cardiac injury was associated with higher need for ICU care ( RR 7.94 [ 1.51 , 41.78 ] , p = 0.01 ; I2 : 79 % ) , and severe COVID-19 ( RR 13.81 [ 5.52 , 34.52 ] , p < 0.001 ; I2 : 0 % ) .", "Evidence Elements": {"Participant": [{"term": "Cardiac injury", "negation": "affirmed", "UMLS": "", "start": 0, "end": 14}, {"term": "severe", "negation": "affirmed", "UMLS": "", "start": 118, "end": 124}], "Intervention": [], "Outcome": [{"term": "need for ICU care", "negation": "affirmed", "UMLS": "", "start": 42, "end": 59}]}, "Evidence Propositions": []}, {"Section": "RESULTS", "Text": "The cardiac injury was not significant for increased risk of ARDS ( RR 2.57 [ 0.96 , 6.85 ] , p = 0.06 ; I2 : 84 % ) .", "Evidence Elements": {"Participant": [], "Intervention": [], "Outcome": [{"term": "cardiac injury", "negation": "affirmed", "UMLS": "", "start": 4, "end": 18}, {"term": "risk of ARDS", "negation": "negated", "UMLS": "", "start": 53, "end": 65}, {"term": "RR", "negation": "negated", "UMLS": "", "start": 68, "end": 70}]}, "Evidence Propositions": []}, {"Section": "RESULTS", "Text": "The level of hs-cTnI was higher in patients with primary + secondary outcome ( mean difference 10.38 pg / mL [ 4.44 , 16.32 ] , p = 0.002 ; I2 : 0 % ) .", "Evidence Elements": {"Participant": [{"term": "primary + secondary outcome", "negation": "affirmed", "UMLS": "", "start": 49, "end": 76}], "Intervention": [], "Outcome": [{"term": "level of hs-cTnI", "negation": "affirmed", "UMLS": "", "start": 4, "end": 20}, {"term": "difference", "negation": "affirmed", "UMLS": "", "start": 84, "end": 94}]}, "Evidence Propositions": [{"Intervention": [], "Observation": "higher", "Outcome": "level of hs-cTnI", "Count": ""}]}, {"Section": "CONCLUSIONS", "Text": "Cardiac injury is associated with mortality , need for ICU care , and severity of disease in patients with COVID-19 .", "Evidence Elements": {"Participant": [], "Intervention": [], "Outcome": [{"term": "Cardiac injury", "negation": "affirmed", "UMLS": "", "start": 0, "end": 14}, {"term": "mortality", "negation": "affirmed", "UMLS": "", "start": 34, "end": 43}, {"term": "need for ICU care", "negation": "affirmed", "UMLS": "", "start": 46, "end": 63}, {"term": "severity of disease", "negation": "affirmed", "UMLS": "", "start": 70, "end": 89}]}, "Evidence Propositions": []}, {"Section": "CONCLUSIONS", "Text": "Cardiac injury is associated with higher mortality in patients with COVID-19 .", "Evidence Elements": {"Participant": [{"term": "COVID-19", "negation": "affirmed", "UMLS": "", "start": 68, "end": 76}], "Intervention": [{"term": "Cardiac injury", "negation": "affirmed", "UMLS": "", "start": 0, "end": 14}], "Outcome": [{"term": "mortality", "negation": "affirmed", "UMLS": "", "start": 41, "end": 50}]}, "Evidence Propositions": []}, {"Section": "CONCLUSIONS", "Text": "Cardiac injury is associated with higher need for ICU care and risk of severe COVID-19 .", "Evidence Elements": {"Participant": [], "Intervention": [], "Outcome": [{"term": "Cardiac injury", "negation": "affirmed", "UMLS": "", "start": 0, "end": 14}, {"term": "need for ICU care", "negation": "affirmed", "UMLS": "", "start": 41, "end": 58}, {"term": "risk of severe COVID-19", "negation": "affirmed", "UMLS": "", "start": 63, "end": 86}]}, "Evidence Propositions": []}, {"Section": "CONCLUSIONS", "Text": "Level of highly-sensitive cardiac troponin I was higher in patients with secondary outcomes .", "Evidence Elements": {"Participant": [{"term": "secondary outcomes", "negation": "affirmed", "UMLS": "", "start": 73, "end": 91}], "Intervention": [], "Outcome": [{"term": "Level of highly-sensitive cardiac troponin I", "negation": "affirmed", "UMLS": "", "start": 0, "end": 44}]}, "Evidence Propositions": [{"Intervention": [], "Observation": "higher", "Outcome": "Level of highly-sensitive cardiac troponin I", "Count": ""}]}]}