{"doc_id": "32330277", "type of study": "Therapy", "title": "", "abstract": "Importance: There is no specific antiviral therapy recommended for coronavirus disease 2019 (COVID-19).\nIn vitro studies indicate that the antiviral effect of chloroquine diphosphate (CQ) requires a high concentration of the drug.\nObjective: To evaluate the safety and efficacy of 2 CQ dosages in patients with severe COVID-19.\nDesign, Setting, and Participants: This parallel, double-masked, randomized, phase IIb clinical trial with 81 adult patients who were hospitalized with severe acute respiratory syndrome coronavirus 2 (SARS-CoV-2) infection was conducted from March 23 to April 5, 2020, at a tertiary care facility in Manaus, Brazilian Amazon.\nInterventions: Patients were allocated to receive high-dosage CQ (ie, 600 mg CQ twice daily for 10 days) or low-dosage CQ (ie, 450 mg twice daily on day 1 and once daily for 4 days).\nMain Outcomes and Measures: Primary outcome was reduction in lethality by at least 50% in the high-dosage group compared with the low-dosage group.\nData presented here refer primarily to safety and lethality outcomes during treatment on day 13.\nSecondary end points included participant clinical status, laboratory examinations, and electrocardiogram results.\nOutcomes will be presented to day 28.\nViral respiratory secretion RNA detection was performed on days 0 and 4.\nResults: Out of a predefined sample size of 440 patients, 81 were enrolled (41 [50.6%] to high-dosage group and 40 [49.4%] to low-dosage group).\nEnrolled patients had a mean (SD) age of 51.1 (13.9) years, and most (60 [75.3%]) were men.\nOlder age (mean [SD] age, 54.7 [13.7] years vs 47.4 [13.3] years) and more heart disease (5 of 28 [17.9%] vs 0) were seen in the high-dose group.\nViral RNA was detected in 31 of 40 (77.5%) and 31 of 41 (75.6%) patients in the low-dosage and high-dosage groups, respectively.\nLethality until day 13 was 39.0% in the high-dosage group (16 of 41) and 15.0% in the low-dosage group (6 of 40).\nThe high-dosage group presented more instance of QTc interval greater than 500 milliseconds (7 of 37 [18.9%]) compared with the low-dosage group (4 of 36 [11.1%]).\nRespiratory secretion at day 4 was negative in only 6 of 27 patients (22.2%).\nConclusions and Relevance: The preliminary findings of this study suggest that the higher CQ dosage should not be recommended for critically ill patients with COVID-19 because of its potential safety hazards, especially when taken concurrently with azithromycin and oseltamivir.\nThese findings cannot be extrapolated to patients with nonsevere COVID-19.\nTrial Registration: ClinicalTrials.gov Identifier: NCT04323527.\n", "Evidence Map": {"Enrollment": [{"term": "severe", "negation": "affirmed", "UMLS": "", "start": 81, "end": 87}, {"term": "hospitalized", "negation": "affirmed", "UMLS": "", "start": 140, "end": 152}, {"term": "severe acute respiratory syndrome coronavirus 2 ( SARS-CoV-2 ) infection", "negation": "affirmed", "UMLS": "", "start": 158, "end": 230}, {"term": "Older age", "negation": "affirmed", "UMLS": "", "start": 0, "end": 9}, {"term": "more heart disease", "negation": "affirmed", "UMLS": "", "start": 79, "end": 97}, {"term": "critically ill patients with COVID-19", "negation": "negated", "UMLS": "", "start": 131, "end": 168}, {"term": "azithromycin", "negation": "negated", "UMLS": "", "start": 251, "end": 263}], "Comparison Results": [], "Study Arm 1 Results": [], "Study Arm 2 Results": []}, "Sentence-level breakdown": [{"Section": "TITLE", "Text": "Importance : There is no specific antiviral therapy recommended for coronavirus disease 2019 ( COVID-19 ) .", "Evidence Elements": {"Participant": [], "Intervention": [], "Outcome": []}, "Evidence Propositions": []}, {"Section": "OBJECTIVE", "Text": "Objective : To evaluate the safety and efficacy of 2 CQ dosages in patients with severe COVID-19 .", "Evidence Elements": {"Participant": [{"term": "severe", "negation": "affirmed", "UMLS": "", "start": 81, "end": 87}], "Intervention": [{"term": "2 CQ dosages", "negation": "affirmed", "UMLS": "", "start": 51, "end": 63}], "Outcome": [{"term": "safety", "negation": "affirmed", "UMLS": "", "start": 28, "end": 34}, {"term": "efficacy", "negation": "affirmed", "UMLS": "", "start": 39, "end": 47}]}, "Evidence Propositions": []}, {"Section": "METHODS", "Text": "Design , Setting , and Participants : This parallel , double-masked , randomized , phase IIb clinical trial with 81 adult patients who were hospitalized with severe acute respiratory syndrome coronavirus 2 ( SARS-CoV-2 ) infection was conducted from March 23 to April 5 , 2020 , at a tertiary care facility in Manaus , Brazilian Amazon .", "Evidence Elements": {"Participant": [{"term": "hospitalized", "negation": "affirmed", "UMLS": "", "start": 140, "end": 152}, {"term": "severe acute respiratory syndrome coronavirus 2 ( SARS-CoV-2 ) infection", "negation": "affirmed", "UMLS": "", "start": 158, "end": 230}], "Intervention": [], "Outcome": []}, "Evidence Propositions": []}, {"Section": "METHODS", "Text": "Interventions : Patients were allocated to receive high-dosage CQ ( ie , 600 mg CQ twice daily for 10 days ) or low-dosage CQ ( ie , 450 mg twice daily on day 1 and once daily for 4 days ) .", "Evidence Elements": {"Participant": [], "Intervention": [{"term": "high-dosage CQ", "negation": "affirmed", "UMLS": "", "start": 51, "end": 65}, {"term": "low-dosage CQ", "negation": "affirmed", "UMLS": "", "start": 112, "end": 125}], "Outcome": []}, "Evidence Propositions": []}, {"Section": "METHODS", "Text": "Main Outcomes and Measures : Primary outcome was reduction in lethality by at least 50 % in the high-dosage group compared with the low-dosage group .", "Evidence Elements": {"Participant": [], "Intervention": [{"term": "high-dosage", "negation": "affirmed", "UMLS": "", "start": 96, "end": 107}], "Outcome": [{"term": "reduction in lethality by at least 50 %", "negation": "affirmed", "UMLS": "", "start": 49, "end": 88}]}, "Evidence Propositions": []}, {"Section": "METHODS", "Text": "Data presented here refer primarily to safety and lethality outcomes during treatment on day 13 .", "Evidence Elements": {"Participant": [], "Intervention": [], "Outcome": [{"term": "safety", "negation": "affirmed", "UMLS": "", "start": 39, "end": 45}, {"term": "lethality", "negation": "affirmed", "UMLS": "", "start": 50, "end": 59}]}, "Evidence Propositions": []}, {"Section": "METHODS", "Text": "Secondary end points included participant clinical status , laboratory examinations , and electrocardiogram results .", "Evidence Elements": {"Participant": [], "Intervention": [], "Outcome": [{"term": "participant clinical status", "negation": "affirmed", "UMLS": "", "start": 30, "end": 57}, {"term": "laboratory examinations", "negation": "affirmed", "UMLS": "", "start": 60, "end": 83}]}, "Evidence Propositions": []}, {"Section": "METHODS", "Text": "Outcomes will be presented to day 28 .", "Evidence Elements": {"Participant": [], "Intervention": [], "Outcome": []}, "Evidence Propositions": []}, {"Section": "METHODS", "Text": "Viral respiratory secretion RNA detection was performed on days 0 and 4 .", "Evidence Elements": {"Participant": [], "Intervention": [], "Outcome": [{"term": "Viral respiratory secretion RNA detection", "negation": "affirmed", "UMLS": "", "start": 0, "end": 41}]}, "Evidence Propositions": []}, {"Section": "RESULTS", "Text": "Results : Out of a predefined sample size of 440 patients , 81 were enrolled ( 41 [ 50.6 % ] to high-dosage group and 40 [ 49.4 % ] to low-dosage group ) .", "Evidence Elements": {"Participant": [], "Intervention": [{"term": "high-dosage", "negation": "affirmed", "UMLS": "", "start": 96, "end": 107}], "Outcome": []}, "Evidence Propositions": []}, {"Section": "RESULTS", "Text": "Enrolled patients had a mean ( SD ) age of 51.1 ( 13.9 ) years , and most ( 60 [ 75.3 % ] ) were men .", "Evidence Elements": {"Participant": [], "Intervention": [], "Outcome": []}, "Evidence Propositions": []}, {"Section": "RESULTS", "Text": "Older age ( mean [ SD ] age , 54.7 [ 13.7 ] years vs 47.4 [ 13.3 ] years ) and more heart disease ( 5 of 28 [ 17.9 % ] vs 0 ) were seen in the high-dose group .", "Evidence Elements": {"Participant": [{"term": "Older age", "negation": "affirmed", "UMLS": "", "start": 0, "end": 9}, {"term": "more heart disease", "negation": "affirmed", "UMLS": "", "start": 79, "end": 97}], "Intervention": [], "Outcome": []}, "Evidence Propositions": []}, {"Section": "RESULTS", "Text": "Viral RNA was detected in 31 of 40 ( 77.5 % ) and 31 of 41 ( 75.6 % ) patients in the low-dosage and high-dosage groups , respectively .", "Evidence Elements": {"Participant": [], "Intervention": [], "Outcome": [{"term": "Viral RNA", "negation": "affirmed", "UMLS": "", "start": 0, "end": 9}]}, "Evidence Propositions": []}, {"Section": "RESULTS", "Text": "Lethality until day 13 was 39.0 % in the high-dosage group ( 16 of 41 ) and 15.0 % in the low-dosage group ( 6 of 40 ) .", "Evidence Elements": {"Participant": [], "Intervention": [{"term": "high-dosage", "negation": "affirmed", "UMLS": "", "start": 41, "end": 52}, {"term": "low-dosage", "negation": "affirmed", "UMLS": "", "start": 90, "end": 100}], "Outcome": [{"term": "Lethality", "negation": "affirmed", "UMLS": "", "start": 0, "end": 9}]}, "Evidence Propositions": [{"Intervention": "high-dosage", "Observation": "39.0 %", "Outcome": "Lethality", "Count": ""}, {"Intervention": "low-dosage", "Observation": "15.0 %", "Outcome": "Lethality", "Count": ""}, {"Intervention": "high-dosage", "Observation": "", "Count": "16 of 41", "Outcome": "Lethality"}]}, {"Section": "RESULTS", "Text": "The high-dosage group presented more instance of QTc interval greater than 500 milliseconds ( 7 of 37 [ 18.9 % ] ) compared with the low-dosage group ( 4 of 36 [ 11.1 % ] ) .", "Evidence Elements": {"Participant": [], "Intervention": [{"term": "high-dosage", "negation": "affirmed", "UMLS": "", "start": 4, "end": 15}, {"term": "low-dosage", "negation": "affirmed", "UMLS": "", "start": 133, "end": 143}], "Outcome": [{"term": "instance of QTc interval greater than 500 milliseconds", "negation": "affirmed", "UMLS": "", "start": 37, "end": 91}]}, "Evidence Propositions": [{"Intervention": [], "Observation": "more", "Outcome": "", "Count": ""}]}, {"Section": "RESULTS", "Text": "Respiratory secretion at day 4 was negative in only 6 of 27 patients ( 22.2 % ) .", "Evidence Elements": {"Participant": [], "Intervention": [], "Outcome": [{"term": "Respiratory secretion", "negation": "affirmed", "UMLS": "", "start": 0, "end": 21}]}, "Evidence Propositions": []}, {"Section": "RESULTS", "Text": "Conclusions and Relevance : The preliminary findings of this study suggest that the higher CQ dosage should not be recommended for critically ill patients with COVID-19 because of its potential safety hazards , especially when taken concurrently with azithromycin and oseltamivir .", "Evidence Elements": {"Participant": [{"term": "critically ill patients with COVID-19", "negation": "negated", "UMLS": "", "start": 131, "end": 168}, {"term": "azithromycin", "negation": "negated", "UMLS": "", "start": 251, "end": 263}], "Intervention": [{"term": "higher CQ dosage", "negation": "affirmed", "UMLS": "", "start": 84, "end": 100}], "Outcome": [{"term": "potential safety hazards", "negation": "negated", "UMLS": "", "start": 184, "end": 208}]}, "Evidence Propositions": []}, {"Section": "RESULTS", "Text": "These findings cannot be extrapolated to patients with nonsevere COVID-19 .", "Evidence Elements": {"Participant": [], "Intervention": [], "Outcome": []}, "Evidence Propositions": []}, {"Section": "CONCLUSIONS", "Text": "Trial Registration : ClinicalTrials.gov Identifier : NCT04323527 .", "Evidence Elements": {"Participant": [], "Intervention": [], "Outcome": []}, "Evidence Propositions": []}]}