{"doc_id": "32343745", "type of study": "Therapy", "title": "", "abstract": "To confirm the relationship between sex and the progression of Coronavirus Disease-19 (COVID-19), and its potential mechanism, among severe patients.\nFor this retrospective study, we included 168 consecutive severe patients with pathogen-confirmed COVID-19 who were hospitalized between January 16th and February 4th, 2020, at Tongji Hospital in Wuhan, China.\nClinical characteristics, laboratory parameters, and outcomes were compared and analyzed between males and females.\nIn the present study, we analyzed 168 severe patients with COVID-19, including 86 males and 82 females, and 48 patients (28.6%) were diagnosed as critically ill.\nOf 86 male patients, 12.8% (11/86) died and 75.6% (65/86) were discharged; of 82 female patients, 7.3% (6/82) died and 86.6% (71/82) were discharged.\nEleven laboratory parameters showed significant differences between male and female patients, and six of them were higher during the whole clinical course in patients who died than in patients who were discharged.\nIn adjusted logistic regression analysis, males with comorbidities presented a higher risk of being critically ill than males without comorbidities (OR = 3.824, 95% CI = 1.279-11.435).\nHowever, this association attenuated to null in female patients (OR = 2.992, 95% CI = 0.937-9.558).\nA similar sex-specific trend was observed in the relation between age and critically ill conditions.\nWe highlighted sex-specific differences in clinical characteristics and prognosis.\nMale patients appeared to be more susceptible to age and comorbidities.\nSex is an important biological variable that should be considered in the prevention and treatment of COVID-19.\nOverall, our results highlight sex-specific differences in clinical characteristics and prognosis to COVID-19, which are consistent with the sex-bias observed in other COVID-19 related studies.\nWe also provided more evidence and explored the underlying mechanism with epidemiological analysis.\nSix candidate laboratory indicators with significant sex differences were considered as potential mediators affecting the prognosis of COVID-19.\nThe age-specific risk distributions of COVID-19 showed a positive correlation between the prognosis and age/ comorbidities, which was significantly affected by sex.\nWe also emphasize that sex is a biological variable that should be considered in the prevention and therapy of COVID-19.\nIt is our hope that these methods may serve as a guide to the clinician in providing timely and specific therapy.\nObviously, future studies are warranted to elucidate the different pathways and cellular responses between women and men.\nThe key challenge is how best to use this disparity for providing adequate protection in both males and females.\n", "Evidence Map": {"Enrollment": [{"term": "severe patients", "negation": "affirmed", "UMLS": "", "start": 59, "end": 74}, {"term": "pathogen-confirmed COVID-19", "negation": "affirmed", "UMLS": "", "start": 80, "end": 107}, {"term": "hospitalized", "negation": "affirmed", "UMLS": "", "start": 117, "end": 129}, {"term": "severe", "negation": "affirmed", "UMLS": "", "start": 39, "end": 45}, {"term": "COVID-19", "negation": "affirmed", "UMLS": "", "start": 60, "end": 68}, {"term": "male patients", "negation": "affirmed", "UMLS": "", "start": 6, "end": 19}, {"term": "female patients", "negation": "affirmed", "UMLS": "", "start": 93, "end": 108}, {"term": "died", "negation": "affirmed", "UMLS": "", "start": 172, "end": 176}, {"term": "males with comorbidities", "negation": "affirmed", "UMLS": "", "start": 43, "end": 67}, {"term": "males without comorbidities", "negation": "affirmed", "UMLS": "", "start": 121, "end": 148}, {"term": "female", "negation": "affirmed", "UMLS": "", "start": 49, "end": 55}, {"term": "Male", "negation": "affirmed", "UMLS": "", "start": 0, "end": 4}, {"term": "COVID-19", "negation": "affirmed", "UMLS": "", "start": 102, "end": 110}, {"term": "COVID-19", "negation": "affirmed", "UMLS": "", "start": 135, "end": 143}], "Comparison Results": [], "Study Arm 1 Results": [], "Study Arm 2 Results": []}, "Sentence-level breakdown": [{"Section": "TITLE", "Text": "To confirm the relationship between sex and the progression of Coronavirus Disease-19 ( COVID-19 ) , and its potential mechanism , among severe patients .", "Evidence Elements": {"Participant": [], "Intervention": [{"term": "sex", "negation": "affirmed", "UMLS": "", "start": 36, "end": 39}], "Outcome": [{"term": "progression of Coronavirus Disease-19 ( COVID-19 )", "negation": "affirmed", "UMLS": "", "start": 48, "end": 98}, {"term": "potential mechanism", "negation": "affirmed", "UMLS": "", "start": 109, "end": 128}]}, "Evidence Propositions": [{"Intervention": "sex", "Observation": "relationship", "Outcome": "progression of Coronavirus Disease-19 ( COVID-19 )", "Count": ""}]}, {"Section": "METHODS", "Text": "For this retrospective study , we included 168 consecutive severe patients with pathogen-confirmed COVID-19 who were hospitalized between January 16th and February 4th , 2020 , at Tongji Hospital in Wuhan , China .", "Evidence Elements": {"Participant": [{"term": "severe patients", "negation": "affirmed", "UMLS": "", "start": 59, "end": 74}, {"term": "pathogen-confirmed COVID-19", "negation": "affirmed", "UMLS": "", "start": 80, "end": 107}, {"term": "hospitalized", "negation": "affirmed", "UMLS": "", "start": 117, "end": 129}], "Intervention": [], "Outcome": []}, "Evidence Propositions": []}, {"Section": "METHODS", "Text": "Clinical characteristics , laboratory parameters , and outcomes were compared and analyzed between males and females .", "Evidence Elements": {"Participant": [], "Intervention": [{"term": "males", "negation": "affirmed", "UMLS": "", "start": 99, "end": 104}], "Outcome": [{"term": "Clinical characteristics", "negation": "affirmed", "UMLS": "", "start": 0, "end": 24}, {"term": "laboratory parameters", "negation": "affirmed", "UMLS": "", "start": 27, "end": 48}, {"term": "outcomes", "negation": "affirmed", "UMLS": "", "start": 55, "end": 63}]}, "Evidence Propositions": []}, {"Section": "RESULTS", "Text": "In the present study , we analyzed 168 severe patients with COVID-19 , including 86 males and 82 females , and 48 patients ( 28.6 % ) were diagnosed as critically ill .", "Evidence Elements": {"Participant": [{"term": "severe", "negation": "affirmed", "UMLS": "", "start": 39, "end": 45}, {"term": "COVID-19", "negation": "affirmed", "UMLS": "", "start": 60, "end": 68}], "Intervention": [], "Outcome": []}, "Evidence Propositions": []}, {"Section": "RESULTS", "Text": "Of 86 male patients , 12.8 % ( 11 / 86 ) died and 75.6 % ( 65 / 86 ) were discharged ; of 82 female patients , 7.3 % ( 6 / 82 ) died and 86.6 % ( 71 / 82 ) were discharged .", "Evidence Elements": {"Participant": [{"term": "male patients", "negation": "affirmed", "UMLS": "", "start": 6, "end": 19}, {"term": "female patients", "negation": "affirmed", "UMLS": "", "start": 93, "end": 108}], "Intervention": [], "Outcome": [{"term": "died", "negation": "affirmed", "UMLS": "", "start": 41, "end": 45}, {"term": "discharged", "negation": "affirmed", "UMLS": "", "start": 74, "end": 84}]}, "Evidence Propositions": []}, {"Section": "RESULTS", "Text": "Eleven laboratory parameters showed significant differences between male and female patients , and six of them were higher during the whole clinical course in patients who died than in patients who were discharged .", "Evidence Elements": {"Participant": [{"term": "died", "negation": "affirmed", "UMLS": "", "start": 172, "end": 176}], "Intervention": [{"term": "male and female", "negation": "affirmed", "UMLS": "", "start": 68, "end": 83}], "Outcome": [{"term": "laboratory parameters", "negation": "affirmed", "UMLS": "", "start": 7, "end": 28}]}, "Evidence Propositions": [{"Intervention": ["male and female"], "Observation": "significant differences", "Outcome": "laboratory parameters", "Count": ""}, {"Intervention": [], "Observation": "higher", "Outcome": "", "Count": ""}]}, {"Section": "RESULTS", "Text": "In adjusted logistic regression analysis , males with comorbidities presented a higher risk of being critically ill than males without comorbidities ( OR = 3.824 , 95 % CI = 1.279-11.435 ) .", "Evidence Elements": {"Participant": [{"term": "males with comorbidities", "negation": "affirmed", "UMLS": "", "start": 43, "end": 67}, {"term": "males without comorbidities", "negation": "affirmed", "UMLS": "", "start": 121, "end": 148}], "Intervention": [], "Outcome": [{"term": "risk of being critically ill", "negation": "affirmed", "UMLS": "", "start": 87, "end": 115}]}, "Evidence Propositions": []}, {"Section": "RESULTS", "Text": "However , this association attenuated to null in female patients ( OR = 2.992 , 95 % CI = 0.937-9.558 ) .", "Evidence Elements": {"Participant": [{"term": "female", "negation": "affirmed", "UMLS": "", "start": 49, "end": 55}], "Intervention": [], "Outcome": [{"term": "association", "negation": "affirmed", "UMLS": "", "start": 15, "end": 26}]}, "Evidence Propositions": []}, {"Section": "RESULTS", "Text": "A similar sex-specific trend was observed in the relation between age and critically ill conditions .", "Evidence Elements": {"Participant": [], "Intervention": [], "Outcome": [{"term": "relation between age and critically ill conditions", "negation": "affirmed", "UMLS": "", "start": 49, "end": 99}]}, "Evidence Propositions": [{"Intervention": [], "Observation": "similar sex-specific trend", "Outcome": "relation between age and critically ill conditions", "Count": ""}]}, {"Section": "CONCLUSIONS", "Text": "We highlighted sex-specific differences in clinical characteristics and prognosis .", "Evidence Elements": {"Participant": [], "Intervention": [], "Outcome": [{"term": "clinical characteristics", "negation": "affirmed", "UMLS": "", "start": 43, "end": 67}, {"term": "prognosis", "negation": "affirmed", "UMLS": "", "start": 72, "end": 81}]}, "Evidence Propositions": [{"Intervention": [], "Observation": "sex-specific differences", "Outcome": "clinical characteristics", "Count": ""}, {"Intervention": [], "Observation": "sex-specific differences", "Outcome": "prognosis", "Count": ""}]}, {"Section": "CONCLUSIONS", "Text": "Male patients appeared to be more susceptible to age and comorbidities .", "Evidence Elements": {"Participant": [{"term": "Male", "negation": "affirmed", "UMLS": "", "start": 0, "end": 4}], "Intervention": [], "Outcome": []}, "Evidence Propositions": []}, {"Section": "CONCLUSIONS", "Text": "Sex is an important biological variable that should be considered in the prevention and treatment of COVID-19 .", "Evidence Elements": {"Participant": [], "Intervention": [], "Outcome": []}, "Evidence Propositions": []}, {"Section": "CONCLUSIONS", "Text": "Overall , our results highlight sex-specific differences in clinical characteristics and prognosis to COVID-19 , which are consistent with the sex-bias observed in other COVID-19 related studies .", "Evidence Elements": {"Participant": [{"term": "COVID-19", "negation": "affirmed", "UMLS": "", "start": 102, "end": 110}], "Intervention": [], "Outcome": [{"term": "clinical characteristics", "negation": "affirmed", "UMLS": "", "start": 60, "end": 84}, {"term": "prognosis", "negation": "affirmed", "UMLS": "", "start": 89, "end": 98}]}, "Evidence Propositions": [{"Intervention": [], "Observation": "sex-specific differences", "Outcome": "clinical characteristics", "Count": ""}, {"Intervention": [], "Observation": "sex-specific differences", "Outcome": "prognosis", "Count": ""}]}, {"Section": "CONCLUSIONS", "Text": "We also provided more evidence and explored the underlying mechanism with epidemiological analysis .", "Evidence Elements": {"Participant": [], "Intervention": [], "Outcome": []}, "Evidence Propositions": []}, {"Section": "CONCLUSIONS", "Text": "Six candidate laboratory indicators with significant sex differences were considered as potential mediators affecting the prognosis of COVID-19 .", "Evidence Elements": {"Participant": [{"term": "COVID-19", "negation": "affirmed", "UMLS": "", "start": 135, "end": 143}], "Intervention": [], "Outcome": [{"term": "prognosis", "negation": "affirmed", "UMLS": "", "start": 122, "end": 131}]}, "Evidence Propositions": []}, {"Section": "CONCLUSIONS", "Text": "The age-specific risk distributions of COVID-19 showed a positive correlation between the prognosis and age / comorbidities , which was significantly affected by sex .", "Evidence Elements": {"Participant": [], "Intervention": [], "Outcome": [{"term": "age-specific", "negation": "affirmed", "UMLS": "", "start": 4, "end": 16}, {"term": "prognosis", "negation": "affirmed", "UMLS": "", "start": 90, "end": 99}]}, "Evidence Propositions": []}, {"Section": "CONCLUSIONS", "Text": "We also emphasize that sex is a biological variable that should be considered in the prevention and therapy of COVID-19 .", "Evidence Elements": {"Participant": [], "Intervention": [], "Outcome": []}, "Evidence Propositions": []}, {"Section": "CONCLUSIONS", "Text": "It is our hope that these methods may serve as a guide to the clinician in providing timely and specific therapy .", "Evidence Elements": {"Participant": [], "Intervention": [], "Outcome": []}, "Evidence Propositions": []}, {"Section": "CONCLUSIONS", "Text": "Obviously , future studies are warranted to elucidate the different pathways and cellular responses between women and men .", "Evidence Elements": {"Participant": [], "Intervention": [], "Outcome": []}, "Evidence Propositions": []}, {"Section": "CONCLUSIONS", "Text": "The key challenge is how best to use this disparity for providing adequate protection in both males and females .", "Evidence Elements": {"Participant": [], "Intervention": [], "Outcome": []}, "Evidence Propositions": []}]}