{"doc_id": "32344167", "type of study": "Therapy", "title": "", "abstract": "Coronavirus disease 2019 (COVID-19) is caused by the severe acute respiratory syndrome coronavirus 2 (SARS-CoV-2).\nUmifenovir (Arbidol ) is an antiviral drug being used to treat influenza in Russia and China.\nThis study aimed to investigate the effectiveness and safety of umifenovir for COVID-19.\nA retrospective study was performed in a non-intensive care unit (ICU) ward in Jinyintan Hospital from 2 February 2020 to 20 March 2020.\nCOVID-19 was confirmed by real-time reverse-transcriptase polymerase chain reaction (RT-PCR) assay of pharyngeal swab specimens.\nThe confirmed patients were divided into the umifenovir group and the control group according to the use of umifenovir.\nThe main outcomes were the rate of negative pharyngeal swab tests for SARS-CoV-2 within 1 week after admission and the time for the virus to turn negative.\nThe negativity time of SARS-CoV-2 was defined as the first day of a negative test if the nucleic acid of SARS-CoV-2 was negative for two consecutive tests.\nA total of 81 COVID-19 patients were included, with 45 in the umifenovir group and 36 in the control group.\nBaseline clinical and laboratory characteristics were comparable between the two groups.\nThirty-three out of 45 (73%) patients in the umifenovir group tested negative for SARS-CoV-2 within 7 days after admission, the number was 28/36 (78%) in the control group (p 0.19).\nThe median time from onset of symptoms to SARS-CoV-2 turning negative was 18 days (interquartile range (IQR) 12-21) in the umifenovir group and 16 days (IQR 11-21) in the control group (p 0.42).\nPatients in the umifenovir group had a longer hospital stay than patients in the control group (13 days (IQR 9-17) vs 11 days (IQR 9-14), p 0.04).\nNo deaths or severe adverse reactions were found in both groups.\nUmifenovir might not improve the prognosis or accelerate SARS-CoV-2 clearance in non-ICU patients.\nA randomized control clinical trial is needed to assess the efficacy of umifenovir.\n", "Evidence Map": {"Enrollment": [{"term": "COVID-19", "negation": "affirmed", "UMLS": "", "start": 79, "end": 87}, {"term": "SARS-CoV-2", "negation": "affirmed", "UMLS": "", "start": 70, "end": 80}, {"term": "COVID-19", "negation": "affirmed", "UMLS": "", "start": 14, "end": 22}, {"term": "non-ICU", "negation": "negated", "UMLS": "", "start": 81, "end": 88}], "Comparison Results": [], "Study Arm 1 Results": [], "Study Arm 2 Results": []}, "Sentence-level breakdown": [{"Section": "TITLE", "Text": "Coronavirus disease 2019 ( COVID-19 ) is caused by the severe acute respiratory syndrome coronavirus 2 ( SARS-CoV-2 ) .", "Evidence Elements": {"Participant": [], "Intervention": [], "Outcome": []}, "Evidence Propositions": []}, {"Section": "OBJECTIVE", "Text": "This study aimed to investigate the effectiveness and safety of umifenovir for COVID-19 .", "Evidence Elements": {"Participant": [{"term": "COVID-19", "negation": "affirmed", "UMLS": "", "start": 79, "end": 87}], "Intervention": [{"term": "umifenovir", "negation": "affirmed", "UMLS": "", "start": 64, "end": 74}], "Outcome": [{"term": "effectiveness", "negation": "affirmed", "UMLS": "", "start": 36, "end": 49}, {"term": "safety", "negation": "affirmed", "UMLS": "", "start": 54, "end": 60}]}, "Evidence Propositions": []}, {"Section": "METHODS", "Text": "A retrospective study was performed in a non-intensive care unit ( ICU ) ward in Jinyintan Hospital from 2 February 2020 to 20 March 2020 .", "Evidence Elements": {"Participant": [], "Intervention": [], "Outcome": []}, "Evidence Propositions": []}, {"Section": "METHODS", "Text": "COVID-19 was confirmed by real-time reverse-transcriptase polymerase chain reaction ( RT-PCR ) assay of pharyngeal swab specimens .", "Evidence Elements": {"Participant": [], "Intervention": [], "Outcome": [{"term": "COVID-19", "negation": "affirmed", "UMLS": "", "start": 0, "end": 8}]}, "Evidence Propositions": []}, {"Section": "METHODS", "Text": "The confirmed patients were divided into the umifenovir group and the control group according to the use of umifenovir .", "Evidence Elements": {"Participant": [], "Intervention": [{"term": "umifenovir", "negation": "affirmed", "UMLS": "", "start": 45, "end": 55}, {"term": "control", "negation": "affirmed", "UMLS": "", "start": 70, "end": 77}, {"term": "umifenovir", "negation": "affirmed", "UMLS": "", "start": 45, "end": 55}], "Outcome": []}, "Evidence Propositions": []}, {"Section": "METHODS", "Text": "The main outcomes were the rate of negative pharyngeal swab tests for SARS-CoV-2 within 1 week after admission and the time for the virus to turn negative .", "Evidence Elements": {"Participant": [{"term": "SARS-CoV-2", "negation": "affirmed", "UMLS": "", "start": 70, "end": 80}], "Intervention": [], "Outcome": [{"term": "rate of negative pharyngeal swab tests", "negation": "affirmed", "UMLS": "", "start": 27, "end": 65}, {"term": "time for the virus to turn negative", "negation": "affirmed", "UMLS": "", "start": 119, "end": 154}]}, "Evidence Propositions": []}, {"Section": "METHODS", "Text": "The negativity time of SARS-CoV-2 was defined as the first day of a negative test if the nucleic acid of SARS-CoV-2 was negative for two consecutive tests .", "Evidence Elements": {"Participant": [], "Intervention": [], "Outcome": [{"term": "negativity time of SARS-CoV-2", "negation": "affirmed", "UMLS": "", "start": 4, "end": 33}, {"term": "nucleic acid of SARS-CoV-2", "negation": "affirmed", "UMLS": "", "start": 89, "end": 115}]}, "Evidence Propositions": []}, {"Section": "RESULTS", "Text": "A total of 81 COVID-19 patients were included , with 45 in the umifenovir group and 36 in the control group .", "Evidence Elements": {"Participant": [{"term": "COVID-19", "negation": "affirmed", "UMLS": "", "start": 14, "end": 22}], "Intervention": [{"term": "umifenovir", "negation": "affirmed", "UMLS": "", "start": 63, "end": 73}, {"term": "control", "negation": "affirmed", "UMLS": "", "start": 94, "end": 101}], "Outcome": []}, "Evidence Propositions": []}, {"Section": "RESULTS", "Text": "Baseline clinical and laboratory characteristics were comparable between the two groups .", "Evidence Elements": {"Participant": [], "Intervention": [{"term": "between the two groups", "negation": "affirmed", "UMLS": "", "start": 65, "end": 87}], "Outcome": [{"term": "Baseline clinical and laboratory characteristics", "negation": "affirmed", "UMLS": "", "start": 0, "end": 48}]}, "Evidence Propositions": []}, {"Section": "RESULTS", "Text": "Thirty-three out of 45 ( 73 % ) patients in the umifenovir group tested negative for SARS-CoV-2 within 7 days after admission , the number was 28 / 36 ( 78 % ) in the control group ( p 0.19 ) .", "Evidence Elements": {"Participant": [], "Intervention": [{"term": "umifenovir", "negation": "affirmed", "UMLS": "", "start": 48, "end": 58}], "Outcome": [{"term": "negative for SARS-CoV-2", "negation": "affirmed", "UMLS": "", "start": 72, "end": 95}, {"term": "number", "negation": "negated", "UMLS": "", "start": 132, "end": 138}]}, "Evidence Propositions": [{"Intervention": "umifenovir", "Observation": "", "Count": "Thirty-three out of 45 ( 73 % ) patients", "Outcome": "negative for SARS-CoV-2"}]}, {"Section": "RESULTS", "Text": "The median time from onset of symptoms to SARS-CoV-2 turning negative was 18 days ( interquartile range (IQR ) 12-21 ) in the umifenovir group and 16 days (IQR 11-21) in the control group ( p0.42 ) .", "Evidence Elements": {"Participant": [], "Intervention": [{"term": "umifenovir", "negation": "affirmed", "UMLS": "", "start": 126, "end": 136}, {"term": "control", "negation": "affirmed", "UMLS": "", "start": 174, "end": 181}], "Outcome": [{"term": "median time from onset of symptoms to SARS-CoV-2 turning negative", "negation": "affirmed", "UMLS": "", "start": 4, "end": 69}]}, "Evidence Propositions": [{"Intervention": "umifenovir", "Observation": "18 days", "Outcome": "median time from onset of symptoms to SARS-CoV-2 turning negative", "Count": ""}, {"Intervention": "control", "Observation": "16 days", "Outcome": "median time from onset of symptoms to SARS-CoV-2 turning negative", "Count": ""}]}, {"Section": "RESULTS", "Text": "Patients in the umifenovir group had a longer hospital stay than patients in the control group ( 13 days (IQR 9-17) vs 11 days (IQR 9-14) , p 0.04 ) .", "Evidence Elements": {"Participant": [], "Intervention": [{"term": "umifenovir", "negation": "affirmed", "UMLS": "", "start": 16, "end": 26}, {"term": "control", "negation": "affirmed", "UMLS": "", "start": 81, "end": 88}], "Outcome": [{"term": "hospital stay", "negation": "affirmed", "UMLS": "", "start": 46, "end": 59}]}, "Evidence Propositions": [{"Intervention": [], "Observation": "longer", "Outcome": "", "Count": ""}]}, {"Section": "RESULTS", "Text": "No deaths or severe adverse reactions were found in both groups .", "Evidence Elements": {"Participant": [], "Intervention": [{"term": "both groups", "negation": "negated", "UMLS": "", "start": 52, "end": 63}], "Outcome": [{"term": "deaths", "negation": "negated", "UMLS": "", "start": 3, "end": 9}, {"term": "severe adverse reactions", "negation": "negated", "UMLS": "", "start": 13, "end": 37}]}, "Evidence Propositions": []}, {"Section": "CONCLUSIONS", "Text": "Umifenovir might not improve the prognosis or accelerate SARS-CoV-2 clearance in non-ICU patients .", "Evidence Elements": {"Participant": [{"term": "non-ICU", "negation": "negated", "UMLS": "", "start": 81, "end": 88}], "Intervention": [{"term": "Umifenovir", "negation": "affirmed", "UMLS": "", "start": 0, "end": 10}], "Outcome": [{"term": "prognosis", "negation": "negated", "UMLS": "", "start": 33, "end": 42}, {"term": "SARS-CoV-2 clearance", "negation": "negated", "UMLS": "", "start": 57, "end": 77}]}, "Evidence Propositions": [{"Intervention": "Umifenovir", "Observation": "improve", "Outcome": "prognosis", "Count": ""}]}, {"Section": "CONCLUSIONS", "Text": "A randomized control clinical trial is needed to assess the efficacy of umifenovir .", "Evidence Elements": {"Participant": [], "Intervention": [], "Outcome": []}, "Evidence Propositions": []}]}