{"doc_id": "32348692", "type of study": "Therapy", "title": "", "abstract": "Rationale: Coronavirus disease (COVID-19) is caused by severe acute respiratory syndrome coronavirus 2 (SARS-CoV-2).\nACE2 (angiotensin-converting enzyme 2), and TMPRSS2 (transmembrane protease serine 2) mediate viral infection of host cells.\nWe reasoned that differences in ACE2 or TMPRSS2 gene expression in sputum cells among patients with asthma may identify subgroups at risk for COVID-19 morbidity.\nObjectives: To determine the relationship between demographic features and sputum ACE2 and TMPRSS2 gene expression in asthma.\nMethods: We analyzed gene expression for ACE2 and TMPRSS2, and for ICAM-1 (intercellular adhesion molecule 1) (rhinovirus receptor as a comparator) in sputum cells from 330 participants in SARP-3 (Severe Asthma Research Program-3) and 79 healthy control subjects.\nMeasurements and Main Results: Gene expression of ACE2 was lower than TMPRSS2, and expression levels of both genes were similar in asthma and health.\nAmong patients with asthma, male sex, African American race, and history of diabetes mellitus were associated with higher expression of ACE2 and TMPRSS2.\nUse of inhaled corticosteroids (ICS) was associated with lower expression of ACE2 and TMPRSS2, but treatment with triamcinolone acetonide did not decrease expression of either gene.\nThese findings differed from those for ICAM-1, where gene expression was increased in asthma and less consistent differences were observed related to sex, race, and use of ICS.\nConclusions: Higher expression of ACE2 and TMPRSS2 in males, African Americans, and patients with diabetes mellitus provides rationale for monitoring these asthma subgroups for poor COVID-19 outcomes.\nThe lower expression of ACE2 and TMPRSS2 with ICS use warrants prospective study of ICS use as a predictor of decreased susceptibility to SARS-CoV-2 infection and decreased COVID-19 morbidity.\n", "Evidence Map": {"Enrollment": [{"term": "asthma", "negation": "affirmed", "UMLS": "", "start": 100, "end": 106}, {"term": "risk for COVID-19 morbidity", "negation": "affirmed", "UMLS": "", "start": 133, "end": 160}, {"term": "SARP-3", "negation": "affirmed", "UMLS": "", "start": 195, "end": 201}, {"term": "asthma", "negation": "affirmed", "UMLS": "", "start": 20, "end": 26}, {"term": "male", "negation": "affirmed", "UMLS": "", "start": 29, "end": 33}, {"term": "African American", "negation": "affirmed", "UMLS": "", "start": 40, "end": 56}, {"term": "history of diabetes mellitus", "negation": "affirmed", "UMLS": "", "start": 68, "end": 96}, {"term": "asthma", "negation": "affirmed", "UMLS": "", "start": 87, "end": 93}, {"term": "males", "negation": "affirmed", "UMLS": "", "start": 55, "end": 60}, {"term": "African Americans", "negation": "affirmed", "UMLS": "", "start": 63, "end": 80}, {"term": "diabetes mellitus", "negation": "affirmed", "UMLS": "", "start": 101, "end": 118}, {"term": "asthma", "negation": "affirmed", "UMLS": "", "start": 159, "end": 165}], "Comparison Results": [], "Study Arm 1 Results": [], "Study Arm 2 Results": []}, "Sentence-level breakdown": [{"Section": "TITLE", "Text": "Rationale : Coronavirus disease ( COVID-19 ) is caused by severe acute respiratory syndrome coronavirus 2 ( SARS-CoV-2 ) .", "Evidence Elements": {"Participant": [], "Intervention": [], "Outcome": []}, "Evidence Propositions": []}, {"Section": "OBJECTIVE", "Text": "Objectives : To determine the relationship between demographic features and sputum ACE2 and TMPRSS2 gene expression in asthma .", "Evidence Elements": {"Participant": [], "Intervention": [], "Outcome": [{"term": "demographic features and sputum ACE2 and TMPRSS2 gene expression", "negation": "affirmed", "UMLS": "", "start": 51, "end": 115}]}, "Evidence Propositions": []}, {"Section": "METHODS", "Text": "Methods : We analyzed gene expression for ACE2 and TMPRSS2 , and for ICAM-1 ( intercellular adhesion molecule 1 ) ( rhinovirus receptor as a comparator ) in sputum cells from 330 participants in SARP-3 ( Severe Asthma Research Program-3 ) and 79 healthy control subjects .", "Evidence Elements": {"Participant": [{"term": "SARP-3", "negation": "affirmed", "UMLS": "", "start": 195, "end": 201}], "Intervention": [], "Outcome": [{"term": "gene expression for ACE2 and TMPRSS2", "negation": "affirmed", "UMLS": "", "start": 22, "end": 58}, {"term": "ICAM-1 ( intercellular adhesion molecule 1 )", "negation": "affirmed", "UMLS": "", "start": 69, "end": 113}]}, "Evidence Propositions": []}, {"Section": "RESULTS", "Text": "Measurements and Main Results : Gene expression of ACE2 was lower than TMPRSS2 , and expression levels of both genes were similar in asthma and health .", "Evidence Elements": {"Participant": [], "Intervention": [{"term": "TMPRSS2", "negation": "affirmed", "UMLS": "", "start": 71, "end": 78}, {"term": "asthma", "negation": "affirmed", "UMLS": "", "start": 133, "end": 139}], "Outcome": [{"term": "Gene expression of ACE2", "negation": "affirmed", "UMLS": "", "start": 32, "end": 55}, {"term": "expression levels of both genes", "negation": "affirmed", "UMLS": "", "start": 85, "end": 116}]}, "Evidence Propositions": [{"Intervention": ["TMPRSS2"], "Observation": "lower", "Outcome": "Gene expression of ACE2", "Count": ""}, {"Intervention": ["asthma"], "Observation": "similar", "Outcome": "expression levels of both genes", "Count": ""}]}, {"Section": "RESULTS", "Text": "Among patients with asthma , male sex , African American race , and history of diabetes mellitus were associated with higher expression of ACE2 and TMPRSS2 .", "Evidence Elements": {"Participant": [{"term": "asthma", "negation": "affirmed", "UMLS": "", "start": 20, "end": 26}, {"term": "male", "negation": "affirmed", "UMLS": "", "start": 29, "end": 33}, {"term": "African American", "negation": "affirmed", "UMLS": "", "start": 40, "end": 56}, {"term": "history of diabetes mellitus", "negation": "affirmed", "UMLS": "", "start": 68, "end": 96}], "Intervention": [], "Outcome": [{"term": "expression of", "negation": "affirmed", "UMLS": "", "start": 125, "end": 138}]}, "Evidence Propositions": []}, {"Section": "RESULTS", "Text": "Use of inhaled corticosteroids ( ICS ) was associated with lower expression of ACE2 and TMPRSS2 , but treatment with triamcinolone acetonide did not decrease expression of either gene .", "Evidence Elements": {"Participant": [], "Intervention": [{"term": "inhaled corticosteroids ( ICS )", "negation": "affirmed", "UMLS": "", "start": 7, "end": 38}, {"term": "triamcinolone acetonide", "negation": "affirmed", "UMLS": "", "start": 117, "end": 140}], "Outcome": [{"term": "expression of ACE2 and TMPRSS2", "negation": "affirmed", "UMLS": "", "start": 65, "end": 95}, {"term": "expression", "negation": "negated", "UMLS": "", "start": 65, "end": 75}]}, "Evidence Propositions": []}, {"Section": "RESULTS", "Text": "These findings differed from those for ICAM-1 , where gene expression was increased in asthma and less consistent differences were observed related to sex , race , and use of ICS .", "Evidence Elements": {"Participant": [{"term": "asthma", "negation": "affirmed", "UMLS": "", "start": 87, "end": 93}], "Intervention": [{"term": "ICAM-1", "negation": "affirmed", "UMLS": "", "start": 39, "end": 45}], "Outcome": [{"term": "gene expression", "negation": "affirmed", "UMLS": "", "start": 54, "end": 69}]}, "Evidence Propositions": []}, {"Section": "CONCLUSIONS", "Text": "Conclusions : Higher expression of ACE2 and TMPRSS2 in males , African Americans , and patients with diabetes mellitus provides rationale for monitoring these asthma subgroups for poor COVID-19 outcomes .", "Evidence Elements": {"Participant": [{"term": "males", "negation": "affirmed", "UMLS": "", "start": 55, "end": 60}, {"term": "African Americans", "negation": "affirmed", "UMLS": "", "start": 63, "end": 80}, {"term": "diabetes mellitus", "negation": "affirmed", "UMLS": "", "start": 101, "end": 118}, {"term": "asthma", "negation": "affirmed", "UMLS": "", "start": 159, "end": 165}], "Intervention": [], "Outcome": [{"term": "expression of ACE2 and TMPRSS2", "negation": "affirmed", "UMLS": "", "start": 21, "end": 51}]}, "Evidence Propositions": []}, {"Section": "CONCLUSIONS", "Text": "The lower expression of ACE2 and TMPRSS2 with ICS use warrants prospective study of ICS use as a predictor of decreased susceptibility to SARS-CoV-2 infection and decreased COVID-19 morbidity .", "Evidence Elements": {"Participant": [], "Intervention": [{"term": "ICS", "negation": "affirmed", "UMLS": "", "start": 46, "end": 49}], "Outcome": [{"term": "expression of ACE2 and TMPRSS2", "negation": "affirmed", "UMLS": "", "start": 10, "end": 40}, {"term": "susceptibility to SARS-CoV-2 infection", "negation": "affirmed", "UMLS": "", "start": 120, "end": 158}, {"term": "COVID-19 morbidity", "negation": "affirmed", "UMLS": "", "start": 173, "end": 191}]}, "Evidence Propositions": []}]}