{"doc_id": "32342252", "type of study": "Therapy", "title": "", "abstract": "In a preliminary clinical study, we observed that the combination of hydroxychloroquine and azithromycin was effective against SARS-CoV-2 by shortening the duration of viral load in Covid-19 patients.\nIt is of paramount importance to define when a treated patient can be considered as no longer contagious.\nCorrelation between successful isolation of virus in cell culture and Ct value of quantitative RT-PCR targeting E gene suggests that patients with Ct above 33-34 using our RT-PCR system are not contagious and thus can be discharged from hospital care or strict confinement for non-hospitalized patients.\n", "Evidence Map": {"Enrollment": [{"term": "SARS-CoV-2", "negation": "affirmed", "UMLS": "", "start": 128, "end": 138}, {"term": "Covid-19", "negation": "affirmed", "UMLS": "", "start": 183, "end": 191}, {"term": "Ct above 33-34", "negation": "affirmed", "UMLS": "", "start": 147, "end": 161}, {"term": "non-hospitalized", "negation": "negated", "UMLS": "", "start": 277, "end": 293}], "Comparison Results": [], "Study Arm 1 Results": [], "Study Arm 2 Results": []}, "Sentence-level breakdown": [{"Section": "TITLE", "Text": "In a preliminary clinical study , we observed that the combination of hydroxychloroquine and azithromycin was effective against SARS-CoV-2 by shortening the duration of viral load in Covid-19 patients .", "Evidence Elements": {"Participant": [{"term": "SARS-CoV-2", "negation": "affirmed", "UMLS": "", "start": 128, "end": 138}, {"term": "Covid-19", "negation": "affirmed", "UMLS": "", "start": 183, "end": 191}], "Intervention": [{"term": "combination of hydroxychloroquine and azithromycin", "negation": "affirmed", "UMLS": "", "start": 55, "end": 105}], "Outcome": [{"term": "duration of viral load", "negation": "affirmed", "UMLS": "", "start": 157, "end": 179}]}, "Evidence Propositions": [{"Intervention": "combination of hydroxychloroquine and azithromycin", "Observation": "shortening", "Outcome": "duration of viral load", "Count": ""}]}, {"Section": "CONCLUSIONS", "Text": "It is of paramount importance to define when a treated patient can be considered as no longer contagious .", "Evidence Elements": {"Participant": [], "Intervention": [], "Outcome": []}, "Evidence Propositions": []}, {"Section": "CONCLUSIONS", "Text": "Correlation between successful isolation of virus in cell culture and Ct value of quantitative RT-PCR targeting E gene suggests that patients with Ct above 33-34 using our RT-PCR system are not contagious and thus can be discharged from hospital care or strict confinement for non-hospitalized patients .", "Evidence Elements": {"Participant": [{"term": "Ct above 33-34", "negation": "affirmed", "UMLS": "", "start": 147, "end": 161}, {"term": "non-hospitalized", "negation": "negated", "UMLS": "", "start": 277, "end": 293}], "Intervention": [{"term": "strict confinement", "negation": "negated", "UMLS": "", "start": 254, "end": 272}], "Outcome": [{"term": "successful isolation of virus in cell culture", "negation": "affirmed", "UMLS": "", "start": 20, "end": 65}, {"term": "Ct value", "negation": "affirmed", "UMLS": "", "start": 70, "end": 78}, {"term": "contagious", "negation": "negated", "UMLS": "", "start": 194, "end": 204}, {"term": "discharged", "negation": "negated", "UMLS": "", "start": 221, "end": 231}, {"term": "care", "negation": "negated", "UMLS": "", "start": 246, "end": 250}]}, "Evidence Propositions": []}]}