{"doc_id": "32340562", "type of study": "Therapy", "title": "", "abstract": "The main protease of SARS-CoV-2 is one of the important targets to design and develop antiviral drugs.\nIn this study, we have selected 40 antiviral phytochemicals to find out the best candidates which can act as potent inhibitors against the main protease.\nMolecular docking is performed using AutoDock Vina and GOLD suite to determine the binding affinities and interactions between the phytochemicals and the main protease.\nThe selected candidates strongly interact with the key Cys145 and His41 residues.\nTo validate the docking interactions, 100 ns molecular dynamics (MD) simulations on the five top-ranked inhibitors including hypericin, cyanidin 3-glucoside, baicalin, glabridin, and alpha-ketoamide-11r are performed.\nPrincipal component analysis (PCA) on the MD simulation discloses that baicalin, cyanidin 3-glucoside, and alpha-ketoamide-11r have structural similarity with the apo-form of the main protease.\nThese findings are also strongly supported by root-mean-square deviation (RMSD), root-mean-square fluctuation (RMSF), radius of gyration (Rg), and solvent accessible surface area (SASA) investigations.\nPCA is also used to find out the quantitative structure-activity relationship (QSAR) for pattern recognition of the best ligands.\nMultiple linear regression (MLR) of QSAR reveals the R2 value of 0.842 for the training set and 0.753 for the test set.\nOur proposed MLR model can predict the favorable binding energy compared with the binding energy detected from molecular docking.\nADMET analysis demonstrates that these candidates appear to be safer inhibitors.\nOur comprehensive computational and statistical analysis show that these selected phytochemicals can be used as potential inhibitors against the SARS-CoV-2.\nCommunicated by Ramaswamy H. Sarma\n", "Evidence Map": {"Enrollment": [], "Comparison Results": [], "Study Arm 1 Results": [], "Study Arm 2 Results": []}, "Sentence-level breakdown": [{"Section": "TITLE", "Text": "The main protease of SARS-CoV-2 is one of the important targets to design and develop antiviral drugs .", "Evidence Elements": {"Participant": [], "Intervention": [], "Outcome": []}, "Evidence Propositions": []}, {"Section": "RESULTS", "Text": "In this study , we have selected 40 antiviral phytochemicals to find out the best candidates which can act as potent inhibitors against the main protease .", "Evidence Elements": {"Participant": [], "Intervention": [], "Outcome": []}, "Evidence Propositions": []}, {"Section": "RESULTS", "Text": "Molecular docking is performed using AutoDock Vina and GOLD suite to determine the binding affinities and interactions between the phytochemicals and the main protease .", "Evidence Elements": {"Participant": [], "Intervention": [], "Outcome": [{"term": "binding affinities", "negation": "affirmed", "UMLS": "", "start": 83, "end": 101}, {"term": "interactions between the phytochemicals and the main protease", "negation": "affirmed", "UMLS": "", "start": 106, "end": 167}]}, "Evidence Propositions": []}, {"Section": "RESULTS", "Text": "The selected candidates strongly interact with the key Cys ##145 and His41 residues .", "Evidence Elements": {"Participant": [], "Intervention": [], "Outcome": []}, "Evidence Propositions": []}, {"Section": "RESULTS", "Text": "To validate the docking interactions , 100 ns molecular dynamics ( MD ) simulations on the five top-ranked inhibitors including hypericin , cyanidin 3-glucoside , baicalin , glabridin , and alpha-ketoamide-11r are performed .", "Evidence Elements": {"Participant": [], "Intervention": [{"term": "hypericin", "negation": "affirmed", "UMLS": "", "start": 128, "end": 137}, {"term": "cyanidin", "negation": "affirmed", "UMLS": "", "start": 140, "end": 148}, {"term": "baicalin", "negation": "affirmed", "UMLS": "", "start": 163, "end": 171}], "Outcome": [{"term": "docking interactions", "negation": "affirmed", "UMLS": "", "start": 16, "end": 36}]}, "Evidence Propositions": []}, {"Section": "RESULTS", "Text": "Principal component analysis ( PCA ) on the MD simulation discloses that baicalin , cyanidin 3-glucoside , and alpha-ketoamide-11r have structural similarity with the apo-form of the main protease .", "Evidence Elements": {"Participant": [], "Intervention": [{"term": "baicalin", "negation": "affirmed", "UMLS": "", "start": 73, "end": 81}, {"term": "cyanidin 3-glucoside", "negation": "affirmed", "UMLS": "", "start": 84, "end": 104}, {"term": "alpha-ketoamide-11r", "negation": "affirmed", "UMLS": "", "start": 111, "end": 130}], "Outcome": [{"term": "structural similarity", "negation": "affirmed", "UMLS": "", "start": 136, "end": 157}]}, "Evidence Propositions": []}, {"Section": "RESULTS", "Text": "These findings are also strongly supported by root-mean-square deviation ( RMSD ) , root-mean-square fluctuation ( RMSF ) , radius of gyration ( Rg ) , and solvent accessible surface area ( SASA ) investigations .", "Evidence Elements": {"Participant": [], "Intervention": [], "Outcome": [{"term": "root-mean-square deviation ( RMSD )", "negation": "affirmed", "UMLS": "", "start": 46, "end": 81}, {"term": "root-mean-square fluctuation ( RMSF )", "negation": "affirmed", "UMLS": "", "start": 84, "end": 121}, {"term": "radius of gyration ( Rg", "negation": "affirmed", "UMLS": "", "start": 124, "end": 147}]}, "Evidence Propositions": []}, {"Section": "RESULTS", "Text": "PCA is also used to find out the quantitative structure-activity relationship ( QSAR ) for pattern recognition of the best ligands .", "Evidence Elements": {"Participant": [], "Intervention": [], "Outcome": [{"term": "quantitative structure-activity relationship ( QSAR )", "negation": "affirmed", "UMLS": "", "start": 33, "end": 86}, {"term": "pattern recognition", "negation": "affirmed", "UMLS": "", "start": 91, "end": 110}]}, "Evidence Propositions": []}, {"Section": "RESULTS", "Text": "Multiple linear regression ( MLR ) of QSAR reveals the R2 value of 0.842 for the training set and 0.753 for the test set .", "Evidence Elements": {"Participant": [], "Intervention": [{"term": "training", "negation": "affirmed", "UMLS": "", "start": 81, "end": 89}], "Outcome": [{"term": "R2 value", "negation": "affirmed", "UMLS": "", "start": 55, "end": 63}]}, "Evidence Propositions": [{"Intervention": "training", "Observation": "0.842", "Outcome": "R2 value", "Count": ""}]}, {"Section": "RESULTS", "Text": "Our proposed MLR model can predict the favorable binding energy compared with the binding energy detected from molecular docking .", "Evidence Elements": {"Participant": [], "Intervention": [], "Outcome": [{"term": "binding energy", "negation": "affirmed", "UMLS": "", "start": 49, "end": 63}, {"term": "binding energy", "negation": "affirmed", "UMLS": "", "start": 49, "end": 63}]}, "Evidence Propositions": []}, {"Section": "RESULTS", "Text": "ADMET analysis demonstrates that these candidates appear to be safer inhibitors .", "Evidence Elements": {"Participant": [], "Intervention": [], "Outcome": [{"term": "inhibitors", "negation": "affirmed", "UMLS": "", "start": 69, "end": 79}]}, "Evidence Propositions": []}, {"Section": "RESULTS", "Text": "Our comprehensive computational and statistical analysis show that these selected phytochemicals can be used as potential inhibitors against the SARS-CoV-2 .", "Evidence Elements": {"Participant": [], "Intervention": [], "Outcome": []}, "Evidence Propositions": []}, {"Section": "CONCLUSIONS", "Text": "Communicated by Ramaswamy H. Sarma", "Evidence Elements": {"Participant": [], "Intervention": [], "Outcome": []}, "Evidence Propositions": []}]}