{"doc_id": "32345328", "type of study": "Therapy", "title": "", "abstract": "Recent studies have reported that COVID-19 patients with lung cancer have a higher risk of severe events than patients without cancer.\nIn this study, we investigated the gene expression of angiotensin I-converting enzyme 2 (ACE2) and transmembrane serine protease 2 (TMPRSS2) with prognosis in lung adenocarcinoma (LUAD) and lung squamous cell carcinoma (LUSC).\nLung cancer patients in each age stage, subtype, and pathological stage are susceptible to SARS-CoV-2 infection, except for the primitive subtype of LUSC.\nLUAD patients are more susceptible to SARS-CoV-2 infection than LUSC patients.\nThe findings are unanimous on tissue expression in gene and protein levels.\n", "Evidence Map": {"Enrollment": [{"term": "lung adenocarcinoma ( LUAD", "negation": "affirmed", "UMLS": "", "start": 164, "end": 190}, {"term": "Lung cancer", "negation": "affirmed", "UMLS": "", "start": 0, "end": 11}], "Comparison Results": [], "Study Arm 1 Results": [], "Study Arm 2 Results": []}, "Sentence-level breakdown": [{"Section": "TITLE", "Text": "Recent studies have reported that COVID-19 patients with lung cancer have a higher risk of severe events than patients without cancer .", "Evidence Elements": {"Participant": [], "Intervention": [], "Outcome": []}, "Evidence Propositions": []}, {"Section": "RESULTS", "Text": "In this study , we investigated the gene expression of angiotensin I-converting enzyme 2 ( ACE2 ) and transmembrane serine protease 2 ( TMPRSS2 ) with prognosis in lung adenocarcinoma ( LUAD ) and lung squamous cell carcinoma ( LUSC ) .", "Evidence Elements": {"Participant": [{"term": "lung adenocarcinoma ( LUAD", "negation": "affirmed", "UMLS": "", "start": 164, "end": 190}], "Intervention": [], "Outcome": [{"term": "gene expression of angiotensin I-converting enzyme 2 ( ACE2 ) and transmembrane serine protease 2 ( TMPRSS2 )", "negation": "affirmed", "UMLS": "", "start": 36, "end": 145}, {"term": "prognosis", "negation": "affirmed", "UMLS": "", "start": 151, "end": 160}]}, "Evidence Propositions": []}, {"Section": "RESULTS", "Text": "Lung cancer patients in each age stage , subtype , and pathological stage are susceptible to SARS-CoV-2 infection , except for the primitive subtype of LUSC .", "Evidence Elements": {"Participant": [{"term": "Lung cancer", "negation": "affirmed", "UMLS": "", "start": 0, "end": 11}], "Intervention": [], "Outcome": [{"term": "SARS-CoV-2 infection", "negation": "affirmed", "UMLS": "", "start": 93, "end": 113}]}, "Evidence Propositions": []}, {"Section": "RESULTS", "Text": "LUAD patients are more susceptible to SARS-CoV-2 infection than LUSC patients .", "Evidence Elements": {"Participant": [], "Intervention": [{"term": "LUAD", "negation": "affirmed", "UMLS": "", "start": 0, "end": 4}, {"term": "LUSC", "negation": "affirmed", "UMLS": "", "start": 64, "end": 68}], "Outcome": [{"term": "SARS-CoV-2 infection", "negation": "affirmed", "UMLS": "", "start": 38, "end": 58}]}, "Evidence Propositions": [{"Intervention": ["LUAD", "LUSC"], "Observation": "more susceptible", "Outcome": "SARS-CoV-2 infection", "Count": ""}]}, {"Section": "CONCLUSIONS", "Text": "The findings are unanimous on tissue expression in gene and protein levels .", "Evidence Elements": {"Participant": [], "Intervention": [], "Outcome": [{"term": "tissue expression in gene and protein levels", "negation": "affirmed", "UMLS": "", "start": 30, "end": 74}]}, "Evidence Propositions": []}]}