{"doc_id": "32346790", "type of study": "Therapy", "title": "", "abstract": "In the vast majority of the laboratory-confirmed coronavirus disease 2019 (COVID-19) patients, computed tomography (CT) examinations yield a typical pattern and the sensitivity of this modality has been reported to be 97% in a large-scale study.\nStructured reporting systems simplify the interpretation and reporting of imaging examinations, serve as a framework for consistent generation of recommendations, and improve the quality of patient care.\nTo compose a comprehensive lexicon for description of the imaging findings and propose a grading system and structured reporting format for CT findings in COVID-19.\nWe updated our published systematic review on imaging findings in COVID-19 to include 37 published studies pertaining to diagnostic features of COVID-19 in chest CT.\nUsing the reported imaging findings of 3647 patients, we summarized the typical chest CT findings, atypical features, and temporal changes of COVID-19 in chest CT.\nSubsequently, we extracted a list of descriptive terms and mapped it to the terminology that is commonly used in imaging literature.\nWe composed a comprehensive lexicon that can be used for documentation and reporting of typical and atypical CT imaging findings in COVID-19 patients.\nUsing the same data, we propose a grading system with five COVID-RADS categories.\nEach COVID-RADS grade corresponds to a low, moderate, or high level of suspicion for pulmonary involvement of COVID-19.\nThe proposed COVID-RADS and common lexicon would improve the communication of findings to other healthcare providers, thus facilitating the diagnosis and management of COVID-19 patients.\nChest CT has high sensitivity in diagnosing the coronavirus disease 2019 (COVID-19).\nStructured reporting systems simplify the interpretation and reporting of imaging examinations, serve as a framework for consistent generation of recommendations, and improve the quality of patient care.   The proposed COVID-RADS and common lexicon would improve the communication of findings to other healthcare providers, thus facilitating the diagnosis and management of COVID-19 patients.\n", "Evidence Map": {"Enrollment": [{"term": "COVID-19", "negation": "affirmed", "UMLS": "", "start": 155, "end": 163}, {"term": "COVID-19", "negation": "affirmed", "UMLS": "", "start": 66, "end": 74}, {"term": "COVID-19", "negation": "affirmed", "UMLS": "", "start": 66, "end": 74}, {"term": "chest CT", "negation": "affirmed", "UMLS": "", "start": 156, "end": 164}, {"term": "COVID-19", "negation": "affirmed", "UMLS": "", "start": 132, "end": 140}, {"term": "COVID-19", "negation": "affirmed", "UMLS": "", "start": 169, "end": 177}], "Comparison Results": [], "Study Arm 1 Results": [], "Study Arm 2 Results": []}, "Sentence-level breakdown": [{"Section": "TITLE", "Text": "In the vast majority of the laboratory-confirmed coronavirus disease 2019 ( COVID-19 ) patients , computed tomography ( CT ) examinations yield a typical pattern and the sensitivity of this modality has been reported to be 97 % in a large-scale study .", "Evidence Elements": {"Participant": [], "Intervention": [], "Outcome": []}, "Evidence Propositions": []}, {"Section": "OBJECTIVE", "Text": "To compose a comprehensive lexicon for description of the imaging findings and propose a grading system and structured reporting format for CT findings in COVID-19 .", "Evidence Elements": {"Participant": [{"term": "COVID-19", "negation": "affirmed", "UMLS": "", "start": 155, "end": 163}], "Intervention": [], "Outcome": [{"term": "grading system", "negation": "affirmed", "UMLS": "", "start": 89, "end": 103}]}, "Evidence Propositions": []}, {"Section": "METHODS", "Text": "We updated our published systematic review on imaging findings in COVID-19 to include 37 published studies pertaining to diagnostic features of COVID-19 in chest CT .", "Evidence Elements": {"Participant": [{"term": "COVID-19", "negation": "affirmed", "UMLS": "", "start": 66, "end": 74}, {"term": "COVID-19", "negation": "affirmed", "UMLS": "", "start": 66, "end": 74}, {"term": "chest CT", "negation": "affirmed", "UMLS": "", "start": 156, "end": 164}], "Intervention": [], "Outcome": [{"term": "diagnostic features", "negation": "affirmed", "UMLS": "", "start": 121, "end": 140}]}, "Evidence Propositions": []}, {"Section": "METHODS", "Text": "Using the reported imaging findings of 3647 patients , we summarized the typical chest CT findings , atypical features , and temporal changes of COVID-19 in chest CT .", "Evidence Elements": {"Participant": [], "Intervention": [], "Outcome": [{"term": "typical chest CT findings", "negation": "affirmed", "UMLS": "", "start": 73, "end": 98}, {"term": "atypical features", "negation": "affirmed", "UMLS": "", "start": 101, "end": 118}, {"term": "temporal changes of COVID-19", "negation": "affirmed", "UMLS": "", "start": 125, "end": 153}]}, "Evidence Propositions": []}, {"Section": "METHODS", "Text": "Subsequently , we extracted a list of descriptive terms and mapped it to the terminology that is commonly used in imaging literature .", "Evidence Elements": {"Participant": [], "Intervention": [], "Outcome": []}, "Evidence Propositions": []}, {"Section": "METHODS", "Text": "We composed a comprehensive lexicon that can be used for documentation and reporting of typical and atypical CT imaging findings in COVID-19 patients .", "Evidence Elements": {"Participant": [{"term": "COVID-19", "negation": "affirmed", "UMLS": "", "start": 132, "end": 140}], "Intervention": [], "Outcome": []}, "Evidence Propositions": []}, {"Section": "METHODS", "Text": "Using the same data , we propose a grading system with five COVID-RADS categories .", "Evidence Elements": {"Participant": [], "Intervention": [{"term": "grading system with five COVID-RADS", "negation": "affirmed", "UMLS": "", "start": 35, "end": 70}], "Outcome": []}, "Evidence Propositions": []}, {"Section": "RESULTS", "Text": "Each COVID-RADS grade corresponds to a low , moderate , or high level of suspicion for pulmonary involvement of COVID-19 .", "Evidence Elements": {"Participant": [], "Intervention": [], "Outcome": []}, "Evidence Propositions": []}, {"Section": "RESULTS", "Text": "The proposed COVID-RADS and common lexicon would improve the communication of findings to other healthcare providers , thus facilitating the diagnosis and management of COVID-19 patients .", "Evidence Elements": {"Participant": [{"term": "COVID-19", "negation": "affirmed", "UMLS": "", "start": 169, "end": 177}], "Intervention": [{"term": "COVID-RADS", "negation": "affirmed", "UMLS": "", "start": 13, "end": 23}, {"term": "common lexicon", "negation": "affirmed", "UMLS": "", "start": 28, "end": 42}], "Outcome": [{"term": "communication of", "negation": "affirmed", "UMLS": "", "start": 61, "end": 77}, {"term": "diagnosis", "negation": "affirmed", "UMLS": "", "start": 141, "end": 150}, {"term": "management", "negation": "affirmed", "UMLS": "", "start": 155, "end": 165}]}, "Evidence Propositions": [{"Intervention": "COVID-RADS", "Observation": "improve", "Outcome": "communication of", "Count": ""}, {"Intervention": "common lexicon", "Observation": "improve", "Outcome": "communication of", "Count": ""}, {"Intervention": "COVID-RADS", "Observation": "facilitating", "Outcome": "diagnosis", "Count": ""}, {"Intervention": "COVID-RADS", "Observation": "facilitating", "Outcome": "management", "Count": ""}, {"Intervention": "common lexicon", "Observation": "facilitating", "Outcome": "diagnosis", "Count": ""}, {"Intervention": "common lexicon", "Observation": "facilitating", "Outcome": "management", "Count": ""}]}, {"Section": "CONCLUSIONS", "Text": "Chest CT has high sensitivity in diagnosing the coronavirus disease 2019 ( COVID-19 ) .", "Evidence Elements": {"Participant": [], "Intervention": [], "Outcome": []}, "Evidence Propositions": []}, {"Section": "CONCLUSIONS", "Text": "Structured reporting systems simplify the interpretation and reporting of imaging examinations , serve as a framework for consistent generation of recommendations , and improve the quality of patient care . The proposed COVID-RADS and common lexicon would improve the communication of findings to other healthcare providers , thus facilitating the diagnosis and management of COVID-19 patients .", "Evidence Elements": {"Participant": [], "Intervention": [], "Outcome": []}, "Evidence Propositions": []}]}