{"doc_id": "32343415", "type of study": "Therapy", "title": "", "abstract": "Severe acute respiratory syndrome coronavirus 2 (SARS-CoV-2) infection causing coronavirus disease 2019 (COVID-19) has spread worldwide.\nWhether antibodies are important for the adaptive immune responses against SARS-CoV-2 infection needs to be determined.\nHere, 26 cases of COVID-19 in Jinan, China, were examined and shown to be mild or with common clinical symptoms, and no case of severe symptoms was found among these patients.\nStrikingly, a subset of these patients had SARS-CoV-2 and virus-specific IgG coexist for an unexpectedly long time, with two cases for up to 50 days.\nOne COVID-19 patient who did not produce any SARS-CoV-2-bound IgG successfully cleared SARS-CoV-2 after 46 days of illness, revealing that without antibody-mediated adaptive immunity, innate immunity alone may still be powerful enough to eliminate SARS-CoV-2.\nThis report may provide a basis for further analysis of both innate and adaptive immunity in SARS-CoV-2 clearance, especially in nonsevere cases.\nSARS-CoV-2 could exist in patients who have virus-specific IgG for an unexpectedly long time (36-50 days).\nOne COVID-19 patient who did not produce any SARS-CoV-2-specific IgG successfully cleared SARS-CoV-2 after 46 days of illness.\nInnate immunity might be powerful enough to eliminate SARS-CoV-2.\n", "Evidence Map": {"Enrollment": [{"term": "COVID-19", "negation": "affirmed", "UMLS": "", "start": 19, "end": 27}], "Comparison Results": [], "Study Arm 1 Results": [], "Study Arm 2 Results": []}, "Sentence-level breakdown": [{"Section": "TITLE", "Text": "Severe acute respiratory syndrome coronavirus 2 ( SARS-CoV-2 ) infection causing coronavirus disease 2019 ( COVID-19 ) has spread worldwide .", "Evidence Elements": {"Participant": [], "Intervention": [], "Outcome": []}, "Evidence Propositions": []}, {"Section": "RESULTS", "Text": "Here , 26 cases of COVID-19 in Jinan , China , were examined and shown to be mild or with common clinical symptoms , and no case of severe symptoms was found among these patients .", "Evidence Elements": {"Participant": [{"term": "COVID-19", "negation": "affirmed", "UMLS": "", "start": 19, "end": 27}], "Intervention": [], "Outcome": [{"term": "severe symptoms", "negation": "negated", "UMLS": "", "start": 132, "end": 147}]}, "Evidence Propositions": []}, {"Section": "RESULTS", "Text": "Strikingly , a subset of these patients had SARS-CoV-2 and virus-specific IgG coexist for an unexpectedly long time , with two cases for up to 50 days .", "Evidence Elements": {"Participant": [], "Intervention": [], "Outcome": [{"term": "SARS-CoV-2", "negation": "affirmed", "UMLS": "", "start": 44, "end": 54}, {"term": "virus-specific IgG coexist", "negation": "affirmed", "UMLS": "", "start": 59, "end": 85}]}, "Evidence Propositions": []}, {"Section": "RESULTS", "Text": "One COVID-19 patient who did not produce any SARS-CoV-2-bound IgG successfully cleared SARS-CoV-2 after 46 days of illness , revealing that without antibody-mediated adaptive immunity , innate immunity alone may still be powerful enough to eliminate SARS-CoV-2 .", "Evidence Elements": {"Participant": [], "Intervention": [{"term": "SARS-CoV-2-bound IgG", "negation": "negated", "UMLS": "", "start": 45, "end": 65}, {"term": "immunity", "negation": "negated", "UMLS": "", "start": 175, "end": 183}, {"term": "innate immunity alone", "negation": "negated", "UMLS": "", "start": 186, "end": 207}], "Outcome": [{"term": "cleared SARS-CoV-2", "negation": "negated", "UMLS": "", "start": 79, "end": 97}]}, "Evidence Propositions": [{"Intervention": "SARS-CoV-2-bound IgG", "Observation": "", "Count": "One COVID-19 patient", "Outcome": "cleared SARS-CoV-2"}, {"Intervention": "innate immunity alone", "Observation": "", "Count": "One COVID-19 patient", "Outcome": "cleared SARS-CoV-2"}]}, {"Section": "RESULTS", "Text": "This report may provide a basis for further analysis of both innate and adaptive immunity in SARS-CoV-2 clearance , especially in nonsevere cases .", "Evidence Elements": {"Participant": [], "Intervention": [], "Outcome": []}, "Evidence Propositions": []}, {"Section": "RESULTS", "Text": "SARS-CoV-2 could exist in patients who have virus-specific IgG for an unexpectedly long time ( 36-50 days ) .", "Evidence Elements": {"Participant": [], "Intervention": [], "Outcome": []}, "Evidence Propositions": []}, {"Section": "RESULTS", "Text": "One COVID-19 patient who did not produce any SARS-CoV-2-specific IgG successfully cleared SARS-CoV-2 after 46 days of illness .", "Evidence Elements": {"Participant": [], "Intervention": [{"term": "SARS-CoV-2-specific IgG", "negation": "negated", "UMLS": "", "start": 45, "end": 68}], "Outcome": [{"term": "cleared SARS-CoV-2", "negation": "negated", "UMLS": "", "start": 82, "end": 100}]}, "Evidence Propositions": [{"Intervention": "SARS-CoV-2-specific IgG", "Observation": "", "Count": "One COVID-19 patient", "Outcome": "cleared SARS-CoV-2"}]}, {"Section": "CONCLUSIONS", "Text": "Innate immunity might be powerful enough to eliminate SARS-CoV-2 .", "Evidence Elements": {"Participant": [], "Intervention": [], "Outcome": []}, "Evidence Propositions": []}]}