{"doc_id": "32344226", "type of study": "Therapy", "title": "", "abstract": "COVID-19 was originated from Wuhan city of Hubei Province in China in December 2019.\nSince then it has spread in more than 210 countries and territories.\nIt is a viral disease due to the Severe Acute Respiratory Syndrome Coronavirus 2 (SARS-CoV-2) virus.\nThe patients show flu-like symptoms with a dry cough, sore throat, high fever, and breathing problems.\nThe disease due to SARS-CoV-2 was named as COVID-19.\nAbout 2.2 million people have been infected with more than 0.15 million deaths globally.\nThe United States of America is the most affected country with the highest patients of about 0.7 million.\nDespite great efforts, there is no treatment of this disease.\nHowever, prevention and management are the best options.\nThis article describes SARS-CoV-2, disease, prevention and management, treatment and social impact on society.\nIt was analyzed that a combination of antiviral drugs with hydroxyl-chloroquine and azithromycin (with the consultation of a medical practitioner) may be the best option to treat the patients, depending on the patient's conditions and symptoms.\nHowever, Unani therapy may be useful along with allopathic treatment.\nIt is urgently advised and requested that all the persons should follow the preventive measures, managements and quarantine strictly without any religious discrepancy otherwise the situation may be the worst.\nAlso, there is an urgent requirement to educate our new generation for science and technology to fight against any such disaster in future; if any.\nThere is no need to be panic and proper prevention and management are essential to combat this disease.\nThis article may be useful to create awareness among the public, to prevent, manage and treat COVID-19.\nDetail information on COVID-19.\nAdvanced methods of prevention and management.\nVarious treatment strategies.\nTransmission routs.\nArticle may be useful to prevent, manage and treat COVID-19.\n", "Evidence Map": {"Enrollment": [{"term": "flu-like symptoms", "negation": "affirmed", "UMLS": "", "start": 18, "end": 35}, {"term": "dry cough", "negation": "affirmed", "UMLS": "", "start": 43, "end": 52}, {"term": "sore throat", "negation": "affirmed", "UMLS": "", "start": 55, "end": 66}, {"term": "high fever", "negation": "affirmed", "UMLS": "", "start": 69, "end": 79}, {"term": "COVID-19", "negation": "affirmed", "UMLS": "", "start": 22, "end": 30}], "Comparison Results": [], "Study Arm 1 Results": [], "Study Arm 2 Results": []}, "Sentence-level breakdown": [{"Section": "TITLE", "Text": "COVID-19 was originated from Wuhan city of Hubei Province in China in December 2019 .", "Evidence Elements": {"Participant": [], "Intervention": [], "Outcome": []}, "Evidence Propositions": []}, {"Section": "OBJECTIVE", "Text": "This article describes SARS-CoV-2 , disease , prevention and management , treatment and social impact on society .", "Evidence Elements": {"Participant": [], "Intervention": [{"term": "SARS-CoV-2", "negation": "affirmed", "UMLS": "", "start": 23, "end": 33}], "Outcome": [{"term": "disease", "negation": "affirmed", "UMLS": "", "start": 36, "end": 43}, {"term": "prevention", "negation": "affirmed", "UMLS": "", "start": 46, "end": 56}, {"term": "treatment", "negation": "affirmed", "UMLS": "", "start": 74, "end": 83}, {"term": "social", "negation": "affirmed", "UMLS": "", "start": 88, "end": 94}]}, "Evidence Propositions": []}, {"Section": "OBJECTIVE", "Text": "It was analyzed that a combination of antiviral drugs with hydroxyl-chloroquine and azithromycin ( with the consultation of a medical practitioner ) may be the best option to treat the patients , depending on the patient 's conditions and symptoms .", "Evidence Elements": {"Participant": [], "Intervention": [{"term": "combination of antiviral drugs with hydroxyl-chloroquine and azithromycin", "negation": "affirmed", "UMLS": "", "start": 23, "end": 96}], "Outcome": []}, "Evidence Propositions": [{"Intervention": ["combination of antiviral drugs with hydroxyl-chloroquine and azithromycin"], "Observation": "best", "Outcome": "", "Count": ""}]}, {"Section": "RESULTS", "Text": "However , Unani therapy may be useful along with allopathic treatment .", "Evidence Elements": {"Participant": [], "Intervention": [], "Outcome": []}, "Evidence Propositions": []}, {"Section": "RESULTS", "Text": "It is urgently advised and requested that all the persons should follow the preventive measures , managements and quarantine strictly without any religious discrepancy otherwise the situation may be the worst .", "Evidence Elements": {"Participant": [], "Intervention": [], "Outcome": []}, "Evidence Propositions": []}, {"Section": "RESULTS", "Text": "Also , there is an urgent requirement to educate our new generation for science and technology to fight against any such disaster in future ; if any .", "Evidence Elements": {"Participant": [], "Intervention": [], "Outcome": []}, "Evidence Propositions": []}, {"Section": "RESULTS", "Text": "There is no need to be panic and proper prevention and management are essential to combat this disease .", "Evidence Elements": {"Participant": [], "Intervention": [], "Outcome": []}, "Evidence Propositions": []}, {"Section": "RESULTS", "Text": "This article may be useful to create awareness among the public , to prevent , manage and treat COVID-19 .", "Evidence Elements": {"Participant": [], "Intervention": [], "Outcome": []}, "Evidence Propositions": []}, {"Section": "RESULTS", "Text": "Detail information on COVID-19 .", "Evidence Elements": {"Participant": [{"term": "COVID-19", "negation": "affirmed", "UMLS": "", "start": 22, "end": 30}], "Intervention": [], "Outcome": []}, "Evidence Propositions": []}, {"Section": "RESULTS", "Text": "Advanced methods of prevention and management .", "Evidence Elements": {"Participant": [], "Intervention": [], "Outcome": []}, "Evidence Propositions": []}, {"Section": "RESULTS", "Text": "Various treatment strategies .", "Evidence Elements": {"Participant": [], "Intervention": [], "Outcome": []}, "Evidence Propositions": []}, {"Section": "RESULTS", "Text": "Transmission routs .", "Evidence Elements": {"Participant": [], "Intervention": [], "Outcome": [{"term": "Transmission routs", "negation": "affirmed", "UMLS": "", "start": 0, "end": 18}]}, "Evidence Propositions": []}, {"Section": "CONCLUSIONS", "Text": "Article may be useful to prevent , manage and treat COVID-19 .", "Evidence Elements": {"Participant": [], "Intervention": [], "Outcome": []}, "Evidence Propositions": []}]}