{"doc_id": "32346491", "type of study": "Therapy", "title": "", "abstract": "An outbreak of severe acute respiratory syndrome coronavirus 2 (SARS-CoV-2) infection and its caused coronavirus disease 2019 (COVID-19) have been reported in China since December 2019.\nMore than 16% of patients developed acute respiratory distress syndrome, and the fatality ratio was about 1%-2%.\nNo specific treatment has been reported.\nHerein, we examined the effects of Favipiravir (FPV) versus Lopinavir (LPV)/ritonavir (RTV) for the treatment of COVID-19.\nPatients with laboratory-confirmed COVID-19 who received oral FPV (Day 1: 1600 mg twice daily; Days 2-14: 600 mg twice daily) plus interferon (IFN)-alpha by aerosol inhalation (5 million U twice daily) were included in the FPV arm of this study, whereas patients who were treated with LPV/RTV (Days 1-14: 400 mg/100 mg twice daily) plus IFN-alpha by aerosol inhalation (5 million U twice daily) were included in the control arm.\nChanges in chest computed tomography (CT), viral clearance, and drug safety were compared between the two groups.\nFor the 35 patients enrolled in the FPV arm and the 45 patients in the control arm, all baseline characteristics were comparable between the two arms.\nA shorter viral clearance time was found for the FPV arm versus the control arm (median (interquartile range, IQR), 4 (2.5-9) d versus 11 (8-13) d, P < 0.001).\nThe FPV arm also showed significant improvement in chest imaging compared with the control arm, with an improvement rate of 91.43% versus 62.22% (P = 0.004).\nAfter adjustment for potential confounders, the FPV arm also showed a significantly higher improvement rate in chest imaging.\nMultivariable Cox regression showed that FPV was independently associated with faster viral clearance.\nIn addition, fewer adverse events were found in the FPV arm than in the control arm.\nIn this open-label before-after controlled study, FPV showed better therapeutic responses on COVID-19 in terms of disease progression and viral clearance.\nThese preliminary clinical results provide useful information of treatments for SARS-CoV-2 infection.\n", "Evidence Map": {"Enrollment": [{"term": "acute respiratory distress syndrome", "negation": "affirmed", "UMLS": "", "start": 37, "end": 72}, {"term": "laboratory-confirmed COVID-19", "negation": "affirmed", "UMLS": "", "start": 14, "end": 43}, {"term": "COVID-19", "negation": "affirmed", "UMLS": "", "start": 94, "end": 102}, {"term": "infection", "negation": "affirmed", "UMLS": "", "start": 91, "end": 100}], "Comparison Results": [], "Study Arm 1 Results": [], "Study Arm 2 Results": []}, "Sentence-level breakdown": [{"Section": "TITLE", "Text": "An outbreak of severe acute respiratory syndrome coronavirus 2 ( SARS-CoV-2 ) infection and its caused coronavirus disease 2019 ( COVID-19 ) have been reported in China since December 2019 .", "Evidence Elements": {"Participant": [], "Intervention": [], "Outcome": []}, "Evidence Propositions": []}, {"Section": "OBJECTIVE", "Text": "Herein , we examined the effects of Favipiravir ( FPV ) versus Lopinavir ( LPV ) / ritonavir ( RTV ) for the treatment of COVID-19 .", "Evidence Elements": {"Participant": [], "Intervention": [{"term": "Favipiravir ( FPV )", "negation": "affirmed", "UMLS": "", "start": 36, "end": 55}, {"term": "ritonavir (", "negation": "affirmed", "UMLS": "", "start": 83, "end": 94}], "Outcome": []}, "Evidence Propositions": []}, {"Section": "METHODS", "Text": "Patients with laboratory-confirmed COVID-19 who received oral FPV ( Day 1 : 1600 mg twice daily ; Days 2-14 : 600 mg twice daily ) plus interferon ( IFN ) -alpha by aerosol inhalation ( 5 million U twice daily ) were included in the FPV arm of this study , whereas patients who were treated with LPV / RTV ( Days 1-14 : 400 mg / 100 mg twice daily ) plus IFN-alpha by aerosol inhalation ( 5 million U twice daily ) were included in the control arm .", "Evidence Elements": {"Participant": [{"term": "laboratory-confirmed COVID-19", "negation": "affirmed", "UMLS": "", "start": 14, "end": 43}], "Intervention": [{"term": "oral FPV", "negation": "affirmed", "UMLS": "", "start": 57, "end": 65}, {"term": "plus interferon ( IFN ) -alpha by aerosol inhalation", "negation": "affirmed", "UMLS": "", "start": 131, "end": 183}, {"term": "FPV", "negation": "affirmed", "UMLS": "", "start": 62, "end": 65}, {"term": "RTV", "negation": "affirmed", "UMLS": "", "start": 302, "end": 305}, {"term": "plus IFN-alpha", "negation": "affirmed", "UMLS": "", "start": 350, "end": 364}], "Outcome": []}, "Evidence Propositions": []}, {"Section": "METHODS", "Text": "Changes in chest computed tomography ( CT ) , viral clearance , and drug safety were compared between the two groups .", "Evidence Elements": {"Participant": [], "Intervention": [], "Outcome": [{"term": "chest computed tomography ( CT )", "negation": "affirmed", "UMLS": "", "start": 11, "end": 43}, {"term": "viral clearance", "negation": "affirmed", "UMLS": "", "start": 46, "end": 61}, {"term": "drug safety", "negation": "affirmed", "UMLS": "", "start": 68, "end": 79}]}, "Evidence Propositions": []}, {"Section": "RESULTS", "Text": "For the 35 patients enrolled in the FPV arm and the 45 patients in the control arm , all baseline characteristics were comparable between the two arms .", "Evidence Elements": {"Participant": [], "Intervention": [{"term": "FPV", "negation": "affirmed", "UMLS": "", "start": 36, "end": 39}, {"term": "control", "negation": "affirmed", "UMLS": "", "start": 71, "end": 78}], "Outcome": []}, "Evidence Propositions": []}, {"Section": "RESULTS", "Text": "A shorter viral clearance time was found for the FPV arm versus the control arm ( median ( interquartile range , IQR ) , 4 ( 2.5-9 ) d versus 11 ( 8-13 ) d , P < 0.001 ) .", "Evidence Elements": {"Participant": [], "Intervention": [{"term": "FPV", "negation": "affirmed", "UMLS": "", "start": 49, "end": 52}, {"term": "control", "negation": "affirmed", "UMLS": "", "start": 68, "end": 75}], "Outcome": [{"term": "viral clearance time", "negation": "affirmed", "UMLS": "", "start": 10, "end": 30}]}, "Evidence Propositions": [{"Intervention": [], "Observation": "shorter", "Outcome": "", "Count": ""}]}, {"Section": "RESULTS", "Text": "The FPV arm also showed significant improvement in chest imaging compared with the control arm , with an improvement rate of 91.43 % versus 62.22 % ( P = 0.004 ) .", "Evidence Elements": {"Participant": [], "Intervention": [{"term": "FPV", "negation": "affirmed", "UMLS": "", "start": 4, "end": 7}, {"term": "control", "negation": "affirmed", "UMLS": "", "start": 83, "end": 90}], "Outcome": [{"term": "chest imaging", "negation": "affirmed", "UMLS": "", "start": 51, "end": 64}, {"term": "improvement rate", "negation": "affirmed", "UMLS": "", "start": 105, "end": 121}]}, "Evidence Propositions": [{"Intervention": "FPV", "Observation": "significant improvement", "Outcome": "chest imaging", "Count": ""}, {"Intervention": "control", "Observation": "significant improvement", "Outcome": "chest imaging", "Count": ""}, {"Intervention": "FPV", "Observation": "91.43 %", "Outcome": "improvement rate", "Count": ""}]}, {"Section": "RESULTS", "Text": "After adjustment for potential confounders , the FPV arm also showed a significantly higher improvement rate in chest imaging .", "Evidence Elements": {"Participant": [], "Intervention": [{"term": "FPV", "negation": "affirmed", "UMLS": "", "start": 49, "end": 52}], "Outcome": [{"term": "chest", "negation": "affirmed", "UMLS": "", "start": 112, "end": 117}]}, "Evidence Propositions": [{"Intervention": ["FPV"], "Observation": "significantly higher improvement rate", "Outcome": "chest", "Count": ""}]}, {"Section": "RESULTS", "Text": "Multivariable Cox regression showed that FPV was independently associated with faster viral clearance .", "Evidence Elements": {"Participant": [], "Intervention": [{"term": "FPV", "negation": "affirmed", "UMLS": "", "start": 41, "end": 44}], "Outcome": [{"term": "viral clearance", "negation": "affirmed", "UMLS": "", "start": 86, "end": 101}]}, "Evidence Propositions": []}, {"Section": "RESULTS", "Text": "In addition , fewer adverse events were found in the FPV arm than in the control arm .", "Evidence Elements": {"Participant": [], "Intervention": [{"term": "FPV", "negation": "affirmed", "UMLS": "", "start": 53, "end": 56}, {"term": "control", "negation": "affirmed", "UMLS": "", "start": 73, "end": 80}], "Outcome": [{"term": "adverse events", "negation": "affirmed", "UMLS": "", "start": 20, "end": 34}]}, "Evidence Propositions": []}, {"Section": "CONCLUSIONS", "Text": "In this open-label before-after controlled study , FPV showed better therapeutic responses on COVID-19 in terms of disease progression and viral clearance .", "Evidence Elements": {"Participant": [{"term": "COVID-19", "negation": "affirmed", "UMLS": "", "start": 94, "end": 102}], "Intervention": [{"term": "FPV", "negation": "affirmed", "UMLS": "", "start": 51, "end": 54}], "Outcome": [{"term": "therapeutic responses", "negation": "affirmed", "UMLS": "", "start": 69, "end": 90}, {"term": "disease progression", "negation": "affirmed", "UMLS": "", "start": 115, "end": 134}, {"term": "viral", "negation": "affirmed", "UMLS": "", "start": 139, "end": 144}]}, "Evidence Propositions": []}, {"Section": "CONCLUSIONS", "Text": "These preliminary clinical results provide useful information of treatments for SARS-CoV-2 infection .", "Evidence Elements": {"Participant": [{"term": "infection", "negation": "affirmed", "UMLS": "", "start": 91, "end": 100}], "Intervention": [], "Outcome": []}, "Evidence Propositions": []}]}