{"doc_id": "32344320", "type of study": "Therapy", "title": "", "abstract": "The immune status is significantly different between severe and non-severe COVID-19.\nThe decrease of T lymphocyte correlated with the course of patients with COVID-19.\nThe level of T lymphocyte is an indicator for severity and prognosis of COVID-19.\nTo explore the clinical course and its dynamic features of immune status in COVID-19 patients and find predictors correlated with severity and prognosis of COVID-19.\nThe electronic medical records of 204 patients with COVID-19 pneumonia confirmed by nucleic acid testing were retrospectively collected and analyzed.\nAll patients were divided into severe (69) and non-severe group (135).\nLymphocyte subsets count, including CD3+ T cell, CD4+ T cell, CD8+ T cell, B cell (CD19+) and NK cell (CD16+ 56+), were significantly lower in severe group (P<0.001).\nThe dynamic levels of T lymphocyte in severe group were significantly lower from disease onset, but in the improved subgroup the value of T lymphocyte began to increase after about 15-day treatment and finally returned to the normal level.\nThe cut-off value of the counts of CD3+ (576), CD4+ (391) and CD8+ (214) T cell were calculated and indicated significantly high sensitivity and specificity for severity of COVID-19.\nOur results shown that the decrease of CD3+, CD4+ and CD8+ T lymphocyte correlated with the course of patients with COVID-19 pneumonia, especially in severe cases.\nThe level of T lymphocyte could be used as an indicator for prediction of severity and prognosis of patients with COVID-19 pneumonia.\nThe application of glucocorticoid should be cautious in severe cases.\n", "Evidence Map": {"Enrollment": [{"term": "COVID-19", "negation": "affirmed", "UMLS": "", "start": 73, "end": 81}, {"term": "COVID-19", "negation": "affirmed", "UMLS": "", "start": 76, "end": 84}, {"term": "COVID-19", "negation": "affirmed", "UMLS": "", "start": 76, "end": 84}, {"term": "COVID-19 pneumonia", "negation": "affirmed", "UMLS": "", "start": 52, "end": 70}, {"term": "COVID-19 pneumonia", "negation": "affirmed", "UMLS": "", "start": 117, "end": 135}, {"term": "COVID-19 pneumonia", "negation": "affirmed", "UMLS": "", "start": 114, "end": 132}], "Comparison Results": [], "Study Arm 1 Results": [], "Study Arm 2 Results": []}, "Sentence-level breakdown": [{"Section": "TITLE", "Text": "The immune status is significantly different between severe and non-severe COVID-19 .", "Evidence Elements": {"Participant": [], "Intervention": [{"term": "severe and non-severe COVID-19", "negation": "affirmed", "UMLS": "", "start": 53, "end": 83}], "Outcome": [{"term": "immune status", "negation": "affirmed", "UMLS": "", "start": 4, "end": 17}]}, "Evidence Propositions": [{"Intervention": ["severe and non-severe COVID-19"], "Observation": "significantly different", "Outcome": "immune status", "Count": ""}]}, {"Section": "OBJECTIVE", "Text": "To explore the clinical course and its dynamic features of immune status in COVID-19 patients and find predictors correlated with severity and prognosis of COVID-19 .", "Evidence Elements": {"Participant": [{"term": "COVID-19", "negation": "affirmed", "UMLS": "", "start": 76, "end": 84}, {"term": "COVID-19", "negation": "affirmed", "UMLS": "", "start": 76, "end": 84}], "Intervention": [], "Outcome": [{"term": "clinical course", "negation": "affirmed", "UMLS": "", "start": 15, "end": 30}, {"term": "dynamic features of immune status", "negation": "affirmed", "UMLS": "", "start": 39, "end": 72}, {"term": "predictors", "negation": "affirmed", "UMLS": "", "start": 103, "end": 113}, {"term": "severity and prognosis", "negation": "affirmed", "UMLS": "", "start": 130, "end": 152}]}, "Evidence Propositions": []}, {"Section": "METHODS", "Text": "The electronic medical records of 204 patients with COVID-19 pneumonia confirmed by nucleic acid testing were retrospectively collected and analyzed .", "Evidence Elements": {"Participant": [{"term": "COVID-19 pneumonia", "negation": "affirmed", "UMLS": "", "start": 52, "end": 70}], "Intervention": [], "Outcome": []}, "Evidence Propositions": []}, {"Section": "METHODS", "Text": "All patients were divided into severe ( 69 ) and non-severe group ( 135 ) .", "Evidence Elements": {"Participant": [], "Intervention": [{"term": "severe", "negation": "affirmed", "UMLS": "", "start": 31, "end": 37}, {"term": "non-severe", "negation": "affirmed", "UMLS": "", "start": 49, "end": 59}], "Outcome": []}, "Evidence Propositions": []}, {"Section": "RESULTS", "Text": "Lymphocyte subsets count , including CD3+T cell , CD4+T cell , CD8+T cell , B cell ( CD19+ ) and NK cell ( CD16+ 56+ ) , were significantly lower in severe group ( P < 0.001 ) .", "Evidence Elements": {"Participant": [], "Intervention": [], "Outcome": [{"term": "Lymphocyte subsets count", "negation": "affirmed", "UMLS": "", "start": 0, "end": 24}, {"term": "CD3+T cell", "negation": "affirmed", "UMLS": "", "start": 37, "end": 47}, {"term": "CD4+T cell", "negation": "affirmed", "UMLS": "", "start": 50, "end": 60}, {"term": "CD8+T cell", "negation": "affirmed", "UMLS": "", "start": 63, "end": 73}, {"term": "B cell ( CD19+ )", "negation": "affirmed", "UMLS": "", "start": 76, "end": 92}, {"term": "NK cell ( CD16+ 56+ )", "negation": "affirmed", "UMLS": "", "start": 97, "end": 118}]}, "Evidence Propositions": []}, {"Section": "RESULTS", "Text": "The dynamic levels of T lymphocyte in severe group were significantly lower from disease onset , but in the improved subgroup the value of T lymphocyte began to increase after about 15-day treatment and finally returned to the normal level .", "Evidence Elements": {"Participant": [], "Intervention": [{"term": "severe group", "negation": "affirmed", "UMLS": "", "start": 38, "end": 50}, {"term": "improved", "negation": "affirmed", "UMLS": "", "start": 108, "end": 116}], "Outcome": [{"term": "dynamic levels of T lymphocyte", "negation": "affirmed", "UMLS": "", "start": 4, "end": 34}, {"term": "value of T lymphocyte", "negation": "affirmed", "UMLS": "", "start": 130, "end": 151}]}, "Evidence Propositions": [{"Intervention": ["severe group"], "Observation": "significantly lower", "Outcome": "dynamic levels of T lymphocyte", "Count": ""}, {"Intervention": "improved", "Observation": "increase", "Outcome": "value of T lymphocyte", "Count": ""}]}, {"Section": "RESULTS", "Text": "The cut-off value of the counts of CD3+ ( 576 ) , CD4+ ( 391 ) and CD8+ ( 214 ) T cell were calculated and indicated significantly high sensitivity and specificity for severity of COVID-19 .", "Evidence Elements": {"Participant": [], "Intervention": [], "Outcome": [{"term": "cut-off value of the counts of CD3+ ( 576 ) , CD4+ ( 391 ) and CD8+ ( 214 ) T cell", "negation": "affirmed", "UMLS": "", "start": 4, "end": 86}]}, "Evidence Propositions": []}, {"Section": "CONCLUSIONS", "Text": "Our results shown that the decrease of CD3+ , CD4+ and CD8+ T lymphocyte correlated with the course of patients with COVID-19 pneumonia , especially in severe cases .", "Evidence Elements": {"Participant": [{"term": "COVID-19 pneumonia", "negation": "affirmed", "UMLS": "", "start": 117, "end": 135}], "Intervention": [], "Outcome": [{"term": "CD3+ , CD4+ and CD8+ T lymphocyte", "negation": "affirmed", "UMLS": "", "start": 39, "end": 72}]}, "Evidence Propositions": []}, {"Section": "CONCLUSIONS", "Text": "The level of T lymphocyte could be used as an indicator for prediction of severity and prognosis of patients with COVID-19 pneumonia .", "Evidence Elements": {"Participant": [{"term": "COVID-19 pneumonia", "negation": "affirmed", "UMLS": "", "start": 114, "end": 132}], "Intervention": [], "Outcome": [{"term": "level of T lymphocyte", "negation": "affirmed", "UMLS": "", "start": 4, "end": 25}]}, "Evidence Propositions": []}, {"Section": "CONCLUSIONS", "Text": "The application of glucocorticoid should be cautious in severe cases .", "Evidence Elements": {"Participant": [], "Intervention": [], "Outcome": []}, "Evidence Propositions": []}]}