{"doc_id": "32347747", "type of study": "Therapy", "title": "", "abstract": "The current COVID-19 pandemic is one of the most devastating events in recent history.\nThe virus causes relatively minor damage to young, healthy populations, imposing life-threatening danger to the elderly and people with diseases of chronic inflammation.\nTherefore, if we could reduce the risk for vulnerable populations, it would make the COVID-19 pandemic more similar to other typical outbreaks.\nChildren don't suffer from COVID-19 as much as their grandparents and have a much higher melatonin level.\nBats are nocturnal animals possessing high levels of melatonin, which may contribute to their high anti-viral resistance.\nViruses induce an explosion of inflammatory cytokines and reactive oxygen species, and melatonin is the best natural antioxidant that is lost with age.\nThe programmed cell death coronaviruses cause, which can result in significant lung damage, is also inhibited by melatonin.\nCoronavirus causes inflammation in the lungs which requires inflammasome activity.\nMelatonin blocks these inflammasomes.\nGeneral immunity is impaired by anxiety and sleep deprivation.\nMelatonin improves sleep habits, reduces anxiety and stimulates immunity.\nFibrosis may be the most dangerous complication after COVID-19.\nMelatonin is known to prevent fibrosis.\nMechanical ventilation may be necessary but yet imposes risks due to oxidative stress, which can be reduced by melatonin.\nThus, by using the safe over-the-counter drug melatonin, we may be immediately able to prevent the development of severe disease symptoms in coronavirus patients, reduce the severity of their symptoms, and/or reduce the immuno-pathology of coronavirus infection on patients' health after the active phase of the infection is over.\n", "Evidence Map": {"Enrollment": [{"term": "Children", "negation": "affirmed", "UMLS": "", "start": 0, "end": 8}], "Comparison Results": [], "Study Arm 1 Results": [], "Study Arm 2 Results": []}, "Sentence-level breakdown": [{"Section": "TITLE", "Text": "The current COVID-19 pandemic is one of the most devastating events in recent history .", "Evidence Elements": {"Participant": [], "Intervention": [], "Outcome": []}, "Evidence Propositions": []}, {"Section": "CONCLUSIONS", "Text": "General immunity is impaired by anxiety and sleep deprivation .", "Evidence Elements": {"Participant": [], "Intervention": [{"term": "anxiety", "negation": "affirmed", "UMLS": "", "start": 32, "end": 39}, {"term": "sleep deprivation", "negation": "affirmed", "UMLS": "", "start": 44, "end": 61}], "Outcome": [{"term": "General immunity", "negation": "affirmed", "UMLS": "", "start": 0, "end": 16}]}, "Evidence Propositions": [{"Intervention": "anxiety", "Observation": "impaired", "Outcome": "General immunity", "Count": ""}, {"Intervention": "sleep deprivation", "Observation": "impaired", "Outcome": "General immunity", "Count": ""}]}, {"Section": "CONCLUSIONS", "Text": "Melatonin improves sleep habits , reduces anxiety and stimulates immunity .", "Evidence Elements": {"Participant": [], "Intervention": [{"term": "Melatonin", "negation": "affirmed", "UMLS": "", "start": 0, "end": 9}], "Outcome": [{"term": "sleep habits", "negation": "affirmed", "UMLS": "", "start": 19, "end": 31}, {"term": "anxiety", "negation": "affirmed", "UMLS": "", "start": 42, "end": 49}]}, "Evidence Propositions": []}, {"Section": "CONCLUSIONS", "Text": "Fibrosis may be the most dangerous complication after COVID-19 .", "Evidence Elements": {"Participant": [], "Intervention": [], "Outcome": []}, "Evidence Propositions": []}, {"Section": "CONCLUSIONS", "Text": "Melatonin is known to prevent fibrosis .", "Evidence Elements": {"Participant": [], "Intervention": [], "Outcome": []}, "Evidence Propositions": []}, {"Section": "CONCLUSIONS", "Text": "Mechanical ventilation may be necessary but yet imposes risks due to oxidative stress , which can be reduced by melatonin .", "Evidence Elements": {"Participant": [], "Intervention": [], "Outcome": []}, "Evidence Propositions": []}, {"Section": "CONCLUSIONS", "Text": "Thus , by using the safe over-the-counter drug melatonin , we may be immediately able to prevent the development of severe disease symptoms in coronavirus patients , reduce the severity of their symptoms , and / or reduce the immuno-pathology of coronavirus infection on patients ' health after the active phase of the infection is over .", "Evidence Elements": {"Participant": [], "Intervention": [{"term": "drug melatonin", "negation": "affirmed", "UMLS": "", "start": 42, "end": 56}], "Outcome": [{"term": "development", "negation": "affirmed", "UMLS": "", "start": 101, "end": 112}, {"term": "severe disease symptoms", "negation": "affirmed", "UMLS": "", "start": 116, "end": 139}, {"term": "severity of their symptoms", "negation": "affirmed", "UMLS": "", "start": 177, "end": 203}, {"term": "immuno-pathology", "negation": "affirmed", "UMLS": "", "start": 226, "end": 242}]}, "Evidence Propositions": [{"Intervention": "drug melatonin", "Observation": "prevent", "Outcome": "development", "Count": ""}, {"Intervention": "drug melatonin", "Observation": "prevent", "Outcome": "severe disease symptoms", "Count": ""}, {"Intervention": "drug melatonin", "Observation": "reduce", "Outcome": "severity of their symptoms", "Count": ""}, {"Intervention": "drug melatonin", "Observation": "reduce", "Outcome": "immuno-pathology", "Count": ""}]}]}