{"doc_id": "32345140", "type of study": "Therapy", "title": "", "abstract": "The pandemic coronavirus disease (COVID-19) caused by severe acute respiratory syndrome coronavirus 2 (SARS-CoV-2) presents a great threat to public health.\nCurrently, no potent medicine is available to treat COVID-19.\nQuest for new drugs especially from natural plant sources is an area of immense potential.\nThe current study aimed to repurpose stilbenoid analogs, reported for some other biological activities, against SARS-CoV-2 spike protein and human ACE2 receptor complex for their affinity and stability using molecular dynamics simulation and binding free energy analysis based on molecular docking.\nFour compounds in total were probed for their binding affinity using molecular docking.\nAll of the compounds showed good affinity (> -7 kcal/mol).\nHowever, fifty nanoseconds molecular dynamic simulation in aqueous solution revealed highly stable bound conformation of resveratrol to the viral protein: ACE2 receptor complex.\nNet free energy of binding using MM-PBSA also affirmed the stability of the resveratrol-protein complex.\nBased on the results, we report that stilbene based compounds in general and resveratrol, in particular, can be promising anti-COVID-19 drug candidates acting through disruption of the spike protein.\nOur findings in this study are promising and call for further in vitro and in vivo testing of stiblenoids, especially resveratrol against the COVID-19.\n[Formula: see text] Communicated by Ramaswamy H. SarmaHighlightsStilbenoid analogs could be potential disruptors of SARS-CoV-2 spike protein and human ACE2 receptor complex.\nIn particular, resveratrol revealed highly stable conformation to the viral protein: ACE2 receptor complex.\nThe strong interaction of resveratrol is affirmed by molecular dynamic simulation studies and better net free energies.\n", "Evidence Map": {"Enrollment": [], "Comparison Results": [], "Study Arm 1 Results": [], "Study Arm 2 Results": []}, "Sentence-level breakdown": [{"Section": "TITLE", "Text": "The pandemic coronavirus disease ( COVID-19 ) caused by severe acute respiratory syndrome coronavirus 2 ( SARS-CoV-2 ) presents a great threat to public health .", "Evidence Elements": {"Participant": [], "Intervention": [], "Outcome": []}, "Evidence Propositions": []}, {"Section": "OBJECTIVE", "Text": "The current study aimed to repurpose stilbenoid analogs , reported for some other biological activities , against SARS-CoV-2 spike protein and human ACE2 receptor complex for their affinity and stability using molecular dynamics simulation and binding free energy analysis based on molecular docking .", "Evidence Elements": {"Participant": [], "Intervention": [{"term": "stilbenoid analogs", "negation": "negated", "UMLS": "", "start": 37, "end": 55}], "Outcome": [{"term": "SARS-CoV-2 spike protein", "negation": "negated", "UMLS": "", "start": 114, "end": 138}, {"term": "human ACE2 receptor complex", "negation": "negated", "UMLS": "", "start": 143, "end": 170}, {"term": "affinity", "negation": "negated", "UMLS": "", "start": 181, "end": 189}, {"term": "stability", "negation": "negated", "UMLS": "", "start": 194, "end": 203}, {"term": "binding free energy", "negation": "affirmed", "UMLS": "", "start": 244, "end": 263}]}, "Evidence Propositions": []}, {"Section": "METHODS", "Text": "Four compounds in total were probed for their binding affinity using molecular docking .", "Evidence Elements": {"Participant": [], "Intervention": [], "Outcome": [{"term": "binding affinity", "negation": "affirmed", "UMLS": "", "start": 46, "end": 62}]}, "Evidence Propositions": []}, {"Section": "RESULTS", "Text": "All of the compounds showed good affinity ( > -7 kcal / mol ) .", "Evidence Elements": {"Participant": [], "Intervention": [{"term": "All", "negation": "affirmed", "UMLS": "", "start": 0, "end": 3}], "Outcome": [{"term": "affinity", "negation": "affirmed", "UMLS": "", "start": 33, "end": 41}]}, "Evidence Propositions": []}, {"Section": "RESULTS", "Text": "However , fifty nanoseconds molecular dynamic simulation in aqueous solution revealed highly stable bound conformation of resveratrol to the viral protein : ACE2 receptor complex .", "Evidence Elements": {"Participant": [], "Intervention": [{"term": "resveratrol to the viral protein : ACE2", "negation": "affirmed", "UMLS": "", "start": 122, "end": 161}], "Outcome": [{"term": "bound conformation", "negation": "affirmed", "UMLS": "", "start": 100, "end": 118}]}, "Evidence Propositions": []}, {"Section": "RESULTS", "Text": "Net free energy of binding using MM-PBSA also affirmed the stability of the resveratrol-protein complex .", "Evidence Elements": {"Participant": [], "Intervention": [{"term": "MM-PBSA", "negation": "affirmed", "UMLS": "", "start": 33, "end": 40}], "Outcome": [{"term": "Net free energy of binding", "negation": "affirmed", "UMLS": "", "start": 0, "end": 26}, {"term": "stability", "negation": "affirmed", "UMLS": "", "start": 59, "end": 68}, {"term": "resveratrol-protein complex", "negation": "affirmed", "UMLS": "", "start": 76, "end": 103}]}, "Evidence Propositions": []}, {"Section": "CONCLUSIONS", "Text": "Based on the results , we report that stilbene based compounds in general and resveratrol , in particular , can be promising anti-COVID-19 drug candidates acting through disruption of the spike protein .", "Evidence Elements": {"Participant": [], "Intervention": [{"term": "stilbene based compounds in general", "negation": "affirmed", "UMLS": "", "start": 38, "end": 73}, {"term": "resveratrol", "negation": "affirmed", "UMLS": "", "start": 78, "end": 89}], "Outcome": []}, "Evidence Propositions": []}, {"Section": "CONCLUSIONS", "Text": "Our findings in this study are promising and call for further in vitro and in vivo testing of stiblenoids , especially resveratrol against the COVID-19 .", "Evidence Elements": {"Participant": [], "Intervention": [], "Outcome": []}, "Evidence Propositions": []}, {"Section": "CONCLUSIONS", "Text": "[ Formula : see text ] Communicated by Ramaswamy H . SarmaHighlightsStilbenoid analogs could be potential disruptors of SARS-CoV-2 spike protein and human ACE2 receptor complex .", "Evidence Elements": {"Participant": [], "Intervention": [{"term": "analogs", "negation": "affirmed", "UMLS": "", "start": 79, "end": 86}], "Outcome": [{"term": "SARS-CoV-2 spike protein", "negation": "affirmed", "UMLS": "", "start": 120, "end": 144}]}, "Evidence Propositions": [{"Intervention": "analogs", "Observation": "potential disruptors", "Outcome": "SARS-CoV-2 spike protein", "Count": ""}]}, {"Section": "CONCLUSIONS", "Text": "In particular , resveratrol revealed highly stable conformation to the viral protein : ACE2 receptor complex .", "Evidence Elements": {"Participant": [], "Intervention": [{"term": "resveratrol", "negation": "affirmed", "UMLS": "", "start": 16, "end": 27}], "Outcome": [{"term": "conformation to the viral protein : ACE2", "negation": "affirmed", "UMLS": "", "start": 51, "end": 91}]}, "Evidence Propositions": []}, {"Section": "CONCLUSIONS", "Text": "The strong interaction of resveratrol is affirmed by molecular dynamic simulation studies and better net free energies .", "Evidence Elements": {"Participant": [], "Intervention": [{"term": "resveratrol", "negation": "negated", "UMLS": "", "start": 26, "end": 37}], "Outcome": [{"term": "interaction", "negation": "negated", "UMLS": "", "start": 11, "end": 22}, {"term": "net free energies", "negation": "affirmed", "UMLS": "", "start": 101, "end": 118}]}, "Evidence Propositions": []}]}