{"doc_id": "32344313", "type of study": "Therapy", "title": "", "abstract": "The severe acute respiratory syndrome coronavirus 2 (SARS-CoV-2) has become a pandemic disease (COVID-19) that has spread globally causing more than 30,000 deaths.\nDespite the immense and ongoing global effort, no efficacious drugs to fight this plague have been identified and patients admitted to the intensive care units (ICU), for respiratory distress, are managed mostly by means of supportive care based on oxygen maintenance.\nSeveral authors have reported that the prevalence of hypertension, diabetes, cardiovascular and cerebrovascular diseases comorbidities were indeed frequent among patients with COVID-19, which suggests that these conditions are likely to aggravate and complicate the prognosis.\nWhat the aforementioned diseases have in common is a latent chronic inflammatory state that may be associated with the alteration of laboratory parameters that are typical of the metabolic syndrome and insulin resistance.\nIn severe COVID-19 patients laboratory markers of inflammation such as C-reactive protein, IL-6, D-dimer, serum ferritin and lactate dehydrogenase are elevated in many patients; assessed since the 4th-6th day of illness onset, such increases seem to be predictive of an adverse prognosis.\nOur hypothesis is that drugs belonging to the family of thiazolidinediones (TZD) such as pioglitazone or rosiglitazone, approved for treating the condition of insulin resistance and the accompanying inflammation, could ameliorate the prognosis of those COVID-19 patients with diabetes, hypertension and cardiovascular disorders comorbidities.\nTZD are PPARgamma agonists that act on nuclear receptors, thereby triggering certain transcription factors.\nTZD were widely used for type-2 diabetes in the first decade of this century and although concerns have been raised for possible side effects associated with long-term treatment, their use has been recently revaluated for their anti-inflammatory properties in numerous medical conditions.\n", "Evidence Map": {"Enrollment": [{"term": "severe COVID-19", "negation": "affirmed", "UMLS": "", "start": 3, "end": 18}, {"term": "COVID-19", "negation": "affirmed", "UMLS": "", "start": 257, "end": 265}, {"term": "diabetes", "negation": "affirmed", "UMLS": "", "start": 280, "end": 288}], "Comparison Results": [], "Study Arm 1 Results": [], "Study Arm 2 Results": []}, "Sentence-level breakdown": [{"Section": "TITLE", "Text": "The severe acute respiratory syndrome coronavirus 2 ( SARS-CoV-2 ) has become a pandemic disease ( COVID-19 ) that has spread globally causing more than 30,000 deaths .", "Evidence Elements": {"Participant": [], "Intervention": [], "Outcome": []}, "Evidence Propositions": []}, {"Section": "RESULTS", "Text": "Several authors have reported that the prevalence of hypertension , diabetes , cardiovascular and cerebrovascular diseases comorbidities were indeed frequent among patients with COVID-19 , which suggests that these conditions are likely to aggravate and complicate the prognosis .", "Evidence Elements": {"Participant": [], "Intervention": [], "Outcome": []}, "Evidence Propositions": []}, {"Section": "RESULTS", "Text": "What the aforementioned diseases have in common is a latent chronic inflammatory state that may be associated with the alteration of laboratory parameters that are typical of the metabolic syndrome and insulin resistance .", "Evidence Elements": {"Participant": [], "Intervention": [], "Outcome": []}, "Evidence Propositions": []}, {"Section": "RESULTS", "Text": "In severe COVID-19 patients laboratory markers of inflammation such as C-reactive protein , IL-6 , D-dimer , serum ferritin and lactate dehydrogenase are elevated in many patients ; assessed since the 4th-6th day of illness onset , such increases seem to be predictive of an adverse prognosis .", "Evidence Elements": {"Participant": [{"term": "severe COVID-19", "negation": "affirmed", "UMLS": "", "start": 3, "end": 18}], "Intervention": [], "Outcome": [{"term": "laboratory markers of inflammation", "negation": "affirmed", "UMLS": "", "start": 28, "end": 62}, {"term": "C-reactive protein", "negation": "affirmed", "UMLS": "", "start": 71, "end": 89}, {"term": "IL-6", "negation": "affirmed", "UMLS": "", "start": 92, "end": 96}, {"term": "D-dimer", "negation": "affirmed", "UMLS": "", "start": 99, "end": 106}, {"term": "serum ferritin", "negation": "affirmed", "UMLS": "", "start": 109, "end": 123}, {"term": "lactate dehydrogenase", "negation": "affirmed", "UMLS": "", "start": 128, "end": 149}]}, "Evidence Propositions": []}, {"Section": "RESULTS", "Text": "Our hypothesis is that drugs belonging to the family of thiazolidinediones ( TZD ) such as pioglitazone or rosiglitazone , approved for treating the condition of insulin resistance and the accompanying inflammation , could ameliorate the prognosis of those COVID-19 patients with diabetes , hypertension and cardiovascular disorders comorbidities .", "Evidence Elements": {"Participant": [{"term": "COVID-19", "negation": "affirmed", "UMLS": "", "start": 257, "end": 265}, {"term": "diabetes", "negation": "affirmed", "UMLS": "", "start": 280, "end": 288}], "Intervention": [{"term": "pioglitazone", "negation": "affirmed", "UMLS": "", "start": 91, "end": 103}, {"term": "rosiglitazone", "negation": "affirmed", "UMLS": "", "start": 107, "end": 120}], "Outcome": [{"term": "prognosis", "negation": "affirmed", "UMLS": "", "start": 238, "end": 247}]}, "Evidence Propositions": [{"Intervention": "pioglitazone", "Observation": "ameliorate", "Outcome": "prognosis", "Count": ""}, {"Intervention": "rosiglitazone", "Observation": "ameliorate", "Outcome": "prognosis", "Count": ""}]}, {"Section": "RESULTS", "Text": "TZD are PPARgamma agonists that act on nuclear receptors , thereby triggering certain transcription factors .", "Evidence Elements": {"Participant": [], "Intervention": [], "Outcome": []}, "Evidence Propositions": []}, {"Section": "CONCLUSIONS", "Text": "TZD were widely used for type-2 diabetes in the first decade of this century and although concerns have been raised for possible side effects associated with long-term treatment , their use has been recently revaluated for their anti-inflammatory properties in numerous medical conditions .", "Evidence Elements": {"Participant": [], "Intervention": [], "Outcome": []}, "Evidence Propositions": []}]}