{"doc_id": "32342479", "type of study": "Therapy", "title": "", "abstract": "The aim of this study was to investigate the clinical characteristics of Corona Virus Disease 2019 in Taizhou, China.\nA single center retrospective observational study was performed between Jan 1, 2020 and Mar 11, 2020 at Taizhou Public Health Medical Center, Zhejiang, China.\nAll patients with confirmed Corona Virus Disease 2019 were enrolled, and their clinical data were gathered by reviewing electronic medical records.\nOutcomes of severely ill patients and non-severely ill patients were compared.\nOf 145 hospitalized patients with COVID-19, the average age was 47.5 years old (standard deviation, 14.6) and 54.5% were men.\nHypertension was the most common comorbidity (15.2%), followed by diabetes mellitus (9.7%).\nCommon symptoms included dry cough (81.4%), fever (75.2%), anorexia (42.8%), fatigue (40.7%), chest tightness (32.4%), diarrhea (26.9%) and dizziness (20%).\nAccording to imaging examination, 79.3% patients showed bilateral pneumonia, 18.6% showed unilateral pneumonia, 61.4% showed ground-glass opacity, and 2.1% showed no abnormal result.\nCompared with non-severely ill patients, severely ill patients were older (mean, years, 52.8 vs. 45.3, p < 0.01), had a higher proportion of diabetes mellitus (16.3% vs. 6.9%, p = 0.08), had a higher body mass index (mean, 24.78 vs. 23.20, p = 0.02) and were more likely to have fever (90.7% vs. 68.6%, p = 0.01), anorexia (60.5% vs. 35.3%, p = 0.01), chest tightness (60.5% vs.20.6%, p < 0.01) and dyspnea (7.0% vs. 0%, p = 0.03).\nOf the 43 severely ill patients, 6 (14%) received high-flow nasal cannula oxygen therapy, and 1 (2.3%) received invasive mechanical ventilation.\nOlder patients or patients with comorbidities such as obesity or diabetes mellitus were more likely to have severe condition.\nTreatments of COVID-19 is still experimental and more clinical trials are needed.\n", "Evidence Map": {"Enrollment": [{"term": "Corona Virus Disease 2019", "negation": "affirmed", "UMLS": "", "start": 73, "end": 98}, {"term": "Corona Virus Disease 2019", "negation": "affirmed", "UMLS": "", "start": 28, "end": 53}, {"term": "severely ill patients", "negation": "affirmed", "UMLS": "", "start": 12, "end": 33}, {"term": "non-severely ill patients", "negation": "affirmed", "UMLS": "", "start": 38, "end": 63}, {"term": "hospitalized", "negation": "affirmed", "UMLS": "", "start": 7, "end": 19}, {"term": "COVID-19", "negation": "affirmed", "UMLS": "", "start": 34, "end": 42}, {"term": "Hypertension", "negation": "affirmed", "UMLS": "", "start": 0, "end": 12}, {"term": "dry cough", "negation": "affirmed", "UMLS": "", "start": 25, "end": 34}, {"term": "fever", "negation": "affirmed", "UMLS": "", "start": 48, "end": 53}, {"term": "anorexia", "negation": "affirmed", "UMLS": "", "start": 67, "end": 75}, {"term": "non-severely ill patients", "negation": "affirmed", "UMLS": "", "start": 14, "end": 39}, {"term": "severely ill patients", "negation": "affirmed", "UMLS": "", "start": 18, "end": 39}, {"term": "severely ill", "negation": "affirmed", "UMLS": "", "start": 10, "end": 22}, {"term": "Older patients", "negation": "affirmed", "UMLS": "", "start": 0, "end": 14}, {"term": "comorbidities", "negation": "affirmed", "UMLS": "", "start": 32, "end": 45}, {"term": "obesity", "negation": "affirmed", "UMLS": "", "start": 54, "end": 61}, {"term": "diabetes mellitus", "negation": "affirmed", "UMLS": "", "start": 65, "end": 82}], "Comparison Results": [], "Study Arm 1 Results": [], "Study Arm 2 Results": []}, "Sentence-level breakdown": [{"Section": "TITLE", "Text": "The aim of this study was to investigate the clinical characteristics of Corona Virus Disease 2019 in Taizhou , China .", "Evidence Elements": {"Participant": [{"term": "Corona Virus Disease 2019", "negation": "affirmed", "UMLS": "", "start": 73, "end": 98}], "Intervention": [], "Outcome": [{"term": "clinical characteristics", "negation": "affirmed", "UMLS": "", "start": 45, "end": 69}]}, "Evidence Propositions": []}, {"Section": "METHODS", "Text": "A single center retrospective observational study was performed between Jan 1 , 2020 and Mar 11 , 2020 at Taizhou Public Health Medical Center , Zhejiang , China .", "Evidence Elements": {"Participant": [], "Intervention": [], "Outcome": []}, "Evidence Propositions": []}, {"Section": "METHODS", "Text": "All patients with confirmed Corona Virus Disease 2019 were enrolled , and their clinical data were gathered by reviewing electronic medical records .", "Evidence Elements": {"Participant": [{"term": "Corona Virus Disease 2019", "negation": "affirmed", "UMLS": "", "start": 28, "end": 53}], "Intervention": [], "Outcome": []}, "Evidence Propositions": []}, {"Section": "METHODS", "Text": "Outcomes of severely ill patients and non-severely ill patients were compared .", "Evidence Elements": {"Participant": [{"term": "severely ill patients", "negation": "affirmed", "UMLS": "", "start": 12, "end": 33}, {"term": "non-severely ill patients", "negation": "affirmed", "UMLS": "", "start": 38, "end": 63}], "Intervention": [], "Outcome": []}, "Evidence Propositions": []}, {"Section": "RESULTS", "Text": "Of 145 hospitalized patients with COVID-19 , the average age was 47.5 years old ( standard deviation , 14.6 ) and 54.5 % were men .", "Evidence Elements": {"Participant": [{"term": "hospitalized", "negation": "affirmed", "UMLS": "", "start": 7, "end": 19}, {"term": "COVID-19", "negation": "affirmed", "UMLS": "", "start": 34, "end": 42}], "Intervention": [], "Outcome": []}, "Evidence Propositions": []}, {"Section": "RESULTS", "Text": "Hypertension was the most common comorbidity ( 15.2 % ) , followed by diabetes mellitus ( 9.7 % ) .", "Evidence Elements": {"Participant": [{"term": "Hypertension", "negation": "affirmed", "UMLS": "", "start": 0, "end": 12}], "Intervention": [], "Outcome": []}, "Evidence Propositions": []}, {"Section": "RESULTS", "Text": "Common symptoms included dry cough ( 81.4 % ) , fever ( 75.2 % ) , anorexia ( 42.8 % ) , fatigue ( 40.7 % ) , chest tightness ( 32.4 % ) , diarrhea ( 26.9 % ) and dizziness ( 20 % ) .", "Evidence Elements": {"Participant": [{"term": "dry cough", "negation": "affirmed", "UMLS": "", "start": 25, "end": 34}, {"term": "fever", "negation": "affirmed", "UMLS": "", "start": 48, "end": 53}, {"term": "anorexia", "negation": "affirmed", "UMLS": "", "start": 67, "end": 75}], "Intervention": [], "Outcome": [{"term": "symptoms", "negation": "affirmed", "UMLS": "", "start": 7, "end": 15}]}, "Evidence Propositions": []}, {"Section": "RESULTS", "Text": "According to imaging examination , 79.3 % patients showed bilateral pneumonia , 18.6 % showed unilateral pneumonia , 61.4 % showed ground-glass opacity , and 2.1 % showed no abnormal result .", "Evidence Elements": {"Participant": [], "Intervention": [], "Outcome": [{"term": "bilateral pneumonia", "negation": "affirmed", "UMLS": "", "start": 58, "end": 77}, {"term": "unilateral pneumonia", "negation": "affirmed", "UMLS": "", "start": 94, "end": 114}, {"term": "ground-glass opacity", "negation": "affirmed", "UMLS": "", "start": 131, "end": 151}]}, "Evidence Propositions": []}, {"Section": "RESULTS", "Text": "Compared with non-severely ill patients , severely ill patients were older ( mean , years , 52.8 vs . 45.3 , p < 0.01 ) , had a higher proportion of diabetes mellitus ( 16.3 % vs . 6.9 % , p = 0.08 ) , had a higher body mass index ( mean , 24.78 vs . 23.20 , p = 0.02 ) and were more likely to have fever ( 90.7 % vs . 68.6 % , p = 0.01 ) , anorexia ( 60.5 % vs . 35.3 %", "Evidence Elements": {"Participant": [{"term": "non-severely ill patients", "negation": "affirmed", "UMLS": "", "start": 14, "end": 39}, {"term": "severely ill patients", "negation": "affirmed", "UMLS": "", "start": 18, "end": 39}], "Intervention": [], "Outcome": [{"term": "proportion of diabetes mellitus", "negation": "affirmed", "UMLS": "", "start": 135, "end": 166}, {"term": "body mass index", "negation": "affirmed", "UMLS": "", "start": 215, "end": 230}, {"term": "fever", "negation": "affirmed", "UMLS": "", "start": 299, "end": 304}]}, "Evidence Propositions": [{"Intervention": [], "Observation": "older", "Outcome": "", "Count": ""}, {"Intervention": [], "Observation": "higher", "Outcome": "", "Count": ""}, {"Intervention": [], "Observation": "higher", "Outcome": "", "Count": ""}, {"Intervention": [], "Observation": "more likely", "Outcome": "fever", "Count": ""}]}, {"Section": "RESULTS", "Text": "Of the 43 severely ill patients , 6 ( 14 % ) received high-flow nasal cannula oxygen therapy , and 1 ( 2.3 % ) received invasive mechanical ventilation .", "Evidence Elements": {"Participant": [{"term": "severely ill", "negation": "affirmed", "UMLS": "", "start": 10, "end": 22}], "Intervention": [{"term": "high-flow nasal cannula oxygen therapy", "negation": "affirmed", "UMLS": "", "start": 54, "end": 92}], "Outcome": []}, "Evidence Propositions": []}, {"Section": "RESULTS", "Text": "Older patients or patients with comorbidities such as obesity or diabetes mellitus were more likely to have severe condition .", "Evidence Elements": {"Participant": [{"term": "Older patients", "negation": "affirmed", "UMLS": "", "start": 0, "end": 14}, {"term": "comorbidities", "negation": "affirmed", "UMLS": "", "start": 32, "end": 45}, {"term": "obesity", "negation": "affirmed", "UMLS": "", "start": 54, "end": 61}, {"term": "diabetes mellitus", "negation": "affirmed", "UMLS": "", "start": 65, "end": 82}], "Intervention": [], "Outcome": [{"term": "severe condition", "negation": "affirmed", "UMLS": "", "start": 108, "end": 124}]}, "Evidence Propositions": [{"Intervention": [], "Observation": "more likely", "Outcome": "severe condition", "Count": ""}]}, {"Section": "CONCLUSIONS", "Text": "Treatments of COVID-19 is still experimental and more clinical trials are needed .", "Evidence Elements": {"Participant": [], "Intervention": [], "Outcome": []}, "Evidence Propositions": []}]}