{"doc_id": "32343948", "type of study": "Therapy", "title": "", "abstract": "Validation studies of serologial antibody tests are needed.\nKinetics of SARS-CoV2 is a fundamental information in COVID-19 patients.\nSARS-CoV-2 IgA response appears early and peaks at week 3.\nValidation studies of serological antibody tests must be properly designed for clinical, epidemiological and Public Health objectives such as confirmation of suspected COVID-19 cases, certification of seroconversion after infection, and epidemiological surveillance.\nWe evaluated the kinetics of IgM, IgA and IgG SARS-CoV-2 antibodies in COVID-19 patients with confirmed (rRT-PCR) infection.\nWe found that the IgA response appears and grows early, peaks at week 3, and it is stronger and more persistent than the IgM response.\nFurther longitudinal investigations of virus-specific antibodies functions and of their protective efficacy over time are needed.\n", "Evidence Map": {"Enrollment": [{"term": "COVID-19", "negation": "affirmed", "UMLS": "", "start": 72, "end": 80}, {"term": "confirmed (", "negation": "affirmed", "UMLS": "", "start": 95, "end": 106}], "Comparison Results": [], "Study Arm 1 Results": [], "Study Arm 2 Results": []}, "Sentence-level breakdown": [{"Section": "TITLE", "Text": "Validation studies of serologial antibody tests are needed .", "Evidence Elements": {"Participant": [], "Intervention": [], "Outcome": []}, "Evidence Propositions": []}, {"Section": "METHODS", "Text": "We evaluated the kinetics of IgM , IgA and IgG SARS-CoV-2 antibodies in COVID-19 patients with confirmed ( rRT-PCR ) infection .", "Evidence Elements": {"Participant": [{"term": "COVID-19", "negation": "affirmed", "UMLS": "", "start": 72, "end": 80}, {"term": "confirmed (", "negation": "affirmed", "UMLS": "", "start": 95, "end": 106}], "Intervention": [], "Outcome": [{"term": "kinetics of IgM , IgA and IgG SARS-CoV-2 antibodies", "negation": "affirmed", "UMLS": "", "start": 17, "end": 68}]}, "Evidence Propositions": []}, {"Section": "RESULTS", "Text": "We found that the IgA response appears and grows early , peaks at week 3 , and it is stronger and more persistent than the IgM response .", "Evidence Elements": {"Participant": [], "Intervention": [], "Outcome": [{"term": "IgA response", "negation": "affirmed", "UMLS": "", "start": 18, "end": 30}]}, "Evidence Propositions": [{"Intervention": [], "Observation": "stronger", "Outcome": "", "Count": ""}, {"Intervention": [], "Observation": "more persistent", "Outcome": "", "Count": ""}]}, {"Section": "CONCLUSIONS", "Text": "Further longitudinal investigations of virus-specific antibodies functions and of their protective efficacy over time are needed .", "Evidence Elements": {"Participant": [], "Intervention": [], "Outcome": []}, "Evidence Propositions": []}]}