{"doc_id": "32349115", "type of study": "Therapy", "title": "", "abstract": "The proposed doses of chloroquine (CQ) and hydroxychloroquine (HCQ) for treatment of COVID-19 (1000 mg/day for 10 days, CQ; 800 mg first day then 400 mg/day for 5 days, HCQ) in many guidelines worldwide, are considerably higher than the maximum recommended daily safe doses of both agents (<=2.3 mg/kg/day, CQ; <=5.0 mg/kg/day, HCQ) for development of retinal toxicity.\nIrreversible retinal damage can occur if the exposure to the safe doses is >5 years.\nIt is not known whether exposure to high doses over a short period of time can also cause the damage.\nWe recommend that before prescribing CQ or HCQ, history of ocular disease should be obtained to avoid the prescription if appropriate.\nIf either agent is to be used, routine baseline ocular examination is not absolutely necessary.\nPatients who do not have ocular disease should also be informed about the potential risk of retinal toxicity.\nBoth agents, however, have not yet been proven to be beneficial to COVID-19.\n", "Evidence Map": {"Enrollment": [{"term": "COVID-19", "negation": "affirmed", "UMLS": "", "start": 89, "end": 97}], "Comparison Results": [], "Study Arm 1 Results": [], "Study Arm 2 Results": []}, "Sentence-level breakdown": [{"Section": "TITLE", "Text": "The proposed doses of chloroquine ( CQ ) and hydroxychloroquine ( HCQ ) for treatment of COVID-19 ( 1000 mg / day for 10 days , CQ ; 800 mg first day then 400 mg / day for 5 days , HCQ ) in many guidelines worldwide , are considerably higher than the maximum recommended daily safe doses of both agents ( < = 2.3 mg / kg / day , CQ ; < = 5.0 mg / kg / day , HCQ ) for development of retinal toxicity .", "Evidence Elements": {"Participant": [{"term": "COVID-19", "negation": "affirmed", "UMLS": "", "start": 89, "end": 97}], "Intervention": [{"term": "chloroquine ( CQ )", "negation": "affirmed", "UMLS": "", "start": 22, "end": 40}, {"term": "hydroxychloroquine ( HCQ )", "negation": "affirmed", "UMLS": "", "start": 45, "end": 71}, {"term": "both agents", "negation": "affirmed", "UMLS": "", "start": 291, "end": 302}], "Outcome": [{"term": "doses", "negation": "affirmed", "UMLS": "", "start": 13, "end": 18}, {"term": "maximum recommended daily safe doses", "negation": "affirmed", "UMLS": "", "start": 251, "end": 287}]}, "Evidence Propositions": [{"Intervention": ["chloroquine ( CQ )", "hydroxychloroquine ( HCQ )", "both agents"], "Observation": "considerably higher", "Outcome": "doses", "Count": ""}, {"Intervention": ["chloroquine ( CQ )", "hydroxychloroquine ( HCQ )", "both agents"], "Observation": "considerably higher", "Outcome": "maximum recommended daily safe doses", "Count": ""}]}, {"Section": "OBJECTIVE", "Text": "We recommend that before prescribing CQ or HCQ , history of ocular disease should be obtained to avoid the prescription if appropriate .", "Evidence Elements": {"Participant": [], "Intervention": [], "Outcome": []}, "Evidence Propositions": []}, {"Section": "RESULTS", "Text": "If either agent is to be used , routine baseline ocular examination is not absolutely necessary .", "Evidence Elements": {"Participant": [], "Intervention": [], "Outcome": []}, "Evidence Propositions": []}, {"Section": "RESULTS", "Text": "Patients who do not have ocular disease should also be informed about the potential risk of retinal toxicity .", "Evidence Elements": {"Participant": [], "Intervention": [], "Outcome": []}, "Evidence Propositions": []}, {"Section": "CONCLUSIONS", "Text": "Both agents , however , have not yet been proven to be beneficial to COVID-19 .", "Evidence Elements": {"Participant": [], "Intervention": [], "Outcome": []}, "Evidence Propositions": []}]}