{"doc_id": "32345362", "type of study": "Therapy", "title": "", "abstract": "Since its discovery in December 2019, severe acute respiratory syndrome coronavirus 2 (SARS-CoV-2) has infected more than 2 180 000 people worldwide and has caused more than 150 000 deaths as of April 16, 2020.\nSARS-CoV-2, which is the virus causing coronavirus disease 2019 (COVID-19), uses the angiotensin-converting enzyme 2 (ACE2) as a cell receptor to invade human cells.\nThus, ACE2 is the key to understanding the mechanism of SARS-CoV-2 infection.\nThis study is to investigate the ACE2 expression in various human tissues in order to provide insights into the mechanism of SARS-CoV-2 infection.\nWe compared ACE2 expression levels across 31 normal human tissues between males and females and between younger (ages <= 49 years) and older (ages > 49 years) persons using two-sided Student's t test.\nWe also investigated the correlations between ACE2 expression and immune signatures in various tissues using Pearson's correlation test.\nACE2 expression levels were the highest in the small intestine, testis, kidneys, heart, thyroid, and adipose tissue, and were the lowest in the blood, spleen, bone marrow, brain, blood vessels, and muscle.\nACE2 showed medium expression levels in the lungs, colon, liver, bladder, and adrenal gland.\nACE2 was not differentially expressed between males and females or between younger and older persons in any tissue.\nIn the skin, digestive system, brain, and blood vessels, ACE2 expression levels were positively associated with immune signatures in both males and females.\nIn the thyroid and lungs, ACE2 expression levels were positively and negatively associated with immune signatures in males and females, respectively, and in the lungs they had a positive and a negative correlation in the older and younger groups, respectively.\nOur data indicate that SARS-CoV-2 may infect other tissues aside from the lungs and infect persons with different sexes, ages, and races equally.\nThe different host immune responses to SARS-CoV-2 infection may partially explain why males and females, young and old persons infected with this virus have markedly distinct disease severity.\nThis study provides new insights into the role of ACE2 in the SARS-CoV-2 pandemic.\n", "Evidence Map": {"Enrollment": [{"term": "SARS-CoV-2 infection", "negation": "affirmed", "UMLS": "", "start": 125, "end": 145}], "Comparison Results": [], "Study Arm 1 Results": [], "Study Arm 2 Results": []}, "Sentence-level breakdown": [{"Section": "TITLE", "Text": "Since its discovery in December 2019 , severe acute respiratory syndrome coronavirus 2 ( SARS-CoV-2 ) has infected more than 2 180 000 people worldwide and has caused more than 150 000 deaths as of April 16 , 2020 .", "Evidence Elements": {"Participant": [], "Intervention": [], "Outcome": []}, "Evidence Propositions": []}, {"Section": "OBJECTIVE", "Text": "This study is to investigate the ACE2 expression in various human tissues in order to provide insights into the mechanism of SARS-CoV-2 infection .", "Evidence Elements": {"Participant": [{"term": "SARS-CoV-2 infection", "negation": "affirmed", "UMLS": "", "start": 125, "end": 145}], "Intervention": [], "Outcome": [{"term": "ACE2 expression", "negation": "affirmed", "UMLS": "", "start": 33, "end": 48}]}, "Evidence Propositions": []}, {"Section": "METHODS", "Text": "We compared ACE2 expression levels across 31 normal human tissues between males and females and between younger ( ages < = 49 years ) and older ( ages > 49 years ) persons using two-sided Student 's t test .", "Evidence Elements": {"Participant": [], "Intervention": [{"term": "males", "negation": "affirmed", "UMLS": "", "start": 74, "end": 79}, {"term": "females", "negation": "affirmed", "UMLS": "", "start": 84, "end": 91}, {"term": "younger ( ages < = 49 years )", "negation": "affirmed", "UMLS": "", "start": 104, "end": 133}, {"term": "older ( ages > 49 years )", "negation": "affirmed", "UMLS": "", "start": 138, "end": 163}], "Outcome": [{"term": "ACE2 expression levels", "negation": "affirmed", "UMLS": "", "start": 12, "end": 34}]}, "Evidence Propositions": []}, {"Section": "METHODS", "Text": "We also investigated the correlations between ACE2 expression and immune signatures in various tissues using Pearson 's correlation test .", "Evidence Elements": {"Participant": [], "Intervention": [], "Outcome": [{"term": "between ACE2 expression and immune signatures", "negation": "affirmed", "UMLS": "", "start": 38, "end": 83}]}, "Evidence Propositions": []}, {"Section": "RESULTS", "Text": "ACE2 expression levels were the highest in the small intestine , testis , kidneys , heart , thyroid , and adipose tissue , and were the lowest in the blood , spleen , bone marrow , brain , blood vessels , and muscle .", "Evidence Elements": {"Participant": [], "Intervention": [], "Outcome": [{"term": "ACE2 expression levels", "negation": "affirmed", "UMLS": "", "start": 0, "end": 22}]}, "Evidence Propositions": [{"Intervention": [], "Observation": "highest", "Outcome": "ACE2 expression levels", "Count": ""}, {"Intervention": [], "Observation": "lowest", "Outcome": "ACE2 expression levels", "Count": ""}]}, {"Section": "RESULTS", "Text": "ACE2 showed medium expression levels in the lungs , colon , liver , bladder , and adrenal gland .", "Evidence Elements": {"Participant": [], "Intervention": [{"term": "ACE2", "negation": "affirmed", "UMLS": "", "start": 0, "end": 4}], "Outcome": [{"term": "expression levels", "negation": "affirmed", "UMLS": "", "start": 19, "end": 36}]}, "Evidence Propositions": []}, {"Section": "RESULTS", "Text": "ACE2 was not differentially expressed between males and females or between younger and older persons in any tissue .", "Evidence Elements": {"Participant": [], "Intervention": [{"term": "males", "negation": "negated", "UMLS": "", "start": 46, "end": 51}, {"term": "females", "negation": "negated", "UMLS": "", "start": 56, "end": 63}, {"term": "younger", "negation": "negated", "UMLS": "", "start": 75, "end": 82}, {"term": "older", "negation": "negated", "UMLS": "", "start": 87, "end": 92}], "Outcome": [{"term": "ACE2", "negation": "affirmed", "UMLS": "", "start": 0, "end": 4}]}, "Evidence Propositions": [{"Intervention": "males", "Observation": "differentially expressed", "Outcome": "ACE2", "Count": ""}, {"Intervention": "females", "Observation": "differentially expressed", "Outcome": "ACE2", "Count": ""}, {"Intervention": "younger", "Observation": "differentially expressed", "Outcome": "ACE2", "Count": ""}, {"Intervention": "older", "Observation": "differentially expressed", "Outcome": "ACE2", "Count": ""}]}, {"Section": "RESULTS", "Text": "In the skin , digestive system , brain , and blood vessels , ACE2 expression levels were positively associated with immune signatures in both males and females .", "Evidence Elements": {"Participant": [], "Intervention": [], "Outcome": [{"term": "ACE2 expression levels", "negation": "affirmed", "UMLS": "", "start": 61, "end": 83}, {"term": "immune signatures", "negation": "affirmed", "UMLS": "", "start": 116, "end": 133}]}, "Evidence Propositions": []}, {"Section": "RESULTS", "Text": "In the thyroid and lungs , ACE2 expression levels were positively and negatively associated with immune signatures in males and females , respectively , and in the lungs they had a positive and a negative correlation in the older and younger groups , respectively .", "Evidence Elements": {"Participant": [], "Intervention": [{"term": "males", "negation": "affirmed", "UMLS": "", "start": 118, "end": 123}, {"term": "females", "negation": "affirmed", "UMLS": "", "start": 128, "end": 135}, {"term": "older", "negation": "affirmed", "UMLS": "", "start": 224, "end": 229}], "Outcome": [{"term": "ACE2 expression levels", "negation": "affirmed", "UMLS": "", "start": 27, "end": 49}, {"term": "immune signatures", "negation": "affirmed", "UMLS": "", "start": 97, "end": 114}]}, "Evidence Propositions": [{"Intervention": "older", "Observation": "positive and a negative correlation", "Outcome": "ACE2 expression levels", "Count": ""}]}, {"Section": "CONCLUSIONS", "Text": "Our data indicate that SARS-CoV-2 may infect other tissues aside from the lungs and infect persons with different sexes , ages , and races equally .", "Evidence Elements": {"Participant": [], "Intervention": [{"term": "SARS-CoV-2", "negation": "affirmed", "UMLS": "", "start": 23, "end": 33}], "Outcome": []}, "Evidence Propositions": []}, {"Section": "CONCLUSIONS", "Text": "The different host immune responses to SARS-CoV-2 infection may partially explain why males and females , young and old persons infected with this virus have markedly distinct disease severity .", "Evidence Elements": {"Participant": [], "Intervention": [], "Outcome": []}, "Evidence Propositions": []}, {"Section": "CONCLUSIONS", "Text": "This study provides new insights into the role of ACE2 in the SARS-CoV-2 pandemic .", "Evidence Elements": {"Participant": [], "Intervention": [], "Outcome": []}, "Evidence Propositions": []}]}