{"doc_id": "32344304", "type of study": "Therapy", "title": "", "abstract": "COVID-19 pandemic is a major challenge for global and national healthcare providers.\nNumber of new cases is continuously increasing with an emerging trend showing worse prognosis in males in comparison to females.\nBased on this observation, our proposed hypothesis is that 5-alpha-reductase inhibitors, that are commonly used for BPH treatment, may be one of the factors contributing to poorer prognosis in males.\n", "Evidence Map": {"Enrollment": [], "Comparison Results": [], "Study Arm 1 Results": [], "Study Arm 2 Results": []}, "Sentence-level breakdown": [{"Section": "TITLE", "Text": "COVID-19 pandemic is a major challenge for global and national healthcare providers .", "Evidence Elements": {"Participant": [], "Intervention": [], "Outcome": []}, "Evidence Propositions": []}, {"Section": "CONCLUSIONS", "Text": "Number of new cases is continuously increasing with an emerging trend showing worse prognosis in males in comparison to females .", "Evidence Elements": {"Participant": [], "Intervention": [{"term": "males", "negation": "affirmed", "UMLS": "", "start": 97, "end": 102}, {"term": "females", "negation": "affirmed", "UMLS": "", "start": 120, "end": 127}], "Outcome": [{"term": "Number of new cases", "negation": "affirmed", "UMLS": "", "start": 0, "end": 19}, {"term": "prognosis", "negation": "affirmed", "UMLS": "", "start": 84, "end": 93}]}, "Evidence Propositions": [{"Intervention": "males", "Observation": "continuously increasing", "Outcome": "Number of new cases", "Count": ""}, {"Intervention": "females", "Observation": "continuously increasing", "Outcome": "Number of new cases", "Count": ""}, {"Intervention": [], "Observation": "worse", "Outcome": "", "Count": ""}]}, {"Section": "CONCLUSIONS", "Text": "Based on this observation , our proposed hypothesis is that 5-alpha-reductase inhibitors , that are commonly used for BPH treatment , may be one of the factors contributing to poorer prognosis in males .", "Evidence Elements": {"Participant": [], "Intervention": [], "Outcome": [{"term": "inhibitors", "negation": "affirmed", "UMLS": "", "start": 78, "end": 88}]}, "Evidence Propositions": []}]}