{"doc_id": "32344177", "type of study": "Therapy", "title": "", "abstract": "Human coronaviruses SARS-CoV-2 appeared at the end of 2019 and led to a pandemic with high morbidity and mortality.\nAs there are currently no effective drugs targeting this virus, drug repurposing represents a short-term strategy to treat millions of infected patients at low costs.\nHydroxychloroquine showed an antiviral effect in vitro.\nIn vivo it showed efficacy, especially when combined with azithromycin in a preliminary clinical trial.\nHere we demonstrate that the combination of hydroxychloroquine and azithromycin has a synergistic effect in vitro on SARS-CoV-2 at concentrations compatible with that obtained in human lung.\nSARS-CoV 2 emergence and spreading need to found urgently therapeutics.\nDrug repurposing is the best strategy for quick therapeutic response.\nAzithromycin and hydroxychloroquine shows synergistic effect on replication.\nConcentrations of drugs are more compatible with in vivo concentrations.\n", "Evidence Map": {"Enrollment": [], "Comparison Results": [], "Study Arm 1 Results": [], "Study Arm 2 Results": []}, "Sentence-level breakdown": [{"Section": "TITLE", "Text": "Human coronaviruses SARS-CoV-2 appeared at the end of 2019 and led to a pandemic with high morbidity and mortality .", "Evidence Elements": {"Participant": [], "Intervention": [], "Outcome": []}, "Evidence Propositions": []}, {"Section": "RESULTS", "Text": "As there are currently no effective drugs targeting this virus , drug repurposing represents a short-term strategy to treat millions of infected patients at low costs .", "Evidence Elements": {"Participant": [], "Intervention": [], "Outcome": []}, "Evidence Propositions": []}, {"Section": "RESULTS", "Text": "Hydroxychloroquine showed an antiviral effect in vitro .", "Evidence Elements": {"Participant": [], "Intervention": [{"term": "Hydroxychloroquine", "negation": "affirmed", "UMLS": "", "start": 0, "end": 18}], "Outcome": []}, "Evidence Propositions": []}, {"Section": "RESULTS", "Text": "In vivo it showed efficacy , especially when combined with azithromycin in a preliminary clinical trial .", "Evidence Elements": {"Participant": [], "Intervention": [{"term": "combined with azithromycin", "negation": "affirmed", "UMLS": "", "start": 45, "end": 71}], "Outcome": [{"term": "efficacy", "negation": "affirmed", "UMLS": "", "start": 18, "end": 26}]}, "Evidence Propositions": []}, {"Section": "RESULTS", "Text": "Here we demonstrate that the combination of hydroxychloroquine and azithromycin has a synergistic effect in vitro on SARS-CoV-2 at concentrations compatible with that obtained in human lung .", "Evidence Elements": {"Participant": [], "Intervention": [{"term": "combination of hydroxychloroquine and azithromycin", "negation": "affirmed", "UMLS": "", "start": 29, "end": 79}], "Outcome": [{"term": "SARS-CoV-2", "negation": "affirmed", "UMLS": "", "start": 117, "end": 127}]}, "Evidence Propositions": [{"Intervention": "combination of hydroxychloroquine and azithromycin", "Observation": "synergistic effect", "Outcome": "SARS-CoV-2", "Count": ""}]}, {"Section": "RESULTS", "Text": "SARS-CoV 2 emergence and spreading need to found urgently therapeutics .", "Evidence Elements": {"Participant": [], "Intervention": [], "Outcome": []}, "Evidence Propositions": []}, {"Section": "CONCLUSIONS", "Text": "Drug repurposing is the best strategy for quick therapeutic response .", "Evidence Elements": {"Participant": [], "Intervention": [], "Outcome": []}, "Evidence Propositions": []}, {"Section": "CONCLUSIONS", "Text": "Azithromycin and hydroxychloroquine shows synergistic effect on replication .", "Evidence Elements": {"Participant": [], "Intervention": [{"term": "Azithromycin", "negation": "affirmed", "UMLS": "", "start": 0, "end": 12}, {"term": "hydroxychloroquine", "negation": "affirmed", "UMLS": "", "start": 17, "end": 35}], "Outcome": [{"term": "replication", "negation": "affirmed", "UMLS": "", "start": 64, "end": 75}]}, "Evidence Propositions": [{"Intervention": "Azithromycin", "Observation": "synergistic effect", "Outcome": "replication", "Count": ""}, {"Intervention": "hydroxychloroquine", "Observation": "synergistic effect", "Outcome": "replication", "Count": ""}]}, {"Section": "CONCLUSIONS", "Text": "Concentrations of drugs are more compatible with in vivo concentrations .", "Evidence Elements": {"Participant": [], "Intervention": [], "Outcome": [{"term": "Concentrations of drugs", "negation": "affirmed", "UMLS": "", "start": 0, "end": 23}, {"term": "in", "negation": "affirmed", "UMLS": "", "start": 49, "end": 51}, {"term": "concentrations", "negation": "affirmed", "UMLS": "", "start": 57, "end": 71}]}, "Evidence Propositions": [{"Intervention": [], "Observation": "more compatible", "Outcome": "Concentrations of drugs", "Count": ""}, {"Intervention": [], "Observation": "more compatible", "Outcome": "in", "Count": ""}, {"Intervention": [], "Observation": "more compatible", "Outcome": "concentrations", "Count": ""}]}]}