{"doc_id": "32347743", "type of study": "Therapy", "title": "", "abstract": "The novel SARS-CoV-2 (severe acute respiratory syndrome coronavirus 2) is responsible for the global coronavirus disease 2019 pandemic.\nSmall studies have shown a potential benefit of chloroquine/hydroxychloroquine+-azithromycin for the treatment of coronavirus disease 2019.\nUse of these medications alone, or in combination, can lead to a prolongation of the QT interval, possibly increasing the risk of Torsade de pointes and sudden cardiac death.\nHospitalized patients treated with chloroquine/hydroxychloroquine+-azithromycin from March 1 to the 23 at 3 hospitals within the Northwell Health system were included in this prospective, observational study.\nSerial assessments of the QT interval were performed.\nThe primary outcome was QT prolongation resulting in Torsade de pointes.\nSecondary outcomes included QT prolongation, the need to prematurely discontinue any of the medications due to QT prolongation, and arrhythmogenic death.\nTwo hundred one patients were treated for coronavirus disease 2019 with chloroquine/hydroxychloroquine.\nTen patients (5.0%) received chloroquine, 191 (95.0%) received hydroxychloroquine, and 119 (59.2%) also received azithromycin.\nThe primary outcome of torsade de pointes was not observed in the entire population.\nBaseline corrected QT interval intervals did not differ between patients treated with chloroquine/hydroxychloroquine (monotherapy group) versus those treated with combination group (chloroquine/hydroxychloroquine and azithromycin; 440.6+-24.9 versus 439.9+-24.7 ms, P=0.834).\nThe maximum corrected QT interval during treatment was significantly longer in the combination group versus the monotherapy group (470.4+-45.0 ms versus 453.3+-37.0 ms, P=0.004).\nSeven patients (3.5%) required discontinuation of these medications due to corrected QT interval prolongation.\nNo arrhythmogenic deaths were reported.\nIn the largest reported cohort of coronavirus disease 2019 patients to date treated with chloroquine/hydroxychloroquine+-azithromycin, no instances of Torsade de pointes, or arrhythmogenic death were reported.\nAlthough use of these medications resulted in QT prolongation, clinicians seldomly needed to discontinue therapy.\nFurther study of the need for QT interval monitoring is needed before final recommendations can be made.\nA visual overview is available for this article.\n", "Evidence Map": {"Enrollment": [{"term": "Hospitalized patients", "negation": "affirmed", "UMLS": "", "start": 0, "end": 21}, {"term": "coronavirus disease", "negation": "affirmed", "UMLS": "", "start": 42, "end": 61}], "Comparison Results": [], "Study Arm 1 Results": [], "Study Arm 2 Results": []}, "Sentence-level breakdown": [{"Section": "TITLE", "Text": "The novel SARS-CoV-2 ( severe acute respiratory syndrome coronavirus 2 ) is responsible for the global coronavirus disease 2019 pandemic .", "Evidence Elements": {"Participant": [], "Intervention": [], "Outcome": []}, "Evidence Propositions": []}, {"Section": "METHODS", "Text": "Hospitalized patients treated with chloroquine / hydroxychloroquine +-azithromycin from March 1 to the 23 at 3 hospitals within the Northwell Health system were included in this prospective , observational study .", "Evidence Elements": {"Participant": [{"term": "Hospitalized patients", "negation": "affirmed", "UMLS": "", "start": 0, "end": 21}], "Intervention": [{"term": "hydroxychloroquine +-azithromycin", "negation": "affirmed", "UMLS": "", "start": 49, "end": 82}], "Outcome": []}, "Evidence Propositions": []}, {"Section": "METHODS", "Text": "Serial assessments of the QT interval were performed .", "Evidence Elements": {"Participant": [], "Intervention": [], "Outcome": [{"term": "Serial assessments of the QT interval", "negation": "affirmed", "UMLS": "", "start": 0, "end": 37}]}, "Evidence Propositions": []}, {"Section": "METHODS", "Text": "The primary outcome was QT prolongation resulting in Torsade de pointes .", "Evidence Elements": {"Participant": [], "Intervention": [], "Outcome": [{"term": "QT prolongation", "negation": "affirmed", "UMLS": "", "start": 24, "end": 39}, {"term": "Torsade de pointes", "negation": "affirmed", "UMLS": "", "start": 53, "end": 71}]}, "Evidence Propositions": []}, {"Section": "METHODS", "Text": "Secondary outcomes included QT prolongation , the need to prematurely discontinue any of the medications due to QT prolongation , and arrhythmogenic death .", "Evidence Elements": {"Participant": [], "Intervention": [], "Outcome": [{"term": "QT prolongation", "negation": "affirmed", "UMLS": "", "start": 28, "end": 43}, {"term": "need to prematurely discontinue any of the medications due to QT prolongation", "negation": "affirmed", "UMLS": "", "start": 50, "end": 127}]}, "Evidence Propositions": []}, {"Section": "RESULTS", "Text": "Two hundred one patients were treated for coronavirus disease 2019 with chloroquine / hydroxychloroquine .", "Evidence Elements": {"Participant": [{"term": "coronavirus disease", "negation": "affirmed", "UMLS": "", "start": 42, "end": 61}], "Intervention": [{"term": "hydroxychloroquine", "negation": "affirmed", "UMLS": "", "start": 86, "end": 104}], "Outcome": []}, "Evidence Propositions": []}, {"Section": "RESULTS", "Text": "Ten patients ( 5.0 % ) received chloroquine , 191 ( 95.0 % ) received hydroxychloroquine , and 119 ( 59.2 % ) also received azithromycin .", "Evidence Elements": {"Participant": [], "Intervention": [{"term": "chloroquine", "negation": "affirmed", "UMLS": "", "start": 32, "end": 43}], "Outcome": []}, "Evidence Propositions": []}, {"Section": "RESULTS", "Text": "The primary outcome of torsade de pointes was not observed in the entire population .", "Evidence Elements": {"Participant": [], "Intervention": [], "Outcome": [{"term": "torsade de pointes", "negation": "affirmed", "UMLS": "", "start": 23, "end": 41}]}, "Evidence Propositions": []}, {"Section": "RESULTS", "Text": "Baseline corrected QT interval intervals did not differ between patients treated with chloroquine / hydroxychloroquine ( monotherapy group ) versus those treated with combination group ( chloroquine / hydroxychloroquine and azithromycin ; 440.6 +-24.9 versus 439.9 +-24.7 ms , P= 0.834 ) .", "Evidence Elements": {"Participant": [], "Intervention": [{"term": "hydroxychloroquine", "negation": "negated", "UMLS": "", "start": 100, "end": 118}, {"term": "combination", "negation": "negated", "UMLS": "", "start": 167, "end": 178}, {"term": "hydroxychloroquine", "negation": "negated", "UMLS": "", "start": 100, "end": 118}, {"term": "azithromycin", "negation": "negated", "UMLS": "", "start": 224, "end": 236}], "Outcome": [{"term": "Baseline corrected QT interval intervals", "negation": "affirmed", "UMLS": "", "start": 0, "end": 40}]}, "Evidence Propositions": [{"Intervention": "hydroxychloroquine", "Observation": "differ", "Outcome": "Baseline corrected QT interval intervals", "Count": ""}, {"Intervention": "combination", "Observation": "differ", "Outcome": "Baseline corrected QT interval intervals", "Count": ""}, {"Intervention": "azithromycin", "Observation": "differ", "Outcome": "Baseline corrected QT interval intervals", "Count": ""}, {"Intervention": "combination", "Observation": "440.6", "Outcome": "Baseline corrected QT interval intervals", "Count": ""}]}, {"Section": "RESULTS", "Text": "The maximum corrected QT interval during treatment was significantly longer in the combination group versus the monotherapy group ( 470.4+-45.0 ms versus 453.3+-37.0 ms , P = 0.004 ) .", "Evidence Elements": {"Participant": [], "Intervention": [{"term": "combination", "negation": "affirmed", "UMLS": "", "start": 83, "end": 94}, {"term": "monotherapy", "negation": "affirmed", "UMLS": "", "start": 112, "end": 123}], "Outcome": [{"term": "maximum corrected QT interval during treatment", "negation": "affirmed", "UMLS": "", "start": 4, "end": 50}]}, "Evidence Propositions": [{"Intervention": ["combination", "monotherapy"], "Observation": "significantly longer", "Outcome": "maximum corrected QT interval during treatment", "Count": ""}, {"Intervention": "combination", "Observation": "470.4+-45.0 ms", "Outcome": "maximum corrected QT interval during treatment", "Count": ""}]}, {"Section": "RESULTS", "Text": "Seven patients ( 3.5 % ) required discontinuation of these medications due to corrected QT interval prolongation .", "Evidence Elements": {"Participant": [], "Intervention": [], "Outcome": [{"term": "discontinuation", "negation": "affirmed", "UMLS": "", "start": 34, "end": 49}, {"term": "corrected", "negation": "affirmed", "UMLS": "", "start": 78, "end": 87}]}, "Evidence Propositions": []}, {"Section": "RESULTS", "Text": "No arrhythmogenic deaths were reported .", "Evidence Elements": {"Participant": [], "Intervention": [], "Outcome": [{"term": "arrhythmogenic deaths", "negation": "negated", "UMLS": "", "start": 3, "end": 24}]}, "Evidence Propositions": []}, {"Section": "RESULTS", "Text": "In the largest reported cohort of coronavirus disease 2019 patients to date treated with chloroquine / hydroxychloroquine +-azithromycin , no instances of Torsade de pointes , or arrhythmogenic death were reported .", "Evidence Elements": {"Participant": [], "Intervention": [{"term": "hydroxychloroquine +-azithromycin", "negation": "affirmed", "UMLS": "", "start": 103, "end": 136}], "Outcome": [{"term": "instances", "negation": "negated", "UMLS": "", "start": 142, "end": 151}, {"term": "Torsade de pointes", "negation": "negated", "UMLS": "", "start": 155, "end": 173}, {"term": "arrhythmogenic", "negation": "negated", "UMLS": "", "start": 179, "end": 193}]}, "Evidence Propositions": []}, {"Section": "CONCLUSIONS", "Text": "Although use of these medications resulted in QT prolongation , clinicians seldomly needed to discontinue therapy .", "Evidence Elements": {"Participant": [], "Intervention": [], "Outcome": []}, "Evidence Propositions": []}, {"Section": "CONCLUSIONS", "Text": "Further study of the need for QT interval monitoring is needed before final recommendations can be made .", "Evidence Elements": {"Participant": [], "Intervention": [], "Outcome": []}, "Evidence Propositions": []}, {"Section": "CONCLUSIONS", "Text": "A visual overview is available for this article .", "Evidence Elements": {"Participant": [], "Intervention": [], "Outcome": []}, "Evidence Propositions": []}]}