{"doc_id": "32345072", "type of study": "Therapy", "title": "", "abstract": "Objectives: To assess the role of essential organ-based comorbidities in the prognosis of COVID-19 patients.\nMethods: All consecutive patients diagnosed with COVID-19 admitted to the Zhongnan Hospital of Wuhan University from 11 January to 16 March 2020 were enrolled in this retrospective cohort study.\nResults: A total of 212 COVID-19 patients were included.\nCOVID-19 patients with heart, liver and kidneycomorbidity, compared to patients without related comorbidities, were more likely to have cardiac injuries [9.1%(3/33) vs 2.2%(4/179), P = 0.043], liver injuries [13.0%(3/23) vs 3.2%(6/189), P = 0.027], kidney injury [54.5%(6/11) vs 2.0%(4/201), P < 0.001], and higher risk of mortality [Heart-comorbidity: 6.1%(2/33) vs 0.6%(1/179), P = 0.014; Liver-comorbidity: 8.7%(2/23) vs 0.5%(1/189), P = 0.002; Kidney-comorbidity: 27.3%(3/11) vs 1.0%(2/201), P < 0.001.\nMortality was higher in patients with more severe Grade of organ injuries [Heart-injury: P = 0.044; Liver-injury: P = 0.020; Kidney-injury: P = 0.030].\nConclusion: Male, older, co-existing of heart, liver, and kidney comorbidities, especially those with severe Grade organ injuries, had a poor prognosis after SARS-CoV-2 infection.\n", "Evidence Map": {"Enrollment": [{"term": "COVID-19", "negation": "affirmed", "UMLS": "", "start": 91, "end": 99}, {"term": "COVID-19", "negation": "affirmed", "UMLS": "", "start": 50, "end": 58}, {"term": "COVID-19", "negation": "affirmed", "UMLS": "", "start": 25, "end": 33}, {"term": "COVID-19", "negation": "affirmed", "UMLS": "", "start": 0, "end": 8}, {"term": "heart , liver and kidneycomorbidity", "negation": "affirmed", "UMLS": "", "start": 23, "end": 58}, {"term": "related comorbidities", "negation": "negated", "UMLS": "", "start": 90, "end": 111}, {"term": "Heart-injury", "negation": "affirmed", "UMLS": "", "start": 76, "end": 88}, {"term": "Liver-injury", "negation": "affirmed", "UMLS": "", "start": 103, "end": 115}, {"term": "Male", "negation": "affirmed", "UMLS": "", "start": 13, "end": 17}, {"term": "older", "negation": "affirmed", "UMLS": "", "start": 20, "end": 25}, {"term": "co-existing of heart , liver , and kidney comorbidities", "negation": "affirmed", "UMLS": "", "start": 28, "end": 83}, {"term": "severe Grade organ injuries", "negation": "affirmed", "UMLS": "", "start": 108, "end": 135}], "Comparison Results": [], "Study Arm 1 Results": [], "Study Arm 2 Results": []}, "Sentence-level breakdown": [{"Section": "TITLE", "Text": "Objectives : To assess the role of essential organ-based comorbidities in the prognosis of COVID-19 patients .", "Evidence Elements": {"Participant": [{"term": "COVID-19", "negation": "affirmed", "UMLS": "", "start": 91, "end": 99}], "Intervention": [{"term": "essential organ-based comorbidities", "negation": "affirmed", "UMLS": "", "start": 35, "end": 70}], "Outcome": [{"term": "prognosis", "negation": "affirmed", "UMLS": "", "start": 78, "end": 87}]}, "Evidence Propositions": []}, {"Section": "METHODS", "Text": "Methods : All consecutive patients diagnosed with COVID-19 admitted to the Zhongnan Hospital of Wuhan University from 11 January to 16 March 2020 were enrolled in this retrospective cohort study .", "Evidence Elements": {"Participant": [{"term": "COVID-19", "negation": "affirmed", "UMLS": "", "start": 50, "end": 58}], "Intervention": [], "Outcome": []}, "Evidence Propositions": []}, {"Section": "RESULTS", "Text": "Results : A total of 212 COVID-19 patients were included .", "Evidence Elements": {"Participant": [{"term": "COVID-19", "negation": "affirmed", "UMLS": "", "start": 25, "end": 33}], "Intervention": [], "Outcome": []}, "Evidence Propositions": []}, {"Section": "RESULTS", "Text": "COVID-19 patients with heart , liver and kidneycomorbidity , compared to patients without related comorbidities , were more likely to have cardiac injuries [ 9.1 % ( 3 / 33 ) vs 2.2 % ( 4 / 179 ) , P = 0.043 ] , liver injuries [ 13.0 % ( 3 / 23 ) vs 3.2 % ( 6 / 189 ) , P = 0.027 ] , kidney injury [ 54.5 % ( 6 / 11 ) vs 2.0 % ( 4 / 201 ) , P < 0.001 ] , and", "Evidence Elements": {"Participant": [{"term": "COVID-19", "negation": "affirmed", "UMLS": "", "start": 0, "end": 8}, {"term": "heart , liver and kidneycomorbidity", "negation": "affirmed", "UMLS": "", "start": 23, "end": 58}, {"term": "related comorbidities", "negation": "negated", "UMLS": "", "start": 90, "end": 111}], "Intervention": [], "Outcome": [{"term": "cardiac injuries", "negation": "negated", "UMLS": "", "start": 139, "end": 155}, {"term": "liver injuries", "negation": "negated", "UMLS": "", "start": 212, "end": 226}, {"term": "kidney injury", "negation": "negated", "UMLS": "", "start": 284, "end": 297}]}, "Evidence Propositions": [{"Intervention": [], "Observation": "more likely", "Outcome": "cardiac injuries", "Count": ""}, {"Intervention": [], "Observation": "more likely", "Outcome": "liver injuries", "Count": ""}, {"Intervention": [], "Observation": "more likely", "Outcome": "kidney injury", "Count": ""}]}, {"Section": "RESULTS", "Text": "Mortality was higher in patients with more severe Grade of organ injuries [ Heart-injury : P = 0.044 ; Liver-injury : P = 0.020 ; Kidney-injury : P = 0.030 ] .", "Evidence Elements": {"Participant": [{"term": "Heart-injury", "negation": "affirmed", "UMLS": "", "start": 76, "end": 88}, {"term": "Liver-injury", "negation": "affirmed", "UMLS": "", "start": 103, "end": 115}], "Intervention": [{"term": "more severe Grade of organ injuries", "negation": "affirmed", "UMLS": "", "start": 38, "end": 73}], "Outcome": [{"term": "Mortality", "negation": "affirmed", "UMLS": "", "start": 0, "end": 9}]}, "Evidence Propositions": [{"Intervention": ["more severe Grade of organ injuries"], "Observation": "higher", "Outcome": "Mortality", "Count": ""}]}, {"Section": "CONCLUSIONS", "Text": "Conclusion : Male , older , co-existing of heart , liver , and kidney comorbidities , especially those with severe Grade organ injuries , had a poor prognosis after SARS-CoV-2 infection .", "Evidence Elements": {"Participant": [{"term": "Male", "negation": "affirmed", "UMLS": "", "start": 13, "end": 17}, {"term": "older", "negation": "affirmed", "UMLS": "", "start": 20, "end": 25}, {"term": "co-existing of heart , liver , and kidney comorbidities", "negation": "affirmed", "UMLS": "", "start": 28, "end": 83}, {"term": "severe Grade organ injuries", "negation": "affirmed", "UMLS": "", "start": 108, "end": 135}], "Intervention": [], "Outcome": []}, "Evidence Propositions": []}]}