{"doc_id": "32340089", "type of study": "Therapy", "title": "", "abstract": "Objective: To study the pathological changes of the spleen in patients with COVID-19 and to analyze the relationship between the weakened immune system and splenic lesions.\nMethods: Postmortem needle autopsies from the spleen were carried out on 10 patients who died from COVID-19 in Wuhan.\nRoutine hematoxylin and eosin (HE) staining was used to observe the pathological changes.\nThe changes of lymphocytes were studied further with immunohistochemistry.\nRT-PCR was used to detect 2019-nCoV RNA in the spleen.\nIn addition,the Epstein-Barr virus (EBV) was detected by in situ hybridization, and coronavirus particles were detected by transmission electron microscopy in 2 cases.\nResults: There were 7 males and 3 females, with an average age of 68.3 years.\nOf the 10 cases, 4 had cancer history and another 4 had other underlying diseases respectively.\nCough, fever, malaise and dyspnea were the main clinical symptoms.\nThe time from onset to death was 15-45 days.\nTen cases patients had normal or slight increase in peripheral blood leukocyte count in the early stage of the disease, 6 cases had significant increase before death.\nFive patients' peripheral blood lymphocyte count decreased in the early stage of the disease, and 10 patients' peripheral blood lymphocyte count decreased significantly before the disease progressed or died.\nSeven cases were treated with corticosteroid (methylprednisolone <=40 mg/d, not more than 5 days).\nHistopathological examination showed that the cell composition of the spleen decreased, white pulp atrophied at different levels, meanwhile lymphoid follicles decreased or absent;in addition, the ratio of red pulp to white pulp increased with varying degrees.\nIn 7 cases, more neutrophil infiltration was found, and in 5 cases, scattered plasma cell infiltration was found.\nMacrophage proliferation and hemophagocytic phenomena in a few cells were found in a case.\nMeanwhile, necrosis and lymphocyte apoptosis were detected in 2 cases, small artery thrombosis and spleen infarction in 1 case, and fungal infection in 1 case.\nThe results of immunohistochemistry showed that the T and B lymphocyte components of the spleen in all cases decreased in varying degrees.\nCD20(+) B cells were found to accumulate in the lymphoid sheath around the splenic artery in 8 cases.\nHowever, CD20 and CD21 immunostaining in 2 cases showed that the number of white pulp was almost normal, and splenic nodules were atrophic.\nCD3(+), CD4(+) and CD8(+)T cells were decreased.\nIn 9 cases,CD68(+) macrophages were no significant changes in the distribution and quantity.\nWhile more CD68(+) cells were found in the medullary sinuses of 1 case (related to fungal infection).\nFew CD56(+) cells were found.\nEBV was negative by in situ hybridization.\nRT-PCR was used to detect the nucleic acid of 2019-nCoV. One of 10 cases was positive, 39 years old,who was the youngest patient in this group, and the other 9 cases were negative.\nCoronavirus particles were found in the cytoplasm of macrophage under electron microscope in 2 cases.\nConclusions: The death of COVID-19 occurs mainly in the elderly, and some cases have no underlying diseases.\nSpleen may be one of the organs directly attacked by the virus in some patients who died from COVID-19.\nT and B lymphocyte in the spleen decrease in varying degrees, lymphoid follicles are atrophied, decreased or absent, and the number of NK cells do not change significantly. And the pathological changes of the spleen are not related to the use of low dose corticosteroid, which may be related to the direct attack of virus and the attack of immune system on its own tissues.\n", "Evidence Map": {"Enrollment": [{"term": "COVID-19", "negation": "affirmed", "UMLS": "", "start": 77, "end": 85}, {"term": "died", "negation": "affirmed", "UMLS": "", "start": 90, "end": 94}, {"term": "COVID-19", "negation": "affirmed", "UMLS": "", "start": 100, "end": 108}], "Comparison Results": [], "Study Arm 1 Results": [], "Study Arm 2 Results": []}, "Sentence-level breakdown": [{"Section": "TITLE", "Text": "Objective : To study the pathological changes of the spleen in patients with COVID-19 and to analyze the relationship between the weakened immune system and splenic lesions .", "Evidence Elements": {"Participant": [{"term": "COVID-19", "negation": "affirmed", "UMLS": "", "start": 77, "end": 85}], "Intervention": [], "Outcome": [{"term": "pathological changes of the spleen", "negation": "affirmed", "UMLS": "", "start": 25, "end": 59}, {"term": "between the weakened immune system and splenic", "negation": "affirmed", "UMLS": "", "start": 118, "end": 164}]}, "Evidence Propositions": []}, {"Section": "METHODS", "Text": "Methods : Postmortem needle autopsies from the spleen were carried out on 10 patients who died from COVID-19 in Wuhan .", "Evidence Elements": {"Participant": [{"term": "died", "negation": "affirmed", "UMLS": "", "start": 90, "end": 94}, {"term": "COVID-19", "negation": "affirmed", "UMLS": "", "start": 100, "end": 108}], "Intervention": [], "Outcome": [{"term": "Postmortem needle autopsies", "negation": "affirmed", "UMLS": "", "start": 10, "end": 37}]}, "Evidence Propositions": []}, {"Section": "METHODS", "Text": "Routine hematoxylin and eosin ( HE ) staining was used to observe the pathological changes .", "Evidence Elements": {"Participant": [], "Intervention": [], "Outcome": []}, "Evidence Propositions": []}, {"Section": "METHODS", "Text": "The changes of lymphocytes were studied further with immunohistochemistry .", "Evidence Elements": {"Participant": [], "Intervention": [], "Outcome": [{"term": "changes of lymphocytes", "negation": "affirmed", "UMLS": "", "start": 4, "end": 26}]}, "Evidence Propositions": []}, {"Section": "METHODS", "Text": "RT-PCR was used to detect 2019-nCoV RNA in the spleen .", "Evidence Elements": {"Participant": [], "Intervention": [], "Outcome": [{"term": "2019-nCoV RNA", "negation": "affirmed", "UMLS": "", "start": 26, "end": 39}]}, "Evidence Propositions": []}, {"Section": "METHODS", "Text": "In addition , the Epstein-Barr virus ( EBV ) was detected by insitu hybridization , and coronavirus particles were detected by transmission electron microscopy in 2 cases .", "Evidence Elements": {"Participant": [], "Intervention": [], "Outcome": [{"term": "Epstein-Barr virus ( EBV )", "negation": "affirmed", "UMLS": "", "start": 18, "end": 44}, {"term": "coronavirus particles", "negation": "affirmed", "UMLS": "", "start": 88, "end": 109}]}, "Evidence Propositions": []}, {"Section": "RESULTS", "Text": "Results : There were 7 males and 3 females , with an average age of 68.3 years .", "Evidence Elements": {"Participant": [], "Intervention": [], "Outcome": []}, "Evidence Propositions": []}, {"Section": "RESULTS", "Text": "Of the 10 cases , 4 had cancer history and another 4 had other underlying diseases respectively .", "Evidence Elements": {"Participant": [], "Intervention": [], "Outcome": []}, "Evidence Propositions": []}, {"Section": "RESULTS", "Text": "Cough , fever , malaise and dyspnea were the main clinical symptoms .", "Evidence Elements": {"Participant": [], "Intervention": [], "Outcome": [{"term": "Cough", "negation": "affirmed", "UMLS": "", "start": 0, "end": 5}, {"term": "fever", "negation": "affirmed", "UMLS": "", "start": 8, "end": 13}, {"term": "malaise", "negation": "affirmed", "UMLS": "", "start": 16, "end": 23}, {"term": "dyspnea", "negation": "affirmed", "UMLS": "", "start": 28, "end": 35}]}, "Evidence Propositions": []}, {"Section": "RESULTS", "Text": "The time from onset to death was 15-45 days .", "Evidence Elements": {"Participant": [], "Intervention": [], "Outcome": [{"term": "time from onset to death", "negation": "affirmed", "UMLS": "", "start": 4, "end": 28}]}, "Evidence Propositions": []}, {"Section": "RESULTS", "Text": "Ten cases patients had normal or slight increase in peripheral blood leukocyte count in the early stage of the disease , 6 cases had significant increase before death .", "Evidence Elements": {"Participant": [], "Intervention": [], "Outcome": [{"term": "peripheral blood leukocyte count", "negation": "affirmed", "UMLS": "", "start": 52, "end": 84}]}, "Evidence Propositions": []}, {"Section": "RESULTS", "Text": "Five patients ' peripheral blood lymphocyte count decreased in the early stage of the disease , and 10 patients ' peripheral blood lymphocyte count decreased significantly before the disease progressed or died .", "Evidence Elements": {"Participant": [], "Intervention": [], "Outcome": [{"term": "peripheral blood lymphocyte count", "negation": "affirmed", "UMLS": "", "start": 16, "end": 49}, {"term": "peripheral blood lymphocyte count", "negation": "affirmed", "UMLS": "", "start": 16, "end": 49}]}, "Evidence Propositions": []}, {"Section": "RESULTS", "Text": "Seven cases were treated with corticosteroid ( methylprednisolone < =40 mg / d , not more than 5 days ) .", "Evidence Elements": {"Participant": [], "Intervention": [{"term": "corticosteroid", "negation": "affirmed", "UMLS": "", "start": 30, "end": 44}], "Outcome": []}, "Evidence Propositions": []}, {"Section": "RESULTS", "Text": "Histopathological examination showed that the cell composition of the spleen decreased , white pulp atrophied at different levels , meanwhile lymphoid follicles decreased or absent ; in addition , the ratio of red pulp to white pulp increased with varying degrees .", "Evidence Elements": {"Participant": [], "Intervention": [], "Outcome": [{"term": "cell composition of the spleen", "negation": "affirmed", "UMLS": "", "start": 46, "end": 76}, {"term": "white pulp", "negation": "affirmed", "UMLS": "", "start": 89, "end": 99}, {"term": "lymphoid follicles", "negation": "affirmed", "UMLS": "", "start": 142, "end": 160}, {"term": "ratio of red pulp to white", "negation": "affirmed", "UMLS": "", "start": 201, "end": 227}]}, "Evidence Propositions": []}, {"Section": "RESULTS", "Text": "In 7 cases , more neutrophil infiltration was found , and in 5 cases , scattered plasma cell infiltration was found .", "Evidence Elements": {"Participant": [], "Intervention": [], "Outcome": [{"term": "neutrophil infiltration", "negation": "affirmed", "UMLS": "", "start": 18, "end": 41}, {"term": "scattered plasma cell", "negation": "affirmed", "UMLS": "", "start": 71, "end": 92}]}, "Evidence Propositions": [{"Intervention": [], "Observation": "", "Count": "more", "Outcome": ""}]}, {"Section": "RESULTS", "Text": "Macrophage proliferation and hemophagocytic phenomena in a few cells were found in a case .", "Evidence Elements": {"Participant": [], "Intervention": [], "Outcome": [{"term": "Macrophage proliferation", "negation": "affirmed", "UMLS": "", "start": 0, "end": 24}, {"term": "hemophagocytic phenomena in a few cells", "negation": "affirmed", "UMLS": "", "start": 29, "end": 68}]}, "Evidence Propositions": []}, {"Section": "RESULTS", "Text": "Meanwhile , necrosis and lymphocyte apoptosis were detected in 2 cases , small artery thrombosis and spleen infarction in 1 case , and fungal infection in 1 case .", "Evidence Elements": {"Participant": [], "Intervention": [], "Outcome": [{"term": "necrosis", "negation": "affirmed", "UMLS": "", "start": 12, "end": 20}, {"term": "lymphocyte apoptosis", "negation": "affirmed", "UMLS": "", "start": 25, "end": 45}, {"term": "small artery thrombosis", "negation": "affirmed", "UMLS": "", "start": 73, "end": 96}, {"term": "spleen infarction", "negation": "affirmed", "UMLS": "", "start": 101, "end": 118}, {"term": "fungal infection", "negation": "affirmed", "UMLS": "", "start": 135, "end": 151}]}, "Evidence Propositions": []}, {"Section": "RESULTS", "Text": "The results of immunohistochemistry showed that the T and B lymphocyte components of the spleen in all cases decreased in varying degrees .", "Evidence Elements": {"Participant": [], "Intervention": [], "Outcome": [{"term": "T and B lymphocyte components of the spleen", "negation": "affirmed", "UMLS": "", "start": 52, "end": 95}]}, "Evidence Propositions": []}, {"Section": "RESULTS", "Text": "CD20 (+ ) B cells were found to accumulate in the lymphoid sheath around the splenic artery in 8 cases .", "Evidence Elements": {"Participant": [], "Intervention": [], "Outcome": [{"term": "CD20 (+ ) B cells", "negation": "affirmed", "UMLS": "", "start": 0, "end": 17}]}, "Evidence Propositions": []}, {"Section": "RESULTS", "Text": "However , CD20 and CD21 immunostaining in 2 cases showed that the number of white pulp was almost normal , and splenic nodules were atrophic .", "Evidence Elements": {"Participant": [], "Intervention": [], "Outcome": [{"term": "number of white pulp", "negation": "affirmed", "UMLS": "", "start": 66, "end": 86}, {"term": "splenic nodules", "negation": "affirmed", "UMLS": "", "start": 111, "end": 126}]}, "Evidence Propositions": []}, {"Section": "RESULTS", "Text": "CD3 ( + ) , CD4 ( + ) and CD8 ( + ) T cells were decreased .", "Evidence Elements": {"Participant": [], "Intervention": [], "Outcome": [{"term": "CD3 ( + )", "negation": "affirmed", "UMLS": "", "start": 0, "end": 9}, {"term": "CD4 (", "negation": "affirmed", "UMLS": "", "start": 12, "end": 17}]}, "Evidence Propositions": []}, {"Section": "RESULTS", "Text": "In 9 cases , CD68 (+ ) macrophages were no significant changes in the distribution and quantity .", "Evidence Elements": {"Participant": [], "Intervention": [{"term": "CD68 (+ ) macrophages", "negation": "affirmed", "UMLS": "", "start": 13, "end": 34}], "Outcome": []}, "Evidence Propositions": []}, {"Section": "RESULTS", "Text": "While more CD68 (+ ) cells were found in the medullary sinuses of 1 case ( related to fungal infection ) .", "Evidence Elements": {"Participant": [], "Intervention": [], "Outcome": [{"term": "CD68 (+ ) cells", "negation": "affirmed", "UMLS": "", "start": 11, "end": 26}, {"term": "medullary sinuses", "negation": "affirmed", "UMLS": "", "start": 45, "end": 62}]}, "Evidence Propositions": [{"Intervention": [], "Observation": "more", "Outcome": "", "Count": ""}]}, {"Section": "RESULTS", "Text": "Few CD56 (+ ) cells were found .", "Evidence Elements": {"Participant": [], "Intervention": [], "Outcome": [{"term": "CD56 (+ ) cells", "negation": "affirmed", "UMLS": "", "start": 4, "end": 19}]}, "Evidence Propositions": []}, {"Section": "RESULTS", "Text": "EBV was negative by insitu hybridization .", "Evidence Elements": {"Participant": [], "Intervention": [], "Outcome": [{"term": "EBV", "negation": "affirmed", "UMLS": "", "start": 0, "end": 3}]}, "Evidence Propositions": []}, {"Section": "RESULTS", "Text": "RT-PCR was used to detect the nucleic acid of 2019-nCoV . One of 10 cases was positive , 39 years old , who was the youngest patient in this group , and the other 9 cases were negative .", "Evidence Elements": {"Participant": [], "Intervention": [{"term": "2019-nCoV", "negation": "affirmed", "UMLS": "", "start": 46, "end": 55}], "Outcome": [{"term": "nucleic acid", "negation": "affirmed", "UMLS": "", "start": 30, "end": 42}]}, "Evidence Propositions": []}, {"Section": "RESULTS", "Text": "Coronavirus particles were found in the cytoplasm of macrophage under electron microscope in 2 cases .", "Evidence Elements": {"Participant": [], "Intervention": [], "Outcome": [{"term": "Coronavirus particles", "negation": "affirmed", "UMLS": "", "start": 0, "end": 21}]}, "Evidence Propositions": []}, {"Section": "CONCLUSIONS", "Text": "Conclusions : The death of COVID-19 occurs mainly in the elderly , and some cases have no underlying diseases .", "Evidence Elements": {"Participant": [], "Intervention": [], "Outcome": [{"term": "death", "negation": "affirmed", "UMLS": "", "start": 18, "end": 23}]}, "Evidence Propositions": []}, {"Section": "CONCLUSIONS", "Text": "Spleen may be one of the organs directly attacked by the virus in some patients who died from COVID-19 .", "Evidence Elements": {"Participant": [], "Intervention": [], "Outcome": []}, "Evidence Propositions": []}, {"Section": "CONCLUSIONS", "Text": "T and B lymphocyte in the spleen decrease in varying degrees , lymphoid follicles are atrophied , decreased or absent , and the number of NK cells do not change significantly . And the pathological changes of the spleen are not related to the use of low dose corticosteroid , which may be related to the direct attack of virus and the attack of immune system on its own tissues .", "Evidence Elements": {"Participant": [], "Intervention": [{"term": "low", "negation": "negated", "UMLS": "", "start": 250, "end": 253}, {"term": "corticosteroid", "negation": "negated", "UMLS": "", "start": 259, "end": 273}], "Outcome": [{"term": "T and B lymphocyte", "negation": "affirmed", "UMLS": "", "start": 0, "end": 18}, {"term": "lymphoid follicles", "negation": "affirmed", "UMLS": "", "start": 63, "end": 81}, {"term": "number of NK cells", "negation": "affirmed", "UMLS": "", "start": 128, "end": 146}, {"term": "pathological changes", "negation": "negated", "UMLS": "", "start": 185, "end": 205}]}, "Evidence Propositions": []}]}