{"doc_id": "32356908", "type of study": "Therapy", "title": "", "abstract": "We have applied mathematical modeling to investigate the infections of the ongoing coronavirus disease-2019 (COVID-19) pandemic caused by SARS-CoV-2 virus.\nWe first validated our model using the well-studied influenza viruses and then compared the pathogenesis processes between the two viruses.\nThe interaction between host innate and adaptive immune responses was found to be a potential cause for the higher severity and mortality in COVID-19 patients.\nSpecifically, the timing mismatch between the two immune responses has a major impact on disease progression.\nThe adaptive immune response of the COVID-19 patients is more likely to come before the peak of viral load, while the opposite is true for influenza patients.\nThis difference in timing causes delayed depletion of vulnerable epithelial cells in the lungs in COVID-19 patients while enhancing viral clearance in influenza patients.\nStronger adaptive immunity in COVID-19 patients can potentially lead to longer recovery time and more severe secondary complications.\nBased on our analysis, delaying the onset of adaptive immune responses during the early phase of infections may be a potential treatment option for high-risk COVID-19 patients.\nSuppressing the adaptive immune response temporarily and avoiding its interference with the innate immune response may allow the innate immunity to more efficiently clear the virus.\n", "Evidence Map": {"Enrollment": [{"term": "virus", "negation": "affirmed", "UMLS": "", "start": 89, "end": 94}, {"term": "COVID-19", "negation": "affirmed", "UMLS": "", "start": 141, "end": 149}, {"term": "COVID-19", "negation": "affirmed", "UMLS": "", "start": 98, "end": 106}, {"term": "influenza", "negation": "affirmed", "UMLS": "", "start": 151, "end": 160}, {"term": "COVID-19", "negation": "affirmed", "UMLS": "", "start": 30, "end": 38}, {"term": "high-risk COVID-19", "negation": "affirmed", "UMLS": "", "start": 149, "end": 167}], "Comparison Results": [], "Study Arm 1 Results": [], "Study Arm 2 Results": []}, "Sentence-level breakdown": [{"Section": "TITLE", "Text": "We have applied mathematical modeling to investigate the infections of the ongoing coronavirus disease-2019 (COVID-19) pandemic caused by SARS-CoV-2 virus .", "Evidence Elements": {"Participant": [{"term": "virus", "negation": "affirmed", "UMLS": "", "start": 89, "end": 94}], "Intervention": [], "Outcome": [{"term": "infections", "negation": "affirmed", "UMLS": "", "start": 57, "end": 67}]}, "Evidence Propositions": []}, {"Section": "METHODS", "Text": "We first validated our model using the well-studied influenza viruses and then compared the pathogenesis processes between the two viruses .", "Evidence Elements": {"Participant": [], "Intervention": [{"term": "viruses", "negation": "affirmed", "UMLS": "", "start": 62, "end": 69}], "Outcome": [{"term": "pathogenesis processes", "negation": "affirmed", "UMLS": "", "start": 92, "end": 114}]}, "Evidence Propositions": []}, {"Section": "RESULTS", "Text": "The interaction between host innate and adaptive immune responses was found to be a potential cause for the higher severity and mortality in COVID-19 patients .", "Evidence Elements": {"Participant": [{"term": "COVID-19", "negation": "affirmed", "UMLS": "", "start": 141, "end": 149}], "Intervention": [], "Outcome": [{"term": "severity and mortality", "negation": "affirmed", "UMLS": "", "start": 115, "end": 137}]}, "Evidence Propositions": []}, {"Section": "CONCLUSIONS", "Text": "Specifically , the timing mismatch between the two immune responses has a major impact on disease progression .", "Evidence Elements": {"Participant": [], "Intervention": [], "Outcome": []}, "Evidence Propositions": []}, {"Section": "CONCLUSIONS", "Text": "The adaptive immune response of the COVID-19 patients is more likely to come before the peak of viral load , while the opposite is true for influenza patients .", "Evidence Elements": {"Participant": [], "Intervention": [{"term": "COVID-19", "negation": "affirmed", "UMLS": "", "start": 36, "end": 44}, {"term": "influenza", "negation": "affirmed", "UMLS": "", "start": 140, "end": 149}], "Outcome": [{"term": "adaptive immune response", "negation": "affirmed", "UMLS": "", "start": 4, "end": 28}]}, "Evidence Propositions": [{"Intervention": ["COVID-19"], "Observation": "more likely", "Outcome": "adaptive immune response", "Count": ""}]}, {"Section": "CONCLUSIONS", "Text": "This difference in timing causes delayed depletion of vulnerable epithelial cells in the lungs in COVID-19 patients while enhancing viral clearance in influenza patients .", "Evidence Elements": {"Participant": [{"term": "COVID-19", "negation": "affirmed", "UMLS": "", "start": 98, "end": 106}, {"term": "influenza", "negation": "affirmed", "UMLS": "", "start": 151, "end": 160}], "Intervention": [], "Outcome": [{"term": "depletion of vulnerable epithelial cells in the lungs", "negation": "affirmed", "UMLS": "", "start": 41, "end": 94}, {"term": "viral clearance", "negation": "affirmed", "UMLS": "", "start": 132, "end": 147}]}, "Evidence Propositions": []}, {"Section": "CONCLUSIONS", "Text": "Stronger adaptive immunity in COVID-19 patients can potentially lead to longer recovery time and more severe secondary complications .", "Evidence Elements": {"Participant": [{"term": "COVID-19", "negation": "affirmed", "UMLS": "", "start": 30, "end": 38}], "Intervention": [], "Outcome": [{"term": "adaptive immunity", "negation": "affirmed", "UMLS": "", "start": 9, "end": 26}, {"term": "recovery time", "negation": "affirmed", "UMLS": "", "start": 79, "end": 92}, {"term": "severe secondary complications", "negation": "affirmed", "UMLS": "", "start": 102, "end": 132}]}, "Evidence Propositions": []}, {"Section": "CONCLUSIONS", "Text": "Based on our analysis , delaying the onset of adaptive immune responses during the early phase of infections may be a potential treatment option for high-risk COVID-19 patients .", "Evidence Elements": {"Participant": [{"term": "high-risk COVID-19", "negation": "affirmed", "UMLS": "", "start": 149, "end": 167}], "Intervention": [], "Outcome": [{"term": "onset of adaptive immune responses", "negation": "affirmed", "UMLS": "", "start": 37, "end": 71}]}, "Evidence Propositions": []}, {"Section": "CONCLUSIONS", "Text": "Suppressing the adaptive immune response temporarily and avoiding its interference with the innate immune response may allow the innate immunity to more efficiently clear the virus .", "Evidence Elements": {"Participant": [], "Intervention": [], "Outcome": []}, "Evidence Propositions": []}]}