{"doc_id": "32357072", "type of study": "Therapy", "title": "", "abstract": "Objective: Previous studies on coronavirus disease 2019 (COVID-19) were based on information from the general population.\nWe aimed to further clarify the clinical characteristics of diabetes with COVID-19.\nMethods: Twenty-eight patients with diabetes and COVID-19 were enrolled from January 29, 2020, to February 10, 2020, with a final follow-up on February 22, 2020.\nEpidemiologic, demographic, clinical, laboratory, treatment, and outcome data were analyzed.\nResults: The average age of the 28 patients was 68.6 +- 9.0 years.\nMost (75%) patients were male.\nOnly 39.3% of the patients had a clear exposure of COVID-19.\nFever (92.9%), dry cough (82.1%), and fatigue (64.3%) were the most common symptoms, followed by dyspnea (57.1%), anorexia (57.1%), diarrhea (42.9%), expectoration (25.0%), and nausea (21.4%).\nFourteen patients were admitted to the intensive care unit (ICU).\nThe hemoglobin A1c level was similar between ICU and non-ICU patients.\nICU patients had a higher respiratory rate, higher levels of random blood glucose, aspartate transaminase, bilirubin, creatine, N-terminal prohormone of brain natriuretic peptide, troponin I, D-dimers, procalcitonin, C-reactive protein, ferritin, interleukin (IL)-2R, IL-6, and IL-8 than non-ICU patients.\nEleven of 14 ICU patients received noninvasive ventilation and 7 patients received invasive mechanical ventilation.\nTwelve patients died in the ICU group and no patients died in the non-ICU group.\nConclusion: ICU cases showed higher rates of organ failure and mortality than non-ICU cases.\nThe poor outcomes of patients with diabetes and COVID-19 indicated that more supervision is required in these patients.\nAbbreviations: COVID-19 = coronavirus disease 2019; ICU = intensive care unit; MERS-CoV = middle East respiratory syndrome-related coronavirus; 2019- nCoV = 2019 novel coronavirus; NT-proBNP = N-terminal prohormone of brain natriuretic peptide; SARS-CoV = severe acute respiratory syndrome-related coronavirus\n", "Evidence Map": {"Enrollment": [{"term": "diabetes", "negation": "affirmed", "UMLS": "", "start": 60, "end": 68}, {"term": "COVID-19", "negation": "affirmed", "UMLS": "", "start": 74, "end": 82}, {"term": "diabetes", "negation": "affirmed", "UMLS": "", "start": 37, "end": 45}, {"term": "COVID-19", "negation": "affirmed", "UMLS": "", "start": 50, "end": 58}, {"term": "admitted to", "negation": "affirmed", "UMLS": "", "start": 23, "end": 34}, {"term": "care unit (", "negation": "affirmed", "UMLS": "", "start": 49, "end": 60}, {"term": "ICU", "negation": "affirmed", "UMLS": "", "start": 0, "end": 3}, {"term": "ICU", "negation": "affirmed", "UMLS": "", "start": 13, "end": 16}, {"term": "diabetes", "negation": "affirmed", "UMLS": "", "start": 35, "end": 43}, {"term": "coronavirus disease", "negation": "affirmed", "UMLS": "", "start": 27, "end": 46}, {"term": "middle East respiratory syndrome-related coronavirus", "negation": "affirmed", "UMLS": "", "start": 93, "end": 145}, {"term": "SARS-CoV", "negation": "affirmed", "UMLS": "", "start": 250, "end": 258}], "Comparison Results": [], "Study Arm 1 Results": [], "Study Arm 2 Results": []}, "Sentence-level breakdown": [{"Section": "TITLE", "Text": "Objective : Previous studies on coronavirus disease 2019 ( COVID-19 ) were based on information from the general population .", "Evidence Elements": {"Participant": [], "Intervention": [], "Outcome": []}, "Evidence Propositions": []}, {"Section": "OBJECTIVE", "Text": "We aimed to further clarify the clinical characteristics of diabetes with COVID-19 .", "Evidence Elements": {"Participant": [{"term": "diabetes", "negation": "affirmed", "UMLS": "", "start": 60, "end": 68}, {"term": "COVID-19", "negation": "affirmed", "UMLS": "", "start": 74, "end": 82}], "Intervention": [], "Outcome": [{"term": "characteristics", "negation": "affirmed", "UMLS": "", "start": 41, "end": 56}]}, "Evidence Propositions": []}, {"Section": "METHODS", "Text": "Methods : Twenty-eight patients with diabetes and COVID-19 were enrolled from January 29 , 2020 , to February 10 , 2020 , with a final follow-up on February 22 , 2020 .", "Evidence Elements": {"Participant": [{"term": "diabetes", "negation": "affirmed", "UMLS": "", "start": 37, "end": 45}, {"term": "COVID-19", "negation": "affirmed", "UMLS": "", "start": 50, "end": 58}], "Intervention": [], "Outcome": []}, "Evidence Propositions": []}, {"Section": "METHODS", "Text": "Epidemiologic , demographic , clinical , laboratory , treatment , and outcome data were analyzed .", "Evidence Elements": {"Participant": [], "Intervention": [], "Outcome": []}, "Evidence Propositions": []}, {"Section": "RESULTS", "Text": "Results : The average age of the 28 patients was 68.6+-9.0 years .", "Evidence Elements": {"Participant": [], "Intervention": [], "Outcome": []}, "Evidence Propositions": []}, {"Section": "RESULTS", "Text": "Most ( 75 % ) patients were male .", "Evidence Elements": {"Participant": [], "Intervention": [], "Outcome": []}, "Evidence Propositions": []}, {"Section": "RESULTS", "Text": "Only 39.3 % of the patients had a clear exposure of COVID-19 .", "Evidence Elements": {"Participant": [], "Intervention": [{"term": "clear exposure of", "negation": "affirmed", "UMLS": "", "start": 34, "end": 51}], "Outcome": []}, "Evidence Propositions": []}, {"Section": "RESULTS", "Text": "Fever ( 92.9 % ) , dry cough ( 82.1 % ) , and fatigue ( 64.3 % ) were the most common symptoms , followed by dyspnea ( 57.1 % ) , anorexia ( 57.1 % ) , diarrhea ( 42.9 % ) , expectoration ( 25.0 % ) , and nausea ( 21.4 % ) .", "Evidence Elements": {"Participant": [], "Intervention": [], "Outcome": [{"term": "Fever", "negation": "affirmed", "UMLS": "", "start": 0, "end": 5}, {"term": "dry cough", "negation": "affirmed", "UMLS": "", "start": 19, "end": 28}, {"term": "fatigue", "negation": "affirmed", "UMLS": "", "start": 46, "end": 53}]}, "Evidence Propositions": [{"Intervention": [], "Observation": "most common", "Outcome": "fatigue", "Count": ""}]}, {"Section": "RESULTS", "Text": "Fourteen patients were admitted to the intensive care unit ( ICU ) .", "Evidence Elements": {"Participant": [{"term": "admitted to", "negation": "affirmed", "UMLS": "", "start": 23, "end": 34}, {"term": "care unit (", "negation": "affirmed", "UMLS": "", "start": 49, "end": 60}], "Intervention": [], "Outcome": []}, "Evidence Propositions": []}, {"Section": "RESULTS", "Text": "The hemoglobin A1c level was similar between ICU and non-ICU patients .", "Evidence Elements": {"Participant": [], "Intervention": [{"term": "ICU", "negation": "affirmed", "UMLS": "", "start": 45, "end": 48}, {"term": "non-ICU", "negation": "affirmed", "UMLS": "", "start": 53, "end": 60}], "Outcome": [{"term": "hemoglobin A1c level", "negation": "affirmed", "UMLS": "", "start": 4, "end": 24}]}, "Evidence Propositions": [{"Intervention": ["ICU", "non-ICU"], "Observation": "similar", "Outcome": "hemoglobin A1c level", "Count": ""}]}, {"Section": "RESULTS", "Text": "ICU patients had a higher respiratory rate , higher levels of random blood glucose , aspartate transaminase , bilirubin , creatine , N-terminal prohormone of brain natriuretic peptide , troponin I , D-dimers , procalcitonin , C-reactive protein , ferritin , interleukin ( IL ) -2R , IL-6 , and IL-8 than non-ICU patients .", "Evidence Elements": {"Participant": [{"term": "ICU", "negation": "affirmed", "UMLS": "", "start": 0, "end": 3}], "Intervention": [], "Outcome": [{"term": "respiratory rate", "negation": "affirmed", "UMLS": "", "start": 26, "end": 42}, {"term": "levels of random blood glucose", "negation": "affirmed", "UMLS": "", "start": 52, "end": 82}, {"term": "aspartate transaminase", "negation": "affirmed", "UMLS": "", "start": 85, "end": 107}, {"term": "bilirubin", "negation": "affirmed", "UMLS": "", "start": 110, "end": 119}, {"term": "creatine", "negation": "affirmed", "UMLS": "", "start": 122, "end": 130}, {"term": "N-terminal prohormone of brain natriuretic peptide", "negation": "affirmed", "UMLS": "", "start": 133, "end": 183}, {"term": "troponin I", "negation": "affirmed", "UMLS": "", "start": 186, "end": 196}, {"term": "D-dimers", "negation": "affirmed", "UMLS": "", "start": 199, "end": 207}, {"term": "procalcitonin", "negation": "affirmed", "UMLS": "", "start": 210, "end": 223}, {"term": "C-reactive protein", "negation": "affirmed", "UMLS": "", "start": 226, "end": 244}]}, "Evidence Propositions": []}, {"Section": "RESULTS", "Text": "Eleven of 14 ICU patients received noninvasive ventilation and 7 patients received invasive mechanical ventilation .", "Evidence Elements": {"Participant": [{"term": "ICU", "negation": "affirmed", "UMLS": "", "start": 13, "end": 16}], "Intervention": [{"term": "noninvasive ventilation", "negation": "affirmed", "UMLS": "", "start": 35, "end": 58}, {"term": "invasive mechanical ventilation", "negation": "affirmed", "UMLS": "", "start": 83, "end": 114}], "Outcome": []}, "Evidence Propositions": []}, {"Section": "RESULTS", "Text": "Twelve patients died in the ICU group and no patients died in the non-ICU group .", "Evidence Elements": {"Participant": [], "Intervention": [{"term": "ICU", "negation": "negated", "UMLS": "", "start": 28, "end": 31}, {"term": "non-ICU", "negation": "negated", "UMLS": "", "start": 66, "end": 73}], "Outcome": [{"term": "died", "negation": "negated", "UMLS": "", "start": 16, "end": 20}, {"term": "died", "negation": "negated", "UMLS": "", "start": 16, "end": 20}]}, "Evidence Propositions": []}, {"Section": "RESULTS", "Text": "Conclusion : ICU cases showed higher rates of organ failure and mortality than non-ICU cases .", "Evidence Elements": {"Participant": [], "Intervention": [{"term": "ICU cases", "negation": "affirmed", "UMLS": "", "start": 13, "end": 22}, {"term": "non-ICU", "negation": "affirmed", "UMLS": "", "start": 79, "end": 86}], "Outcome": [{"term": "rates of organ failure and mortality", "negation": "affirmed", "UMLS": "", "start": 37, "end": 73}]}, "Evidence Propositions": []}, {"Section": "CONCLUSIONS", "Text": "The poor outcomes of patients with diabetes and COVID-19 indicated that more supervision is required in these patients .", "Evidence Elements": {"Participant": [{"term": "diabetes", "negation": "affirmed", "UMLS": "", "start": 35, "end": 43}], "Intervention": [], "Outcome": [{"term": "outcomes", "negation": "affirmed", "UMLS": "", "start": 9, "end": 17}]}, "Evidence Propositions": []}, {"Section": "CONCLUSIONS", "Text": "Abbreviations : COVID-19 = coronavirus disease 2019 ; ICU = intensive care unit ; MERS-CoV = middle East respiratory syndrome-related coronavirus ; 2019-nCoV = 2019 novel coronavirus ; NT-proBNP = N-terminal prohormone of brain natriuretic peptide ; SARS-CoV = severe acute respiratory syndrome-related coronavirus", "Evidence Elements": {"Participant": [{"term": "coronavirus disease", "negation": "affirmed", "UMLS": "", "start": 27, "end": 46}, {"term": "middle East respiratory syndrome-related coronavirus", "negation": "affirmed", "UMLS": "", "start": 93, "end": 145}, {"term": "SARS-CoV", "negation": "affirmed", "UMLS": "", "start": 250, "end": 258}], "Intervention": [{"term": "NT-proBNP", "negation": "affirmed", "UMLS": "", "start": 185, "end": 194}, {"term": "N-terminal prohormone of brain natriuretic peptide", "negation": "affirmed", "UMLS": "", "start": 197, "end": 247}], "Outcome": []}, "Evidence Propositions": []}]}