{"doc_id": "32357808", "type of study": "Therapy", "title": "", "abstract": "The emerging COVID-19 caused by SARS-CoV-2 infection poses severe challenges to global public health.\nSerum antibody testing is becoming one of the critical methods for the diagnosis of COVID-19 patients.\nWe investigated IgM and IgG responses against SARS-CoV-2 nucleocapsid (N) and spike (S) protein after symptom onset in the intensive care unit (ICU) and non-ICU patients.\n130 blood samples from 38 COVID-19 patients were collected.\nThe levels of IgM and IgG specific to N and S protein were detected by ELISA.\nA series of blood samples were collected along the disease course from the same patient, including 11 ICU patients and 27 non-ICU patients for longitudinal analysis.\nN and S specific IgM and IgG (N-IgM, N-IgG, S-IgM, S-IgG) in non-ICU patients increased after symptom onset.\nN-IgM and S-IgM in some non-ICU patients reached a peak in the second week, while N-IgG and S-IgG continued to increase in the third week.\nThe combined detection of N and S specific IgM and IgG could identify up to 75% of SARS-CoV-2 infected patients in the first week.\nS-IgG was significantly higher in non-ICU patients than in ICU patients in the third week.\nIn contrast, N-IgG was significantly higher in ICU patients than in non-ICU patients.\nThe increase of S-IgG positively correlated with the decrease of C-reactive protein (CRP) in non-ICU patients.\nN and S specific IgM and IgG increased gradually after symptom onset and can be used for detection of SARS-CoV-2 infection.\nAnalysis of the dynamics of S-IgG may help to predict prognosis.\n", "Evidence Map": {"Enrollment": [{"term": "symptom onset", "negation": "affirmed", "UMLS": "", "start": 106, "end": 119}, {"term": "intensive care unit", "negation": "affirmed", "UMLS": "", "start": 127, "end": 146}, {"term": "non-ICU", "negation": "affirmed", "UMLS": "", "start": 66, "end": 73}, {"term": "non-ICU", "negation": "affirmed", "UMLS": "", "start": 24, "end": 31}, {"term": "SARS-CoV-2", "negation": "affirmed", "UMLS": "", "start": 84, "end": 94}, {"term": "non-ICU", "negation": "affirmed", "UMLS": "", "start": 34, "end": 41}, {"term": "ICU patients", "negation": "affirmed", "UMLS": "", "start": 38, "end": 50}, {"term": "ICU patients", "negation": "affirmed", "UMLS": "", "start": 48, "end": 60}, {"term": "non-ICU", "negation": "affirmed", "UMLS": "", "start": 69, "end": 76}, {"term": "SARS-CoV-2", "negation": "affirmed", "UMLS": "", "start": 102, "end": 112}], "Comparison Results": [], "Study Arm 1 Results": [], "Study Arm 2 Results": []}, "Sentence-level breakdown": [{"Section": "TITLE", "Text": "The emerging COVID-19 caused by SARS-CoV-2 infection poses severe challenges to global public health .", "Evidence Elements": {"Participant": [], "Intervention": [], "Outcome": []}, "Evidence Propositions": []}, {"Section": "METHODS", "Text": "130 blood samples from 38 COVID-19 patients were collected .", "Evidence Elements": {"Participant": [], "Intervention": [], "Outcome": []}, "Evidence Propositions": []}, {"Section": "METHODS", "Text": "The levels of IgM and IgG specific to N and S protein were detected by ELISA .", "Evidence Elements": {"Participant": [], "Intervention": [], "Outcome": [{"term": "levels of IgM and IgG specific to N and S protein", "negation": "affirmed", "UMLS": "", "start": 4, "end": 53}]}, "Evidence Propositions": []}, {"Section": "METHODS", "Text": "A series of blood samples were collected along the disease course from the same patient , including 11 ICU patients and 27 non-ICU patients for longitudinal analysis .", "Evidence Elements": {"Participant": [], "Intervention": [{"term": "ICU", "negation": "affirmed", "UMLS": "", "start": 103, "end": 106}, {"term": "non-ICU", "negation": "affirmed", "UMLS": "", "start": 123, "end": 130}], "Outcome": []}, "Evidence Propositions": []}, {"Section": "RESULTS", "Text": "N and S specific IgM and IgG ( N-IgM , N-IgG , S-IgM , S-IgG ) in non-ICU patients increased after symptom onset .", "Evidence Elements": {"Participant": [{"term": "non-ICU", "negation": "affirmed", "UMLS": "", "start": 66, "end": 73}], "Intervention": [], "Outcome": [{"term": "N and S specific IgM", "negation": "affirmed", "UMLS": "", "start": 0, "end": 20}, {"term": "IgG", "negation": "affirmed", "UMLS": "", "start": 25, "end": 28}, {"term": "N-IgM", "negation": "affirmed", "UMLS": "", "start": 31, "end": 36}, {"term": "N-IgG", "negation": "affirmed", "UMLS": "", "start": 39, "end": 44}, {"term": "S-IgM", "negation": "affirmed", "UMLS": "", "start": 47, "end": 52}, {"term": "S-IgG", "negation": "affirmed", "UMLS": "", "start": 55, "end": 60}]}, "Evidence Propositions": []}, {"Section": "RESULTS", "Text": "N-IgM and S-IgM in some non-ICU patients reached a peak in the second week , while N-IgG and S-IgG continued to increase in the third week .", "Evidence Elements": {"Participant": [{"term": "non-ICU", "negation": "affirmed", "UMLS": "", "start": 24, "end": 31}], "Intervention": [], "Outcome": [{"term": "N-IgM", "negation": "affirmed", "UMLS": "", "start": 0, "end": 5}, {"term": "S-IgM", "negation": "affirmed", "UMLS": "", "start": 10, "end": 15}, {"term": "N-IgG", "negation": "affirmed", "UMLS": "", "start": 83, "end": 88}, {"term": "S-IgG", "negation": "affirmed", "UMLS": "", "start": 93, "end": 98}]}, "Evidence Propositions": []}, {"Section": "RESULTS", "Text": "The combined detection of N and S specific IgM and IgG could identify up to 75 % of SARS-CoV-2 infected patients in the first week .", "Evidence Elements": {"Participant": [{"term": "SARS-CoV-2", "negation": "affirmed", "UMLS": "", "start": 84, "end": 94}], "Intervention": [{"term": "combined detection of N and S specific IgM and IgG", "negation": "affirmed", "UMLS": "", "start": 4, "end": 54}], "Outcome": []}, "Evidence Propositions": []}, {"Section": "RESULTS", "Text": "S-IgG was significantly higher in non-ICU patients than in ICU patients in the third week .", "Evidence Elements": {"Participant": [{"term": "non-ICU", "negation": "affirmed", "UMLS": "", "start": 34, "end": 41}, {"term": "ICU patients", "negation": "affirmed", "UMLS": "", "start": 38, "end": 50}], "Intervention": [], "Outcome": [{"term": "S-IgG", "negation": "affirmed", "UMLS": "", "start": 0, "end": 5}]}, "Evidence Propositions": [{"Intervention": [], "Observation": "significantly higher", "Outcome": "S-IgG", "Count": ""}]}, {"Section": "RESULTS", "Text": "In contrast , N-IgG was significantly higher in ICU patients than in non-ICU patients .", "Evidence Elements": {"Participant": [{"term": "ICU patients", "negation": "affirmed", "UMLS": "", "start": 48, "end": 60}, {"term": "non-ICU", "negation": "affirmed", "UMLS": "", "start": 69, "end": 76}], "Intervention": [], "Outcome": [{"term": "N-IgG", "negation": "affirmed", "UMLS": "", "start": 14, "end": 19}]}, "Evidence Propositions": [{"Intervention": [], "Observation": "significantly higher", "Outcome": "N-IgG", "Count": ""}]}, {"Section": "RESULTS", "Text": "The increase of S-IgG positively correlated with the decrease of C-reactive protein ( CRP ) in non-ICU patients .", "Evidence Elements": {"Participant": [], "Intervention": [], "Outcome": [{"term": "C-reactive protein ( CRP )", "negation": "affirmed", "UMLS": "", "start": 65, "end": 91}]}, "Evidence Propositions": []}, {"Section": "CONCLUSIONS", "Text": "N and S specific IgM and IgG increased gradually after symptom onset and can be used for detection of SARS-CoV-2 infection .", "Evidence Elements": {"Participant": [{"term": "SARS-CoV-2", "negation": "affirmed", "UMLS": "", "start": 102, "end": 112}], "Intervention": [], "Outcome": [{"term": "N and S specific IgM", "negation": "affirmed", "UMLS": "", "start": 0, "end": 20}, {"term": "IgG", "negation": "affirmed", "UMLS": "", "start": 25, "end": 28}]}, "Evidence Propositions": []}, {"Section": "CONCLUSIONS", "Text": "Analysis of the dynamics of S-IgG may help to predict prognosis .", "Evidence Elements": {"Participant": [], "Intervention": [], "Outcome": []}, "Evidence Propositions": []}]}