{"doc_id": "32358691", "type of study": "Therapy", "title": "", "abstract": "To improve the risk stratification of patients infected with severe acute respiratory syndrome coronavirus 2 (SARS-CoV-2), an experimental chest X-ray (CXR) scoring system for quantifying lung abnormalities was introduced in our Diagnostic Imaging Department.\nThe purpose of this study was to retrospectively evaluate correlations between the CXR score and the age or sex of Italian patients infected with SARS-CoV-2.\nBetween March 4, 2020, and March 18, 2020, all CXR reports containing the new scoring system were retrieved.\nOnly hospitalized patients with SARS-CoV-2 infection were enrolled.\nFor each patient, age, sex, and the CXR report containing the highest score were considered for the analysis.\nPatients were also divided into seven groups according to age.\nNonparametric statistical tests were used to examine the relationship between the severity of lung disease and the age or sex.\n783 Italian patients (532 males and 251 females) with SARS-CoV-2 infection were enrolled.\nThe CXR score was significantly higher in males than in females only in groups aged 50 to 79 years.\nA significant correlation was observed between the CXR score and age in both males and females.\nMales aged 50 years or older and females aged 80 years or older with coronavirus disease 2019 showed the highest CXR score (median >= 8).\nMales aged 50 years or older and females aged 80 years or older showed the highest risk of developing severe lung disease.\nOur results may help to identify the highest-risk patients and those who require specific treatment strategies.\n", "Evidence Map": {"Enrollment": [{"term": "severe acute respiratory syndrome coronavirus 2 ( SARS-CoV-2 )", "negation": "affirmed", "UMLS": "", "start": 61, "end": 123}, {"term": "SARS-CoV-2", "negation": "affirmed", "UMLS": "", "start": 146, "end": 156}, {"term": "hospitalized patients", "negation": "affirmed", "UMLS": "", "start": 5, "end": 26}, {"term": "SARS-CoV-2 infection", "negation": "affirmed", "UMLS": "", "start": 32, "end": 52}, {"term": "SARS-CoV-2 infection", "negation": "affirmed", "UMLS": "", "start": 56, "end": 76}, {"term": "Males", "negation": "affirmed", "UMLS": "", "start": 0, "end": 5}, {"term": "females", "negation": "affirmed", "UMLS": "", "start": 33, "end": 40}, {"term": "coronavirus disease", "negation": "affirmed", "UMLS": "", "start": 69, "end": 88}, {"term": "Males", "negation": "affirmed", "UMLS": "", "start": 0, "end": 5}, {"term": "females", "negation": "affirmed", "UMLS": "", "start": 33, "end": 40}], "Comparison Results": [], "Study Arm 1 Results": [], "Study Arm 2 Results": []}, "Sentence-level breakdown": [{"Section": "TITLE", "Text": "To improve the risk stratification of patients infected with severe acute respiratory syndrome coronavirus 2 ( SARS-CoV-2 ) , an experimental chest X-ray ( CXR ) scoring system for quantifying lung abnormalities was introduced in our Diagnostic Imaging Department .", "Evidence Elements": {"Participant": [{"term": "severe acute respiratory syndrome coronavirus 2 ( SARS-CoV-2 )", "negation": "affirmed", "UMLS": "", "start": 61, "end": 123}], "Intervention": [{"term": "experimental", "negation": "affirmed", "UMLS": "", "start": 129, "end": 141}, {"term": "( CXR )", "negation": "affirmed", "UMLS": "", "start": 154, "end": 161}, {"term": "system", "negation": "affirmed", "UMLS": "", "start": 170, "end": 176}], "Outcome": [{"term": "risk stratification", "negation": "affirmed", "UMLS": "", "start": 15, "end": 34}, {"term": "lung abnormalities", "negation": "affirmed", "UMLS": "", "start": 193, "end": 211}]}, "Evidence Propositions": [{"Intervention": "experimental", "Observation": "improve", "Outcome": "risk stratification", "Count": ""}]}, {"Section": "OBJECTIVE", "Text": "The purpose of this study was to retrospectively evaluate correlations between the CXR score and the age or sex of Italian patients infected with SARS-CoV-2 .", "Evidence Elements": {"Participant": [{"term": "SARS-CoV-2", "negation": "affirmed", "UMLS": "", "start": 146, "end": 156}], "Intervention": [], "Outcome": [{"term": "CXR score", "negation": "affirmed", "UMLS": "", "start": 83, "end": 92}]}, "Evidence Propositions": []}, {"Section": "METHODS", "Text": "Between March 4 , 2020 , and March 18 , 2020 , all CXR reports containing the new scoring system were retrieved .", "Evidence Elements": {"Participant": [], "Intervention": [{"term": "new", "negation": "affirmed", "UMLS": "", "start": 78, "end": 81}], "Outcome": []}, "Evidence Propositions": []}, {"Section": "METHODS", "Text": "Only hospitalized patients with SARS-CoV-2 infection were enrolled .", "Evidence Elements": {"Participant": [{"term": "hospitalized patients", "negation": "affirmed", "UMLS": "", "start": 5, "end": 26}, {"term": "SARS-CoV-2 infection", "negation": "affirmed", "UMLS": "", "start": 32, "end": 52}], "Intervention": [], "Outcome": []}, "Evidence Propositions": []}, {"Section": "METHODS", "Text": "For each patient , age , sex , and the CXR report containing the highest score were considered for the analysis .", "Evidence Elements": {"Participant": [], "Intervention": [], "Outcome": []}, "Evidence Propositions": []}, {"Section": "METHODS", "Text": "Patients were also divided into seven groups according to age .", "Evidence Elements": {"Participant": [], "Intervention": [], "Outcome": []}, "Evidence Propositions": []}, {"Section": "METHODS", "Text": "Nonparametric statistical tests were used to examine the relationship between the severity of lung disease and the age or sex .", "Evidence Elements": {"Participant": [], "Intervention": [], "Outcome": [{"term": "of lung disease", "negation": "affirmed", "UMLS": "", "start": 91, "end": 106}]}, "Evidence Propositions": []}, {"Section": "RESULTS", "Text": "783 Italian patients ( 532 males and 251 females ) with SARS-CoV-2 infection were enrolled .", "Evidence Elements": {"Participant": [{"term": "SARS-CoV-2 infection", "negation": "affirmed", "UMLS": "", "start": 56, "end": 76}], "Intervention": [], "Outcome": []}, "Evidence Propositions": []}, {"Section": "RESULTS", "Text": "The CXR score was significantly higher in males than in females only in groups aged 50 to 79 years .", "Evidence Elements": {"Participant": [], "Intervention": [{"term": "males", "negation": "affirmed", "UMLS": "", "start": 42, "end": 47}, {"term": "females", "negation": "affirmed", "UMLS": "", "start": 56, "end": 63}], "Outcome": [{"term": "CXR score", "negation": "affirmed", "UMLS": "", "start": 4, "end": 13}]}, "Evidence Propositions": [{"Intervention": ["males", "females"], "Observation": "significantly higher", "Outcome": "CXR score", "Count": ""}]}, {"Section": "RESULTS", "Text": "A significant correlation was observed between the CXR score and age in both males and females .", "Evidence Elements": {"Participant": [], "Intervention": [{"term": "males", "negation": "affirmed", "UMLS": "", "start": 77, "end": 82}, {"term": "females", "negation": "affirmed", "UMLS": "", "start": 87, "end": 94}], "Outcome": [{"term": "CXR score", "negation": "affirmed", "UMLS": "", "start": 51, "end": 60}, {"term": "age", "negation": "affirmed", "UMLS": "", "start": 65, "end": 68}]}, "Evidence Propositions": [{"Intervention": "males", "Observation": "significant correlation", "Outcome": "CXR score", "Count": ""}, {"Intervention": "males", "Observation": "significant correlation", "Outcome": "age", "Count": ""}, {"Intervention": "females", "Observation": "significant correlation", "Outcome": "CXR score", "Count": ""}, {"Intervention": "females", "Observation": "significant correlation", "Outcome": "age", "Count": ""}]}, {"Section": "RESULTS", "Text": "Males aged 50 years or older and females aged 80 years or older with coronavirus disease 2019 showed the highest CXR score ( median > = 8 ) .", "Evidence Elements": {"Participant": [{"term": "Males", "negation": "affirmed", "UMLS": "", "start": 0, "end": 5}, {"term": "females", "negation": "affirmed", "UMLS": "", "start": 33, "end": 40}, {"term": "coronavirus disease", "negation": "affirmed", "UMLS": "", "start": 69, "end": 88}], "Intervention": [], "Outcome": [{"term": "CXR score", "negation": "affirmed", "UMLS": "", "start": 113, "end": 122}]}, "Evidence Propositions": []}, {"Section": "RESULTS", "Text": "Males aged 50 years or older and females aged 80 years or older showed the highest risk of developing severe lung disease .", "Evidence Elements": {"Participant": [{"term": "Males", "negation": "affirmed", "UMLS": "", "start": 0, "end": 5}, {"term": "females", "negation": "affirmed", "UMLS": "", "start": 33, "end": 40}], "Intervention": [], "Outcome": [{"term": "risk of developing severe lung disease", "negation": "affirmed", "UMLS": "", "start": 83, "end": 121}]}, "Evidence Propositions": []}, {"Section": "CONCLUSIONS", "Text": "Our results may help to identify the highest-risk patients and those who require specific treatment strategies .", "Evidence Elements": {"Participant": [], "Intervention": [], "Outcome": []}, "Evidence Propositions": []}]}