{"doc_id": "32353740", "type of study": "Therapy", "title": "", "abstract": "Novel coronavirus (NCoV-19), also known as SARS CoV-2, is a pathogen causing an emerging infection that rapidly increases in incidence and geographic range, is associated with the ever-increasing morbidity and mortality rates, and shows sever economic impact worldwide.\nThe WHO declares the NCoV-19 infection disease (COVID-19) a Public Health Emergency of International Concern on 30 January 2020 and subsequently, on March 11, 2020, declared it a Global Pandemic.\nAlthough some people infected with SARS CoV-2 have no symptoms, the spectrum of symptomatic infection ranges from mild to critical, with most COVID-19 infections being not severe.\nThe common mild symptoms include body aches, dry cough, fatigue, low-grade fever, nasal congestion, and sore throat.\nMore severe COVID-19 symptoms are typical of pneumonia, and upon progression, the patient's condition can worsen with severe respiratory and cardiac problems.\nCurrently, there is no drug or vaccine for curing patients.\nIt has been observed that people with challenged immunity are highly prone to SARS CoV-2 infection and least likely to recover.\nAlso, older adults and people of any age with serious underlying medical conditions might be at higher risk for severe forms of COVID-19.\nWe are suggesting here a strategy for the COVID-19 treatment that could be effective in curing the patients in the current scenario when no efficient medicine or Vaccine is currently available, and Clinicians solely depend upon the performing trials with drugs with known antiviral activities.\nOur proposed strategy is based on the compilation of published scientific research and concepts.\nThe different published research indicates the success of a similar strategy in different physiological conditions, and such a strategy is widely studied at the cellular level and in animal models.\n", "Evidence Map": {"Enrollment": [{"term": "older adults", "negation": "affirmed", "UMLS": "", "start": 7, "end": 19}, {"term": "of any age", "negation": "affirmed", "UMLS": "", "start": 31, "end": 41}, {"term": "serious underlying medical conditions", "negation": "affirmed", "UMLS": "", "start": 47, "end": 84}], "Comparison Results": [], "Study Arm 1 Results": [], "Study Arm 2 Results": []}, "Sentence-level breakdown": [{"Section": "TITLE", "Text": "Novel coronavirus ( NCoV-19 ) , also known as SARS CoV-2 , is a pathogen causing an emerging infection that rapidly increases in incidence and geographic range , is associated with the ever-increasing morbidity and mortality rates , and shows sever economic impact worldwide .", "Evidence Elements": {"Participant": [], "Intervention": [], "Outcome": []}, "Evidence Propositions": []}, {"Section": "RESULTS", "Text": "The WHO declares the NCoV-19 infection disease ( COVID-19 ) a Public Health Emergency of International Concern on 30 January 2020 and subsequently , on March 11 , 2020 , declared it a Global Pandemic .", "Evidence Elements": {"Participant": [], "Intervention": [], "Outcome": []}, "Evidence Propositions": []}, {"Section": "RESULTS", "Text": "Although some people infected with SARS CoV-2 have no symptoms , the spectrum of symptomatic infection ranges from mild to critical , with most COVID-19 infections being not severe .", "Evidence Elements": {"Participant": [], "Intervention": [], "Outcome": []}, "Evidence Propositions": []}, {"Section": "RESULTS", "Text": "The common mild symptoms include body aches , dry cough , fatigue , low-grade fever , nasal congestion , and sore throat .", "Evidence Elements": {"Participant": [], "Intervention": [], "Outcome": []}, "Evidence Propositions": []}, {"Section": "RESULTS", "Text": "More severe COVID-19 symptoms are typical of pneumonia , and upon progression , the patient 's condition can worsen with severe respiratory and cardiac problems .", "Evidence Elements": {"Participant": [], "Intervention": [], "Outcome": []}, "Evidence Propositions": []}, {"Section": "RESULTS", "Text": "Currently , there is no drug or vaccine for curing patients .", "Evidence Elements": {"Participant": [], "Intervention": [], "Outcome": []}, "Evidence Propositions": []}, {"Section": "RESULTS", "Text": "It has been observed that people with challenged immunity are highly prone to SARS CoV-2 infection and least likely to recover .", "Evidence Elements": {"Participant": [], "Intervention": [{"term": "challenged immunity", "negation": "affirmed", "UMLS": "", "start": 38, "end": 57}], "Outcome": [{"term": "SARS CoV-2 infection", "negation": "affirmed", "UMLS": "", "start": 78, "end": 98}, {"term": "recover", "negation": "affirmed", "UMLS": "", "start": 119, "end": 126}]}, "Evidence Propositions": [{"Intervention": "challenged immunity", "Observation": "highly prone", "Outcome": "SARS CoV-2 infection", "Count": ""}, {"Intervention": ["challenged immunity"], "Observation": "least likely", "Outcome": "recover", "Count": ""}]}, {"Section": "RESULTS", "Text": "Also , older adults and people of any age with serious underlying medical conditions might be at higher risk for severe forms of COVID-19 .", "Evidence Elements": {"Participant": [{"term": "older adults", "negation": "affirmed", "UMLS": "", "start": 7, "end": 19}, {"term": "of any age", "negation": "affirmed", "UMLS": "", "start": 31, "end": 41}, {"term": "serious underlying medical conditions", "negation": "affirmed", "UMLS": "", "start": 47, "end": 84}], "Intervention": [], "Outcome": [{"term": "severe forms of", "negation": "affirmed", "UMLS": "", "start": 113, "end": 128}]}, "Evidence Propositions": [{"Intervention": [], "Observation": "higher risk", "Outcome": "severe forms of", "Count": ""}]}, {"Section": "RESULTS", "Text": "We are suggesting here a strategy for the COVID-19 treatment that could be effective in curing the patients in the current scenario when no efficient medicine or Vaccine is currently available , and Clinicians solely depend upon the performing trials with drugs with known antiviral activities .", "Evidence Elements": {"Participant": [], "Intervention": [], "Outcome": []}, "Evidence Propositions": []}, {"Section": "RESULTS", "Text": "Our proposed strategy is based on the compilation of published scientific research and concepts .", "Evidence Elements": {"Participant": [], "Intervention": [], "Outcome": []}, "Evidence Propositions": []}, {"Section": "CONCLUSIONS", "Text": "The different published research indicates the success of a similar strategy in different physiological conditions , and such a strategy is widely studied at the cellular level and in animal models .", "Evidence Elements": {"Participant": [], "Intervention": [], "Outcome": []}, "Evidence Propositions": []}]}