{"doc_id": "32356627", "type of study": "Therapy", "title": "", "abstract": "A potential association between the use of angiotensin-receptor blockers (ARBs) and angiotensin-converting-enzyme (ACE) inhibitors and the risk of coronavirus disease 2019 (Covid-19) has not been well studied.\nWe carried out a population-based case-control study in the Lombardy region of Italy.\nA total of 6272 case patients in whom infection with severe acute respiratory syndrome coronavirus 2 (SARS-CoV-2) was confirmed between February 21 and March 11, 2020, were matched to 30,759 beneficiaries of the Regional Health Service (controls) according to sex, age, and municipality of residence.\nInformation about the use of selected drugs and patients' clinical profiles was obtained from regional databases of health care use.\nOdds ratios and 95% confidence intervals for associations between drugs and infection, with adjustment for confounders, were estimated by means of logistic regression.\nAmong both case patients and controls, the mean (+-SD) age was 68+-13 years, and 37% were women.\nThe use of ACE inhibitors and ARBs was more common among case patients than among controls, as was the use of other antihypertensive and non-antihypertensive drugs, and case patients had a worse clinical profile.\nUse of ARBs or ACE inhibitors did not show any association with Covid-19 among case patients overall (adjusted odds ratio, 0.95 [95% confidence interval {CI}, 0.86 to 1.05] for ARBs and 0.96 [95% CI, 0.87 to 1.07] for ACE inhibitors) or among patients who had a severe or fatal course of the disease (adjusted odds ratio, 0.83 [95% CI, 0.63 to 1.10] for ARBs and 0.91 [95% CI, 0.69 to 1.21] for ACE inhibitors), and no association between these variables was found according to sex.\nIn this large, population-based study, the use of ACE inhibitors and ARBs was more frequent among patients with Covid-19 than among controls because of their higher prevalence of cardiovascular disease.\nHowever, there was no evidence that ACE inhibitors or ARBs affected the risk of COVID-19.\n", "Evidence Map": {"Enrollment": [{"term": "infection with severe acute respiratory syndrome coronavirus 2 ( SARS-CoV-2 )", "negation": "affirmed", "UMLS": "", "start": 38, "end": 115}, {"term": "case", "negation": "negated", "UMLS": "", "start": 79, "end": 83}, {"term": "severe or fatal course of the disease", "negation": "affirmed", "UMLS": "", "start": 275, "end": 312}, {"term": "Covid-19", "negation": "affirmed", "UMLS": "", "start": 114, "end": 122}], "Comparison Results": [], "Study Arm 1 Results": [], "Study Arm 2 Results": []}, "Sentence-level breakdown": [{"Section": "TITLE", "Text": "A potential association between the use of angiotensin-receptor blockers ( ARBs ) and angiotensin-converting-enzyme ( ACE ) inhibitors and the risk of coronavirus disease 2019 ( Covid-19 ) has not been well studied .", "Evidence Elements": {"Participant": [], "Intervention": [], "Outcome": []}, "Evidence Propositions": []}, {"Section": "METHODS", "Text": "We carried out a population-based case-control study in the Lombardy region of Italy .", "Evidence Elements": {"Participant": [], "Intervention": [], "Outcome": []}, "Evidence Propositions": []}, {"Section": "METHODS", "Text": "A total of 6272 case patients in whom infection with severe acute respiratory syndrome coronavirus 2 ( SARS-CoV-2 ) was confirmed between February 21 and March 11 , 2020 , were matched to 30,759 beneficiaries of the Regional Health Service ( controls ) according to sex , age , and municipality of residence .", "Evidence Elements": {"Participant": [{"term": "infection with severe acute respiratory syndrome coronavirus 2 ( SARS-CoV-2 )", "negation": "affirmed", "UMLS": "", "start": 38, "end": 115}], "Intervention": [], "Outcome": []}, "Evidence Propositions": []}, {"Section": "METHODS", "Text": "Information about the use of selected drugs and patients ' clinical profiles was obtained from regional databases of health care use .", "Evidence Elements": {"Participant": [], "Intervention": [], "Outcome": []}, "Evidence Propositions": []}, {"Section": "METHODS", "Text": "Odds ratios and 95 % confidence intervals for associations between drugs and infection , with adjustment for confounders , were estimated by means of logistic regression .", "Evidence Elements": {"Participant": [], "Intervention": [], "Outcome": [{"term": "Odds ratios", "negation": "affirmed", "UMLS": "", "start": 0, "end": 11}, {"term": "95 % confidence intervals", "negation": "affirmed", "UMLS": "", "start": 16, "end": 41}, {"term": "associations between drugs and infection", "negation": "affirmed", "UMLS": "", "start": 46, "end": 86}]}, "Evidence Propositions": []}, {"Section": "RESULTS", "Text": "Among both case patients and controls , the mean ( +-SD ) age was 68 +- 13 years , and 37 % were women .", "Evidence Elements": {"Participant": [], "Intervention": [], "Outcome": []}, "Evidence Propositions": []}, {"Section": "RESULTS", "Text": "The use of ACE inhibitors and ARBs was more common among case patients than among controls , as was the use of other antihypertensive and non-antihypertensive drugs , and case patients had a worse clinical profile .", "Evidence Elements": {"Participant": [], "Intervention": [{"term": "ACE inhibitors and ARBs", "negation": "affirmed", "UMLS": "", "start": 11, "end": 34}, {"term": "case", "negation": "affirmed", "UMLS": "", "start": 57, "end": 61}, {"term": "controls", "negation": "affirmed", "UMLS": "", "start": 82, "end": 90}, {"term": "antihypertensive and non-antihypertensive drugs", "negation": "affirmed", "UMLS": "", "start": 117, "end": 164}, {"term": "case", "negation": "affirmed", "UMLS": "", "start": 57, "end": 61}], "Outcome": []}, "Evidence Propositions": [{"Intervention": ["ACE inhibitors and ARBs", "case", "controls", "antihypertensive and non-antihypertensive drugs"], "Observation": "more common", "Outcome": "", "Count": ""}, {"Intervention": ["antihypertensive and non-antihypertensive drugs", "case"], "Observation": "worse", "Outcome": "", "Count": ""}]}, {"Section": "RESULTS", "Text": "Use of ARBs or ACE inhibitors did not show any association with Covid-19 among case patients overall ( adjusted odds ratio , 0.95 [ 95 % confidence interval { CI } , 0.86 to 1.05 ] for ARBs and 0.96 [ 95 % CI , 0.87 to 1.07 ] for ACE inhibitors ) or among patients who had a severe or fatal course of the disease ( adjusted odds ratio , 0.83 [ 95 % CI , 0.63 to 1.10 ] for ARBs and 0.91 [ 95 % CI", "Evidence Elements": {"Participant": [{"term": "case", "negation": "negated", "UMLS": "", "start": 79, "end": 83}, {"term": "severe or fatal course of the disease", "negation": "affirmed", "UMLS": "", "start": 275, "end": 312}], "Intervention": [{"term": "ARBs", "negation": "negated", "UMLS": "", "start": 7, "end": 11}, {"term": "ACE inhibitors", "negation": "negated", "UMLS": "", "start": 15, "end": 29}, {"term": "ARBs", "negation": "negated", "UMLS": "", "start": 7, "end": 11}, {"term": "ACE inhibitors", "negation": "negated", "UMLS": "", "start": 15, "end": 29}, {"term": "ARBs", "negation": "negated", "UMLS": "", "start": 7, "end": 11}], "Outcome": [{"term": "Covid-19", "negation": "negated", "UMLS": "", "start": 64, "end": 72}]}, "Evidence Propositions": [{"Intervention": "ARBs", "Observation": "association", "Outcome": "Covid-19", "Count": ""}, {"Intervention": "ACE inhibitors", "Observation": "association", "Outcome": "Covid-19", "Count": ""}]}, {"Section": "CONCLUSIONS", "Text": "In this large , population-based study , the use of ACE inhibitors and ARBs was more frequent among patients with Covid-19 than among controls because of their higher prevalence of cardiovascular disease .", "Evidence Elements": {"Participant": [{"term": "Covid-19", "negation": "affirmed", "UMLS": "", "start": 114, "end": 122}], "Intervention": [{"term": "ACE inhibitors and ARBs", "negation": "affirmed", "UMLS": "", "start": 52, "end": 75}, {"term": "controls", "negation": "affirmed", "UMLS": "", "start": 134, "end": 142}], "Outcome": []}, "Evidence Propositions": [{"Intervention": ["ACE inhibitors and ARBs", "controls"], "Observation": "more frequent", "Outcome": "", "Count": ""}]}, {"Section": "CONCLUSIONS", "Text": "However , there was no evidence that ACE inhibitors or ARBs affected the risk of COVID-19 .", "Evidence Elements": {"Participant": [], "Intervention": [{"term": "ACE inhibitors", "negation": "negated", "UMLS": "", "start": 37, "end": 51}, {"term": "ARBs", "negation": "negated", "UMLS": "", "start": 55, "end": 59}], "Outcome": [{"term": "risk of", "negation": "negated", "UMLS": "", "start": 73, "end": 80}]}, "Evidence Propositions": []}]}