{"doc_id": "32350134", "type of study": "Therapy", "title": "", "abstract": "In patients with coronavirus disease 2019, a large number of T lymphocytes and mononuclear macrophages are activated, producing cytokines such as interleukin-6 (IL-6), which bind to the IL-6 receptor on the target cells, causing the cytokine storm and severe inflammatory responses in lungs and other tissues and organs.\nTocilizumab, as a recombinant humanized anti-human IL-6 receptor monoclonal antibody, can bind to the IL-6 receptor with high affinity, thus preventing IL-6 itself from binding to its receptor, rendering it incapable of immune damage to target cells, and alleviating the inflammatory responses.\nAfter analyzing the immune characteristics of patients with severe coronavirus disease 2019 (COVID-19), we have identified that pathogenic T cells and inflammatory monocytes with large amount of interleukin 6 secreting may incite the inflammatory storm, which may potentially be curbed through monoclonal antibody that targets the IL-6 pathways.\nHere, we aimed to assess the efficacy of tocilizumab in severe patients with COVID-19 and seek a therapeutic strategy.\nThe patients diagnosed as severe or critical COVID-19 in The First Affiliated Hospital of University of Science and Technology of China (Anhui Provincial Hospital) and Anhui Fuyang Second People's Hospital were given tocilizumab in addition to routine therapy between 5 and 14 February 2020.\nThe changes of clinical manifestations, computerized tomography (CT) scan image, and laboratory examinations were retrospectively analyzed.\nFever returned to normal on the first day, and other symptoms improved remarkably within a few days.\nWithin 5 d after tocilizumab, 15 of the 20 patients (75.0%) had lowered their oxygen intake, and 1 patient needed no oxygen therapy.\nCT scans manifested that the lung lesion opacity absorbed in 19 patients (90.5%).\nThe percentage of lymphocytes in peripheral blood, which decreased in 85.0% of patients (17/20) before treatment (mean, 15.52 +- 8.89%), returned to normal in 52.6% of patients (10/19) on the fifth day after treatment.\nAbnormally elevated C-reactive protein decreased significantly in 84.2% of patients (16/19).\nNo obvious adverse reactions were observed.\nAll patients have been discharged on average 15.1 d after giving tocilizumab.\nPreliminary data show that tocilizumab, which improved the clinical outcome immediately in severe and critical COVID-19 patients, is an effective treatment to reduce mortality.\n", "Evidence Map": {"Enrollment": [{"term": "severe coronavirus disease 2019 ( COVID-19 )", "negation": "affirmed", "UMLS": "", "start": 60, "end": 104}, {"term": "severe patients", "negation": "affirmed", "UMLS": "", "start": 57, "end": 72}, {"term": "COVID-19", "negation": "affirmed", "UMLS": "", "start": 78, "end": 86}, {"term": "severe or critical COVID-19", "negation": "affirmed", "UMLS": "", "start": 26, "end": 53}, {"term": "severe and critical COVID-19", "negation": "affirmed", "UMLS": "", "start": 92, "end": 120}], "Comparison Results": [], "Study Arm 1 Results": [], "Study Arm 2 Results": []}, "Sentence-level breakdown": [{"Section": "TITLE", "Text": "In patients with coronavirus disease 2019 , a large number of T lymphocytes and mononuclear macrophages are activated , producing cytokines such as interleukin-6 ( IL-6 ) , which bind to the IL-6 receptor on the target cells , causing the cytokine storm and severe inflammatory responses in lungs and other tissues and organs .", "Evidence Elements": {"Participant": [], "Intervention": [], "Outcome": []}, "Evidence Propositions": []}, {"Section": "OBJECTIVE", "Text": "Here , we aimed to assess the efficacy of tocilizumab in severe patients with COVID-19 and seek a therapeutic strategy .", "Evidence Elements": {"Participant": [{"term": "severe patients", "negation": "affirmed", "UMLS": "", "start": 57, "end": 72}, {"term": "COVID-19", "negation": "affirmed", "UMLS": "", "start": 78, "end": 86}], "Intervention": [{"term": "tocilizumab", "negation": "affirmed", "UMLS": "", "start": 42, "end": 53}], "Outcome": []}, "Evidence Propositions": []}, {"Section": "METHODS", "Text": "The patients diagnosed as severe or critical COVID-19 in The First Affiliated Hospital of University of Science and Technology of China ( Anhui Provincial Hospital ) and Anhui Fuyang Second People 's Hospital were given tocilizumab in addition to routine therapy between 5 and 14 February 2020 .", "Evidence Elements": {"Participant": [{"term": "severe or critical COVID-19", "negation": "affirmed", "UMLS": "", "start": 26, "end": 53}], "Intervention": [{"term": "tocilizumab", "negation": "affirmed", "UMLS": "", "start": 220, "end": 231}], "Outcome": []}, "Evidence Propositions": []}, {"Section": "METHODS", "Text": "The changes of clinical manifestations , computerized tomography ( CT ) scan image , and laboratory examinations were retrospectively analyzed .", "Evidence Elements": {"Participant": [], "Intervention": [], "Outcome": [{"term": "changes of clinical manifestations", "negation": "affirmed", "UMLS": "", "start": 4, "end": 38}, {"term": "computerized tomography ( CT ) scan image", "negation": "affirmed", "UMLS": "", "start": 41, "end": 82}, {"term": "laboratory", "negation": "affirmed", "UMLS": "", "start": 89, "end": 99}]}, "Evidence Propositions": []}, {"Section": "RESULTS", "Text": "Fever returned to normal on the first day , and other symptoms improved remarkably within a few days .", "Evidence Elements": {"Participant": [], "Intervention": [], "Outcome": [{"term": "Fever", "negation": "affirmed", "UMLS": "", "start": 0, "end": 5}, {"term": "other symptoms", "negation": "affirmed", "UMLS": "", "start": 48, "end": 62}]}, "Evidence Propositions": []}, {"Section": "RESULTS", "Text": "Within 5 d after tocilizumab , 15 of the 20 patients ( 75.0 % ) had lowered their oxygen intake , and 1 patient needed no oxygen therapy .", "Evidence Elements": {"Participant": [], "Intervention": [{"term": "tocilizumab", "negation": "affirmed", "UMLS": "", "start": 17, "end": 28}], "Outcome": [{"term": "oxygen intake", "negation": "affirmed", "UMLS": "", "start": 82, "end": 95}]}, "Evidence Propositions": [{"Intervention": "tocilizumab", "Observation": "lowered", "Outcome": "oxygen intake", "Count": ""}, {"Intervention": "tocilizumab", "Observation": "", "Count": "15 of the 20 patients ( 75.0 % )", "Outcome": "oxygen intake"}]}, {"Section": "RESULTS", "Text": "CT scans manifested that the lung lesion opacity absorbed in 19 patients ( 90.5 % ) .", "Evidence Elements": {"Participant": [], "Intervention": [], "Outcome": [{"term": "lung lesion opacity absorbed", "negation": "affirmed", "UMLS": "", "start": 29, "end": 57}]}, "Evidence Propositions": []}, {"Section": "RESULTS", "Text": "The percentage of lymphocytes in peripheral blood , which decreased in 85.0 % of patients ( 17 / 20 ) before treatment ( mean , 15.52 +-8.89 % ) , returned to normal in 52.6 % of patients ( 10 / 19 ) on the fifth day after treatment .", "Evidence Elements": {"Participant": [], "Intervention": [], "Outcome": [{"term": "percentage of lymphocytes in peripheral blood", "negation": "affirmed", "UMLS": "", "start": 4, "end": 49}, {"term": "returned to normal", "negation": "affirmed", "UMLS": "", "start": 147, "end": 165}]}, "Evidence Propositions": []}, {"Section": "RESULTS", "Text": "Abnormally elevated C-reactive protein decreased significantly in 84.2 % of patients ( 16 / 19 ) .", "Evidence Elements": {"Participant": [], "Intervention": [], "Outcome": [{"term": "Abnormally elevated C-reactive protein", "negation": "affirmed", "UMLS": "", "start": 0, "end": 38}]}, "Evidence Propositions": []}, {"Section": "RESULTS", "Text": "No obvious adverse reactions were observed .", "Evidence Elements": {"Participant": [], "Intervention": [], "Outcome": [{"term": "obvious adverse reactions", "negation": "negated", "UMLS": "", "start": 3, "end": 28}]}, "Evidence Propositions": []}, {"Section": "RESULTS", "Text": "All patients have been discharged on average 15.1 d after giving tocilizumab .", "Evidence Elements": {"Participant": [], "Intervention": [{"term": "tocilizumab", "negation": "affirmed", "UMLS": "", "start": 65, "end": 76}], "Outcome": [{"term": "discharged", "negation": "affirmed", "UMLS": "", "start": 23, "end": 33}]}, "Evidence Propositions": [{"Intervention": "tocilizumab", "Observation": "15.1 d", "Outcome": "discharged", "Count": ""}, {"Intervention": "tocilizumab", "Observation": "", "Count": "All patients", "Outcome": "discharged"}]}, {"Section": "CONCLUSIONS", "Text": "Preliminary data show that tocilizumab , which improved the clinical outcome immediately in severe and critical COVID-19 patients , is an effective treatment to reduce mortality .", "Evidence Elements": {"Participant": [{"term": "severe and critical COVID-19", "negation": "affirmed", "UMLS": "", "start": 92, "end": 120}], "Intervention": [{"term": "tocilizumab", "negation": "affirmed", "UMLS": "", "start": 27, "end": 38}], "Outcome": [{"term": "clinical outcome", "negation": "affirmed", "UMLS": "", "start": 60, "end": 76}]}, "Evidence Propositions": [{"Intervention": "tocilizumab", "Observation": "improved", "Outcome": "clinical outcome", "Count": ""}]}]}