{"doc_id": "32350104", "type of study": "Therapy", "title": "", "abstract": "We recently reported that current smokers and those with COPD had higher airway epithelial cell expression of the angiotensin-converting enzyme-2 (ACE-2) viral entry receptor [1].\nWe thus read with great interest the work of Russo et al. [2] which proposes a mechanism for this finding, namely that this upregulation is mediated by nicotine exposure specifically through the alpha7 subtype of nicotine acetylcholine receptors (alpha7-nAChR).\nWhile exposure to increasing concentrations of nicotine caused epithelial cells to increase ACE-2 levels, subsequent gene silencing of alpha7-nAChR appeared to significantly dampen this response.\nA secondary transcriptome sequencing analysis of our cohort (consisting of 42 subjects who underwent bronchoscopy for epithelial cell brushings [1]) reveals evidence in support of this hypothesis.\nWe found that airway epithelial cell expression of CHRNA7, encoding alpha7-nAChR, was significantly correlated with the expression of ACE2 (fig. 1, Pearson r=0.54, p=2.31x10-8).\nThere was significantly higher CHRNA7 expression in those with COPD (2.75+-0.73 versus 2.14+-0.43 in those without COPD, p=1.47x10-4), with a trend towards higher expression in current smokers compared to former and never smokers (2.86+-0.92 in current smokers, 2.35+-0.57 in former smokers, and 2.27+-0.45 in never smokers, p=6.16x10-2).\nCHRNA7 was also negatively correlated with forced expiratory volume in 1 s percent predicted (Pearson r=-0.37, p=2.83x10-4).\nInterestingly, CHRNA7 was positively if weakly correlated with body mass index (Pearson r=0.14, p=6.31x10-3), raising the intriguing possibility that nicotine receptor mediation of ACE-2 may also be related to why obese individuals have made up a considerable proportion of COVID-19 cases [3].\nalpha7-nAChR may upregulate ACE-2\n", "Evidence Map": {"Enrollment": [{"term": "current smokers", "negation": "affirmed", "UMLS": "", "start": 26, "end": 41}, {"term": "COPD", "negation": "affirmed", "UMLS": "", "start": 57, "end": 61}, {"term": "epithelial cells", "negation": "affirmed", "UMLS": "", "start": 63, "end": 79}, {"term": "bronchoscopy", "negation": "affirmed", "UMLS": "", "start": 102, "end": 114}, {"term": "epithelial cell brushings", "negation": "affirmed", "UMLS": "", "start": 119, "end": 144}, {"term": "with COPD", "negation": "affirmed", "UMLS": "", "start": 58, "end": 67}, {"term": "without COPD", "negation": "affirmed", "UMLS": "", "start": 110, "end": 122}, {"term": "obese", "negation": "affirmed", "UMLS": "", "start": 223, "end": 228}], "Comparison Results": [], "Study Arm 1 Results": [], "Study Arm 2 Results": []}, "Sentence-level breakdown": [{"Section": "TITLE", "Text": "We recently reported that current smokers and those with COPD had higher airway epithelial cell expression of the angiotensin-converting enzyme-2 ( ACE-2 ) viral entry receptor [ 1 ] .", "Evidence Elements": {"Participant": [{"term": "current smokers", "negation": "affirmed", "UMLS": "", "start": 26, "end": 41}, {"term": "COPD", "negation": "affirmed", "UMLS": "", "start": 57, "end": 61}], "Intervention": [], "Outcome": [{"term": "airway epithelial cell expression of the angiotensin-converting enzyme-2 ( ACE-2 ) viral entry", "negation": "affirmed", "UMLS": "", "start": 73, "end": 167}]}, "Evidence Propositions": []}, {"Section": "RESULTS", "Text": "We thus read with great interest the work of Russo et al. [ 2 ] which proposes a mechanism for this finding , namely that this upregulation is mediated by nicotine exposure specifically through the alpha7 subtype of nicotine acetylcholine receptors ( alpha7-nAChR ) .", "Evidence Elements": {"Participant": [], "Intervention": [], "Outcome": []}, "Evidence Propositions": []}, {"Section": "RESULTS", "Text": "While exposure to increasing concentrations of nicotine caused epithelial cells to increase ACE-2 levels , subsequent gene silencing of alpha7-nAChR appeared to significantly dampen this response .", "Evidence Elements": {"Participant": [{"term": "epithelial cells", "negation": "affirmed", "UMLS": "", "start": 63, "end": 79}], "Intervention": [{"term": "increasing concentrations of nicotine", "negation": "affirmed", "UMLS": "", "start": 18, "end": 55}, {"term": "subsequent gene silencing of alpha7-nAChR", "negation": "affirmed", "UMLS": "", "start": 107, "end": 148}], "Outcome": [{"term": "ACE-2 levels", "negation": "affirmed", "UMLS": "", "start": 92, "end": 104}]}, "Evidence Propositions": []}, {"Section": "RESULTS", "Text": "A secondary transcriptome sequencing analysis of our cohort ( consisting of 42 subjects who underwent bronchoscopy for epithelial cell brushings [ 1 ] ) reveals evidence in support of this hypothesis .", "Evidence Elements": {"Participant": [{"term": "bronchoscopy", "negation": "affirmed", "UMLS": "", "start": 102, "end": 114}, {"term": "epithelial cell brushings", "negation": "affirmed", "UMLS": "", "start": 119, "end": 144}], "Intervention": [], "Outcome": []}, "Evidence Propositions": []}, {"Section": "RESULTS", "Text": "We found that airway epithelial cell expression of CHRNA7 , encoding alpha7-nAChR , was significantly correlated with the expression of ACE2 ( fig.1 , Pearson r = 0.54 , p = 2.31x10-8 ) .", "Evidence Elements": {"Participant": [], "Intervention": [], "Outcome": [{"term": "airway epithelial cell expression of CHRNA7", "negation": "affirmed", "UMLS": "", "start": 14, "end": 57}, {"term": "expression of ACE2", "negation": "affirmed", "UMLS": "", "start": 122, "end": 140}]}, "Evidence Propositions": []}, {"Section": "RESULTS", "Text": "There was significantly higher CHRNA7 expression in those with COPD ( 2.75 +-0.73 versus 2.14 +-0.43 in those without COPD , p = 1.47x10-4 ) , with a trend towards higher expression in current smokers compared to former and never smokers ( 2.86 +-0.92 in current smokers , 2.35 +-0.57 in former smokers , and 2.27 +-0.45 in never smokers , p = 6.16x10-2 ) .", "Evidence Elements": {"Participant": [{"term": "with COPD", "negation": "affirmed", "UMLS": "", "start": 58, "end": 67}, {"term": "without COPD", "negation": "affirmed", "UMLS": "", "start": 110, "end": 122}], "Intervention": [{"term": "current smokers", "negation": "negated", "UMLS": "", "start": 185, "end": 200}, {"term": "former and never smokers", "negation": "negated", "UMLS": "", "start": 213, "end": 237}, {"term": "current smokers", "negation": "negated", "UMLS": "", "start": 185, "end": 200}], "Outcome": [{"term": "CHRNA7 expression", "negation": "affirmed", "UMLS": "", "start": 31, "end": 48}, {"term": "expression", "negation": "negated", "UMLS": "", "start": 38, "end": 48}]}, "Evidence Propositions": [{"Intervention": [], "Observation": "significantly higher", "Outcome": "", "Count": ""}, {"Intervention": [], "Observation": "trend towards higher", "Outcome": "", "Count": ""}]}, {"Section": "RESULTS", "Text": "CHRNA7 was also negatively correlated with forced expiratory volume in 1 s percent predicted ( Pearson r = -0.37 , p = 2.83x10-4 ) .", "Evidence Elements": {"Participant": [], "Intervention": [{"term": "CHRNA7", "negation": "affirmed", "UMLS": "", "start": 0, "end": 6}], "Outcome": [{"term": "forced expiratory volume in 1 s percent predicted", "negation": "affirmed", "UMLS": "", "start": 43, "end": 92}]}, "Evidence Propositions": [{"Intervention": "CHRNA7", "Observation": "negatively correlated", "Outcome": "forced expiratory volume in 1 s percent predicted", "Count": ""}]}, {"Section": "CONCLUSIONS", "Text": "Interestingly , CHRNA7 was positively if weakly correlated with body mass index ( Pearson r = 0.14 , p = 6.31x10-3 ) , raising the intriguing possibility that nicotine receptor mediation of ACE-2 may also be related to why obese individuals have made up a considerable proportion of COVID-19 cases [ 3 ] .", "Evidence Elements": {"Participant": [{"term": "obese", "negation": "affirmed", "UMLS": "", "start": 223, "end": 228}], "Intervention": [], "Outcome": [{"term": "CHRNA7", "negation": "affirmed", "UMLS": "", "start": 16, "end": 22}, {"term": "body mass index", "negation": "affirmed", "UMLS": "", "start": 64, "end": 79}, {"term": "receptor mediation of ACE-2", "negation": "affirmed", "UMLS": "", "start": 168, "end": 195}]}, "Evidence Propositions": []}, {"Section": "CONCLUSIONS", "Text": "alpha7-nAChR may upregulate ACE-2", "Evidence Elements": {"Participant": [], "Intervention": [{"term": "alpha7-nAChR", "negation": "affirmed", "UMLS": "", "start": 0, "end": 12}], "Outcome": [{"term": "ACE-2", "negation": "affirmed", "UMLS": "", "start": 28, "end": 33}]}, "Evidence Propositions": []}]}