{"doc_id": "32356628", "type of study": "Therapy", "title": "", "abstract": "There is concern about the potential of an increased risk related to medications that act on the renin-angiotensin-aldosterone system in patients exposed to coronavirus disease 2019 (Covid-19), because the viral receptor is angiotensin-converting enzyme 2 (ACE2).\nWe assessed the relation between previous treatment with ACE inhibitors, angiotensin-receptor blockers, beta-blockers, calcium-channel blockers, or thiazide diuretics and the likelihood of a positive or negative result on Covid-19 testing as well as the likelihood of severe illness (defined as intensive care, mechanical ventilation, or death) among patients who tested positive.\nUsing Bayesian methods, we compared outcomes in patients who had been treated with these medications and in untreated patients, overall and in those with hypertension, after propensity-score matching for receipt of each medication class.\nA difference of at least 10 percentage points was prespecified as a substantial difference.\nAmong 12,594 patients who were tested for Covid-19, a total of 5894 (46.8%) were positive; 1002 of these patients (17.0%) had severe illness.\nA history of hypertension was present in 4357 patients (34.6%), among whom 2573 (59.1%) had a positive test; 634 of these patients (24.6%) had severe illness.\nThere was no association between any single medication class and an increased likelihood of a positive test.\nNone of the medications examined was associated with a substantial increase in the risk of severe illness among patients who tested positive.\nWe found no substantial increase in the likelihood of a positive test for Covid-19 or in the risk of severe Covid-19 among patients who tested positive in association with five common classes of antihypertensive medications.\n", "Evidence Map": {"Enrollment": [{"term": "hypertension", "negation": "affirmed", "UMLS": "", "start": 156, "end": 168}, {"term": "Covid-19", "negation": "affirmed", "UMLS": "", "start": 42, "end": 50}, {"term": "hypertension", "negation": "affirmed", "UMLS": "", "start": 13, "end": 25}, {"term": "positive test", "negation": "affirmed", "UMLS": "", "start": 101, "end": 114}, {"term": "positive", "negation": "affirmed", "UMLS": "", "start": 132, "end": 140}, {"term": "positive", "negation": "negated", "UMLS": "", "start": 56, "end": 64}], "Comparison Results": [], "Study Arm 1 Results": [], "Study Arm 2 Results": []}, "Sentence-level breakdown": [{"Section": "TITLE", "Text": "There is concern about the potential of an increased risk related to medications that act on the renin-angiotensin-aldosterone system in patients exposed to coronavirus disease 2019 ( Covid-19 ) , because the viral receptor is angiotensin-converting enzyme 2 ( ACE2 ) .", "Evidence Elements": {"Participant": [], "Intervention": [], "Outcome": []}, "Evidence Propositions": []}, {"Section": "OBJECTIVE", "Text": "We assessed the relation between previous treatment with ACE inhibitors , angiotensin-receptor blockers , beta-blockers , calcium-channel blockers , or thiazide diuretics and the likelihood of a positive or negative result on Covid-19 testing as well as the likelihood of severe illness ( defined as intensive care , mechanical ventilation , or death ) among patients who tested positive .", "Evidence Elements": {"Participant": [], "Intervention": [{"term": "previous treatment with ACE inhibitors", "negation": "affirmed", "UMLS": "", "start": 33, "end": 71}, {"term": "angiotensin-receptor blockers", "negation": "affirmed", "UMLS": "", "start": 74, "end": 103}, {"term": "beta-blockers", "negation": "affirmed", "UMLS": "", "start": 106, "end": 119}, {"term": "calcium-channel blockers", "negation": "affirmed", "UMLS": "", "start": 122, "end": 146}, {"term": "thiazide diuretics", "negation": "affirmed", "UMLS": "", "start": 152, "end": 170}], "Outcome": [{"term": "likelihood of a positive or negative result on Covid-19 testing", "negation": "affirmed", "UMLS": "", "start": 179, "end": 242}, {"term": "likelihood of severe illness", "negation": "affirmed", "UMLS": "", "start": 258, "end": 286}, {"term": "intensive care", "negation": "affirmed", "UMLS": "", "start": 300, "end": 314}, {"term": "mechanical ventilation ,", "negation": "affirmed", "UMLS": "", "start": 317, "end": 341}]}, "Evidence Propositions": [{"Intervention": "previous treatment with ACE inhibitors", "Observation": "relation", "Outcome": "likelihood of a positive or negative result on Covid-19 testing", "Count": ""}, {"Intervention": "previous treatment with ACE inhibitors", "Observation": "relation", "Outcome": "mechanical ventilation ,", "Count": ""}, {"Intervention": "angiotensin-receptor blockers", "Observation": "relation", "Outcome": "likelihood of a positive or negative result on Covid-19 testing", "Count": ""}, {"Intervention": "angiotensin-receptor blockers", "Observation": "relation", "Outcome": "mechanical ventilation ,", "Count": ""}, {"Intervention": "beta-blockers", "Observation": "relation", "Outcome": "likelihood of a positive or negative result on Covid-19 testing", "Count": ""}, {"Intervention": "beta-blockers", "Observation": "relation", "Outcome": "mechanical ventilation ,", "Count": ""}, {"Intervention": "calcium-channel blockers", "Observation": "relation", "Outcome": "likelihood of a positive or negative result on Covid-19 testing", "Count": ""}, {"Intervention": "calcium-channel blockers", "Observation": "relation", "Outcome": "mechanical ventilation ,", "Count": ""}, {"Intervention": "thiazide diuretics", "Observation": "relation", "Outcome": "likelihood of a positive or negative result on Covid-19 testing", "Count": ""}, {"Intervention": "thiazide diuretics", "Observation": "relation", "Outcome": "mechanical ventilation ,", "Count": ""}]}, {"Section": "METHODS", "Text": "Using Bayesian methods , we compared outcomes in patients who had been treated with these medications and in untreated patients , overall and in those with hypertension , after propensity-score matching for receipt of each medication class .", "Evidence Elements": {"Participant": [{"term": "hypertension", "negation": "affirmed", "UMLS": "", "start": 156, "end": 168}], "Intervention": [{"term": "medications", "negation": "affirmed", "UMLS": "", "start": 90, "end": 101}, {"term": "untreated", "negation": "affirmed", "UMLS": "", "start": 109, "end": 118}], "Outcome": [{"term": "outcomes", "negation": "affirmed", "UMLS": "", "start": 37, "end": 45}]}, "Evidence Propositions": []}, {"Section": "METHODS", "Text": "A difference of at least 10 percentage points was prespecified as a substantial difference .", "Evidence Elements": {"Participant": [], "Intervention": [], "Outcome": []}, "Evidence Propositions": []}, {"Section": "RESULTS", "Text": "Among 12,594 patients who were tested for Covid-19 , a total of 5894 ( 46.8 % ) were positive ; 1002 of these patients ( 17.0 % ) had severe illness .", "Evidence Elements": {"Participant": [{"term": "Covid-19", "negation": "affirmed", "UMLS": "", "start": 42, "end": 50}], "Intervention": [], "Outcome": [{"term": "positive", "negation": "affirmed", "UMLS": "", "start": 85, "end": 93}]}, "Evidence Propositions": []}, {"Section": "RESULTS", "Text": "A history of hypertension was present in 4357 patients ( 34.6 % ) , among whom 2573 ( 59.1 % ) had a positive test ; 634 of these patients ( 24.6 % ) had severe illness .", "Evidence Elements": {"Participant": [{"term": "hypertension", "negation": "affirmed", "UMLS": "", "start": 13, "end": 25}, {"term": "positive test", "negation": "affirmed", "UMLS": "", "start": 101, "end": 114}], "Intervention": [], "Outcome": []}, "Evidence Propositions": []}, {"Section": "RESULTS", "Text": "There was no association between any single medication class and an increased likelihood of a positive test .", "Evidence Elements": {"Participant": [], "Intervention": [{"term": "single medication class", "negation": "negated", "UMLS": "", "start": 37, "end": 60}], "Outcome": [{"term": "likelihood of a positive test", "negation": "negated", "UMLS": "", "start": 78, "end": 107}]}, "Evidence Propositions": []}, {"Section": "RESULTS", "Text": "None of the medications examined was associated with a substantial increase in the risk of severe illness among patients who tested positive .", "Evidence Elements": {"Participant": [{"term": "positive", "negation": "affirmed", "UMLS": "", "start": 132, "end": 140}], "Intervention": [{"term": "None", "negation": "affirmed", "UMLS": "", "start": 0, "end": 4}, {"term": "medications", "negation": "negated", "UMLS": "", "start": 12, "end": 23}], "Outcome": [{"term": "risk of severe illness", "negation": "negated", "UMLS": "", "start": 83, "end": 105}]}, "Evidence Propositions": [{"Intervention": "None", "Observation": "substantial increase", "Outcome": "risk of severe illness", "Count": ""}, {"Intervention": "medications", "Observation": "substantial increase", "Outcome": "risk of severe illness", "Count": ""}]}, {"Section": "CONCLUSIONS", "Text": "We found no substantial increase in the likelihood of a positive test for Covid-19 or in the risk of severe Covid-19 among patients who tested positive in association with five common classes of antihypertensive medications .", "Evidence Elements": {"Participant": [{"term": "positive", "negation": "negated", "UMLS": "", "start": 56, "end": 64}], "Intervention": [{"term": "common classes of antihypertensive medications", "negation": "affirmed", "UMLS": "", "start": 177, "end": 223}], "Outcome": [{"term": "likelihood of a positive test for Covid-19", "negation": "negated", "UMLS": "", "start": 40, "end": 82}, {"term": "risk of severe Covid-19", "negation": "negated", "UMLS": "", "start": 93, "end": 116}]}, "Evidence Propositions": []}]}