{"doc_id": "32350818", "type of study": "Therapy", "title": "", "abstract": "In the battle against the SARS-CoV-2 pandemic, chloroquine has emerged as a new potential therapeutic option for the treatment of infected patients.\nA safety consideration for the application of chloroquine is its QTc-prolonging potential.\nThus far, no data are available on the QTc-prolonging potential of chloroquine in COVID-19 patients.\nTo assess the degree of chloroquine-induced QTc prolongation in hospitalised COVID-19 patients.\nA baseline electrocardiogram (ECG) and ECGs recorded during chloroquine treatment were retrospectively collected in patients suspected of having COVID-19.\nThe QTc interval was calculated by computerised and manual interpretation.\nBaseline and follow-up QTc intervals were compared using the paired samples t-test.\nA total of 95 patients had a baseline ECG recording and at least one ECG recording during chloroquine therapy.\nChloroquine treatment resulted in a mean QTc prolongation of 35 ms (95% CI 28-43 ms) using computerised interpretation and 34 ms (95% CI 25-43 ms) using manual interpretation.\nNo torsade de pointes was observed during chloroquine treatment.\nAfter manual review, 22 patients (23%) had a QTc interval exceeding 500 ms during chloroquine treatment.\nNone of these patients had a prolonged QTc interval prior to the initiation of chloroquine treatment.\nChloroquine significantly prolongs the QTc interval in a clinically relevant matter.\nThis highlights the need for ECG monitoring when prescribing chloroquine to COVID-19 patients.\n", "Evidence Map": {"Enrollment": [{"term": "hospitalised COVID-19", "negation": "affirmed", "UMLS": "", "start": 64, "end": 85}], "Comparison Results": [], "Study Arm 1 Results": [], "Study Arm 2 Results": []}, "Sentence-level breakdown": [{"Section": "TITLE", "Text": "In the battle against the SARS-CoV-2 pandemic , chloroquine has emerged as a new potential therapeutic option for the treatment of infected patients .", "Evidence Elements": {"Participant": [], "Intervention": [], "Outcome": []}, "Evidence Propositions": []}, {"Section": "OBJECTIVE", "Text": "To assess the degree of chloroquine-induced QTc prolongation in hospitalised COVID-19 patients .", "Evidence Elements": {"Participant": [{"term": "hospitalised COVID-19", "negation": "affirmed", "UMLS": "", "start": 64, "end": 85}], "Intervention": [], "Outcome": [{"term": "degree of chloroquine-induced QTc prolongation", "negation": "affirmed", "UMLS": "", "start": 14, "end": 60}]}, "Evidence Propositions": []}, {"Section": "METHODS", "Text": "A baseline electrocardiogram ( ECG ) and ECGs recorded during chloroquine treatment were retrospectively collected in patients suspected of having COVID-19 .", "Evidence Elements": {"Participant": [], "Intervention": [{"term": "chloroquine", "negation": "affirmed", "UMLS": "", "start": 62, "end": 73}], "Outcome": [{"term": "baseline electrocardiogram ( ECG )", "negation": "affirmed", "UMLS": "", "start": 2, "end": 36}, {"term": "ECGs", "negation": "affirmed", "UMLS": "", "start": 41, "end": 45}]}, "Evidence Propositions": []}, {"Section": "METHODS", "Text": "The QTc interval was calculated by computerised and manual interpretation .", "Evidence Elements": {"Participant": [], "Intervention": [], "Outcome": [{"term": "QTc interval", "negation": "affirmed", "UMLS": "", "start": 4, "end": 16}]}, "Evidence Propositions": []}, {"Section": "METHODS", "Text": "Baseline and follow-up QTc intervals were compared using the paired samples t-test .", "Evidence Elements": {"Participant": [], "Intervention": [], "Outcome": [{"term": "Baseline and follow-up QTc intervals", "negation": "affirmed", "UMLS": "", "start": 0, "end": 36}]}, "Evidence Propositions": []}, {"Section": "RESULTS", "Text": "A total of 95 patients had a baseline ECG recording and at least one ECG recording during chloroquine therapy .", "Evidence Elements": {"Participant": [], "Intervention": [{"term": "chloroquine", "negation": "affirmed", "UMLS": "", "start": 90, "end": 101}], "Outcome": []}, "Evidence Propositions": []}, {"Section": "RESULTS", "Text": "Chloroquine treatment resulted in a mean QTc prolongation of 35 ms ( 95 % CI 28-43 ms ) using computerised interpretation and 34 ms ( 95 % CI 25-43 ms ) using manual interpretation .", "Evidence Elements": {"Participant": [], "Intervention": [{"term": "Chloroquine", "negation": "affirmed", "UMLS": "", "start": 0, "end": 11}], "Outcome": [{"term": "mean QTc prolongation", "negation": "affirmed", "UMLS": "", "start": 36, "end": 57}]}, "Evidence Propositions": [{"Intervention": "Chloroquine", "Observation": "35 ms", "Outcome": "mean QTc prolongation", "Count": ""}]}, {"Section": "RESULTS", "Text": "No torsade de pointes was observed during chloroquine treatment .", "Evidence Elements": {"Participant": [], "Intervention": [{"term": "chloroquine", "negation": "negated", "UMLS": "", "start": 42, "end": 53}], "Outcome": [{"term": "torsade de pointes", "negation": "negated", "UMLS": "", "start": 3, "end": 21}]}, "Evidence Propositions": []}, {"Section": "RESULTS", "Text": "After manual review , 22 patients ( 23 % ) had a QTc interval exceeding 500 ms during chloroquine treatment .", "Evidence Elements": {"Participant": [], "Intervention": [], "Outcome": [{"term": "QTc interval", "negation": "affirmed", "UMLS": "", "start": 49, "end": 61}, {"term": "500", "negation": "affirmed", "UMLS": "", "start": 72, "end": 75}]}, "Evidence Propositions": []}, {"Section": "RESULTS", "Text": "None of these patients had a prolonged QTc interval prior to the initiation of chloroquine treatment .", "Evidence Elements": {"Participant": [], "Intervention": [{"term": "chloroquine", "negation": "negated", "UMLS": "", "start": 79, "end": 90}], "Outcome": [{"term": "QTc interval", "negation": "negated", "UMLS": "", "start": 39, "end": 51}]}, "Evidence Propositions": []}, {"Section": "CONCLUSIONS", "Text": "Chloroquine significantly prolongs the QTc interval in a clinically relevant matter .", "Evidence Elements": {"Participant": [], "Intervention": [{"term": "Chloroquine", "negation": "affirmed", "UMLS": "", "start": 0, "end": 11}], "Outcome": [{"term": "QTc interval", "negation": "affirmed", "UMLS": "", "start": 39, "end": 51}]}, "Evidence Propositions": []}, {"Section": "CONCLUSIONS", "Text": "This highlights the need for ECG monitoring when prescribing chloroquine to COVID-19 patients .", "Evidence Elements": {"Participant": [], "Intervention": [], "Outcome": []}, "Evidence Propositions": []}]}