{"doc_id": "32359396", "type of study": "Therapy", "title": "", "abstract": "The inflammatory response to SARS-coronavirus-2 (SARS-CoV-2) infection is thought to underpin COVID-19 pathogenesis.\nWe conducted daily transcriptomic profiling of three COVID-19 cases and found that the early immune response in COVID-19 patients is highly dynamic.\nPatient throat swabs were tested daily for SARS-CoV-2, with the virus persisting for 3 to 4 weeks in all three patients.\nCytokine analyses of whole blood revealed increased cytokine expression in the single most severe case.\nHowever, most inflammatory gene expression peaked after respiratory function nadir, except expression in the IL1 pathway.\nParallel analyses of CD4 and CD8 expression suggested that the pro-inflammatory response may be intertwined with T cell activation that could exacerbate disease or prolong the infection.\nCollectively, these findings hint at the possibility that IL1 and related pro-inflammatory pathways may be prognostic and serve as therapeutic targets for COVID-19.\nThis work may also guide future studies to illuminate COVID-19 pathogenesis and develop host-directed therapies.\nEarly immune response in COVID-19 patients is highly dynamic Most pro-inflammatory genes, except IL1, were induced after respiratory function nadir Reduced T cell activation in mild cases may contribute to prolonged RNAemia Through daily transcriptomic profiling of whole blood from SARS-CoV-2 patients, Ong et al. reveal that the early immune response is highly dynamic in COVID-19 patients.\nAside from IL-1, peak cytokine expression occurs after the lowest point in respiratory function.\nThese findings underscore the need for systematic sampling of COVID-19 patients.\n", "Evidence Map": {"Enrollment": [{"term": "COVID-19", "negation": "affirmed", "UMLS": "", "start": 53, "end": 61}, {"term": "COVID-19", "negation": "affirmed", "UMLS": "", "start": 53, "end": 61}, {"term": "COVID-19", "negation": "negated", "UMLS": "", "start": 25, "end": 33}, {"term": "SARS-CoV-2", "negation": "negated", "UMLS": "", "start": 285, "end": 295}], "Comparison Results": [], "Study Arm 1 Results": [], "Study Arm 2 Results": []}, "Sentence-level breakdown": [{"Section": "TITLE", "Text": "The inflammatory response to SARS-coronavirus-2 ( SARS-CoV-2 ) infection is thought to underpin COVID-19 pathogenesis .", "Evidence Elements": {"Participant": [], "Intervention": [], "Outcome": []}, "Evidence Propositions": []}, {"Section": "METHODS", "Text": "Patient throat swabs were tested daily for SARS-CoV-2 , with the virus persisting for 3 to 4 weeks in all three patients .", "Evidence Elements": {"Participant": [], "Intervention": [], "Outcome": [{"term": "SARS-CoV-2", "negation": "affirmed", "UMLS": "", "start": 43, "end": 53}]}, "Evidence Propositions": []}, {"Section": "RESULTS", "Text": "Cytokine analyses of whole blood revealed increased cytokine expression in the single most severe case .", "Evidence Elements": {"Participant": [], "Intervention": [], "Outcome": [{"term": "cytokine expression", "negation": "affirmed", "UMLS": "", "start": 52, "end": 71}]}, "Evidence Propositions": []}, {"Section": "RESULTS", "Text": "However , most inflammatory gene expression peaked after respiratory function nadir , except expression in the IL1 pathway .", "Evidence Elements": {"Participant": [], "Intervention": [{"term": "respiratory function", "negation": "affirmed", "UMLS": "", "start": 57, "end": 77}], "Outcome": [{"term": "inflammatory gene expression", "negation": "affirmed", "UMLS": "", "start": 15, "end": 43}]}, "Evidence Propositions": [{"Intervention": [], "Observation": "most", "Outcome": "", "Count": ""}]}, {"Section": "RESULTS", "Text": "Parallel analyses of CD4 and CD8 expression suggested that the pro-inflammatory response may be intertwined with T cell activation that could exacerbate disease or prolong the infection .", "Evidence Elements": {"Participant": [], "Intervention": [], "Outcome": []}, "Evidence Propositions": []}, {"Section": "CONCLUSIONS", "Text": "Collectively , these findings hint at the possibility that IL1 and related pro-inflammatory pathways may be prognostic and serve as therapeutic targets for COVID-19 .", "Evidence Elements": {"Participant": [], "Intervention": [], "Outcome": []}, "Evidence Propositions": []}, {"Section": "CONCLUSIONS", "Text": "This work may also guide future studies to illuminate COVID-19 pathogenesis and develop host-directed therapies .", "Evidence Elements": {"Participant": [], "Intervention": [], "Outcome": []}, "Evidence Propositions": []}, {"Section": "CONCLUSIONS", "Text": "Early immune response in COVID-19 patients is highly dynamic Most pro-inflammatory genes , except IL1 , were induced after respiratory function nadir Reduced T cell activation in mild cases may contribute to prolonged RNAemia Through daily transcriptomic profiling of whole blood from SARS-CoV-2 patients , Ong et al. reveal that the early immune response is highly dynamic in COVID-19 patients .", "Evidence Elements": {"Participant": [{"term": "COVID-19", "negation": "negated", "UMLS": "", "start": 25, "end": 33}, {"term": "SARS-CoV-2", "negation": "negated", "UMLS": "", "start": 285, "end": 295}], "Intervention": [], "Outcome": [{"term": "Early immune response", "negation": "affirmed", "UMLS": "", "start": 0, "end": 21}, {"term": "Most", "negation": "affirmed", "UMLS": "", "start": 61, "end": 65}, {"term": "pro-inflammatory genes", "negation": "affirmed", "UMLS": "", "start": 66, "end": 88}, {"term": "IL1", "negation": "negated", "UMLS": "", "start": 98, "end": 101}, {"term": "early immune response", "negation": "affirmed", "UMLS": "", "start": 334, "end": 355}]}, "Evidence Propositions": []}, {"Section": "CONCLUSIONS", "Text": "Aside from IL-1 , peak cytokine expression occurs after the lowest point in respiratory function .", "Evidence Elements": {"Participant": [], "Intervention": [], "Outcome": [{"term": "IL-1", "negation": "affirmed", "UMLS": "", "start": 11, "end": 15}, {"term": "peak cytokine expression", "negation": "affirmed", "UMLS": "", "start": 18, "end": 42}]}, "Evidence Propositions": []}, {"Section": "CONCLUSIONS", "Text": "These findings underscore the need for systematic sampling of COVID-19 patients .", "Evidence Elements": {"Participant": [], "Intervention": [], "Outcome": []}, "Evidence Propositions": []}]}