{"doc_id": "32352637", "type of study": "Therapy", "title": "", "abstract": "To explore the potential association of obesity and other chronic diseases with severe outcomes, such as intensive care unit (ICU) admission and invasive mechanical ventilation (IMV), in patients hospitalized with COVID-19.\nRetrospective cohort of 103 patients hospitalized with COVID-19.\nDemographic data, past medical history and hospital course were collected and analyzed.\nA multivariate logistic regression analysis was implemented to examine associations.\nFrom February 17th to April 5th, 103 consecutive patients were hospitalized with COVID-19.\nAmong them, 41 patients (39.8%) were admitted to the ICU and 29 (70.7%) required (IMV).\nThe prevalence of obesity was 47.5% (49/103).\nIn a multivariate analysis, severe obesity (BMI >=35 kg/m2) was associated with ICU admission (aOR 5.39; 95% CI:1.13-25.64).\nMoreover, patients who required IMV, were more likely to have had heart disease (aOR 3.41; 95% CI:1.05-11.06), obesity (BMI=30-34.9 kg/m2) (aOR 6.85; 95% CI: 1.05-44.82) or severe obesity (BMI>=35 kg/m2) (aOR 9.99; 95% CI:1.39-71.69).\nIn our analysis, severe obesity (BMI >=35 kg/m2) was associated with ICU admission, while history of heart disease and obesity (BMI >=30 kg/m2) were independently associated with the use of IMV.\nIncreased vigilance and aggressive treatment of patients with obesity and COVID-19 are warranted.\n", "Evidence Map": {"Enrollment": [{"term": "hospitalized", "negation": "affirmed", "UMLS": "", "start": 37, "end": 49}, {"term": "COVID-19", "negation": "affirmed", "UMLS": "", "start": 55, "end": 63}, {"term": "hospitalized", "negation": "affirmed", "UMLS": "", "start": 64, "end": 76}, {"term": "admitted to the ICU", "negation": "affirmed", "UMLS": "", "start": 41, "end": 60}, {"term": "heart disease", "negation": "affirmed", "UMLS": "", "start": 68, "end": 81}, {"term": "obesity", "negation": "affirmed", "UMLS": "", "start": 120, "end": 127}, {"term": "severe obesity", "negation": "affirmed", "UMLS": "", "start": 18, "end": 32}, {"term": "35", "negation": "affirmed", "UMLS": "", "start": 43, "end": 45}, {"term": "ICU admission", "negation": "affirmed", "UMLS": "", "start": 76, "end": 89}, {"term": "history of heart disease", "negation": "affirmed", "UMLS": "", "start": 98, "end": 122}, {"term": "obesity", "negation": "affirmed", "UMLS": "", "start": 25, "end": 32}], "Comparison Results": [], "Study Arm 1 Results": [], "Study Arm 2 Results": []}, "Sentence-level breakdown": [{"Section": "TITLE", "Text": "To explore the potential association of obesity and other chronic diseases with severe outcomes , such as intensive care unit ( ICU ) admission and invasive mechanical ventilation ( IMV ) , in patients hospitalized with COVID-19 .", "Evidence Elements": {"Participant": [], "Intervention": [{"term": "obesity", "negation": "affirmed", "UMLS": "", "start": 40, "end": 47}, {"term": "chronic diseases", "negation": "affirmed", "UMLS": "", "start": 58, "end": 74}, {"term": "intensive care unit ( ICU ) admission", "negation": "affirmed", "UMLS": "", "start": 106, "end": 143}, {"term": "invasive mechanical ventilation ( IMV )", "negation": "affirmed", "UMLS": "", "start": 148, "end": 187}], "Outcome": [{"term": "severe outcomes", "negation": "affirmed", "UMLS": "", "start": 80, "end": 95}]}, "Evidence Propositions": []}, {"Section": "METHODS", "Text": "Retrospective cohort of 103 patients hospitalized with COVID-19 .", "Evidence Elements": {"Participant": [{"term": "hospitalized", "negation": "affirmed", "UMLS": "", "start": 37, "end": 49}, {"term": "COVID-19", "negation": "affirmed", "UMLS": "", "start": 55, "end": 63}], "Intervention": [], "Outcome": []}, "Evidence Propositions": []}, {"Section": "METHODS", "Text": "Demographic data , past medical history and hospital course were collected and analyzed .", "Evidence Elements": {"Participant": [], "Intervention": [], "Outcome": []}, "Evidence Propositions": []}, {"Section": "METHODS", "Text": "A multivariate logistic regression analysis was implemented to examine associations .", "Evidence Elements": {"Participant": [], "Intervention": [], "Outcome": []}, "Evidence Propositions": []}, {"Section": "RESULTS", "Text": "From February 17th to April 5th , 103 consecutive patients were hospitalized with COVID-19 .", "Evidence Elements": {"Participant": [{"term": "hospitalized", "negation": "affirmed", "UMLS": "", "start": 64, "end": 76}], "Intervention": [], "Outcome": []}, "Evidence Propositions": []}, {"Section": "RESULTS", "Text": "Among them , 41 patients ( 39.8 % ) were admitted to the ICU and 29 ( 70.7 % ) required ( IMV ) .", "Evidence Elements": {"Participant": [{"term": "admitted to the ICU", "negation": "affirmed", "UMLS": "", "start": 41, "end": 60}], "Intervention": [], "Outcome": []}, "Evidence Propositions": []}, {"Section": "RESULTS", "Text": "The prevalence of obesity was 47.5 % ( 49 / 103 ) .", "Evidence Elements": {"Participant": [], "Intervention": [], "Outcome": [{"term": "prevalence of obesity", "negation": "affirmed", "UMLS": "", "start": 4, "end": 25}]}, "Evidence Propositions": []}, {"Section": "RESULTS", "Text": "In a multivariate analysis , severe obesity ( BMI > =35 kg / m2 ) was associated with ICU admission ( aOR 5.39 ; 95 % CI : 1.13-25.64 ) .", "Evidence Elements": {"Participant": [], "Intervention": [{"term": "severe obesity", "negation": "affirmed", "UMLS": "", "start": 29, "end": 43}], "Outcome": [{"term": "ICU admission", "negation": "affirmed", "UMLS": "", "start": 86, "end": 99}]}, "Evidence Propositions": []}, {"Section": "RESULTS", "Text": "Moreover , patients who required IMV , were more likely to have had heart disease ( aOR 3.41 ; 95 % CI : 1.05-11.06 ) , obesity ( BMI = 30-34.9 kg / m2 ) ( aOR 6.85 ; 95 % CI : 1.05-44.82 ) or severe obesity ( BMI > = 35 kg / m2 ) ( aOR 9.99 ; 95 % CI : 1.39-71.69 ) .", "Evidence Elements": {"Participant": [{"term": "heart disease", "negation": "affirmed", "UMLS": "", "start": 68, "end": 81}, {"term": "obesity", "negation": "affirmed", "UMLS": "", "start": 120, "end": 127}], "Intervention": [{"term": "IMV", "negation": "affirmed", "UMLS": "", "start": 33, "end": 36}], "Outcome": []}, "Evidence Propositions": [{"Intervention": ["IMV"], "Observation": "more likely", "Outcome": "", "Count": ""}]}, {"Section": "CONCLUSIONS", "Text": "In our analysis , severe obesity ( BMI > = 35 kg / m2 ) was associated with ICU admission , while history of heart disease and obesity ( BMI > = 30 kg / m2 ) were independently associated with the use of IMV .", "Evidence Elements": {"Participant": [{"term": "severe obesity", "negation": "affirmed", "UMLS": "", "start": 18, "end": 32}, {"term": "35", "negation": "affirmed", "UMLS": "", "start": 43, "end": 45}, {"term": "ICU admission", "negation": "affirmed", "UMLS": "", "start": 76, "end": 89}, {"term": "history of heart disease", "negation": "affirmed", "UMLS": "", "start": 98, "end": 122}, {"term": "obesity", "negation": "affirmed", "UMLS": "", "start": 25, "end": 32}], "Intervention": [], "Outcome": []}, "Evidence Propositions": []}, {"Section": "CONCLUSIONS", "Text": "Increased vigilance and aggressive treatment of patients with obesity and COVID-19 are warranted .", "Evidence Elements": {"Participant": [], "Intervention": [], "Outcome": []}, "Evidence Propositions": []}]}