{"doc_id": "32356626", "type of study": "Therapy", "title": "", "abstract": "Coronavirus disease 2019 (Covid-19) may disproportionately affect people with cardiovascular disease.\nConcern has been aroused regarding a potential harmful effect of angiotensin-converting-enzyme (ACE) inhibitors and angiotensin-receptor blockers (ARBs) in this clinical context.\nUsing an observational database from 169 hospitals in Asia, Europe, and North America, we evaluated the relationship of cardiovascular disease and drug therapy with in-hospital death among hospitalized patients with Covid-19 who were admitted between December 20, 2019, and March 15, 2020, and were recorded in the Surgical Outcomes Collaborative registry as having either died in the hospital or survived to discharge as of March 28, 2020.\nOf the 8910 patients with Covid-19 for whom discharge status was available at the time of the analysis, a total of 515 died in the hospital (5.8%) and 8395 survived to discharge.\nThe factors we found to be independently associated with an increased risk of in-hospital death were an age greater than 65 years (mortality of 10.0%, vs. 4.9% among those <=65 years of age; odds ratio, 1.93; 95% confidence interval [CI], 1.60 to 2.41), coronary artery disease (10.2%, vs. 5.2% among those without disease; odds ratio, 2.70; 95% CI, 2.08 to 3.51), heart failure (15.3%, vs. 5.6% among those without heart failure; odds ratio, 2.48; 95% CI, 1.62 to 3.79), cardiac arrhythmia (11.5%, vs. 5.6% among those without arrhythmia; odds ratio, 1.95; 95% CI, 1.33 to 2.86), chronic obstructive pulmonary disease (14.2%, vs. 5.6% among those without disease; odds ratio, 2.96; 95% CI, 2.00 to 4.40), and current smoking (9.4%, vs. 5.6% among former smokers or nonsmokers; odds ratio, 1.79; 95% CI, 1.29 to 2.47).\nNo increased risk of in-hospital death was found to be associated with the use of ACE inhibitors (2.1% vs. 6.1%; odds ratio, 0.33; 95% CI, 0.20 to 0.54) or the use of ARBs (6.8% vs. 5.7%; odds ratio, 1.23; 95% CI, 0.87 to 1.74).\nOur study confirmed previous observations suggesting that underlying cardiovascular disease is associated with an increased risk of in-hospital death among patients hospitalized with Covid-19.\nOur results did not confirm previous concerns regarding a potential harmful association of ACE inhibitors or ARBs with in-hospital death in this clinical context.\n(Funded by the William Harvey Distinguished Chair in Advanced Cardiovascular Medicine at Brigham and Women's Hospital.)\n", "Evidence Map": {"Enrollment": [{"term": "hospitalized patients", "negation": "affirmed", "UMLS": "", "start": 192, "end": 213}, {"term": "Covid-19", "negation": "affirmed", "UMLS": "", "start": 219, "end": 227}, {"term": "admitted", "negation": "affirmed", "UMLS": "", "start": 237, "end": 245}, {"term": "Covid-19", "negation": "affirmed", "UMLS": "", "start": 26, "end": 34}, {"term": "age greater than 65 years", "negation": "affirmed", "UMLS": "", "start": 104, "end": 129}, {"term": "coronary artery disease", "negation": "affirmed", "UMLS": "", "start": 270, "end": 293}, {"term": "without disease", "negation": "affirmed", "UMLS": "", "start": 328, "end": 343}, {"term": "heart failure", "negation": "negated", "UMLS": "", "start": 393, "end": 406}, {"term": "hospitalized", "negation": "affirmed", "UMLS": "", "start": 165, "end": 177}, {"term": "Covid-19", "negation": "affirmed", "UMLS": "", "start": 183, "end": 191}], "Comparison Results": [], "Study Arm 1 Results": [], "Study Arm 2 Results": []}, "Sentence-level breakdown": [{"Section": "TITLE", "Text": "Coronavirus disease 2019 ( Covid-19 ) may disproportionately affect people with cardiovascular disease .", "Evidence Elements": {"Participant": [], "Intervention": [], "Outcome": []}, "Evidence Propositions": []}, {"Section": "METHODS", "Text": "Using an observational database from 169 hospitals in Asia , Europe , and North America , we evaluated the relationship of cardiovascular disease and drug therapy with in-hospital death among hospitalized patients with Covid-19 who were admitted between December 20 , 2019 , and March 15 , 2020 , and were recorded in the Surgical Outcomes Collaborative registry as having either died in the hospital or survived to discharge as of March 28 , 2020 .", "Evidence Elements": {"Participant": [{"term": "hospitalized patients", "negation": "affirmed", "UMLS": "", "start": 192, "end": 213}, {"term": "Covid-19", "negation": "affirmed", "UMLS": "", "start": 219, "end": 227}, {"term": "admitted", "negation": "affirmed", "UMLS": "", "start": 237, "end": 245}], "Intervention": [], "Outcome": [{"term": "died in the hospital", "negation": "affirmed", "UMLS": "", "start": 380, "end": 400}, {"term": "survived", "negation": "affirmed", "UMLS": "", "start": 404, "end": 412}]}, "Evidence Propositions": []}, {"Section": "RESULTS", "Text": "Of the 8910 patients with Covid-19 for whom discharge status was available at the time of the analysis , a total of 515 died in the hospital ( 5.8 % ) and 8395 survived to discharge .", "Evidence Elements": {"Participant": [{"term": "Covid-19", "negation": "affirmed", "UMLS": "", "start": 26, "end": 34}], "Intervention": [], "Outcome": [{"term": "died in the hospital", "negation": "affirmed", "UMLS": "", "start": 120, "end": 140}]}, "Evidence Propositions": []}, {"Section": "RESULTS", "Text": "The factors we found to be independently associated with an increased risk of in-hospital death were an age greater than 65 years ( mortality of 10.0 % , vs . 4.9 % among those < = 65 years of age ; odds ratio , 1.93 ; 95 % confidence interval [ CI ] , 1.60 to 2.41 ) , coronary artery disease ( 10.2 % , vs . 5.2 % among those without disease ; odds ratio , 2.70 ; 95 % CI , 2.08 to 3.51 ) , heart failure ( 15.3 % , vs . 5", "Evidence Elements": {"Participant": [{"term": "age greater than 65 years", "negation": "affirmed", "UMLS": "", "start": 104, "end": 129}, {"term": "coronary artery disease", "negation": "affirmed", "UMLS": "", "start": 270, "end": 293}, {"term": "without disease", "negation": "affirmed", "UMLS": "", "start": 328, "end": 343}, {"term": "heart failure", "negation": "negated", "UMLS": "", "start": 393, "end": 406}], "Intervention": [{"term": "< = 65 years of age", "negation": "affirmed", "UMLS": "", "start": 177, "end": 196}], "Outcome": [{"term": "risk of in-hospital death", "negation": "affirmed", "UMLS": "", "start": 70, "end": 95}, {"term": "mortality", "negation": "affirmed", "UMLS": "", "start": 132, "end": 141}]}, "Evidence Propositions": [{"Intervention": "< = 65 years of age", "Observation": "4.9 %", "Outcome": "mortality", "Count": ""}]}, {"Section": "RESULTS", "Text": "No increased risk of in-hospital death was found to be associated with the use of ACE inhibitors ( 2.1 % vs . 6.1 % ; odds ratio , 0.33 ; 95 % CI , 0.20 to 0.54 ) or the use of ARBs ( 6.8 % vs . 5.7 % ; odds ratio , 1.23 ; 95 % CI , 0.87 to 1.74 ) .", "Evidence Elements": {"Participant": [], "Intervention": [{"term": "ACE inhibitors", "negation": "negated", "UMLS": "", "start": 82, "end": 96}, {"term": "ARBs", "negation": "negated", "UMLS": "", "start": 177, "end": 181}], "Outcome": [{"term": "risk of in-hospital death", "negation": "negated", "UMLS": "", "start": 13, "end": 38}]}, "Evidence Propositions": []}, {"Section": "CONCLUSIONS", "Text": "Our study confirmed previous observations suggesting that underlying cardiovascular disease is associated with an increased risk of in-hospital death among patients hospitalized with Covid-19 .", "Evidence Elements": {"Participant": [{"term": "hospitalized", "negation": "affirmed", "UMLS": "", "start": 165, "end": 177}, {"term": "Covid-19", "negation": "affirmed", "UMLS": "", "start": 183, "end": 191}], "Intervention": [{"term": "underlying cardiovascular disease", "negation": "affirmed", "UMLS": "", "start": 58, "end": 91}], "Outcome": [{"term": "risk of in-hospital death", "negation": "affirmed", "UMLS": "", "start": 124, "end": 149}]}, "Evidence Propositions": []}, {"Section": "CONCLUSIONS", "Text": "Our results did not confirm previous concerns regarding a potential harmful association of ACE inhibitors or ARBs with in-hospital death in this clinical context .", "Evidence Elements": {"Participant": [], "Intervention": [], "Outcome": []}, "Evidence Propositions": []}, {"Section": "CONCLUSIONS", "Text": "( Funded by the William Harvey Distinguished Chair in Advanced Cardiovascular Medicine at Brigham and Women 's Hospital . )", "Evidence Elements": {"Participant": [], "Intervention": [], "Outcome": []}, "Evidence Propositions": []}]}