{"doc_id": "32360703", "type of study": "Therapy", "title": "", "abstract": "The current COVID-19 pandemic started several months ago and is still exponentially growing in most parts of the world - this is the most recent and alarming update.\nCOVID-19 requires the collaboration of nearly 200 countries to curb the spread of SARS-CoV-2 while gaining time to explore and improve treatment options especially for cardiovascular disease (CVD) and immunocompromised patients, who appear to be at high-risk to die from cardiopulmonary failure.\nCurrently unanswered questions are why elderly people, particularly those with pre-existing comorbidities seem to exhibit higher mortality rates after SARS-CoV-2 infection and whether intensive care becomes indispensable for these patients to prevent multi-organ failure and sudden death.\nTo face these challenges, we here summarize the molecular insights into viral infection mechanisms and implications for cardiovascular disease.\nSince the infection starts in the upper respiratory system, first flu-like symptoms develop that spread throughout the body.\nThe wide range of affected organs is presumably based on the common expression of the major SARS-CoV-2 entry-receptor angiotensin-converting enzyme 2 (ACE2).\nPhysiologically, ACE2 degrades angiotensin II, the master regulator of the renin-angiotensin-aldosterone system (RAAS), thereby converting it into vasodilatory molecules, which have well-documented cardio-protective effects.\nThus, RAAS inhibitors, which may increase the expression levels of ACE2, are commonly used for the treatment of hypertension and CVD.\nThis, and the fact that SARS-CoV-2 hijacks ACE2 for cell-entry, have spurred controversial discussions on the role of ACE2 in COVID-19 patients.\nIn this review, we highlight the state-of-the-art knowledge on SARS-CoV-2-dependent mechanisms and the potential interaction with ACE2 expression and cell surface localization.\nWe aim to provide a list of potential treatment options and a better understanding of why CVD is a high risk factor for COVID-19 susceptibility and further discuss the acute as well as long-term cardiac consequences.\nCOVID-19 patients with underlying CVD have drastically increased risks of mortality.\nSARS-CoV2 uses ACE2 as cell entry receptor.\nCurrent and novel COVID-19 drugs may act on the SARS-CoV-2 receptor ACE2.\nACE-I and ARB may interfere with COVID-19 susceptibility and effects on the heart.\n", "Evidence Map": {"Enrollment": [], "Comparison Results": [], "Study Arm 1 Results": [], "Study Arm 2 Results": []}, "Sentence-level breakdown": [{"Section": "TITLE", "Text": "The current COVID-19 pandemic started several months ago and is still exponentially growing in most parts of the world -this is the most recent and alarming update .", "Evidence Elements": {"Participant": [], "Intervention": [], "Outcome": []}, "Evidence Propositions": []}, {"Section": "OBJECTIVE", "Text": "To face these challenges , we here summarize the molecular insights into viral infection mechanisms and implications for cardiovascular disease .", "Evidence Elements": {"Participant": [], "Intervention": [], "Outcome": [{"term": "viral infection", "negation": "affirmed", "UMLS": "", "start": 73, "end": 88}]}, "Evidence Propositions": []}, {"Section": "RESULTS", "Text": "Since the infection starts in the upper respiratory system , first flu-like symptoms develop that spread throughout the body .", "Evidence Elements": {"Participant": [], "Intervention": [], "Outcome": []}, "Evidence Propositions": []}, {"Section": "RESULTS", "Text": "The wide range of affected organs is presumably based on the common expression of the major SARS-CoV-2 entry-receptor angiotensin-converting enzyme 2 ( ACE2 ) .", "Evidence Elements": {"Participant": [], "Intervention": [], "Outcome": []}, "Evidence Propositions": []}, {"Section": "RESULTS", "Text": "Physiologically , ACE2 degrades angiotensin II , the master regulator of the renin-angiotensin-aldosterone system ( RAAS ) , thereby converting it into vasodilatory molecules , which have well-documented cardio-protective effects .", "Evidence Elements": {"Participant": [], "Intervention": [], "Outcome": []}, "Evidence Propositions": []}, {"Section": "RESULTS", "Text": "Thus , RAAS inhibitors , which may increase the expression levels of ACE2 , are commonly used for the treatment of hypertension and CVD .", "Evidence Elements": {"Participant": [], "Intervention": [], "Outcome": []}, "Evidence Propositions": []}, {"Section": "RESULTS", "Text": "This , and the fact that SARS-CoV-2 hijacks ACE2 for cell-entry , have spurred controversial discussions on the role of ACE2 in COVID-19 patients .", "Evidence Elements": {"Participant": [], "Intervention": [], "Outcome": []}, "Evidence Propositions": []}, {"Section": "RESULTS", "Text": "In this review , we highlight the state-of-the-art knowledge on SARS-CoV-2-dependent mechanisms and the potential interaction with ACE2 expression and cell surface localization .", "Evidence Elements": {"Participant": [], "Intervention": [], "Outcome": []}, "Evidence Propositions": []}, {"Section": "RESULTS", "Text": "We aim to provide a list of potential treatment options and a better understanding of why CVD is a high risk factor for COVID-19 susceptibility and further discuss the acute as well as long-term cardiac consequences .", "Evidence Elements": {"Participant": [], "Intervention": [], "Outcome": []}, "Evidence Propositions": []}, {"Section": "RESULTS", "Text": "COVID-19 patients with underlying CVD have drastically increased risks of mortality .", "Evidence Elements": {"Participant": [], "Intervention": [], "Outcome": [{"term": "risks of mortality", "negation": "affirmed", "UMLS": "", "start": 65, "end": 83}]}, "Evidence Propositions": []}, {"Section": "RESULTS", "Text": "SARS-CoV2 uses ACE2 as cell entry receptor .", "Evidence Elements": {"Participant": [], "Intervention": [], "Outcome": []}, "Evidence Propositions": []}, {"Section": "RESULTS", "Text": "Current and novel COVID-19 drugs may act on the SARS-CoV-2 receptor ACE2 .", "Evidence Elements": {"Participant": [], "Intervention": [], "Outcome": []}, "Evidence Propositions": []}, {"Section": "CONCLUSIONS", "Text": "ACE-I and ARB may interfere with COVID-19 susceptibility and effects on the heart .", "Evidence Elements": {"Participant": [], "Intervention": [{"term": "ACE-I", "negation": "affirmed", "UMLS": "", "start": 0, "end": 5}, {"term": "ARB", "negation": "affirmed", "UMLS": "", "start": 10, "end": 13}], "Outcome": [{"term": "COVID-19 susceptibility", "negation": "affirmed", "UMLS": "", "start": 33, "end": 56}, {"term": "heart", "negation": "affirmed", "UMLS": "", "start": 76, "end": 81}]}, "Evidence Propositions": [{"Intervention": "ACE-I", "Observation": "interfere", "Outcome": "COVID-19 susceptibility", "Count": ""}, {"Intervention": "ACE-I", "Observation": "interfere", "Outcome": "heart", "Count": ""}, {"Intervention": "ARB", "Observation": "interfere", "Outcome": "COVID-19 susceptibility", "Count": ""}, {"Intervention": "ARB", "Observation": "interfere", "Outcome": "heart", "Count": ""}]}]}