{"doc_id": "32368531", "type of study": "Therapy", "title": "", "abstract": "In patients infected with severe acute respiratory syndrome coronavirus 2, the respiratory symptoms, such as fever, cough and dyspnea, are the most frequent clinical manifestations.\nThese patients may also present with less well-defined symptoms like diarrhea, nausea, vomiting and/or abdominal discomfort both at the time of diagnosis and during the clinical course.\nIn a few cases, these symptoms may also present before the appearance of respiratory symptoms.\nTo penetrate the body, Severe acute respiratory syndrome coronavirus 2 uses ACE2 receptors, which are present not only in respiratory epithelium but also in gastrointestinal mucosa and liver cholangiocytes.\nIn several cases, viral RNA is detectable in the stool of patients with coronavirus disease 2019 (COVID-19).\nThe liver damage seems to show a multifactorial origin.\nAbout 2%-11% of patients with COVID-19 have known underlying hepatic pathologies.\nIn 14%-53% of COVID-19 cases, there is an alteration of the indices of liver cytolysis and is more frequently observed in severe forms of COVID-19, especially during hospitalization.\n", "Evidence Map": {"Enrollment": [{"term": "disease 2019", "negation": "affirmed", "UMLS": "", "start": 85, "end": 97}, {"term": "severe forms of COVID-19", "negation": "affirmed", "UMLS": "", "start": 125, "end": 149}], "Comparison Results": [], "Study Arm 1 Results": [], "Study Arm 2 Results": []}, "Sentence-level breakdown": [{"Section": "TITLE", "Text": "In patients infected with severe acute respiratory syndrome coronavirus 2 , the respiratory symptoms , such as fever , cough and dyspnea , are the most frequent clinical manifestations .", "Evidence Elements": {"Participant": [], "Intervention": [], "Outcome": []}, "Evidence Propositions": []}, {"Section": "RESULTS", "Text": "These patients may also present with less well-defined symptoms like diarrhea , nausea , vomiting and / or abdominal discomfort both at the time of diagnosis and during the clinical course .", "Evidence Elements": {"Participant": [], "Intervention": [], "Outcome": []}, "Evidence Propositions": []}, {"Section": "RESULTS", "Text": "In a few cases , these symptoms may also present before the appearance of respiratory symptoms .", "Evidence Elements": {"Participant": [], "Intervention": [], "Outcome": []}, "Evidence Propositions": []}, {"Section": "RESULTS", "Text": "To penetrate the body , Severe acute respiratory syndrome coronavirus 2 uses ACE2 receptors , which are present not only in respiratory epithelium but also in gastrointestinal mucosa and liver cholangiocytes .", "Evidence Elements": {"Participant": [], "Intervention": [], "Outcome": []}, "Evidence Propositions": []}, {"Section": "RESULTS", "Text": "In several cases , viral RNA is detectable in the stool of patients with coronavirus disease 2019 ( COVID-19 ) .", "Evidence Elements": {"Participant": [{"term": "disease 2019", "negation": "affirmed", "UMLS": "", "start": 85, "end": 97}], "Intervention": [], "Outcome": [{"term": "viral RNA", "negation": "affirmed", "UMLS": "", "start": 19, "end": 28}]}, "Evidence Propositions": []}, {"Section": "RESULTS", "Text": "The liver damage seems to show a multifactorial origin .", "Evidence Elements": {"Participant": [], "Intervention": [], "Outcome": []}, "Evidence Propositions": []}, {"Section": "RESULTS", "Text": "About 2 %-11 % of patients with COVID-19 have known underlying hepatic pathologies .", "Evidence Elements": {"Participant": [], "Intervention": [], "Outcome": []}, "Evidence Propositions": []}, {"Section": "CONCLUSIONS", "Text": "In 14 %-53 % of COVID-19 cases , there is an alteration of the indices of liver cytolysis and is more frequently observed in severe forms of COVID-19 , especially during hospitalization .", "Evidence Elements": {"Participant": [{"term": "severe forms of COVID-19", "negation": "affirmed", "UMLS": "", "start": 125, "end": 149}], "Intervention": [{"term": "COVID-19", "negation": "affirmed", "UMLS": "", "start": 16, "end": 24}], "Outcome": [{"term": "indices of liver cytolysis", "negation": "affirmed", "UMLS": "", "start": 63, "end": 89}]}, "Evidence Propositions": [{"Intervention": "COVID-19", "Observation": "alteration", "Outcome": "indices of liver cytolysis", "Count": ""}, {"Intervention": ["COVID-19"], "Observation": "more frequently", "Outcome": "", "Count": ""}]}]}