{"doc_id": "32360484", "type of study": "Therapy", "title": "", "abstract": "A total of 129 compounds of QFPD were dissected by UPLC-MS and molecular networking of MS data.\nCOVID-19 disease network was constructed to generate the QFPD therapeutic network based on chemical constituents and target prediction.\nToll-like signaling pathway was found to be important pathway regulated by QFPD.\nTranscriptomic analysis revealed MXSG Decoction regulated multiple complement, coagulation cascades and thrombin system to interfere infection.\nThe Coronavirus Disease 2019 (COVID-19) pandemic has become a huge threaten to global health, which raise urgent demand of developing efficient therapeutic strategy.\nThe aim of the present study is to dissect the chemical composition and the pharmacological mechanism of Qingfei Paidu Decoction (QFPD), a clinically used Chinese medicine for treating COVID-19 patients in China.\nThrough comprehensive analysis by liquid chromatography coupled with high resolution mass spectrometry (MS), a total of 129 compounds of QFPD were putatively identified.\nWe also constructed molecular networking of mass spectrometry data to classify these compounds into 14 main clusters, in which exhibited specific patterns of flavonoids (45 %), glycosides (15 %), carboxylic acids (10 %), and saponins (5 %).\nThe target network model of QFPD, established by predicting and collecting the targets of identified compounds, indicated a pivotal role of Ma Xing Shi Gan Decoction (MXSG) in the therapeutic efficacy of QFPD.\nSupportively, through transcriptomic analysis of gene expression after MXSG administration in rat model of LPS-induced pneumonia, the thrombin and Toll-like receptor (TLR) signaling pathway were suggested to be essential pathways for MXSG mediated anti-inflammatory effects.\nBesides, changes in content of major compounds in MXSG during decoction were found by the chemical analysis.\nWe also validate that one major compound in MXSG, i.e. glycyrrhizic acid, inhibited TLR agonists induced IL-6 production in macrophage.\nIn conclusion, the integration of in silico and experimental results indicated that the therapeutic effects of QFPD against COVID-19 may be attributed to the anti-inflammatory effects of MXSG, which supports the rationality of the compatibility of TCM.\n", "Evidence Map": {"Enrollment": [{"term": "COVID-19", "negation": "affirmed", "UMLS": "", "start": 188, "end": 196}, {"term": "LPS-induced pneumonia", "negation": "affirmed", "UMLS": "", "start": 108, "end": 129}, {"term": "COVID-19", "negation": "affirmed", "UMLS": "", "start": 125, "end": 133}], "Comparison Results": [], "Study Arm 1 Results": [], "Study Arm 2 Results": []}, "Sentence-level breakdown": [{"Section": "TITLE", "Text": "A total of 129 compounds of QFPD were dissected by UPLC-MS and molecular networking of MS data .", "Evidence Elements": {"Participant": [], "Intervention": [], "Outcome": []}, "Evidence Propositions": []}, {"Section": "OBJECTIVE", "Text": "The aim of the present study is to dissect the chemical composition and the pharmacological mechanism of Qingfei Paidu Decoction ( QFPD ) , a clinically used Chinese medicine for treating COVID-19 patients in China .", "Evidence Elements": {"Participant": [{"term": "COVID-19", "negation": "affirmed", "UMLS": "", "start": 188, "end": 196}], "Intervention": [{"term": "Qingfei Paidu Decoction ( QFPD )", "negation": "affirmed", "UMLS": "", "start": 105, "end": 137}], "Outcome": [{"term": "chemical composition", "negation": "affirmed", "UMLS": "", "start": 47, "end": 67}, {"term": "pharmacological mechanism", "negation": "affirmed", "UMLS": "", "start": 76, "end": 101}]}, "Evidence Propositions": []}, {"Section": "METHODS", "Text": "Through comprehensive analysis by liquid chromatography coupled with high resolution mass spectrometry ( MS ) , a total of 129 compounds of QFPD were putatively identified .", "Evidence Elements": {"Participant": [], "Intervention": [{"term": "QFPD", "negation": "affirmed", "UMLS": "", "start": 140, "end": 144}], "Outcome": []}, "Evidence Propositions": []}, {"Section": "METHODS", "Text": "We also constructed molecular networking of mass spectrometry data to classify these compounds into 14 main clusters , in which exhibited specific patterns of flavonoids ( 45 % ) , glycosides ( 15 % ) , carboxylic acids ( 10 % ) , and saponins ( 5 % ) .", "Evidence Elements": {"Participant": [], "Intervention": [], "Outcome": [{"term": "flavonoids", "negation": "affirmed", "UMLS": "", "start": 159, "end": 169}, {"term": "glycosides", "negation": "affirmed", "UMLS": "", "start": 181, "end": 191}, {"term": "carboxylic", "negation": "affirmed", "UMLS": "", "start": 203, "end": 213}]}, "Evidence Propositions": []}, {"Section": "RESULTS", "Text": "The target network model of QFPD , established by predicting and collecting the targets of identified compounds , indicated a pivotal role of Ma Xing Shi Gan Decoction ( MXSG ) in the therapeutic efficacy of QFPD .", "Evidence Elements": {"Participant": [], "Intervention": [{"term": "Ma Xing Shi Gan Decoction ( MXSG )", "negation": "affirmed", "UMLS": "", "start": 142, "end": 176}], "Outcome": []}, "Evidence Propositions": []}, {"Section": "RESULTS", "Text": "Supportively , through transcriptomic analysis of gene expression after MXSG administration in rat model of LPS-induced pneumonia , the thrombin and Toll-like receptor ( TLR ) signaling pathway were suggested to be essential pathways for MXSG mediated anti-inflammatory effects .", "Evidence Elements": {"Participant": [{"term": "LPS-induced pneumonia", "negation": "affirmed", "UMLS": "", "start": 108, "end": 129}], "Intervention": [{"term": "MXSG", "negation": "affirmed", "UMLS": "", "start": 72, "end": 76}], "Outcome": [{"term": "gene expression", "negation": "affirmed", "UMLS": "", "start": 50, "end": 65}]}, "Evidence Propositions": []}, {"Section": "RESULTS", "Text": "Besides , changes in content of major compounds in MXSG during decoction were found by the chemical analysis .", "Evidence Elements": {"Participant": [], "Intervention": [], "Outcome": [{"term": "content of major compounds in MXSG", "negation": "affirmed", "UMLS": "", "start": 21, "end": 55}]}, "Evidence Propositions": []}, {"Section": "RESULTS", "Text": "We also validate that one major compound in MXSG , i.e . glycyrrhizic acid , inhibited TLR agonists induced IL-6 production in macrophage .", "Evidence Elements": {"Participant": [], "Intervention": [{"term": "one major compound in", "negation": "affirmed", "UMLS": "", "start": 22, "end": 43}, {"term": "MXSG", "negation": "affirmed", "UMLS": "", "start": 44, "end": 48}, {"term": "glycyrrhizic acid", "negation": "affirmed", "UMLS": "", "start": 57, "end": 74}], "Outcome": [{"term": "TLR agonists", "negation": "affirmed", "UMLS": "", "start": 87, "end": 99}, {"term": "IL-6", "negation": "affirmed", "UMLS": "", "start": 108, "end": 112}]}, "Evidence Propositions": []}, {"Section": "CONCLUSIONS", "Text": "In conclusion , the integration of in silico and experimental results indicated that the therapeutic effects of QFPD against COVID-19 may be attributed to the anti-inflammatory effects of MXSG , which supports the rationality of the compatibility of TCM .", "Evidence Elements": {"Participant": [{"term": "COVID-19", "negation": "affirmed", "UMLS": "", "start": 125, "end": 133}], "Intervention": [{"term": "QFPD", "negation": "affirmed", "UMLS": "", "start": 112, "end": 116}, {"term": "MXSG", "negation": "affirmed", "UMLS": "", "start": 188, "end": 192}], "Outcome": [{"term": "therapeutic effects", "negation": "affirmed", "UMLS": "", "start": 89, "end": 108}]}, "Evidence Propositions": [{"Intervention": "QFPD", "Observation": "anti-inflammatory", "Outcome": "therapeutic effects", "Count": ""}, {"Intervention": "MXSG", "Observation": "anti-inflammatory", "Outcome": "therapeutic effects", "Count": ""}]}]}