{"doc_id": "32367746", "type of study": "Therapy", "title": "", "abstract": "Potential but unconfirmed risk factors for coronavirus disease 2019 (COVID-19) in adults and children may include hypertension, cardiovascular disease, and chronic kidney disease, as well as the medications commonly prescribed for these conditions, ACE (angiotensin-converting enzyme) inhibitors, and Ang II (angiotensin II) receptor blockers.\nCoronavirus binding to ACE2 (angiotensin-converting enzyme 2), a crucial component of the renin-angiotensin-aldosterone system, underlies much of this concern.\nChildren are uniquely impacted by the coronavirus, but the reasons are unclear.\nThis review will highlight the relationship of COVID-19 with hypertension, use of ACE inhibitors and Ang II receptor blockers, and lifetime risk of cardiovascular disease from the pediatric perspective.\nWe briefly summarize the renin-angiotensin-aldosterone system and comprehensively review the literature pertaining to the ACE 2/Ang-(1-7) pathway in children and the clinical evidence for how ACE inhibitors and Ang II receptor blockers affect this important pathway.\nGiven the importance of the ACE 2/Ang-(1-7) pathway and the potential differences between adults and children, it is crucial that children are included in coronavirus-related research, as this may shed light on potential mechanisms for why children are at decreased risk of severe COVID-19.\n", "Evidence Map": {"Enrollment": [{"term": "hypertension", "negation": "affirmed", "UMLS": "", "start": 61, "end": 73}, {"term": "children", "negation": "affirmed", "UMLS": "", "start": 153, "end": 161}], "Comparison Results": [], "Study Arm 1 Results": [], "Study Arm 2 Results": []}, "Sentence-level breakdown": [{"Section": "TITLE", "Text": "Potential but unconfirmed risk factors for coronavirus disease 2019 ( COVID-19 ) in adults and children may include hypertension , cardiovascular disease , and chronic kidney disease , as well as the medications commonly prescribed for these conditions , ACE ( angiotensin-converting enzyme ) inhibitors , and Ang II ( angiotensin II ) receptor blockers .", "Evidence Elements": {"Participant": [], "Intervention": [], "Outcome": []}, "Evidence Propositions": []}, {"Section": "OBJECTIVE", "Text": "This review will highlight the relationship of COVID-19 with hypertension , use of ACE inhibitors and Ang II receptor blockers , and lifetime risk of cardiovascular disease from the pediatric perspective .", "Evidence Elements": {"Participant": [{"term": "hypertension", "negation": "affirmed", "UMLS": "", "start": 61, "end": 73}], "Intervention": [{"term": "COVID-19", "negation": "affirmed", "UMLS": "", "start": 47, "end": 55}, {"term": "ACE inhibitors and Ang II receptor blockers", "negation": "affirmed", "UMLS": "", "start": 83, "end": 126}], "Outcome": [{"term": "lifetime risk of cardiovascular disease", "negation": "affirmed", "UMLS": "", "start": 133, "end": 172}]}, "Evidence Propositions": [{"Intervention": "COVID-19", "Observation": "relationship", "Outcome": "lifetime risk of cardiovascular disease", "Count": ""}, {"Intervention": "ACE inhibitors and Ang II receptor blockers", "Observation": "relationship", "Outcome": "lifetime risk of cardiovascular disease", "Count": ""}]}, {"Section": "OBJECTIVE", "Text": "We briefly summarize the renin-angiotensin-aldosterone system and comprehensively review the literature pertaining to the ACE 2 / Ang-( 1-7 ) pathway in children and the clinical evidence for how ACE inhibitors and Ang II receptor blockers affect this important pathway .", "Evidence Elements": {"Participant": [{"term": "children", "negation": "affirmed", "UMLS": "", "start": 153, "end": 161}], "Intervention": [{"term": "ACE inhibitors", "negation": "affirmed", "UMLS": "", "start": 196, "end": 210}, {"term": "Ang II receptor blockers", "negation": "affirmed", "UMLS": "", "start": 215, "end": 239}], "Outcome": [{"term": "renin-angiotensin-aldosterone system", "negation": "affirmed", "UMLS": "", "start": 25, "end": 61}, {"term": "1-7 ) pathway", "negation": "affirmed", "UMLS": "", "start": 136, "end": 149}]}, "Evidence Propositions": []}, {"Section": "CONCLUSIONS", "Text": "Given the importance of the ACE 2 / Ang-( 1-7 ) pathway and the potential differences between adults and children , it is crucial that children are included in coronavirus-related research , as this may shed light on potential mechanisms for why children are at decreased risk of severe COVID-19 .", "Evidence Elements": {"Participant": [], "Intervention": [], "Outcome": []}, "Evidence Propositions": []}]}