{"doc_id": "32362314", "type of study": "Therapy", "title": "", "abstract": "The pandemic coronavirus SARS-CoV-2 threatens public health worldwide.\nThe viral spike protein mediates SARS-CoV-2 entry into host cells and harbors a S1/S2 cleavage site containing multiple arginine residues (multibasic) not found in closely related animal coronaviruses.\nHowever, the role of this multibasic cleavage site in SARS-CoV-2 infection is unknown.\nHere, we report that the cellular protease furin cleaves the spike protein at the S1/S2 site and that cleavage is essential for S-protein-mediated cell-cell fusion and entry into human lung cells.\nMoreover, optimizing the S1/S2 site increased cell-cell, but not virus-cell, fusion, suggesting that the corresponding viral variants might exhibit increased cell-cell spread and potentially altered virulence.\nOur results suggest that acquisition of a S1/S2 multibasic cleavage site was essential for SARS-CoV-2 infection of humans and identify furin as a potential target for therapeutic intervention.\nThe spike protein of SARS-CoV-2 harbors a multibasic S1/S2 site The host cell protease furin cleaves the SARS-CoV-2 spike protein at the S1/S2 site Cleavage at the S1/S2 site is essential for spike-driven viral entry into lung cells Coronavirus spike proteins are activated by host cell proteases.\nHoffmann and colleagues show that the pandemic SARS-CoV-2 harbors a highly cleavable S1/S2 cleavage site not found in closely related coronaviruses.\nCleavage at this site is mediated by furin and is required for viral entry into human lung cells.\n", "Evidence Map": {"Enrollment": [{"term": "SARS-CoV-2 infection", "negation": "affirmed", "UMLS": "", "start": 93, "end": 113}], "Comparison Results": [], "Study Arm 1 Results": [], "Study Arm 2 Results": []}, "Sentence-level breakdown": [{"Section": "TITLE", "Text": "The pandemic coronavirus SARS-CoV-2 threatens public health worldwide .", "Evidence Elements": {"Participant": [], "Intervention": [], "Outcome": []}, "Evidence Propositions": []}, {"Section": "RESULTS", "Text": "Here , we report that the cellular protease furin cleaves the spike protein at the S1 / S2 site and that cleavage is essential for S-protein-mediated cell-cell fusion and entry into human lung cells .", "Evidence Elements": {"Participant": [], "Intervention": [{"term": "cellular protease furin", "negation": "affirmed", "UMLS": "", "start": 26, "end": 49}], "Outcome": [{"term": "spike protein", "negation": "affirmed", "UMLS": "", "start": 62, "end": 75}, {"term": "cleavage", "negation": "affirmed", "UMLS": "", "start": 105, "end": 113}, {"term": "S-protein-mediated cell-cell fusion", "negation": "affirmed", "UMLS": "", "start": 131, "end": 166}, {"term": "entry into human lung", "negation": "affirmed", "UMLS": "", "start": 171, "end": 192}]}, "Evidence Propositions": [{"Intervention": "cellular protease furin", "Observation": "essential", "Outcome": "cleavage", "Count": ""}, {"Intervention": "cellular protease furin", "Observation": "essential", "Outcome": "S-protein-mediated cell-cell fusion", "Count": ""}, {"Intervention": "cellular protease furin", "Observation": "essential", "Outcome": "entry into human lung", "Count": ""}]}, {"Section": "RESULTS", "Text": "Moreover , optimizing the S1 / S2 site increased cell-cell , but not virus-cell , fusion , suggesting that the corresponding viral variants might exhibit increased cell-cell spread and potentially altered virulence .", "Evidence Elements": {"Participant": [], "Intervention": [{"term": "optimizing the", "negation": "affirmed", "UMLS": "", "start": 11, "end": 25}, {"term": "S2 site", "negation": "affirmed", "UMLS": "", "start": 31, "end": 38}, {"term": "corresponding viral variants", "negation": "negated", "UMLS": "", "start": 111, "end": 139}], "Outcome": [{"term": "cell-cell , but not virus-cell , fusion", "negation": "affirmed", "UMLS": "", "start": 49, "end": 88}, {"term": "cell-cell spread", "negation": "negated", "UMLS": "", "start": 164, "end": 180}]}, "Evidence Propositions": []}, {"Section": "RESULTS", "Text": "Our results suggest that acquisition of a S1 / S2 multibasic cleavage site was essential for SARS-CoV-2 infection of humans and identify furin as a potential target for therapeutic intervention .", "Evidence Elements": {"Participant": [{"term": "SARS-CoV-2 infection", "negation": "affirmed", "UMLS": "", "start": 93, "end": 113}], "Intervention": [{"term": "acquisition of a", "negation": "affirmed", "UMLS": "", "start": 25, "end": 41}, {"term": "S2 multibasic cleavage site", "negation": "affirmed", "UMLS": "", "start": 47, "end": 74}, {"term": "furin", "negation": "affirmed", "UMLS": "", "start": 137, "end": 142}], "Outcome": []}, "Evidence Propositions": []}, {"Section": "RESULTS", "Text": "The spike protein of SARS-CoV-2 harbors a multibasic S1 / S2 site The host cell protease furin cleaves the SARS-CoV-2 spike protein at the S1 / S2 site Cleavage at the S1 / S2 site is essential for spike-driven viral entry into lung cells Coronavirus spike proteins are activated by host cell proteases .", "Evidence Elements": {"Participant": [], "Intervention": [], "Outcome": []}, "Evidence Propositions": []}, {"Section": "RESULTS", "Text": "Hoffmann and colleagues show that the pandemic SARS-CoV-2 harbors a highly cleavable S1 / S2 cleavage site not found in closely related coronaviruses .", "Evidence Elements": {"Participant": [], "Intervention": [{"term": "pandemic SARS-CoV-2", "negation": "affirmed", "UMLS": "", "start": 38, "end": 57}], "Outcome": []}, "Evidence Propositions": []}, {"Section": "CONCLUSIONS", "Text": "Cleavage at this site is mediated by furin and is required for viral entry into human lung cells .", "Evidence Elements": {"Participant": [], "Intervention": [], "Outcome": []}, "Evidence Propositions": []}]}