{"doc_id": "32360300", "type of study": "Therapy", "title": "", "abstract": "Naturally derived compounds provide a potential wealth of antiviral agents.\nWe reviewed the literature on phytochemicals against different human and animal coronaviruses.\nCompounds showing the greatest potential for drug development are highlighted.\nAll promising compounds contain a conjugated ring structure.\nMost are polyphenols and/or contain a substituted fused ring.\nCoronaviruses are responsible for a growing economic, social and mortality burden, as the causative agent of diseases such as severe acute respiratory syndrome (SARS), Middle East respiratory syndrome (MERS), avian infectious bronchitis virus (IBV) and COVID-19.\nHowever, there is a lack of effective antiviral agents for many coronavirus strains.\nNaturally existing compounds provide a wealth of chemical diversity, including antiviral activity, and thus may have utility as therapeutic agents against coronaviral infections.\nThe PubMed database was searched for papers including the keywords coronavirus, SARS or MERS, as well as traditional medicine, herbal, remedy or plants, with 55 primary research articles identified.\nThe overwhelming majority of publications focussed on polar compounds.\nCompounds that show promise for the inhibition of coronavirus in humans include scutellarein, silvestrol, tryptanthrin, saikosaponin B2, quercetin, myricetin, caffeic acid, psoralidin, isobavachalcone, and lectins such as griffithsin.\nOther compounds such as lycorine may be suitable if a therapeutic level of antiviral activity can be achieved without exceeding toxic plasma concentrations.\nIt was noted that the most promising small molecules identified as coronavirus inhibitors contained a conjugated fused ring structure with the majority being classified as being polyphenols.\n", "Evidence Map": {"Enrollment": [], "Comparison Results": [], "Study Arm 1 Results": [], "Study Arm 2 Results": []}, "Sentence-level breakdown": [{"Section": "TITLE", "Text": "Naturally derived compounds provide a potential wealth of antiviral agents .", "Evidence Elements": {"Participant": [], "Intervention": [], "Outcome": []}, "Evidence Propositions": []}, {"Section": "OBJECTIVE", "Text": "We reviewed the literature on phytochemicals against different human and animal coronaviruses .", "Evidence Elements": {"Participant": [], "Intervention": [], "Outcome": []}, "Evidence Propositions": []}, {"Section": "RESULTS", "Text": "Compounds showing the greatest potential for drug development are highlighted .", "Evidence Elements": {"Participant": [], "Intervention": [], "Outcome": []}, "Evidence Propositions": []}, {"Section": "RESULTS", "Text": "All promising compounds contain a conjugated ring structure .", "Evidence Elements": {"Participant": [], "Intervention": [], "Outcome": []}, "Evidence Propositions": []}, {"Section": "RESULTS", "Text": "Most are polyphenols and / or contain a substituted fused ring .", "Evidence Elements": {"Participant": [], "Intervention": [], "Outcome": []}, "Evidence Propositions": []}, {"Section": "RESULTS", "Text": "Coronaviruses are responsible for a growing economic , social and mortality burden , as the causative agent of diseases such as severe acute respiratory syndrome ( SARS ) , Middle East respiratory syndrome ( MERS ) , avian infectious bronchitis virus ( IBV ) and COVID-19 .", "Evidence Elements": {"Participant": [], "Intervention": [], "Outcome": []}, "Evidence Propositions": []}, {"Section": "RESULTS", "Text": "However , there is a lack of effective antiviral agents for many coronavirus strains .", "Evidence Elements": {"Participant": [], "Intervention": [], "Outcome": []}, "Evidence Propositions": []}, {"Section": "RESULTS", "Text": "Naturally existing compounds provide a wealth of chemical diversity , including antiviral activity , and thus may have utility as therapeutic agents against coronaviral infections .", "Evidence Elements": {"Participant": [], "Intervention": [], "Outcome": []}, "Evidence Propositions": []}, {"Section": "RESULTS", "Text": "The PubMed database was searched for papers including the keywords coronavirus , SARS or MERS , as well as traditional medicine , herbal , remedy or plants , with 55 primary research articles identified .", "Evidence Elements": {"Participant": [], "Intervention": [{"term": "MERS", "negation": "affirmed", "UMLS": "", "start": 89, "end": 93}], "Outcome": []}, "Evidence Propositions": []}, {"Section": "RESULTS", "Text": "The overwhelming majority of publications focussed on polar compounds .", "Evidence Elements": {"Participant": [], "Intervention": [], "Outcome": []}, "Evidence Propositions": []}, {"Section": "RESULTS", "Text": "Compounds that show promise for the inhibition of coronavirus in humans include scutellarein , silvestrol , tryptanthrin , saikosaponin B2 , quercetin , myricetin , caffeic acid , psoralidin , isobavachalcone , and lectins such as griffithsin .", "Evidence Elements": {"Participant": [], "Intervention": [], "Outcome": []}, "Evidence Propositions": []}, {"Section": "RESULTS", "Text": "Other compounds such as lycorine may be suitable if a therapeutic level of antiviral activity can be achieved without exceeding toxic plasma concentrations .", "Evidence Elements": {"Participant": [], "Intervention": [], "Outcome": []}, "Evidence Propositions": []}, {"Section": "CONCLUSIONS", "Text": "It was noted that the most promising small molecules identified as coronavirus inhibitors contained a conjugated fused ring structure with the majority being classified as being polyphenols .", "Evidence Elements": {"Participant": [], "Intervention": [], "Outcome": [{"term": "inhibitors", "negation": "affirmed", "UMLS": "", "start": 79, "end": 89}]}, "Evidence Propositions": [{"Intervention": [], "Observation": "most promising", "Outcome": "inhibitors", "Count": ""}]}]}