{"doc_id": "32360608", "type of study": "Therapy", "title": "", "abstract": "In December 2019, an atypical pneumonia invaded the city of Wuhan, China, and the causative agent of this disease turned out to be a new coronavirus.\nIn January 2020, the World Health Organization named the new coronavirus 2019-nCoV and subsequently it is referred to as SARS-CoV2 and the related disease as CoViD-19 (Lai et al., 2020).\nVery quickly, the epidemic led to a pandemic and it is now a worldwide emergency requiring the creation of new antiviral therapies and a related vaccine.\nThe purpose of this article is to review and investigate further the molecular mechanism by which the SARS-CoV2 virus infection proceeds via the formation of a hetero-trimer between its protein S, the ACE2 receptor and the B0AT1 protein, which is the \"entry receptor\" for the infection process involving membrane fusion (Li et al., 2003).\nA reverse engineering process uses the formalism of the Hill function to represent the functions related to the dynamics of the biochemical interactions of the viral infection process.\nThen, using a logical evaluation of viral density that measures the rate at which the cells are hijacked by the virus (and they provide a place for the virus to replicate) and considering the \"time delay\" given by the interaction between cell and virus, the expected duration of the incubation period is predicted.\nThe conclusion is that the density of the virus varies from the \"exposure time\" to the \"interaction time\" (virus-cells).\nThis model can be used both to evaluate the infectious condition and to analyze the incubation period.\nThe ongoing threat of the new coronavirus SARS-CoV2 pandemic is alarming and strategies for combating infection are highly desired.\nThis RNA virus belongs to the beta-coronavirus genus and is similar in some features to SARS-CoV. Currently, no vaccine or approved medical treatment is available.\nThe complex dynamics of the rapid spread of this virus can be demonstrated with the aid of a computational framework.\nA mathematical model based on the principles of cell-virus interaction is developed in this manuscript.\nThe amino acid sequence of S proein and its interaction with the ACE-2 protein is mimicked with the aid of Hill function.\nThe mathematical model with delay is solved with the aid of numerical solvers and the parametric values are obtained with the help of MCMC algorithm.\nA delay differential equation model is developed to demonstrate the dynamics of target cells, infected cells and the SARS-CoV2.\nThe important parameters and coefficients are demonstrated with the aid of numerical computations.\nThe resulting thresholds and forecasting may prove to be useful tools for future experimental studies and control strategies.\nFrom the analysis, I is concluded that control strategy via delay is a promising technique and the role of Hill function formalism in control strategies can be better interpreted in an inexpensive manner with the aid of a theoretical framework.\n", "Evidence Map": {"Enrollment": [], "Comparison Results": [], "Study Arm 1 Results": [], "Study Arm 2 Results": []}, "Sentence-level breakdown": [{"Section": "TITLE", "Text": "In December 2019 , an atypical pneumonia invaded the city of Wuhan , China , and the causative agent of this disease turned out to be a new coronavirus .", "Evidence Elements": {"Participant": [], "Intervention": [], "Outcome": []}, "Evidence Propositions": []}, {"Section": "OBJECTIVE", "Text": "The purpose of this article is to review and investigate further the molecular mechanism by which the SARS-CoV2 virus infection proceeds via the formation of a hetero-trimer between its protein S , the ACE2 receptor and the B0AT1 protein , which is the \" entry receptor \" for the infection process involving membrane fusion ( Li et al. , 2003 ) .", "Evidence Elements": {"Participant": [], "Intervention": [], "Outcome": []}, "Evidence Propositions": []}, {"Section": "RESULTS", "Text": "A reverse engineering process uses the formalism of the Hill function to represent the functions related to the dynamics of the biochemical interactions of the viral infection process .", "Evidence Elements": {"Participant": [], "Intervention": [], "Outcome": []}, "Evidence Propositions": []}, {"Section": "RESULTS", "Text": "Then , using a logical evaluation of viral density that measures the rate at which the cells are hijacked by the virus ( and they provide a place for the virus to replicate ) and considering the \" time delay \" given by the interaction between cell and virus , the expected duration of the incubation period is predicted .", "Evidence Elements": {"Participant": [], "Intervention": [], "Outcome": [{"term": "density", "negation": "affirmed", "UMLS": "", "start": 43, "end": 50}, {"term": "rate", "negation": "affirmed", "UMLS": "", "start": 69, "end": 73}, {"term": "which", "negation": "affirmed", "UMLS": "", "start": 77, "end": 82}, {"term": "are hijacked by the virus", "negation": "affirmed", "UMLS": "", "start": 93, "end": 118}, {"term": "delay", "negation": "affirmed", "UMLS": "", "start": 202, "end": 207}, {"term": "expected duration", "negation": "affirmed", "UMLS": "", "start": 264, "end": 281}]}, "Evidence Propositions": []}, {"Section": "RESULTS", "Text": "The conclusion is that the density of the virus varies from the \" exposure time \" to the \" interaction time \" ( virus-cells ) .", "Evidence Elements": {"Participant": [], "Intervention": [], "Outcome": [{"term": "density of the virus", "negation": "affirmed", "UMLS": "", "start": 27, "end": 47}, {"term": "exposure time", "negation": "affirmed", "UMLS": "", "start": 66, "end": 79}]}, "Evidence Propositions": []}, {"Section": "RESULTS", "Text": "This model can be used both to evaluate the infectious condition and to analyze the incubation period .", "Evidence Elements": {"Participant": [], "Intervention": [], "Outcome": []}, "Evidence Propositions": []}, {"Section": "RESULTS", "Text": "The ongoing threat of the new coronavirus SARS-CoV2 pandemic is alarming and strategies for combating infection are highly desired .", "Evidence Elements": {"Participant": [], "Intervention": [], "Outcome": []}, "Evidence Propositions": []}, {"Section": "RESULTS", "Text": "This RNA virus belongs to the beta-coronavirus genus and is similar in some features to SARS-CoV . Currently , no vaccine or approved medical treatment is available .", "Evidence Elements": {"Participant": [], "Intervention": [], "Outcome": []}, "Evidence Propositions": []}, {"Section": "RESULTS", "Text": "The complex dynamics of the rapid spread of this virus can be demonstrated with the aid of a computational framework .", "Evidence Elements": {"Participant": [], "Intervention": [], "Outcome": []}, "Evidence Propositions": []}, {"Section": "RESULTS", "Text": "A mathematical model based on the principles of cell-virus interaction is developed in this manuscript .", "Evidence Elements": {"Participant": [], "Intervention": [], "Outcome": []}, "Evidence Propositions": []}, {"Section": "RESULTS", "Text": "The amino acid sequence of S proein and its interaction with the ACE-2 protein is mimicked with the aid of Hill function .", "Evidence Elements": {"Participant": [], "Intervention": [{"term": "S proein", "negation": "affirmed", "UMLS": "", "start": 27, "end": 35}], "Outcome": []}, "Evidence Propositions": []}, {"Section": "RESULTS", "Text": "The mathematical model with delay is solved with the aid of numerical solvers and the parametric values are obtained with the help of MCMC algorithm .", "Evidence Elements": {"Participant": [], "Intervention": [], "Outcome": []}, "Evidence Propositions": []}, {"Section": "RESULTS", "Text": "A delay differential equation model is developed to demonstrate the dynamics of target cells , infected cells and the SARS-CoV2 .", "Evidence Elements": {"Participant": [], "Intervention": [], "Outcome": []}, "Evidence Propositions": []}, {"Section": "RESULTS", "Text": "The important parameters and coefficients are demonstrated with the aid of numerical computations .", "Evidence Elements": {"Participant": [], "Intervention": [], "Outcome": []}, "Evidence Propositions": []}, {"Section": "RESULTS", "Text": "The resulting thresholds and forecasting may prove to be useful tools for future experimental studies and control strategies .", "Evidence Elements": {"Participant": [], "Intervention": [], "Outcome": []}, "Evidence Propositions": []}, {"Section": "CONCLUSIONS", "Text": "From the analysis , I is concluded that control strategy via delay is a promising technique and the role of Hill function formalism in control strategies can be better interpreted in an inexpensive manner with the aid of a theoretical framework .", "Evidence Elements": {"Participant": [], "Intervention": [{"term": "control strategy via delay", "negation": "affirmed", "UMLS": "", "start": 40, "end": 66}, {"term": "Hill function formalism", "negation": "affirmed", "UMLS": "", "start": 108, "end": 131}], "Outcome": [{"term": "control", "negation": "affirmed", "UMLS": "", "start": 40, "end": 47}]}, "Evidence Propositions": [{"Intervention": ["control strategy via delay", "Hill function formalism"], "Observation": "better interpreted", "Outcome": "control", "Count": ""}]}]}