{"doc_id": "32362243", "type of study": "Therapy", "title": "", "abstract": "The 2019-novel coronavirus (nCoV) has caused a global health crisis by causing coronavirus disease-19 (COVID-19) pandemic in the human population.\nThe unavailability of specific vaccines and anti-viral drug for nCoV, science demands sincere efforts in the field of drug design and discovery for COVID-19.\nThe novel coronavirus main protease (SARS-CoV-2 Mpro) play a crucial role during the disease propagation, and hence SARS-CoV-2 Mpro represents as a drug target for the drug discovery.\nHerein, we have applied bioinformatics approach for screening of chemical compounds from Indian spices as potent inhibitors of SARS-CoV-2 main protease (PDBID: 6Y84).\nThe structure files of Indian spices chemical compounds were taken from PubChem database or Zinc database and screened by molecular docking, by using AutoDock-4.2, MGLTools-1.5.6, Raccoon virtual screening tools.\nTop 04 hits based on their highest binding affinity were analyzed.\nCarnosol exhibited highest binding affinity -8.2 Kcal/mol and strong and stable interactions with the amino acid residues present on the active site of SARS-CoV-2 Mpro.\nArjunglucoside-I (-7.88 Kcal/mol) and Rosmanol (-7.99 Kcal/mol) also showed a strong and stable binding affinity with favourable ADME properties.\nThese compounds on MD simulations for 50 ns shows strong hydrogen-bonding interactions with the protein active site and remains stable inside the active site.\nOur virtual screening results suggest that these small chemical molecules can be used as potential inhibitors against SARS-CoV-2 Mpro and may have an anti-viral effect on nCoV. However, further validation and investigation of these inhibitors against SARS-CoV-2 main protease are needed to claim their candidacy for clinical trials.\nCommunicated by Ramaswamy H. Sarma\n", "Evidence Map": {"Enrollment": [{"term": "SARS-CoV-2 Mpro", "negation": "affirmed", "UMLS": "", "start": 154, "end": 169}], "Comparison Results": [], "Study Arm 1 Results": [], "Study Arm 2 Results": []}, "Sentence-level breakdown": [{"Section": "TITLE", "Text": "The 2019-novel coronavirus ( nCoV ) has caused a global health crisis by causing coronavirus disease-19 ( COVID-19 ) pandemic in the human population .", "Evidence Elements": {"Participant": [], "Intervention": [], "Outcome": []}, "Evidence Propositions": []}, {"Section": "METHODS", "Text": "The structure files of Indian spices chemical compounds were taken from PubChem database or Zinc database and screened by molecular docking , by using AutoDock-4.2 , MGLTools-1.5.6 , Raccoon virtual screening tools .", "Evidence Elements": {"Participant": [], "Intervention": [{"term": "Indian spices chemical compounds", "negation": "affirmed", "UMLS": "", "start": 23, "end": 55}], "Outcome": [{"term": "structure files", "negation": "affirmed", "UMLS": "", "start": 4, "end": 19}]}, "Evidence Propositions": []}, {"Section": "RESULTS", "Text": "Top 04 hits based on their highest binding affinity were analyzed .", "Evidence Elements": {"Participant": [], "Intervention": [], "Outcome": []}, "Evidence Propositions": []}, {"Section": "RESULTS", "Text": "Carnosol exhibited highest binding affinity -8.2 Kcal / mol and strong and stable interactions with the amino acid residues present on the active site of SARS-CoV-2 Mpro .", "Evidence Elements": {"Participant": [{"term": "SARS-CoV-2 Mpro", "negation": "affirmed", "UMLS": "", "start": 154, "end": 169}], "Intervention": [{"term": "Carnosol", "negation": "affirmed", "UMLS": "", "start": 0, "end": 8}], "Outcome": [{"term": "binding affinity -8.2", "negation": "affirmed", "UMLS": "", "start": 27, "end": 48}, {"term": "interactions", "negation": "affirmed", "UMLS": "", "start": 82, "end": 94}]}, "Evidence Propositions": [{"Intervention": [], "Observation": "highest", "Outcome": "", "Count": ""}]}, {"Section": "RESULTS", "Text": "Arjunglucoside-I ( -7.88 Kcal / mol ) and Rosmanol ( -7.99 Kcal / mol ) also showed a strong and stable binding affinity with favourable ADME properties .", "Evidence Elements": {"Participant": [], "Intervention": [{"term": "Arjunglucoside-I", "negation": "affirmed", "UMLS": "", "start": 0, "end": 16}, {"term": "Rosmanol", "negation": "affirmed", "UMLS": "", "start": 42, "end": 50}], "Outcome": [{"term": "binding affinity", "negation": "affirmed", "UMLS": "", "start": 104, "end": 120}]}, "Evidence Propositions": []}, {"Section": "CONCLUSIONS", "Text": "These compounds on MD simulations for 50 ns shows strong hydrogen-bonding interactions with the protein active site and remains stable inside the active site .", "Evidence Elements": {"Participant": [], "Intervention": [], "Outcome": [{"term": "hydrogen-bonding interactions", "negation": "affirmed", "UMLS": "", "start": 57, "end": 86}]}, "Evidence Propositions": []}, {"Section": "CONCLUSIONS", "Text": "Our virtual screening results suggest that these small chemical molecules can be used as potential inhibitors against SARS-CoV-2 Mpro and may have an anti-viral effect on nCoV . However , further validation and investigation of these inhibitors against SARS-CoV-2 main protease are needed to claim their candidacy for clinical trials .", "Evidence Elements": {"Participant": [], "Intervention": [], "Outcome": []}, "Evidence Propositions": []}, {"Section": "CONCLUSIONS", "Text": "Communicated by Ramaswamy H. Sarma", "Evidence Elements": {"Participant": [], "Intervention": [], "Outcome": []}, "Evidence Propositions": []}]}