{"doc_id": "32366025", "type of study": "Therapy", "title": "", "abstract": "Severe acute respiratory syndrome coronavirus 2 (SARS-CoV-2), which first occurred in Wuhan (China) in December of 2019, causes a severe acute respiratory illness with a high mortality rate, and has spread around the world.\nTo gain an understanding of the evolution of the newly emerging SARS-CoV-2, we herein analyzed the codon usage pattern of SARS-CoV-2.\nFor this purpose, we compared the codon usage of SARS-CoV-2 with that of other viruses belonging to the subfamily of Orthocoronavirinae.\nWe found that SARS-CoV-2 has a high AU content that strongly influences its codon usage, which appears to be better adapted to the human host.\nWe also studied the evolutionary pressures that influence the codon usage of five conserved coronavirus genes encoding the viral replicase, spike, envelope, membrane and nucleocapsid proteins.\nWe found different patterns of both mutational bias and natural selection that affect the codon usage of these genes.\nMoreover, we show here that the two integral membrane proteins (matrix and envelope) tend to evolve slowly by accumulating nucleotide mutations on their corresponding genes.\nConversely, genes encoding nucleocapsid (N), viral replicase and spike proteins (S), although they are regarded as are important targets for the development of vaccines and antiviral drugs, tend to evolve faster in comparison to the two genes mentioned above.\nOverall, our results suggest that the higher divergence observed for the latter three genes could represent a significant barrier in the development of antiviral therapeutics against SARS-CoV-2.\n", "Evidence Map": {"Enrollment": [], "Comparison Results": [], "Study Arm 1 Results": [], "Study Arm 2 Results": []}, "Sentence-level breakdown": [{"Section": "TITLE", "Text": "Severe acute respiratory syndrome coronavirus 2 ( SARS-CoV-2 ) , which first occurred in Wuhan ( China ) in December of 2019 , causes a severe acute respiratory illness with a high mortality rate , and has spread around the world .", "Evidence Elements": {"Participant": [], "Intervention": [], "Outcome": []}, "Evidence Propositions": []}, {"Section": "OBJECTIVE", "Text": "To gain an understanding of the evolution of the newly emerging SARS-CoV-2 , we herein analyzed the codon usage pattern of SARS-CoV-2 .", "Evidence Elements": {"Participant": [], "Intervention": [], "Outcome": [{"term": "codon usage pattern", "negation": "affirmed", "UMLS": "", "start": 100, "end": 119}]}, "Evidence Propositions": []}, {"Section": "OBJECTIVE", "Text": "For this purpose , we compared the codon usage of SARS-CoV-2 with that of other viruses belonging to the subfamily of Orthocoronavirinae .", "Evidence Elements": {"Participant": [], "Intervention": [{"term": "SARS-CoV-2", "negation": "affirmed", "UMLS": "", "start": 50, "end": 60}], "Outcome": [{"term": "codon usage", "negation": "affirmed", "UMLS": "", "start": 35, "end": 46}]}, "Evidence Propositions": []}, {"Section": "RESULTS", "Text": "We found that SARS-CoV-2 has a high AU content that strongly influences its codon usage , which appears to be better adapted to the human host .", "Evidence Elements": {"Participant": [], "Intervention": [{"term": "SARS-CoV-2", "negation": "affirmed", "UMLS": "", "start": 14, "end": 24}], "Outcome": [{"term": "AU content", "negation": "affirmed", "UMLS": "", "start": 36, "end": 46}, {"term": "codon usage", "negation": "affirmed", "UMLS": "", "start": 76, "end": 87}]}, "Evidence Propositions": [{"Intervention": "SARS-CoV-2", "Observation": "strongly influences", "Outcome": "codon usage", "Count": ""}, {"Intervention": ["SARS-CoV-2"], "Observation": "better adapted", "Outcome": "", "Count": ""}]}, {"Section": "RESULTS", "Text": "We also studied the evolutionary pressures that influence the codon usage of five conserved coronavirus genes encoding the viral replicase , spike , envelope , membrane and nucleocapsid proteins .", "Evidence Elements": {"Participant": [], "Intervention": [], "Outcome": [{"term": "codon usage", "negation": "affirmed", "UMLS": "", "start": 62, "end": 73}]}, "Evidence Propositions": []}, {"Section": "RESULTS", "Text": "We found different patterns of both mutational bias and natural selection that affect the codon usage of these genes .", "Evidence Elements": {"Participant": [], "Intervention": [], "Outcome": [{"term": "codon usage", "negation": "affirmed", "UMLS": "", "start": 90, "end": 101}]}, "Evidence Propositions": []}, {"Section": "CONCLUSIONS", "Text": "Moreover , we show here that the two integral membrane proteins ( matrix and envelope ) tend to evolve slowly by accumulating nucleotide mutations on their corresponding genes .", "Evidence Elements": {"Participant": [], "Intervention": [], "Outcome": [{"term": "two integral membrane proteins", "negation": "affirmed", "UMLS": "", "start": 33, "end": 63}]}, "Evidence Propositions": []}, {"Section": "CONCLUSIONS", "Text": "Conversely , genes encoding nucleocapsid ( N ) , viral replicase and spike proteins ( S ) , although they are regarded as are important targets for the development of vaccines and antiviral drugs , tend to evolve faster in comparison to the two genes mentioned above .", "Evidence Elements": {"Participant": [], "Intervention": [], "Outcome": []}, "Evidence Propositions": []}, {"Section": "CONCLUSIONS", "Text": "Overall , our results suggest that the higher divergence observed for the latter three genes could represent a significant barrier in the development of antiviral therapeutics against SARS-CoV-2 .", "Evidence Elements": {"Participant": [], "Intervention": [{"term": "latter three genes", "negation": "affirmed", "UMLS": "", "start": 74, "end": 92}], "Outcome": [{"term": "divergence", "negation": "affirmed", "UMLS": "", "start": 46, "end": 56}]}, "Evidence Propositions": []}]}