{"doc_id": "32361327", "type of study": "Therapy", "title": "", "abstract": "Male gender and comorbidity were the independent risk factors for death in COVID-19 patients.\nLymphopenia and high CRP were the independent risk factors for poor outcome in COVID-19.\nThe risk factors would facilitate early identification of high-risk COVID-19 patients.\nA few studies have revealed the clinical characteristics of hospitalized patients with COVID-19.\nHowever, predictive factors for the outcomes remain unclear.\nAttempted to determine the predictive factors for the poor outcomes of patients with COVID-19.\nThis is a single-center, retrospective study.\nClinical, laboratory, and treatment data were collected and analyzed from 111 hospitalized patients with laboratory-confirmed COVID-19 in Union Hospital.\nThe gathered data of discharged and deteriorated patients were compared.\nAmong these 111 patients, 93 patients were discharged and 18 patients were deteriorated.\nThe lymphocyte count (0.56 G/L [0.47-0.63] vs 1.30 G/L [0.95-1.65]) was lower in the deteriorated group than those in the discharged group.\nThe numbers of pulmonary lobe involved (5.00 [5.00-5.00] vs 4.00 [2.00-5.00]), serum C-reactive protein (CRP, 79.52 mg/L [61.25-102.98] vs 7.93 mg/L [3.14-22.50]), IL-6 (35.72 pg/mL [9.24-85.19] vs 5.09 pg/mL [3.16-9.72]), and IL-10 (5.35 pg/mL [4.48-7.84] vs 3.97 pg/mL [3.34-4.79]) concentrations in deteriorated patients were elevated compared with discharged patients.\nMultivariate logistic regression analysis showed that male gender (OR, 24.8 [1.8-342.1]), comorbidity (OR, 52.6 [3.6-776.4]), lymphopenia (OR, 17.3 [1.1-261.8]), and elevated CRP (OR, 96.5 [4.6-2017.6]) were the independent risk factors for the poor prognosis in COVID-19 patients.\nThis finding would facilitate the early identification of high-risk COVID-19 patients.\n", "Evidence Map": {"Enrollment": [{"term": "COVID-19", "negation": "affirmed", "UMLS": "", "start": 75, "end": 83}, {"term": "COVID-19", "negation": "affirmed", "UMLS": "", "start": 79, "end": 87}, {"term": "COVID-19", "negation": "affirmed", "UMLS": "", "start": 85, "end": 93}, {"term": "hospitalized", "negation": "affirmed", "UMLS": "", "start": 80, "end": 92}, {"term": "laboratory-confirmed COVID-19", "negation": "affirmed", "UMLS": "", "start": 107, "end": 136}, {"term": "discharged", "negation": "affirmed", "UMLS": "", "start": 21, "end": 31}, {"term": "deteriorated patients", "negation": "affirmed", "UMLS": "", "start": 36, "end": 57}, {"term": "male gender", "negation": "affirmed", "UMLS": "", "start": 54, "end": 65}, {"term": "comorbidity", "negation": "affirmed", "UMLS": "", "start": 96, "end": 107}, {"term": "lymphopenia", "negation": "affirmed", "UMLS": "", "start": 138, "end": 149}], "Comparison Results": [], "Study Arm 1 Results": [], "Study Arm 2 Results": []}, "Sentence-level breakdown": [{"Section": "TITLE", "Text": "Male gender and comorbidity were the independent risk factors for death in COVID-19 patients .", "Evidence Elements": {"Participant": [{"term": "COVID-19", "negation": "affirmed", "UMLS": "", "start": 75, "end": 83}], "Intervention": [], "Outcome": [{"term": "death", "negation": "affirmed", "UMLS": "", "start": 66, "end": 71}]}, "Evidence Propositions": []}, {"Section": "OBJECTIVE", "Text": "Attempted to determine the predictive factors for the poor outcomes of patients with COVID-19 .", "Evidence Elements": {"Participant": [{"term": "COVID-19", "negation": "affirmed", "UMLS": "", "start": 85, "end": 93}], "Intervention": [], "Outcome": [{"term": "predictive factors", "negation": "affirmed", "UMLS": "", "start": 27, "end": 45}, {"term": "poor outcomes", "negation": "affirmed", "UMLS": "", "start": 54, "end": 67}]}, "Evidence Propositions": []}, {"Section": "METHODS", "Text": "This is a single-center , retrospective study .", "Evidence Elements": {"Participant": [], "Intervention": [], "Outcome": []}, "Evidence Propositions": []}, {"Section": "METHODS", "Text": "Clinical , laboratory , and treatment data were collected and analyzed from 111 hospitalized patients with laboratory-confirmed COVID-19 in Union Hospital .", "Evidence Elements": {"Participant": [{"term": "hospitalized", "negation": "affirmed", "UMLS": "", "start": 80, "end": 92}, {"term": "laboratory-confirmed COVID-19", "negation": "affirmed", "UMLS": "", "start": 107, "end": 136}], "Intervention": [], "Outcome": []}, "Evidence Propositions": []}, {"Section": "METHODS", "Text": "The gathered data of discharged and deteriorated patients were compared .", "Evidence Elements": {"Participant": [{"term": "discharged", "negation": "affirmed", "UMLS": "", "start": 21, "end": 31}, {"term": "deteriorated patients", "negation": "affirmed", "UMLS": "", "start": 36, "end": 57}], "Intervention": [], "Outcome": []}, "Evidence Propositions": []}, {"Section": "RESULTS", "Text": "Among these 111 patients , 93 patients were discharged and 18 patients were deteriorated .", "Evidence Elements": {"Participant": [], "Intervention": [], "Outcome": [{"term": "discharged", "negation": "affirmed", "UMLS": "", "start": 44, "end": 54}]}, "Evidence Propositions": []}, {"Section": "RESULTS", "Text": "The lymphocyte count ( 0.56 G / L [ 0.47-0.63 ] vs 1.30 G / L [ 0.95-1.65 ] ) was lower in the deteriorated group than those in the discharged group .", "Evidence Elements": {"Participant": [], "Intervention": [{"term": "deteriorated", "negation": "affirmed", "UMLS": "", "start": 95, "end": 107}], "Outcome": [{"term": "lymphocyte count", "negation": "affirmed", "UMLS": "", "start": 4, "end": 20}]}, "Evidence Propositions": [{"Intervention": "deteriorated", "Observation": "1.30", "Outcome": "lymphocyte count", "Count": ""}, {"Intervention": "deteriorated", "Observation": "L", "Outcome": "lymphocyte count", "Count": ""}, {"Intervention": ["deteriorated"], "Observation": "lower", "Outcome": "lymphocyte count", "Count": ""}]}, {"Section": "RESULTS", "Text": "The numbers of pulmonary lobe involved ( 5.00 [ 5.00-5.00 ] vs 4.00 [ 2.00-5.00 ] ) , serum C-reactive protein ( CRP , 79.52 mg / L [ 61.25-102.98 ] vs 7.93 mg / L [ 3.14-22.50 ] ) , IL-6 ( 35.72 pg / mL [ 9.24-85.19 ] vs 5.09 pg / mL [ 3.16-9.72 ] ) , and IL-10 ( 5.35 p", "Evidence Elements": {"Participant": [], "Intervention": [], "Outcome": [{"term": "numbers of pulmonary lobe involved", "negation": "affirmed", "UMLS": "", "start": 4, "end": 38}, {"term": "serum C-reactive protein", "negation": "affirmed", "UMLS": "", "start": 86, "end": 110}, {"term": "CRP", "negation": "affirmed", "UMLS": "", "start": 113, "end": 116}, {"term": "IL-6", "negation": "affirmed", "UMLS": "", "start": 183, "end": 187}]}, "Evidence Propositions": []}, {"Section": "RESULTS", "Text": "Multivariate logistic regression analysis showed that male gender ( OR , 24.8 [ 1.8-342.1 ] ) , comorbidity ( OR , 52.6 [ 3.6-776.4 ] ) , lymphopenia ( OR , 17.3 [ 1.1-261.8 ] ) , and elevated CRP ( OR , 96.5 [ 4.6-2017.6 ] ) were the independent risk factors for the poor prognosis in COVID-19 patients .", "Evidence Elements": {"Participant": [{"term": "male gender", "negation": "affirmed", "UMLS": "", "start": 54, "end": 65}, {"term": "comorbidity", "negation": "affirmed", "UMLS": "", "start": 96, "end": 107}, {"term": "lymphopenia", "negation": "affirmed", "UMLS": "", "start": 138, "end": 149}], "Intervention": [], "Outcome": []}, "Evidence Propositions": []}, {"Section": "CONCLUSIONS", "Text": "This finding would facilitate the early identification of high-risk COVID-19 patients .", "Evidence Elements": {"Participant": [], "Intervention": [], "Outcome": []}, "Evidence Propositions": []}]}