{"doc_id": "32360580", "type of study": "Therapy", "title": "", "abstract": "Severe Acute Respiratory Syndrome Coronavirus 2 (SARS-CoV-2) has spread worldwide through person-to-person contact, causing a public health emergency of international concern.\nAt present, there is no specific antiviral treatment recommended for SARS-CoV-2 infection.\nLiu Shen capsule (LS), a traditional Chinese medicine, has been proven to have a wide spectrum of pharmacological properties, such as anti-inflammatory, antiviral and immunomodulatory activities.\nHowever, little is known about the antiviral effect of LS against SARS-CoV-2.\nHerein, the study was designed to investigate the antiviral activity of SARS-CoV-2 and its potential effect in regulating the host's immune response.\nThe inhibitory effect of LS against SARS-CoV-2 replication in Vero E6 cells was evaluated by using the cytopathic effect (CPE) and plaque reduction assay.\nThe number of virions of SARS-CoV-2 was observed under transmission electron microscope after treatment with LS.\nProinflammatory cytokine expression levels upon SARS-CoV-2 infection in Huh-7 cells were measured by real-time quantitative PCR assays.\nThe results showed that LS could significantly inhibit SARS-CoV-2 replication in Vero E6 cells, and reduce the number of virus particles and it could markedly reduce pro-inflammatory cytokines (TNF-alpha, IL-6, IL-1beta, IL-8, CCL-2/MCP-1 and CXCL-10/IP-10) production at the mRNA levels.\nMoreover, the expression of the key proteins in the NF-kappaB/MAPK signaling pathway was detected by western blot and it was found that LS could inhibit the expression of p-NF-kappaB p65, p-IkappaBalpha and p-p38 MAPK, while increasing the expression of IkappaBalpha.\nThese findings indicate that LS could inhibit SARS-CoV-2 virus infection via downregulating the expression of inflammatory cytokines induced virus and regulating the activity of NF-kappaB/MAPK signaling pathway in vitro, making its promising candidate treatment for controlling COVID-19 disease.\n", "Evidence Map": {"Enrollment": [{"term": "Vero E6", "negation": "affirmed", "UMLS": "", "start": 62, "end": 69}, {"term": "Huh-7", "negation": "affirmed", "UMLS": "", "start": 72, "end": 77}, {"term": "COVID-19", "negation": "affirmed", "UMLS": "", "start": 281, "end": 289}], "Comparison Results": [], "Study Arm 1 Results": [], "Study Arm 2 Results": []}, "Sentence-level breakdown": [{"Section": "TITLE", "Text": "Severe Acute Respiratory Syndrome Coronavirus 2 ( SARS-CoV-2 ) has spread worldwide through person-to-person contact , causing a public health emergency of international concern .", "Evidence Elements": {"Participant": [], "Intervention": [], "Outcome": []}, "Evidence Propositions": []}, {"Section": "OBJECTIVE", "Text": "Herein , the study was designed to investigate the antiviral activity of SARS-CoV-2 and its potential effect in regulating the host 's immune response .", "Evidence Elements": {"Participant": [], "Intervention": [{"term": "SARS-CoV-2", "negation": "affirmed", "UMLS": "", "start": 73, "end": 83}], "Outcome": [{"term": "antiviral activity", "negation": "affirmed", "UMLS": "", "start": 51, "end": 69}, {"term": "host 's", "negation": "affirmed", "UMLS": "", "start": 127, "end": 134}]}, "Evidence Propositions": []}, {"Section": "METHODS", "Text": "The inhibitory effect of LS against SARS-CoV-2 replication in Vero E6 cells was evaluated by using the cytopathic effect ( CPE ) and plaque reduction assay .", "Evidence Elements": {"Participant": [{"term": "Vero E6", "negation": "affirmed", "UMLS": "", "start": 62, "end": 69}], "Intervention": [{"term": "LS", "negation": "affirmed", "UMLS": "", "start": 25, "end": 27}], "Outcome": [{"term": "inhibitory effect", "negation": "affirmed", "UMLS": "", "start": 4, "end": 21}, {"term": "SARS-CoV-2 replication", "negation": "affirmed", "UMLS": "", "start": 36, "end": 58}, {"term": "cytopathic effect ( CPE )", "negation": "affirmed", "UMLS": "", "start": 103, "end": 128}, {"term": "plaque", "negation": "affirmed", "UMLS": "", "start": 133, "end": 139}]}, "Evidence Propositions": []}, {"Section": "METHODS", "Text": "The number of virions of SARS-CoV-2 was observed under transmission electron microscope after treatment with LS .", "Evidence Elements": {"Participant": [], "Intervention": [{"term": "LS", "negation": "affirmed", "UMLS": "", "start": 109, "end": 111}], "Outcome": [{"term": "number of virions of SARS-CoV-2", "negation": "affirmed", "UMLS": "", "start": 4, "end": 35}]}, "Evidence Propositions": []}, {"Section": "METHODS", "Text": "Proinflammatory cytokine expression levels upon SARS-CoV-2 infection in Huh-7 cells were measured by real-time quantitative PCR assays .", "Evidence Elements": {"Participant": [{"term": "Huh-7", "negation": "affirmed", "UMLS": "", "start": 72, "end": 77}], "Intervention": [{"term": "SARS-CoV-2 infection", "negation": "affirmed", "UMLS": "", "start": 48, "end": 68}], "Outcome": [{"term": "Proinflammatory cytokine expression levels", "negation": "affirmed", "UMLS": "", "start": 0, "end": 42}]}, "Evidence Propositions": []}, {"Section": "RESULTS", "Text": "The results showed that LS could significantly inhibit SARS-CoV-2 replication in Vero E6 cells , and reduce the number of virus particles and it could markedly reduce pro-inflammatory cytokines ( TNF-alpha , IL-6 , IL-1beta , IL-8 , CCL-2 / MCP-1 and CXCL-10 / IP-10 ) production at the mRNA levels .", "Evidence Elements": {"Participant": [], "Intervention": [{"term": "LS", "negation": "affirmed", "UMLS": "", "start": 24, "end": 26}], "Outcome": [{"term": "SARS-CoV-2 replication", "negation": "affirmed", "UMLS": "", "start": 55, "end": 77}, {"term": "number of virus particles", "negation": "affirmed", "UMLS": "", "start": 112, "end": 137}, {"term": "pro-inflammatory cytokines", "negation": "affirmed", "UMLS": "", "start": 167, "end": 193}, {"term": "TNF-alpha", "negation": "affirmed", "UMLS": "", "start": 196, "end": 205}, {"term": "IL-6", "negation": "affirmed", "UMLS": "", "start": 208, "end": 212}, {"term": "IL-1beta", "negation": "affirmed", "UMLS": "", "start": 215, "end": 223}, {"term": "IL-8", "negation": "affirmed", "UMLS": "", "start": 226, "end": 230}, {"term": "MCP-1", "negation": "affirmed", "UMLS": "", "start": 241, "end": 246}]}, "Evidence Propositions": [{"Intervention": "LS", "Observation": "reduce", "Outcome": "number of virus particles", "Count": ""}]}, {"Section": "RESULTS", "Text": "Moreover , the expression of the key proteins in the NF-kappaB / MAPK signaling pathway was detected by western blot and it was found that LS could inhibit the expression of p-NF-kappaB p65 , p-IkappaBalpha and p-p38 MAPK , while increasing the expression of IkappaBalpha .", "Evidence Elements": {"Participant": [], "Intervention": [{"term": "LS", "negation": "affirmed", "UMLS": "", "start": 139, "end": 141}], "Outcome": [{"term": "expression of the key proteins in the", "negation": "affirmed", "UMLS": "", "start": 15, "end": 52}, {"term": "MAPK signaling pathway", "negation": "affirmed", "UMLS": "", "start": 65, "end": 87}, {"term": "expression of p-NF-kappaB p65", "negation": "affirmed", "UMLS": "", "start": 160, "end": 189}, {"term": "p-IkappaBalpha", "negation": "affirmed", "UMLS": "", "start": 192, "end": 206}, {"term": "p-p38 MAPK", "negation": "affirmed", "UMLS": "", "start": 211, "end": 221}]}, "Evidence Propositions": [{"Intervention": "LS", "Observation": "inhibit", "Outcome": "expression of p-NF-kappaB p65", "Count": ""}, {"Intervention": "LS", "Observation": "inhibit", "Outcome": "p-IkappaBalpha", "Count": ""}, {"Intervention": "LS", "Observation": "inhibit", "Outcome": "p-p38 MAPK", "Count": ""}, {"Intervention": "LS", "Observation": "increasing", "Outcome": "p-p38 MAPK", "Count": ""}]}, {"Section": "CONCLUSIONS", "Text": "These findings indicate that LS could inhibit SARS-CoV-2 virus infection via downregulating the expression of inflammatory cytokines induced virus and regulating the activity of NF-kappaB / MAPK signaling pathway in vitro , making its promising candidate treatment for controlling COVID-19 disease .", "Evidence Elements": {"Participant": [{"term": "COVID-19", "negation": "affirmed", "UMLS": "", "start": 281, "end": 289}], "Intervention": [{"term": "LS", "negation": "affirmed", "UMLS": "", "start": 29, "end": 31}], "Outcome": [{"term": "SARS-CoV-2 virus infection", "negation": "affirmed", "UMLS": "", "start": 46, "end": 72}, {"term": "expression of inflammatory cytokines induced virus", "negation": "affirmed", "UMLS": "", "start": 96, "end": 146}, {"term": "activity of", "negation": "affirmed", "UMLS": "", "start": 166, "end": 177}, {"term": "MAPK signaling pathway", "negation": "affirmed", "UMLS": "", "start": 190, "end": 212}]}, "Evidence Propositions": [{"Intervention": "LS", "Observation": "downregulating", "Outcome": "expression of inflammatory cytokines induced virus", "Count": ""}, {"Intervention": "LS", "Observation": "regulating", "Outcome": "activity of", "Count": ""}, {"Intervention": "LS", "Observation": "regulating", "Outcome": "MAPK signaling pathway", "Count": ""}]}]}