{"doc_id": "32369208", "type of study": "Therapy", "title": "", "abstract": "Clinical and laboratory data available on patients with coronavirus disease 2019 (COVID-19) in Beijing, China remain extremely limited.\nHere, we summarized the clinical characteristics of patients with COVID-19 in a designated hospital in Beijing, China.\n55 patients with laboratory-confirmed SARS-CoV-2 infection were admitted to Beijing 302 Hospital and enrolled in this study.\nDemographic data, symptoms, comorbidities, laboratory values, treatments, and clinical outcomes were all collected and retrospectively analyzed.\n15 (27.3%) of the patients had non-severe symptom, the mean age was 44.0 years (interquartile range 34.0-56.0), and median incubation period was 7.5 days (interquartile range 5.0-11.8).\n26 (47.3%) patients had exposure history in Wuhan while 20 (36.4%) were associated with familial clusters.\n18 (32.7%) had underlying comorbidities including hypertension.\nThe most common symptoms of illness were fever (45, 81.8%), 51 (92.7%) patients had abnormal findings on chest CT.\nLaboratory findings showed that neutrophil count, percentage of lymphocyte, percentage of eosinophil, eosinophil count, erythrocyte sedimentation rate, albumin, and serum ferritin are potential risk factors for patients with poor prognosis.\n26 patients (47.3%) were still hospitalized while 29 (52.7%) had been discharged at this point.\nCompared with patients in Wuhan, the symptoms of patients in Beijing are relatively mild.\nOlder age, more comorbidities, and more abnormal prominent laboratory markers were associated with severe condition.\nOn the basis of antiviral drugs, antibiotics treatment, appropriate dosage of corticosteroid and gamma globulin therapy significantly improve patients' outcomes.\nEarly identification and timely medical treatment are important to reduce the severity of patients with COVID-19.\nThis article is protected by copyright.\nAll rights reserved.\n", "Evidence Map": {"Enrollment": [{"term": "COVID-19", "negation": "affirmed", "UMLS": "", "start": 67, "end": 75}, {"term": "laboratory-confirmed SARS-CoV-2 infection", "negation": "affirmed", "UMLS": "", "start": 17, "end": 58}, {"term": "non-severe symptom", "negation": "affirmed", "UMLS": "", "start": 34, "end": 52}, {"term": "exposure history in Wuhan", "negation": "affirmed", "UMLS": "", "start": 27, "end": 52}, {"term": "underlying", "negation": "affirmed", "UMLS": "", "start": 18, "end": 28}, {"term": "fever", "negation": "affirmed", "UMLS": "", "start": 41, "end": 46}, {"term": "age", "negation": "affirmed", "UMLS": "", "start": 6, "end": 9}], "Comparison Results": [], "Study Arm 1 Results": [], "Study Arm 2 Results": []}, "Sentence-level breakdown": [{"Section": "TITLE", "Text": "Clinical and laboratory data available on patients with coronavirus disease 2019 ( COVID-19 ) in Beijing , China remain extremely limited .", "Evidence Elements": {"Participant": [], "Intervention": [], "Outcome": []}, "Evidence Propositions": []}, {"Section": "OBJECTIVE", "Text": "Here , we summarized the clinical characteristics of patients with COVID-19 in a designated hospital in Beijing , China .", "Evidence Elements": {"Participant": [{"term": "COVID-19", "negation": "affirmed", "UMLS": "", "start": 67, "end": 75}], "Intervention": [], "Outcome": [{"term": "clinical characteristics", "negation": "affirmed", "UMLS": "", "start": 25, "end": 49}]}, "Evidence Propositions": []}, {"Section": "METHODS", "Text": "55 patients with laboratory-confirmed SARS-CoV-2 infection were admitted to Beijing 302 Hospital and enrolled in this study .", "Evidence Elements": {"Participant": [{"term": "laboratory-confirmed SARS-CoV-2 infection", "negation": "affirmed", "UMLS": "", "start": 17, "end": 58}], "Intervention": [], "Outcome": []}, "Evidence Propositions": []}, {"Section": "METHODS", "Text": "Demographic data , symptoms , comorbidities , laboratory values , treatments , and clinical outcomes were all collected and retrospectively analyzed .", "Evidence Elements": {"Participant": [], "Intervention": [], "Outcome": [{"term": "symptoms", "negation": "affirmed", "UMLS": "", "start": 19, "end": 27}, {"term": "comorbidities", "negation": "affirmed", "UMLS": "", "start": 30, "end": 43}, {"term": "laboratory values", "negation": "affirmed", "UMLS": "", "start": 46, "end": 63}, {"term": "treatments", "negation": "affirmed", "UMLS": "", "start": 66, "end": 76}, {"term": "clinical outcomes", "negation": "affirmed", "UMLS": "", "start": 83, "end": 100}]}, "Evidence Propositions": []}, {"Section": "RESULTS", "Text": "15 ( 27.3 % ) of the patients had non-severe symptom , the mean age was 44.0 years ( interquartile range 34.0-56.0 ) , and median incubation period was 7.5 days ( interquartile range 5.0-11.8 ) .", "Evidence Elements": {"Participant": [{"term": "non-severe symptom", "negation": "affirmed", "UMLS": "", "start": 34, "end": 52}], "Intervention": [], "Outcome": []}, "Evidence Propositions": []}, {"Section": "RESULTS", "Text": "26 ( 47.3 % ) patients had exposure history in Wuhan while 20 ( 36.4 % ) were associated with familial clusters .", "Evidence Elements": {"Participant": [{"term": "exposure history in Wuhan", "negation": "affirmed", "UMLS": "", "start": 27, "end": 52}], "Intervention": [], "Outcome": []}, "Evidence Propositions": []}, {"Section": "RESULTS", "Text": "18 ( 32.7 % ) had underlying comorbidities including hypertension .", "Evidence Elements": {"Participant": [{"term": "underlying", "negation": "affirmed", "UMLS": "", "start": 18, "end": 28}], "Intervention": [], "Outcome": []}, "Evidence Propositions": []}, {"Section": "RESULTS", "Text": "The most common symptoms of illness were fever ( 45 , 81.8 % ) , 51 ( 92.7 % ) patients had abnormal findings on chest CT .", "Evidence Elements": {"Participant": [{"term": "fever", "negation": "affirmed", "UMLS": "", "start": 41, "end": 46}], "Intervention": [], "Outcome": []}, "Evidence Propositions": []}, {"Section": "RESULTS", "Text": "Laboratory findings showed that neutrophil count , percentage of lymphocyte , percentage of eosinophil , eosinophil count , erythrocyte sedimentation rate , albumin , and serum ferritin are potential risk factors for patients with poor prognosis .", "Evidence Elements": {"Participant": [], "Intervention": [], "Outcome": [{"term": "neutrophil count", "negation": "affirmed", "UMLS": "", "start": 32, "end": 48}, {"term": "percentage of lymphocyte", "negation": "affirmed", "UMLS": "", "start": 51, "end": 75}, {"term": "percentage of eosinophil", "negation": "affirmed", "UMLS": "", "start": 78, "end": 102}, {"term": "eosinophil count", "negation": "affirmed", "UMLS": "", "start": 105, "end": 121}, {"term": "erythrocyte sedimentation rate", "negation": "affirmed", "UMLS": "", "start": 124, "end": 154}, {"term": "albumin", "negation": "affirmed", "UMLS": "", "start": 157, "end": 164}, {"term": "serum ferritin", "negation": "affirmed", "UMLS": "", "start": 171, "end": 185}]}, "Evidence Propositions": []}, {"Section": "RESULTS", "Text": "26 patients ( 47.3 % ) were still hospitalized while 29 ( 52.7 % ) had been discharged at this point .", "Evidence Elements": {"Participant": [], "Intervention": [], "Outcome": [{"term": "hospitalized", "negation": "affirmed", "UMLS": "", "start": 34, "end": 46}]}, "Evidence Propositions": []}, {"Section": "CONCLUSIONS", "Text": "Compared with patients in Wuhan , the symptoms of patients in Beijing are relatively mild .", "Evidence Elements": {"Participant": [], "Intervention": [{"term": "Beijing", "negation": "affirmed", "UMLS": "", "start": 62, "end": 69}], "Outcome": [{"term": "symptoms", "negation": "affirmed", "UMLS": "", "start": 38, "end": 46}]}, "Evidence Propositions": [{"Intervention": "Beijing", "Observation": "relatively", "Outcome": "symptoms", "Count": ""}]}, {"Section": "CONCLUSIONS", "Text": "Older age , more comorbidities , and more abnormal prominent laboratory markers were associated with severe condition .", "Evidence Elements": {"Participant": [{"term": "age", "negation": "affirmed", "UMLS": "", "start": 6, "end": 9}], "Intervention": [], "Outcome": []}, "Evidence Propositions": []}, {"Section": "CONCLUSIONS", "Text": "On the basis of antiviral drugs , antibiotics treatment , appropriate dosage of corticosteroid and gamma globulin therapy significantly improve patients ' outcomes .", "Evidence Elements": {"Participant": [], "Intervention": [], "Outcome": []}, "Evidence Propositions": []}, {"Section": "CONCLUSIONS", "Text": "Early identification and timely medical treatment are important to reduce the severity of patients with COVID-19 .", "Evidence Elements": {"Participant": [], "Intervention": [], "Outcome": []}, "Evidence Propositions": []}, {"Section": "CONCLUSIONS", "Text": "This article is protected by copyright .", "Evidence Elements": {"Participant": [], "Intervention": [], "Outcome": []}, "Evidence Propositions": []}, {"Section": "CONCLUSIONS", "Text": "All rights reserved .", "Evidence Elements": {"Participant": [], "Intervention": [], "Outcome": []}, "Evidence Propositions": []}]}