{"doc_id": "32361738", "type of study": "Therapy", "title": "", "abstract": "With evidence of sustained transmission in more than 190 countries, coronavirus disease 2019 (COVID-19) has been declared a global pandemic.\nData are urgently needed about risk factors associated with clinical outcomes.\nA retrospective review of 323 hospitalized patients with COVID-19 in Wuhan was conducted.\nPatients were classified into three disease severity groups (non-severe, severe, and critical), based on initial clinical presentation.\nClinical outcomes were designated as favorable and unfavorable, based on disease progression and response to treatments.\nLogistic regression models were performed to identify risk factors associated with clinical outcomes, and log-rank test was conducted for the association with clinical progression.\nCurrent standard treatments did not show significant improvement in patient outcomes.\nBy univariate logistic regression analysis, 27 risk factors were significantly associated with clinical outcomes.\nMultivariate regression indicated age over 65 years (p<0.001), smoking (p=0.001), critical disease status (p=0.002), diabetes (p=0.025), high hypersensitive troponin I (>0.04 pg/mL, p=0.02), leukocytosis (>10 x 109/L, p<0.001) and neutrophilia (>75 x 109/L, p<0.001) predicted unfavorable clinical outcomes.\nBy contrast, the administration of hypnotics was significantly associated with favorable outcomes (p<0.001), which was confirmed by survival analysis.\nHypnotics may be an effective ancillary treatment for COVID-19.\nWe also found novel risk factors, such as higher hypersensitive troponin I, predicted poor clinical outcomes.\nOverall, our study provides useful data to guide early clinical decision making to reduce mortality and improve clinical outcomes of COVID-19.\n", "Evidence Map": {"Enrollment": [{"term": "hospitalized", "negation": "affirmed", "UMLS": "", "start": 30, "end": 42}, {"term": "COVID-19", "negation": "affirmed", "UMLS": "", "start": 57, "end": 65}, {"term": "smoking", "negation": "affirmed", "UMLS": "", "start": 68, "end": 75}, {"term": "diabetes", "negation": "affirmed", "UMLS": "", "start": 132, "end": 140}, {"term": "high", "negation": "affirmed", "UMLS": "", "start": 157, "end": 161}, {"term": "I", "negation": "affirmed", "UMLS": "", "start": 186, "end": 187}, {"term": "COVID-19", "negation": "affirmed", "UMLS": "", "start": 54, "end": 62}], "Comparison Results": [], "Study Arm 1 Results": [], "Study Arm 2 Results": []}, "Sentence-level breakdown": [{"Section": "TITLE", "Text": "With evidence of sustained transmission in more than 190 countries , coronavirus disease 2019 ( COVID-19 ) has been declared a global pandemic .", "Evidence Elements": {"Participant": [], "Intervention": [], "Outcome": []}, "Evidence Propositions": []}, {"Section": "METHODS", "Text": "A retrospective review of 323 hospitalized patients with COVID-19 in Wuhan was conducted .", "Evidence Elements": {"Participant": [{"term": "hospitalized", "negation": "affirmed", "UMLS": "", "start": 30, "end": 42}, {"term": "COVID-19", "negation": "affirmed", "UMLS": "", "start": 57, "end": 65}], "Intervention": [], "Outcome": []}, "Evidence Propositions": []}, {"Section": "METHODS", "Text": "Patients were classified into three disease severity groups ( non-severe , severe , and critical ) , based on initial clinical presentation .", "Evidence Elements": {"Participant": [], "Intervention": [], "Outcome": []}, "Evidence Propositions": []}, {"Section": "METHODS", "Text": "Clinical outcomes were designated as favorable and unfavorable , based on disease progression and response to treatments .", "Evidence Elements": {"Participant": [], "Intervention": [], "Outcome": [{"term": "Clinical outcomes", "negation": "affirmed", "UMLS": "", "start": 0, "end": 17}, {"term": "disease progression", "negation": "affirmed", "UMLS": "", "start": 74, "end": 93}, {"term": "response to", "negation": "affirmed", "UMLS": "", "start": 98, "end": 109}]}, "Evidence Propositions": []}, {"Section": "METHODS", "Text": "Logistic regression models were performed to identify risk factors associated with clinical outcomes , and log-rank test was conducted for the association with clinical progression .", "Evidence Elements": {"Participant": [], "Intervention": [], "Outcome": [{"term": "risk factors associated with clinical outcomes", "negation": "affirmed", "UMLS": "", "start": 54, "end": 100}, {"term": "association with clinical", "negation": "affirmed", "UMLS": "", "start": 143, "end": 168}]}, "Evidence Propositions": []}, {"Section": "RESULTS", "Text": "Current standard treatments did not show significant improvement in patient outcomes .", "Evidence Elements": {"Participant": [], "Intervention": [], "Outcome": [{"term": "patient outcomes", "negation": "negated", "UMLS": "", "start": 68, "end": 84}]}, "Evidence Propositions": []}, {"Section": "RESULTS", "Text": "By univariate logistic regression analysis , 27 risk factors were significantly associated with clinical outcomes .", "Evidence Elements": {"Participant": [], "Intervention": [{"term": "risk factors", "negation": "affirmed", "UMLS": "", "start": 48, "end": 60}], "Outcome": [{"term": "clinical", "negation": "affirmed", "UMLS": "", "start": 96, "end": 104}]}, "Evidence Propositions": []}, {"Section": "RESULTS", "Text": "Multivariate regression indicated age over 65 years ( p < 0.001 ) , smoking ( p = 0.001 ) , critical disease status ( p = 0.002 ) , diabetes ( p = 0.025 ) , high hypersensitive troponin I ( > 0.04 pg / mL , p = 0.02 ) , leukocytosis ( > 10 x 109 / L , p < 0.001 ) and neutrophilia ( > 75 x 109 / L , p < 0.001 ) predicted unfavorable clinical", "Evidence Elements": {"Participant": [{"term": "smoking", "negation": "affirmed", "UMLS": "", "start": 68, "end": 75}, {"term": "diabetes", "negation": "affirmed", "UMLS": "", "start": 132, "end": 140}, {"term": "high", "negation": "affirmed", "UMLS": "", "start": 157, "end": 161}, {"term": "I", "negation": "affirmed", "UMLS": "", "start": 186, "end": 187}], "Intervention": [], "Outcome": []}, "Evidence Propositions": []}, {"Section": "RESULTS", "Text": "By contrast , the administration of hypnotics was significantly associated with favorable outcomes ( p < 0.001 ) , which was confirmed by survival analysis .", "Evidence Elements": {"Participant": [], "Intervention": [{"term": "hypnotics", "negation": "affirmed", "UMLS": "", "start": 36, "end": 45}], "Outcome": [{"term": "favorable outcomes", "negation": "affirmed", "UMLS": "", "start": 80, "end": 98}]}, "Evidence Propositions": [{"Intervention": "hypnotics", "Observation": "significantly associated", "Outcome": "favorable outcomes", "Count": ""}]}, {"Section": "CONCLUSIONS", "Text": "Hypnotics may be an effective ancillary treatment for COVID-19 .", "Evidence Elements": {"Participant": [{"term": "COVID-19", "negation": "affirmed", "UMLS": "", "start": 54, "end": 62}], "Intervention": [{"term": "Hypnotics", "negation": "affirmed", "UMLS": "", "start": 0, "end": 9}], "Outcome": []}, "Evidence Propositions": []}, {"Section": "CONCLUSIONS", "Text": "We also found novel risk factors , such as higher hypersensitive troponin I , predicted poor clinical outcomes .", "Evidence Elements": {"Participant": [], "Intervention": [{"term": "higher hypersensitive troponin I", "negation": "affirmed", "UMLS": "", "start": 43, "end": 75}], "Outcome": [{"term": "risk factors", "negation": "affirmed", "UMLS": "", "start": 20, "end": 32}]}, "Evidence Propositions": []}, {"Section": "CONCLUSIONS", "Text": "Overall , our study provides useful data to guide early clinical decision making to reduce mortality and improve clinical outcomes of COVID-19 .", "Evidence Elements": {"Participant": [], "Intervention": [], "Outcome": [{"term": "mortality", "negation": "affirmed", "UMLS": "", "start": 91, "end": 100}, {"term": "clinical outcomes", "negation": "affirmed", "UMLS": "", "start": 113, "end": 130}]}, "Evidence Propositions": []}]}