{"doc_id": "32363255", "type of study": "Therapy", "title": "", "abstract": "Eighteen active substances, including 17 organosulfur compounds found in garlic essential oil (T), were identified by GC-MS analysis.\nFor the first time, using the molecular docking technique, we report the inhibitory effect of the considered compounds on the host receptor angiotensin-converting enzyme 2 (ACE2) protein in the human body that leads to a crucial foundation about coronavirus resistance of individual compounds on the main protease (PDB6LU7) protein of SARS-CoV-2.\nThe results show that the 17 organosulfur compounds, accounting for 99.4% contents of the garlic essential oil, have strong interactions with the amino acids of the ACE2 protein and the main protease PDB6LU7 of SARS-CoV-2.\nThe strongest anticoronavirus activity is expressed in allyl disulfide and allyl trisulfide, which account for the highest content in the garlic essential oil (51.3%).\nInterestingly, docking results indicate the synergistic interactions of the 17 substances, which exhibit good inhibition of the ACE2 and PDB6LU7 proteins.\nThe results suggest that the garlic essential oil is a valuable natural antivirus source, which contributes to preventing the invasion of coronavirus into the human body.\n", "Evidence Map": {"Enrollment": [], "Comparison Results": [], "Study Arm 1 Results": [], "Study Arm 2 Results": []}, "Sentence-level breakdown": [{"Section": "TITLE", "Text": "Eighteen active substances , including 17 organosulfur compounds found in garlic essential oil ( T ) , were identified by GC-MS analysis .", "Evidence Elements": {"Participant": [], "Intervention": [{"term": "garlic essential oil ( T )", "negation": "affirmed", "UMLS": "", "start": 74, "end": 100}], "Outcome": [{"term": "active substances", "negation": "affirmed", "UMLS": "", "start": 9, "end": 26}, {"term": "organosulfur compounds", "negation": "affirmed", "UMLS": "", "start": 42, "end": 64}]}, "Evidence Propositions": []}, {"Section": "RESULTS", "Text": "For the first time , using the molecular docking technique , we report the inhibitory effect of the considered compounds on the host receptor angiotensin-converting enzyme 2 ( ACE2 ) protein in the human body that leads to a crucial foundation about coronavirus resistance of individual compounds on the main protease ( PDB6LU7 ) protein of SARS-CoV-2 .", "Evidence Elements": {"Participant": [], "Intervention": [{"term": "compounds", "negation": "affirmed", "UMLS": "", "start": 111, "end": 120}], "Outcome": [{"term": "inhibitory effect", "negation": "affirmed", "UMLS": "", "start": 75, "end": 92}, {"term": "host receptor angiotensin-converting enzyme 2 ( ACE2 ) protein", "negation": "affirmed", "UMLS": "", "start": 128, "end": 190}, {"term": "coronavirus resistance", "negation": "affirmed", "UMLS": "", "start": 250, "end": 272}, {"term": "protease", "negation": "affirmed", "UMLS": "", "start": 309, "end": 317}]}, "Evidence Propositions": []}, {"Section": "RESULTS", "Text": "The results show that the 17 organosulfur compounds , accounting for 99.4 % contents of the garlic essential oil , have strong interactions with the amino acids of the ACE2 protein and the main protease PDB6LU7 of SARS-CoV-2 .", "Evidence Elements": {"Participant": [], "Intervention": [{"term": "organosulfur compounds", "negation": "affirmed", "UMLS": "", "start": 29, "end": 51}], "Outcome": [{"term": "interactions", "negation": "affirmed", "UMLS": "", "start": 127, "end": 139}, {"term": "amino acids of the ACE2 protein", "negation": "affirmed", "UMLS": "", "start": 149, "end": 180}, {"term": "main protease", "negation": "affirmed", "UMLS": "", "start": 189, "end": 202}]}, "Evidence Propositions": []}, {"Section": "RESULTS", "Text": "The strongest anticoronavirus activity is expressed in allyl disulfide and allyl trisulfide , which account for the highest content in the garlic essential oil ( 51.3 % ) .", "Evidence Elements": {"Participant": [], "Intervention": [{"term": "allyl disulfide", "negation": "affirmed", "UMLS": "", "start": 55, "end": 70}, {"term": "allyl trisulfide", "negation": "affirmed", "UMLS": "", "start": 75, "end": 91}, {"term": "garlic essential oil", "negation": "affirmed", "UMLS": "", "start": 139, "end": 159}], "Outcome": [{"term": "anticoronavirus activity", "negation": "affirmed", "UMLS": "", "start": 14, "end": 38}]}, "Evidence Propositions": [{"Intervention": [], "Observation": "strongest", "Outcome": "", "Count": ""}, {"Intervention": ["allyl trisulfide", "garlic essential oil"], "Observation": "highest content", "Outcome": "", "Count": ""}]}, {"Section": "RESULTS", "Text": "Interestingly , docking results indicate the synergistic interactions of the 17 substances , which exhibit good inhibition of the ACE2 and PDB6LU7 proteins .", "Evidence Elements": {"Participant": [], "Intervention": [{"term": "17 substances", "negation": "affirmed", "UMLS": "", "start": 77, "end": 90}], "Outcome": [{"term": "synergistic interactions", "negation": "affirmed", "UMLS": "", "start": 45, "end": 69}, {"term": "inhibition of the ACE2 and", "negation": "affirmed", "UMLS": "", "start": 112, "end": 138}]}, "Evidence Propositions": []}, {"Section": "CONCLUSIONS", "Text": "The results suggest that the garlic essential oil is a valuable natural antivirus source , which contributes to preventing the invasion of coronavirus into the human body .", "Evidence Elements": {"Participant": [], "Intervention": [{"term": "garlic essential oil", "negation": "affirmed", "UMLS": "", "start": 29, "end": 49}], "Outcome": []}, "Evidence Propositions": []}]}