{"doc_id": "32363221", "type of study": "Therapy", "title": "", "abstract": "Coronavirus infections have emerged as epidemic and pandemic threats in last two decades.\nAfter the H1N1 influenza pandemic in 2009, recently diagnosed novel betacoronavirus or severe acute respiratory syndrome coronavirus (SARS-CoV)-2 has spread across 203 countries and territories in all 5 major continents.\nWorld Health Organization (WHO) declared this as a public health emergency of international concern on January 30, 2020.\nSubsequently on February 11, 2020 a new name was given to this disease i.e. COVID-19 by an expert group from WHO.\nAs of April 12, 2020, 10:00 CET, GMT+2:00, 1,696,588 confirmed cases and 105,952 confirmed deaths have been reported to the WHO.\n(Coronavirus disease 2019, situation report 83).\nIt possibly originated from a small animal market in Wuhan, China.\nA cluster of patients were admitted with unusual pneumonia not responding to treatment in various hospitals.\nEpidemiological, genomic analysis and correlation with other coronaviruses led to the isolation of new coronavirus, closely resembling the bat coronaviruses, from such patients in Wuhan.\nThey were identified as the SARS-CoV-2.\nThis virus infection presents as influenza like illness in the affected people.\nFever, cough, respiratory distress with fatigue, diarrhea, nausea and vomiting are common symptoms seen in adults.\nThis may progress on to severe respiratory distress, hypoxia, need for oxygen supplementation and ventilator support as seen in patients in the SARS-CoV-1 epidemic (2003) in Guangdong, China.\nThe transmissibility of SARS-CoV-1 was less as compared to SARS-CoV-2 infection, and it was well controlled with good public health efforts.\nThe present COVID-19 epidemic is still in the acceleration phase of 3 and 4 in various countries.\nWithout any effective antiviral agents available at present, the need of the hour is early case detection, isolation of cases, use of good preventive care measures by the household contacts and in the hospital set up.\nThe results of ongoing clinical trials on hydroxychloroquine, azithromycin alone or in combination and a new antiviral agent remdesivir may help to treat some of the infections.\nA need for effective vaccine is being seen an as good preventive strategy in this pandemic.\nHowever the results of clinical trials and incorporation of vaccines in public health programs is a long way to go.\n", "Evidence Map": {"Enrollment": [{"term": "unusual pneumonia", "negation": "affirmed", "UMLS": "", "start": 41, "end": 58}, {"term": "SARS-CoV-2", "negation": "affirmed", "UMLS": "", "start": 28, "end": 38}], "Comparison Results": [], "Study Arm 1 Results": [], "Study Arm 2 Results": []}, "Sentence-level breakdown": [{"Section": "TITLE", "Text": "Coronavirus infections have emerged as epidemic and pandemic threats in last two decades .", "Evidence Elements": {"Participant": [], "Intervention": [], "Outcome": []}, "Evidence Propositions": []}, {"Section": "METHODS", "Text": "A cluster of patients were admitted with unusual pneumonia not responding to treatment in various hospitals .", "Evidence Elements": {"Participant": [{"term": "unusual pneumonia", "negation": "affirmed", "UMLS": "", "start": 41, "end": 58}], "Intervention": [], "Outcome": []}, "Evidence Propositions": []}, {"Section": "RESULTS", "Text": "Epidemiological , genomic analysis and correlation with other coronaviruses led to the isolation of new coronavirus , closely resembling the bat coronaviruses , from such patients in Wuhan .", "Evidence Elements": {"Participant": [], "Intervention": [], "Outcome": []}, "Evidence Propositions": []}, {"Section": "RESULTS", "Text": "They were identified as the SARS-CoV-2 .", "Evidence Elements": {"Participant": [{"term": "SARS-CoV-2", "negation": "affirmed", "UMLS": "", "start": 28, "end": 38}], "Intervention": [], "Outcome": []}, "Evidence Propositions": []}, {"Section": "RESULTS", "Text": "This virus infection presents as influenza like illness in the affected people .", "Evidence Elements": {"Participant": [], "Intervention": [], "Outcome": []}, "Evidence Propositions": []}, {"Section": "RESULTS", "Text": "Fever , cough , respiratory distress with fatigue , diarrhea , nausea and vomiting are common symptoms seen in adults .", "Evidence Elements": {"Participant": [], "Intervention": [], "Outcome": [{"term": "Fever", "negation": "affirmed", "UMLS": "", "start": 0, "end": 5}, {"term": "cough", "negation": "affirmed", "UMLS": "", "start": 8, "end": 13}, {"term": "respiratory distress with fatigue", "negation": "affirmed", "UMLS": "", "start": 16, "end": 49}, {"term": "diarrhea", "negation": "affirmed", "UMLS": "", "start": 52, "end": 60}, {"term": "nausea", "negation": "affirmed", "UMLS": "", "start": 63, "end": 69}, {"term": "vomiting", "negation": "affirmed", "UMLS": "", "start": 74, "end": 82}]}, "Evidence Propositions": []}, {"Section": "RESULTS", "Text": "This may progress on to severe respiratory distress , hypoxia , need for oxygen supplementation and ventilator support as seen in patients in the SARS-CoV-1 epidemic ( 2003 ) in Guangdong , China .", "Evidence Elements": {"Participant": [], "Intervention": [], "Outcome": []}, "Evidence Propositions": []}, {"Section": "RESULTS", "Text": "The transmissibility of SARS-CoV-1 was less as compared to SARS-CoV-2 infection , and it was well controlled with good public health efforts .", "Evidence Elements": {"Participant": [], "Intervention": [{"term": "SARS-CoV-1", "negation": "affirmed", "UMLS": "", "start": 24, "end": 34}, {"term": "SARS-CoV-2 infection", "negation": "affirmed", "UMLS": "", "start": 59, "end": 79}], "Outcome": [{"term": "transmissibility", "negation": "affirmed", "UMLS": "", "start": 4, "end": 20}]}, "Evidence Propositions": [{"Intervention": ["SARS-CoV-1", "SARS-CoV-2 infection"], "Observation": "less", "Outcome": "transmissibility", "Count": ""}]}, {"Section": "RESULTS", "Text": "The present COVID-19 epidemic is still in the acceleration phase of 3 and 4 in various countries .", "Evidence Elements": {"Participant": [], "Intervention": [], "Outcome": []}, "Evidence Propositions": []}, {"Section": "CONCLUSIONS", "Text": "Without any effective antiviral agents available at present , the need of the hour is early case detection , isolation of cases , use of good preventive care measures by the household contacts and in the hospital set up .", "Evidence Elements": {"Participant": [], "Intervention": [], "Outcome": []}, "Evidence Propositions": []}, {"Section": "CONCLUSIONS", "Text": "The results of ongoing clinical trials on hydroxychloroquine , azithromycin alone or in combination and a new antiviral agent remdesivir may help to treat some of the infections .", "Evidence Elements": {"Participant": [], "Intervention": [], "Outcome": []}, "Evidence Propositions": []}, {"Section": "CONCLUSIONS", "Text": "A need for effective vaccine is being seen an as good preventive strategy in this pandemic .", "Evidence Elements": {"Participant": [], "Intervention": [], "Outcome": []}, "Evidence Propositions": []}, {"Section": "CONCLUSIONS", "Text": "However the results of clinical trials and incorporation of vaccines in public health programs is a long way to go .", "Evidence Elements": {"Participant": [], "Intervention": [], "Outcome": []}, "Evidence Propositions": []}]}