{"doc_id": "32369209", "type of study": "Therapy", "title": "", "abstract": "This retrospective study aimed to analysis clinical characteristics and outcomes of cancer patients with novel coronavirus disease-19 (COVID-19).\nMedical records, laboratory results and radiologic findings of 52 cancer patients with COVID-19 were collected, clinical characteristics and outcomes were summarized.\nA total of 52 cancer patients with COVID-19 were included.\nMedian age of 52 cancer patients with COVID-19 was 63 years (34-98).\nThirty-three (63.5%) patients were mild and 19 (36.5%) were severe/critical.\nLung cancer was the most frequent cancer type (10, 19.2%).\nThe common symptoms were as follows: fever (25%), dry cough (17.3%), chest distress (11.5%), and fatigue (9.6%).\nThere were 33 (63.5%) patients had comorbidities, the most common symptom was hypertension (17, 51.5%).\nTwenty-six (78.8%) patients developed pneumonia on admission.\nLymphocytes (0.6 x 109/L) decreased in both mild and severe/critical patients.\nMedian levels of D-dimer, C-reactive protein, procalcitonin, and lactate dehydrogenase were 2.8 mg/L, 70.5 mg/L, 0.3 ng/mL, and 318 U/L, respectively, which increased significantly in severe/critical patients compared with the mild patients.\nInterleukin-6 (12.6  pg/mL) increased in both mild and severe/critical patients, there was a significant difference between them.\nComplications were observed in 29 (55.8%) patients, such as liver injury (19, 36.5%), acute respiratory distress syndrome (9, 17.3%), sepsis (8, 15.4%), myocardial injury (8, 15.4%), renal insufficiency (4, 7.7%), and multiple organ dysfunction syndrome (3, 5.8%).\nEleven (21.2%) patients with cancer died.\nThe infection rate of severe acute respiratory syndrome coronavirus 2 in patients with cancer was higher than the general population, cancer patients with COVID-19 showed deteriorating conditions and poor outcomes.\n", "Evidence Map": {"Enrollment": [{"term": "cancer patients", "negation": "affirmed", "UMLS": "", "start": 84, "end": 99}, {"term": "novel coronavirus disease-19 (", "negation": "affirmed", "UMLS": "", "start": 105, "end": 135}, {"term": "cancer", "negation": "affirmed", "UMLS": "", "start": 67, "end": 73}, {"term": "COVID-19", "negation": "affirmed", "UMLS": "", "start": 88, "end": 96}, {"term": "cancer", "negation": "affirmed", "UMLS": "", "start": 14, "end": 20}, {"term": "COVID-19", "negation": "affirmed", "UMLS": "", "start": 35, "end": 43}, {"term": "cancer", "negation": "affirmed", "UMLS": "", "start": 17, "end": 23}, {"term": "COVID-19", "negation": "affirmed", "UMLS": "", "start": 38, "end": 46}, {"term": "mild", "negation": "affirmed", "UMLS": "", "start": 38, "end": 42}, {"term": "Lung cancer", "negation": "affirmed", "UMLS": "", "start": 0, "end": 11}, {"term": "fever", "negation": "affirmed", "UMLS": "", "start": 38, "end": 43}, {"term": "dry cough", "negation": "affirmed", "UMLS": "", "start": 55, "end": 64}, {"term": "comorbidities", "negation": "affirmed", "UMLS": "", "start": 38, "end": 51}, {"term": "critical", "negation": "affirmed", "UMLS": "", "start": 67, "end": 75}, {"term": "cancer", "negation": "affirmed", "UMLS": "", "start": 87, "end": 93}, {"term": "cancer", "negation": "affirmed", "UMLS": "", "start": 87, "end": 93}, {"term": "COVID-19", "negation": "affirmed", "UMLS": "", "start": 156, "end": 164}], "Comparison Results": [], "Study Arm 1 Results": [], "Study Arm 2 Results": []}, "Sentence-level breakdown": [{"Section": "TITLE", "Text": "This retrospective study aimed to analysis clinical characteristics and outcomes of cancer patients with novel coronavirus disease-19 ( COVID-19 ) .", "Evidence Elements": {"Participant": [{"term": "cancer patients", "negation": "affirmed", "UMLS": "", "start": 84, "end": 99}, {"term": "novel coronavirus disease-19 (", "negation": "affirmed", "UMLS": "", "start": 105, "end": 135}], "Intervention": [], "Outcome": [{"term": "outcomes", "negation": "affirmed", "UMLS": "", "start": 72, "end": 80}]}, "Evidence Propositions": []}, {"Section": "METHODS", "Text": "Medical records , laboratory results and radiologic findings of 52 cancer patients with COVID-19 were collected , clinical characteristics and outcomes were summarized .", "Evidence Elements": {"Participant": [{"term": "cancer", "negation": "affirmed", "UMLS": "", "start": 67, "end": 73}, {"term": "COVID-19", "negation": "affirmed", "UMLS": "", "start": 88, "end": 96}], "Intervention": [], "Outcome": [{"term": "radiologic", "negation": "affirmed", "UMLS": "", "start": 41, "end": 51}, {"term": "clinical characteristics", "negation": "affirmed", "UMLS": "", "start": 114, "end": 138}, {"term": "outcomes", "negation": "affirmed", "UMLS": "", "start": 143, "end": 151}]}, "Evidence Propositions": []}, {"Section": "RESULTS", "Text": "A total of 52 cancer patients with COVID-19 were included .", "Evidence Elements": {"Participant": [{"term": "cancer", "negation": "affirmed", "UMLS": "", "start": 14, "end": 20}, {"term": "COVID-19", "negation": "affirmed", "UMLS": "", "start": 35, "end": 43}], "Intervention": [], "Outcome": []}, "Evidence Propositions": []}, {"Section": "RESULTS", "Text": "Median age of 52 cancer patients with COVID-19 was 63 years ( 34-98 ) .", "Evidence Elements": {"Participant": [{"term": "cancer", "negation": "affirmed", "UMLS": "", "start": 17, "end": 23}, {"term": "COVID-19", "negation": "affirmed", "UMLS": "", "start": 38, "end": 46}], "Intervention": [], "Outcome": []}, "Evidence Propositions": []}, {"Section": "RESULTS", "Text": "Thirty-three ( 63.5 % ) patients were mild and 19 ( 36.5 % ) were severe / critical .", "Evidence Elements": {"Participant": [{"term": "mild", "negation": "affirmed", "UMLS": "", "start": 38, "end": 42}], "Intervention": [], "Outcome": []}, "Evidence Propositions": []}, {"Section": "RESULTS", "Text": "Lung cancer was the most frequent cancer type ( 10 , 19.2 % ) .", "Evidence Elements": {"Participant": [{"term": "Lung cancer", "negation": "affirmed", "UMLS": "", "start": 0, "end": 11}], "Intervention": [], "Outcome": []}, "Evidence Propositions": []}, {"Section": "RESULTS", "Text": "The common symptoms were as follows : fever ( 25 % ) , dry cough ( 17.3 % ) , chest distress ( 11.5 % ) , and fatigue ( 9.6 % ) .", "Evidence Elements": {"Participant": [{"term": "fever", "negation": "affirmed", "UMLS": "", "start": 38, "end": 43}, {"term": "dry cough", "negation": "affirmed", "UMLS": "", "start": 55, "end": 64}], "Intervention": [], "Outcome": []}, "Evidence Propositions": []}, {"Section": "RESULTS", "Text": "There were 33 ( 63.5 % ) patients had comorbidities , the most common symptom was hypertension ( 17 , 51.5 % ) .", "Evidence Elements": {"Participant": [{"term": "comorbidities", "negation": "affirmed", "UMLS": "", "start": 38, "end": 51}], "Intervention": [], "Outcome": []}, "Evidence Propositions": []}, {"Section": "RESULTS", "Text": "Twenty-six ( 78.8 % ) patients developed pneumonia on admission .", "Evidence Elements": {"Participant": [], "Intervention": [], "Outcome": []}, "Evidence Propositions": []}, {"Section": "RESULTS", "Text": "Lymphocytes ( 0.6 x 109 / L ) decreased in both mild and severe / critical patients .", "Evidence Elements": {"Participant": [], "Intervention": [{"term": "mild", "negation": "affirmed", "UMLS": "", "start": 48, "end": 52}], "Outcome": [{"term": "Lymphocytes", "negation": "affirmed", "UMLS": "", "start": 0, "end": 11}]}, "Evidence Propositions": [{"Intervention": "mild", "Observation": "0.6", "Outcome": "Lymphocytes", "Count": ""}, {"Intervention": "mild", "Observation": "L", "Outcome": "Lymphocytes", "Count": ""}, {"Intervention": "mild", "Observation": "decreased", "Outcome": "Lymphocytes", "Count": ""}]}, {"Section": "RESULTS", "Text": "Median levels of D-dimer , C-reactive protein , procalcitonin , and lactate dehydrogenase were 2.8 mg / L , 70.5 mg / L , 0.3 ng / mL , and 318 U / L , respectively , which increased significantly in severe / critical patients compared with the mild patients .", "Evidence Elements": {"Participant": [], "Intervention": [], "Outcome": [{"term": "Median levels of D-dimer", "negation": "affirmed", "UMLS": "", "start": 0, "end": 24}, {"term": "C-reactive protein", "negation": "affirmed", "UMLS": "", "start": 27, "end": 45}, {"term": "procalcitonin", "negation": "affirmed", "UMLS": "", "start": 48, "end": 61}, {"term": "lactate dehydrogenase", "negation": "affirmed", "UMLS": "", "start": 68, "end": 89}]}, "Evidence Propositions": []}, {"Section": "RESULTS", "Text": "Interleukin-6 ( 12.6 pg / mL ) increased in both mild and severe / critical patients , there was a significant difference between them .", "Evidence Elements": {"Participant": [{"term": "critical", "negation": "affirmed", "UMLS": "", "start": 67, "end": 75}], "Intervention": [{"term": "mild", "negation": "affirmed", "UMLS": "", "start": 49, "end": 53}], "Outcome": [{"term": "Interleukin-6", "negation": "affirmed", "UMLS": "", "start": 0, "end": 13}]}, "Evidence Propositions": [{"Intervention": "mild", "Observation": "12.6", "Outcome": "Interleukin-6", "Count": ""}, {"Intervention": "mild", "Observation": "mL", "Outcome": "Interleukin-6", "Count": ""}, {"Intervention": "mild", "Observation": "increased", "Outcome": "Interleukin-6", "Count": ""}, {"Intervention": "mild", "Observation": "significant", "Outcome": "Interleukin-6", "Count": ""}]}, {"Section": "RESULTS", "Text": "Complications were observed in 29 ( 55.8 % ) patients , such as liver injury ( 19 , 36.5 % ) , acute respiratory distress syndrome ( 9 , 17.3 % ) , sepsis ( 8 , 15.4 % ) , myocardial injury ( 8 , 15.4 % ) , renal insufficiency ( 4 , 7.7 % ) , and multiple organ dysfunction syndrome ( 3 , 5.8 % ) .", "Evidence Elements": {"Participant": [], "Intervention": [], "Outcome": [{"term": "Complications", "negation": "affirmed", "UMLS": "", "start": 0, "end": 13}, {"term": "liver injury", "negation": "affirmed", "UMLS": "", "start": 64, "end": 76}, {"term": "acute respiratory distress syndrome", "negation": "affirmed", "UMLS": "", "start": 95, "end": 130}, {"term": "sepsis", "negation": "affirmed", "UMLS": "", "start": 148, "end": 154}]}, "Evidence Propositions": []}, {"Section": "RESULTS", "Text": "Eleven ( 21.2 % ) patients with cancer died .", "Evidence Elements": {"Participant": [], "Intervention": [], "Outcome": []}, "Evidence Propositions": []}, {"Section": "CONCLUSIONS", "Text": "The infection rate of severe acute respiratory syndrome coronavirus 2 in patients with cancer was higher than the general population , cancer patients with COVID-19 showed deteriorating conditions and poor outcomes .", "Evidence Elements": {"Participant": [{"term": "cancer", "negation": "affirmed", "UMLS": "", "start": 87, "end": 93}, {"term": "cancer", "negation": "affirmed", "UMLS": "", "start": 87, "end": 93}, {"term": "COVID-19", "negation": "affirmed", "UMLS": "", "start": 156, "end": 164}], "Intervention": [{"term": "general population", "negation": "affirmed", "UMLS": "", "start": 114, "end": 132}], "Outcome": [{"term": "infection rate of severe acute respiratory syndrome coronavirus 2", "negation": "affirmed", "UMLS": "", "start": 4, "end": 69}, {"term": "conditions", "negation": "affirmed", "UMLS": "", "start": 186, "end": 196}]}, "Evidence Propositions": [{"Intervention": ["general population"], "Observation": "higher", "Outcome": "infection rate of severe acute respiratory syndrome coronavirus 2", "Count": ""}]}]}