{"doc_id": "32364041", "type of study": "Therapy", "title": "", "abstract": "SARS-CoV-2 is a new generation of coronavirus, which was first determined in Wuhan, China, in December 2019.\nSo far, however, there no effective treatment has been found to stop this new generation of coronavirus but discovering of the crystal structure of SARS-CoV-2 main protease (SARS-CoV-2 Mpro) may facilitate searching for new therapies for SARS-COV-2.\nThe aim was to assess the effectiveness of available FDA approved drugs which can construct a covalent bond with Cys145 inside binding site SARS-CoV-2 main protease by using covalent docking screening.\nWe conducted the covdock module MMGBSA module in the Schrodinger suite 2020-1, to examine the covalent bonding utilizing.\nBesides, we submitted the top three drugs to molecular dynamics simulations via Gromacs 2018.1.\nThe covalent docking showed that saquinavir, ritonavir, remdesivir, delavirdine, cefuroxime axetil, oseltamivir and prevacid have the highest binding energies MMGBSA of -72.17, -72.02, -65.19, -57.65, -54.25, -51.8, and -51.14 kcal/mol, respectively.\nThe 50 ns molecular dynamics simulation was conducted for saquinavir, ritonavir and remdesivir to evaluate the stability of these drugs inside the binding pocket of SARS-CoV-2 main protease.\nThe current study provides a powerful in silico results, means for rapid screening of drugs as anti-protease medications and recommend that the above-mentioned drugs can be used in the treatment of SARS-CoV-2 in combined or sole therapy.\nCommunicated by Ramaswamy H. Sarma\n", "Evidence Map": {"Enrollment": [{"term": "SARS-CoV-2 main", "negation": "affirmed", "UMLS": "", "start": 166, "end": 181}, {"term": "SARS-CoV-2", "negation": "affirmed", "UMLS": "", "start": 199, "end": 209}], "Comparison Results": [], "Study Arm 1 Results": [], "Study Arm 2 Results": []}, "Sentence-level breakdown": [{"Section": "TITLE", "Text": "SARS-CoV-2 is a new generation of coronavirus , which was first determined in Wuhan , China , in December 2019 .", "Evidence Elements": {"Participant": [], "Intervention": [], "Outcome": []}, "Evidence Propositions": []}, {"Section": "OBJECTIVE", "Text": "The aim was to assess the effectiveness of available FDA approved drugs which can construct a covalent bond with Cys145 inside binding site SARS-CoV-2 main protease by using covalent docking screening .", "Evidence Elements": {"Participant": [], "Intervention": [], "Outcome": [{"term": "covalent bond with Cys145", "negation": "affirmed", "UMLS": "", "start": 94, "end": 119}]}, "Evidence Propositions": []}, {"Section": "METHODS", "Text": "We conducted the covdock module MMGBSA module in the Schrodinger suite 2020-1 , to examine the covalent bonding utilizing .", "Evidence Elements": {"Participant": [], "Intervention": [], "Outcome": [{"term": "covalent bonding", "negation": "affirmed", "UMLS": "", "start": 95, "end": 111}]}, "Evidence Propositions": []}, {"Section": "METHODS", "Text": "Besides , we submitted the top three drugs to molecular dynamics simulations via Gromacs 2018.1 .", "Evidence Elements": {"Participant": [], "Intervention": [], "Outcome": []}, "Evidence Propositions": []}, {"Section": "RESULTS", "Text": "The covalent docking showed that saquinavir , ritonavir , remdesivir , delavirdine , cefuroxime axetil , oseltamivir and prevacid have the highest binding energies MMGBSA of -72.17 , -72.02 , -65.19 , -57.65 , -54.25 , -51.8 , and -51.14 kcal / mol , respectively .", "Evidence Elements": {"Participant": [], "Intervention": [{"term": "saquinavir", "negation": "affirmed", "UMLS": "", "start": 33, "end": 43}, {"term": "ritonavir", "negation": "affirmed", "UMLS": "", "start": 46, "end": 55}, {"term": "remdesivir", "negation": "affirmed", "UMLS": "", "start": 58, "end": 68}, {"term": "delavirdine", "negation": "affirmed", "UMLS": "", "start": 71, "end": 82}, {"term": "cefuroxime axetil", "negation": "affirmed", "UMLS": "", "start": 85, "end": 102}, {"term": "oseltamivir", "negation": "affirmed", "UMLS": "", "start": 105, "end": 116}, {"term": "prevacid", "negation": "affirmed", "UMLS": "", "start": 121, "end": 129}], "Outcome": [{"term": "binding energies MMGBSA", "negation": "affirmed", "UMLS": "", "start": 147, "end": 170}]}, "Evidence Propositions": [{"Intervention": [], "Observation": "highest", "Outcome": "", "Count": ""}]}, {"Section": "RESULTS", "Text": "The 50 ns molecular dynamics simulation was conducted for saquinavir , ritonavir and remdesivir to evaluate the stability of these drugs inside the binding pocket of SARS-CoV-2 main protease .", "Evidence Elements": {"Participant": [{"term": "SARS-CoV-2 main", "negation": "affirmed", "UMLS": "", "start": 166, "end": 181}], "Intervention": [{"term": "saquinavir", "negation": "affirmed", "UMLS": "", "start": 58, "end": 68}, {"term": "ritonavir", "negation": "affirmed", "UMLS": "", "start": 71, "end": 80}, {"term": "remdesivir", "negation": "affirmed", "UMLS": "", "start": 85, "end": 95}], "Outcome": [{"term": "stability", "negation": "affirmed", "UMLS": "", "start": 112, "end": 121}]}, "Evidence Propositions": []}, {"Section": "CONCLUSIONS", "Text": "The current study provides a powerful in silico results , means for rapid screening of drugs as anti-protease medications and recommend that the above-mentioned drugs can be used in the treatment of SARS-CoV-2 in combined or sole therapy .", "Evidence Elements": {"Participant": [{"term": "SARS-CoV-2", "negation": "affirmed", "UMLS": "", "start": 199, "end": 209}], "Intervention": [], "Outcome": []}, "Evidence Propositions": []}, {"Section": "CONCLUSIONS", "Text": "Communicated by Ramaswamy H. Sarma", "Evidence Elements": {"Participant": [], "Intervention": [], "Outcome": []}, "Evidence Propositions": []}]}