{"doc_id": "32367765", "type of study": "Therapy", "title": "", "abstract": "Concomitant coagulation disorder can occur in severe patients withCOVID-19, but in-depth studies are limited.\nThis study aimed to describe the parameters of coagulation function of patients with COVID-19 and reveal the risk factors of developing severe disease.\nThis study retrospectively analyzed 113patients with SARS-CoV-2 infection in Taizhou Public Health Center.\nClinical characteristics and indexes of coagulation function were collected.\nA multivariate Cox analysis was performed to identify potential biomarkers for predicting disease progression.\nBased on the results of multivariate Cox analysis, a Nomogram was built and the predictive accuracy was evaluated through the calibration curve, decision curve, clinical impact curve, and Kaplan-Meier analysis.\nSensitivity, specificity, predictive values were calculated to assess the clinical value.\nThe data showed that Fibrinogen, FAR, and D-dimer were higher in the severe patients, while PLTcount, Alb were much lower.\nMultivariate Cox analysis revealed that FAR and PLT count were independent risk factors for disease progression.\nThe optimal cutoff values for FAR and PLT count were 0.0883 and 135*109/L, respectively.\nThe C-index [0.712 (95% CI = 0.610-0.814)], decision curve, clinical impact curve showed that Nomogram could be used to predict the disease progression.\nIn addition, the Kaplan-Meier analysis revealed that potential risk decreased in patients with FAR<0.0883 and PLT count>135*109/L.The model showed a good negative predictive value [(0.9474 (95%CI = 0.845-0.986)].This study revealed that FAR and PLT count were independent risk factors for severe illness and the severity of COVID-19 might be excluded when FAR<0.0883 and PLT count>135*109/L.\n", "Evidence Map": {"Enrollment": [{"term": "COVID-19", "negation": "affirmed", "UMLS": "", "start": 85, "end": 93}, {"term": "SARS-CoV-2 infection", "negation": "affirmed", "UMLS": "", "start": 53, "end": 73}, {"term": "severe", "negation": "affirmed", "UMLS": "", "start": 71, "end": 77}], "Comparison Results": [], "Study Arm 1 Results": [], "Study Arm 2 Results": []}, "Sentence-level breakdown": [{"Section": "TITLE", "Text": "Concomitant coagulation disorder can occur in severe patients with ##COVID-19 , but in-depth studies are limited .", "Evidence Elements": {"Participant": [], "Intervention": [], "Outcome": []}, "Evidence Propositions": []}, {"Section": "OBJECTIVE", "Text": "This study aimed to describe the parameters of coagulation function of patients with COVID-19 and reveal the risk factors of developing severe disease .", "Evidence Elements": {"Participant": [{"term": "COVID-19", "negation": "affirmed", "UMLS": "", "start": 85, "end": 93}], "Intervention": [], "Outcome": [{"term": "parameters of coagulation function", "negation": "affirmed", "UMLS": "", "start": 33, "end": 67}, {"term": "risk factors of developing severe disease", "negation": "affirmed", "UMLS": "", "start": 109, "end": 150}]}, "Evidence Propositions": []}, {"Section": "OBJECTIVE", "Text": "This study retrospectively analyzed 113patients with SARS-CoV-2 infection in Taizhou Public Health Center .", "Evidence Elements": {"Participant": [{"term": "SARS-CoV-2 infection", "negation": "affirmed", "UMLS": "", "start": 53, "end": 73}], "Intervention": [], "Outcome": []}, "Evidence Propositions": []}, {"Section": "METHODS", "Text": "Clinical characteristics and indexes of coagulation function were collected .", "Evidence Elements": {"Participant": [], "Intervention": [], "Outcome": [{"term": "Clinical characteristics", "negation": "affirmed", "UMLS": "", "start": 0, "end": 24}, {"term": "indexes of coagulation function", "negation": "affirmed", "UMLS": "", "start": 29, "end": 60}]}, "Evidence Propositions": []}, {"Section": "METHODS", "Text": "A multivariate Cox analysis was performed to identify potential biomarkers for predicting disease progression .", "Evidence Elements": {"Participant": [], "Intervention": [], "Outcome": [{"term": "disease progression", "negation": "affirmed", "UMLS": "", "start": 90, "end": 109}]}, "Evidence Propositions": []}, {"Section": "METHODS", "Text": "Based on the results of multivariate Cox analysis , a Nomogram was built and the predictive accuracy was evaluated through the calibration curve , decision curve , clinical impact curve , and Kaplan-Meier analysis .", "Evidence Elements": {"Participant": [], "Intervention": [{"term": "Nomogram", "negation": "affirmed", "UMLS": "", "start": 54, "end": 62}], "Outcome": [{"term": "predictive accuracy", "negation": "affirmed", "UMLS": "", "start": 81, "end": 100}, {"term": "calibration curve", "negation": "affirmed", "UMLS": "", "start": 127, "end": 144}, {"term": "decision curve", "negation": "affirmed", "UMLS": "", "start": 147, "end": 161}, {"term": "clinical impact curve", "negation": "affirmed", "UMLS": "", "start": 164, "end": 185}]}, "Evidence Propositions": []}, {"Section": "METHODS", "Text": "Sensitivity , specificity , predictive values were calculated to assess the clinical value .", "Evidence Elements": {"Participant": [], "Intervention": [], "Outcome": [{"term": "Sensitivity", "negation": "affirmed", "UMLS": "", "start": 0, "end": 11}, {"term": "specificity", "negation": "affirmed", "UMLS": "", "start": 14, "end": 25}, {"term": "predictive values", "negation": "affirmed", "UMLS": "", "start": 28, "end": 45}]}, "Evidence Propositions": []}, {"Section": "RESULTS", "Text": "The data showed that Fibrinogen , FAR , and D-dimer were higher in the severe patients , while PLTcount , Alb were much lower .", "Evidence Elements": {"Participant": [{"term": "severe", "negation": "affirmed", "UMLS": "", "start": 71, "end": 77}], "Intervention": [], "Outcome": [{"term": "Fibrinogen", "negation": "affirmed", "UMLS": "", "start": 21, "end": 31}, {"term": "FAR", "negation": "affirmed", "UMLS": "", "start": 34, "end": 37}, {"term": "D-dimer", "negation": "affirmed", "UMLS": "", "start": 44, "end": 51}, {"term": "PLTcount", "negation": "affirmed", "UMLS": "", "start": 95, "end": 103}]}, "Evidence Propositions": [{"Intervention": [], "Observation": "higher", "Outcome": "Fibrinogen", "Count": ""}, {"Intervention": [], "Observation": "higher", "Outcome": "FAR", "Count": ""}, {"Intervention": [], "Observation": "higher", "Outcome": "D-dimer", "Count": ""}]}, {"Section": "RESULTS", "Text": "Multivariate Cox analysis revealed that FAR and PLT count were independent risk factors for disease progression .", "Evidence Elements": {"Participant": [], "Intervention": [], "Outcome": [{"term": "FAR", "negation": "affirmed", "UMLS": "", "start": 40, "end": 43}, {"term": "PLT count", "negation": "affirmed", "UMLS": "", "start": 48, "end": 57}, {"term": "disease progression", "negation": "affirmed", "UMLS": "", "start": 92, "end": 111}]}, "Evidence Propositions": []}, {"Section": "RESULTS", "Text": "The optimal cutoff values for FAR and PLT count were 0.0883 and 135* 109 / L , respectively .", "Evidence Elements": {"Participant": [], "Intervention": [], "Outcome": [{"term": "optimal cutoff values for FAR", "negation": "affirmed", "UMLS": "", "start": 4, "end": 33}, {"term": "PLT count", "negation": "affirmed", "UMLS": "", "start": 38, "end": 47}]}, "Evidence Propositions": []}, {"Section": "RESULTS", "Text": "The C-index [ 0.712 ( 95 % CI = 0.610-0.814 ) ] , decision curve , clinical impact curve showed that Nomogram could be used to predict the disease progression .", "Evidence Elements": {"Participant": [], "Intervention": [{"term": "Nomogram", "negation": "affirmed", "UMLS": "", "start": 101, "end": 109}], "Outcome": [{"term": "C-index", "negation": "affirmed", "UMLS": "", "start": 4, "end": 11}, {"term": "decision curve", "negation": "affirmed", "UMLS": "", "start": 50, "end": 64}, {"term": "clinical impact curve", "negation": "affirmed", "UMLS": "", "start": 67, "end": 88}]}, "Evidence Propositions": [{"Intervention": "Nomogram", "Observation": "0.712", "Outcome": "C-index", "Count": ""}, {"Intervention": "Nomogram", "Observation": "0.712", "Outcome": "decision curve", "Count": ""}]}, {"Section": "CONCLUSIONS", "Text": "In addition , the Kaplan-Meier analysis revealed that potential risk decreased in patients with FAR < 0.0883 and PLT count > 135* 109 / L . The model showed a good negative predictive value [ ( 0.9474 ( 95 % CI = 0.845-0.986 ) ] . This study revealed that FAR and PLT count were independent risk factors for severe illness and the severity of COVID-19 might be excluded when FAR < 0.0883 and PLT count > 135* 109 / L .", "Evidence Elements": {"Participant": [], "Intervention": [{"term": "FAR < 0.0883", "negation": "affirmed", "UMLS": "", "start": 96, "end": 108}, {"term": "count >", "negation": "affirmed", "UMLS": "", "start": 117, "end": 124}, {"term": "FAR", "negation": "affirmed", "UMLS": "", "start": 96, "end": 99}], "Outcome": [{"term": "potential risk", "negation": "affirmed", "UMLS": "", "start": 54, "end": 68}, {"term": "negative predictive value", "negation": "affirmed", "UMLS": "", "start": 164, "end": 189}, {"term": "PLT count", "negation": "affirmed", "UMLS": "", "start": 113, "end": 122}, {"term": "risk factors", "negation": "affirmed", "UMLS": "", "start": 291, "end": 303}]}, "Evidence Propositions": []}]}