{"doc_id": "32365221", "type of study": "Therapy", "title": "", "abstract": "Effective laboratory markers for the estimation of disease severity and predicting the clinical progression of coronavirus disease-2019 (COVID-19) is urgently needed.\nLaboratory tests, including blood routine, cytokine profiles and infection markers, were collected from 389 confirmed COVID-19 patients.\nThe included patients were classified into mild (n = 168), severe (n = 169) and critical groups (n = 52).\nThe leukocytes, neutrophils, infection biomarkers [such as C-reactive protein (CRP), procalcitonin (PCT) and ferritin] and the concentrations of cytokines [interleukin (IL)-2R, IL-6, IL-8, IL-10 and tumor necrosis factor (TNF)-alpha] were significantly increased, while lymphocytes were significantly decreased with increased severity of illness.\nThe amount of IL-2R was positively correlated with the other cytokines and negatively correlated with lymphocyte number.\nThe ratio of IL-2R to lymphocytes was found to be remarkably increased in severe and critical patients.\nIL-2R/lymphocytes were superior compared with other markers for the identification of COVID-19 with critical illness, not only from mild but also from severe illness.\nMoreover, the cytokine profiles and IL-2R/lymphocytes were significantly decreased in recovered patients, but further increased in disease-deteriorated patients, which might be correlated with the outcome of COVID-19.\nLymphopenia and increased levels of cytokines were closely associated with disease severity.\nThe IL-2R/lymphocyte was a prominent biomarker for early identification of severe COVID-19 and predicting the clinical progression of the disease.\nIL-2R/lymphocyte was a superior marker for the identification of severe COVID-19 patients.\n", "Evidence Map": {"Enrollment": [{"term": "severe and critical", "negation": "affirmed", "UMLS": "", "start": 74, "end": 93}, {"term": "COVID-19", "negation": "affirmed", "UMLS": "", "start": 88, "end": 96}, {"term": "critical illness", "negation": "affirmed", "UMLS": "", "start": 102, "end": 118}, {"term": "mild", "negation": "affirmed", "UMLS": "", "start": 135, "end": 139}, {"term": "severe", "negation": "affirmed", "UMLS": "", "start": 154, "end": 160}, {"term": "severe COVID-19", "negation": "affirmed", "UMLS": "", "start": 67, "end": 82}], "Comparison Results": [], "Study Arm 1 Results": [], "Study Arm 2 Results": []}, "Sentence-level breakdown": [{"Section": "TITLE", "Text": "Effective laboratory markers for the estimation of disease severity and predicting the clinical progression of coronavirus disease-2019 ( COVID-19 ) is urgently needed .", "Evidence Elements": {"Participant": [], "Intervention": [], "Outcome": []}, "Evidence Propositions": []}, {"Section": "METHODS", "Text": "Laboratory tests , including blood routine , cytokine profiles and infection markers , were collected from 389 confirmed COVID-19 patients .", "Evidence Elements": {"Participant": [], "Intervention": [], "Outcome": [{"term": "Laboratory tests", "negation": "affirmed", "UMLS": "", "start": 0, "end": 16}, {"term": "blood routine", "negation": "affirmed", "UMLS": "", "start": 29, "end": 42}, {"term": "cytokine profiles", "negation": "affirmed", "UMLS": "", "start": 45, "end": 62}, {"term": "infection markers", "negation": "affirmed", "UMLS": "", "start": 67, "end": 84}]}, "Evidence Propositions": []}, {"Section": "METHODS", "Text": "The included patients were classified into mild ( n = 168 ) , severe ( n = 169 ) and critical groups ( n = 52 ) .", "Evidence Elements": {"Participant": [], "Intervention": [{"term": "mild", "negation": "affirmed", "UMLS": "", "start": 43, "end": 47}, {"term": "severe", "negation": "affirmed", "UMLS": "", "start": 62, "end": 68}], "Outcome": []}, "Evidence Propositions": []}, {"Section": "RESULTS", "Text": "The leukocytes , neutrophils , infection biomarkers [ such as C-reactive protein ( CRP ) , procalcitonin ( PCT ) and ferritin ] and the concentrations of cytokines [ interleukin ( IL ) -2R , IL-6 , IL-8 , IL-10 and tumor necrosis factor ( TNF ) -alpha ] were significantly increased , while lymphocytes were significantly decreased with increased severity of illness .", "Evidence Elements": {"Participant": [], "Intervention": [], "Outcome": [{"term": "leukocytes", "negation": "affirmed", "UMLS": "", "start": 4, "end": 14}, {"term": "neutrophils", "negation": "affirmed", "UMLS": "", "start": 17, "end": 28}, {"term": "infection biomarkers", "negation": "affirmed", "UMLS": "", "start": 31, "end": 51}, {"term": "C-reactive protein ( CRP )", "negation": "affirmed", "UMLS": "", "start": 62, "end": 88}, {"term": "procalcitonin ( PCT )", "negation": "affirmed", "UMLS": "", "start": 91, "end": 112}, {"term": "ferritin", "negation": "affirmed", "UMLS": "", "start": 117, "end": 125}, {"term": "concentrations of cytokines", "negation": "affirmed", "UMLS": "", "start": 136, "end": 163}, {"term": "interleukin ( IL ) -2R", "negation": "affirmed", "UMLS": "", "start": 166, "end": 188}, {"term": "IL-6", "negation": "affirmed", "UMLS": "", "start": 191, "end": 195}, {"term": "IL-8", "negation": "affirmed", "UMLS": "", "start": 198, "end": 202}, {"term": "IL-10", "negation": "affirmed", "UMLS": "", "start": 205, "end": 210}, {"term": "tumor", "negation": "affirmed", "UMLS": "", "start": 215, "end": 220}]}, "Evidence Propositions": []}, {"Section": "RESULTS", "Text": "The amount of IL-2R was positively correlated with the other cytokines and negatively correlated with lymphocyte number .", "Evidence Elements": {"Participant": [], "Intervention": [], "Outcome": [{"term": "amount of IL-2R", "negation": "affirmed", "UMLS": "", "start": 4, "end": 19}, {"term": "other cytokines", "negation": "affirmed", "UMLS": "", "start": 55, "end": 70}, {"term": "lymphocyte number", "negation": "affirmed", "UMLS": "", "start": 102, "end": 119}]}, "Evidence Propositions": []}, {"Section": "RESULTS", "Text": "The ratio of IL-2R to lymphocytes was found to be remarkably increased in severe and critical patients .", "Evidence Elements": {"Participant": [{"term": "severe and critical", "negation": "affirmed", "UMLS": "", "start": 74, "end": 93}], "Intervention": [], "Outcome": [{"term": "ratio of IL-2R to lymphocytes", "negation": "affirmed", "UMLS": "", "start": 4, "end": 33}]}, "Evidence Propositions": []}, {"Section": "RESULTS", "Text": "IL-2R / lymphocytes were superior compared with other markers for the identification of COVID-19 with critical illness , not only from mild but also from severe illness .", "Evidence Elements": {"Participant": [{"term": "COVID-19", "negation": "affirmed", "UMLS": "", "start": 88, "end": 96}, {"term": "critical illness", "negation": "affirmed", "UMLS": "", "start": 102, "end": 118}, {"term": "mild", "negation": "affirmed", "UMLS": "", "start": 135, "end": 139}, {"term": "severe", "negation": "affirmed", "UMLS": "", "start": 154, "end": 160}], "Intervention": [{"term": "other markers", "negation": "affirmed", "UMLS": "", "start": 48, "end": 61}], "Outcome": [{"term": "lymphocytes", "negation": "affirmed", "UMLS": "", "start": 8, "end": 19}, {"term": "identification", "negation": "affirmed", "UMLS": "", "start": 70, "end": 84}]}, "Evidence Propositions": [{"Intervention": "other markers", "Observation": "superior", "Outcome": "lymphocytes", "Count": ""}, {"Intervention": "other markers", "Observation": "superior", "Outcome": "identification", "Count": ""}]}, {"Section": "RESULTS", "Text": "Moreover , the cytokine profiles and IL-2R / lymphocytes were significantly decreased in recovered patients , but further increased in disease-deteriorated patients , which might be correlated with the outcome of COVID-19 .", "Evidence Elements": {"Participant": [], "Intervention": [{"term": "recovered", "negation": "affirmed", "UMLS": "", "start": 89, "end": 98}, {"term": "disease-deteriorated", "negation": "affirmed", "UMLS": "", "start": 135, "end": 155}], "Outcome": [{"term": "cytokine profiles", "negation": "affirmed", "UMLS": "", "start": 15, "end": 32}, {"term": "lymphocytes", "negation": "affirmed", "UMLS": "", "start": 45, "end": 56}]}, "Evidence Propositions": [{"Intervention": "recovered", "Observation": "significantly decreased", "Outcome": "cytokine profiles", "Count": ""}, {"Intervention": "recovered", "Observation": "significantly decreased", "Outcome": "lymphocytes", "Count": ""}]}, {"Section": "RESULTS", "Text": "Lymphopenia and increased levels of cytokines were closely associated with disease severity .", "Evidence Elements": {"Participant": [], "Intervention": [], "Outcome": [{"term": "Lymphopenia", "negation": "affirmed", "UMLS": "", "start": 0, "end": 11}, {"term": "levels of cytokines", "negation": "affirmed", "UMLS": "", "start": 26, "end": 45}, {"term": "disease severity", "negation": "affirmed", "UMLS": "", "start": 75, "end": 91}]}, "Evidence Propositions": []}, {"Section": "CONCLUSIONS", "Text": "The IL-2R / lymphocyte was a prominent biomarker for early identification of severe COVID-19 and predicting the clinical progression of the disease .", "Evidence Elements": {"Participant": [], "Intervention": [], "Outcome": [{"term": "clinical progression", "negation": "affirmed", "UMLS": "", "start": 112, "end": 132}]}, "Evidence Propositions": []}, {"Section": "CONCLUSIONS", "Text": "IL-2R / lymphocyte was a superior marker for the identification of severe COVID-19 patients .", "Evidence Elements": {"Participant": [{"term": "severe COVID-19", "negation": "affirmed", "UMLS": "", "start": 67, "end": 82}], "Intervention": [], "Outcome": [{"term": "lymphocyte", "negation": "affirmed", "UMLS": "", "start": 8, "end": 18}, {"term": "identification", "negation": "affirmed", "UMLS": "", "start": 49, "end": 63}]}, "Evidence Propositions": []}]}