{"doc_id": "32368570", "type of study": "Therapy", "title": "", "abstract": "The emerging infection of COVID-19 was initiated from Wuhan, China, have been spread to more than 210 countries around the globe including India.\nThe clinical symptoms of COVID-19 are very similar to other respiratory viruses.\nThe number of laboratory-confirmed cases and associated deaths are increasing regularly in various parts of the World.\nSeven coronaviruses (229E, NL63, OC43, HKU1, SARS, MERS and, COVID-19) can naturally infect human beings.\nOut of these four (229E-CoV, NL63-CoV, OC43-CoV, HKU1-CoV) are responsible for mild upper respiratory infections, while SARS-CoV, MERS-CoV, and COVID-19 are well known for their high mortality.\nFew mild strains of coronaviruses are circulating in India but there is no evidence of SARS and MERS outbreaks.\nThe COVID-19 is an emerging viral infection responsible for pandemics.\nFortunately, the mortality of COVID-19 is low as compared with SARS and MERS, the majority of its cases are recovered.\nThe death toll of COVID-19 is high even after its low mortality because COVID-19 causes a pandemic while SARS-CoV and MERS-CoV cause epidemics only.\nCOVID-19 influenced the large segments of the world population, which led to a public health emergency of international concern, putting all health organizations on high alert.\nCOVID-19 is the first coronavirus after Spanish Flu 1918-1919, who has extremely influenced the health system, economy, and psychology of India.\nThe present study review is on the general continent, virology, pathogenesis, global epidemiology, clinical presentation, diagnosis, treatment and control of COVID-19 with the reference to India.\n", "Evidence Map": {"Enrollment": [{"term": "COVID-19", "negation": "affirmed", "UMLS": "", "start": 25, "end": 33}, {"term": "viruses", "negation": "affirmed", "UMLS": "", "start": 72, "end": 79}, {"term": "mild upper respiratory infections", "negation": "affirmed", "UMLS": "", "start": 84, "end": 117}], "Comparison Results": [], "Study Arm 1 Results": [], "Study Arm 2 Results": []}, "Sentence-level breakdown": [{"Section": "TITLE", "Text": "The emerging infection of COVID-19 was initiated from Wuhan , China , have been spread to more than 210 countries around the globe including India .", "Evidence Elements": {"Participant": [], "Intervention": [], "Outcome": []}, "Evidence Propositions": []}, {"Section": "RESULTS", "Text": "The number of laboratory-confirmed cases and associated deaths are increasing regularly in various parts of the World .", "Evidence Elements": {"Participant": [], "Intervention": [], "Outcome": []}, "Evidence Propositions": []}, {"Section": "RESULTS", "Text": "Seven coronaviruses ( 229E , NL63 , OC43 , HKU1 , SARS , MERS and , COVID-19 ) can naturally infect human beings .", "Evidence Elements": {"Participant": [], "Intervention": [], "Outcome": []}, "Evidence Propositions": []}, {"Section": "RESULTS", "Text": "Out of these four ( 229E-CoV , NL63-CoV , OC43-CoV , HKU1-CoV ) are responsible for mild upper respiratory infections , while SARS-CoV , MERS-CoV , and COVID-19 are well known for their high mortality .", "Evidence Elements": {"Participant": [{"term": "mild upper respiratory infections", "negation": "affirmed", "UMLS": "", "start": 84, "end": 117}], "Intervention": [], "Outcome": []}, "Evidence Propositions": []}, {"Section": "RESULTS", "Text": "Few mild strains of coronaviruses are circulating in India but there is no evidence of SARS and MERS outbreaks .", "Evidence Elements": {"Participant": [], "Intervention": [], "Outcome": []}, "Evidence Propositions": []}, {"Section": "RESULTS", "Text": "The COVID-19 is an emerging viral infection responsible for pandemics .", "Evidence Elements": {"Participant": [], "Intervention": [], "Outcome": []}, "Evidence Propositions": []}, {"Section": "RESULTS", "Text": "Fortunately , the mortality of COVID-19 is low as compared with SARS and MERS , the majority of its cases are recovered .", "Evidence Elements": {"Participant": [], "Intervention": [{"term": "COVID-19", "negation": "affirmed", "UMLS": "", "start": 31, "end": 39}, {"term": "SARS", "negation": "affirmed", "UMLS": "", "start": 64, "end": 68}, {"term": "MERS", "negation": "affirmed", "UMLS": "", "start": 73, "end": 77}], "Outcome": [{"term": "mortality", "negation": "affirmed", "UMLS": "", "start": 18, "end": 27}]}, "Evidence Propositions": [{"Intervention": "COVID-19", "Observation": "low", "Outcome": "mortality", "Count": ""}, {"Intervention": "SARS", "Observation": "low", "Outcome": "mortality", "Count": ""}, {"Intervention": "MERS", "Observation": "low", "Outcome": "mortality", "Count": ""}]}, {"Section": "RESULTS", "Text": "The death toll of COVID-19 is high even after its low mortality because COVID-19 causes a pandemic while SARS-CoV and MERS-CoV cause epidemics only .", "Evidence Elements": {"Participant": [], "Intervention": [], "Outcome": [{"term": "toll", "negation": "affirmed", "UMLS": "", "start": 10, "end": 14}]}, "Evidence Propositions": []}, {"Section": "RESULTS", "Text": "COVID-19 influenced the large segments of the world population , which led to a public health emergency of international concern , putting all health organizations on high alert .", "Evidence Elements": {"Participant": [], "Intervention": [], "Outcome": []}, "Evidence Propositions": []}, {"Section": "CONCLUSIONS", "Text": "COVID-19 is the first coronavirus after Spanish Flu 1918-1919 , who has extremely influenced the health system , economy , and psychology of India .", "Evidence Elements": {"Participant": [], "Intervention": [], "Outcome": []}, "Evidence Propositions": []}, {"Section": "CONCLUSIONS", "Text": "The present study review is on the general continent , virology , pathogenesis , global epidemiology , clinical presentation , diagnosis , treatment and control of COVID-19 with the reference to India .", "Evidence Elements": {"Participant": [], "Intervention": [], "Outcome": []}, "Evidence Propositions": []}]}