{"doc_id": "32369205", "type of study": "Therapy", "title": "", "abstract": "The coronavirus disease 2019 (COVID-19) has evolved into a pandemic rapidly.\nThe majority of COVID-19 patients are with mild syndromes.\nThis study aimed to develop models for predicting disease progression in mild cases.\nThe risk factors for the requirement of oxygen support in mild COVID-19 were explored using multivariate logistic regression.\nNomogram as visualization of the models was developed using R software.\nA total of 344 patients with mild COVID-19 were included in the final analysis, 45 of whom progressed and needed high-flow oxygen therapy or mechanical ventilation after admission.\nThere were 188 (54.7%) males, and the average age of the cohort was 52.9  +- 16.8 years.\nWhen the laboratory data were not included in multivariate analysis, diabetes, coronary heart disease, T   >=  38.5C and sputum were independent risk factors of progressive COVID-19 (Model 1).\nWhen the blood routine test was included the CHD, T >= 38.5C and neutrophil-to-lymphocyte ratio were found to be independent predictors (Model 2).\nThe area under the receiver operator characteristic curve of model 2 was larger than model 1 (0.872 vs 0.849, P = .023).\nThe negative predictive value of both models was greater than 96%, indicating they could serve as simple tools for ruling out the possibility of disease progression.\nIn conclusion, two models comprised common symptoms (fever and sputum), underlying diseases (diabetes and coronary heart disease) and blood routine test are developed for predicting the future requirement of oxygen support in mild COVID-19 cases.\nThis study developed two models and visualized as nomogram for predicting the disease progression in mild COVID-19.\nModel 1 only included symptoms and underlying diseases, which was more convenient for patients on self-isolation to use.\nBlood routine tests have been added in model 2, which was mainly developed for doctors to assess the risk with simple laboratory examination and facilitated early decision making.\n", "Evidence Map": {"Enrollment": [{"term": "mild COVID-19", "negation": "affirmed", "UMLS": "", "start": 58, "end": 71}, {"term": "mild COVID-19", "negation": "affirmed", "UMLS": "", "start": 29, "end": 42}, {"term": "mechanical ventilation", "negation": "affirmed", "UMLS": "", "start": 142, "end": 164}, {"term": "diabetes", "negation": "negated", "UMLS": "", "start": 70, "end": 78}, {"term": "coronary heart disease", "negation": "negated", "UMLS": "", "start": 81, "end": 103}, {"term": "T > = 38.5C", "negation": "negated", "UMLS": "", "start": 106, "end": 117}, {"term": "sputum", "negation": "negated", "UMLS": "", "start": 122, "end": 128}, {"term": "mild COVID-19", "negation": "affirmed", "UMLS": "", "start": 101, "end": 114}], "Comparison Results": [], "Study Arm 1 Results": [], "Study Arm 2 Results": []}, "Sentence-level breakdown": [{"Section": "TITLE", "Text": "The coronavirus disease 2019 ( COVID-19 ) has evolved into a pandemic rapidly .", "Evidence Elements": {"Participant": [], "Intervention": [], "Outcome": []}, "Evidence Propositions": []}, {"Section": "OBJECTIVE", "Text": "This study aimed to develop models for predicting disease progression in mild cases .", "Evidence Elements": {"Participant": [], "Intervention": [], "Outcome": [{"term": "disease progression", "negation": "affirmed", "UMLS": "", "start": 50, "end": 69}]}, "Evidence Propositions": []}, {"Section": "METHODS", "Text": "The risk factors for the requirement of oxygen support in mild COVID-19 were explored using multivariate logistic regression .", "Evidence Elements": {"Participant": [{"term": "mild COVID-19", "negation": "affirmed", "UMLS": "", "start": 58, "end": 71}], "Intervention": [], "Outcome": [{"term": "risk factors for the requirement of oxygen support", "negation": "affirmed", "UMLS": "", "start": 4, "end": 54}]}, "Evidence Propositions": []}, {"Section": "METHODS", "Text": "Nomogram as visualization of the models was developed using R software .", "Evidence Elements": {"Participant": [], "Intervention": [], "Outcome": [{"term": "Nomogram", "negation": "affirmed", "UMLS": "", "start": 0, "end": 8}]}, "Evidence Propositions": []}, {"Section": "RESULTS", "Text": "A total of 344 patients with mild COVID-19 were included in the final analysis , 45 of whom progressed and needed high-flow oxygen therapy or mechanical ventilation after admission .", "Evidence Elements": {"Participant": [{"term": "mild COVID-19", "negation": "affirmed", "UMLS": "", "start": 29, "end": 42}, {"term": "mechanical ventilation", "negation": "affirmed", "UMLS": "", "start": 142, "end": 164}], "Intervention": [{"term": "high-flow oxygen therapy", "negation": "affirmed", "UMLS": "", "start": 114, "end": 138}], "Outcome": []}, "Evidence Propositions": []}, {"Section": "RESULTS", "Text": "There were 188 ( 54.7 % ) males , and the average age of the cohort was 52.9 +-16.8 years .", "Evidence Elements": {"Participant": [], "Intervention": [], "Outcome": []}, "Evidence Propositions": []}, {"Section": "RESULTS", "Text": "When the laboratory data were not included in multivariate analysis , diabetes , coronary heart disease , T > = 38.5C and sputum were independent risk factors of progressive COVID-19 ( Model 1 ) .", "Evidence Elements": {"Participant": [{"term": "diabetes", "negation": "negated", "UMLS": "", "start": 70, "end": 78}, {"term": "coronary heart disease", "negation": "negated", "UMLS": "", "start": 81, "end": 103}, {"term": "T > = 38.5C", "negation": "negated", "UMLS": "", "start": 106, "end": 117}, {"term": "sputum", "negation": "negated", "UMLS": "", "start": 122, "end": 128}], "Intervention": [], "Outcome": []}, "Evidence Propositions": []}, {"Section": "RESULTS", "Text": "When the blood routine test was included the CHD , T > = 38.5C and neutrophil-to-lymphocyte ratio were found to be independent predictors ( Model 2 ) .", "Evidence Elements": {"Participant": [], "Intervention": [], "Outcome": []}, "Evidence Propositions": []}, {"Section": "RESULTS", "Text": "The area under the receiver operator characteristic curve of model 2 was larger than model 1 ( 0.872 vs 0.849 , P = .023 ) .", "Evidence Elements": {"Participant": [], "Intervention": [{"term": "model 2", "negation": "affirmed", "UMLS": "", "start": 61, "end": 68}, {"term": "model 1", "negation": "affirmed", "UMLS": "", "start": 85, "end": 92}], "Outcome": [{"term": "area under the receiver operator characteristic curve", "negation": "affirmed", "UMLS": "", "start": 4, "end": 57}]}, "Evidence Propositions": [{"Intervention": ["model 2", "model 1"], "Observation": "larger", "Outcome": "area under the receiver operator characteristic curve", "Count": ""}, {"Intervention": "model 2", "Observation": "0.872", "Outcome": "area under the receiver operator characteristic curve", "Count": ""}, {"Intervention": "model 1", "Observation": "0.849", "Outcome": "area under the receiver operator characteristic curve", "Count": ""}]}, {"Section": "RESULTS", "Text": "The negative predictive value of both models was greater than 96 % , indicating they could serve as simple tools for ruling out the possibility of disease progression .", "Evidence Elements": {"Participant": [], "Intervention": [{"term": "both models", "negation": "affirmed", "UMLS": "", "start": 33, "end": 44}], "Outcome": [{"term": "negative predictive value", "negation": "affirmed", "UMLS": "", "start": 4, "end": 29}]}, "Evidence Propositions": [{"Intervention": ["both models"], "Observation": "greater than 96 %", "Outcome": "negative predictive value", "Count": ""}]}, {"Section": "RESULTS", "Text": "In conclusion , two models comprised common symptoms ( fever and sputum ) , underlying diseases ( diabetes and coronary heart disease ) and blood routine test are developed for predicting the future requirement of oxygen support in mild COVID-19 cases .", "Evidence Elements": {"Participant": [], "Intervention": [], "Outcome": [{"term": "requirement of", "negation": "affirmed", "UMLS": "", "start": 199, "end": 213}]}, "Evidence Propositions": []}, {"Section": "CONCLUSIONS", "Text": "This study developed two models and visualized as nomogram for predicting the disease progression in mild COVID-19 .", "Evidence Elements": {"Participant": [{"term": "mild COVID-19", "negation": "affirmed", "UMLS": "", "start": 101, "end": 114}], "Intervention": [], "Outcome": [{"term": "disease progression", "negation": "affirmed", "UMLS": "", "start": 78, "end": 97}]}, "Evidence Propositions": []}, {"Section": "CONCLUSIONS", "Text": "Model 1 only included symptoms and underlying diseases , which was more convenient for patients on self-isolation to use .", "Evidence Elements": {"Participant": [], "Intervention": [], "Outcome": []}, "Evidence Propositions": []}, {"Section": "CONCLUSIONS", "Text": "Blood routine tests have been added in model 2 , which was mainly developed for doctors to assess the risk with simple laboratory examination and facilitated early decision making .", "Evidence Elements": {"Participant": [], "Intervention": [], "Outcome": []}, "Evidence Propositions": []}]}