{"doc_id": "32374474", "type of study": "Therapy", "title": "", "abstract": "Outbreaks of infections with viruses like Sars-CoV-2, Ebola virus and Zika virus lead to major global health and economic problems because of limited treatment options.\nTherefore, new antiviral drug candidates are urgently needed.\nThe promising new antiviral drug candidate silvestrol effectively inhibited replication of Corona-, Ebola-, Zika-, Picorna-, Hepatis E and Chikungunya viruses.\nBesides a direct impact on pathogens, modulation of the host immune system provides an additional facet to antiviral drug development because suitable immune modulation can boost innate defence mechanisms against the pathogens.\nIn the present study, silvestrol down-regulated several pro- and anti-inflammatory cytokines (IL-6, IL-8, IL-10, CCL2, CCL18) and increased TNF-alpha during differentiation and activation of M1-macrophages, suggesting that the effects of silvestrol might cancel each other out.\nHowever, silvestrol amplified the anti-inflammatory potential of M2-macrophages by increasing expression of anti-inflammatory surface markers CD206, TREM2 and reducing release of pro-inflammatory IL-8 and CCL2.\nThe differentiation of dendritic cells in the presence of silvestrol is characterized by down-regulation of several surface markers and cytokines indicating that differentiation is impaired by silvestrol.\nIn conclusion, silvestrol influences the inflammatory status of immune cells depending on the cell type and activation status.\n", "Evidence Map": {"Enrollment": [], "Comparison Results": [], "Study Arm 1 Results": [], "Study Arm 2 Results": []}, "Sentence-level breakdown": [{"Section": "TITLE", "Text": "Outbreaks of infections with viruses like Sars-CoV-2 , Ebola virus and Zika virus lead to major global health and economic problems because of limited treatment options .", "Evidence Elements": {"Participant": [], "Intervention": [], "Outcome": []}, "Evidence Propositions": []}, {"Section": "RESULTS", "Text": "The promising new antiviral drug candidate silvestrol effectively inhibited replication of Corona- , Ebola- , Zika- , Picorna- , Hepatis E and Chikungunya viruses .", "Evidence Elements": {"Participant": [], "Intervention": [{"term": "silvestrol", "negation": "affirmed", "UMLS": "", "start": 43, "end": 53}], "Outcome": [{"term": "replication of Corona-", "negation": "affirmed", "UMLS": "", "start": 76, "end": 98}, {"term": "Ebola-", "negation": "affirmed", "UMLS": "", "start": 101, "end": 107}, {"term": "Hepatis", "negation": "affirmed", "UMLS": "", "start": 129, "end": 136}]}, "Evidence Propositions": []}, {"Section": "RESULTS", "Text": "Besides a direct impact on pathogens , modulation of the host immune system provides an additional facet to antiviral drug development because suitable immune modulation can boost innate defence mechanisms against the pathogens .", "Evidence Elements": {"Participant": [], "Intervention": [], "Outcome": []}, "Evidence Propositions": []}, {"Section": "RESULTS", "Text": "In the present study , silvestrol down-regulated several pro- and anti-inflammatory cytokines ( IL-6 , IL-8 , IL-10 , CCL2 , CCL18 ) and increased TNF-alpha during differentiation and activation of M1-macrophages , suggesting that the effects of silvestrol might cancel each other out .", "Evidence Elements": {"Participant": [], "Intervention": [{"term": "silvestrol", "negation": "affirmed", "UMLS": "", "start": 23, "end": 33}], "Outcome": [{"term": "pro- and anti-inflammatory cytokines", "negation": "affirmed", "UMLS": "", "start": 57, "end": 93}, {"term": "IL-6", "negation": "affirmed", "UMLS": "", "start": 96, "end": 100}, {"term": "IL-8", "negation": "affirmed", "UMLS": "", "start": 103, "end": 107}, {"term": "IL-10", "negation": "affirmed", "UMLS": "", "start": 110, "end": 115}, {"term": "CCL2", "negation": "affirmed", "UMLS": "", "start": 118, "end": 122}, {"term": "CCL18", "negation": "affirmed", "UMLS": "", "start": 125, "end": 130}, {"term": "TNF-alpha", "negation": "affirmed", "UMLS": "", "start": 147, "end": 156}, {"term": "activation", "negation": "affirmed", "UMLS": "", "start": 184, "end": 194}]}, "Evidence Propositions": []}, {"Section": "RESULTS", "Text": "However , silvestrol amplified the anti-inflammatory potential of M2-macrophages by increasing expression of anti-inflammatory surface markers CD206 , TREM2 and reducing release of pro-inflammatory IL-8 and CCL2 .", "Evidence Elements": {"Participant": [], "Intervention": [{"term": "silvestrol", "negation": "affirmed", "UMLS": "", "start": 10, "end": 20}], "Outcome": [{"term": "anti-inflammatory potential of M2-macrophages", "negation": "affirmed", "UMLS": "", "start": 35, "end": 80}, {"term": "expression of anti-inflammatory surface markers CD206 ,", "negation": "affirmed", "UMLS": "", "start": 95, "end": 150}, {"term": "TREM2", "negation": "affirmed", "UMLS": "", "start": 151, "end": 156}, {"term": "release of pro-inflammatory IL-8", "negation": "affirmed", "UMLS": "", "start": 170, "end": 202}]}, "Evidence Propositions": []}, {"Section": "CONCLUSIONS", "Text": "The differentiation of dendritic cells in the presence of silvestrol is characterized by down-regulation of several surface markers and cytokines indicating that differentiation is impaired by silvestrol .", "Evidence Elements": {"Participant": [], "Intervention": [{"term": "silvestrol", "negation": "affirmed", "UMLS": "", "start": 58, "end": 68}, {"term": "silvestrol", "negation": "affirmed", "UMLS": "", "start": 58, "end": 68}], "Outcome": [{"term": "differentiation of dendritic cells", "negation": "affirmed", "UMLS": "", "start": 4, "end": 38}, {"term": "surface markers", "negation": "affirmed", "UMLS": "", "start": 116, "end": 131}, {"term": "differentiation", "negation": "affirmed", "UMLS": "", "start": 4, "end": 19}]}, "Evidence Propositions": [{"Intervention": "silvestrol", "Observation": "down-regulation", "Outcome": "differentiation of dendritic cells", "Count": ""}, {"Intervention": "silvestrol", "Observation": "down-regulation", "Outcome": "surface markers", "Count": ""}, {"Intervention": "silvestrol", "Observation": "impaired", "Outcome": "differentiation", "Count": ""}, {"Intervention": "silvestrol", "Observation": "impaired", "Outcome": "differentiation", "Count": ""}]}, {"Section": "CONCLUSIONS", "Text": "In conclusion , silvestrol influences the inflammatory status of immune cells depending on the cell type and activation status .", "Evidence Elements": {"Participant": [], "Intervention": [{"term": "silvestrol", "negation": "affirmed", "UMLS": "", "start": 16, "end": 26}], "Outcome": [{"term": "inflammatory status of immune cells", "negation": "affirmed", "UMLS": "", "start": 42, "end": 77}]}, "Evidence Propositions": []}]}