{"doc_id": "32374032", "type of study": "Therapy", "title": "", "abstract": "We read with interest the article by Taxonera et al outlining a high incidence of diarrhoea in patients with inflammatory bowel disease (IBD) diagnosed with coronavirus disease 19 (COVID-19).[1] The relationship between these symptoms and faecal calprotectin would be interesting to note.\nIn patients without IBD and COVID-19, faecal calprotectin was noted to be higher in patients with continuing than resolved diarrhoea, suggesting intestinal inflammation due to COVID-19.[2]\n", "Evidence Map": {"Enrollment": [{"term": "inflammatory bowel disease ( IBD )", "negation": "affirmed", "UMLS": "", "start": 109, "end": 143}, {"term": "coronavirus disease 19 ( COVID-19 )", "negation": "affirmed", "UMLS": "", "start": 159, "end": 194}, {"term": "IBD", "negation": "negated", "UMLS": "", "start": 20, "end": 23}, {"term": "COVID-19", "negation": "negated", "UMLS": "", "start": 28, "end": 36}, {"term": "continuing than resolved diarrhoea", "negation": "affirmed", "UMLS": "", "start": 99, "end": 133}], "Comparison Results": [], "Study Arm 1 Results": [], "Study Arm 2 Results": []}, "Sentence-level breakdown": [{"Section": "TITLE", "Text": "We read with interest the article by Taxonera et al outlining a high incidence of diarrhoea in patients with inflammatory bowel disease ( IBD ) diagnosed with coronavirus disease 19 ( COVID-19 ) . [ 1 ] The relationship between these symptoms and faecal calprotectin would be interesting to note .", "Evidence Elements": {"Participant": [{"term": "inflammatory bowel disease ( IBD )", "negation": "affirmed", "UMLS": "", "start": 109, "end": 143}, {"term": "coronavirus disease 19 ( COVID-19 )", "negation": "affirmed", "UMLS": "", "start": 159, "end": 194}], "Intervention": [{"term": "Taxonera", "negation": "affirmed", "UMLS": "", "start": 37, "end": 45}], "Outcome": [{"term": "incidence of diarrhoea", "negation": "affirmed", "UMLS": "", "start": 69, "end": 91}]}, "Evidence Propositions": []}, {"Section": "CONCLUSIONS", "Text": "In patients without IBD and COVID-19 , faecal calprotectin was noted to be higher in patients with continuing than resolved diarrhoea , suggesting intestinal inflammation due to COVID-19 . [ 2 ]", "Evidence Elements": {"Participant": [{"term": "IBD", "negation": "negated", "UMLS": "", "start": 20, "end": 23}, {"term": "COVID-19", "negation": "negated", "UMLS": "", "start": 28, "end": 36}, {"term": "continuing than resolved diarrhoea", "negation": "affirmed", "UMLS": "", "start": 99, "end": 133}], "Intervention": [], "Outcome": [{"term": "faecal calprotectin", "negation": "negated", "UMLS": "", "start": 39, "end": 58}, {"term": "intestinal inflammation", "negation": "negated", "UMLS": "", "start": 147, "end": 170}]}, "Evidence Propositions": [{"Intervention": [], "Observation": "higher", "Outcome": "faecal calprotectin", "Count": ""}, {"Intervention": [], "Observation": "higher", "Outcome": "intestinal inflammation", "Count": ""}]}]}