{"doc_id": "32379637", "type of study": "Therapy", "title": "", "abstract": "Different degrees of disorders are reported in respiratory function, physical function and psychological function in patients with corona virus disease 2019 (COVID-19), especially in elderly patients.\nWith the experience of improved and discharged COVID-19 patients, timely respiratory rehabilitation intervention may improve prognosis, maximize functional preservation and improve quality of life (QoL), but there lacks of studies worldwide exploring the outcome of this intervention.\nTo investigate the effects of 6-week respiratory rehabilitation training on respiratory function, QoL, mobility and psychological function in elderly patients with COVID-19.\nThis paper reported the findings of an observational, prospective, quasi-experimental study, which totally recruited 72 participants, of which 36 patients underwent respiratory rehabilitation and the rest without any rehabilitation intervention.\nThe following outcomes were measured: pulmonary function tests including plethysmography and diffusing lung capacity for carbon monoxide (DLCO), functional tests (6-min walk distance test), Quality of life (QoL) assessments (SF-36 scores), activities of daily living (Functional Independence Measure, FIM scores), and mental status tests (SAS anxiety and SDS depression scores).\nAfter 6 weeks of respiratory rehabilitation in the intervention group, there disclosed significant differences in FEV1(L), FVC(L), FEV1/FVC%, DLCO% and 6-min walk test.\nThe SF-36 scores, in 8 dimensions, were statistically significant within the intervention group and between the two groups.\nSAS and SDS scores in the intervention group decreased after the intervention, but only anxiety had significant statistical significance within and between the two groups.\nSix-week respiratory rehabilitation can improve respiratory function, QoL and anxiety of elderly patients with COVID-19, but it has little significant improvement on depression in the elderly.\n", "Evidence Map": {"Enrollment": [{"term": "elderly patients", "negation": "affirmed", "UMLS": "", "start": 144, "end": 160}, {"term": "elderly patients", "negation": "affirmed", "UMLS": "", "start": 90, "end": 106}, {"term": "COVID-19", "negation": "affirmed", "UMLS": "", "start": 112, "end": 120}], "Comparison Results": [], "Study Arm 1 Results": [], "Study Arm 2 Results": []}, "Sentence-level breakdown": [{"Section": "TITLE", "Text": "Different degrees of disorders are reported in respiratory function , physical function and psychological function in patients with corona virus disease 2019 ( COVID-19 ) , especially in elderly patients .", "Evidence Elements": {"Participant": [], "Intervention": [], "Outcome": []}, "Evidence Propositions": []}, {"Section": "OBJECTIVE", "Text": "To investigate the effects of 6-week respiratory rehabilitation training on respiratory function , QoL , mobility and psychological function in elderly patients with COVID-19 .", "Evidence Elements": {"Participant": [{"term": "elderly patients", "negation": "affirmed", "UMLS": "", "start": 144, "end": 160}], "Intervention": [{"term": "6-week respiratory rehabilitation training", "negation": "affirmed", "UMLS": "", "start": 30, "end": 72}], "Outcome": [{"term": "respiratory function", "negation": "affirmed", "UMLS": "", "start": 76, "end": 96}, {"term": "QoL", "negation": "affirmed", "UMLS": "", "start": 99, "end": 102}, {"term": "mobility", "negation": "affirmed", "UMLS": "", "start": 105, "end": 113}, {"term": "psychological function", "negation": "affirmed", "UMLS": "", "start": 118, "end": 140}]}, "Evidence Propositions": []}, {"Section": "METHODS", "Text": "This paper reported the findings of an observational , prospective , quasi-experimental study , which totally recruited 72 participants , of which 36 patients underwent respiratory rehabilitation and the rest without any rehabilitation intervention .", "Evidence Elements": {"Participant": [], "Intervention": [{"term": "respiratory rehabilitation", "negation": "affirmed", "UMLS": "", "start": 169, "end": 195}, {"term": "rest", "negation": "affirmed", "UMLS": "", "start": 204, "end": 208}], "Outcome": []}, "Evidence Propositions": []}, {"Section": "METHODS", "Text": "The following outcomes were measured : pulmonary function tests including plethysmography and diffusing lung capacity for carbon monoxide ( DLCO ) , functional tests ( 6-min walk distance test ) , Quality of life ( QoL ) assessments ( SF-36 scores ) , activities of daily living ( Functional Independence Measure , FIM scores ) , and mental status tests ( SAS anxiety and SDS depression scores ) .", "Evidence Elements": {"Participant": [], "Intervention": [], "Outcome": [{"term": "pulmonary function tests", "negation": "affirmed", "UMLS": "", "start": 39, "end": 63}, {"term": "plethysmography", "negation": "affirmed", "UMLS": "", "start": 74, "end": 89}, {"term": "diffusing lung capacity for carbon monoxide ( DLCO )", "negation": "affirmed", "UMLS": "", "start": 94, "end": 146}, {"term": "functional tests", "negation": "affirmed", "UMLS": "", "start": 149, "end": 165}, {"term": "6-min walk distance test", "negation": "affirmed", "UMLS": "", "start": 168, "end": 192}, {"term": "Quality of life ( QoL ) assessments", "negation": "affirmed", "UMLS": "", "start": 197, "end": 232}, {"term": "SF-36 scores", "negation": "affirmed", "UMLS": "", "start": 235, "end": 247}, {"term": "activities of daily living", "negation": "affirmed", "UMLS": "", "start": 252, "end": 278}, {"term": "Functional Independence", "negation": "affirmed", "UMLS": "", "start": 281, "end": 304}]}, "Evidence Propositions": []}, {"Section": "RESULTS", "Text": "After 6 weeks of respiratory rehabilitation in the intervention group , there disclosed significant differences in FEV1 ( L ) , FVC ( L ) , FEV1 / FVC % , DLCO % and 6-min walk test .", "Evidence Elements": {"Participant": [], "Intervention": [{"term": "respiratory rehabilitation", "negation": "affirmed", "UMLS": "", "start": 17, "end": 43}, {"term": "intervention", "negation": "affirmed", "UMLS": "", "start": 51, "end": 63}], "Outcome": [{"term": "FEV1 ( L )", "negation": "affirmed", "UMLS": "", "start": 115, "end": 125}, {"term": "FVC ( L )", "negation": "affirmed", "UMLS": "", "start": 128, "end": 137}]}, "Evidence Propositions": [{"Intervention": ["respiratory rehabilitation", "intervention"], "Observation": "significant differences", "Outcome": "FEV1 ( L )", "Count": ""}, {"Intervention": ["respiratory rehabilitation", "intervention"], "Observation": "significant differences", "Outcome": "FVC ( L )", "Count": ""}]}, {"Section": "RESULTS", "Text": "The SF-36 scores , in 8 dimensions , were statistically significant within the intervention group and between the two groups .", "Evidence Elements": {"Participant": [], "Intervention": [{"term": "intervention", "negation": "affirmed", "UMLS": "", "start": 79, "end": 91}, {"term": "between the", "negation": "affirmed", "UMLS": "", "start": 102, "end": 113}], "Outcome": [{"term": "SF-36 scores", "negation": "affirmed", "UMLS": "", "start": 4, "end": 16}]}, "Evidence Propositions": [{"Intervention": "intervention", "Observation": "statistically significant", "Outcome": "SF-36 scores", "Count": ""}, {"Intervention": "between the", "Observation": "statistically significant", "Outcome": "SF-36 scores", "Count": ""}]}, {"Section": "RESULTS", "Text": "SAS and SDS scores in the intervention group decreased after the intervention , but only anxiety had significant statistical significance within and between the two groups .", "Evidence Elements": {"Participant": [], "Intervention": [{"term": "intervention", "negation": "affirmed", "UMLS": "", "start": 26, "end": 38}, {"term": "and", "negation": "affirmed", "UMLS": "", "start": 4, "end": 7}, {"term": "between the two", "negation": "affirmed", "UMLS": "", "start": 149, "end": 164}], "Outcome": [{"term": "SAS", "negation": "affirmed", "UMLS": "", "start": 0, "end": 3}, {"term": "SDS scores", "negation": "affirmed", "UMLS": "", "start": 8, "end": 18}, {"term": "anxiety", "negation": "affirmed", "UMLS": "", "start": 89, "end": 96}]}, "Evidence Propositions": [{"Intervention": "intervention", "Observation": "decreased", "Outcome": "SAS", "Count": ""}, {"Intervention": "intervention", "Observation": "decreased", "Outcome": "SDS scores", "Count": ""}]}, {"Section": "CONCLUSIONS", "Text": "Six-week respiratory rehabilitation can improve respiratory function , QoL and anxiety of elderly patients with COVID-19 , but it has little significant improvement on depression in the elderly .", "Evidence Elements": {"Participant": [{"term": "elderly patients", "negation": "affirmed", "UMLS": "", "start": 90, "end": 106}, {"term": "COVID-19", "negation": "affirmed", "UMLS": "", "start": 112, "end": 120}], "Intervention": [{"term": "Six-week respiratory rehabilitation", "negation": "affirmed", "UMLS": "", "start": 0, "end": 35}], "Outcome": [{"term": "respiratory function", "negation": "affirmed", "UMLS": "", "start": 48, "end": 68}, {"term": "QoL", "negation": "affirmed", "UMLS": "", "start": 71, "end": 74}, {"term": "anxiety", "negation": "affirmed", "UMLS": "", "start": 79, "end": 86}, {"term": "depression", "negation": "affirmed", "UMLS": "", "start": 168, "end": 178}]}, "Evidence Propositions": []}]}