{"doc_id": "32374208", "type of study": "Therapy", "title": "", "abstract": "Problem: The emergence of novel coronavirus (SARS-CoV-2) in Wuhan, China, in November 2019 and a growing body of information compel inquiry regarding the transmissibility of infection between humans and certain animal species.\nAlthough there are a number of issues to be considered, the following points are most urgent: The potential for domesticated (companion) animals to serve as a reservoir of infection contributing to continued human-to-human disease, infectivity, and community spread.\nThe ramifications to food security, economy, and trade issues should coronavirus establish itself within livestock and poultry.\nThe disruption to national security if SARS-CoV-2 and its fairly well-established effects on smell (hyposmia/anosmia) to critical military service animals including explosive detector dog, narcotics detector dog, specialized search dog, combat tracker dog, mine detection dog, tactical explosive detector dog, improvised explosive device detector dog, patrol explosive detector dog, and patrol narcotics detector dog, as well as multipurpose canines used by special operations such as used by the U.S. customs and border protection agency (e.g., Beagle Brigade).\nThis article presents in chronological order data that both individually (as received independently from multiple countries) and collectively urge studies that elucidate the following questions.\n1.What animal species can be infected with SARS-CoV-2, the likely sources of infection, the period of infectivity, and transmissibility between these animals and to other animal species and humans? 2.What are the best diagnostic tests currently available for companion animals and livestock?\n3.What expressions of illness in companion and other animal species can serve as disease markers?\nAlthough it is recognized that robust funding and methodology need to be identified to apply the best scientific investigation into these issues, there may be easily identifiable opportunities to capture information that can guide decision and study.\nFirst, it may be possible to quickly initiate a data collection strategy using in-place animal gatekeepers, such as zookeepers, veterinarians, kennel owners, feed lots, and military animal handlers.\nIf provided a simple surveillance form, their detection of symptoms (lethargy, hyposmia, anosmia, and others) might be quickly reported to a central data collection site if one were created.\nSecond, although current human COVID-19 disease is aligning around areas of population density and cluster events, it might be possible to overlay animal species density or veterinary reports that could signal some disease association in animals with COVID-19 patients.\nUnfortunately, although companion animals and zoo species have repeatedly served as sentinels for emerging infectious diseases, they do not currently fall under the jurisdiction of any federal agency and are not under surveillance.\n", "Evidence Map": {"Enrollment": [], "Comparison Results": [], "Study Arm 1 Results": [], "Study Arm 2 Results": []}, "Sentence-level breakdown": [{"Section": "TITLE", "Text": "Problem : The emergence of novel coronavirus ( SARS-CoV-2 ) in Wuhan , China , in November 2019 and a growing body of information compel inquiry regarding the transmissibility of infection between humans and certain animal species .", "Evidence Elements": {"Participant": [], "Intervention": [], "Outcome": []}, "Evidence Propositions": []}, {"Section": "METHODS", "Text": "The disruption to national security if SARS-CoV-2 and its fairly well-established effects on smell ( hyposmia / anosmia ) to critical military service animals including explosive detector dog , narcotics detector dog , specialized search dog , combat tracker dog , mine detection dog , tactical explosive detector dog , improvised explosive device detector dog , patrol explosive detector dog , and patrol narcotics detector dog , as well as multipurpose canines used by special operations such as used by the U.S . customs and border protection agency ( e.g. , Beagle Brigade ) .", "Evidence Elements": {"Participant": [], "Intervention": [{"term": "SARS-CoV-2", "negation": "affirmed", "UMLS": "", "start": 39, "end": 49}], "Outcome": [{"term": "smell", "negation": "affirmed", "UMLS": "", "start": 93, "end": 98}, {"term": "anosmia", "negation": "affirmed", "UMLS": "", "start": 112, "end": 119}, {"term": "explosive detector dog", "negation": "affirmed", "UMLS": "", "start": 169, "end": 191}, {"term": "narcotics detector dog", "negation": "affirmed", "UMLS": "", "start": 194, "end": 216}, {"term": "specialized search dog", "negation": "affirmed", "UMLS": "", "start": 219, "end": 241}, {"term": "combat tracker dog", "negation": "affirmed", "UMLS": "", "start": 244, "end": 262}, {"term": "mine detection dog", "negation": "affirmed", "UMLS": "", "start": 265, "end": 283}, {"term": "tactical explosive detector dog", "negation": "affirmed", "UMLS": "", "start": 286, "end": 317}, {"term": "improvised explosive device detector dog", "negation": "affirmed", "UMLS": "", "start": 320, "end": 360}, {"term": "patrol explosive detector dog", "negation": "affirmed", "UMLS": "", "start": 363, "end": 392}, {"term": "patrol narcotics detector dog", "negation": "affirmed", "UMLS": "", "start": 399, "end": 428}]}, "Evidence Propositions": [{"Intervention": "SARS-CoV-2", "Observation": "disruption to national security", "Outcome": "smell", "Count": ""}, {"Intervention": "SARS-CoV-2", "Observation": "disruption to national security", "Outcome": "explosive detector dog", "Count": ""}, {"Intervention": "SARS-CoV-2", "Observation": "disruption to national security", "Outcome": "narcotics detector dog", "Count": ""}, {"Intervention": "SARS-CoV-2", "Observation": "disruption to national security", "Outcome": "combat tracker dog", "Count": ""}, {"Intervention": "SARS-CoV-2", "Observation": "disruption to national security", "Outcome": "mine detection dog", "Count": ""}, {"Intervention": "SARS-CoV-2", "Observation": "disruption to national security", "Outcome": "patrol explosive detector dog", "Count": ""}, {"Intervention": "SARS-CoV-2", "Observation": "disruption to national security", "Outcome": "patrol narcotics detector dog", "Count": ""}, {"Intervention": "SARS-CoV-2", "Observation": "fairly well-established effects", "Outcome": "smell", "Count": ""}, {"Intervention": "SARS-CoV-2", "Observation": "fairly well-established effects", "Outcome": "patrol narcotics detector dog", "Count": ""}]}, {"Section": "RESULTS", "Text": "This article presents in chronological order data that both individually ( as received independently from multiple countries ) and collectively urge studies that elucidate the following questions .", "Evidence Elements": {"Participant": [], "Intervention": [], "Outcome": []}, "Evidence Propositions": []}, {"Section": "RESULTS", "Text": "1 . What animal species can be infected with SARS-CoV-2 , the likely sources of infection , the period of infectivity , and transmissibility between these animals and to other animal species and humans ? 2 . What are the best diagnostic tests currently available for companion animals and livestock ?", "Evidence Elements": {"Participant": [], "Intervention": [], "Outcome": []}, "Evidence Propositions": []}, {"Section": "RESULTS", "Text": "3 . What expressions of illness in companion and other animal species can serve as disease markers ?", "Evidence Elements": {"Participant": [], "Intervention": [], "Outcome": [{"term": "expressions of illness in companion and other animal species", "negation": "affirmed", "UMLS": "", "start": 9, "end": 69}]}, "Evidence Propositions": []}, {"Section": "RESULTS", "Text": "Although it is recognized that robust funding and methodology need to be identified to apply the best scientific investigation into these issues , there may be easily identifiable opportunities to capture information that can guide decision and study .", "Evidence Elements": {"Participant": [], "Intervention": [], "Outcome": []}, "Evidence Propositions": []}, {"Section": "CONCLUSIONS", "Text": "First , it may be possible to quickly initiate a data collection strategy using in-place animal gatekeepers , such as zookeepers , veterinarians , kennel owners , feed lots , and military animal handlers .", "Evidence Elements": {"Participant": [], "Intervention": [], "Outcome": []}, "Evidence Propositions": []}, {"Section": "CONCLUSIONS", "Text": "If provided a simple surveillance form , their detection of symptoms ( lethargy , hyposmia , anosmia , and others ) might be quickly reported to a central data collection site if one were created .", "Evidence Elements": {"Participant": [], "Intervention": [], "Outcome": [{"term": "detection of symptoms", "negation": "affirmed", "UMLS": "", "start": 47, "end": 68}, {"term": "lethargy", "negation": "affirmed", "UMLS": "", "start": 71, "end": 79}, {"term": "hyposmia", "negation": "affirmed", "UMLS": "", "start": 82, "end": 90}, {"term": "anosmia", "negation": "affirmed", "UMLS": "", "start": 93, "end": 100}]}, "Evidence Propositions": []}, {"Section": "CONCLUSIONS", "Text": "Second , although current human COVID-19 disease is aligning around areas of population density and cluster events , it might be possible to overlay animal species density or veterinary reports that could signal some disease association in animals with COVID-19 patients .", "Evidence Elements": {"Participant": [], "Intervention": [], "Outcome": []}, "Evidence Propositions": []}, {"Section": "CONCLUSIONS", "Text": "Unfortunately , although companion animals and zoo species have repeatedly served as sentinels for emerging infectious diseases , they do not currently fall under the jurisdiction of any federal agency and are not under surveillance .", "Evidence Elements": {"Participant": [], "Intervention": [], "Outcome": []}, "Evidence Propositions": []}]}