{"doc_id": "32376634", "type of study": "Therapy", "title": "", "abstract": "A key to curbing SARS-CoV-2 is to understand how it enters cells.\nSARS-CoV-2 and SARS-CoV both use human ACE2 as entry receptor and human proteases as entry activators.\nUsing biochemical and pseudovirus entry assays and SARS-CoV as a comparison, we have identified key cell entry mechanisms of SARS-CoV-2 that potentially contribute to the immune evasion, cell infectivity, and wide spread of the virus.\nThis study also clarifies conflicting reports from recent studies on cell entry of SARS-CoV-2.\nFinally, by highlighting the potency and the evasiveness of SARS-CoV-2, the study provides insight into intervention strategies that target its cell entry mechanisms.\nA novel severe acute respiratory syndrome (SARS)-like coronavirus (SARS-CoV-2) is causing the global coronavirus disease 2019 (COVID-19) pandemic.\nUnderstanding how SARS-CoV-2 enters human cells is a high priority for deciphering its mystery and curbing its spread.\nA virus surface spike protein mediates SARS-CoV-2 entry into cells.\nTo fulfill its function, SARS-CoV-2 spike binds to its receptor human ACE2 (hACE2) through its receptor-binding domain (RBD) and is proteolytically activated by human proteases.\nHere we investigated receptor binding and protease activation of SARS-CoV-2 spike using biochemical and pseudovirus entry assays.\nOur findings have identified key cell entry mechanisms of SARS-CoV-2.\nFirst, SARS-CoV-2 RBD has higher hACE2 binding affinity than SARS-CoV RBD, supporting efficient cell entry.\nSecond, paradoxically, the hACE2 binding affinity of the entire SARS-CoV-2 spike is comparable to or lower than that of SARS-CoV spike, suggesting that SARS-CoV-2 RBD, albeit more potent, is less exposed than SARS-CoV RBD.\nThird, unlike SARS-CoV, cell entry of SARS-CoV-2 is preactivated by proprotein convertase furin, reducing its dependence on target cell proteases for entry.\nThe high hACE2 binding affinity of the RBD, furin preactivation of the spike, and hidden RBD in the spike potentially allow SARS-CoV-2 to maintain efficient cell entry while evading immune surveillance.\nThese features may contribute to the wide spread of the virus.\nSuccessful intervention strategies must target both the potency of SARS-CoV-2 and its evasiveness.\n", "Evidence Map": {"Enrollment": [{"term": "SARS-CoV-2 spike", "negation": "affirmed", "UMLS": "", "start": 65, "end": 81}], "Comparison Results": [], "Study Arm 1 Results": [], "Study Arm 2 Results": []}, "Sentence-level breakdown": [{"Section": "TITLE", "Text": "A key to curbing SARS-CoV-2 is to understand how it enters cells .", "Evidence Elements": {"Participant": [], "Intervention": [], "Outcome": []}, "Evidence Propositions": []}, {"Section": "OBJECTIVE", "Text": "To fulfill its function , SARS-CoV-2 spike binds to its receptor human ACE2 ( hACE2 ) through its receptor-binding domain ( RBD ) and is proteolytically activated by human proteases .", "Evidence Elements": {"Participant": [], "Intervention": [], "Outcome": []}, "Evidence Propositions": []}, {"Section": "METHODS", "Text": "Here we investigated receptor binding and protease activation of SARS-CoV-2 spike using biochemical and pseudovirus entry assays .", "Evidence Elements": {"Participant": [{"term": "SARS-CoV-2 spike", "negation": "affirmed", "UMLS": "", "start": 65, "end": 81}], "Intervention": [], "Outcome": [{"term": "receptor binding", "negation": "affirmed", "UMLS": "", "start": 21, "end": 37}, {"term": "protease activation", "negation": "affirmed", "UMLS": "", "start": 42, "end": 61}]}, "Evidence Propositions": []}, {"Section": "RESULTS", "Text": "Our findings have identified key cell entry mechanisms of SARS-CoV-2 .", "Evidence Elements": {"Participant": [], "Intervention": [{"term": "SARS-CoV-2", "negation": "affirmed", "UMLS": "", "start": 58, "end": 68}], "Outcome": [{"term": "cell entry mechanisms", "negation": "affirmed", "UMLS": "", "start": 33, "end": 54}]}, "Evidence Propositions": []}, {"Section": "RESULTS", "Text": "First , SARS-CoV-2 RBD has higher hACE2 binding affinity than SARS-CoV RBD , supporting efficient cell entry .", "Evidence Elements": {"Participant": [], "Intervention": [{"term": "SARS-CoV-2 RBD", "negation": "affirmed", "UMLS": "", "start": 8, "end": 22}, {"term": "SARS-CoV RBD", "negation": "affirmed", "UMLS": "", "start": 62, "end": 74}], "Outcome": [{"term": "hACE2 binding affinity", "negation": "affirmed", "UMLS": "", "start": 34, "end": 56}]}, "Evidence Propositions": [{"Intervention": [], "Observation": "higher", "Outcome": "", "Count": ""}]}, {"Section": "RESULTS", "Text": "Second , paradoxically , the hACE2 binding affinity of the entire SARS-CoV-2 spike is comparable to or lower than that of SARS-CoV spike , suggesting that SARS-CoV-2 RBD , albeit more potent , is less exposed than SARS-CoV RBD .", "Evidence Elements": {"Participant": [], "Intervention": [{"term": "entire SARS-CoV-2 spike", "negation": "affirmed", "UMLS": "", "start": 59, "end": 82}, {"term": "SARS-CoV spike", "negation": "affirmed", "UMLS": "", "start": 122, "end": 136}, {"term": "SARS-CoV-2 RBD", "negation": "affirmed", "UMLS": "", "start": 155, "end": 169}], "Outcome": [{"term": "hACE2 binding affinity", "negation": "affirmed", "UMLS": "", "start": 29, "end": 51}]}, "Evidence Propositions": [{"Intervention": "entire SARS-CoV-2 spike", "Observation": "comparable", "Outcome": "hACE2 binding affinity", "Count": ""}, {"Intervention": "SARS-CoV spike", "Observation": "comparable", "Outcome": "hACE2 binding affinity", "Count": ""}, {"Intervention": ["SARS-CoV spike"], "Observation": "or lower", "Outcome": "hACE2 binding affinity", "Count": ""}, {"Intervention": ["SARS-CoV-2 RBD"], "Observation": "more potent", "Outcome": "", "Count": ""}]}, {"Section": "RESULTS", "Text": "Third , unlike SARS-CoV , cell entry of SARS-CoV-2 is preactivated by proprotein convertase furin , reducing its dependence on target cell proteases for entry .", "Evidence Elements": {"Participant": [], "Intervention": [], "Outcome": []}, "Evidence Propositions": []}, {"Section": "RESULTS", "Text": "The high hACE2 binding affinity of the RBD , furin preactivation of the spike , and hidden RBD in the spike potentially allow SARS-CoV-2 to maintain efficient cell entry while evading immune surveillance .", "Evidence Elements": {"Participant": [], "Intervention": [], "Outcome": []}, "Evidence Propositions": []}, {"Section": "RESULTS", "Text": "These features may contribute to the wide spread of the virus .", "Evidence Elements": {"Participant": [], "Intervention": [], "Outcome": []}, "Evidence Propositions": []}, {"Section": "CONCLUSIONS", "Text": "Successful intervention strategies must target both the potency of SARS-CoV-2 and its evasiveness .", "Evidence Elements": {"Participant": [], "Intervention": [], "Outcome": []}, "Evidence Propositions": []}]}