{"doc_id": "32376395", "type of study": "Therapy", "title": "", "abstract": "This study aimed to evaluate the prevalence of clinically overt SARS-CoV-2 infection (COVID-19) among patients with systemic autoimmune diseases residing in Tuscany, and to compare it with that observed in the general Tuscan population.\nIn this cross-sectional study, Tuscan outpatients with systemic autoimmune diseases followed at a tertiary referral centre were telephonically interviewed between April 1st-14th 2020 to collect demographic and clinical data, information on ongoing immunomodulating/immunosuppressive treatments, and on the presence of symptoms suspected of SARS-CoV-2 or of a confirmed infection.\n458 patients were interviewed [74% female, median age 56 years (IQR 43-68)]; 56% of them were receiving corticosteroids, 44% traditional disease-modifying anti-rheumatic drugs (DMARDs), of whom 23% hydroxychloroquine, 5% colchicine, while 41% were on biologic DMARDs (of whom 9% on tocilizumab).\nThirteen patients reported symptoms suggesting SARS-CoV-2 infection.\nOf them, 7 had undergone nasopharyngeal swab and only one was positive and developed severe SARS-CoV-2 complications.\nWithin our cohort, the prevalence of SARS-CoV-2 infection was therefore 0.22% (0.01-1.21%), comparable to that observed in the general population of Tuscany [0.20% (0.20-0.21%), p = .597].\nPatients with systemic autoimmune diseases do not seem to carry an increased risk of SARS- CoV-2 infection as compared to the general population.\nPatients with systemic autoimmune diseases usually carry an increased risk of infections Data on the occurrence of SARS-CoV-2 infection in these patients are scarce We evaluated SARS-CoV-2 infection among 458 patients with systemic autoimmune diseases The occurrence of the infection was similar to that observed in the general population Patients with autoimmune diseases do not seem be at higher risk of SARS-CoV-2 infection\n", "Evidence Map": {"Enrollment": [{"term": "systemic autoimmune diseases", "negation": "affirmed", "UMLS": "", "start": 118, "end": 146}, {"term": "Tuscan outpatients", "negation": "affirmed", "UMLS": "", "start": 32, "end": 50}, {"term": "systemic autoimmune diseases", "negation": "affirmed", "UMLS": "", "start": 56, "end": 84}, {"term": "corticosteroids", "negation": "affirmed", "UMLS": "", "start": 112, "end": 127}, {"term": "disease-modifying anti-rheumatic drugs ( DMARDs )", "negation": "affirmed", "UMLS": "", "start": 147, "end": 196}, {"term": "systemic autoimmune diseases", "negation": "affirmed", "UMLS": "", "start": 14, "end": 42}, {"term": "general", "negation": "negated", "UMLS": "", "start": 125, "end": 132}, {"term": "systemic autoimmune diseases", "negation": "affirmed", "UMLS": "", "start": 14, "end": 42}, {"term": "autoimmune diseases", "negation": "affirmed", "UMLS": "", "start": 23, "end": 42}], "Comparison Results": [], "Study Arm 1 Results": [], "Study Arm 2 Results": []}, "Sentence-level breakdown": [{"Section": "TITLE", "Text": "This study aimed to evaluate the prevalence of clinically overt SARS-CoV-2 infection ( COVID-19 ) among patients with systemic autoimmune diseases residing in Tuscany , and to compare it with that observed in the general Tuscan population .", "Evidence Elements": {"Participant": [{"term": "systemic autoimmune diseases", "negation": "affirmed", "UMLS": "", "start": 118, "end": 146}], "Intervention": [], "Outcome": [{"term": "prevalence of clinically overt SARS-CoV-2 infection ( COVID-19 )", "negation": "affirmed", "UMLS": "", "start": 33, "end": 97}]}, "Evidence Propositions": []}, {"Section": "METHODS", "Text": "In this cross-sectional study , Tuscan outpatients with systemic autoimmune diseases followed at a tertiary referral centre were telephonically interviewed between April 1st-14th 2020 to collect demographic and clinical data , information on ongoing immunomodulating / immunosuppressive treatments , and on the presence of symptoms suspected of SARS-CoV-2 or of a confirmed infection .", "Evidence Elements": {"Participant": [{"term": "Tuscan outpatients", "negation": "affirmed", "UMLS": "", "start": 32, "end": 50}, {"term": "systemic autoimmune diseases", "negation": "affirmed", "UMLS": "", "start": 56, "end": 84}], "Intervention": [], "Outcome": [{"term": "immunosuppressive treatments", "negation": "affirmed", "UMLS": "", "start": 269, "end": 297}, {"term": "presence of symptoms suspected of SARS-CoV-2 or of", "negation": "affirmed", "UMLS": "", "start": 311, "end": 361}]}, "Evidence Propositions": []}, {"Section": "RESULTS", "Text": "458 patients were interviewed [ 74 % female , median age 56 years ( IQR 43-68 ) ] ; 56 % of them were receiving corticosteroids , 44 % traditional disease-modifying anti-rheumatic drugs ( DMARDs ) , of whom 23 % hydroxychloroquine , 5 % colchicine , while 41 % were on biologic DMARDs ( of whom 9 % on tocilizumab ) .", "Evidence Elements": {"Participant": [{"term": "corticosteroids", "negation": "affirmed", "UMLS": "", "start": 112, "end": 127}, {"term": "disease-modifying anti-rheumatic drugs ( DMARDs )", "negation": "affirmed", "UMLS": "", "start": 147, "end": 196}], "Intervention": [], "Outcome": []}, "Evidence Propositions": []}, {"Section": "RESULTS", "Text": "Thirteen patients reported symptoms suggesting SARS-CoV-2 infection .", "Evidence Elements": {"Participant": [], "Intervention": [], "Outcome": [{"term": "symptoms", "negation": "affirmed", "UMLS": "", "start": 27, "end": 35}, {"term": "SARS-CoV-2 infection", "negation": "affirmed", "UMLS": "", "start": 47, "end": 67}]}, "Evidence Propositions": []}, {"Section": "RESULTS", "Text": "Of them , 7 had undergone nasopharyngeal swab and only one was positive and developed severe SARS-CoV-2 complications .", "Evidence Elements": {"Participant": [], "Intervention": [{"term": "nasopharyngeal swab", "negation": "affirmed", "UMLS": "", "start": 26, "end": 45}], "Outcome": [{"term": "positive", "negation": "affirmed", "UMLS": "", "start": 63, "end": 71}, {"term": "severe SARS-CoV-2", "negation": "affirmed", "UMLS": "", "start": 86, "end": 103}]}, "Evidence Propositions": []}, {"Section": "RESULTS", "Text": "Within our cohort , the prevalence of SARS-CoV-2 infection was therefore 0.22 % ( 0.01-1.21 % ) , comparable to that observed in the general population of Tuscany [ 0.20 % ( 0.20-0.21 % ) , p =.597 ] .", "Evidence Elements": {"Participant": [], "Intervention": [], "Outcome": [{"term": "prevalence of SARS-CoV-2 infection", "negation": "affirmed", "UMLS": "", "start": 24, "end": 58}]}, "Evidence Propositions": []}, {"Section": "CONCLUSIONS", "Text": "Patients with systemic autoimmune diseases do not seem to carry an increased risk of SARS-CoV-2 infection as compared to the general population .", "Evidence Elements": {"Participant": [{"term": "systemic autoimmune diseases", "negation": "affirmed", "UMLS": "", "start": 14, "end": 42}, {"term": "general", "negation": "negated", "UMLS": "", "start": 125, "end": 132}], "Intervention": [], "Outcome": [{"term": "risk of SARS-CoV-2 infection", "negation": "negated", "UMLS": "", "start": 77, "end": 105}]}, "Evidence Propositions": []}, {"Section": "CONCLUSIONS", "Text": "Patients with systemic autoimmune diseases usually carry an increased risk of infections Data on the occurrence of SARS-CoV-2 infection in these patients are scarce We evaluated SARS-CoV-2 infection among 458 patients with systemic autoimmune diseases The occurrence of the infection was similar to that observed in the general population Patients with autoimmune diseases do not seem be at higher risk of SARS-CoV-2 infection", "Evidence Elements": {"Participant": [{"term": "systemic autoimmune diseases", "negation": "affirmed", "UMLS": "", "start": 14, "end": 42}, {"term": "autoimmune diseases", "negation": "affirmed", "UMLS": "", "start": 23, "end": 42}], "Intervention": [], "Outcome": [{"term": "of infections", "negation": "affirmed", "UMLS": "", "start": 75, "end": 88}, {"term": "infection", "negation": "negated", "UMLS": "", "start": 78, "end": 87}, {"term": "infection", "negation": "negated", "UMLS": "", "start": 78, "end": 87}, {"term": "occurrence of the infection", "negation": "affirmed", "UMLS": "", "start": 256, "end": 283}, {"term": "risk of SARS-CoV-2 infection", "negation": "negated", "UMLS": "", "start": 398, "end": 426}]}, "Evidence Propositions": [{"Intervention": [], "Observation": "similar", "Outcome": "infection", "Count": ""}, {"Intervention": [], "Observation": "similar", "Outcome": "occurrence of the infection", "Count": ""}, {"Intervention": [], "Observation": "higher", "Outcome": "", "Count": ""}]}]}