{"doc_id": "32378737", "type of study": "Therapy", "title": "", "abstract": "Caly, Druce (1) reported that ivermectin inhibited SARS-CoV-2 in vitro for up to 48 h using ivermectin at 5muM. The concentration resulting in 50% inhibition (IC50, 2 microM) was >35x higher than the maximum plasma concentration (Cmax) after oral administration of the approved dose of ivermectin when given fasted.\nSimulations were conducted using an available population pharmacokinetic model to predict total (bound and unbound) and unbound plasma concentration-time profiles after a single and repeat fasted administration of the approved dose of ivermectin (200 mug/kg), 60 mg, and 120 mg.\nPlasma total Cmax was determined and then multiplied by the lung:plasma ratio reported in cattle to predict the lung Cmax after administration of each single dose.\nPlasma ivermectin concentrations of total (bound and unbound) and unbound concentrations do not reach the IC50, even for a dose level 10x higher than the approved dose.\nEven with the high lung:plasma ratio, ivermectin is unlikely to reach the IC50 in lungs after single oral administration of the approved dose (predicted lung: 0.0873 microM) or at doses 10x higher that the approved dose administered orally (predicted lung: 0.820 microM).\nIn summary, the likelihood of a successful clinical trial using the approved dose of ivermectin is low.\nCombination therapy should be evaluated in vitro.\nRe-purposing drugs for use in COVID-19 treatment is an ideal strategy but is only feasible when product safety has been established and experiments of re-purposed drugs are conducted at clinically relevant concentrations.\n", "Evidence Map": {"Enrollment": [], "Comparison Results": [], "Study Arm 1 Results": [], "Study Arm 2 Results": []}, "Sentence-level breakdown": [{"Section": "TITLE", "Text": "Caly , Druce ( 1 ) reported that ivermectin inhibited SARS-CoV-2 in vitro for up to 48 h using ivermectin at 5muM . The concentration resulting in 50 % inhibition ( IC50 , 2 microM ) was > 35x higher than the maximum plasma concentration ( Cmax ) after oral administration of the approved dose of ivermectin when given fasted .", "Evidence Elements": {"Participant": [], "Intervention": [{"term": "ivermectin", "negation": "affirmed", "UMLS": "", "start": 33, "end": 43}, {"term": "ivermectin", "negation": "affirmed", "UMLS": "", "start": 33, "end": 43}], "Outcome": [{"term": "SARS-CoV-2", "negation": "affirmed", "UMLS": "", "start": 54, "end": 64}, {"term": "concentration resulting in 50 % inhibition (", "negation": "affirmed", "UMLS": "", "start": 120, "end": 164}, {"term": ")", "negation": "affirmed", "UMLS": "", "start": 17, "end": 18}, {"term": "maximum plasma concentration ( Cmax )", "negation": "affirmed", "UMLS": "", "start": 209, "end": 246}]}, "Evidence Propositions": [{"Intervention": [], "Observation": "> 35x higher", "Outcome": "concentration resulting in 50 % inhibition (", "Count": ""}, {"Intervention": [], "Observation": "> 35x higher", "Outcome": ")", "Count": ""}, {"Intervention": [], "Observation": "> 35x higher", "Outcome": "maximum plasma concentration ( Cmax )", "Count": ""}]}, {"Section": "METHODS", "Text": "Simulations were conducted using an available population pharmacokinetic model to predict total ( bound and unbound ) and unbound plasma concentration-time profiles after a single and repeat fasted administration of the approved dose of ivermectin ( 200 mug / kg ) , 60 mg , and 120 mg .", "Evidence Elements": {"Participant": [], "Intervention": [{"term": "ivermectin", "negation": "affirmed", "UMLS": "", "start": 237, "end": 247}], "Outcome": [{"term": "total ( bound and unbound ) and unbound plasma concentration-time profiles", "negation": "affirmed", "UMLS": "", "start": 90, "end": 164}]}, "Evidence Propositions": []}, {"Section": "METHODS", "Text": "Plasma total Cmax was determined and then multiplied by the lung : plasma ratio reported in cattle to predict the lung Cmax after administration of each single dose .", "Evidence Elements": {"Participant": [], "Intervention": [], "Outcome": [{"term": "Plasma total Cmax", "negation": "affirmed", "UMLS": "", "start": 0, "end": 17}, {"term": "lung Cmax", "negation": "affirmed", "UMLS": "", "start": 114, "end": 123}]}, "Evidence Propositions": []}, {"Section": "RESULTS", "Text": "Plasma ivermectin concentrations of total ( bound and unbound ) and unbound concentrations do not reach the IC50 , even for a dose level 10x higher than the approved dose .", "Evidence Elements": {"Participant": [], "Intervention": [], "Outcome": [{"term": "Plasma ivermectin concentrations of total ( bound and unbound ) and unbound concentrations", "negation": "affirmed", "UMLS": "", "start": 0, "end": 90}, {"term": "IC50", "negation": "negated", "UMLS": "", "start": 108, "end": 112}]}, "Evidence Propositions": []}, {"Section": "CONCLUSIONS", "Text": "Even with the high lung : plasma ratio , ivermectin is unlikely to reach the IC50 in lungs after single oral administration of the approved dose ( predicted lung : 0.0873 microM ) or at doses 10x higher that the approved dose administered orally ( predicted lung : 0.820 microM ) .", "Evidence Elements": {"Participant": [], "Intervention": [{"term": "ivermectin", "negation": "negated", "UMLS": "", "start": 41, "end": 51}, {"term": "approved dose", "negation": "affirmed", "UMLS": "", "start": 131, "end": 144}, {"term": "approved dose", "negation": "affirmed", "UMLS": "", "start": 131, "end": 144}], "Outcome": [{"term": "IC50 in lungs", "negation": "affirmed", "UMLS": "", "start": 77, "end": 90}, {"term": "predicted lung", "negation": "affirmed", "UMLS": "", "start": 147, "end": 161}]}, "Evidence Propositions": [{"Intervention": "ivermectin", "Observation": "0.0873 microM", "Outcome": "predicted lung", "Count": ""}, {"Intervention": "approved dose", "Observation": "0.0873 microM", "Outcome": "predicted lung", "Count": ""}]}, {"Section": "CONCLUSIONS", "Text": "In summary , the likelihood of a successful clinical trial using the approved dose of ivermectin is low .", "Evidence Elements": {"Participant": [], "Intervention": [{"term": "approved dose of ivermectin", "negation": "affirmed", "UMLS": "", "start": 69, "end": 96}], "Outcome": [{"term": "likelihood of a successful clinical trial", "negation": "affirmed", "UMLS": "", "start": 17, "end": 58}]}, "Evidence Propositions": []}, {"Section": "CONCLUSIONS", "Text": "Combination therapy should be evaluated in vitro .", "Evidence Elements": {"Participant": [], "Intervention": [], "Outcome": []}, "Evidence Propositions": []}, {"Section": "CONCLUSIONS", "Text": "Re-purposing drugs for use in COVID-19 treatment is an ideal strategy but is only feasible when product safety has been established and experiments of re-purposed drugs are conducted at clinically relevant concentrations .", "Evidence Elements": {"Participant": [], "Intervention": [], "Outcome": []}, "Evidence Propositions": []}]}