{"doc_id": "32370986", "type of study": "Therapy", "title": "", "abstract": "With the multiplication of COVID-19 severe acute respiratory syndrome cases due to SARS-COV2, some concerns about angiotensin-converting enzyme 1 (ACE1) inhibitors (ACEi) and angiotensin II type 1 receptor blockers (ARB) have emerged.\nSince the ACE2 (angiotensin-converting enzyme 2) enzyme is the receptor that allows SARS COV2 entry into cells, the fear was that pre-existing treatment with ACEi or ARB might increase the risk of developing severe or fatal severe acute respiratory syndrome in case of COVID-19 infection.\nThe present article discusses these concerns.\nACE2 is a membrane-bound enzyme (carboxypeptidase) that contributes to the inactivation of angiotensin II and therefore physiologically counters angiotensin II effects.\nACEis do not inhibit ACE2.\nAlthough ARBs have been shown to up-regulate ACE2 tissue expression in experimental animals, evidence was not always consistent in human studies.\nMoreover, to date there is no evidence that ACEi or ARB administration facilitates SARS-COV2 cell entry by increasing ACE2 tissue expression in either animal or human studies.\nFinally, some studies support the hypothesis that elevated ACE2 membrane expression and tissue activity by administration of ARB and/or infusion of soluble ACE2 could confer protective properties against inflammatory tissue damage in COVID-19 infection.\nIn summary, based on the currently available evidence and as advocated by many medical societies, ACEi or ARB should not be discontinued because of concerns with COVID-19 infection, except when the hemodynamic situation is precarious and case-by-case adjustment is required.\n", "Evidence Map": {"Enrollment": [], "Comparison Results": [], "Study Arm 1 Results": [], "Study Arm 2 Results": []}, "Sentence-level breakdown": [{"Section": "TITLE", "Text": "With the multiplication of COVID-19 severe acute respiratory syndrome cases due to SARS-COV2 , some concerns about angiotensin-converting enzyme 1 ( ACE1 ) inhibitors ( ACEi ) and angiotensin II type 1 receptor blockers ( ARB ) have emerged .", "Evidence Elements": {"Participant": [], "Intervention": [], "Outcome": []}, "Evidence Propositions": []}, {"Section": "OBJECTIVE", "Text": "The present article discusses these concerns .", "Evidence Elements": {"Participant": [], "Intervention": [], "Outcome": []}, "Evidence Propositions": []}, {"Section": "RESULTS", "Text": "ACE2 is a membrane-bound enzyme ( carboxypeptidase ) that contributes to the inactivation of angiotensin II and therefore physiologically counters angiotensin II effects .", "Evidence Elements": {"Participant": [], "Intervention": [], "Outcome": []}, "Evidence Propositions": []}, {"Section": "RESULTS", "Text": "ACEis do not inhibit ACE2 .", "Evidence Elements": {"Participant": [], "Intervention": [{"term": "ACEis", "negation": "affirmed", "UMLS": "", "start": 0, "end": 5}], "Outcome": [{"term": "ACE2", "negation": "negated", "UMLS": "", "start": 21, "end": 25}]}, "Evidence Propositions": []}, {"Section": "RESULTS", "Text": "Although ARBs have been shown to up-regulate ACE2 tissue expression in experimental animals , evidence was not always consistent in human studies .", "Evidence Elements": {"Participant": [], "Intervention": [], "Outcome": []}, "Evidence Propositions": []}, {"Section": "RESULTS", "Text": "Moreover , to date there is no evidence that ACEi or ARB administration facilitates SARS-COV2 cell entry by increasing ACE2 tissue expression in either animal or human studies .", "Evidence Elements": {"Participant": [], "Intervention": [], "Outcome": [{"term": "cell entry", "negation": "negated", "UMLS": "", "start": 94, "end": 104}, {"term": "tissue expression", "negation": "negated", "UMLS": "", "start": 124, "end": 141}]}, "Evidence Propositions": []}, {"Section": "RESULTS", "Text": "Finally , some studies support the hypothesis that elevated ACE2 membrane expression and tissue activity by administration of ARB and / or infusion of soluble ACE2 could confer protective properties against inflammatory tissue damage in COVID-19 infection .", "Evidence Elements": {"Participant": [], "Intervention": [{"term": "or infusion of soluble ACE2", "negation": "affirmed", "UMLS": "", "start": 136, "end": 163}], "Outcome": [{"term": "tissue activity", "negation": "affirmed", "UMLS": "", "start": 89, "end": 104}, {"term": "inflammatory tissue damage", "negation": "affirmed", "UMLS": "", "start": 207, "end": 233}]}, "Evidence Propositions": [{"Intervention": "or infusion of soluble ACE2", "Observation": "elevated", "Outcome": "tissue activity", "Count": ""}, {"Intervention": "or infusion of soluble ACE2", "Observation": "protective properties", "Outcome": "tissue activity", "Count": ""}, {"Intervention": "or infusion of soluble ACE2", "Observation": "protective properties", "Outcome": "inflammatory tissue damage", "Count": ""}]}, {"Section": "CONCLUSIONS", "Text": "In summary , based on the currently available evidence and as advocated by many medical societies , ACEi or ARB should not be discontinued because of concerns with COVID-19 infection , except when the hemodynamic situation is precarious and case-by-case adjustment is required .", "Evidence Elements": {"Participant": [], "Intervention": [], "Outcome": []}, "Evidence Propositions": []}]}