{"doc_id": "32376603", "type of study": "Therapy", "title": "", "abstract": "The coronavirus disease 2019 (COVID-19) pandemic caused by severe acute respiratory syndrome-coronavirus 2 (SARS-CoV-2) has resulted in an unprecedented public health crisis.\nThere are currently no SARS-CoV-2-specific treatments or vaccines available due to the novelty of the virus.\nHence, rapid development of effective vaccines against SARS-CoV-2 are urgently needed.\nHere we developed a pilot-scale production of a purified inactivated SARS-CoV-2 virus vaccine candidate (PiCoVacc), which induced SARS-CoV-2-specific neutralizing antibodies in mice, rats and non-human primates.\nThese antibodies neutralized 10 representative SARS-CoV-2 strains, suggesting a possible broader neutralizing ability against SARS-CoV-2 strains.\nThree immunizations using two different doses (3 mug or 6 mug per dose) provided partial or complete protection in macaques against SARS-CoV-2 challenge, respectively, without observable antibody-dependent enhancement of infection.\nThese data support clinical development of SARS-CoV-2 vaccines for humans.\n", "Evidence Map": {"Enrollment": [{"term": "SARS-CoV-2", "negation": "affirmed", "UMLS": "", "start": 47, "end": 57}, {"term": "macaques", "negation": "affirmed", "UMLS": "", "start": 117, "end": 125}], "Comparison Results": [], "Study Arm 1 Results": [], "Study Arm 2 Results": []}, "Sentence-level breakdown": [{"Section": "TITLE", "Text": "The coronavirus disease 2019 ( COVID-19) pandemic caused by severe acute respiratory syndrome-coronavirus 2 ( SARS-CoV-2 ) has resulted in an unprecedented public health crisis .", "Evidence Elements": {"Participant": [], "Intervention": [], "Outcome": []}, "Evidence Propositions": []}, {"Section": "RESULTS", "Text": "Here we developed a pilot-scale production of a purified inactivated SARS-CoV-2 virus vaccine candidate ( PiCoVacc ) , which induced SARS-CoV-2-specific neutralizing antibodies in mice , rats and non-human primates .", "Evidence Elements": {"Participant": [], "Intervention": [{"term": "purified", "negation": "affirmed", "UMLS": "", "start": 48, "end": 56}, {"term": "inactivated SARS-CoV-2 virus vaccine candidate ( PiCoVacc )", "negation": "affirmed", "UMLS": "", "start": 57, "end": 116}], "Outcome": [{"term": "SARS-CoV-2-specific neutralizing antibodies", "negation": "affirmed", "UMLS": "", "start": 133, "end": 176}]}, "Evidence Propositions": []}, {"Section": "RESULTS", "Text": "These antibodies neutralized 10 representative SARS-CoV-2 strains , suggesting a possible broader neutralizing ability against SARS-CoV-2 strains .", "Evidence Elements": {"Participant": [{"term": "SARS-CoV-2", "negation": "affirmed", "UMLS": "", "start": 47, "end": 57}], "Intervention": [], "Outcome": [{"term": "neutralized", "negation": "affirmed", "UMLS": "", "start": 17, "end": 28}, {"term": "neutralizing ability", "negation": "affirmed", "UMLS": "", "start": 98, "end": 118}]}, "Evidence Propositions": []}, {"Section": "RESULTS", "Text": "Three immunizations using two different doses ( 3 mug or 6 mug per dose ) provided partial or complete protection in macaques against SARS-CoV-2 challenge , respectively , without observable antibody-dependent enhancement of infection .", "Evidence Elements": {"Participant": [{"term": "macaques", "negation": "affirmed", "UMLS": "", "start": 117, "end": 125}], "Intervention": [{"term": "two different doses", "negation": "affirmed", "UMLS": "", "start": 26, "end": 45}], "Outcome": [{"term": "SARS-CoV-2 challenge", "negation": "affirmed", "UMLS": "", "start": 134, "end": 154}, {"term": "observable", "negation": "negated", "UMLS": "", "start": 180, "end": 190}]}, "Evidence Propositions": [{"Intervention": "two different doses", "Observation": "partial or complete protection", "Outcome": "SARS-CoV-2 challenge", "Count": ""}]}, {"Section": "CONCLUSIONS", "Text": "These data support clinical development of SARS-CoV-2 vaccines for humans .", "Evidence Elements": {"Participant": [], "Intervention": [], "Outcome": []}, "Evidence Propositions": []}]}