{"doc_id": "32376593", "type of study": "Therapy", "title": "", "abstract": "OBJECTIVE: To investigate the effect of heat inactivation (56Cfor 30 min) of SARS-CoV-2 on the results of therapeuticdrug monitoring (TDM) of voriconazole by liquid chromatography tandem mass spectrometry (LC-MS/MS).\nWe collected clinical blood samples from voriconazole-treated patients in heparinized tubes and sterilized the surface of the tubes with 75% ethanol.\nThe whole blood samples were centrifuged to separate the plasma with or without prior heat inactivation, or only the separated plasma was heat inactivated.\nHeat inactivation of the samples was carried out at 56 C for 30 min followed by protein precipitation with acetonitrile or ethanol.\nThe plasma standard and quality control samples were inactivated in an identical manner and tested with LC-MS/MS along with the treated samples.\nThe optimized method showed a high imprecision (with mean intra- and inter-day imprecisions of 3.59% and 2.81%, respectively) and a high accuracy (mean 97.37%) for detecting voriconazole in the inactivated samples at different concentration levels.\nSample preparation with acetonitrile or ethanol resulted in a high mean recovery (100.56% or 95.90%) with minimal mean matrix effect (102.85% or 93.62%).\nThe measured voriconazole concentrations in inactivated whole blood, inactivated plasma and the samples without inactivation all showed good linear correlations with correlation coefficients all greater than 0.99.\nHeat inactivation at 56 C for 30 min combined with ethanol sample preparation only has limited effects to affect LC-MS-based voriconazole concentration measurement in whole blood samples collected in heparinized tubes, and can be used for therapeutic drug monitoring of voriconazole during the ongoing COVID-19 pandemic.\n", "Evidence Map": {"Enrollment": [], "Comparison Results": [], "Study Arm 1 Results": [], "Study Arm 2 Results": []}, "Sentence-level breakdown": [{"Section": "TITLE", "Text": "OBJECTIVE : To investigate the effect of heat inactivation ( 56Cfor 30 min ) of SARS-CoV-2 on the results of therapeuticdrug monitoring ( TDM ) of voriconazole by liquid chromatography tandem mass spectrometry ( LC-MS / MS ) .", "Evidence Elements": {"Participant": [], "Intervention": [{"term": "SARS-CoV-2", "negation": "affirmed", "UMLS": "", "start": 80, "end": 90}, {"term": "voriconazole", "negation": "affirmed", "UMLS": "", "start": 147, "end": 159}], "Outcome": [{"term": "heat inactivation", "negation": "affirmed", "UMLS": "", "start": 41, "end": 58}, {"term": "therapeuticdrug monitoring ( TDM )", "negation": "affirmed", "UMLS": "", "start": 109, "end": 143}]}, "Evidence Propositions": []}, {"Section": "METHODS", "Text": "We collected clinical blood samples from voriconazole-treated patients in heparinized tubes and sterilized the surface of the tubes with 75 % ethanol .", "Evidence Elements": {"Participant": [], "Intervention": [{"term": "voriconazole-treated", "negation": "affirmed", "UMLS": "", "start": 41, "end": 61}], "Outcome": []}, "Evidence Propositions": []}, {"Section": "METHODS", "Text": "The whole blood samples were centrifuged to separate the plasma with or without prior heat inactivation , or only the separated plasma was heat inactivated .", "Evidence Elements": {"Participant": [], "Intervention": [], "Outcome": []}, "Evidence Propositions": []}, {"Section": "METHODS", "Text": "Heat inactivation of the samples was carried out at 56 C for 30 min followed by protein precipitation with acetonitrile or ethanol .", "Evidence Elements": {"Participant": [], "Intervention": [], "Outcome": [{"term": "Heat inactivation", "negation": "affirmed", "UMLS": "", "start": 0, "end": 17}]}, "Evidence Propositions": []}, {"Section": "METHODS", "Text": "The plasma standard and quality control samples were inactivated in an identical manner and tested with LC-MS /MS along with the treated samples .", "Evidence Elements": {"Participant": [], "Intervention": [], "Outcome": []}, "Evidence Propositions": []}, {"Section": "RESULTS", "Text": "The optimized method showed a high imprecision ( with mean intra- and inter-day imprecisions of 3.59 % and 2.81 % , respectively ) and a high accuracy ( mean 97.37 % ) for detecting voriconazole in the inactivated samples at different concentration levels .", "Evidence Elements": {"Participant": [], "Intervention": [{"term": "optimized method", "negation": "affirmed", "UMLS": "", "start": 4, "end": 20}, {"term": "voriconazole", "negation": "affirmed", "UMLS": "", "start": 182, "end": 194}], "Outcome": [{"term": "imprecision", "negation": "affirmed", "UMLS": "", "start": 35, "end": 46}, {"term": "mean intra- and inter-day imprecisions", "negation": "affirmed", "UMLS": "", "start": 54, "end": 92}, {"term": "accuracy", "negation": "affirmed", "UMLS": "", "start": 142, "end": 150}, {"term": "mean", "negation": "affirmed", "UMLS": "", "start": 54, "end": 58}]}, "Evidence Propositions": [{"Intervention": "optimized method", "Observation": "3.59 %", "Outcome": "mean intra- and inter-day imprecisions", "Count": ""}]}, {"Section": "RESULTS", "Text": "Sample preparation with acetonitrile or ethanol resulted in a high mean recovery ( 100.56 % or 95.90 % ) with minimal mean matrix effect ( 102.85 % or 93.62 % ) .", "Evidence Elements": {"Participant": [], "Intervention": [{"term": "acetonitrile", "negation": "affirmed", "UMLS": "", "start": 24, "end": 36}, {"term": "ethanol", "negation": "affirmed", "UMLS": "", "start": 40, "end": 47}], "Outcome": [{"term": "mean recovery", "negation": "affirmed", "UMLS": "", "start": 67, "end": 80}, {"term": "mean matrix", "negation": "affirmed", "UMLS": "", "start": 118, "end": 129}]}, "Evidence Propositions": []}, {"Section": "RESULTS", "Text": "The measured voriconazole concentrations in inactivated whole blood , inactivated plasma and the samples without inactivation all showed good linear correlations with correlation coefficients all greater than 0.99 .", "Evidence Elements": {"Participant": [], "Intervention": [{"term": "without inactivation", "negation": "affirmed", "UMLS": "", "start": 105, "end": 125}], "Outcome": [{"term": "voriconazole concentrations", "negation": "affirmed", "UMLS": "", "start": 13, "end": 40}, {"term": "linear", "negation": "negated", "UMLS": "", "start": 142, "end": 148}, {"term": "correlations", "negation": "negated", "UMLS": "", "start": 149, "end": 161}, {"term": "correlation coefficients", "negation": "negated", "UMLS": "", "start": 167, "end": 191}]}, "Evidence Propositions": [{"Intervention": ["without inactivation"], "Observation": "greater than", "Outcome": "correlation coefficients", "Count": ""}]}, {"Section": "CONCLUSIONS", "Text": "Heat inactivation at 56 C for 30 min combined with ethanol sample preparation only has limited effects to affect LC-MS-based voriconazole concentration measurement in whole blood samples collected in heparinized tubes , and can be used for therapeutic drug monitoring of voriconazole during the ongoing COVID-19 pandemic .", "Evidence Elements": {"Participant": [], "Intervention": [{"term": "voriconazole", "negation": "affirmed", "UMLS": "", "start": 125, "end": 137}], "Outcome": [{"term": "LC-MS-based voriconazole concentration measurement", "negation": "affirmed", "UMLS": "", "start": 113, "end": 163}, {"term": "drug", "negation": "affirmed", "UMLS": "", "start": 252, "end": 256}]}, "Evidence Propositions": []}]}