{"doc_id": "32375909", "type of study": "Therapy", "title": "", "abstract": "In December 2019, a new type of coronavirus, called severe acute respiratory syndrome coronavirus 2 (SARS-CoV-2), appeared in Wuhan, China.\nSerious outbreaks of coronavirus disease 2019 (COVID-19), related to the SARS-CoV-2 virus, have occurred throughout China and the world.\nTherefore, we intend to shed light on its potential clinical and epidemiological characteristics.\nIn this retrospective study, we included 50 confirmed fatal cases of SARS-CoV-2 reported on Chinese official media networks from January 16, 2020, to February 5, 2020.\nAll the cases were confirmed by local qualified medical and health institutions.\nSpecific information has been released through official channels.\nAccording to the contents of the reports, we recorded in detail the gender, age, first symptom date, death date, primary symptoms, chronic fundamental diseases, and other data of the patients, and carried out analyses and discussion.\nIn total, 50 fatal cases were reported: median age was 70 y old, and males were 2.33 times more likely to die than females.\nThe median number of days from the first symptom to death was 13, and that length of time tended to be shorter among people aged 65 and older compared with those younger than 65 (12 days vs 17 days; P = 0.046).\nTherefore, the older patients had fewer number of days from the first symptom to death (r = -0.40; P = 0.012).\nIn our study, we found that most of the deaths were elderly men with chronic fundamental diseases, and their COVID-19 progression to death time was shorter.\nAt the same time, we demonstrated that older men are more likely to become infected with COVID-19, and the risk of death is positively correlated with age.\n", "Evidence Map": {"Enrollment": [{"term": "males", "negation": "affirmed", "UMLS": "", "start": 72, "end": 77}, {"term": "elderly men", "negation": "affirmed", "UMLS": "", "start": 53, "end": 64}, {"term": "chronic fundamental diseases", "negation": "affirmed", "UMLS": "", "start": 70, "end": 98}, {"term": "older men", "negation": "affirmed", "UMLS": "", "start": 40, "end": 49}], "Comparison Results": [], "Study Arm 1 Results": [], "Study Arm 2 Results": []}, "Sentence-level breakdown": [{"Section": "TITLE", "Text": "In December 2019 , a new type of coronavirus , called severe acute respiratory syndrome coronavirus 2 ( SARS-CoV-2 ) , appeared in Wuhan , China .", "Evidence Elements": {"Participant": [], "Intervention": [], "Outcome": []}, "Evidence Propositions": []}, {"Section": "OBJECTIVE", "Text": "Therefore , we intend to shed light on its potential clinical and epidemiological characteristics .", "Evidence Elements": {"Participant": [], "Intervention": [], "Outcome": []}, "Evidence Propositions": []}, {"Section": "METHODS", "Text": "In this retrospective study , we included 50 confirmed fatal cases of SARS-CoV-2 reported on Chinese official media networks from January 16 , 2020 , to February 5 , 2020 .", "Evidence Elements": {"Participant": [], "Intervention": [], "Outcome": [{"term": "confirmed", "negation": "affirmed", "UMLS": "", "start": 45, "end": 54}, {"term": "fatal cases", "negation": "affirmed", "UMLS": "", "start": 55, "end": 66}, {"term": "SARS-CoV-2", "negation": "affirmed", "UMLS": "", "start": 70, "end": 80}]}, "Evidence Propositions": []}, {"Section": "METHODS", "Text": "All the cases were confirmed by local qualified medical and health institutions .", "Evidence Elements": {"Participant": [], "Intervention": [], "Outcome": []}, "Evidence Propositions": []}, {"Section": "METHODS", "Text": "Specific information has been released through official channels .", "Evidence Elements": {"Participant": [], "Intervention": [], "Outcome": []}, "Evidence Propositions": []}, {"Section": "METHODS", "Text": "According to the contents of the reports , we recorded in detail the gender , age , first symptom date , death date , primary symptoms , chronic fundamental diseases , and other data of the patients , and carried out analyses and discussion .", "Evidence Elements": {"Participant": [], "Intervention": [], "Outcome": []}, "Evidence Propositions": []}, {"Section": "RESULTS", "Text": "In total , 50 fatal cases were reported : median age was 70 y old , and males were 2.33 times more likely to die than females .", "Evidence Elements": {"Participant": [{"term": "males", "negation": "affirmed", "UMLS": "", "start": 72, "end": 77}], "Intervention": [], "Outcome": []}, "Evidence Propositions": []}, {"Section": "RESULTS", "Text": "The median number of days from the first symptom to death was 13 , and that length of time tended to be shorter among people aged 65 and older compared with those younger than 65 ( 12 days vs 17 days ; P = 0.046 ) .", "Evidence Elements": {"Participant": [], "Intervention": [{"term": "aged 65 and older", "negation": "affirmed", "UMLS": "", "start": 125, "end": 142}, {"term": "younger than 65", "negation": "affirmed", "UMLS": "", "start": 163, "end": 178}], "Outcome": [{"term": "median number of days from the first symptom to death", "negation": "affirmed", "UMLS": "", "start": 4, "end": 57}, {"term": "length of time", "negation": "affirmed", "UMLS": "", "start": 76, "end": 90}]}, "Evidence Propositions": [{"Intervention": ["aged 65 and older", "younger than 65"], "Observation": "shorter", "Outcome": "median number of days from the first symptom to death", "Count": ""}, {"Intervention": ["aged 65 and older", "younger than 65"], "Observation": "shorter", "Outcome": "length of time", "Count": ""}, {"Intervention": "aged 65 and older", "Observation": "12 days", "Outcome": "median number of days from the first symptom to death", "Count": ""}, {"Intervention": "aged 65 and older", "Observation": "12 days", "Outcome": "length of time", "Count": ""}, {"Intervention": "younger than 65", "Observation": "17 days", "Outcome": "length of time", "Count": ""}]}, {"Section": "RESULTS", "Text": "Therefore , the older patients had fewer number of days from the first symptom to death ( r = -0.40 ; P = 0.012 ) .", "Evidence Elements": {"Participant": [], "Intervention": [{"term": "older patients", "negation": "affirmed", "UMLS": "", "start": 16, "end": 30}], "Outcome": [{"term": "number of days from the first symptom to death", "negation": "affirmed", "UMLS": "", "start": 41, "end": 87}]}, "Evidence Propositions": []}, {"Section": "CONCLUSIONS", "Text": "In our study , we found that most of the deaths were elderly men with chronic fundamental diseases , and their COVID-19 progression to death time was shorter .", "Evidence Elements": {"Participant": [{"term": "elderly men", "negation": "affirmed", "UMLS": "", "start": 53, "end": 64}, {"term": "chronic fundamental diseases", "negation": "affirmed", "UMLS": "", "start": 70, "end": 98}], "Intervention": [], "Outcome": [{"term": "deaths", "negation": "affirmed", "UMLS": "", "start": 41, "end": 47}, {"term": "COVID-19 progression to death time", "negation": "affirmed", "UMLS": "", "start": 111, "end": 145}]}, "Evidence Propositions": [{"Intervention": [], "Observation": "most", "Outcome": "deaths", "Count": ""}]}, {"Section": "CONCLUSIONS", "Text": "At the same time , we demonstrated that older men are more likely to become infected with COVID-19 , and the risk of death is positively correlated with age .", "Evidence Elements": {"Participant": [{"term": "older men", "negation": "affirmed", "UMLS": "", "start": 40, "end": 49}], "Intervention": [], "Outcome": [{"term": "infected with COVID-19", "negation": "affirmed", "UMLS": "", "start": 76, "end": 98}, {"term": "risk of death", "negation": "affirmed", "UMLS": "", "start": 109, "end": 122}]}, "Evidence Propositions": [{"Intervention": [], "Observation": "more likely", "Outcome": "infected with COVID-19", "Count": ""}]}]}