{"doc_id": "32379692", "type of study": "Therapy", "title": "", "abstract": "A new kind of Pneumonia caused by new corona virus has been widespread in China since winter of 2019.\nNo effective treatment for this disease was verified, so the morbidity and mortality rate were supposed higher than flu.\nThe Traditional Chinese Medicine is widely used in clinical practice in China, but many other countries of the world to deal with diseases that remain clinically challenging.\n", "Evidence Map": {"Enrollment": [], "Comparison Results": [], "Study Arm 1 Results": [], "Study Arm 2 Results": []}, "Sentence-level breakdown": [{"Section": "TITLE", "Text": "A new kind of Pneumonia caused by new corona virus has been widespread in China since winter of 2019 .", "Evidence Elements": {"Participant": [], "Intervention": [], "Outcome": []}, "Evidence Propositions": []}, {"Section": "RESULTS", "Text": "No effective treatment for this disease was verified , so the morbidity and mortality rate were supposed higher than flu .", "Evidence Elements": {"Participant": [], "Intervention": [], "Outcome": [{"term": "treatment", "negation": "negated", "UMLS": "", "start": 13, "end": 22}, {"term": "morbidity", "negation": "negated", "UMLS": "", "start": 62, "end": 71}, {"term": "mortality rate", "negation": "negated", "UMLS": "", "start": 76, "end": 90}]}, "Evidence Propositions": [{"Intervention": [], "Observation": "higher", "Outcome": "morbidity", "Count": ""}, {"Intervention": [], "Observation": "higher", "Outcome": "mortality rate", "Count": ""}]}, {"Section": "CONCLUSIONS", "Text": "The Traditional Chinese Medicine is widely used in clinical practice in China , but many other countries of the world to deal with diseases that remain clinically challenging .", "Evidence Elements": {"Participant": [], "Intervention": [], "Outcome": []}, "Evidence Propositions": []}]}