{"doc_id": "32376592", "type of study": "Therapy", "title": "", "abstract": "OBJECTIVE: To analyze the clinical characteristics of patients with severe or critical coronavirus disease 2019 (COVID-19) receiving tracheal intubation.\nWe analyzed clinical characteristics of 18 severely or critically ill patients with COVID-19 undergoing tracheal intubation.\nThe general demographic and clinical data of the patients including their age, gender, pre- intubation state of consciousness and the ventilation mode were recorded.\nThe anesthesiologists performing the tracheal intubation procedure evaluated and recorded the tracheal intubation conditions of the patients.\nThe changes in the vital signs of the patients before anesthesia induction and after intubation were recorded.\nThe average ages of these patients were 70.39+-8.02 years.\nFifteen patients (83.33%) received non- invasive ventilation before tracheal intubation, and 13 patients (72.22%) were conscious before tracheal intubation.\nAfter induction of anesthesia, the blood pressure and heart rate of the patients decreased significantly (P < 0.05).\nMost of the patients (94.44%) were in excellent or good conditions for tracheal intubation, and the first-attempt success rate of tracheal intubation was 100%.\nFive patients died within 3 weeks following the intubation.\nTracheotomy was performed in one patient.\nTwelve patients were still on endotracheal mechanical ventilation in the intensive care unit, and one of them received ECMO treatment due to poor oxygenation.\nA total of 16 experienced anesthesiologists participated in tracheal intubation, all with third-level protection during the operation, and no medical staff infection has been detected so far.\nFor patients with severe and critical COVID-19 and indications of tracheal intubation, we recommend early intubation with invasive respiratory support to improve the treatment efficacy and reduce the mortality.\nAnesthetic agents should be used carefully during tracheal intubation to ensure patients' safety.\nThe medical staff should have a high-level protection during the intubation to maximally ensure their safety.\n", "Evidence Map": {"Enrollment": [{"term": "severe or critical coronavirus disease 2019 ( COVID-19 )", "negation": "affirmed", "UMLS": "", "start": 69, "end": 125}, {"term": "severely or critically ill", "negation": "affirmed", "UMLS": "", "start": 43, "end": 69}, {"term": "COVID-19", "negation": "affirmed", "UMLS": "", "start": 84, "end": 92}, {"term": "tracheal intubation", "negation": "affirmed", "UMLS": "", "start": 104, "end": 123}, {"term": "tracheal intubation procedure", "negation": "affirmed", "UMLS": "", "start": 37, "end": 66}, {"term": "endotracheal mechanical ventilation", "negation": "affirmed", "UMLS": "", "start": 30, "end": 65}, {"term": "experienced anesthesiologists", "negation": "affirmed", "UMLS": "", "start": 14, "end": 43}, {"term": "operation", "negation": "affirmed", "UMLS": "", "start": 125, "end": 134}, {"term": "severe and critical COVID-19", "negation": "affirmed", "UMLS": "", "start": 18, "end": 46}, {"term": "of tracheal intubation", "negation": "affirmed", "UMLS": "", "start": 63, "end": 85}], "Comparison Results": [], "Study Arm 1 Results": [], "Study Arm 2 Results": []}, "Sentence-level breakdown": [{"Section": "TITLE", "Text": "OBJECTIVE : To analyze the clinical characteristics of patients with severe or critical coronavirus disease 2019 ( COVID-19 ) receiving tracheal intubation .", "Evidence Elements": {"Participant": [{"term": "severe or critical coronavirus disease 2019 ( COVID-19 )", "negation": "affirmed", "UMLS": "", "start": 69, "end": 125}], "Intervention": [], "Outcome": [{"term": "clinical characteristics", "negation": "affirmed", "UMLS": "", "start": 27, "end": 51}]}, "Evidence Propositions": []}, {"Section": "METHODS", "Text": "We analyzed clinical characteristics of 18 severely or critically ill patients with COVID-19 undergoing tracheal intubation .", "Evidence Elements": {"Participant": [{"term": "severely or critically ill", "negation": "affirmed", "UMLS": "", "start": 43, "end": 69}, {"term": "COVID-19", "negation": "affirmed", "UMLS": "", "start": 84, "end": 92}, {"term": "tracheal intubation", "negation": "affirmed", "UMLS": "", "start": 104, "end": 123}], "Intervention": [], "Outcome": [{"term": "clinical characteristics", "negation": "affirmed", "UMLS": "", "start": 12, "end": 36}]}, "Evidence Propositions": []}, {"Section": "METHODS", "Text": "The general demographic and clinical data of the patients including their age , gender , pre-intubation state of consciousness and the ventilation mode were recorded .", "Evidence Elements": {"Participant": [], "Intervention": [], "Outcome": []}, "Evidence Propositions": []}, {"Section": "METHODS", "Text": "The anesthesiologists performing the tracheal intubation procedure evaluated and recorded the tracheal intubation conditions of the patients .", "Evidence Elements": {"Participant": [{"term": "tracheal intubation procedure", "negation": "affirmed", "UMLS": "", "start": 37, "end": 66}], "Intervention": [], "Outcome": [{"term": "tracheal intubation conditions", "negation": "affirmed", "UMLS": "", "start": 94, "end": 124}]}, "Evidence Propositions": []}, {"Section": "METHODS", "Text": "The changes in the vital signs of the patients before anesthesia induction and after intubation were recorded .", "Evidence Elements": {"Participant": [], "Intervention": [], "Outcome": [{"term": "vital signs", "negation": "affirmed", "UMLS": "", "start": 19, "end": 30}]}, "Evidence Propositions": []}, {"Section": "RESULTS", "Text": "The average ages of these patients were 70.39+-8.02 years .", "Evidence Elements": {"Participant": [], "Intervention": [], "Outcome": []}, "Evidence Propositions": []}, {"Section": "RESULTS", "Text": "Fifteen patients ( 83.33 % ) received non-invasive ventilation before tracheal intubation , and 13 patients ( 72.22 % ) were conscious before tracheal intubation .", "Evidence Elements": {"Participant": [], "Intervention": [{"term": "non-invasive ventilation before tracheal intubation", "negation": "affirmed", "UMLS": "", "start": 38, "end": 89}], "Outcome": []}, "Evidence Propositions": []}, {"Section": "RESULTS", "Text": "After induction of anesthesia , the blood pressure and heart rate of the patients decreased significantly ( P < 0.05 ) .", "Evidence Elements": {"Participant": [], "Intervention": [], "Outcome": [{"term": "blood pressure", "negation": "affirmed", "UMLS": "", "start": 36, "end": 50}, {"term": "heart rate", "negation": "affirmed", "UMLS": "", "start": 55, "end": 65}]}, "Evidence Propositions": []}, {"Section": "RESULTS", "Text": "Most of the patients ( 94.44 % ) were in excellent or good conditions for tracheal intubation , and the first-attempt success rate of tracheal intubation was 100 % .", "Evidence Elements": {"Participant": [], "Intervention": [], "Outcome": [{"term": "excellent or good conditions for tracheal intubation", "negation": "affirmed", "UMLS": "", "start": 41, "end": 93}, {"term": "first-attempt success rate of", "negation": "affirmed", "UMLS": "", "start": 104, "end": 133}]}, "Evidence Propositions": [{"Intervention": [], "Observation": "", "Count": "Most of the patients ( 94.44 % )", "Outcome": "excellent or good conditions for tracheal intubation"}]}, {"Section": "RESULTS", "Text": "Five patients died within 3 weeks following the intubation .", "Evidence Elements": {"Participant": [], "Intervention": [], "Outcome": [{"term": "died", "negation": "affirmed", "UMLS": "", "start": 14, "end": 18}, {"term": "intubation", "negation": "affirmed", "UMLS": "", "start": 48, "end": 58}]}, "Evidence Propositions": []}, {"Section": "RESULTS", "Text": "Tracheotomy was performed in one patient .", "Evidence Elements": {"Participant": [], "Intervention": [], "Outcome": [{"term": "Tracheotomy", "negation": "affirmed", "UMLS": "", "start": 0, "end": 11}]}, "Evidence Propositions": []}, {"Section": "RESULTS", "Text": "Twelve patients were still on endotracheal mechanical ventilation in the intensive care unit , and one of them received ECMO treatment due to poor oxygenation .", "Evidence Elements": {"Participant": [{"term": "endotracheal mechanical ventilation", "negation": "affirmed", "UMLS": "", "start": 30, "end": 65}], "Intervention": [{"term": "ECMO treatment", "negation": "affirmed", "UMLS": "", "start": 120, "end": 134}], "Outcome": []}, "Evidence Propositions": []}, {"Section": "RESULTS", "Text": "A total of 16 experienced anesthesiologists participated in tracheal intubation , all with third-level protection during the operation , and no medical staff infection has been detected so far .", "Evidence Elements": {"Participant": [{"term": "experienced anesthesiologists", "negation": "affirmed", "UMLS": "", "start": 14, "end": 43}, {"term": "operation", "negation": "affirmed", "UMLS": "", "start": 125, "end": 134}], "Intervention": [], "Outcome": [{"term": "tracheal intubation", "negation": "affirmed", "UMLS": "", "start": 60, "end": 79}, {"term": "medical staff infection", "negation": "negated", "UMLS": "", "start": 144, "end": 167}]}, "Evidence Propositions": []}, {"Section": "CONCLUSIONS", "Text": "For patients with severe and critical COVID-19 and indications of tracheal intubation , we recommend early intubation with invasive respiratory support to improve the treatment efficacy and reduce the mortality .", "Evidence Elements": {"Participant": [{"term": "severe and critical COVID-19", "negation": "affirmed", "UMLS": "", "start": 18, "end": 46}, {"term": "of tracheal intubation", "negation": "affirmed", "UMLS": "", "start": 63, "end": 85}], "Intervention": [{"term": "early intubation with invasive respiratory support", "negation": "affirmed", "UMLS": "", "start": 101, "end": 151}], "Outcome": [{"term": "treatment efficacy", "negation": "affirmed", "UMLS": "", "start": 167, "end": 185}]}, "Evidence Propositions": [{"Intervention": "early intubation with invasive respiratory support", "Observation": "improve", "Outcome": "treatment efficacy", "Count": ""}]}, {"Section": "CONCLUSIONS", "Text": "Anesthetic agents should be used carefully during tracheal intubation to ensure patients ' safety .", "Evidence Elements": {"Participant": [], "Intervention": [], "Outcome": []}, "Evidence Propositions": []}, {"Section": "CONCLUSIONS", "Text": "The medical staff should have a high-level protection during the intubation to maximally ensure their safety .", "Evidence Elements": {"Participant": [], "Intervention": [], "Outcome": []}, "Evidence Propositions": []}]}