{"doc_id": "32373237", "type of study": "Therapy", "title": "", "abstract": "Rationale: Chest computed tomography (CT) has been used for the coronavirus disease 2019 (COVID-19) monitoring.\nHowever, the imaging risk factors for poor clinical outcomes remain unclear.\nIn this study, we aimed to assess the imaging characteristics and risk factors associated with adverse composite endpoints in patients with COVID-19 pneumonia.\nMethods: This retrospective cohort study enrolled patients with laboratory-confirmed COVID-19 from 24 designated hospitals in Jiangsu province, China, between 10 January and 18 February 2020.\nClinical and initial CT findings at admission were extracted from medical records.\nPatients aged < 18 years or without available clinical or CT records were excluded.\nThe composite endpoints were admission to ICU, acute respiratory failure occurrence, or shock during hospitalization.\nThe volume, density, and location of lesions, including ground-glass opacity (GGO) and consolidation, were quantitatively analyzed in each patient.\nMultivariable logistic regression models were used to identify the risk factors among age and CT parameters associated with the composite endpoints.\nResults: In this study, 625 laboratory-confirmed COVID-19 patients were enrolled; among them, 179 patients without an initial CT at admission and 25 patients aged < 18 years old were excluded and 421 patients were included in analysis.\nThe median age was 48.0 years and the male proportion was 53% (224/421).\nDuring the follow-up period, 64 (15%) patients had a composite endpoint.\nThere was an association of older age (odds ratio [OR], 1.04; 95% confidence interval [CI]: 1.01-1.06; P = 0.003), larger consolidation lesions in the upper lung (Right: OR, 1.13; 95%CI: 1.03-1.25, P =0.01; Left: OR,1.15; 95%CI: 1.01-1.32; P = 0.04) with increased odds of adverse endpoints.\nConclusion: There was an association of older age and larger consolidation in upper lungs on admission with higher odds of poor outcomes in patients with COVID-19.\n", "Evidence Map": {"Enrollment": [{"term": "COVID-19", "negation": "affirmed", "UMLS": "", "start": 141, "end": 149}, {"term": "laboratory-confirmed COVID-19", "negation": "affirmed", "UMLS": "", "start": 65, "end": 94}, {"term": "laboratory-confirmed COVID-19", "negation": "affirmed", "UMLS": "", "start": 30, "end": 59}, {"term": "initial CT at admission", "negation": "negated", "UMLS": "", "start": 122, "end": 145}], "Comparison Results": [], "Study Arm 1 Results": [], "Study Arm 2 Results": []}, "Sentence-level breakdown": [{"Section": "TITLE", "Text": "Rationale : Chest computed tomography ( CT ) has been used for the coronavirus disease 2019 ( COVID-19 ) monitoring .", "Evidence Elements": {"Participant": [], "Intervention": [], "Outcome": []}, "Evidence Propositions": []}, {"Section": "OBJECTIVE", "Text": "In this study , we aimed to assess the imaging characteristics and risk factors associated with adverse composite endpoints in patients with COVID-19 pneumonia .", "Evidence Elements": {"Participant": [{"term": "COVID-19", "negation": "affirmed", "UMLS": "", "start": 141, "end": 149}], "Intervention": [], "Outcome": [{"term": "imaging characteristics", "negation": "affirmed", "UMLS": "", "start": 39, "end": 62}, {"term": "risk factors associated with adverse composite endpoints", "negation": "affirmed", "UMLS": "", "start": 67, "end": 123}]}, "Evidence Propositions": []}, {"Section": "METHODS", "Text": "Methods : This retrospective cohort study enrolled patients with laboratory-confirmed COVID-19 from 24 designated hospitals in Jiangsu province , China , between 10 January and 18 February 2020 .", "Evidence Elements": {"Participant": [{"term": "laboratory-confirmed COVID-19", "negation": "affirmed", "UMLS": "", "start": 65, "end": 94}], "Intervention": [], "Outcome": []}, "Evidence Propositions": []}, {"Section": "METHODS", "Text": "Clinical and initial CT findings at admission were extracted from medical records .", "Evidence Elements": {"Participant": [], "Intervention": [], "Outcome": [{"term": "Clinical and initial CT findings", "negation": "affirmed", "UMLS": "", "start": 0, "end": 32}]}, "Evidence Propositions": []}, {"Section": "METHODS", "Text": "Patients aged < 18 years or without available clinical or CT records were excluded .", "Evidence Elements": {"Participant": [], "Intervention": [], "Outcome": []}, "Evidence Propositions": []}, {"Section": "METHODS", "Text": "The composite endpoints were admission to ICU , acute respiratory failure occurrence , or shock during hospitalization .", "Evidence Elements": {"Participant": [], "Intervention": [], "Outcome": [{"term": "admission to ICU", "negation": "affirmed", "UMLS": "", "start": 29, "end": 45}, {"term": "acute respiratory failure occurrence", "negation": "affirmed", "UMLS": "", "start": 48, "end": 84}, {"term": "shock", "negation": "affirmed", "UMLS": "", "start": 90, "end": 95}]}, "Evidence Propositions": []}, {"Section": "METHODS", "Text": "The volume , density , and location of lesions , including ground-glass opacity ( GGO ) and consolidation , were quantitatively analyzed in each patient .", "Evidence Elements": {"Participant": [], "Intervention": [], "Outcome": [{"term": "volume , density , and location of lesions", "negation": "affirmed", "UMLS": "", "start": 4, "end": 46}, {"term": "ground-glass opacity ( GGO )", "negation": "affirmed", "UMLS": "", "start": 59, "end": 87}, {"term": "consolidation", "negation": "affirmed", "UMLS": "", "start": 92, "end": 105}]}, "Evidence Propositions": []}, {"Section": "METHODS", "Text": "Multivariable logistic regression models were used to identify the risk factors among age and CT parameters associated with the composite endpoints .", "Evidence Elements": {"Participant": [], "Intervention": [], "Outcome": [{"term": "risk factors", "negation": "affirmed", "UMLS": "", "start": 67, "end": 79}]}, "Evidence Propositions": []}, {"Section": "RESULTS", "Text": "Results : In this study , 625 laboratory-confirmed COVID-19 patients were enrolled ; among them , 179 patients without an initial CT at admission and 25 patients aged < 18 years old were excluded and 421 patients were included in analysis .", "Evidence Elements": {"Participant": [{"term": "laboratory-confirmed COVID-19", "negation": "affirmed", "UMLS": "", "start": 30, "end": 59}, {"term": "initial CT at admission", "negation": "negated", "UMLS": "", "start": 122, "end": 145}], "Intervention": [], "Outcome": []}, "Evidence Propositions": []}, {"Section": "RESULTS", "Text": "The median age was 48.0 years and the male proportion was 53 % ( 224 / 421 ) .", "Evidence Elements": {"Participant": [], "Intervention": [], "Outcome": []}, "Evidence Propositions": []}, {"Section": "RESULTS", "Text": "During the follow-up period , 64 ( 15 % ) patients had a composite endpoint .", "Evidence Elements": {"Participant": [], "Intervention": [], "Outcome": []}, "Evidence Propositions": []}, {"Section": "RESULTS", "Text": "There was an association of older age ( odds ratio [ OR ] , 1.04 ; 95 % confidence interval [ CI ] : 1.01-1.06 ; P=0.003 ) , larger consolidation lesions in the upper lung ( Right : OR , 1.13 ; 95 % CI : 1.03-1.25 , P=0.01 ; Left : OR , 1.15 ; 95 % CI : 1.01-1.32 ; P=0.04 ) with increased odds of adverse endpoints .", "Evidence Elements": {"Participant": [], "Intervention": [{"term": "older age", "negation": "affirmed", "UMLS": "", "start": 28, "end": 37}], "Outcome": [{"term": "consolidation lesions in the upper lung", "negation": "affirmed", "UMLS": "", "start": 132, "end": 171}]}, "Evidence Propositions": [{"Intervention": [], "Observation": "larger", "Outcome": "", "Count": ""}]}, {"Section": "CONCLUSIONS", "Text": "Conclusion : There was an association of older age and larger consolidation in upper lungs on admission with higher odds of poor outcomes in patients with COVID-19 .", "Evidence Elements": {"Participant": [], "Intervention": [{"term": "older age", "negation": "affirmed", "UMLS": "", "start": 41, "end": 50}], "Outcome": [{"term": "consolidation in upper lungs", "negation": "affirmed", "UMLS": "", "start": 62, "end": 90}, {"term": "odds of poor outcomes", "negation": "affirmed", "UMLS": "", "start": 116, "end": 137}]}, "Evidence Propositions": [{"Intervention": [], "Observation": "larger", "Outcome": "", "Count": ""}, {"Intervention": [], "Observation": "higher", "Outcome": "", "Count": ""}]}]}