{"doc_id": "32376987", "type of study": "Therapy", "title": "", "abstract": "Proteolytic cleavage of influenza A virus (IAV) hemagglutinin by host proteases is crucial for virus infectivity and spread.\nThe transmembrane serine protease TMPRSS2 was previously identified as the essential protease that can cleave hemagglutinin of many subtypes of influenza virus and spike protein of coronavirus.\nHerein, we found that a guanine rich tract, capable of forming intramolecular G-quadruplex in the presence of potassium ions, in the promoter region of human TMPRSS2 gene was quite important for gene transcriptional activity, hence affecting its function.\nFurthermore, 7 new synthesized benzoselenoxanthene analogues were found to enable stabilizing such G-quadruplex.\nMore importantly, compounds can down-regulate TMPRSS2 gene expression, especially endogenous TMPRSS2 protein levels, and consequently suppress influenza A virus propagation in vitro.\nOur results provide a new strategy for anti-influenza A virus infection by small molecules targeting the TMPRSS2 gene G-quadruplex and thus inhibiting TMPRSS2 expression, which is valuable for developing small molecule drugs against influenza A virus and also may be a potential candidate as anti- SARS-CoV-2 (Severe Acute Respiratory Syndrome CoV 2) lead molecules.\n", "Evidence Map": {"Enrollment": [], "Comparison Results": [], "Study Arm 1 Results": [], "Study Arm 2 Results": []}, "Sentence-level breakdown": [{"Section": "TITLE", "Text": "Proteolytic cleavage of influenza A virus ( IAV ) hemagglutinin by host proteases is crucial for virus infectivity and spread .", "Evidence Elements": {"Participant": [], "Intervention": [], "Outcome": []}, "Evidence Propositions": []}, {"Section": "RESULTS", "Text": "The transmembrane serine protease TMPRSS2 was previously identified as the essential protease that can cleave hemagglutinin of many subtypes of influenza virus and spike protein of coronavirus .", "Evidence Elements": {"Participant": [], "Intervention": [], "Outcome": []}, "Evidence Propositions": []}, {"Section": "RESULTS", "Text": "Herein , we found that a guanine rich tract , capable of forming intramolecular G-quadruplex in the presence of potassium ions , in the promoter region of human TMPRSS2 gene was quite important for gene transcriptional activity , hence affecting its function .", "Evidence Elements": {"Participant": [], "Intervention": [{"term": "guanine rich tract", "negation": "affirmed", "UMLS": "", "start": 25, "end": 43}], "Outcome": [{"term": "gene transcriptional activity", "negation": "affirmed", "UMLS": "", "start": 198, "end": 227}]}, "Evidence Propositions": [{"Intervention": "guanine rich tract", "Observation": "important", "Outcome": "gene transcriptional activity", "Count": ""}]}, {"Section": "RESULTS", "Text": "Furthermore , 7 new synthesized benzoselenoxanthene analogues were found to enable stabilizing such G-quadruplex .", "Evidence Elements": {"Participant": [], "Intervention": [], "Outcome": []}, "Evidence Propositions": []}, {"Section": "CONCLUSIONS", "Text": "More importantly , compounds can down-regulate TMPRSS2 gene expression , especially endogenous TMPRSS2 protein levels , and consequently suppress influenza A virus propagation in vitro .", "Evidence Elements": {"Participant": [], "Intervention": [{"term": "compounds", "negation": "affirmed", "UMLS": "", "start": 19, "end": 28}], "Outcome": [{"term": "TMPRSS2 gene expression", "negation": "affirmed", "UMLS": "", "start": 47, "end": 70}, {"term": "endogenous TMPRSS2 protein levels", "negation": "affirmed", "UMLS": "", "start": 84, "end": 117}, {"term": "influenza A virus", "negation": "affirmed", "UMLS": "", "start": 146, "end": 163}]}, "Evidence Propositions": []}, {"Section": "CONCLUSIONS", "Text": "Our results provide a new strategy for anti-influenza A virus infection by small molecules targeting the TMPRSS2 gene G-quadruplex and thus inhibiting TMPRSS2 expression , which is valuable for developing small molecule drugs against influenza A virus and also may be a potential candidate as anti-SARS-CoV-2 ( Severe Acute Respiratory Syndrome CoV 2 ) lead molecules .", "Evidence Elements": {"Participant": [], "Intervention": [], "Outcome": [{"term": "A virus infection", "negation": "affirmed", "UMLS": "", "start": 54, "end": 71}]}, "Evidence Propositions": []}]}