{"doc_id": "32372026", "type of study": "Therapy", "title": "", "abstract": "We performed a meta-analysis to determine safety and efficacy of corticosteroids in SARS-CoV-2, SARS-CoV, and MERS-CoV infections.\nWe searched PubMed, Web of Science, Medline, WanFang Chinese database, and ZhiWang Chinese database using Boolean operators and search terms covering SARS-CoV-2, SARS-CoV, OR MERS-CoV AND corticosteroids to find appropriate studies.\nReview Manager 5.3 was used to analyze results of meta-analysis.\nObservational studies were analyzed for quality using the modified Newcastle-Ottawa scale and randomized clinical trials, using the Jadad scale.\nSubjects were divided into those with severe-only and other (severe and not severe) cohorts based on published criteria.\nEfficacy endpoints studied included mortality, hospitalization duration, rates of intensive care unit (ICU) admission, use of mechanical ventilation, and a composite endpoint (death, ICU admission, or mechanical ventilation).\nWe included 11 reports including 10 cohort studies and 1 randomized clinical trial involving 5249 subjects (2003-2020).\nTwo discussed the association of corticosteroids and virus clearing and 10 explored how corticosteroids impacted mortality, hospitalization duration, use of mechanical ventilation, and a composite endpoint.\nCorticosteroid use was associated with delayed virus clearing with a mean difference (MD) = 3.78 days (95% confidence Interval [CI] = 1.16, 6.41 days; I2 = 0%).\nThere was no significant reduction in deaths with relative Risk Ratio (RR) = 1.07 (90% CI = 0.81; 1.42; I2 = 80%).\nHospitalization duration was prolonged and use of mechanical ventilation increased.\nIn conclusion, corticosteroid use in subjects with SARS-CoV-2, SARS-CoV, and MERS-CoV infections delayed virus clearing and did not convincingly improve survival, reduce hospitalization duration or ICU admission rate and/or use of mechanical ventilation.\nThere were several adverse effects.\nBecause of a preponderance of observational studies in the dataset and selection and publication biases our conclusions, especially regarding SARS-CoV-2, need confirmation in a randomized clinical trial.\nIn the interim we suggest caution using corticosteroids in persons with COVID-19.\n", "Evidence Map": {"Enrollment": [{"term": "SARS-CoV-2", "negation": "affirmed", "UMLS": "", "start": 84, "end": 94}, {"term": "SARS-CoV", "negation": "affirmed", "UMLS": "", "start": 84, "end": 92}, {"term": "SARS-CoV", "negation": "affirmed", "UMLS": "", "start": 154, "end": 162}, {"term": "MERS-CoV", "negation": "affirmed", "UMLS": "", "start": 181, "end": 189}, {"term": "SARS-CoV-2", "negation": "affirmed", "UMLS": "", "start": 52, "end": 62}, {"term": "SARS-CoV", "negation": "affirmed", "UMLS": "", "start": 52, "end": 60}, {"term": "MERS-CoV infections", "negation": "affirmed", "UMLS": "", "start": 80, "end": 99}], "Comparison Results": [], "Study Arm 1 Results": [], "Study Arm 2 Results": []}, "Sentence-level breakdown": [{"Section": "TITLE", "Text": "We performed a meta-analysis to determine safety and efficacy of corticosteroids in SARS-CoV-2 , SARS-CoV , and MERS-CoV infections .", "Evidence Elements": {"Participant": [{"term": "SARS-CoV-2", "negation": "affirmed", "UMLS": "", "start": 84, "end": 94}, {"term": "SARS-CoV", "negation": "affirmed", "UMLS": "", "start": 84, "end": 92}], "Intervention": [{"term": "corticosteroids", "negation": "affirmed", "UMLS": "", "start": 65, "end": 80}], "Outcome": [{"term": "safety", "negation": "affirmed", "UMLS": "", "start": 42, "end": 48}, {"term": "efficacy", "negation": "affirmed", "UMLS": "", "start": 53, "end": 61}]}, "Evidence Propositions": []}, {"Section": "METHODS", "Text": "We searched PubMed , Web of Science , Medline , WanFang Chinese database , and ZhiWang Chinese database using Boolean operators and search terms covering SARS-CoV-2 , SARS-CoV , OR MERS-CoV AND corticosteroids to find appropriate studies .", "Evidence Elements": {"Participant": [{"term": "SARS-CoV", "negation": "affirmed", "UMLS": "", "start": 154, "end": 162}, {"term": "MERS-CoV", "negation": "affirmed", "UMLS": "", "start": 181, "end": 189}], "Intervention": [], "Outcome": []}, "Evidence Propositions": []}, {"Section": "METHODS", "Text": "Review Manager 5.3 was used to analyze results of meta-analysis .", "Evidence Elements": {"Participant": [], "Intervention": [], "Outcome": []}, "Evidence Propositions": []}, {"Section": "METHODS", "Text": "Observational studies were analyzed for quality using the modified Newcastle-Ottawa scale and randomized clinical trials , using the Jadad scale .", "Evidence Elements": {"Participant": [], "Intervention": [], "Outcome": []}, "Evidence Propositions": []}, {"Section": "METHODS", "Text": "Subjects were divided into those with severe-only and other ( severe and not severe ) cohorts based on published criteria .", "Evidence Elements": {"Participant": [], "Intervention": [{"term": "severe-only", "negation": "affirmed", "UMLS": "", "start": 38, "end": 49}, {"term": "other ( severe and not severe", "negation": "affirmed", "UMLS": "", "start": 54, "end": 83}], "Outcome": []}, "Evidence Propositions": []}, {"Section": "METHODS", "Text": "Efficacy endpoints studied included mortality , hospitalization duration , rates of intensive care unit ( ICU ) admission , use of mechanical ventilation , and a composite endpoint ( death , ICU admission , or mechanical ventilation ) .", "Evidence Elements": {"Participant": [], "Intervention": [], "Outcome": [{"term": "mortality", "negation": "affirmed", "UMLS": "", "start": 36, "end": 45}, {"term": "hospitalization duration", "negation": "affirmed", "UMLS": "", "start": 48, "end": 72}, {"term": "rates of intensive care unit ( ICU ) admission", "negation": "affirmed", "UMLS": "", "start": 75, "end": 121}, {"term": "use of mechanical ventilation", "negation": "affirmed", "UMLS": "", "start": 124, "end": 153}, {"term": "composite endpoint", "negation": "affirmed", "UMLS": "", "start": 162, "end": 180}]}, "Evidence Propositions": []}, {"Section": "RESULTS", "Text": "We included 11 reports including 10 cohort studies and 1 randomized clinical trial involving 5249 subjects ( 2003-2020 ) .", "Evidence Elements": {"Participant": [], "Intervention": [], "Outcome": []}, "Evidence Propositions": []}, {"Section": "RESULTS", "Text": "Two discussed the association of corticosteroids and virus clearing and 10 explored how corticosteroids impacted mortality , hospitalization duration , use of mechanical ventilation , and a composite endpoint .", "Evidence Elements": {"Participant": [], "Intervention": [{"term": "corticosteroids", "negation": "affirmed", "UMLS": "", "start": 33, "end": 48}, {"term": "corticosteroids", "negation": "affirmed", "UMLS": "", "start": 33, "end": 48}], "Outcome": [{"term": "virus clearing", "negation": "affirmed", "UMLS": "", "start": 53, "end": 67}, {"term": "mortality", "negation": "affirmed", "UMLS": "", "start": 113, "end": 122}, {"term": "hospitalization duration", "negation": "affirmed", "UMLS": "", "start": 125, "end": 149}, {"term": "use of mechanical ventilation", "negation": "affirmed", "UMLS": "", "start": 152, "end": 181}]}, "Evidence Propositions": [{"Intervention": "corticosteroids", "Observation": "association", "Outcome": "virus clearing", "Count": ""}]}, {"Section": "RESULTS", "Text": "Corticosteroid use was associated with delayed virus clearing with a mean difference ( MD ) = 3.78 days ( 95 % confidence Interval [ CI ] = 1.16 , 6.41 days ; I2 = 0 % ) .", "Evidence Elements": {"Participant": [], "Intervention": [{"term": "Corticosteroid", "negation": "affirmed", "UMLS": "", "start": 0, "end": 14}], "Outcome": [{"term": "virus clearing", "negation": "affirmed", "UMLS": "", "start": 47, "end": 61}, {"term": "mean difference ( MD )", "negation": "affirmed", "UMLS": "", "start": 69, "end": 91}]}, "Evidence Propositions": []}, {"Section": "RESULTS", "Text": "There was no significant reduction in deaths with relative Risk Ratio ( RR ) = 1.07 ( 90 % CI = 0.81 ; 1.42 ; I2 = 80 % ) .", "Evidence Elements": {"Participant": [], "Intervention": [], "Outcome": [{"term": "deaths", "negation": "negated", "UMLS": "", "start": 38, "end": 44}, {"term": "relative Risk Ratio ( RR )", "negation": "affirmed", "UMLS": "", "start": 50, "end": 76}]}, "Evidence Propositions": []}, {"Section": "RESULTS", "Text": "Hospitalization duration was prolonged and use of mechanical ventilation increased .", "Evidence Elements": {"Participant": [], "Intervention": [], "Outcome": [{"term": "Hospitalization duration", "negation": "affirmed", "UMLS": "", "start": 0, "end": 24}, {"term": "use of mechanical ventilation", "negation": "affirmed", "UMLS": "", "start": 43, "end": 72}]}, "Evidence Propositions": []}, {"Section": "CONCLUSIONS", "Text": "In conclusion , corticosteroid use in subjects with SARS-CoV-2 , SARS-CoV , and MERS-CoV infections delayed virus clearing and did not convincingly improve survival , reduce hospitalization duration or ICU admission rate and / or use of mechanical ventilation .", "Evidence Elements": {"Participant": [{"term": "SARS-CoV-2", "negation": "affirmed", "UMLS": "", "start": 52, "end": 62}, {"term": "SARS-CoV", "negation": "affirmed", "UMLS": "", "start": 52, "end": 60}, {"term": "MERS-CoV infections", "negation": "affirmed", "UMLS": "", "start": 80, "end": 99}], "Intervention": [{"term": "corticosteroid", "negation": "affirmed", "UMLS": "", "start": 16, "end": 30}], "Outcome": [{"term": "virus clearing", "negation": "affirmed", "UMLS": "", "start": 108, "end": 122}, {"term": "survival", "negation": "negated", "UMLS": "", "start": 156, "end": 164}, {"term": "hospitalization duration", "negation": "negated", "UMLS": "", "start": 174, "end": 198}, {"term": "ICU admission rate", "negation": "negated", "UMLS": "", "start": 202, "end": 220}]}, "Evidence Propositions": []}, {"Section": "CONCLUSIONS", "Text": "There were several adverse effects .", "Evidence Elements": {"Participant": [], "Intervention": [], "Outcome": [{"term": "adverse effects", "negation": "affirmed", "UMLS": "", "start": 19, "end": 34}]}, "Evidence Propositions": []}, {"Section": "CONCLUSIONS", "Text": "Because of a preponderance of observational studies in the dataset and selection and publication biases our conclusions , especially regarding SARS-CoV-2 , need confirmation in a randomized clinical trial .", "Evidence Elements": {"Participant": [], "Intervention": [], "Outcome": []}, "Evidence Propositions": []}, {"Section": "CONCLUSIONS", "Text": "In the interim we suggest caution using corticosteroids in persons with COVID-19 .", "Evidence Elements": {"Participant": [], "Intervention": [{"term": "corticosteroids", "negation": "affirmed", "UMLS": "", "start": 40, "end": 55}], "Outcome": []}, "Evidence Propositions": []}]}