{"doc_id": "32376101", "type of study": "Therapy", "title": "", "abstract": "To identify markers associated with in-hospital death in patients with coronavirus disease 2019 (COVID-19)-associated pneumonia.\nA retrospective cohort study was conducted of 140 patients with moderate to critical COVID-19-associated pneumonia requiring oxygen supplementation admitted to the hospital from January 28, 2020, through February 28, 2020, and followed up through March 13, 2020, in Union Hospital, Wuhan, China.\nOxygen saturation (SpO2) and other measures were tested as predictors of in-hospital mortality in survival analysis.\nOf 140 patients with COVID-19-associated pneumonia, 72 (51.4%) were men, with a median age of 60 years.\nPatients with SpO2 values of 90% or less were older and were more likely to be men, to have hypertension, and to present with dyspnea than those with SpO2 values greater than 90%.\nOverall, 36 patients (25.7%) died during hospitalization after median 14-day follow-up.\nHigher SpO2 levels after oxygen supplementation were associated with reduced mortality independently of age and sex (hazard ratio per 1-U SpO2, 0.93; 95% CI, 0.91 to 0.95; P<.001).\nThe SpO2 cutoff value of 90.5% yielded 84.6% sensitivity and 97.2% specificity for prediction of survival.\nDyspnea was also independently associated with death in multivariable analysis (hazard ratio, 2.60; 95% CI, 1.24 to 5.43; P=.01).\nIn this cohort of patients with COVID-19, hypoxemia was independently associated with in-hospital mortality.\nThese results may help guide the clinical management of patients with severe COVID-19, particularly in settings requiring strategic allocation of limited critical care resources.\nChictr.org.cn Identifier: ChiCTR2000030852\n", "Evidence Map": {"Enrollment": [{"term": "coronavirus disease 2019 ( COVID-19", "negation": "affirmed", "UMLS": "", "start": 71, "end": 106}, {"term": "moderate to critical COVID-19-associated pneumonia", "negation": "affirmed", "UMLS": "", "start": 64, "end": 114}, {"term": "oxygen supplementation", "negation": "affirmed", "UMLS": "", "start": 125, "end": 147}, {"term": "admitted to the hospital", "negation": "affirmed", "UMLS": "", "start": 148, "end": 172}, {"term": "COVID-19-associated pneumonia", "negation": "affirmed", "UMLS": "", "start": 21, "end": 50}, {"term": "men", "negation": "affirmed", "UMLS": "", "start": 72, "end": 75}, {"term": "SpO2 values of 90 % or less", "negation": "affirmed", "UMLS": "", "start": 14, "end": 41}, {"term": "older", "negation": "affirmed", "UMLS": "", "start": 47, "end": 52}, {"term": "men", "negation": "affirmed", "UMLS": "", "start": 80, "end": 83}, {"term": "hypertension", "negation": "affirmed", "UMLS": "", "start": 94, "end": 106}, {"term": "dyspnea", "negation": "affirmed", "UMLS": "", "start": 129, "end": 136}, {"term": "SpO2 values", "negation": "affirmed", "UMLS": "", "start": 14, "end": 25}, {"term": "COVID-19", "negation": "affirmed", "UMLS": "", "start": 32, "end": 40}], "Comparison Results": [], "Study Arm 1 Results": [], "Study Arm 2 Results": []}, "Sentence-level breakdown": [{"Section": "TITLE", "Text": "To identify markers associated with in-hospital death in patients with coronavirus disease 2019 ( COVID-19 ) -associated pneumonia .", "Evidence Elements": {"Participant": [{"term": "coronavirus disease 2019 ( COVID-19", "negation": "affirmed", "UMLS": "", "start": 71, "end": 106}], "Intervention": [], "Outcome": [{"term": "in-hospital death", "negation": "affirmed", "UMLS": "", "start": 36, "end": 53}]}, "Evidence Propositions": []}, {"Section": "METHODS", "Text": "A retrospective cohort study was conducted of 140 patients with moderate to critical COVID-19-associated pneumonia requiring oxygen supplementation admitted to the hospital from January 28 , 2020 , through February 28 , 2020 , and followed up through March 13 , 2020 , in Union Hospital , Wuhan , China .", "Evidence Elements": {"Participant": [{"term": "moderate to critical COVID-19-associated pneumonia", "negation": "affirmed", "UMLS": "", "start": 64, "end": 114}, {"term": "oxygen supplementation", "negation": "affirmed", "UMLS": "", "start": 125, "end": 147}, {"term": "admitted to the hospital", "negation": "affirmed", "UMLS": "", "start": 148, "end": 172}], "Intervention": [], "Outcome": []}, "Evidence Propositions": []}, {"Section": "METHODS", "Text": "Oxygen saturation ( SpO2 ) and other measures were tested as predictors of in-hospital mortality in survival analysis .", "Evidence Elements": {"Participant": [], "Intervention": [], "Outcome": [{"term": "Oxygen saturation ( SpO2 )", "negation": "affirmed", "UMLS": "", "start": 0, "end": 26}, {"term": "in-hospital mortality", "negation": "affirmed", "UMLS": "", "start": 75, "end": 96}]}, "Evidence Propositions": []}, {"Section": "RESULTS", "Text": "Of 140 patients with COVID-19-associated pneumonia , 72 ( 51.4 % ) were men , with a median age of 60 years .", "Evidence Elements": {"Participant": [{"term": "COVID-19-associated pneumonia", "negation": "affirmed", "UMLS": "", "start": 21, "end": 50}, {"term": "men", "negation": "affirmed", "UMLS": "", "start": 72, "end": 75}], "Intervention": [], "Outcome": []}, "Evidence Propositions": []}, {"Section": "RESULTS", "Text": "Patients with SpO2 values of 90 % or less were older and were more likely to be men , to have hypertension , and to present with dyspnea than those with SpO2 values greater than 90 % .", "Evidence Elements": {"Participant": [{"term": "SpO2 values of 90 % or less", "negation": "affirmed", "UMLS": "", "start": 14, "end": 41}, {"term": "older", "negation": "affirmed", "UMLS": "", "start": 47, "end": 52}, {"term": "men", "negation": "affirmed", "UMLS": "", "start": 80, "end": 83}, {"term": "hypertension", "negation": "affirmed", "UMLS": "", "start": 94, "end": 106}, {"term": "dyspnea", "negation": "affirmed", "UMLS": "", "start": 129, "end": 136}, {"term": "SpO2 values", "negation": "affirmed", "UMLS": "", "start": 14, "end": 25}], "Intervention": [], "Outcome": []}, "Evidence Propositions": []}, {"Section": "RESULTS", "Text": "Overall , 36 patients ( 25.7 % ) died during hospitalization after median 14-day follow-up .", "Evidence Elements": {"Participant": [], "Intervention": [], "Outcome": [{"term": "died", "negation": "affirmed", "UMLS": "", "start": 33, "end": 37}]}, "Evidence Propositions": []}, {"Section": "RESULTS", "Text": "Higher SpO2 levels after oxygen supplementation were associated with reduced mortality independently of age and sex ( hazard ratio per 1-U SpO2 , 0.93 ; 95 % CI , 0.91 to 0.95 ; P < .001 ) .", "Evidence Elements": {"Participant": [], "Intervention": [{"term": "oxygen supplementation", "negation": "affirmed", "UMLS": "", "start": 25, "end": 47}], "Outcome": [{"term": "SpO2 levels", "negation": "affirmed", "UMLS": "", "start": 7, "end": 18}, {"term": "mortality", "negation": "affirmed", "UMLS": "", "start": 77, "end": 86}]}, "Evidence Propositions": []}, {"Section": "RESULTS", "Text": "The SpO2 cutoff value of 90.5 % yielded 84.6 % sensitivity and 97.2 % specificity for prediction of survival .", "Evidence Elements": {"Participant": [], "Intervention": [], "Outcome": [{"term": "sensitivity", "negation": "affirmed", "UMLS": "", "start": 47, "end": 58}, {"term": "specificity", "negation": "affirmed", "UMLS": "", "start": 70, "end": 81}]}, "Evidence Propositions": []}, {"Section": "RESULTS", "Text": "Dyspnea was also independently associated with death in multivariable analysis ( hazard ratio , 2.60 ; 95 % CI , 1.24 to 5.43 ; P =.01 ) .", "Evidence Elements": {"Participant": [], "Intervention": [], "Outcome": [{"term": "Dyspnea", "negation": "affirmed", "UMLS": "", "start": 0, "end": 7}, {"term": "death", "negation": "affirmed", "UMLS": "", "start": 47, "end": 52}]}, "Evidence Propositions": []}, {"Section": "CONCLUSIONS", "Text": "In this cohort of patients with COVID-19 , hypoxemia was independently associated with in-hospital mortality .", "Evidence Elements": {"Participant": [{"term": "COVID-19", "negation": "affirmed", "UMLS": "", "start": 32, "end": 40}], "Intervention": [{"term": "hypoxemia", "negation": "affirmed", "UMLS": "", "start": 43, "end": 52}], "Outcome": [{"term": "in-hospital", "negation": "affirmed", "UMLS": "", "start": 87, "end": 98}]}, "Evidence Propositions": [{"Intervention": "hypoxemia", "Observation": "independently associated", "Outcome": "in-hospital", "Count": ""}]}, {"Section": "CONCLUSIONS", "Text": "These results may help guide the clinical management of patients with severe COVID-19 , particularly in settings requiring strategic allocation of limited critical care resources .", "Evidence Elements": {"Participant": [], "Intervention": [], "Outcome": []}, "Evidence Propositions": []}, {"Section": "CONCLUSIONS", "Text": "Chictr.org.cn Identifier : ChiCTR2000030852", "Evidence Elements": {"Participant": [], "Intervention": [], "Outcome": []}, "Evidence Propositions": []}]}