{"doc_id": "32386441", "type of study": "Therapy", "title": "", "abstract": "The Public Health Agency of Sweden has analysed how many pregnant and postpartum women with SARS-CoV-2 infection have been treated in intensive care units (ICU) in Sweden between the March 19 and April 20, 2020, compared with non-pregnant women of similar age.\nCases were identified in a special reporting module within the Swedish Intensive Care Registry (SIR).\nFifty-three women aged 20-45 years with SARS-CoV-2 were reported in SIR, and thirteen (n=13) of these women were either pregnant or postpartum (<1 week).\nThe results indicate that the risk of being admitted to ICU may be higher in pregnant and postpartum women with laboratory-confirmed SARS-CoV-2 in Sweden, compared to non-pregnant women of similar age.\n", "Evidence Map": {"Enrollment": [{"term": "pregnant and postpartum women", "negation": "affirmed", "UMLS": "", "start": 57, "end": 86}, {"term": "infection", "negation": "affirmed", "UMLS": "", "start": 103, "end": 112}, {"term": "non-pregnant", "negation": "affirmed", "UMLS": "", "start": 230, "end": 242}, {"term": "women", "negation": "affirmed", "UMLS": "", "start": 12, "end": 17}, {"term": "SARS-CoV-2", "negation": "affirmed", "UMLS": "", "start": 40, "end": 50}, {"term": "women", "negation": "affirmed", "UMLS": "", "start": 12, "end": 17}, {"term": "pregnant and postpartum women with laboratory-confirmed SARS-CoV-2", "negation": "affirmed", "UMLS": "", "start": 77, "end": 143}, {"term": "non-pregnant women", "negation": "affirmed", "UMLS": "", "start": 168, "end": 186}], "Comparison Results": [], "Study Arm 1 Results": [], "Study Arm 2 Results": []}, "Sentence-level breakdown": [{"Section": "TITLE", "Text": "The Public Health Agency of Sweden has analysed how many pregnant and postpartum women with SARS-CoV-2 infection have been treated in intensive care units ( ICU ) in Sweden between the March 19 and April 20 , 2020 , compared with non-pregnant women of similar age .", "Evidence Elements": {"Participant": [{"term": "pregnant and postpartum women", "negation": "affirmed", "UMLS": "", "start": 57, "end": 86}, {"term": "infection", "negation": "affirmed", "UMLS": "", "start": 103, "end": 112}, {"term": "non-pregnant", "negation": "affirmed", "UMLS": "", "start": 230, "end": 242}], "Intervention": [], "Outcome": []}, "Evidence Propositions": []}, {"Section": "METHODS", "Text": "Cases were identified in a special reporting module within the Swedish Intensive Care Registry ( SIR ) .", "Evidence Elements": {"Participant": [], "Intervention": [], "Outcome": []}, "Evidence Propositions": []}, {"Section": "METHODS", "Text": "Fifty-three women aged 20-45 years with SARS-CoV-2 were reported in SIR , and thirteen ( n = 13 ) of these women were either pregnant or postpartum ( < 1 week ) .", "Evidence Elements": {"Participant": [{"term": "women", "negation": "affirmed", "UMLS": "", "start": 12, "end": 17}, {"term": "SARS-CoV-2", "negation": "affirmed", "UMLS": "", "start": 40, "end": 50}, {"term": "women", "negation": "affirmed", "UMLS": "", "start": 12, "end": 17}], "Intervention": [], "Outcome": []}, "Evidence Propositions": []}, {"Section": "CONCLUSIONS", "Text": "The results indicate that the risk of being admitted to ICU may be higher in pregnant and postpartum women with laboratory-confirmed SARS-CoV-2 in Sweden , compared to non-pregnant women of similar age .", "Evidence Elements": {"Participant": [{"term": "pregnant and postpartum women with laboratory-confirmed SARS-CoV-2", "negation": "affirmed", "UMLS": "", "start": 77, "end": 143}, {"term": "non-pregnant women", "negation": "affirmed", "UMLS": "", "start": 168, "end": 186}], "Intervention": [], "Outcome": [{"term": "risk of being admitted to ICU", "negation": "affirmed", "UMLS": "", "start": 30, "end": 59}]}, "Evidence Propositions": [{"Intervention": [], "Observation": "higher", "Outcome": "risk of being admitted to ICU", "Count": ""}]}]}