{"doc_id": "32387320", "type of study": "Therapy", "title": "", "abstract": "No drugs have yet been proven effective for the treatment of severe illness caused by SARS-CoV-2.\nBy neutralizing a key inflammatory factor in the cytokine release syndrome in COVID-19, tocilizumab (TCZ) can block the cytokine storm and reduce disease severity.\nOur case-control study found that even though patients treated with TCZ had more comorbidities and presented with more severe forms, death and/or ICU admissions were higher in patients without TCZ.\nThis result strongly suggests that TCZ may reduce the number of ICU admissions and/or mortality in patients with severe SARS-CoV-2 pneumonia.\nNo therapy has yet proven effective in COVID-19.\nTocilizumab (TCZ) in patients with severe COVID-19 could be an effective treatment.\nWe conducted a retrospective case-control study in the Nord Franche-Comte Hospital, France.\nWe compared the outcome of patients treated with TCZ and patients without TCZ considering a combined primary endpoint: death and/or ICU admissions.\nPatients with TCZ (n = 20) had a higher Charlson comorbidity index (5.3 [+-2.4] vs 3.4 [+-2.6], P = 0.014), presented with more severe forms (higher level of oxygen therapy at 13 L/min vs 6 L/min, P < 0.001), and had poorer biological findings (severe lymphopenia: 676/mm3 vs 914/mm3, P = 0.037 and higher CRP level: 158 mg/L vs 105 mg/L, P = 0.017) than patients without TCZ (n = 25).\nHowever, death and/or ICU admissions were higher in patients without TCZ than in the TCZ group (72% vs 25%, P = 0.002).\nDespite the small sample size and retrospective nature of the work, this result strongly suggests that TCZ may reduce the number of ICU admissions and/or mortality in patients with severe SARS-CoV-2 pneumonia.\n", "Evidence Map": {"Enrollment": [{"term": "severe SARS-CoV-2 pneumonia", "negation": "affirmed", "UMLS": "", "start": 115, "end": 142}, {"term": "severe COVID-19", "negation": "affirmed", "UMLS": "", "start": 37, "end": 52}, {"term": "TCZ", "negation": "affirmed", "UMLS": "", "start": 14, "end": 17}, {"term": "severe SARS-CoV-2", "negation": "affirmed", "UMLS": "", "start": 184, "end": 201}], "Comparison Results": [], "Study Arm 1 Results": [], "Study Arm 2 Results": []}, "Sentence-level breakdown": [{"Section": "TITLE", "Text": "No drugs have yet been proven effective for the treatment of severe illness caused by SARS-CoV-2 .", "Evidence Elements": {"Participant": [], "Intervention": [], "Outcome": []}, "Evidence Propositions": []}, {"Section": "METHODS", "Text": "We conducted a retrospective case-control study in the Nord Franche-Comte Hospital , France .", "Evidence Elements": {"Participant": [], "Intervention": [], "Outcome": []}, "Evidence Propositions": []}, {"Section": "METHODS", "Text": "We compared the outcome of patients treated with TCZ and patients without TCZ considering a combined primary endpoint : death and / or ICU admissions .", "Evidence Elements": {"Participant": [], "Intervention": [{"term": "TCZ", "negation": "negated", "UMLS": "", "start": 49, "end": 52}, {"term": "without TCZ", "negation": "affirmed", "UMLS": "", "start": 66, "end": 77}], "Outcome": [{"term": "death", "negation": "negated", "UMLS": "", "start": 120, "end": 125}, {"term": "or ICU", "negation": "negated", "UMLS": "", "start": 132, "end": 138}]}, "Evidence Propositions": []}, {"Section": "RESULTS", "Text": "Patients with TCZ ( n = 20 ) had a higher Charlson comorbidity index ( 5.3 [ +-2.4 ] vs 3.4 [ +-2.6 ] , P = 0.014 ) , presented with more severe forms ( higher level of oxygen therapy at 13 L / min vs 6 L / min , P < 0.001 ) , and had poorer biological findings ( severe lymphopenia : 676 / mm3 vs 914 / mm3 , P = 0.037 and higher CRP level : 158 mg / L vs 105", "Evidence Elements": {"Participant": [{"term": "TCZ", "negation": "affirmed", "UMLS": "", "start": 14, "end": 17}], "Intervention": [], "Outcome": [{"term": "Charlson comorbidity index", "negation": "affirmed", "UMLS": "", "start": 42, "end": 68}, {"term": "severe forms", "negation": "affirmed", "UMLS": "", "start": 138, "end": 150}, {"term": "level of oxygen therapy", "negation": "affirmed", "UMLS": "", "start": 160, "end": 183}, {"term": "biological findings", "negation": "affirmed", "UMLS": "", "start": 242, "end": 261}, {"term": "severe lymphopenia", "negation": "affirmed", "UMLS": "", "start": 264, "end": 282}, {"term": "CRP level", "negation": "affirmed", "UMLS": "", "start": 331, "end": 340}]}, "Evidence Propositions": [{"Intervention": [], "Observation": "higher", "Outcome": "", "Count": ""}, {"Intervention": [], "Observation": "more", "Outcome": "", "Count": ""}, {"Intervention": [], "Observation": "higher", "Outcome": "", "Count": ""}, {"Intervention": [], "Observation": "poorer", "Outcome": "", "Count": ""}, {"Intervention": [], "Observation": "higher", "Outcome": "", "Count": ""}]}, {"Section": "RESULTS", "Text": "However , death and / or ICU admissions were higher in patients without TCZ than in the TCZ group ( 72 % vs 25 % , P = 0.002 ) .", "Evidence Elements": {"Participant": [], "Intervention": [{"term": "without TCZ", "negation": "affirmed", "UMLS": "", "start": 64, "end": 75}, {"term": "TCZ", "negation": "negated", "UMLS": "", "start": 72, "end": 75}], "Outcome": [{"term": "death", "negation": "affirmed", "UMLS": "", "start": 10, "end": 15}, {"term": "or ICU admissions", "negation": "affirmed", "UMLS": "", "start": 22, "end": 39}]}, "Evidence Propositions": [{"Intervention": ["without TCZ", "TCZ"], "Observation": "higher", "Outcome": "death", "Count": ""}, {"Intervention": ["without TCZ", "TCZ"], "Observation": "higher", "Outcome": "or ICU admissions", "Count": ""}, {"Intervention": "without TCZ", "Observation": "72 %", "Outcome": "death", "Count": ""}, {"Intervention": "without TCZ", "Observation": "72 %", "Outcome": "or ICU admissions", "Count": ""}, {"Intervention": "TCZ", "Observation": "25", "Outcome": "or ICU admissions", "Count": ""}]}, {"Section": "CONCLUSIONS", "Text": "Despite the small sample size and retrospective nature of the work , this result strongly suggests that TCZ may reduce the number of ICU admissions and / or mortality in patients with severe SARS-CoV-2 pneumonia .", "Evidence Elements": {"Participant": [{"term": "severe SARS-CoV-2", "negation": "affirmed", "UMLS": "", "start": 184, "end": 201}], "Intervention": [{"term": "TCZ", "negation": "affirmed", "UMLS": "", "start": 104, "end": 107}], "Outcome": [{"term": "number of ICU admissions", "negation": "affirmed", "UMLS": "", "start": 123, "end": 147}, {"term": "or mortality", "negation": "affirmed", "UMLS": "", "start": 154, "end": 166}]}, "Evidence Propositions": [{"Intervention": "TCZ", "Observation": "reduce", "Outcome": "number of ICU admissions", "Count": ""}, {"Intervention": "TCZ", "Observation": "reduce", "Outcome": "or mortality", "Count": ""}]}]}