{"doc_id": "32383269", "type of study": "Therapy", "title": "", "abstract": "Coronavirus disease-2019 (COVID-19) outbreak due to novel coronavirus or severe acute respiratory syndrome coronavirus 2 (SARS-CoV-2) infection has come out as a major threat for mankind in recent times.\nIt is continually taking an enormous toll on mankind by means of increasing number of deaths, associated comorbidities, and socioeconomic loss around the globe.\nUnavailability of chemotherapeutics/vaccine has posed tremendous challenges to scientists and doctors for developing an urgent therapeutic strategy.\nIn this connection, the present in silico study aims to understand the sequence divergence of spike protein (the major infective protein of SARS-CoV-2), its mode of interaction with the angiotensin-converting enzyme-2 receptor (ACE2) receptor of human and related animal hosts/reservoir.\nMoreover, the involvement of the human Toll-like receptors (TLRs) against the spike protein has also been demonstrated.\nOur data indicated that the spike glycoprotein of SARS-CoV-2 is phylogenetically close to bat coronavirus and strongly binds with ACE2 receptor protein from both human and bat origin.\nWe have also found that cell surface TLRs, especially TLR4 is most likely to be involved in recognizing molecular patterns from SARS-CoV-2 to induce inflammatory responses.\nThe present study supported the zoonotic origin of SARS-CoV-2 from a bat and also revealed that TLR4 may have a crucial role in the virus-induced inflammatory consequences associated with COVID-19.\nTherefore, selective targeting of TLR4-spike protein interaction by designing competitive TLR4-antagonists could pave a new way to treat COVID-19.\nFinally, this study is expected to improve our understanding on the immunobiology of SARS-CoV-2 and could be useful in adopting spike protein, ACE2, or TLR-guided intervention strategy against COVID-19 shortly.\nSpike glycoprotein of SARS-CoV-2 is phylogenetically close to bat coronavirus.\nSARS-CoV-2 spike glycoprotein strongly binds with ACE2 receptor protein from both human and bat origin.\nCell surface TLR4 is most likely to be involved in recognizing molecular patterns from SARS-CoV-2.\n", "Evidence Map": {"Enrollment": [], "Comparison Results": [], "Study Arm 1 Results": [], "Study Arm 2 Results": []}, "Sentence-level breakdown": [{"Section": "TITLE", "Text": "Coronavirus disease-2019 ( COVID-19 ) outbreak due to novel coronavirus or severe acute respiratory syndrome coronavirus 2 ( SARS-CoV-2 ) infection has come out as a major threat for mankind in recent times .", "Evidence Elements": {"Participant": [], "Intervention": [], "Outcome": []}, "Evidence Propositions": []}, {"Section": "RESULTS", "Text": "In this connection , the present in silico study aims to understand the sequence divergence of spike protein ( the major infective protein of SARS-CoV-2 ) , its mode of interaction with the angiotensin-converting enzyme-2 receptor ( ACE2 ) receptor of human and related animal hosts / reservoir .", "Evidence Elements": {"Participant": [], "Intervention": [{"term": "spike protein", "negation": "affirmed", "UMLS": "", "start": 95, "end": 108}], "Outcome": [{"term": "sequence divergence", "negation": "affirmed", "UMLS": "", "start": 72, "end": 91}, {"term": "mode of interaction with", "negation": "affirmed", "UMLS": "", "start": 161, "end": 185}, {"term": "angiotensin-converting enzyme-2 receptor ( ACE2 ) receptor", "negation": "affirmed", "UMLS": "", "start": 190, "end": 248}]}, "Evidence Propositions": []}, {"Section": "RESULTS", "Text": "Moreover , the involvement of the human Toll-like receptors ( TLRs ) against the spike protein has also been demonstrated .", "Evidence Elements": {"Participant": [], "Intervention": [], "Outcome": []}, "Evidence Propositions": []}, {"Section": "RESULTS", "Text": "Our data indicated that the spike glycoprotein of SARS-CoV-2 is phylogenetically close to bat coronavirus and strongly binds with ACE2 receptor protein from both human and bat origin .", "Evidence Elements": {"Participant": [], "Intervention": [{"term": "SARS-CoV-2", "negation": "affirmed", "UMLS": "", "start": 50, "end": 60}, {"term": "bat", "negation": "affirmed", "UMLS": "", "start": 90, "end": 93}], "Outcome": [{"term": "spike glycoprotein", "negation": "affirmed", "UMLS": "", "start": 28, "end": 46}]}, "Evidence Propositions": [{"Intervention": "SARS-CoV-2", "Observation": "phylogenetically close", "Outcome": "spike glycoprotein", "Count": ""}, {"Intervention": "bat", "Observation": "phylogenetically close", "Outcome": "spike glycoprotein", "Count": ""}, {"Intervention": "SARS-CoV-2", "Observation": "strongly binds", "Outcome": "spike glycoprotein", "Count": ""}]}, {"Section": "RESULTS", "Text": "We have also found that cell surface TLRs , especially TLR4 is most likely to be involved in recognizing molecular patterns from SARS-CoV-2 to induce inflammatory responses .", "Evidence Elements": {"Participant": [], "Intervention": [], "Outcome": []}, "Evidence Propositions": []}, {"Section": "RESULTS", "Text": "The present study supported the zoonotic origin of SARS-CoV-2 from a bat and also revealed that TLR4 may have a crucial role in the virus-induced inflammatory consequences associated with COVID-19 .", "Evidence Elements": {"Participant": [], "Intervention": [], "Outcome": [{"term": "virus-induced inflammatory consequences", "negation": "affirmed", "UMLS": "", "start": 132, "end": 171}]}, "Evidence Propositions": []}, {"Section": "RESULTS", "Text": "Therefore , selective targeting of TLR4-spike protein interaction by designing competitive TLR4-antagonists could pave a new way to treat COVID-19 .", "Evidence Elements": {"Participant": [], "Intervention": [], "Outcome": []}, "Evidence Propositions": []}, {"Section": "RESULTS", "Text": "Finally , this study is expected to improve our understanding on the immunobiology of SARS-CoV-2 and could be useful in adopting spike protein , ACE2 , or TLR-guided intervention strategy against COVID-19 shortly .", "Evidence Elements": {"Participant": [], "Intervention": [{"term": "protein , ACE2 , or TLR-guided intervention", "negation": "affirmed", "UMLS": "", "start": 135, "end": 178}], "Outcome": []}, "Evidence Propositions": []}, {"Section": "RESULTS", "Text": "Spike glycoprotein of SARS-CoV-2 is phylogenetically close to bat coronavirus .", "Evidence Elements": {"Participant": [], "Intervention": [{"term": "SARS-CoV-2", "negation": "affirmed", "UMLS": "", "start": 22, "end": 32}, {"term": "bat coronavirus", "negation": "affirmed", "UMLS": "", "start": 62, "end": 77}], "Outcome": [{"term": "Spike glycoprotein", "negation": "affirmed", "UMLS": "", "start": 0, "end": 18}]}, "Evidence Propositions": [{"Intervention": "SARS-CoV-2", "Observation": "close", "Outcome": "Spike glycoprotein", "Count": ""}, {"Intervention": "bat coronavirus", "Observation": "close", "Outcome": "Spike glycoprotein", "Count": ""}]}, {"Section": "RESULTS", "Text": "SARS-CoV-2 spike glycoprotein strongly binds with ACE2 receptor protein from both human and bat origin .", "Evidence Elements": {"Participant": [], "Intervention": [], "Outcome": []}, "Evidence Propositions": []}, {"Section": "CONCLUSIONS", "Text": "Cell surface TLR4 is most likely to be involved in recognizing molecular patterns from SARS-CoV-2 .", "Evidence Elements": {"Participant": [], "Intervention": [], "Outcome": []}, "Evidence Propositions": []}]}