{"doc_id": "32383763", "type of study": "Therapy", "title": "", "abstract": "To compare demographic characteristics, clinical presentation, and outcomes of patients with and without concomitant cardiac disease, hospitalized for COVID-19 in Brescia, Lombardy, Italy.\nThe study population includes 99 consecutive patients with COVID-19 pneumonia admitted to our hospital between 4 March and 25 March 2020.\nFifty-three patients with a history of cardiac disease were compared with 46 without cardiac disease.\nAmong cardiac patients, 40% had a history of heart failure, 36% had atrial fibrillation, and 30% had coronary artery disease.\nMean age was 67 +- 12 years, and 80 (81%) patients were males.\nNo differences were found between cardiac and non-cardiac patients except for higher values of serum creatinine, N-terminal probrain natriuretic peptide, and high sensitivity troponin T in cardiac patients.\nDuring hospitalization, 26% patients died, 15% developed thrombo-embolic events, 19% had acute respiratory distress syndrome, and 6% had septic shock.\nMortality was higher in patients with cardiac disease compared with the others (36% vs. 15%, log-rank P = 0.019; relative risk 2.35; 95% confidence interval 1.08-5.09).\nThe rate of thrombo-embolic events and septic shock during the hospitalization was also higher in cardiac patients (23% vs. 6% and 11% vs. 0%, respectively).\nHospitalized patients with concomitant cardiac disease and COVID-19 have an extremely poor prognosis compared with subjects without a history of cardiac disease, with higher mortality, thrombo-embolic events, and septic shock rates.\n", "Evidence Map": {"Enrollment": [{"term": "with and without concomitant cardiac disease", "negation": "affirmed", "UMLS": "", "start": 90, "end": 134}, {"term": "hospitalized", "negation": "negated", "UMLS": "", "start": 137, "end": 149}, {"term": "COVID-19", "negation": "negated", "UMLS": "", "start": 154, "end": 162}, {"term": "COVID-19 pneumonia", "negation": "affirmed", "UMLS": "", "start": 59, "end": 77}, {"term": "cardiac disease", "negation": "negated", "UMLS": "", "start": 39, "end": 54}, {"term": "cardiac disease", "negation": "negated", "UMLS": "", "start": 39, "end": 54}, {"term": "heart failure", "negation": "affirmed", "UMLS": "", "start": 47, "end": 60}, {"term": "atrial fibrillation", "negation": "affirmed", "UMLS": "", "start": 72, "end": 91}, {"term": "cardiac disease", "negation": "affirmed", "UMLS": "", "start": 38, "end": 53}, {"term": "cardiac patients", "negation": "affirmed", "UMLS": "", "start": 98, "end": 114}, {"term": "Hospitalized patients", "negation": "affirmed", "UMLS": "", "start": 0, "end": 21}, {"term": "concomitant cardiac disease", "negation": "affirmed", "UMLS": "", "start": 27, "end": 54}, {"term": "COVID-19", "negation": "affirmed", "UMLS": "", "start": 59, "end": 67}, {"term": "history of cardiac disease", "negation": "negated", "UMLS": "", "start": 134, "end": 160}], "Comparison Results": [], "Study Arm 1 Results": [], "Study Arm 2 Results": []}, "Sentence-level breakdown": [{"Section": "TITLE", "Text": "To compare demographic characteristics , clinical presentation , and outcomes of patients with and without concomitant cardiac disease , hospitalized for COVID-19 in Brescia , Lombardy , Italy .", "Evidence Elements": {"Participant": [{"term": "with and without concomitant cardiac disease", "negation": "affirmed", "UMLS": "", "start": 90, "end": 134}, {"term": "hospitalized", "negation": "negated", "UMLS": "", "start": 137, "end": 149}, {"term": "COVID-19", "negation": "negated", "UMLS": "", "start": 154, "end": 162}], "Intervention": [], "Outcome": [{"term": "clinical presentation", "negation": "affirmed", "UMLS": "", "start": 41, "end": 62}, {"term": "outcomes", "negation": "affirmed", "UMLS": "", "start": 69, "end": 77}]}, "Evidence Propositions": []}, {"Section": "METHODS", "Text": "The study population includes 99 consecutive patients with COVID-19 pneumonia admitted to our hospital between 4 March and 25 March 2020 .", "Evidence Elements": {"Participant": [{"term": "COVID-19 pneumonia", "negation": "affirmed", "UMLS": "", "start": 59, "end": 77}], "Intervention": [], "Outcome": []}, "Evidence Propositions": []}, {"Section": "METHODS", "Text": "Fifty-three patients with a history of cardiac disease were compared with 46 without cardiac disease .", "Evidence Elements": {"Participant": [{"term": "cardiac disease", "negation": "negated", "UMLS": "", "start": 39, "end": 54}, {"term": "cardiac disease", "negation": "negated", "UMLS": "", "start": 39, "end": 54}], "Intervention": [], "Outcome": []}, "Evidence Propositions": []}, {"Section": "RESULTS", "Text": "Among cardiac patients , 40 % had a history of heart failure , 36 % had atrial fibrillation , and 30 % had coronary artery disease .", "Evidence Elements": {"Participant": [{"term": "heart failure", "negation": "affirmed", "UMLS": "", "start": 47, "end": 60}, {"term": "atrial fibrillation", "negation": "affirmed", "UMLS": "", "start": 72, "end": 91}], "Intervention": [], "Outcome": []}, "Evidence Propositions": []}, {"Section": "RESULTS", "Text": "Mean age was 67 +-12 years , and 80 ( 81 % ) patients were males .", "Evidence Elements": {"Participant": [], "Intervention": [], "Outcome": []}, "Evidence Propositions": []}, {"Section": "RESULTS", "Text": "No differences were found between cardiac and non-cardiac patients except for higher values of serum creatinine , N-terminal probrain natriuretic peptide , and high sensitivity troponin T in cardiac patients .", "Evidence Elements": {"Participant": [], "Intervention": [{"term": "cardiac", "negation": "negated", "UMLS": "", "start": 34, "end": 41}, {"term": "non-cardiac", "negation": "negated", "UMLS": "", "start": 46, "end": 57}], "Outcome": [{"term": "values of serum creatinine", "negation": "negated", "UMLS": "", "start": 85, "end": 111}, {"term": "N-terminal probrain natriuretic peptide", "negation": "negated", "UMLS": "", "start": 114, "end": 153}, {"term": "high sensitivity troponin T", "negation": "negated", "UMLS": "", "start": 160, "end": 187}]}, "Evidence Propositions": [{"Intervention": ["cardiac", "non-cardiac"], "Observation": "differences", "Outcome": "N-terminal probrain natriuretic peptide", "Count": ""}, {"Intervention": ["cardiac", "non-cardiac"], "Observation": "differences", "Outcome": "high sensitivity troponin T", "Count": ""}, {"Intervention": [], "Observation": "higher", "Outcome": "", "Count": ""}]}, {"Section": "RESULTS", "Text": "During hospitalization , 26 % patients died , 15 % developed thrombo-embolic events , 19 % had acute respiratory distress syndrome , and 6 % had septic shock .", "Evidence Elements": {"Participant": [], "Intervention": [], "Outcome": [{"term": "died", "negation": "affirmed", "UMLS": "", "start": 39, "end": 43}, {"term": "thrombo-embolic events", "negation": "affirmed", "UMLS": "", "start": 61, "end": 83}, {"term": "acute respiratory distress", "negation": "affirmed", "UMLS": "", "start": 95, "end": 121}]}, "Evidence Propositions": []}, {"Section": "RESULTS", "Text": "Mortality was higher in patients with cardiac disease compared with the others ( 36 % vs . 15 % , log-rank P = 0.019 ; relative risk 2.35 ; 95 % confidence interval 1.08-5.09 ) .", "Evidence Elements": {"Participant": [{"term": "cardiac disease", "negation": "affirmed", "UMLS": "", "start": 38, "end": 53}], "Intervention": [{"term": "others", "negation": "affirmed", "UMLS": "", "start": 72, "end": 78}], "Outcome": [{"term": "Mortality", "negation": "affirmed", "UMLS": "", "start": 0, "end": 9}]}, "Evidence Propositions": [{"Intervention": ["others"], "Observation": "higher", "Outcome": "Mortality", "Count": ""}, {"Intervention": "others", "Observation": "15 %", "Outcome": "Mortality", "Count": ""}]}, {"Section": "RESULTS", "Text": "The rate of thrombo-embolic events and septic shock during the hospitalization was also higher in cardiac patients ( 23 % vs . 6 % and 11 % vs . 0 % , respectively ) .", "Evidence Elements": {"Participant": [{"term": "cardiac patients", "negation": "affirmed", "UMLS": "", "start": 98, "end": 114}], "Intervention": [], "Outcome": [{"term": "rate of thrombo-embolic events and septic shock during the hospitalization", "negation": "affirmed", "UMLS": "", "start": 4, "end": 78}]}, "Evidence Propositions": [{"Intervention": [], "Observation": "higher", "Outcome": "rate of thrombo-embolic events and septic shock during the hospitalization", "Count": ""}]}, {"Section": "CONCLUSIONS", "Text": "Hospitalized patients with concomitant cardiac disease and COVID-19 have an extremely poor prognosis compared with subjects without a history of cardiac disease , with higher mortality , thrombo-embolic events , and septic shock rates .", "Evidence Elements": {"Participant": [{"term": "Hospitalized patients", "negation": "affirmed", "UMLS": "", "start": 0, "end": 21}, {"term": "concomitant cardiac disease", "negation": "affirmed", "UMLS": "", "start": 27, "end": 54}, {"term": "COVID-19", "negation": "affirmed", "UMLS": "", "start": 59, "end": 67}, {"term": "history of cardiac disease", "negation": "negated", "UMLS": "", "start": 134, "end": 160}], "Intervention": [], "Outcome": [{"term": "prognosis", "negation": "affirmed", "UMLS": "", "start": 91, "end": 100}, {"term": "mortality", "negation": "negated", "UMLS": "", "start": 175, "end": 184}, {"term": "thrombo-embolic events", "negation": "negated", "UMLS": "", "start": 187, "end": 209}]}, "Evidence Propositions": []}]}