{"doc_id": "32381264", "type of study": "Therapy", "title": "", "abstract": "We recently reported a high cumulative incidence of thrombotic complications in critically ill patients with COVID-19 admitted to the intensive care units (ICUs) of three Dutch hospitals.\nIn answering questions raised regarding our study, we updated our database and repeated all analyses.\nWe re-evaluated the incidence of the composite outcome of symptomatic acute pulmonary embolism (PE), deep-vein thrombosis, ischemic stroke, myocardial infarction and/or systemic arterial embolism in all COVID-19 patients admitted to the ICUs of 2 Dutch university hospitals and 1 Dutch teaching hospital from ICU admission to death, ICU discharge or April 22nd 2020, whichever came first.\nWe studied the same 184 ICU patients as reported on previously, of whom a total of 41 died (22%) and 78 were discharged alive (43%).\nThe median follow-up duration increased from 7 to 14 days.\nAll patients received pharmacological thromboprophylaxis.\nThe cumulative incidence of the composite outcome, adjusted for competing risk of death, was 49% (95% confidence interval [CI] 41-57%).\nThe majority of thrombotic events were PE (65/75; 87%).\nIn the competing risk model, chronic anticoagulation therapy at admission was associated with a lower risk of the composite outcome (Hazard Ratio [HR] 0.29, 95%CI 0.091-0.92).\nPatients diagnosed with thrombotic complications were at higher risk of all-cause death (HR 5.4; 95%CI 2.4-12).\nUse of therapeutic anticoagulation was not associated with all-cause death (HR 0.79, 95%CI 0.35-1.8).\nIn this updated analysis, we confirm the very high cumulative incidence of thrombotic complications in critically ill patients with COVID-19 pneumonia.\n", "Evidence Map": {"Enrollment": [{"term": "critically ill patients with COVID-19", "negation": "affirmed", "UMLS": "", "start": 80, "end": 117}, {"term": "ICU", "negation": "affirmed", "UMLS": "", "start": 24, "end": 27}, {"term": "pharmacological thromboprophylaxis", "negation": "affirmed", "UMLS": "", "start": 22, "end": 56}, {"term": "thrombotic complications", "negation": "affirmed", "UMLS": "", "start": 24, "end": 48}, {"term": "critically ill patients with COVID-19", "negation": "affirmed", "UMLS": "", "start": 104, "end": 141}], "Comparison Results": [], "Study Arm 1 Results": [], "Study Arm 2 Results": []}, "Sentence-level breakdown": [{"Section": "TITLE", "Text": "We recently reported a high cumulative incidence of thrombotic complications in critically ill patients with COVID-19 admitted to the intensive care units ( ICUs ) of three Dutch hospitals .", "Evidence Elements": {"Participant": [{"term": "critically ill patients with COVID-19", "negation": "affirmed", "UMLS": "", "start": 80, "end": 117}], "Intervention": [], "Outcome": [{"term": "cumulative incidence of thrombotic complications", "negation": "affirmed", "UMLS": "", "start": 28, "end": 76}]}, "Evidence Propositions": []}, {"Section": "METHODS", "Text": "In answering questions raised regarding our study , we updated our database and repeated all analyses .", "Evidence Elements": {"Participant": [], "Intervention": [], "Outcome": []}, "Evidence Propositions": []}, {"Section": "METHODS", "Text": "We re-evaluated the incidence of the composite outcome of symptomatic acute pulmonary embolism ( PE ) , deep-vein thrombosis , ischemic stroke , myocardial infarction and / or systemic arterial embolism in all COVID-19 patients admitted to the ICUs of 2 Dutch university hospitals and 1 Dutch teaching hospital from ICU admission to death , ICU discharge or April 22nd 2020 , whichever came first .", "Evidence Elements": {"Participant": [], "Intervention": [], "Outcome": [{"term": "incidence of the composite outcome", "negation": "affirmed", "UMLS": "", "start": 20, "end": 54}, {"term": "symptomatic acute pulmonary embolism ( PE )", "negation": "affirmed", "UMLS": "", "start": 58, "end": 101}, {"term": "deep-vein thrombosis", "negation": "affirmed", "UMLS": "", "start": 104, "end": 124}, {"term": "ischemic stroke", "negation": "affirmed", "UMLS": "", "start": 127, "end": 142}, {"term": "myocardial infarction", "negation": "affirmed", "UMLS": "", "start": 145, "end": 166}, {"term": "or systemic arterial embolism", "negation": "affirmed", "UMLS": "", "start": 173, "end": 202}, {"term": "ICU", "negation": "affirmed", "UMLS": "", "start": 244, "end": 247}, {"term": "ICU discharge", "negation": "affirmed", "UMLS": "", "start": 341, "end": 354}]}, "Evidence Propositions": []}, {"Section": "RESULTS", "Text": "We studied the same 184 ICU patients as reported on previously , of whom a total of 41 died ( 22 % ) and 78 were discharged alive ( 43 % ) .", "Evidence Elements": {"Participant": [{"term": "ICU", "negation": "affirmed", "UMLS": "", "start": 24, "end": 27}], "Intervention": [], "Outcome": [{"term": "died", "negation": "affirmed", "UMLS": "", "start": 6, "end": 10}]}, "Evidence Propositions": []}, {"Section": "RESULTS", "Text": "The median follow-up duration increased from 7 to 14 days .", "Evidence Elements": {"Participant": [], "Intervention": [], "Outcome": [{"term": "median follow-up duration", "negation": "affirmed", "UMLS": "", "start": 4, "end": 29}]}, "Evidence Propositions": []}, {"Section": "RESULTS", "Text": "All patients received pharmacological thromboprophylaxis .", "Evidence Elements": {"Participant": [{"term": "pharmacological thromboprophylaxis", "negation": "affirmed", "UMLS": "", "start": 22, "end": 56}], "Intervention": [], "Outcome": []}, "Evidence Propositions": []}, {"Section": "RESULTS", "Text": "The cumulative incidence of the composite outcome , adjusted for competing risk of death , was 49 % ( 95 % confidence interval [ CI ] 41-57 % ) .", "Evidence Elements": {"Participant": [], "Intervention": [], "Outcome": [{"term": "cumulative incidence of the composite outcome", "negation": "affirmed", "UMLS": "", "start": 4, "end": 49}]}, "Evidence Propositions": []}, {"Section": "RESULTS", "Text": "The majority of thrombotic events were PE ( 65 / 75 ; 87 % ) .", "Evidence Elements": {"Participant": [], "Intervention": [], "Outcome": [{"term": "PE", "negation": "affirmed", "UMLS": "", "start": 39, "end": 41}]}, "Evidence Propositions": []}, {"Section": "RESULTS", "Text": "In the competing risk model , chronic anticoagulation therapy at admission was associated with a lower risk of the composite outcome ( Hazard Ratio [ HR ] 0.29 , 95 % CI 0.091-0.92 ) .", "Evidence Elements": {"Participant": [], "Intervention": [{"term": "chronic anticoagulation therapy at admission", "negation": "affirmed", "UMLS": "", "start": 30, "end": 74}], "Outcome": [{"term": "risk of the composite outcome", "negation": "affirmed", "UMLS": "", "start": 103, "end": 132}]}, "Evidence Propositions": []}, {"Section": "RESULTS", "Text": "Patients diagnosed with thrombotic complications were at higher risk of all-cause death ( HR 5.4 ; 95 % CI 2.4-12 ) .", "Evidence Elements": {"Participant": [{"term": "thrombotic complications", "negation": "affirmed", "UMLS": "", "start": 24, "end": 48}], "Intervention": [], "Outcome": [{"term": "risk of all-cause death", "negation": "affirmed", "UMLS": "", "start": 64, "end": 87}]}, "Evidence Propositions": []}, {"Section": "RESULTS", "Text": "Use of therapeutic anticoagulation was not associated with all-cause death ( HR 0.79 , 95 % CI 0.35-1.8 ) .", "Evidence Elements": {"Participant": [], "Intervention": [{"term": "therapeutic anticoagulation", "negation": "affirmed", "UMLS": "", "start": 7, "end": 34}], "Outcome": [{"term": "all-cause death", "negation": "negated", "UMLS": "", "start": 59, "end": 74}]}, "Evidence Propositions": [{"Intervention": "therapeutic anticoagulation", "Observation": "associated", "Outcome": "all-cause death", "Count": ""}]}, {"Section": "CONCLUSIONS", "Text": "In this updated analysis , we confirm the very high cumulative incidence of thrombotic complications in critically ill patients with COVID-19 pneumonia .", "Evidence Elements": {"Participant": [{"term": "critically ill patients with COVID-19", "negation": "affirmed", "UMLS": "", "start": 104, "end": 141}], "Intervention": [], "Outcome": [{"term": "cumulative incidence of thrombotic complications", "negation": "affirmed", "UMLS": "", "start": 52, "end": 100}]}, "Evidence Propositions": []}]}