{"doc_id": "32388937", "type of study": "Therapy", "title": "", "abstract": "Objective: To evaluate the efficacy and safety of lopinavir/ritonavir (LPV/r) and arbidol in the treatment of COVID-19 in the real world.\nMethods: The clinical data of 178 patients diagnosed with COVID-19 admitted to Guangzhou Eighth People's Hospital were retrospectively analyzed from January 21 to February 9, 2020.\nAccording to the patient's antiviral treatment regimen, 178 patients were divided into 4 groups including LPV/r group (59 patients), arbidol group (36 patients), combination therapy with LPV/r plus arbidol group (25 patients) and the conventional treatment group without any antiviral drugs (58 patients).\nThe main observation end points of the study was the negative conversion time of nucleic acid of the novel coronavirus (2019-nCoV) in pharyngeal swab.\nResults: The baseline of 4 groups before treatment was consistent and comparable.\nThe negative conversion time of nucleic acid of the 2019-nCoV in pharyngeal swab was (10.20 +- 3.49), (10.11 +- 4.68), (10.86 +- 4.74), (8.44 +- 3.51) days separately in the LPV/r group, the arbidol group, the combination therapy group, and the conventional treatment group without significant difference (F = 2.556, P = 0.058).\nThere was also no significant difference in the rate of negative conversion rate of 2019-nCoV nucleic acid, the improvement ration in clinical symptoms, and the improvement ration of pulmonary infection in the lung CT imaging (P> 0.05).\nHowever, a statistically significant difference was found in the proportion of deterioration changing from mild/moderate to severe/critical type at day 7 (chi(2) = 9.311, P = 0.017) as follows: the combination therapy group (24.0%, 6/25), the arbidol group ( 16.7%, 6/36), LPV/r group (5.4%, 3/56) and conventional treatment group (5.2%, 3/58).\nMoreover, the frequency of adverse reactions in the three groups receiving antiviral drugs was significantly higher than that in the conventional treatment group (chi(2) = 14.875, P = 0.002).\nConclusions: No evidences could prove that LPV/r and arbidol could shorten the negative conversion time of novel coronavirus nucleic acid in pharyngeal swab nor improve the symptoms of patients.\nFurthermore, the combination usage of LPV/r and arbidol may not benefit for improving the disease.\nNoteworthy, the adverse reactions of the antiviral drugs should be paid careful attention during the treatment.\n", "Evidence Map": {"Enrollment": [{"term": "COVID-19", "negation": "affirmed", "UMLS": "", "start": 117, "end": 125}, {"term": "COVID-19", "negation": "affirmed", "UMLS": "", "start": 59, "end": 67}], "Comparison Results": [], "Study Arm 1 Results": [], "Study Arm 2 Results": []}, "Sentence-level breakdown": [{"Section": "TITLE", "Text": "Objective : To evaluate the efficacy and safety of lopinavir / ritonavir ( LPV / r ) and arbidol in the treatment of COVID-19 in the real world .", "Evidence Elements": {"Participant": [{"term": "COVID-19", "negation": "affirmed", "UMLS": "", "start": 117, "end": 125}], "Intervention": [{"term": "ritonavir", "negation": "affirmed", "UMLS": "", "start": 63, "end": 72}, {"term": "arbidol", "negation": "affirmed", "UMLS": "", "start": 89, "end": 96}], "Outcome": [{"term": "efficacy", "negation": "affirmed", "UMLS": "", "start": 28, "end": 36}, {"term": "safety", "negation": "affirmed", "UMLS": "", "start": 41, "end": 47}]}, "Evidence Propositions": []}, {"Section": "METHODS", "Text": "Methods : The clinical data of 178 patients diagnosed with COVID-19 admitted to Guangzhou Eighth People 's Hospital were retrospectively analyzed from January 21 to February 9 , 2020 .", "Evidence Elements": {"Participant": [{"term": "COVID-19", "negation": "affirmed", "UMLS": "", "start": 59, "end": 67}], "Intervention": [], "Outcome": []}, "Evidence Propositions": []}, {"Section": "METHODS", "Text": "According to the patient 's antiviral treatment regimen , 178 patients were divided into 4 groups including LPV / r group ( 59 patients ) , arbidol group ( 36 patients ) , combination therapy with LPV / r plus arbidol group ( 25 patients ) and the conventional treatment group without any antiviral drugs ( 58 patients ) .", "Evidence Elements": {"Participant": [], "Intervention": [{"term": "r", "negation": "negated", "UMLS": "", "start": 4, "end": 5}, {"term": "arbidol", "negation": "affirmed", "UMLS": "", "start": 140, "end": 147}, {"term": "combination therapy with", "negation": "affirmed", "UMLS": "", "start": 172, "end": 196}, {"term": "r plus arbidol", "negation": "affirmed", "UMLS": "", "start": 203, "end": 217}], "Outcome": []}, "Evidence Propositions": []}, {"Section": "METHODS", "Text": "The main observation end points of the study was the negative conversion time of nucleic acid of the novel coronavirus ( 2019-nCoV ) in pharyngeal swab .", "Evidence Elements": {"Participant": [], "Intervention": [{"term": "novel coronavirus ( 2019-nCoV )", "negation": "affirmed", "UMLS": "", "start": 101, "end": 132}], "Outcome": [{"term": "conversion time of nucleic acid", "negation": "affirmed", "UMLS": "", "start": 62, "end": 93}]}, "Evidence Propositions": []}, {"Section": "RESULTS", "Text": "Results : The baseline of 4 groups before treatment was consistent and comparable .", "Evidence Elements": {"Participant": [], "Intervention": [{"term": "4 groups", "negation": "affirmed", "UMLS": "", "start": 26, "end": 34}], "Outcome": []}, "Evidence Propositions": []}, {"Section": "RESULTS", "Text": "The negative conversion time of nucleic acid of the 2019-nCoV in pharyngeal swab was ( 10.20+-3.49 ) , ( 10.11+-4.68 ) , ( 10.86+-4.74 ) , ( 8.44+-3.51 ) days separately in the LPV / r group , the arbidol group , the combination therapy group , and the conventional treatment group without significant difference ( F= 2.556 , P = 0.058 ) .", "Evidence Elements": {"Participant": [], "Intervention": [{"term": "r", "negation": "negated", "UMLS": "", "start": 18, "end": 19}, {"term": "arbidol", "negation": "affirmed", "UMLS": "", "start": 197, "end": 204}, {"term": "combination therapy", "negation": "affirmed", "UMLS": "", "start": 217, "end": 236}, {"term": "conventional treatment", "negation": "affirmed", "UMLS": "", "start": 253, "end": 275}], "Outcome": [{"term": "conversion time of nucleic acid of the 2019-nCoV", "negation": "affirmed", "UMLS": "", "start": 13, "end": 61}]}, "Evidence Propositions": [{"Intervention": ["conventional treatment"], "Observation": "significant difference", "Outcome": "", "Count": ""}]}, {"Section": "RESULTS", "Text": "There was also no significant difference in the rate of negative conversion rate of 2019-nCoV nucleic acid , the improvement ration in clinical symptoms , and the improvement ration of pulmonary infection in the lung CT imaging ( P > 0.05 ) .", "Evidence Elements": {"Participant": [], "Intervention": [], "Outcome": [{"term": "rate of negative conversion rate of 2019-nCoV nucleic acid", "negation": "negated", "UMLS": "", "start": 48, "end": 106}, {"term": "improvement ration in clinical symptoms", "negation": "negated", "UMLS": "", "start": 113, "end": 152}, {"term": "improvement ration of pulmonary infection", "negation": "negated", "UMLS": "", "start": 163, "end": 204}]}, "Evidence Propositions": [{"Intervention": [], "Observation": "significant difference", "Outcome": "rate of negative conversion rate of 2019-nCoV nucleic acid", "Count": ""}, {"Intervention": [], "Observation": "significant difference", "Outcome": "improvement ration in clinical symptoms", "Count": ""}, {"Intervention": [], "Observation": "significant difference", "Outcome": "improvement ration of pulmonary infection", "Count": ""}]}, {"Section": "RESULTS", "Text": "However , a statistically significant difference was found in the proportion of deterioration changing from mild / moderate to severe / critical type at day 7 ( chi ( 2 ) = 9.311 , P = 0.017 ) as follows : the combination therapy group ( 24.0 % , 6 / 25 ) , the arbidol group ( 16.7 % , 6 / 36 ) , LPV / r group ( 5.4 % , 3 / 56 ) and conventional treatment group ( 5.2 % , 3 / 58 ) .", "Evidence Elements": {"Participant": [], "Intervention": [{"term": "combination therapy", "negation": "affirmed", "UMLS": "", "start": 210, "end": 229}, {"term": "arbidol", "negation": "affirmed", "UMLS": "", "start": 262, "end": 269}], "Outcome": [{"term": "proportion of deterioration changing from", "negation": "affirmed", "UMLS": "", "start": 66, "end": 107}, {"term": "moderate to", "negation": "affirmed", "UMLS": "", "start": 115, "end": 126}, {"term": "critical type", "negation": "affirmed", "UMLS": "", "start": 136, "end": 149}]}, "Evidence Propositions": [{"Intervention": ["combination therapy"], "Observation": "statistically significant difference", "Outcome": "proportion of deterioration changing from", "Count": ""}]}, {"Section": "RESULTS", "Text": "Moreover , the frequency of adverse reactions in the three groups receiving antiviral drugs was significantly higher than that in the conventional treatment group ( chi ( 2 ) = 14.875 , P = 0.002 ) .", "Evidence Elements": {"Participant": [], "Intervention": [{"term": "three groups receiving antiviral drugs", "negation": "affirmed", "UMLS": "", "start": 53, "end": 91}, {"term": "conventional treatment", "negation": "affirmed", "UMLS": "", "start": 134, "end": 156}], "Outcome": [{"term": "frequency of adverse reactions", "negation": "affirmed", "UMLS": "", "start": 15, "end": 45}]}, "Evidence Propositions": [{"Intervention": ["three groups receiving antiviral drugs", "conventional treatment"], "Observation": "significantly higher", "Outcome": "frequency of adverse reactions", "Count": ""}]}, {"Section": "CONCLUSIONS", "Text": "Conclusions : No evidences could prove that LPV / r and arbidol could shorten the negative conversion time of novel coronavirus nucleic acid in pharyngeal swab nor improve the symptoms of patients .", "Evidence Elements": {"Participant": [], "Intervention": [{"term": "r", "negation": "negated", "UMLS": "", "start": 34, "end": 35}, {"term": "arbidol", "negation": "negated", "UMLS": "", "start": 56, "end": 63}], "Outcome": [{"term": "conversion time of novel coronavirus nucleic acid", "negation": "negated", "UMLS": "", "start": 91, "end": 140}, {"term": "symptoms", "negation": "negated", "UMLS": "", "start": 176, "end": 184}]}, "Evidence Propositions": [{"Intervention": "arbidol", "Observation": "improve", "Outcome": "symptoms", "Count": ""}]}, {"Section": "CONCLUSIONS", "Text": "Furthermore , the combination usage of LPV / r and arbidol may not benefit for improving the disease .", "Evidence Elements": {"Participant": [], "Intervention": [{"term": "combination usage of", "negation": "affirmed", "UMLS": "", "start": 18, "end": 38}, {"term": "r and arbidol", "negation": "affirmed", "UMLS": "", "start": 45, "end": 58}], "Outcome": []}, "Evidence Propositions": []}, {"Section": "CONCLUSIONS", "Text": "Noteworthy , the adverse reactions of the antiviral drugs should be paid careful attention during the treatment .", "Evidence Elements": {"Participant": [], "Intervention": [], "Outcome": []}, "Evidence Propositions": []}]}