{"doc_id": "32387409", "type of study": "Therapy", "title": "", "abstract": "In France, the combination hydroxychloroquine (HCQ) and azithromycin (AZ) is used in the treatment of COVID-19.\nWe retrospectively report on 1061 SARS-CoV-2 positive tested patients treated for at least three days with the following regimen: HCQ (200 mg three times daily for ten days) + AZ (500 mg on day 1 followed by 250 mg daily for the next four days).\nOutcomes were death, clinical worsening (transfer to ICU, and >10 day hospitalization) and viral shedding persistence (>10 days).\nA total of 1061 patients were included in this analysis (46.4% male, mean age 43.6 years - range 14-95 years).\nGood clinical outcome and virological cure were obtained in 973 patients within 10 days (91.7%).\nProlonged viral carriage was observed in 47 patients (4.4%) and was associated to a higher viral load at diagnosis (p < .001) but viral culture was negative at day 10.\nAll but one, were PCR-cleared at day 15.\nA poor clinical outcome (PClinO) was observed for 46 patients (4.3%) and 8 died (0.75%) (74-95 years old).\nAll deaths resulted from respiratory failure and not from cardiac toxicity.\nFive patients are still hospitalized (98.7% of patients cured so far).\nPClinO was associated with older age (OR 1.11), severity of illness at admission (OR 10.05) and low HCQ serum concentration.\nPClinO was independently associated with the use of selective beta-blocking agents and angiotensin II receptor blockers (p < .05).\nA total of 2.3% of patients reported mild adverse events (gastrointestinal or skin symptoms, headache, insomnia and transient blurred vision).\nAdministration of the HCQ+AZ combination before COVID-19 complications occur is safe and associated with a very low fatality rate in patients.\n", "Evidence Map": {"Enrollment": [{"term": "SARS-CoV-2 positive", "negation": "affirmed", "UMLS": "", "start": 34, "end": 53}, {"term": "older age", "negation": "affirmed", "UMLS": "", "start": 27, "end": 36}, {"term": "severity of illness at admission", "negation": "affirmed", "UMLS": "", "start": 51, "end": 83}], "Comparison Results": [], "Study Arm 1 Results": [], "Study Arm 2 Results": []}, "Sentence-level breakdown": [{"Section": "TITLE", "Text": "In France , the combination hydroxychloroquine ( HCQ ) and azithromycin ( AZ ) is used in the treatment of COVID-19 .", "Evidence Elements": {"Participant": [], "Intervention": [{"term": "azithromycin ( AZ )", "negation": "affirmed", "UMLS": "", "start": 59, "end": 78}], "Outcome": []}, "Evidence Propositions": []}, {"Section": "METHODS", "Text": "We retrospectively report on 1061 SARS-CoV-2 positive tested patients treated for at least three days with the following regimen : HCQ ( 200 mg three times daily for ten days ) + AZ ( 500 mg on day 1 followed by 250 mg daily for the next four days ) .", "Evidence Elements": {"Participant": [{"term": "SARS-CoV-2 positive", "negation": "affirmed", "UMLS": "", "start": 34, "end": 53}], "Intervention": [{"term": "HCQ", "negation": "affirmed", "UMLS": "", "start": 131, "end": 134}, {"term": "+ AZ", "negation": "affirmed", "UMLS": "", "start": 177, "end": 181}], "Outcome": []}, "Evidence Propositions": []}, {"Section": "METHODS", "Text": "Outcomes were death , clinical worsening ( transfer to ICU , and > 10 day hospitalization ) and viral shedding persistence ( > 10 days ) .", "Evidence Elements": {"Participant": [], "Intervention": [], "Outcome": [{"term": "death", "negation": "affirmed", "UMLS": "", "start": 14, "end": 19}, {"term": "clinical worsening", "negation": "affirmed", "UMLS": "", "start": 22, "end": 40}, {"term": "transfer to ICU", "negation": "affirmed", "UMLS": "", "start": 43, "end": 58}, {"term": "hospitalization", "negation": "affirmed", "UMLS": "", "start": 74, "end": 89}]}, "Evidence Propositions": []}, {"Section": "RESULTS", "Text": "A total of 1061 patients were included in this analysis ( 46.4 % male , mean age 43.6 years- range 14-95 years ) .", "Evidence Elements": {"Participant": [], "Intervention": [], "Outcome": []}, "Evidence Propositions": []}, {"Section": "RESULTS", "Text": "Good clinical outcome and virological cure were obtained in 973 patients within 10 days ( 91.7 % ) .", "Evidence Elements": {"Participant": [], "Intervention": [], "Outcome": [{"term": "Good clinical outcome", "negation": "affirmed", "UMLS": "", "start": 0, "end": 21}, {"term": "virological cure", "negation": "affirmed", "UMLS": "", "start": 26, "end": 42}]}, "Evidence Propositions": []}, {"Section": "RESULTS", "Text": "Prolonged viral carriage was observed in 47 patients ( 4.4 % ) and was associated to a higher viral load at diagnosis ( p < .001 ) but viral culture was negative at day 10 .", "Evidence Elements": {"Participant": [], "Intervention": [], "Outcome": [{"term": "Prolonged", "negation": "affirmed", "UMLS": "", "start": 0, "end": 9}, {"term": "viral carriage", "negation": "affirmed", "UMLS": "", "start": 10, "end": 24}, {"term": "viral load at diagnosis", "negation": "affirmed", "UMLS": "", "start": 94, "end": 117}, {"term": "viral culture", "negation": "affirmed", "UMLS": "", "start": 135, "end": 148}]}, "Evidence Propositions": []}, {"Section": "RESULTS", "Text": "All but one , were PCR-cleared at day 15 .", "Evidence Elements": {"Participant": [], "Intervention": [], "Outcome": []}, "Evidence Propositions": []}, {"Section": "RESULTS", "Text": "A poor clinical outcome ( PClinO ) was observed for 46 patients ( 4.3 % ) and 8 died ( 0.75 % ) ( 74-95 years old ) .", "Evidence Elements": {"Participant": [], "Intervention": [], "Outcome": [{"term": "poor clinical outcome ( PClinO )", "negation": "affirmed", "UMLS": "", "start": 2, "end": 34}]}, "Evidence Propositions": []}, {"Section": "RESULTS", "Text": "All deaths resulted from respiratory failure and not from cardiac toxicity .", "Evidence Elements": {"Participant": [], "Intervention": [], "Outcome": [{"term": "respiratory failure", "negation": "affirmed", "UMLS": "", "start": 25, "end": 44}, {"term": "cardiac toxicity", "negation": "negated", "UMLS": "", "start": 58, "end": 74}]}, "Evidence Propositions": []}, {"Section": "RESULTS", "Text": "Five patients are still hospitalized ( 98.7 % of patients cured so far ) .", "Evidence Elements": {"Participant": [], "Intervention": [], "Outcome": [{"term": "hospitalized", "negation": "affirmed", "UMLS": "", "start": 24, "end": 36}, {"term": "cured", "negation": "affirmed", "UMLS": "", "start": 58, "end": 63}]}, "Evidence Propositions": []}, {"Section": "RESULTS", "Text": "PClinO was associated with older age ( OR 1.11 ) , severity of illness at admission ( OR 10.05 ) and low HCQ serum concentration .", "Evidence Elements": {"Participant": [{"term": "older age", "negation": "affirmed", "UMLS": "", "start": 27, "end": 36}, {"term": "severity of illness at admission", "negation": "affirmed", "UMLS": "", "start": 51, "end": 83}], "Intervention": [{"term": "PClinO", "negation": "affirmed", "UMLS": "", "start": 0, "end": 6}], "Outcome": []}, "Evidence Propositions": []}, {"Section": "RESULTS", "Text": "PClinO was independently associated with the use of selective beta-blocking agents and angiotensin II receptor blockers ( p < .05 ) .", "Evidence Elements": {"Participant": [], "Intervention": [{"term": "selective beta-blocking agents", "negation": "affirmed", "UMLS": "", "start": 52, "end": 82}], "Outcome": [{"term": "PClinO", "negation": "affirmed", "UMLS": "", "start": 0, "end": 6}, {"term": "angiotensin II receptor blockers", "negation": "affirmed", "UMLS": "", "start": 87, "end": 119}]}, "Evidence Propositions": [{"Intervention": "selective beta-blocking agents", "Observation": "independently associated", "Outcome": "PClinO", "Count": ""}, {"Intervention": "selective beta-blocking agents", "Observation": "independently associated", "Outcome": "angiotensin II receptor blockers", "Count": ""}]}, {"Section": "RESULTS", "Text": "A total of 2.3 % of patients reported mild adverse events ( gastrointestinal or skin symptoms , headache , insomnia and transient blurred vision ) .", "Evidence Elements": {"Participant": [], "Intervention": [], "Outcome": [{"term": "mild adverse events", "negation": "affirmed", "UMLS": "", "start": 38, "end": 57}, {"term": "gastrointestinal or skin symptoms", "negation": "affirmed", "UMLS": "", "start": 60, "end": 93}, {"term": "headache", "negation": "affirmed", "UMLS": "", "start": 96, "end": 104}, {"term": "insomnia", "negation": "affirmed", "UMLS": "", "start": 107, "end": 115}]}, "Evidence Propositions": []}, {"Section": "CONCLUSIONS", "Text": "Administration of the HCQ + AZ combination before COVID-19 complications occur is safe and associated with a very low fatality rate in patients .", "Evidence Elements": {"Participant": [], "Intervention": [{"term": "HCQ + AZ combination", "negation": "affirmed", "UMLS": "", "start": 22, "end": 42}], "Outcome": [{"term": "COVID-19 complications", "negation": "affirmed", "UMLS": "", "start": 50, "end": 72}, {"term": "fatality rate", "negation": "affirmed", "UMLS": "", "start": 118, "end": 131}]}, "Evidence Propositions": [{"Intervention": "HCQ + AZ combination", "Observation": "safe", "Outcome": "COVID-19 complications", "Count": ""}]}]}