{"doc_id": "32389849", "type of study": "Therapy", "title": "", "abstract": "This review compared the features of children's COVID-19 with children's SARS There were differences between children's SARS and COVID-19 Some thoughts and recommendations were given to contain children's COVID-19 from a pediatrician's perspective Coronaviruses, both SARS-CoV and SARS-CoV-2, first appeared in China.\nThey have certain biological, epidemiological and pathological similarities.\nTo date, research has shown that their genes exhibit 79% of identical sequences and the receptor-binding domain structure is also very similar.\nThere has been extensive research performed on SARS; however, the understanding of the pathophysiological impact of coronavirus disease 2019 (COVID-19) is still limited.\nThis review drew upon the lessons learnt from SARS, in terms of epidemiology, clinical characteristics and pathogenesis, to further understand the features of COVID-19.\nBy comparing these two diseases, it found that COVID-19 has quicker and wider transmission, obvious family agglomeration, and higher morbidity and mortality.\nNewborns, asymptomatic children and normal chest imaging cases emerged in COVID-19 literature.\nChildren starting with gastrointestinal symptoms may progress to severe conditions and newborns whose mothers are infected with COVID-19 could have severe complications.\nThe laboratory test data showed that the percentage of neutrophils and the level of LDH is higher, and the number of CD4+ and CD8+T-cells is decreased in children's COVID-19 cases.\nBased on these early observations, as pediatricians, this review put forward some thoughts on children's COVID-19 and gave some recommendations to contain the disease.\n", "Evidence Map": {"Enrollment": [{"term": "children", "negation": "affirmed", "UMLS": "", "start": 156, "end": 164}], "Comparison Results": [], "Study Arm 1 Results": [], "Study Arm 2 Results": []}, "Sentence-level breakdown": [{"Section": "TITLE", "Text": "This review compared the features of children 's COVID-19 with children 's SARS There were differences between children 's SARS and COVID-19 Some thoughts and recommendations were given to contain children 's COVID-19 from a pediatrician 's perspective Coronaviruses , both SARS-CoV and SARS-CoV-2 , first appeared in China .", "Evidence Elements": {"Participant": [], "Intervention": [{"term": "children", "negation": "affirmed", "UMLS": "", "start": 37, "end": 45}, {"term": "COVID-19", "negation": "affirmed", "UMLS": "", "start": 49, "end": 57}, {"term": "children 's SARS", "negation": "affirmed", "UMLS": "", "start": 63, "end": 79}, {"term": "children", "negation": "affirmed", "UMLS": "", "start": 37, "end": 45}, {"term": "SARS", "negation": "affirmed", "UMLS": "", "start": 75, "end": 79}, {"term": "COVID-19", "negation": "affirmed", "UMLS": "", "start": 49, "end": 57}, {"term": "children", "negation": "affirmed", "UMLS": "", "start": 37, "end": 45}, {"term": "COVID-19", "negation": "affirmed", "UMLS": "", "start": 49, "end": 57}], "Outcome": []}, "Evidence Propositions": []}, {"Section": "OBJECTIVE", "Text": "This review drew upon the lessons learnt from SARS , in terms of epidemiology , clinical characteristics and pathogenesis , to further understand the features of COVID-19 .", "Evidence Elements": {"Participant": [], "Intervention": [{"term": "SARS", "negation": "affirmed", "UMLS": "", "start": 46, "end": 50}], "Outcome": [{"term": "clinical characteristics", "negation": "affirmed", "UMLS": "", "start": 80, "end": 104}, {"term": "pathogenesis", "negation": "affirmed", "UMLS": "", "start": 109, "end": 121}]}, "Evidence Propositions": []}, {"Section": "RESULTS", "Text": "By comparing these two diseases , it found that COVID-19 has quicker and wider transmission , obvious family agglomeration , and higher morbidity and mortality .", "Evidence Elements": {"Participant": [], "Intervention": [{"term": "COVID-19", "negation": "affirmed", "UMLS": "", "start": 48, "end": 56}], "Outcome": [{"term": "transmission", "negation": "affirmed", "UMLS": "", "start": 79, "end": 91}, {"term": "family agglomeration", "negation": "affirmed", "UMLS": "", "start": 102, "end": 122}]}, "Evidence Propositions": [{"Intervention": [], "Observation": "quicker and wider", "Outcome": "", "Count": ""}, {"Intervention": ["COVID-19"], "Observation": "higher", "Outcome": "", "Count": ""}]}, {"Section": "RESULTS", "Text": "Newborns , asymptomatic children and normal chest imaging cases emerged in COVID-19 literature .", "Evidence Elements": {"Participant": [], "Intervention": [], "Outcome": []}, "Evidence Propositions": []}, {"Section": "RESULTS", "Text": "Children starting with gastrointestinal symptoms may progress to severe conditions and newborns whose mothers are infected with COVID-19 could have severe complications .", "Evidence Elements": {"Participant": [], "Intervention": [], "Outcome": []}, "Evidence Propositions": []}, {"Section": "RESULTS", "Text": "The laboratory test data showed that the percentage of neutrophils and the level of LDH is higher , and the number of CD4+ and CD8+ T-cells is decreased in children 's COVID-19 cases .", "Evidence Elements": {"Participant": [{"term": "children", "negation": "affirmed", "UMLS": "", "start": 156, "end": 164}], "Intervention": [], "Outcome": [{"term": "percentage of neutrophils and the level of LDH", "negation": "affirmed", "UMLS": "", "start": 41, "end": 87}, {"term": "number of CD4+ and CD8+ T-cells", "negation": "affirmed", "UMLS": "", "start": 108, "end": 139}]}, "Evidence Propositions": [{"Intervention": [], "Observation": "higher", "Outcome": "percentage of neutrophils and the level of LDH", "Count": ""}]}, {"Section": "CONCLUSIONS", "Text": "Based on these early observations , as pediatricians , this review put forward some thoughts on children 's COVID-19 and gave some recommendations to contain the disease .", "Evidence Elements": {"Participant": [], "Intervention": [], "Outcome": []}, "Evidence Propositions": []}]}