{"doc_id": "32388476", "type of study": "Therapy", "title": "", "abstract": "Copper (Cu) is an essential micronutrient for both pathogens and the hosts during viral infection.\nCu is involved in the functions of critical immune cells such as T helper cells, B cells, neutrophils natural killer (NK) cells, and macrophages.\nThese blood cells are involved in the killing of infectious microbes, in cell-mediated immunity and the production of specific antibodies against the pathogens.\nCu-deficient humans show an exceptional susceptibility to infections due to the decreased number and function of these blood cells.\nBesides, Cu can kill several infectious viruses such as bronchitis virus, poliovirus, human immunodeficiency virus type 1(HIV-1), other enveloped or nonenveloped, single- or double-stranded DNA and RNA viruses.\nMoreover, Cu has the potent capacity of contact killing of several viruses, including SARS-CoV-2.\nSince the current outbreak of the COVID-19 continues to develop, and there is no vaccine or drugs are currently available, the critical option is now to make the immune system competent to fight against the SARS-CoV-2.\nBased on available data, we hypothesize that enrichment of plasma copper levels will boost both the innate and adaptive immunity in people.\nMoreover, owing to its potent antiviral activities, Cu may also act as a preventive and therapeutic regime against COVID-19.\n", "Evidence Map": {"Enrollment": [], "Comparison Results": [], "Study Arm 1 Results": [], "Study Arm 2 Results": []}, "Sentence-level breakdown": [{"Section": "TITLE", "Text": "Copper ( Cu ) is an essential micronutrient for both pathogens and the hosts during viral infection .", "Evidence Elements": {"Participant": [], "Intervention": [], "Outcome": []}, "Evidence Propositions": []}, {"Section": "RESULTS", "Text": "Cu is involved in the functions of critical immune cells such as T helper cells , B cells , neutrophils natural killer ( NK ) cells , and macrophages .", "Evidence Elements": {"Participant": [], "Intervention": [], "Outcome": []}, "Evidence Propositions": []}, {"Section": "RESULTS", "Text": "These blood cells are involved in the killing of infectious microbes , in cell-mediated immunity and the production of specific antibodies against the pathogens .", "Evidence Elements": {"Participant": [], "Intervention": [], "Outcome": []}, "Evidence Propositions": []}, {"Section": "RESULTS", "Text": "Cu-deficient humans show an exceptional susceptibility to infections due to the decreased number and function of these blood cells .", "Evidence Elements": {"Participant": [], "Intervention": [], "Outcome": []}, "Evidence Propositions": []}, {"Section": "RESULTS", "Text": "Besides , Cu can kill several infectious viruses such as bronchitis virus , poliovirus , human immunodeficiency virus type 1 ( HIV-1 ) , other enveloped or nonenveloped , single- or double-stranded DNA and RNA viruses .", "Evidence Elements": {"Participant": [], "Intervention": [], "Outcome": []}, "Evidence Propositions": []}, {"Section": "RESULTS", "Text": "Moreover , Cu has the potent capacity of contact killing of several viruses , including SARS-CoV-2 .", "Evidence Elements": {"Participant": [], "Intervention": [], "Outcome": []}, "Evidence Propositions": []}, {"Section": "RESULTS", "Text": "Since the current outbreak of the COVID-19 continues to develop , and there is no vaccine or drugs are currently available , the critical option is now to make the immune system competent to fight against the SARS-CoV-2 .", "Evidence Elements": {"Participant": [], "Intervention": [], "Outcome": []}, "Evidence Propositions": []}, {"Section": "CONCLUSIONS", "Text": "Based on available data , we hypothesize that enrichment of plasma copper levels will boost both the innate and adaptive immunity in people .", "Evidence Elements": {"Participant": [], "Intervention": [{"term": "enrichment of plasma copper levels", "negation": "affirmed", "UMLS": "", "start": 46, "end": 80}], "Outcome": [{"term": "innate and adaptive immunity", "negation": "affirmed", "UMLS": "", "start": 101, "end": 129}]}, "Evidence Propositions": [{"Intervention": "enrichment of plasma copper levels", "Observation": "boost", "Outcome": "innate and adaptive immunity", "Count": ""}]}, {"Section": "CONCLUSIONS", "Text": "Moreover , owing to its potent antiviral activities , Cu may also act as a preventive and therapeutic regime against COVID-19 .", "Evidence Elements": {"Participant": [], "Intervention": [], "Outcome": []}, "Evidence Propositions": []}]}