{"doc_id": "32385799", "type of study": "Therapy", "title": "", "abstract": "The coronavirus disease 2019 (COVID-19) pandemic poses an immense threat to healthcare systems worldwide.\nAt a time when elective surgeries are being suspended and questions are being raised about how the remaining procedures on COVID-19 positive patients can be performed safely, it is important to consider the potential role of robotic assisted surgery within the current pandemic.\nRecently, several robotic assisted surgery societies have issued their recommendations.\nTo date, however, no specific recommendations are available for cardiothoracic robotic assisted surgery in COVID-19 positive patients.\nHere, we discuss the potential risks, benefits, and preventive measures that need to be taken into account when considering robotic assisted surgery for cardiothoracic indications in patients with confirmed COVID-19.\nIt is suggested that robotic assisted surgery might have various advantages such as early recovery after surgery, shorter hospital stay, and reduced loss of blood and fluids as well as smaller incisions.\nHowever, electrosurgical and ultrasonic devices, as well as CO2 insufflation should be managed with caution to prevent the risk of aerosolization of viral particles.\n", "Evidence Map": {"Enrollment": [{"term": "cardiothoracic indications", "negation": "affirmed", "UMLS": "", "start": 156, "end": 182}], "Comparison Results": [], "Study Arm 1 Results": [], "Study Arm 2 Results": []}, "Sentence-level breakdown": [{"Section": "TITLE", "Text": "The coronavirus disease 2019 ( COVID-19) pandemic poses an immense threat to healthcare systems worldwide .", "Evidence Elements": {"Participant": [], "Intervention": [], "Outcome": []}, "Evidence Propositions": []}, {"Section": "OBJECTIVE", "Text": "To date , however , no specific recommendations are available for cardiothoracic robotic assisted surgery in COVID-19 positive patients .", "Evidence Elements": {"Participant": [], "Intervention": [], "Outcome": []}, "Evidence Propositions": []}, {"Section": "OBJECTIVE", "Text": "Here , we discuss the potential risks , benefits , and preventive measures that need to be taken into account when considering robotic assisted surgery for cardiothoracic indications in patients with confirmed COVID-19 .", "Evidence Elements": {"Participant": [{"term": "cardiothoracic indications", "negation": "affirmed", "UMLS": "", "start": 156, "end": 182}], "Intervention": [{"term": "robotic assisted surgery", "negation": "affirmed", "UMLS": "", "start": 127, "end": 151}], "Outcome": [{"term": "potential risks", "negation": "affirmed", "UMLS": "", "start": 22, "end": 37}, {"term": "benefits", "negation": "affirmed", "UMLS": "", "start": 40, "end": 48}, {"term": "preventive measures", "negation": "affirmed", "UMLS": "", "start": 55, "end": 74}]}, "Evidence Propositions": []}, {"Section": "RESULTS", "Text": "It is suggested that robotic assisted surgery might have various advantages such as early recovery after surgery , shorter hospital stay , and reduced loss of blood and fluids as well as smaller incisions .", "Evidence Elements": {"Participant": [], "Intervention": [{"term": "robotic assisted surgery", "negation": "affirmed", "UMLS": "", "start": 21, "end": 45}], "Outcome": [{"term": "early recovery", "negation": "affirmed", "UMLS": "", "start": 84, "end": 98}, {"term": "hospital stay", "negation": "affirmed", "UMLS": "", "start": 123, "end": 136}, {"term": "loss of blood and fluids", "negation": "affirmed", "UMLS": "", "start": 151, "end": 175}]}, "Evidence Propositions": [{"Intervention": "robotic assisted surgery", "Observation": "various advantages", "Outcome": "early recovery", "Count": ""}, {"Intervention": [], "Observation": "shorter", "Outcome": "", "Count": ""}]}, {"Section": "CONCLUSIONS", "Text": "However , electrosurgical and ultrasonic devices , as well as CO2 insufflation should be managed with caution to prevent the risk of aerosolization of viral particles .", "Evidence Elements": {"Participant": [], "Intervention": [], "Outcome": []}, "Evidence Propositions": []}]}