{"doc_id": "32384397", "type of study": "Therapy", "title": "", "abstract": "Novel coronavirus disease (COVID-19) is spreading globally.\nLittle is known about the risk factors for the clinical outcomes of COVID-19 in children.\nA retrospective case-control study was taken in children with severe acute respiratory syndrome coronary virus-2 infection in Wuhan Children's Hospital.\nRisk factors associated with the development of COVID-19 and progression were collected and analyzed.\nEight of 260 children diagnosed with severe COVID-19 pneumonia were included in the study.\nThirty-five children with COVID-19 infection matched for age, sex and date of admission, and who classified as non-severe type, were randomly selected from the hospital admissions.\nFor cases with severe pneumonia caused by COVID-19, the most common symptoms were dyspnea (87.5%), fever (62.5%) and cough (62.5%).\nIn laboratory, white blood cells count was significantly higher in severe children than non-severe children.\nLevels of inflammation bio-makers such as hsCRP, IL-6, IL-10 and D-dimer elevated in severe children compared with non-severe children on admission.\nThe level of total bilirubin and uric acid clearly elevated in severe children compared with non-severe children on admission.\nAll of severe children displayed the lesions on chest CT, more lung segments were involved in severe children than in non-severe children, which was only risk factor associated with severe COVID-19 pneumonia in multivariable analysis.\nMore than 3 lung segments involved were associated with greater risk of development of severe COVID-19 in children.\nMoreover, the possible risk of the elevation of IL-6, high total bilirubin and D-dimer with univariable analysis could identify patients to be severe earlier.\n", "Evidence Map": {"Enrollment": [{"term": "children", "negation": "affirmed", "UMLS": "", "start": 48, "end": 56}, {"term": "severe acute respiratory syndrome coronary virus-2 infection", "negation": "affirmed", "UMLS": "", "start": 62, "end": 122}, {"term": "children", "negation": "affirmed", "UMLS": "", "start": 13, "end": 21}, {"term": "severe COVID-19 pneumonia", "negation": "affirmed", "UMLS": "", "start": 37, "end": 62}, {"term": "children", "negation": "affirmed", "UMLS": "", "start": 12, "end": 20}, {"term": "COVID-19 infection", "negation": "affirmed", "UMLS": "", "start": 26, "end": 44}, {"term": "severe pneumonia", "negation": "affirmed", "UMLS": "", "start": 15, "end": 31}, {"term": "dyspnea", "negation": "affirmed", "UMLS": "", "start": 83, "end": 90}, {"term": "severe children", "negation": "affirmed", "UMLS": "", "start": 87, "end": 102}, {"term": "non-severe children", "negation": "affirmed", "UMLS": "", "start": 117, "end": 136}, {"term": "severe children", "negation": "affirmed", "UMLS": "", "start": 63, "end": 78}, {"term": "non-severe children", "negation": "affirmed", "UMLS": "", "start": 93, "end": 112}, {"term": "severe children", "negation": "affirmed", "UMLS": "", "start": 7, "end": 22}, {"term": "severe children", "negation": "affirmed", "UMLS": "", "start": 7, "end": 22}, {"term": "non-severe children", "negation": "affirmed", "UMLS": "", "start": 119, "end": 138}, {"term": "severe COVID-19 pneumonia", "negation": "affirmed", "UMLS": "", "start": 184, "end": 209}, {"term": "children", "negation": "affirmed", "UMLS": "", "start": 106, "end": 114}], "Comparison Results": [], "Study Arm 1 Results": [], "Study Arm 2 Results": []}, "Sentence-level breakdown": [{"Section": "TITLE", "Text": "Novel coronavirus disease ( COVID-19 ) is spreading globally .", "Evidence Elements": {"Participant": [], "Intervention": [], "Outcome": []}, "Evidence Propositions": []}, {"Section": "METHODS", "Text": "A retrospective case-control study was taken in children with severe acute respiratory syndrome coronary virus-2 infection in Wuhan Children 's Hospital .", "Evidence Elements": {"Participant": [{"term": "children", "negation": "affirmed", "UMLS": "", "start": 48, "end": 56}, {"term": "severe acute respiratory syndrome coronary virus-2 infection", "negation": "affirmed", "UMLS": "", "start": 62, "end": 122}], "Intervention": [], "Outcome": []}, "Evidence Propositions": []}, {"Section": "METHODS", "Text": "Risk factors associated with the development of COVID-19 and progression were collected and analyzed .", "Evidence Elements": {"Participant": [], "Intervention": [], "Outcome": [{"term": "Risk factors associated with the development of COVID-19 and progression", "negation": "affirmed", "UMLS": "", "start": 0, "end": 72}]}, "Evidence Propositions": []}, {"Section": "METHODS", "Text": "Eight of 260 children diagnosed with severe COVID-19 pneumonia were included in the study .", "Evidence Elements": {"Participant": [{"term": "children", "negation": "affirmed", "UMLS": "", "start": 13, "end": 21}, {"term": "severe COVID-19 pneumonia", "negation": "affirmed", "UMLS": "", "start": 37, "end": 62}], "Intervention": [], "Outcome": []}, "Evidence Propositions": []}, {"Section": "METHODS", "Text": "Thirty-five children with COVID-19 infection matched for age , sex and date of admission , and who classified as non-severe type , were randomly selected from the hospital admissions .", "Evidence Elements": {"Participant": [{"term": "children", "negation": "affirmed", "UMLS": "", "start": 12, "end": 20}, {"term": "COVID-19 infection", "negation": "affirmed", "UMLS": "", "start": 26, "end": 44}], "Intervention": [], "Outcome": []}, "Evidence Propositions": []}, {"Section": "RESULTS", "Text": "For cases with severe pneumonia caused by COVID-19 , the most common symptoms were dyspnea ( 87.5 % ) , fever ( 62.5 % ) and cough ( 62.5 % ) .", "Evidence Elements": {"Participant": [{"term": "severe pneumonia", "negation": "affirmed", "UMLS": "", "start": 15, "end": 31}, {"term": "dyspnea", "negation": "affirmed", "UMLS": "", "start": 83, "end": 90}], "Intervention": [], "Outcome": []}, "Evidence Propositions": []}, {"Section": "RESULTS", "Text": "In laboratory , white blood cells count was significantly higher in severe children than non-severe children .", "Evidence Elements": {"Participant": [], "Intervention": [{"term": "severe children", "negation": "affirmed", "UMLS": "", "start": 68, "end": 83}, {"term": "non-severe", "negation": "affirmed", "UMLS": "", "start": 89, "end": 99}], "Outcome": [{"term": "white blood cells count", "negation": "affirmed", "UMLS": "", "start": 16, "end": 39}]}, "Evidence Propositions": [{"Intervention": ["severe children", "non-severe"], "Observation": "significantly higher", "Outcome": "white blood cells count", "Count": ""}]}, {"Section": "RESULTS", "Text": "Levels of inflammation bio-makers such as hsCRP , IL-6 , IL-10 and D-dimer elevated in severe children compared with non-severe children on admission .", "Evidence Elements": {"Participant": [{"term": "severe children", "negation": "affirmed", "UMLS": "", "start": 87, "end": 102}, {"term": "non-severe children", "negation": "affirmed", "UMLS": "", "start": 117, "end": 136}], "Intervention": [], "Outcome": [{"term": "Levels of inflammation bio-makers", "negation": "affirmed", "UMLS": "", "start": 0, "end": 33}, {"term": "hsCRP", "negation": "affirmed", "UMLS": "", "start": 42, "end": 47}, {"term": "IL-6", "negation": "affirmed", "UMLS": "", "start": 50, "end": 54}, {"term": "IL-10", "negation": "affirmed", "UMLS": "", "start": 57, "end": 62}, {"term": "D-dimer", "negation": "affirmed", "UMLS": "", "start": 67, "end": 74}]}, "Evidence Propositions": []}, {"Section": "RESULTS", "Text": "The level of total bilirubin and uric acid clearly elevated in severe children compared with non-severe children on admission .", "Evidence Elements": {"Participant": [{"term": "severe children", "negation": "affirmed", "UMLS": "", "start": 63, "end": 78}, {"term": "non-severe children", "negation": "affirmed", "UMLS": "", "start": 93, "end": 112}], "Intervention": [], "Outcome": [{"term": "level of total bilirubin and uric acid", "negation": "affirmed", "UMLS": "", "start": 4, "end": 42}]}, "Evidence Propositions": []}, {"Section": "RESULTS", "Text": "All of severe children displayed the lesions on chest CT , more lung segments were involved in severe children than in non-severe children , which was only risk factor associated with severe COVID-19 pneumonia in multivariable analysis .", "Evidence Elements": {"Participant": [{"term": "severe children", "negation": "affirmed", "UMLS": "", "start": 7, "end": 22}, {"term": "severe children", "negation": "affirmed", "UMLS": "", "start": 7, "end": 22}, {"term": "non-severe children", "negation": "affirmed", "UMLS": "", "start": 119, "end": 138}, {"term": "severe COVID-19 pneumonia", "negation": "affirmed", "UMLS": "", "start": 184, "end": 209}], "Intervention": [], "Outcome": [{"term": "lesions", "negation": "affirmed", "UMLS": "", "start": 37, "end": 44}, {"term": "lung segments", "negation": "affirmed", "UMLS": "", "start": 64, "end": 77}]}, "Evidence Propositions": [{"Intervention": [], "Observation": "more", "Outcome": "", "Count": ""}]}, {"Section": "RESULTS", "Text": "More than 3 lung segments involved were associated with greater risk of development of severe COVID-19 in children .", "Evidence Elements": {"Participant": [{"term": "children", "negation": "affirmed", "UMLS": "", "start": 106, "end": 114}], "Intervention": [{"term": "More than 3 lung segments", "negation": "affirmed", "UMLS": "", "start": 0, "end": 25}], "Outcome": [{"term": "risk of development of severe COVID-19", "negation": "affirmed", "UMLS": "", "start": 64, "end": 102}]}, "Evidence Propositions": []}, {"Section": "CONCLUSIONS", "Text": "Moreover , the possible risk of the elevation of IL-6 , high total bilirubin and D-dimer with univariable analysis could identify patients to be severe earlier .", "Evidence Elements": {"Participant": [], "Intervention": [], "Outcome": [{"term": "elevation of IL-6", "negation": "affirmed", "UMLS": "", "start": 36, "end": 53}, {"term": "high total bilirubin", "negation": "affirmed", "UMLS": "", "start": 56, "end": 76}, {"term": "D-dimer", "negation": "affirmed", "UMLS": "", "start": 81, "end": 88}]}, "Evidence Propositions": []}]}