{"doc_id": "32387014", "type of study": "Therapy", "title": "", "abstract": "La pandemie mondiale actuelle de COVID-19 a touche environ 2 350 000 personnes et fait plus de 160 000 morts.\nNous avons observe dans le GHU de Paris psychiatrie et neurosciences (site Sainte-Anne, Paris, France) une incidence moins importante de formes symptomatiques de COVID-19 chez les patients (environ 4 %) que dans notre personnel soignant (environ 14 % des infirmiers et medecins).\nDes retours similaires nous sont donnes par les unites psyCOVID en France et a l'etranger.\nCes observations nous ont amenes a formuler l'hypothese que la chlorpromazine (CPZ) pourrait avoir une action prophylactique sur le SARS-CoV-2 et protegeraient les patients des formes symptomatiques et virulentes de cette infection.\nCette hypothese est coherente avec les proprietes antivirales connues de la CPZ.\nEn plus de ses effets antipsychotiques classiques, plusieurs etudes in vitro ont egalement demontre une activite antivirale de cette phenothiazine via l'inhibition de l'endocytose dependante des clathrines.\nRecemment, des etudes ont revele un effet anti-MERS-CoV et anti-SARS-CoV-1 de la CPZ.\nDans ce contexte, l'etude ReCoVery, basee sur le repositionnement de la CPZ : molecule avec un excellent profil de tolerance et une biodistribution tres elevee dans la salive, les poumons et le cerveau : vise a tester l'hypothese que la CPZ pourrait diminuer l'evolution defavorable de l'infection COVID-19 chez des patients oxygenorequerants sans necessite de soins en reanimation, mais aussi reduire la contagiosite du SARS-CoV-2.\nNous allons realiser pour cela un essai therapeutique pilote de phase III multicentrique, randomise, controle (traitement standard vs CPZ + traitement standard) et en simple insu.\nLe repositionnement de la CPZ comme antiviral anti-SARS-CoV-2 offre une strategie alternative et rapide pour attenuer la propagation du virus ainsi que la gravite et la letalite du COVID-19.\n", "Evidence Map": {"Enrollment": [{"term": "formes symptomatiques", "negation": "affirmed", "UMLS": "", "start": 180, "end": 201}], "Comparison Results": [], "Study Arm 1 Results": [], "Study Arm 2 Results": []}, "Sentence-level breakdown": [{"Section": "TITLE", "Text": "La pandemie mondiale actuelle de COVID-19 a touche environ 2 350 000 personnes et fait plus de 160 000 morts .", "Evidence Elements": {"Participant": [], "Intervention": [{"term": "COVID-19", "negation": "affirmed", "UMLS": "", "start": 33, "end": 41}], "Outcome": []}, "Evidence Propositions": []}, {"Section": "METHODS", "Text": "Cette hypothese est coherente avec les proprietes antivirales connues de la CPZ .", "Evidence Elements": {"Participant": [], "Intervention": [{"term": "hypothese", "negation": "affirmed", "UMLS": "", "start": 6, "end": 15}, {"term": "de la CPZ", "negation": "affirmed", "UMLS": "", "start": 70, "end": 79}], "Outcome": []}, "Evidence Propositions": []}, {"Section": "METHODS", "Text": "En plus de ses effets antipsychotiques classiques , plusieurs etudes in vitro ont egalement demontre une activite antivirale de cette phenothiazine via l 'inhibition de l ' endocytose dependante des clathrines .", "Evidence Elements": {"Participant": [], "Intervention": [], "Outcome": [{"term": "activite antivirale de cette phenothiazine", "negation": "affirmed", "UMLS": "", "start": 105, "end": 147}]}, "Evidence Propositions": []}, {"Section": "METHODS", "Text": "Recemment , des etudes ont revele un effet anti-MERS-CoV et anti-SARS-CoV-1 de la CPZ .", "Evidence Elements": {"Participant": [], "Intervention": [], "Outcome": [{"term": "effet anti-MERS-CoV et anti-SARS-CoV-1 de la", "negation": "affirmed", "UMLS": "", "start": 37, "end": 81}]}, "Evidence Propositions": []}, {"Section": "METHODS", "Text": "Dans ce contexte , l ' etude ReCoVery , basee sur le repositionnement de la CPZ : molecule avec un excellent profil de tolerance et une biodistribution tres elevee dans la salive , les poumons et le cerveau : vise a tester l ' hypothese que la CPZ pourrait diminuer l ' evolution defavorable de l ' infection COVID-19 chez des patients oxygenorequerants sans necessite de soins en reanimation ,", "Evidence Elements": {"Participant": [], "Intervention": [{"term": "CPZ", "negation": "affirmed", "UMLS": "", "start": 76, "end": 79}, {"term": "CPZ", "negation": "affirmed", "UMLS": "", "start": 76, "end": 79}], "Outcome": [{"term": "excellent profil de tolerance", "negation": "affirmed", "UMLS": "", "start": 99, "end": 128}, {"term": "biodistribution tres elevee", "negation": "affirmed", "UMLS": "", "start": 136, "end": 163}, {"term": "evolution defavorable", "negation": "affirmed", "UMLS": "", "start": 270, "end": 291}, {"term": "infection COVID-19", "negation": "affirmed", "UMLS": "", "start": 299, "end": 317}]}, "Evidence Propositions": [{"Intervention": "CPZ", "Observation": "diminuer", "Outcome": "evolution defavorable", "Count": ""}, {"Intervention": "CPZ", "Observation": "diminuer", "Outcome": "infection COVID-19", "Count": ""}]}, {"Section": "METHODS", "Text": "Nous allons realiser pour cela un essai therapeutique pilote de phase III multicentrique , randomise , controle ( traitement standard vs CPZ + traitement standard ) et en simple insu .", "Evidence Elements": {"Participant": [], "Intervention": [{"term": "controle", "negation": "affirmed", "UMLS": "", "start": 103, "end": 111}, {"term": "traitement standard", "negation": "affirmed", "UMLS": "", "start": 114, "end": 133}, {"term": "CPZ + traitement standard", "negation": "affirmed", "UMLS": "", "start": 137, "end": 162}], "Outcome": [{"term": "essai therapeutique", "negation": "affirmed", "UMLS": "", "start": 34, "end": 53}]}, "Evidence Propositions": []}, {"Section": "METHODS", "Text": "Le repositionnement de la CPZ comme antiviral anti-SARS-CoV-2 offre une strategie alternative et rapide pour attenuer la propagation du virus ainsi que la gravite et la letalite du COVID-19 .", "Evidence Elements": {"Participant": [], "Intervention": [{"term": "CPZ", "negation": "affirmed", "UMLS": "", "start": 26, "end": 29}], "Outcome": [{"term": "antiviral anti-SARS-CoV-2", "negation": "affirmed", "UMLS": "", "start": 36, "end": 61}, {"term": "propagation du virus", "negation": "affirmed", "UMLS": "", "start": 121, "end": 141}, {"term": "gravite", "negation": "affirmed", "UMLS": "", "start": 155, "end": 162}, {"term": "letalite", "negation": "affirmed", "UMLS": "", "start": 169, "end": 177}]}, "Evidence Propositions": []}]}