{"doc_id": "32384917", "type of study": "Therapy", "title": "", "abstract": "Infection with severe acute respiratory syndrome coronavirus 2 (SARS-CoV-2) has presently become a rapidly spreading and devastating global pandemic.\nVeno-venous extracorporeal membrane oxygenation (V-V ECMO) may serve as life-saving rescue therapy for refractory respiratory failure in the setting of acute respiratory compromise such as that induced by SARS-CoV-2.\nWhile still little is known on the true efficacy of ECMO in this setting, the natural resemblance of seasonal influenza's characteristics with respect to acute onset, initial symptoms, and some complications prompt to ECMO implantation in most severe, pulmonary decompensated patients.\nThe present review summarizes the evidence on ECMO management of severe ARDS in light of recent COVID-19 pandemic, at the same time focusing on differences and similarities between SARS-CoV-2 and ECMO in terms of hematological and inflammatory interplay when these two settings merge.\n", "Evidence Map": {"Enrollment": [{"term": "severe ARDS", "negation": "affirmed", "UMLS": "", "start": 65, "end": 76}], "Comparison Results": [], "Study Arm 1 Results": [], "Study Arm 2 Results": []}, "Sentence-level breakdown": [{"Section": "TITLE", "Text": "Infection with severe acute respiratory syndrome coronavirus 2 ( SARS-CoV-2 ) has presently become a rapidly spreading and devastating global pandemic .", "Evidence Elements": {"Participant": [], "Intervention": [], "Outcome": []}, "Evidence Propositions": []}, {"Section": "RESULTS", "Text": "While still little is known on the true efficacy of ECMO in this setting , the natural resemblance of seasonal influenza 's characteristics with respect to acute onset , initial symptoms , and some complications prompt to ECMO implantation in most severe , pulmonary decompensated patients .", "Evidence Elements": {"Participant": [], "Intervention": [], "Outcome": []}, "Evidence Propositions": []}, {"Section": "CONCLUSIONS", "Text": "The present review summarizes the evidence on ECMO management of severe ARDS in light of recent COVID-19 pandemic , at the same time focusing on differences and similarities between SARS-CoV-2 and ECMO in terms of hematological and inflammatory interplay when these two settings merge .", "Evidence Elements": {"Participant": [{"term": "severe ARDS", "negation": "affirmed", "UMLS": "", "start": 65, "end": 76}], "Intervention": [{"term": "ECMO", "negation": "affirmed", "UMLS": "", "start": 46, "end": 50}, {"term": "SARS-CoV-2", "negation": "affirmed", "UMLS": "", "start": 182, "end": 192}, {"term": "ECMO", "negation": "affirmed", "UMLS": "", "start": 46, "end": 50}], "Outcome": [{"term": "hematological and inflammatory interplay", "negation": "affirmed", "UMLS": "", "start": 214, "end": 254}]}, "Evidence Propositions": [{"Intervention": ["SARS-CoV-2"], "Observation": "differences", "Outcome": "", "Count": ""}, {"Intervention": "SARS-CoV-2", "Observation": "similarities", "Outcome": "hematological and inflammatory interplay", "Count": ""}, {"Intervention": "ECMO", "Observation": "similarities", "Outcome": "hematological and inflammatory interplay", "Count": ""}]}]}