{"doc_id": "32388332", "type of study": "Therapy", "title": "", "abstract": "Administration of corticosteroids is common in obstetric practice.\nIn this concise review we queried on the effects of corticosteroids in pregnancies complicated by SARS-CoV-2.\nWe performed a literature search on PubMed, regarding the use of corticosteroids in patients with SARS-CoV-2 infection, in pregnancies complicated by SARS-CoV-2, as well as their impact on glycemia in pregnant women with or without diabetes.\nFurthermore, we searched for effects of SARS-CoV-2 and of other coronaviridae on insulin secretion and glycemia.\nSARS-CoV-2 infection appears to be a risk factor for complications in pregnancy.\nCorticosteroids may not be recommended for treating SARS-CoV-2 pneumonia but they may be needed for at-risk pregnancies.\nCorticosteroids in pregnancy have a diabetogenic potential.\nSARS-CoV-2 and other coronaviridae may have effects on glycemia.\nCaution should be exercised while using corticosteroids in pregnant women with COVID-19 requiring preterm delivery.\nSARS-CoV-2 and other coronaviridae may have effects on glycemia.\nIn pregnancy complicated by SARS-CoV-2, antenatal corticosteroids should be given with caution.\nWhen needed, antenatal low-dose (versus full-dose) corticosteroids can still be beneficial, with minimal effect on glycemia.\n", "Evidence Map": {"Enrollment": [{"term": "pregnancies complicated", "negation": "affirmed", "UMLS": "", "start": 71, "end": 94}, {"term": "SARS-CoV-2", "negation": "affirmed", "UMLS": "", "start": 98, "end": 108}, {"term": "SARS-CoV-2 infection", "negation": "affirmed", "UMLS": "", "start": 99, "end": 119}, {"term": "pregnancies complicated by", "negation": "affirmed", "UMLS": "", "start": 125, "end": 151}, {"term": "SARS-CoV-2", "negation": "affirmed", "UMLS": "", "start": 99, "end": 109}, {"term": "pregnant women", "negation": "affirmed", "UMLS": "", "start": 204, "end": 218}, {"term": "pregnancy", "negation": "affirmed", "UMLS": "", "start": 70, "end": 79}, {"term": "SARS-CoV-2 pneumonia", "negation": "affirmed", "UMLS": "", "start": 52, "end": 72}, {"term": "at-risk pregnancies", "negation": "affirmed", "UMLS": "", "start": 100, "end": 119}], "Comparison Results": [], "Study Arm 1 Results": [], "Study Arm 2 Results": []}, "Sentence-level breakdown": [{"Section": "TITLE", "Text": "Administration of corticosteroids is common in obstetric practice .", "Evidence Elements": {"Participant": [], "Intervention": [], "Outcome": []}, "Evidence Propositions": []}, {"Section": "OBJECTIVE", "Text": "In this concise review we queried on the effects of corticosteroids in pregnancies complicated by SARS-CoV-2 .", "Evidence Elements": {"Participant": [{"term": "pregnancies complicated", "negation": "affirmed", "UMLS": "", "start": 71, "end": 94}, {"term": "SARS-CoV-2", "negation": "affirmed", "UMLS": "", "start": 98, "end": 108}], "Intervention": [{"term": "corticosteroids", "negation": "affirmed", "UMLS": "", "start": 52, "end": 67}], "Outcome": []}, "Evidence Propositions": []}, {"Section": "METHODS", "Text": "We performed a literature search on PubMed , regarding the use of corticosteroids in patients with SARS-CoV-2 infection , in pregnancies complicated by SARS-CoV-2 , as well as their impact on glycemia in pregnant women with or without diabetes .", "Evidence Elements": {"Participant": [{"term": "SARS-CoV-2 infection", "negation": "affirmed", "UMLS": "", "start": 99, "end": 119}, {"term": "pregnancies complicated by", "negation": "affirmed", "UMLS": "", "start": 125, "end": 151}, {"term": "SARS-CoV-2", "negation": "affirmed", "UMLS": "", "start": 99, "end": 109}, {"term": "pregnant women", "negation": "affirmed", "UMLS": "", "start": 204, "end": 218}], "Intervention": [{"term": "corticosteroids", "negation": "affirmed", "UMLS": "", "start": 66, "end": 81}], "Outcome": [{"term": "glycemia", "negation": "affirmed", "UMLS": "", "start": 192, "end": 200}]}, "Evidence Propositions": []}, {"Section": "METHODS", "Text": "Furthermore , we searched for effects of SARS-CoV-2 and of other coronaviridae on insulin secretion and glycemia .", "Evidence Elements": {"Participant": [], "Intervention": [{"term": "SARS-CoV-2", "negation": "affirmed", "UMLS": "", "start": 41, "end": 51}], "Outcome": [{"term": "insulin secretion", "negation": "affirmed", "UMLS": "", "start": 82, "end": 99}]}, "Evidence Propositions": []}, {"Section": "RESULTS", "Text": "SARS-CoV-2 infection appears to be a risk factor for complications in pregnancy .", "Evidence Elements": {"Participant": [{"term": "pregnancy", "negation": "affirmed", "UMLS": "", "start": 70, "end": 79}], "Intervention": [{"term": "SARS-CoV-2 infection", "negation": "affirmed", "UMLS": "", "start": 0, "end": 20}], "Outcome": [{"term": "complications", "negation": "affirmed", "UMLS": "", "start": 53, "end": 66}]}, "Evidence Propositions": [{"Intervention": "SARS-CoV-2 infection", "Observation": "risk factor", "Outcome": "complications", "Count": ""}]}, {"Section": "RESULTS", "Text": "Corticosteroids may not be recommended for treating SARS-CoV-2 pneumonia but they may be needed for at-risk pregnancies .", "Evidence Elements": {"Participant": [{"term": "SARS-CoV-2 pneumonia", "negation": "affirmed", "UMLS": "", "start": 52, "end": 72}, {"term": "at-risk pregnancies", "negation": "affirmed", "UMLS": "", "start": 100, "end": 119}], "Intervention": [], "Outcome": []}, "Evidence Propositions": []}, {"Section": "RESULTS", "Text": "Corticosteroids in pregnancy have a diabetogenic potential .", "Evidence Elements": {"Participant": [], "Intervention": [], "Outcome": []}, "Evidence Propositions": []}, {"Section": "RESULTS", "Text": "SARS-CoV-2 and other coronaviridae may have effects on glycemia .", "Evidence Elements": {"Participant": [], "Intervention": [], "Outcome": [{"term": "glycemia", "negation": "affirmed", "UMLS": "", "start": 55, "end": 63}]}, "Evidence Propositions": []}, {"Section": "RESULTS", "Text": "Caution should be exercised while using corticosteroids in pregnant women with COVID-19 requiring preterm delivery .", "Evidence Elements": {"Participant": [], "Intervention": [], "Outcome": []}, "Evidence Propositions": []}, {"Section": "RESULTS", "Text": "SARS-CoV-2 and other coronaviridae may have effects on glycemia .", "Evidence Elements": {"Participant": [], "Intervention": [], "Outcome": [{"term": "glycemia", "negation": "affirmed", "UMLS": "", "start": 55, "end": 63}]}, "Evidence Propositions": []}, {"Section": "CONCLUSIONS", "Text": "In pregnancy complicated by SARS-CoV-2 , antenatal corticosteroids should be given with caution .", "Evidence Elements": {"Participant": [], "Intervention": [], "Outcome": []}, "Evidence Propositions": []}, {"Section": "CONCLUSIONS", "Text": "When needed , antenatal low-dose ( versus full-dose ) corticosteroids can still be beneficial , with minimal effect on glycemia .", "Evidence Elements": {"Participant": [], "Intervention": [{"term": "antenatal low-dose ( versus full-dose ) corticosteroids", "negation": "affirmed", "UMLS": "", "start": 14, "end": 69}], "Outcome": []}, "Evidence Propositions": []}]}