{"doc_id": "32381497", "type of study": "Therapy", "title": "", "abstract": "On the 11th of March 2020, the World Health Organisation(WHO) declared the Coronavirus Disease 2019 (COVID-19) as a pandemic.\nAs of 22 April, more than 2.4 million cases have been confirmed worldwide [1].\nIn light of the widely documented lung injuries related with COVID-19 [2-3], concerns are raised regarding the assessment of the lung injury for discharged patients.\nA recent report portrayed that discharged patients with COVID-19 pneumonia are still having residual abnormalities in chest CT scans, with ground-glass opacity as the most common pattern [4].\nPersistent impairment of pulmonary function and exercise capacity have been known to last for months or even years [5-8] in the recovered survivors with other coronavirus pneumonia (severe acute respiratory syndrome/SARS and middle east respiratory syndrome/MERS).\nHowever, until now, there is no report in regard to pulmonary function in discharged COVID-19 survivors.\nOur manuscript aims to describe the characteristics of pulmonary function in these subjects.\nIn discharged survivors with COVID-19, impairment of diffusion capacity is the most common abnormality of lung function followed by restrictive ventilatory defect, which are both associated with the severity of the disease.\nPulmonary function test (not onl\n", "Evidence Map": {"Enrollment": [{"term": "discharged", "negation": "affirmed", "UMLS": "", "start": 31, "end": 41}, {"term": "discharged", "negation": "negated", "UMLS": "", "start": 76, "end": 86}, {"term": "discharged survivors", "negation": "affirmed", "UMLS": "", "start": 3, "end": 23}], "Comparison Results": [], "Study Arm 1 Results": [], "Study Arm 2 Results": []}, "Sentence-level breakdown": [{"Section": "TITLE", "Text": "On the 11th of March 2020 , the World Health Organisation ( WHO ) declared the Coronavirus Disease 2019 ( COVID-19 ) as a pandemic .", "Evidence Elements": {"Participant": [], "Intervention": [], "Outcome": []}, "Evidence Propositions": []}, {"Section": "RESULTS", "Text": "As of 22 April , more than 2.4 million cases have been confirmed worldwide [ 1 ] .", "Evidence Elements": {"Participant": [], "Intervention": [], "Outcome": []}, "Evidence Propositions": []}, {"Section": "RESULTS", "Text": "In light of the widely documented lung injuries related with COVID-19 [ 2-3 ] , concerns are raised regarding the assessment of the lung injury for discharged patients .", "Evidence Elements": {"Participant": [], "Intervention": [], "Outcome": []}, "Evidence Propositions": []}, {"Section": "RESULTS", "Text": "A recent report portrayed that discharged patients with COVID-19 pneumonia are still having residual abnormalities in chest CT scans , with ground-glass opacity as the most common pattern [ 4 ] .", "Evidence Elements": {"Participant": [{"term": "discharged", "negation": "affirmed", "UMLS": "", "start": 31, "end": 41}], "Intervention": [], "Outcome": []}, "Evidence Propositions": []}, {"Section": "RESULTS", "Text": "Persistent impairment of pulmonary function and exercise capacity have been known to last for months or even years [ 5-8 ] in the recovered survivors with other coronavirus pneumonia ( severe acute respiratory syndrome / SARS and middle east respiratory syndrome / MERS ) .", "Evidence Elements": {"Participant": [], "Intervention": [], "Outcome": []}, "Evidence Propositions": []}, {"Section": "CONCLUSIONS", "Text": "However , until now , there is no report in regard to pulmonary function in discharged COVID-19 survivors .", "Evidence Elements": {"Participant": [{"term": "discharged", "negation": "negated", "UMLS": "", "start": 76, "end": 86}], "Intervention": [], "Outcome": [{"term": "pulmonary function", "negation": "negated", "UMLS": "", "start": 54, "end": 72}]}, "Evidence Propositions": []}, {"Section": "CONCLUSIONS", "Text": "Our manuscript aims to describe the characteristics of pulmonary function in these subjects .", "Evidence Elements": {"Participant": [], "Intervention": [], "Outcome": [{"term": "characteristics of pulmonary function", "negation": "affirmed", "UMLS": "", "start": 36, "end": 73}]}, "Evidence Propositions": []}, {"Section": "CONCLUSIONS", "Text": "In discharged survivors with COVID-19 , impairment of diffusion capacity is the most common abnormality of lung function followed by restrictive ventilatory defect , which are both associated with the severity of the disease .", "Evidence Elements": {"Participant": [{"term": "discharged survivors", "negation": "affirmed", "UMLS": "", "start": 3, "end": 23}], "Intervention": [], "Outcome": [{"term": "impairment of diffusion capacity", "negation": "affirmed", "UMLS": "", "start": 40, "end": 72}]}, "Evidence Propositions": [{"Intervention": [], "Observation": "most common", "Outcome": "impairment of diffusion capacity", "Count": ""}]}, {"Section": "CONCLUSIONS", "Text": "Pulmonary function test ( not onl", "Evidence Elements": {"Participant": [], "Intervention": [], "Outcome": [{"term": "Pulmonary function test", "negation": "affirmed", "UMLS": "", "start": 0, "end": 23}]}, "Evidence Propositions": []}]}