{"doc_id": "32383809", "type of study": "Therapy", "title": "", "abstract": "Previous studies have reported that older patients may experience worse outcome(s) after infection with severe acute respiratory syndrome coronavirus-2 than younger individuals.\nThis study aimed to identify potential risk factors for mortality in older patients with coronavirus disease 2019 (COVID-19) on admission, which may help identify those with poor prognosis at an early stage.\nRetrospective case-control.\nFever ward of Sino-French New City Branch of Tongji Hospital, Wuhan, China.\nPatients aged 60 years or older with COVID-19 (n = 244) were included, of whom 123 were discharged and 121 died in hospital.\nData retrieved from electronic medical records regarding symptoms, signs, and laboratory findings on admission, and final outcomes of all older patients with COVID-19, were retrospectively reviewed.\nUnivariate and multivariate logistic regression analyses were used to explore risk factors for death.\nUnivariate analysis revealed that several clinical characteristics and laboratory variables were significantly different (ie, P < .05) between discharged and deceased patients.\nMultivariable logistic regression analysis revealed that lymphocyte (LYM) count (odds ratio [OR] = 0.009; 95% confidence interval [CI] = 0.001-0.138; P = .001) and older age (OR = 1.122; 95% CI = 1.007-1.249; P = .037) were independently associated with hospital mortality.\nWhite blood cell count was also an important risk factor (P = .052).\nThe area under the receiver operating characteristic curve in the logistic regression model was 0.913.\nRisk factors for in-hospital death were similar between older men and women.\nOlder age and lower LYM count on admission were associated with death in hospitalized COVID-19 patients.\nStringent monitoring and early intervention are needed to reduce mortality in these patients.\n", "Evidence Map": {"Enrollment": [{"term": "older patients", "negation": "affirmed", "UMLS": "", "start": 69, "end": 83}, {"term": "coronavirus disease 2019 ( COVID-19 ) on admission", "negation": "affirmed", "UMLS": "", "start": 89, "end": 139}, {"term": "poor prognosis", "negation": "affirmed", "UMLS": "", "start": 177, "end": 191}, {"term": "COVID-19", "negation": "affirmed", "UMLS": "", "start": 37, "end": 45}, {"term": "older", "negation": "affirmed", "UMLS": "", "start": 141, "end": 146}, {"term": "COVID-19", "negation": "affirmed", "UMLS": "", "start": 161, "end": 169}, {"term": "discharged", "negation": "affirmed", "UMLS": "", "start": 146, "end": 156}, {"term": "older age", "negation": "affirmed", "UMLS": "", "start": 175, "end": 184}, {"term": "Older age", "negation": "affirmed", "UMLS": "", "start": 0, "end": 9}, {"term": "hospitalized COVID-19", "negation": "affirmed", "UMLS": "", "start": 73, "end": 94}], "Comparison Results": [], "Study Arm 1 Results": [], "Study Arm 2 Results": []}, "Sentence-level breakdown": [{"Section": "TITLE", "Text": "Previous studies have reported that older patients may experience worse outcome ( s ) after infection with severe acute respiratory syndrome coronavirus-2 than younger individuals .", "Evidence Elements": {"Participant": [], "Intervention": [], "Outcome": []}, "Evidence Propositions": []}, {"Section": "OBJECTIVE", "Text": "This study aimed to identify potential risk factors for mortality in older patients with coronavirus disease 2019 ( COVID-19 ) on admission , which may help identify those with poor prognosis at an early stage .", "Evidence Elements": {"Participant": [{"term": "older patients", "negation": "affirmed", "UMLS": "", "start": 69, "end": 83}, {"term": "coronavirus disease 2019 ( COVID-19 ) on admission", "negation": "affirmed", "UMLS": "", "start": 89, "end": 139}, {"term": "poor prognosis", "negation": "affirmed", "UMLS": "", "start": 177, "end": 191}], "Intervention": [], "Outcome": [{"term": "risk factors", "negation": "affirmed", "UMLS": "", "start": 39, "end": 51}, {"term": "mortality", "negation": "affirmed", "UMLS": "", "start": 56, "end": 65}]}, "Evidence Propositions": []}, {"Section": "METHODS", "Text": "Retrospective case-control .", "Evidence Elements": {"Participant": [], "Intervention": [], "Outcome": []}, "Evidence Propositions": []}, {"Section": "METHODS", "Text": "Fever ward of Sino-French New City Branch of Tongji Hospital , Wuhan , China .", "Evidence Elements": {"Participant": [], "Intervention": [], "Outcome": []}, "Evidence Propositions": []}, {"Section": "METHODS", "Text": "Patients aged 60 years or older with COVID-19 ( n = 244 ) were included , of whom 123 were discharged and 121 died in hospital .", "Evidence Elements": {"Participant": [{"term": "COVID-19", "negation": "affirmed", "UMLS": "", "start": 37, "end": 45}], "Intervention": [], "Outcome": [{"term": "discharged", "negation": "affirmed", "UMLS": "", "start": 91, "end": 101}]}, "Evidence Propositions": []}, {"Section": "METHODS", "Text": "Data retrieved from electronic medical records regarding symptoms , signs , and laboratory findings on admission , and final outcomes of all older patients with COVID-19 , were retrospectively reviewed .", "Evidence Elements": {"Participant": [{"term": "older", "negation": "affirmed", "UMLS": "", "start": 141, "end": 146}, {"term": "COVID-19", "negation": "affirmed", "UMLS": "", "start": 161, "end": 169}], "Intervention": [], "Outcome": [{"term": "symptoms", "negation": "affirmed", "UMLS": "", "start": 57, "end": 65}, {"term": "signs", "negation": "affirmed", "UMLS": "", "start": 68, "end": 73}, {"term": "laboratory", "negation": "affirmed", "UMLS": "", "start": 80, "end": 90}]}, "Evidence Propositions": []}, {"Section": "METHODS", "Text": "Univariate and multivariate logistic regression analyses were used to explore risk factors for death .", "Evidence Elements": {"Participant": [], "Intervention": [], "Outcome": [{"term": "risk factors for death", "negation": "affirmed", "UMLS": "", "start": 78, "end": 100}]}, "Evidence Propositions": []}, {"Section": "RESULTS", "Text": "Univariate analysis revealed that several clinical characteristics and laboratory variables were significantly different ( ie , P < .05 ) between discharged and deceased patients .", "Evidence Elements": {"Participant": [{"term": "discharged", "negation": "affirmed", "UMLS": "", "start": 146, "end": 156}], "Intervention": [], "Outcome": [{"term": "several", "negation": "affirmed", "UMLS": "", "start": 34, "end": 41}, {"term": "clinical characteristics", "negation": "affirmed", "UMLS": "", "start": 42, "end": 66}, {"term": "laboratory variables", "negation": "affirmed", "UMLS": "", "start": 71, "end": 91}]}, "Evidence Propositions": [{"Intervention": [], "Observation": "significantly different", "Outcome": "laboratory variables", "Count": ""}]}, {"Section": "RESULTS", "Text": "Multivariable logistic regression analysis revealed that lymphocyte ( LYM ) count ( odds ratio [ OR ] = 0.009 ; 95 % confidence interval [ CI ] = 0.001-0.138 ; P = .001 ) and older age ( OR = 1.122 ; 95 % CI = 1.007-1.249 ; P = .037 ) were independently associated with hospital mortality .", "Evidence Elements": {"Participant": [{"term": "older age", "negation": "affirmed", "UMLS": "", "start": 175, "end": 184}], "Intervention": [], "Outcome": [{"term": "lymphocyte ( LYM ) count", "negation": "affirmed", "UMLS": "", "start": 57, "end": 81}]}, "Evidence Propositions": []}, {"Section": "RESULTS", "Text": "White blood cell count was also an important risk factor ( P =.052 ) .", "Evidence Elements": {"Participant": [], "Intervention": [], "Outcome": [{"term": "White blood cell count", "negation": "affirmed", "UMLS": "", "start": 0, "end": 22}]}, "Evidence Propositions": []}, {"Section": "RESULTS", "Text": "The area under the receiver operating characteristic curve in the logistic regression model was 0.913 .", "Evidence Elements": {"Participant": [], "Intervention": [], "Outcome": [{"term": "area under the receiver operating characteristic curve", "negation": "affirmed", "UMLS": "", "start": 4, "end": 58}]}, "Evidence Propositions": []}, {"Section": "RESULTS", "Text": "Risk factors for in-hospital death were similar between older men and women .", "Evidence Elements": {"Participant": [], "Intervention": [{"term": "older men", "negation": "affirmed", "UMLS": "", "start": 56, "end": 65}, {"term": "women", "negation": "affirmed", "UMLS": "", "start": 70, "end": 75}], "Outcome": [{"term": "Risk factors for in-hospital death", "negation": "affirmed", "UMLS": "", "start": 0, "end": 34}]}, "Evidence Propositions": [{"Intervention": ["older men", "women"], "Observation": "similar", "Outcome": "Risk factors for in-hospital death", "Count": ""}]}, {"Section": "CONCLUSIONS", "Text": "Older age and lower LYM count on admission were associated with death in hospitalized COVID-19 patients .", "Evidence Elements": {"Participant": [{"term": "Older age", "negation": "affirmed", "UMLS": "", "start": 0, "end": 9}, {"term": "hospitalized COVID-19", "negation": "affirmed", "UMLS": "", "start": 73, "end": 94}], "Intervention": [], "Outcome": [{"term": "LYM count on admission", "negation": "affirmed", "UMLS": "", "start": 20, "end": 42}, {"term": "death", "negation": "affirmed", "UMLS": "", "start": 64, "end": 69}]}, "Evidence Propositions": []}, {"Section": "CONCLUSIONS", "Text": "Stringent monitoring and early intervention are needed to reduce mortality in these patients .", "Evidence Elements": {"Participant": [], "Intervention": [], "Outcome": []}, "Evidence Propositions": []}]}