{"doc_id": "32380908", "type of study": "Therapy", "title": "", "abstract": "This prospective nonrandomized open-label cohort study addresses the safety and efficacy of exosomes (ExoFlo ) derived from allogeneic bone marrow mesenchymal stem cells as treatment for severe COVID-19.\nDuring April 2020, ExoFlo was provided to 24 SARS-CoV-2 polymerase chain reaction-positive patients at a single hospital center, all of whom met criteria for severe COVID-19 as well as moderate-to-severe acute respiratory distress syndrome.\nPatients received a single 15 mL intravenous dose of ExoFlo and were evaluated for both safety and efficacy from days 1 to 14 post-treatment.\nAll safety endpoints were met with no adverse events observed within 72 h of ExoFlo administration.\nA survival rate of 83% was observed.\nIn total, 17 of 24 (71%) patients recovered, 3 of 24 (13%) patients remained critically ill though stable, and 4 of 24 (16%) patients expired for reasons unrelated to the treatment.\nOverall, after one treatment, patients' clinical status and oxygenation improved with an average pressure of arterial oxygen to fraction of inspired oxygen ratio (PaO2/FiO2) increase of 192% (P < 0.001).\nLaboratory values revealed significant improvements in absolute neutrophil count [mean reduction 32% (P value <0.001)] and lymphopenia with average CD3+, CD4+, and CD8+ lymphocyte counts increasing by 46% (P < 0.05), 45% (P < 0.05), and 46% (P < 0.001), respectively.\nLikewise, acute phase reactants declined, with mean C-reactive protein, ferritin, and D-dimer reduction of 77% (P < 0.001), 43% (P < 0.001), and 42% (P < 0.05), respectively.\nIn conclusion, owing to its safety profile, capacity to restore oxygenation, downregulate cytokine storm, and reconstitute immunity, ExoFlo is a promising therapeutic candidate for severe COVID-19.\nFuture randomized controlled trials (RCTs) are needed to determine ExoFlo therapeutic potential.\n", "Evidence Map": {"Enrollment": [{"term": "severe", "negation": "affirmed", "UMLS": "", "start": 188, "end": 194}, {"term": "SARS-CoV-2 polymerase chain reaction-positive", "negation": "affirmed", "UMLS": "", "start": 46, "end": 91}, {"term": "severe COVID-19", "negation": "affirmed", "UMLS": "", "start": 160, "end": 175}, {"term": "moderate-to-severe acute respiratory", "negation": "affirmed", "UMLS": "", "start": 187, "end": 223}], "Comparison Results": [], "Study Arm 1 Results": [], "Study Arm 2 Results": []}, "Sentence-level breakdown": [{"Section": "TITLE", "Text": "This prospective nonrandomized open-label cohort study addresses the safety and efficacy of exosomes ( ExoFlo ) derived from allogeneic bone marrow mesenchymal stem cells as treatment for severe COVID-19 .", "Evidence Elements": {"Participant": [{"term": "severe", "negation": "affirmed", "UMLS": "", "start": 188, "end": 194}], "Intervention": [{"term": "exosomes ( ExoFlo ) derived from allogeneic bone marrow mesenchymal stem cells", "negation": "affirmed", "UMLS": "", "start": 92, "end": 170}], "Outcome": [{"term": "safety", "negation": "affirmed", "UMLS": "", "start": 69, "end": 75}, {"term": "efficacy", "negation": "affirmed", "UMLS": "", "start": 80, "end": 88}]}, "Evidence Propositions": []}, {"Section": "METHODS", "Text": "During April 2020 , ExoFlo was provided to 24 SARS-CoV-2 polymerase chain reaction-positive patients at a single hospital center , all of whom met criteria for severe COVID-19 as well as moderate-to-severe acute respiratory distress syndrome .", "Evidence Elements": {"Participant": [{"term": "SARS-CoV-2 polymerase chain reaction-positive", "negation": "affirmed", "UMLS": "", "start": 46, "end": 91}, {"term": "severe COVID-19", "negation": "affirmed", "UMLS": "", "start": 160, "end": 175}, {"term": "moderate-to-severe acute respiratory", "negation": "affirmed", "UMLS": "", "start": 187, "end": 223}], "Intervention": [{"term": "ExoFlo", "negation": "affirmed", "UMLS": "", "start": 20, "end": 26}], "Outcome": []}, "Evidence Propositions": []}, {"Section": "METHODS", "Text": "Patients received a single 15 mL intravenous dose of ExoFlo and were evaluated for both safety and efficacy from days 1 to 14 post-treatment .", "Evidence Elements": {"Participant": [], "Intervention": [{"term": "ExoFlo", "negation": "affirmed", "UMLS": "", "start": 53, "end": 59}], "Outcome": [{"term": "safety", "negation": "affirmed", "UMLS": "", "start": 88, "end": 94}, {"term": "efficacy", "negation": "affirmed", "UMLS": "", "start": 99, "end": 107}]}, "Evidence Propositions": []}, {"Section": "RESULTS", "Text": "All safety endpoints were met with no adverse events observed within 72 h of ExoFlo administration .", "Evidence Elements": {"Participant": [], "Intervention": [{"term": "ExoFlo", "negation": "negated", "UMLS": "", "start": 77, "end": 83}], "Outcome": [{"term": "adverse events", "negation": "negated", "UMLS": "", "start": 38, "end": 52}]}, "Evidence Propositions": []}, {"Section": "RESULTS", "Text": "A survival rate of 83 % was observed .", "Evidence Elements": {"Participant": [], "Intervention": [], "Outcome": [{"term": "survival rate", "negation": "affirmed", "UMLS": "", "start": 2, "end": 15}]}, "Evidence Propositions": []}, {"Section": "RESULTS", "Text": "In total , 17 of 24 ( 71 % ) patients recovered , 3 of 24 ( 13 % ) patients remained critically ill though stable , and 4 of 24 ( 16 % ) patients expired for reasons unrelated to the treatment .", "Evidence Elements": {"Participant": [], "Intervention": [], "Outcome": [{"term": "recovered", "negation": "affirmed", "UMLS": "", "start": 38, "end": 47}, {"term": "critically ill", "negation": "affirmed", "UMLS": "", "start": 85, "end": 99}, {"term": "stable", "negation": "affirmed", "UMLS": "", "start": 107, "end": 113}]}, "Evidence Propositions": []}, {"Section": "RESULTS", "Text": "Overall , after one treatment , patients ' clinical status and oxygenation improved with an average pressure of arterial oxygen to fraction of inspired oxygen ratio ( PaO2 / FiO2 ) increase of 192 % ( P < 0.001 ) .", "Evidence Elements": {"Participant": [], "Intervention": [], "Outcome": [{"term": "clinical status", "negation": "affirmed", "UMLS": "", "start": 43, "end": 58}, {"term": "oxygenation", "negation": "affirmed", "UMLS": "", "start": 63, "end": 74}, {"term": "average pressure of arterial oxygen to fraction of inspired oxygen ratio (", "negation": "affirmed", "UMLS": "", "start": 92, "end": 166}, {"term": "FiO2 )", "negation": "affirmed", "UMLS": "", "start": 174, "end": 180}]}, "Evidence Propositions": []}, {"Section": "RESULTS", "Text": "Laboratory values revealed significant improvements in absolute neutrophil count [ mean reduction 32 % ( P value < 0.001 ) ] and lymphopenia with average CD3+ , CD4+ , and CD8+ lymphocyte counts increasing by 46 % ( P < 0.05 ) , 45 % ( P < 0.05 ) , and 46 % ( P < 0.001 ) , respectively .", "Evidence Elements": {"Participant": [], "Intervention": [], "Outcome": [{"term": "absolute neutrophil count", "negation": "affirmed", "UMLS": "", "start": 55, "end": 80}, {"term": "mean reduction", "negation": "affirmed", "UMLS": "", "start": 83, "end": 97}, {"term": "lymphopenia", "negation": "affirmed", "UMLS": "", "start": 129, "end": 140}, {"term": "average CD3+", "negation": "affirmed", "UMLS": "", "start": 146, "end": 158}, {"term": "CD4+", "negation": "affirmed", "UMLS": "", "start": 161, "end": 165}, {"term": "CD8+ lymphocyte counts", "negation": "affirmed", "UMLS": "", "start": 172, "end": 194}]}, "Evidence Propositions": []}, {"Section": "RESULTS", "Text": "Likewise , acute phase reactants declined , with mean C-reactive protein , ferritin , and D-dimer reduction of 77 % ( P < 0.001 ) , 43 % ( P < 0.001 ) , and 42 % ( P < 0.05 ) , respectively .", "Evidence Elements": {"Participant": [], "Intervention": [], "Outcome": [{"term": "acute phase reactants", "negation": "affirmed", "UMLS": "", "start": 11, "end": 32}, {"term": "mean C-reactive protein", "negation": "negated", "UMLS": "", "start": 49, "end": 72}, {"term": "ferritin", "negation": "negated", "UMLS": "", "start": 75, "end": 83}, {"term": "D-dimer", "negation": "negated", "UMLS": "", "start": 90, "end": 97}]}, "Evidence Propositions": []}, {"Section": "CONCLUSIONS", "Text": "In conclusion , owing to its safety profile , capacity to restore oxygenation , downregulate cytokine storm , and reconstitute immunity , ExoFlo is a promising therapeutic candidate for severe COVID-19 .", "Evidence Elements": {"Participant": [], "Intervention": [{"term": "ExoFlo", "negation": "affirmed", "UMLS": "", "start": 138, "end": 144}], "Outcome": [{"term": "safety", "negation": "affirmed", "UMLS": "", "start": 29, "end": 35}, {"term": "capacity to restore oxygenation", "negation": "affirmed", "UMLS": "", "start": 46, "end": 77}, {"term": "downregulate", "negation": "affirmed", "UMLS": "", "start": 80, "end": 92}, {"term": "cytokine storm", "negation": "affirmed", "UMLS": "", "start": 93, "end": 107}, {"term": "reconstitute immunity", "negation": "affirmed", "UMLS": "", "start": 114, "end": 135}]}, "Evidence Propositions": [{"Intervention": "ExoFlo", "Observation": "promising", "Outcome": "reconstitute immunity", "Count": ""}]}, {"Section": "CONCLUSIONS", "Text": "Future randomized controlled trials ( RCTs ) are needed to determine ExoFlo therapeutic potential .", "Evidence Elements": {"Participant": [], "Intervention": [], "Outcome": []}, "Evidence Propositions": []}]}