{"doc_id": "32389518", "type of study": "Therapy", "title": "", "abstract": "La reciente aparicion de la pandemia por el coronavirus SARS-CoV-2 ha impactado de forma muy importante en la poblacion general.\nLos pacientes en tratamiento renal sustitutivo (TRS) no han sido ajenos a esta situacion y por sus caracteristicas resultan especialmente vulnerables.\nPresentamos los resultados del analisis del Registro COVID-19 de la Sociedad Espanola de Nefrologia. EL Registro comenzo a funcionar el 18 de marzo de 2020.\nRecoge variables epidemiologicas, datos del contagio y diagnostico, clinica acompanante, tratamientos y desenlace.\nSe trata de un registro on line.\nLos pacientes fueron diagnosticados de infeccion por SARS-CoV-2 en base a los resultados de la PCR del virus, realizada tanto en pacientes que habian manifestado clinica compatible o tenian signos sospechosos como en aquellos a los que se habia hecho como cribado tras algun contacto conocido con otro enfermo.\nA fecha 11 de abril el Registro disponia de datos de 868 pacientes, procedentes de todas las comunidades autonomas.\nLa modalidad de TRS mas representada es la hemodialisis en centro (HDC) seguida de los pacientes trasplantados.\nLa clinica de presentacion es similar a la poblacion general.\nUn porcentaje muy elevado (85%) requirio ingreso hospitalario, un 8% en unidades de cuidados intensivos.\nLos tratamientos mas utilizados fueron hidroxicloroquina, lopinavir-ritonavir y esteroides.\nLa mortalidad es elevada y alcanza el 23%: los pacientes fallecidos estaban con mas frecuencia en HDC, desarrollaban mas frecuentemente neumonia y recibian en menos ocasiones lopinavir-ritonavir y esteroides.\nLa edad y la neumonia se asociaban de forma independiente al riesgo de fallecer.\nLa infeccion por SARS-CoV-2 afecta ya a un numero importante de pacientes espanoles en TRS, fundamentalmente aquellos que estan en HDC, las tasas de hospitalizacion son muy elevadas y la mortalidad es elevada; la edad y el desarrollo de neumonia son factores asociados a mortalidad.\n", "Evidence Map": {"Enrollment": [], "Comparison Results": [], "Study Arm 1 Results": [], "Study Arm 2 Results": []}, "Sentence-level breakdown": [{"Section": "TITLE", "Text": "La reciente aparicion de la pandemia por el coronavirus SARS-CoV-2 ha impactado de forma muy importante en la poblacion general .", "Evidence Elements": {"Participant": [], "Intervention": [{"term": "coronavirus SARS-CoV-2", "negation": "affirmed", "UMLS": "", "start": 44, "end": 66}], "Outcome": [{"term": "pandemia", "negation": "affirmed", "UMLS": "", "start": 28, "end": 36}]}, "Evidence Propositions": []}, {"Section": "METHODS", "Text": "Los pacientes en tratamiento renal sustitutivo ( TRS ) no han sido ajenos a esta situacion y por sus caracteristicas resultan especialmente vulnerables .", "Evidence Elements": {"Participant": [], "Intervention": [{"term": "tratamiento renal sustitutivo ( TRS )", "negation": "affirmed", "UMLS": "", "start": 17, "end": 54}], "Outcome": []}, "Evidence Propositions": []}, {"Section": "METHODS", "Text": "Presentamos los resultados del analisis del Registro COVID-19 de la Sociedad Espanola de Nefrologia . EL Registro comenzo a funcionar el 18 de marzo de 2020 .", "Evidence Elements": {"Participant": [], "Intervention": [], "Outcome": []}, "Evidence Propositions": []}, {"Section": "METHODS", "Text": "Recoge variables epidemiologicas , datos del contagio y diagnostico , clinica acompanante , tratamientos y desenlace .", "Evidence Elements": {"Participant": [], "Intervention": [], "Outcome": []}, "Evidence Propositions": []}, {"Section": "METHODS", "Text": "Se trata de un registro on line .", "Evidence Elements": {"Participant": [], "Intervention": [], "Outcome": []}, "Evidence Propositions": []}, {"Section": "METHODS", "Text": "Los pacientes fueron diagnosticados de infeccion por SARS-CoV-2 en base a los resultados de la PCR del virus , realizada tanto en pacientes que habian manifestado clinica compatible o tenian signos sospechosos como en aquellos a los que se habia hecho como cribado tras algun contacto conocido con otro enfermo .", "Evidence Elements": {"Participant": [], "Intervention": [], "Outcome": [{"term": "infeccion por SARS-CoV-2", "negation": "affirmed", "UMLS": "", "start": 39, "end": 63}, {"term": "del virus", "negation": "affirmed", "UMLS": "", "start": 99, "end": 108}, {"term": "habian manifestado clinica compatible o", "negation": "affirmed", "UMLS": "", "start": 144, "end": 183}]}, "Evidence Propositions": []}, {"Section": "METHODS", "Text": "A fecha 11 de abril el Registro disponia de datos de 868 pacientes , procedentes de todas las comunidades autonomas .", "Evidence Elements": {"Participant": [], "Intervention": [], "Outcome": [{"term": "Registro disponia de datos", "negation": "affirmed", "UMLS": "", "start": 23, "end": 49}]}, "Evidence Propositions": []}, {"Section": "METHODS", "Text": "La modalidad de TRS mas representada es la hemodialisis en centro ( HDC ) seguida de los pacientes trasplantados .", "Evidence Elements": {"Participant": [], "Intervention": [{"term": "modalidad de TRS", "negation": "affirmed", "UMLS": "", "start": 3, "end": 19}], "Outcome": [{"term": "hemodialisis en centro ( HDC )", "negation": "affirmed", "UMLS": "", "start": 43, "end": 73}]}, "Evidence Propositions": []}, {"Section": "METHODS", "Text": "La clinica de presentacion es similar a la poblacion general .", "Evidence Elements": {"Participant": [], "Intervention": [], "Outcome": [{"term": "clinica", "negation": "affirmed", "UMLS": "", "start": 3, "end": 10}, {"term": "poblacion general", "negation": "affirmed", "UMLS": "", "start": 43, "end": 60}]}, "Evidence Propositions": [{"Intervention": [], "Observation": "similar", "Outcome": "clinica", "Count": ""}, {"Intervention": [], "Observation": "similar", "Outcome": "poblacion general", "Count": ""}]}, {"Section": "METHODS", "Text": "Un porcentaje muy elevado ( 85 % ) requirio ingreso hospitalario , un 8 % en unidades de cuidados intensivos .", "Evidence Elements": {"Participant": [], "Intervention": [{"term": "porcentaje muy elevado", "negation": "affirmed", "UMLS": "", "start": 3, "end": 25}], "Outcome": []}, "Evidence Propositions": []}, {"Section": "METHODS", "Text": "Los tratamientos mas utilizados fueron hidroxicloroquina , lopinavir-ritonavir y esteroides .", "Evidence Elements": {"Participant": [], "Intervention": [], "Outcome": []}, "Evidence Propositions": []}, {"Section": "METHODS", "Text": "La mortalidad es elevada y alcanza el 23 % : los pacientes fallecidos estaban con mas frecuencia en HDC , desarrollaban mas frecuentemente neumonia y recibian en menos ocasiones lopinavir-ritonavir y esteroides .", "Evidence Elements": {"Participant": [], "Intervention": [], "Outcome": [{"term": "mortalidad", "negation": "affirmed", "UMLS": "", "start": 3, "end": 13}, {"term": "recibian", "negation": "affirmed", "UMLS": "", "start": 150, "end": 158}]}, "Evidence Propositions": []}, {"Section": "CONCLUSIONS", "Text": "La edad y la neumonia se asociaban de forma independiente al riesgo de fallecer .", "Evidence Elements": {"Participant": [], "Intervention": [], "Outcome": [{"term": "neumonia", "negation": "affirmed", "UMLS": "", "start": 13, "end": 21}]}, "Evidence Propositions": []}, {"Section": "CONCLUSIONS", "Text": "La infeccion por SARS-CoV-2 afecta ya a un numero importante de pacientes espanoles en TRS , fundamentalmente aquellos que estan en HDC , las tasas de hospitalizacion son muy elevadas y la mortalidad es elevada ; la edad y el desarrollo de neumonia son factores asociados a mortalidad .", "Evidence Elements": {"Participant": [], "Intervention": [{"term": "infeccion", "negation": "affirmed", "UMLS": "", "start": 3, "end": 12}, {"term": "SARS-CoV-2 afecta", "negation": "affirmed", "UMLS": "", "start": 17, "end": 34}], "Outcome": [{"term": "tasas de hospitalizacion", "negation": "affirmed", "UMLS": "", "start": 142, "end": 166}, {"term": "mortalidad", "negation": "affirmed", "UMLS": "", "start": 189, "end": 199}, {"term": "desarrollo de neumonia", "negation": "affirmed", "UMLS": "", "start": 226, "end": 248}]}, "Evidence Propositions": []}]}