{"doc_id": "32386571", "type of study": "Therapy", "title": "", "abstract": "Severe acute respiratory syndrome coronavirus 2 (SARS-CoV-2) emerged in December 2019, causing a respiratory disease (coronavirus disease 2019, COVID-19) of varying severity in Wuhan, China, and subsequently leading to a pandemic.\nThe transmissibility and pathogenesis of SARS-CoV-2 remain poorly understood.\nWe evaluate its tissue and cellular tropism in human respiratory tract, conjunctiva, and innate immune responses in comparison with other coronavirus and influenza virus to provide insights into COVID-19 pathogenesis.\nWe isolated SARS-CoV-2 from a patient with confirmed COVID-19, and compared virus tropism and replication competence with SARS-CoV, Middle East respiratory syndrome-associated coronavirus (MERS-CoV), and 2009 pandemic influenza H1N1 (H1N1pdm) in ex-vivo cultures of human bronchus (n=5) and lung (n=4).\nWe assessed extrapulmonary infection using ex-vivo cultures of human conjunctiva (n=3) and in-vitro cultures of human colorectal adenocarcinoma cell lines.\nInnate immune responses and angiotensin-converting enzyme 2 expression were investigated in human alveolar epithelial cells and macrophages.\nIn-vitro studies included the highly pathogenic avian influenza H5N1 virus (H5N1) and mock-infected cells as controls.\nSARS-CoV-2 infected ciliated, mucus-secreting, and club cells of bronchial epithelium, type 1 pneumocytes in the lung, and the conjunctival mucosa.\nIn the bronchus, SARS-CoV-2 replication competence was similar to MERS-CoV, and higher than SARS-CoV, but lower than H1N1pdm.\nIn the lung, SARS-CoV-2 replication was similar to SARS-CoV and H1N1pdm, but was lower than MERS-CoV. In conjunctiva, SARS-CoV-2 replication was greater than SARS-CoV. SARS-CoV-2 was a less potent inducer of proinflammatory cytokines than H5N1, H1N1pdm, or MERS-CoV. The conjunctival epithelium and conducting airways appear to be potential portals of infection for SARS-CoV-2.\nBoth SARS-CoV and SARS-CoV-2 replicated similarly in the alveolar epithelium; SARS-CoV-2 replicated more extensively in the bronchus than SARS-CoV. These findings provide important insights into the transmissibility and pathogenesis of SARS-CoV-2 infection and differences with other respiratory pathogens.\nUS National Institute of Allergy and Infectious Diseases, University Grants Committee of Hong Kong Special Administrative Region, China; Health and Medical Research Fund, Food and Health Bureau, Government of Hong Kong Special Administrative Region, China.\n", "Evidence Map": {"Enrollment": [{"term": "confirmed COVID-19", "negation": "affirmed", "UMLS": "", "start": 43, "end": 61}, {"term": "SARS-CoV", "negation": "affirmed", "UMLS": "", "start": 12, "end": 20}, {"term": "Middle East respiratory syndrome-associated coronavirus ( MERS-CoV )", "negation": "affirmed", "UMLS": "", "start": 134, "end": 202}, {"term": "2009 pandemic influenza H1N1 ( H1N1pdm )", "negation": "affirmed", "UMLS": "", "start": 209, "end": 249}, {"term": "SARS-CoV-2 infection", "negation": "affirmed", "UMLS": "", "start": 238, "end": 258}], "Comparison Results": [], "Study Arm 1 Results": [], "Study Arm 2 Results": []}, "Sentence-level breakdown": [{"Section": "TITLE", "Text": "Severe acute respiratory syndrome coronavirus 2 ( SARS-CoV-2 ) emerged in December 2019 , causing a respiratory disease ( coronavirus disease 2019 , COVID-19 ) of varying severity in Wuhan , China , and subsequently leading to a pandemic .", "Evidence Elements": {"Participant": [], "Intervention": [], "Outcome": []}, "Evidence Propositions": []}, {"Section": "OBJECTIVE", "Text": "We evaluate its tissue and cellular tropism in human respiratory tract , conjunctiva , and innate immune responses in comparison with other coronavirus and influenza virus to provide insights into COVID-19 pathogenesis .", "Evidence Elements": {"Participant": [], "Intervention": [], "Outcome": [{"term": "tissue and cellular tropism", "negation": "affirmed", "UMLS": "", "start": 16, "end": 43}, {"term": "innate immune responses", "negation": "affirmed", "UMLS": "", "start": 91, "end": 114}]}, "Evidence Propositions": []}, {"Section": "METHODS", "Text": "We isolated SARS-CoV-2 from a patient with confirmed COVID-19 , and compared virus tropism and replication competence with SARS-CoV , Middle East respiratory syndrome-associated coronavirus ( MERS-CoV ) , and 2009 pandemic influenza H1N1 ( H1N1pdm ) in ex-vivo cultures of human bronchus ( n = 5 ) and lung ( n = 4 ) .", "Evidence Elements": {"Participant": [{"term": "confirmed COVID-19", "negation": "affirmed", "UMLS": "", "start": 43, "end": 61}, {"term": "SARS-CoV", "negation": "affirmed", "UMLS": "", "start": 12, "end": 20}, {"term": "Middle East respiratory syndrome-associated coronavirus ( MERS-CoV )", "negation": "affirmed", "UMLS": "", "start": 134, "end": 202}, {"term": "2009 pandemic influenza H1N1 ( H1N1pdm )", "negation": "affirmed", "UMLS": "", "start": 209, "end": 249}], "Intervention": [{"term": "SARS-CoV-2", "negation": "affirmed", "UMLS": "", "start": 12, "end": 22}], "Outcome": [{"term": "virus tropism", "negation": "affirmed", "UMLS": "", "start": 77, "end": 90}, {"term": "replication competence", "negation": "affirmed", "UMLS": "", "start": 95, "end": 117}]}, "Evidence Propositions": []}, {"Section": "METHODS", "Text": "We assessed extrapulmonary infection using ex-vivo cultures of human conjunctiva ( n = 3 ) and in-vitro cultures of human colorectal adenocarcinoma cell lines .", "Evidence Elements": {"Participant": [], "Intervention": [], "Outcome": [{"term": "extrapulmonary infection", "negation": "affirmed", "UMLS": "", "start": 12, "end": 36}]}, "Evidence Propositions": []}, {"Section": "METHODS", "Text": "Innate immune responses and angiotensin-converting enzyme 2 expression were investigated in human alveolar epithelial cells and macrophages .", "Evidence Elements": {"Participant": [], "Intervention": [], "Outcome": [{"term": "Innate immune responses", "negation": "affirmed", "UMLS": "", "start": 0, "end": 23}, {"term": "angiotensin-converting enzyme 2 expression", "negation": "affirmed", "UMLS": "", "start": 28, "end": 70}]}, "Evidence Propositions": []}, {"Section": "METHODS", "Text": "In-vitro studies included the highly pathogenic avian influenza H5N1 virus ( H5N1 ) and mock-infected cells as controls .", "Evidence Elements": {"Participant": [], "Intervention": [{"term": "virus (", "negation": "affirmed", "UMLS": "", "start": 69, "end": 76}, {"term": ")", "negation": "affirmed", "UMLS": "", "start": 82, "end": 83}], "Outcome": []}, "Evidence Propositions": []}, {"Section": "RESULTS", "Text": "SARS-CoV-2 infected ciliated , mucus-secreting , and club cells of bronchial epithelium , type 1 pneumocytes in the lung , and the conjunctival mucosa .", "Evidence Elements": {"Participant": [], "Intervention": [{"term": "SARS-CoV-2", "negation": "affirmed", "UMLS": "", "start": 0, "end": 10}], "Outcome": [{"term": "ciliated", "negation": "affirmed", "UMLS": "", "start": 20, "end": 28}, {"term": "mucus-secreting", "negation": "affirmed", "UMLS": "", "start": 31, "end": 46}, {"term": "cells", "negation": "affirmed", "UMLS": "", "start": 58, "end": 63}, {"term": "type 1 pneumocytes", "negation": "affirmed", "UMLS": "", "start": 90, "end": 108}]}, "Evidence Propositions": []}, {"Section": "RESULTS", "Text": "In the bronchus , SARS-CoV-2 replication competence was similar to MERS-CoV , and higher than SARS-CoV , but lower than H1N1pdm .", "Evidence Elements": {"Participant": [], "Intervention": [{"term": "MERS-CoV", "negation": "affirmed", "UMLS": "", "start": 67, "end": 75}, {"term": "SARS-CoV", "negation": "affirmed", "UMLS": "", "start": 18, "end": 26}], "Outcome": [{"term": "SARS-CoV-2 replication competence", "negation": "affirmed", "UMLS": "", "start": 18, "end": 51}]}, "Evidence Propositions": [{"Intervention": ["MERS-CoV"], "Observation": "similar", "Outcome": "SARS-CoV-2 replication competence", "Count": ""}, {"Intervention": ["SARS-CoV"], "Observation": "higher", "Outcome": "SARS-CoV-2 replication competence", "Count": ""}]}, {"Section": "RESULTS", "Text": "In the lung , SARS-CoV-2 replication was similar to SARS-CoV and H1N1pdm , but was lower than MERS-CoV . In conjunctiva , SARS-CoV-2 replication was greater than SARS-CoV . SARS-CoV-2 was a less potent inducer of proinflammatory cytokines than H5N1 , H1N1pdm , or MERS-CoV . The conjunctival epithelium and conducting airways appear to be potential portals of infection", "Evidence Elements": {"Participant": [], "Intervention": [{"term": "SARS-CoV", "negation": "affirmed", "UMLS": "", "start": 14, "end": 22}, {"term": "H1N1pdm", "negation": "affirmed", "UMLS": "", "start": 65, "end": 72}, {"term": "MERS-CoV", "negation": "affirmed", "UMLS": "", "start": 94, "end": 102}, {"term": "SARS-CoV-2 replication", "negation": "affirmed", "UMLS": "", "start": 14, "end": 36}, {"term": "SARS-CoV", "negation": "affirmed", "UMLS": "", "start": 14, "end": 22}, {"term": "SARS-CoV-2", "negation": "affirmed", "UMLS": "", "start": 14, "end": 24}, {"term": "H5N1", "negation": "affirmed", "UMLS": "", "start": 244, "end": 248}, {"term": "H1N1pdm", "negation": "affirmed", "UMLS": "", "start": 65, "end": 72}, {"term": "MERS-CoV", "negation": "affirmed", "UMLS": "", "start": 94, "end": 102}], "Outcome": [{"term": "SARS-CoV-2 replication", "negation": "affirmed", "UMLS": "", "start": 14, "end": 36}, {"term": "inducer", "negation": "affirmed", "UMLS": "", "start": 202, "end": 209}, {"term": "proinflammatory cytokines", "negation": "affirmed", "UMLS": "", "start": 213, "end": 238}]}, "Evidence Propositions": [{"Intervention": ["SARS-CoV", "H1N1pdm"], "Observation": "similar", "Outcome": "SARS-CoV-2 replication", "Count": ""}, {"Intervention": ["MERS-CoV"], "Observation": "lower", "Outcome": "SARS-CoV-2 replication", "Count": ""}, {"Intervention": ["SARS-CoV-2 replication", "SARS-CoV"], "Observation": "greater", "Outcome": "", "Count": ""}, {"Intervention": [], "Observation": "less potent", "Outcome": "", "Count": ""}]}, {"Section": "CONCLUSIONS", "Text": "Both SARS-CoV and SARS-CoV-2 replicated similarly in the alveolar epithelium ; SARS-CoV-2 replicated more extensively in the bronchus than SARS-CoV . These findings provide important insights into the transmissibility and pathogenesis of SARS-CoV-2 infection and differences with other respiratory pathogens .", "Evidence Elements": {"Participant": [{"term": "SARS-CoV-2 infection", "negation": "affirmed", "UMLS": "", "start": 238, "end": 258}], "Intervention": [{"term": "SARS-CoV", "negation": "affirmed", "UMLS": "", "start": 5, "end": 13}, {"term": "SARS-CoV-2", "negation": "affirmed", "UMLS": "", "start": 18, "end": 28}, {"term": "SARS-CoV-2", "negation": "affirmed", "UMLS": "", "start": 18, "end": 28}, {"term": "SARS-CoV", "negation": "affirmed", "UMLS": "", "start": 5, "end": 13}], "Outcome": [{"term": "transmissibility", "negation": "affirmed", "UMLS": "", "start": 201, "end": 217}, {"term": "pathogenesis", "negation": "affirmed", "UMLS": "", "start": 222, "end": 234}]}, "Evidence Propositions": [{"Intervention": ["SARS-CoV-2", "SARS-CoV"], "Observation": "more extensively", "Outcome": "", "Count": ""}]}, {"Section": "CONCLUSIONS", "Text": "US National Institute of Allergy and Infectious Diseases , University Grants Committee of Hong Kong Special Administrative Region , China ; Health and Medical Research Fund , Food and Health Bureau , Government of Hong Kong Special Administrative Region , China .", "Evidence Elements": {"Participant": [], "Intervention": [], "Outcome": []}, "Evidence Propositions": []}]}