{"doc_id": "32380958", "type of study": "Therapy", "title": "", "abstract": "The 2019 novel coronavirus disease (COVID-19) causes for unresolved reasons acute respiratory distress syndrome in vulnerable individuals.\nThere is a need to identify key pathogenic molecules in COVID-19-associated inflammation attainable to target with existing therapeutic compounds.\nThe endogenous damage-associated molecular pattern (DAMP) molecule HMGB1 initiates inflammation via two separate pathways.\nDisulfide-HMGB1 triggers TLR4 receptors generating pro-inflammatory cytokine release.\nExtracellular HMGB1, released from dying cells or secreted by activated innate immunity cells, forms complexes with extracellular DNA, RNA and other DAMP or pathogen-associated molecular (DAMP) molecules released after lytic cell death.\nThese complexes are endocytosed via RAGE, constitutively expressed at high levels in the lungs only, and transported to the endolysosomal system, which is disrupted by HMGB1 at high concentrations.\nDanger molecules thus get access to cytosolic proinflammatory receptors instigating inflammasome activation.\nIt is conceivable that extracellular SARS-CoV-2 RNA may reach the cellular cytosol via HMGB1-assisted transfer combined with lysosome leakage.\nExtracellular HMGB1 generally exists in vivo bound to other molecules, including PAMPs and DAMPs.\nIt is plausible that these complexes are specifically removed in the lungs revealed by a 40% reduction of HMGB1 plasma levels in arterial versus venous blood.\nAbundant pulmonary RAGE expression enables endocytosis of danger molecules to be destroyed in the lysosomes at physiological HMGB1 levels, but causing detrimental inflammasome activation at high levels.\nStress induces apoptosis in pulmonary endothelial cells from females but necrosis in cells from males.\nBased on these observations we propose extracellular HMGB1 to be considered as a therapeutic target for COVID-19.\n", "Evidence Map": {"Enrollment": [{"term": "COVID-19", "negation": "affirmed", "UMLS": "", "start": 104, "end": 112}], "Comparison Results": [], "Study Arm 1 Results": [], "Study Arm 2 Results": []}, "Sentence-level breakdown": [{"Section": "TITLE", "Text": "The 2019 novel coronavirus disease ( COVID-19 ) causes for unresolved reasons acute respiratory distress syndrome in vulnerable individuals .", "Evidence Elements": {"Participant": [], "Intervention": [], "Outcome": []}, "Evidence Propositions": []}, {"Section": "RESULTS", "Text": "Extracellular HMGB1 , released from dying cells or secreted by activated innate immunity cells , forms complexes with extracellular DNA , RNA and other DAMP or pathogen-associated molecular ( DAMP ) molecules released after lytic cell death .", "Evidence Elements": {"Participant": [], "Intervention": [], "Outcome": []}, "Evidence Propositions": []}, {"Section": "RESULTS", "Text": "These complexes are endocytosed via RAGE , constitutively expressed at high levels in the lungs only , and transported to the endolysosomal system , which is disrupted by HMGB1 at high concentrations .", "Evidence Elements": {"Participant": [], "Intervention": [], "Outcome": []}, "Evidence Propositions": []}, {"Section": "RESULTS", "Text": "Danger molecules thus get access to cytosolic proinflammatory receptors instigating inflammasome activation .", "Evidence Elements": {"Participant": [], "Intervention": [], "Outcome": []}, "Evidence Propositions": []}, {"Section": "RESULTS", "Text": "It is conceivable that extracellular SARS-CoV-2 RNA may reach the cellular cytosol via HMGB1-assisted transfer combined with lysosome leakage .", "Evidence Elements": {"Participant": [], "Intervention": [], "Outcome": []}, "Evidence Propositions": []}, {"Section": "RESULTS", "Text": "Extracellular HMGB1 generally exists in vivo bound to other molecules , including PAMPs and DAMPs .", "Evidence Elements": {"Participant": [], "Intervention": [], "Outcome": []}, "Evidence Propositions": []}, {"Section": "RESULTS", "Text": "It is plausible that these complexes are specifically removed in the lungs revealed by a 40 % reduction of HMGB1 plasma levels in arterial versus venous blood .", "Evidence Elements": {"Participant": [], "Intervention": [{"term": "arterial", "negation": "affirmed", "UMLS": "", "start": 130, "end": 138}, {"term": "venous", "negation": "affirmed", "UMLS": "", "start": 146, "end": 152}], "Outcome": [{"term": "HMGB1 plasma levels", "negation": "affirmed", "UMLS": "", "start": 107, "end": 126}]}, "Evidence Propositions": [{"Intervention": "arterial", "Observation": "40 % reduction", "Outcome": "HMGB1 plasma levels", "Count": ""}, {"Intervention": "venous", "Observation": "40 % reduction", "Outcome": "HMGB1 plasma levels", "Count": ""}]}, {"Section": "RESULTS", "Text": "Abundant pulmonary RAGE expression enables endocytosis of danger molecules to be destroyed in the lysosomes at physiological HMGB1 levels , but causing detrimental inflammasome activation at high levels .", "Evidence Elements": {"Participant": [], "Intervention": [], "Outcome": []}, "Evidence Propositions": []}, {"Section": "CONCLUSIONS", "Text": "Stress induces apoptosis in pulmonary endothelial cells from females but necrosis in cells from males .", "Evidence Elements": {"Participant": [], "Intervention": [{"term": "Stress", "negation": "affirmed", "UMLS": "", "start": 0, "end": 6}, {"term": "females", "negation": "affirmed", "UMLS": "", "start": 61, "end": 68}, {"term": "males", "negation": "affirmed", "UMLS": "", "start": 63, "end": 68}], "Outcome": [{"term": "apoptosis", "negation": "affirmed", "UMLS": "", "start": 15, "end": 24}, {"term": "pulmonary endothelial cells", "negation": "affirmed", "UMLS": "", "start": 28, "end": 55}, {"term": "necrosis", "negation": "affirmed", "UMLS": "", "start": 73, "end": 81}]}, "Evidence Propositions": []}, {"Section": "CONCLUSIONS", "Text": "Based on these observations we propose extracellular HMGB1 to be considered as a therapeutic target for COVID-19 .", "Evidence Elements": {"Participant": [{"term": "COVID-19", "negation": "affirmed", "UMLS": "", "start": 104, "end": 112}], "Intervention": [{"term": "extracellular HMGB1", "negation": "affirmed", "UMLS": "", "start": 39, "end": 58}], "Outcome": []}, "Evidence Propositions": []}]}