{"doc_id": "32399901", "type of study": "Therapy", "title": "", "abstract": "A large proportion of patients with a SARS-Cov-2-associated respiratory failure develop an acute respiratory distress syndrome (ARDS).\nIt has been recently suggested that SARS-Cov-2-associated ARDS may differ from usual non-SARS-Cov-2-associated ARDS by higher respiratory system compliance (CRS), lower potential for recruitment with positive end-expiratory pressure (PEEP) contrasting with severe shunt fraction.\nThe purpose of the study was to systematically assess respiratory mechanics and recruitability in SARS-Cov-2-associated ARDS.\nGas exchanges, CRS and hemodynamics were assessed at 2 levels of PEEP (15 cmH2O and 5 cmH2O) within 36 h (day1) and from 4 to 6 days (day 5) after intubation.\nThe recruited volume was computed as the difference between the volume expired from PEEP 15 to 5 cmH2O and the volume predicted by compliance at PEEP 5 cmH2O (or above airway opening pressure).\nThe recruitment-to-inflation (R/I) ratio (i.e. the ratio between the recruited lung compliance and CRS at PEEP 5 cmH2O) was used to assess lung recruitability.\nA R/I ratio value higher than or equal to 0.5 was used to define highly recruitable patients.\nThe R/I ratio was calculated in 25 of the 26 enrolled patients at day 1 and in 15 patients at day 5.\nAt day 1, 16 (64%) were considered as highly recruitable (R/I ratio median [interquartile range] 0.7 [0.55-0.94]) and 9 (36%) were considered as poorly recruitable (R/I ratio 0.41 [0.31-0.48]).\nThe PaO2/FiO2 ratio at PEEP 15 cmH2O was higher compared to PEEP 5 cmH2O only in highly recruitable patients (173 [139-236] vs 135 [89-167] mmHg; p < 0.01).\nNeither PaO2/FiO2 or CRS measured at PEEP 15 cmH2O or at PEEP 5 cmH2O nor changes in PaO2/FiO2 or CRS in response to PEEP changes allowed to identify highly or poorly recruitable patients.\nIn this series of 25 patients with SARS-Cov-2 associated ARDS, 64% were considered as highly recruitable and only 36% as poorly recruitable based on the R/I ratio performed on the day of intubation.\nThis observation suggests that a systematic R/I ratio assessment may help to guide initial PEEP titration to limit harmful effect of unnecessary high PEEP in the context of Covid-19 crisis.\n", "Evidence Map": {"Enrollment": [{"term": "SARS-Cov-2-associated ARDS", "negation": "affirmed", "UMLS": "", "start": 98, "end": 124}, {"term": "highly recruitable", "negation": "affirmed", "UMLS": "", "start": 83, "end": 101}, {"term": "highly or poorly recruitable", "negation": "affirmed", "UMLS": "", "start": 154, "end": 182}, {"term": "SARS-Cov-2 associated ARDS", "negation": "affirmed", "UMLS": "", "start": 35, "end": 61}, {"term": "Covid-19 crisis", "negation": "affirmed", "UMLS": "", "start": 174, "end": 189}], "Comparison Results": [], "Study Arm 1 Results": [], "Study Arm 2 Results": []}, "Sentence-level breakdown": [{"Section": "TITLE", "Text": "A large proportion of patients with a SARS-Cov-2-associated respiratory failure develop an acute respiratory distress syndrome ( ARDS ) .", "Evidence Elements": {"Participant": [], "Intervention": [], "Outcome": []}, "Evidence Propositions": []}, {"Section": "OBJECTIVE", "Text": "The purpose of the study was to systematically assess respiratory mechanics and recruitability in SARS-Cov-2-associated ARDS .", "Evidence Elements": {"Participant": [{"term": "SARS-Cov-2-associated ARDS", "negation": "affirmed", "UMLS": "", "start": 98, "end": 124}], "Intervention": [], "Outcome": [{"term": "respiratory mechanics", "negation": "affirmed", "UMLS": "", "start": 54, "end": 75}, {"term": "recruitability", "negation": "affirmed", "UMLS": "", "start": 80, "end": 94}]}, "Evidence Propositions": []}, {"Section": "METHODS", "Text": "Gas exchanges , CRS and hemodynamics were assessed at 2 levels of PEEP ( 15 cmH2O and 5 cmH2O ) within 36 h ( day1 ) and from 4 to 6 days ( day 5 ) after intubation .", "Evidence Elements": {"Participant": [], "Intervention": [{"term": "of PEEP", "negation": "affirmed", "UMLS": "", "start": 63, "end": 70}], "Outcome": [{"term": "Gas exchanges", "negation": "affirmed", "UMLS": "", "start": 0, "end": 13}, {"term": "CRS", "negation": "affirmed", "UMLS": "", "start": 16, "end": 19}, {"term": "hemodynamics", "negation": "affirmed", "UMLS": "", "start": 24, "end": 36}]}, "Evidence Propositions": []}, {"Section": "METHODS", "Text": "The recruited volume was computed as the difference between the volume expired from PEEP 15 to 5 cmH2O and the volume predicted by compliance at PEEP 5 cmH2O ( or above airway opening pressure ) .", "Evidence Elements": {"Participant": [], "Intervention": [], "Outcome": [{"term": "recruited volume", "negation": "affirmed", "UMLS": "", "start": 4, "end": 20}]}, "Evidence Propositions": []}, {"Section": "METHODS", "Text": "The recruitment-to-inflation ( R / I ) ratio ( i.e. the ratio between the recruited lung compliance and CRS at PEEP 5 cmH2O ) was used to assess lung recruitability .", "Evidence Elements": {"Participant": [], "Intervention": [], "Outcome": [{"term": "recruitment-to-inflation (", "negation": "affirmed", "UMLS": "", "start": 4, "end": 30}, {"term": "I ) ratio", "negation": "affirmed", "UMLS": "", "start": 35, "end": 44}]}, "Evidence Propositions": []}, {"Section": "METHODS", "Text": "A R / I ratio value higher than or equal to 0.5 was used to define highly recruitable patients .", "Evidence Elements": {"Participant": [], "Intervention": [], "Outcome": [{"term": "I", "negation": "affirmed", "UMLS": "", "start": 6, "end": 7}, {"term": "highly recruitable", "negation": "affirmed", "UMLS": "", "start": 67, "end": 85}]}, "Evidence Propositions": []}, {"Section": "RESULTS", "Text": "The R / I ratio was calculated in 25 of the 26 enrolled patients at day 1 and in 15 patients at day 5 .", "Evidence Elements": {"Participant": [], "Intervention": [], "Outcome": [{"term": "I ratio", "negation": "affirmed", "UMLS": "", "start": 8, "end": 15}]}, "Evidence Propositions": []}, {"Section": "RESULTS", "Text": "At day 1 , 16 ( 64 % ) were considered as highly recruitable ( R / I ratio median [ interquartile range ] 0.7 [ 0.55-0.94 ] ) and 9 ( 36 % ) were considered as poorly recruitable ( R / I ratio 0.41 [ 0.31-0.48 ] ) .", "Evidence Elements": {"Participant": [], "Intervention": [], "Outcome": [{"term": "highly recruitable", "negation": "affirmed", "UMLS": "", "start": 42, "end": 60}, {"term": "I", "negation": "affirmed", "UMLS": "", "start": 67, "end": 68}]}, "Evidence Propositions": []}, {"Section": "RESULTS", "Text": "The PaO2 / FiO2 ratio at PEEP 15 cmH2O was higher compared to PEEP 5 cmH2O only in highly recruitable patients ( 173 [ 139-236 ] vs 135 [ 89-167 ] mmHg ; p < 0.01 ) .", "Evidence Elements": {"Participant": [{"term": "highly recruitable", "negation": "affirmed", "UMLS": "", "start": 83, "end": 101}], "Intervention": [{"term": "PEEP 15 cmH2O", "negation": "affirmed", "UMLS": "", "start": 25, "end": 38}, {"term": "PEEP 5 cmH2O", "negation": "affirmed", "UMLS": "", "start": 62, "end": 74}], "Outcome": [{"term": "FiO2 ratio", "negation": "affirmed", "UMLS": "", "start": 11, "end": 21}]}, "Evidence Propositions": [{"Intervention": ["PEEP 15 cmH2O"], "Observation": "higher", "Outcome": "FiO2 ratio", "Count": ""}, {"Intervention": "PEEP 15 cmH2O", "Observation": "173 [ 139-236 ]", "Outcome": "FiO2 ratio", "Count": ""}, {"Intervention": "PEEP 5 cmH2O", "Observation": "135 [ 89-167", "Outcome": "FiO2 ratio", "Count": ""}]}, {"Section": "RESULTS", "Text": "Neither PaO2 / FiO2 or CRS measured at PEEP 15 cmH2O or at PEEP 5 cmH2O nor changes in PaO2 / FiO2 or CRS in response to PEEP changes allowed to identify highly or poorly recruitable patients .", "Evidence Elements": {"Participant": [{"term": "highly or poorly recruitable", "negation": "affirmed", "UMLS": "", "start": 154, "end": 182}], "Intervention": [{"term": "PEEP 15", "negation": "affirmed", "UMLS": "", "start": 39, "end": 46}, {"term": "PEEP", "negation": "affirmed", "UMLS": "", "start": 39, "end": 43}], "Outcome": [{"term": "FiO2", "negation": "affirmed", "UMLS": "", "start": 15, "end": 19}, {"term": "CRS", "negation": "affirmed", "UMLS": "", "start": 23, "end": 26}, {"term": "changes", "negation": "affirmed", "UMLS": "", "start": 76, "end": 83}, {"term": "FiO2 or CRS", "negation": "affirmed", "UMLS": "", "start": 15, "end": 26}]}, "Evidence Propositions": []}, {"Section": "CONCLUSIONS", "Text": "In this series of 25 patients with SARS-Cov-2 associated ARDS , 64 % were considered as highly recruitable and only 36 % as poorly recruitable based on the R / I ratio performed on the day of intubation .", "Evidence Elements": {"Participant": [{"term": "SARS-Cov-2 associated ARDS", "negation": "affirmed", "UMLS": "", "start": 35, "end": 61}], "Intervention": [{"term": "highly recruitable", "negation": "affirmed", "UMLS": "", "start": 88, "end": 106}, {"term": "poorly recruitable", "negation": "affirmed", "UMLS": "", "start": 124, "end": 142}], "Outcome": []}, "Evidence Propositions": []}, {"Section": "CONCLUSIONS", "Text": "This observation suggests that a systematic R /I ratio assessment may help to guide initial PEEP titration to limit harmful effect of unnecessary high PEEP in the context of Covid-19 crisis .", "Evidence Elements": {"Participant": [{"term": "Covid-19 crisis", "negation": "affirmed", "UMLS": "", "start": 174, "end": 189}], "Intervention": [{"term": "systematic", "negation": "affirmed", "UMLS": "", "start": 33, "end": 43}, {"term": "ratio assessment", "negation": "affirmed", "UMLS": "", "start": 49, "end": 65}], "Outcome": [{"term": "harmful effect", "negation": "affirmed", "UMLS": "", "start": 116, "end": 130}]}, "Evidence Propositions": []}]}