{"doc_id": "32392262", "type of study": "Therapy", "title": "", "abstract": "Coronavirus disease 2019 (COVID-19) is an evolving infectious disease that dramatically spread all over the world in the early part of 2020.\nNo studies have yet summarized the potential severity and mortality risks caused by COVID-19 in patients with chronic obstructive pulmonary disease (COPD), and we update information in smokers.\nWe systematically searched electronic databases from inception to March 24, 2020.\nData were extracted by two independent authors in accordance with the Preferred Reporting Items for Systematic Reviews and Meta-Analyses guidelines.\nStudy quality was assessed using a modified version of the Newcastle-Ottawa Scale.\nWe synthesized a narrative from eligible studies and conducted a meta-analysis using a random-effects model to calculate pooled prevalence rates and 95% confidence intervals (95%CI).\nIn total, 123 abstracts were screened and 61 full-text manuscripts were reviewed.\nA total of 15 studies met the inclusion criteria, which included a total of 2473 confirmed COVID-19 patients.\nAll studies were included in the meta-analysis.\nThe crude case fatality rate of COVID-19 was 7.4%.\nThe pooled prevalence rates of COPD patients and smokers in COVID-19 cases were 2% (95% CI, 1%-3%) and 9% (95% CI, 4%-14%) respectively.\nCOPD patients were at a higher risk of more severe disease (risk of severity = 63%, (22/35) compared to patients without COPD 33.4% (409/1224) [calculated RR, 1.88 (95% CI, 1.4-2.4)].\nThis was associated with higher mortality (60%).\nOur results showed that 22% (31/139) of current smokers and 46% (13/28) of ex-smokers had severe complications.\nThe calculated RR showed that current smokers were 1.45 times more likely [95% CI: 1.03-2.04] to have severe complications compared to former and never smokers.\nCurrent smokers also had a higher mortality rate of 38.5%.\nAlthough COPD prevalence in COVID-19 cases was low in current reports, COVID-19 infection was associated with substantial severity and mortality rates in COPD.\nCompared to former and never smokers, current smokers were at greater risk of severe complications and higher mortality rate.\nEffective preventive measures are required to reduce COVID-19 risk in COPD patients and current smokers.\n", "Evidence Map": {"Enrollment": [{"term": "confirmed COVID-19", "negation": "affirmed", "UMLS": "", "start": 82, "end": 100}, {"term": "COPD", "negation": "affirmed", "UMLS": "", "start": 31, "end": 35}, {"term": "smokers", "negation": "affirmed", "UMLS": "", "start": 49, "end": 56}, {"term": "COPD", "negation": "negated", "UMLS": "", "start": 0, "end": 4}, {"term": "Current smokers", "negation": "affirmed", "UMLS": "", "start": 0, "end": 15}], "Comparison Results": [], "Study Arm 1 Results": [], "Study Arm 2 Results": []}, "Sentence-level breakdown": [{"Section": "TITLE", "Text": "Coronavirus disease 2019 ( COVID-19 ) is an evolving infectious disease that dramatically spread all over the world in the early part of 2020 .", "Evidence Elements": {"Participant": [], "Intervention": [], "Outcome": []}, "Evidence Propositions": []}, {"Section": "METHODS", "Text": "We systematically searched electronic databases from inception to March 24 , 2020 .", "Evidence Elements": {"Participant": [], "Intervention": [], "Outcome": []}, "Evidence Propositions": []}, {"Section": "METHODS", "Text": "Data were extracted by two independent authors in accordance with the Preferred Reporting Items for Systematic Reviews and Meta-Analyses guidelines .", "Evidence Elements": {"Participant": [], "Intervention": [], "Outcome": []}, "Evidence Propositions": []}, {"Section": "METHODS", "Text": "Study quality was assessed using a modified version of the Newcastle-Ottawa Scale .", "Evidence Elements": {"Participant": [], "Intervention": [], "Outcome": [{"term": "Study quality", "negation": "affirmed", "UMLS": "", "start": 0, "end": 13}]}, "Evidence Propositions": []}, {"Section": "METHODS", "Text": "We synthesized a narrative from eligible studies and conducted a meta-analysis using a random-effects model to calculate pooled prevalence rates and 95 % confidence intervals ( 95 % CI ) .", "Evidence Elements": {"Participant": [], "Intervention": [], "Outcome": [{"term": "prevalence rates", "negation": "affirmed", "UMLS": "", "start": 128, "end": 144}]}, "Evidence Propositions": []}, {"Section": "RESULTS", "Text": "In total , 123 abstracts were screened and 61 full-text manuscripts were reviewed .", "Evidence Elements": {"Participant": [], "Intervention": [], "Outcome": []}, "Evidence Propositions": []}, {"Section": "RESULTS", "Text": "A total of 15 studies met the inclusion criteria , which included a total of 2473 confirmed COVID-19 patients .", "Evidence Elements": {"Participant": [{"term": "confirmed COVID-19", "negation": "affirmed", "UMLS": "", "start": 82, "end": 100}], "Intervention": [], "Outcome": []}, "Evidence Propositions": []}, {"Section": "RESULTS", "Text": "All studies were included in the meta-analysis .", "Evidence Elements": {"Participant": [], "Intervention": [], "Outcome": []}, "Evidence Propositions": []}, {"Section": "RESULTS", "Text": "The crude case fatality rate of COVID-19 was 7.4 % .", "Evidence Elements": {"Participant": [], "Intervention": [], "Outcome": [{"term": "crude case fatality rate", "negation": "affirmed", "UMLS": "", "start": 4, "end": 28}, {"term": "COVID-19", "negation": "affirmed", "UMLS": "", "start": 32, "end": 40}]}, "Evidence Propositions": []}, {"Section": "RESULTS", "Text": "The pooled prevalence rates of COPD patients and smokers in COVID-19 cases were 2 % ( 95 % CI , 1 %-3 % ) and 9 % ( 95 % CI , 4 %-14 % ) respectively .", "Evidence Elements": {"Participant": [{"term": "COPD", "negation": "affirmed", "UMLS": "", "start": 31, "end": 35}, {"term": "smokers", "negation": "affirmed", "UMLS": "", "start": 49, "end": 56}], "Intervention": [], "Outcome": [{"term": "pooled", "negation": "affirmed", "UMLS": "", "start": 4, "end": 10}, {"term": "prevalence rates", "negation": "affirmed", "UMLS": "", "start": 11, "end": 27}, {"term": "COVID-19", "negation": "affirmed", "UMLS": "", "start": 60, "end": 68}]}, "Evidence Propositions": []}, {"Section": "RESULTS", "Text": "COPD patients were at a higher risk of more severe disease ( risk of severity = 63 % , ( 22 / 35 ) compared to patients without COPD 33.4 % ( 409 / 1224 ) [ calculated RR , 1.88 ( 95 % CI , 1.4-2.4 ) ] .", "Evidence Elements": {"Participant": [{"term": "COPD", "negation": "negated", "UMLS": "", "start": 0, "end": 4}], "Intervention": [{"term": "without COPD", "negation": "affirmed", "UMLS": "", "start": 120, "end": 132}], "Outcome": [{"term": "risk of more severe disease", "negation": "affirmed", "UMLS": "", "start": 31, "end": 58}, {"term": "risk of severity", "negation": "affirmed", "UMLS": "", "start": 61, "end": 77}]}, "Evidence Propositions": [{"Intervention": [], "Observation": "higher", "Outcome": "", "Count": ""}]}, {"Section": "RESULTS", "Text": "This was associated with higher mortality ( 60 % ) .", "Evidence Elements": {"Participant": [], "Intervention": [], "Outcome": [{"term": "mortality", "negation": "affirmed", "UMLS": "", "start": 32, "end": 41}]}, "Evidence Propositions": []}, {"Section": "RESULTS", "Text": "Our results showed that 22 % ( 31 / 139 ) of current smokers and 46 % ( 13 / 28 ) of ex-smokers had severe complications .", "Evidence Elements": {"Participant": [], "Intervention": [{"term": "current smokers", "negation": "affirmed", "UMLS": "", "start": 45, "end": 60}], "Outcome": []}, "Evidence Propositions": []}, {"Section": "RESULTS", "Text": "The calculated RR showed that current smokers were 1.45 times more likely [ 95 % CI : 1.03-2.04 ] to have severe complications compared to former and never smokers .", "Evidence Elements": {"Participant": [], "Intervention": [{"term": "current smokers", "negation": "affirmed", "UMLS": "", "start": 30, "end": 45}], "Outcome": [{"term": "RR", "negation": "affirmed", "UMLS": "", "start": 15, "end": 17}, {"term": "severe complications", "negation": "affirmed", "UMLS": "", "start": 106, "end": 126}]}, "Evidence Propositions": [{"Intervention": ["current smokers"], "Observation": "1.45 times more likely", "Outcome": "RR", "Count": ""}, {"Intervention": ["current smokers"], "Observation": "1.45 times more likely", "Outcome": "severe complications", "Count": ""}]}, {"Section": "RESULTS", "Text": "Current smokers also had a higher mortality rate of 38.5 % .", "Evidence Elements": {"Participant": [{"term": "Current smokers", "negation": "affirmed", "UMLS": "", "start": 0, "end": 15}], "Intervention": [], "Outcome": [{"term": "mortality rate", "negation": "affirmed", "UMLS": "", "start": 34, "end": 48}]}, "Evidence Propositions": []}, {"Section": "CONCLUSIONS", "Text": "Although COPD prevalence in COVID-19 cases was low in current reports , COVID-19 infection was associated with substantial severity and mortality rates in COPD .", "Evidence Elements": {"Participant": [], "Intervention": [], "Outcome": [{"term": "severity and mortality rates", "negation": "affirmed", "UMLS": "", "start": 123, "end": 151}]}, "Evidence Propositions": []}, {"Section": "CONCLUSIONS", "Text": "Compared to former and never smokers , current smokers were at greater risk of severe complications and higher mortality rate .", "Evidence Elements": {"Participant": [], "Intervention": [{"term": "former and never smokers", "negation": "affirmed", "UMLS": "", "start": 12, "end": 36}, {"term": "current smokers", "negation": "affirmed", "UMLS": "", "start": 39, "end": 54}], "Outcome": [{"term": "risk of severe complications", "negation": "affirmed", "UMLS": "", "start": 71, "end": 99}, {"term": "mortality", "negation": "affirmed", "UMLS": "", "start": 111, "end": 120}]}, "Evidence Propositions": []}, {"Section": "CONCLUSIONS", "Text": "Effective preventive measures are required to reduce COVID-19 risk in COPD patients and current smokers .", "Evidence Elements": {"Participant": [], "Intervention": [], "Outcome": []}, "Evidence Propositions": []}]}