{"doc_id": "32399563", "type of study": "Therapy", "title": "", "abstract": "Smoking depresses pulmonary immune function and is a risk factor contracting other infectious diseases and more serious outcomes among people who become infected.\nThis paper presents a meta-analysis of the association between smoking and progression of the infectious disease COVID-19.\nPubMed was searched on April 28, 2020, with search terms \"smoking\", \"smoker*\", \"characteristics\", \"risk factors\", \"outcomes\", and \"COVID-19\", \"COVID\", \"coronavirus\", \"sar cov-2\", \"sar cov 2\".\nStudies reporting smoking behavior of COVID-19 patients and progression of disease were selected for the final analysis.\nThe study outcome was progression of COVID-19 among people who already had the disease.\nA random effects meta-analysis was applied.\nWe identified 19 peer-reviewed papers with a total of 11,590 COVID-19 patients, 2,133 (18.4%) with severe disease and 731 (6.3%) with a history of smoking.\nA total of 218 patients with a history of smoking (29.8%) experienced disease progression, compared with 17.6% of non-smoking patients.\nThe meta-analysis showed a significant association between smoking and progression of COVID-19 (OR 1.91, 95% confidence interval [CI] 1.42-2.59, p = 0.001).\nLimitations in the 19 papers suggest that the actual risk of smoking may be higher.\nSmoking is a risk factor for progression of COVID-19, with smokers having higher odds of COVID-19 progression than never smokers.\nPhysicians and public health professionals should collect data on smoking as part of clinical management and add smoking cessation to the list of practices to blunt the COVID-19 pandemic.\n", "Evidence Map": {"Enrollment": [{"term": "smoking behavior", "negation": "affirmed", "UMLS": "", "start": 18, "end": 34}, {"term": "COVID-19", "negation": "affirmed", "UMLS": "", "start": 38, "end": 46}, {"term": "progression of disease", "negation": "affirmed", "UMLS": "", "start": 60, "end": 82}, {"term": "severe disease", "negation": "affirmed", "UMLS": "", "start": 103, "end": 117}, {"term": "history of smoking", "negation": "affirmed", "UMLS": "", "start": 31, "end": 49}], "Comparison Results": [], "Study Arm 1 Results": [], "Study Arm 2 Results": []}, "Sentence-level breakdown": [{"Section": "TITLE", "Text": "Smoking depresses pulmonary immune function and is a risk factor contracting other infectious diseases and more serious outcomes among people who become infected .", "Evidence Elements": {"Participant": [], "Intervention": [], "Outcome": []}, "Evidence Propositions": []}, {"Section": "OBJECTIVE", "Text": "This paper presents a meta-analysis of the association between smoking and progression of the infectious disease COVID-19 .", "Evidence Elements": {"Participant": [], "Intervention": [{"term": "smoking", "negation": "affirmed", "UMLS": "", "start": 63, "end": 70}], "Outcome": [{"term": "progression of the infectious disease COVID-19", "negation": "affirmed", "UMLS": "", "start": 75, "end": 121}]}, "Evidence Propositions": [{"Intervention": "smoking", "Observation": "association", "Outcome": "progression of the infectious disease COVID-19", "Count": ""}]}, {"Section": "METHODS", "Text": "PubMed was searched on April 28 , 2020 , with search terms \" smoking \" , \" smoker * \" , \" characteristics \" , \" risk factors \" , \" outcomes \" , and \" COVID-19 \" , \" COVID \" , \" coronavirus \" , \" sar cov-2 \" , \" sar cov 2 \" .", "Evidence Elements": {"Participant": [], "Intervention": [], "Outcome": []}, "Evidence Propositions": []}, {"Section": "METHODS", "Text": "Studies reporting smoking behavior of COVID-19 patients and progression of disease were selected for the final analysis .", "Evidence Elements": {"Participant": [{"term": "smoking behavior", "negation": "affirmed", "UMLS": "", "start": 18, "end": 34}, {"term": "COVID-19", "negation": "affirmed", "UMLS": "", "start": 38, "end": 46}, {"term": "progression of disease", "negation": "affirmed", "UMLS": "", "start": 60, "end": 82}], "Intervention": [], "Outcome": []}, "Evidence Propositions": []}, {"Section": "METHODS", "Text": "The study outcome was progression of COVID-19 among people who already had the disease .", "Evidence Elements": {"Participant": [], "Intervention": [], "Outcome": [{"term": "progression of COVID-19", "negation": "affirmed", "UMLS": "", "start": 22, "end": 45}]}, "Evidence Propositions": []}, {"Section": "METHODS", "Text": "A random effects meta-analysis was applied .", "Evidence Elements": {"Participant": [], "Intervention": [], "Outcome": []}, "Evidence Propositions": []}, {"Section": "RESULTS", "Text": "We identified 19 peer-reviewed papers with a total of 11,590 COVID-19 patients , 2,133 ( 18.4 % ) with severe disease and 731 ( 6.3 % ) with a history of smoking .", "Evidence Elements": {"Participant": [{"term": "severe disease", "negation": "affirmed", "UMLS": "", "start": 103, "end": 117}], "Intervention": [], "Outcome": []}, "Evidence Propositions": []}, {"Section": "RESULTS", "Text": "A total of 218 patients with a history of smoking ( 29.8 % ) experienced disease progression , compared with 17.6 % of non-smoking patients .", "Evidence Elements": {"Participant": [{"term": "history of smoking", "negation": "affirmed", "UMLS": "", "start": 31, "end": 49}], "Intervention": [], "Outcome": [{"term": "disease progression", "negation": "affirmed", "UMLS": "", "start": 73, "end": 92}]}, "Evidence Propositions": []}, {"Section": "RESULTS", "Text": "The meta-analysis showed a significant association between smoking and progression of COVID-19 ( OR 1.91 , 95 % confidence interval [ CI ] 1.42-2.59 , p=0.001 ) .", "Evidence Elements": {"Participant": [], "Intervention": [{"term": "smoking", "negation": "affirmed", "UMLS": "", "start": 59, "end": 66}], "Outcome": [{"term": "progression of COVID-19", "negation": "affirmed", "UMLS": "", "start": 71, "end": 94}]}, "Evidence Propositions": [{"Intervention": "smoking", "Observation": "significant association", "Outcome": "progression of COVID-19", "Count": ""}]}, {"Section": "RESULTS", "Text": "Limitations in the 19 papers suggest that the actual risk of smoking may be higher .", "Evidence Elements": {"Participant": [], "Intervention": [], "Outcome": [{"term": "actual risk of smoking", "negation": "affirmed", "UMLS": "", "start": 46, "end": 68}]}, "Evidence Propositions": [{"Intervention": [], "Observation": "higher", "Outcome": "actual risk of smoking", "Count": ""}]}, {"Section": "CONCLUSIONS", "Text": "Smoking is a risk factor for progression of COVID-19 , with smokers having higher odds of COVID-19 progression than never smokers .", "Evidence Elements": {"Participant": [], "Intervention": [{"term": "Smoking", "negation": "affirmed", "UMLS": "", "start": 0, "end": 7}, {"term": "smokers", "negation": "affirmed", "UMLS": "", "start": 60, "end": 67}, {"term": "never", "negation": "affirmed", "UMLS": "", "start": 116, "end": 121}], "Outcome": [{"term": "progression of COVID-19", "negation": "affirmed", "UMLS": "", "start": 29, "end": 52}, {"term": "odds of COVID-19 progression", "negation": "affirmed", "UMLS": "", "start": 82, "end": 110}]}, "Evidence Propositions": [{"Intervention": "Smoking", "Observation": "risk factor", "Outcome": "progression of COVID-19", "Count": ""}, {"Intervention": [], "Observation": "higher", "Outcome": "", "Count": ""}]}, {"Section": "CONCLUSIONS", "Text": "Physicians and public health professionals should collect data on smoking as part of clinical management and add smoking cessation to the list of practices to blunt the COVID-19 pandemic .", "Evidence Elements": {"Participant": [], "Intervention": [], "Outcome": []}, "Evidence Propositions": []}]}