{"doc_id": "32399094", "type of study": "Therapy", "title": "", "abstract": "No proven drug and no immunisation are yet available for COVID-19 disease.\nThe SARS-CoV-2 main protease (Mpro), a key coronavirus enzyme, which is a potential drug target, has been successfully crystallised.\nThere is evidence suggesting that statins exert anti-viral activity and may block the infectivity of enveloped viruses.\nThe aim of this study was to assess whether statins are potential COVID-19 Mpro inhibitors, using a molecular docking study.\nMolecular docking was performed using AutoDock/Vina, a computational docking program.\nSARS-CoV-2 Mpro was docked with all statins, while antiviral and antiretroviral drugs - favipiravir, nelfinavir, and lopinavir - were used as standards for comparison.\nThe binding energies obtained from the docking of 6LU7 with native ligand favipiravir, nelfinavir, lopinavir, simvastatin, rosuvastatin, pravastatin, pitavastatin, lovastatin, fluvastatin, and atorvastatin were -6.8, -5.8, -7.9, -7.9, -7.0, -7.7, -6.6, -8.2, -7.4, -7.7, and -6.8 kcal/mol, respectively.\nThe number of hydrogen bonds between statins and amino acid residues of Mpro were 7, 4, and 3 for rosuvastatin, pravastatin, and atorvastatin, respectively, while other statins had two hydrogen bonds.\nThese results indicate, based upon the binding energy of pitavastatin, rosuvastatin, lovastatin, and fluvastatin, that statins could be efficient SARS-CoV-2 Mpro inhibitors.\nThis is supported by the fact that the effects of some statins, especially pitavastatin, have a binding energy that is even greater than that of protease or polymerase inhibitors.\nHowever, further research is necessary to investigate their potential use as drugs for COVID-19.\n", "Evidence Map": {"Enrollment": [], "Comparison Results": [], "Study Arm 1 Results": [], "Study Arm 2 Results": []}, "Sentence-level breakdown": [{"Section": "TITLE", "Text": "No proven drug and no immunisation are yet available for COVID-19 disease .", "Evidence Elements": {"Participant": [], "Intervention": [], "Outcome": []}, "Evidence Propositions": []}, {"Section": "OBJECTIVE", "Text": "The aim of this study was to assess whether statins are potential COVID-19 Mpro inhibitors , using a molecular docking study .", "Evidence Elements": {"Participant": [], "Intervention": [{"term": "statins", "negation": "affirmed", "UMLS": "", "start": 44, "end": 51}], "Outcome": [{"term": "COVID-19 Mpro inhibitors", "negation": "affirmed", "UMLS": "", "start": 66, "end": 90}]}, "Evidence Propositions": []}, {"Section": "METHODS", "Text": "Molecular docking was performed using AutoDock / Vina , a computational docking program .", "Evidence Elements": {"Participant": [], "Intervention": [], "Outcome": [{"term": "docking", "negation": "affirmed", "UMLS": "", "start": 10, "end": 17}]}, "Evidence Propositions": []}, {"Section": "METHODS", "Text": "SARS-CoV-2 Mpro was docked with all statins , while antiviral and antiretroviral drugs - favipiravir , nelfinavir , and lopinavir- were used as standards for comparison .", "Evidence Elements": {"Participant": [], "Intervention": [{"term": "favipiravir", "negation": "affirmed", "UMLS": "", "start": 89, "end": 100}, {"term": "nelfinavir", "negation": "affirmed", "UMLS": "", "start": 103, "end": 113}, {"term": "lopinavir-", "negation": "affirmed", "UMLS": "", "start": 120, "end": 130}], "Outcome": [{"term": "SARS-CoV-2 Mpro", "negation": "affirmed", "UMLS": "", "start": 0, "end": 15}]}, "Evidence Propositions": []}, {"Section": "RESULTS", "Text": "The binding energies obtained from the docking of 6LU7 with native ligand favipiravir , nelfinavir , lopinavir , simvastatin , rosuvastatin , pravastatin , pitavastatin , lovastatin , fluvastatin , and atorvastatin were -6.8 , -5.8 , -7.9 , -7.9 , -7.0 , -7.7 , -6.6 , -8.2 , -7.4 , -7.7 , and -", "Evidence Elements": {"Participant": [], "Intervention": [{"term": "6LU7", "negation": "affirmed", "UMLS": "", "start": 50, "end": 54}, {"term": "nelfinavir", "negation": "affirmed", "UMLS": "", "start": 88, "end": 98}, {"term": "lopinavir", "negation": "affirmed", "UMLS": "", "start": 101, "end": 110}, {"term": "simvastatin", "negation": "affirmed", "UMLS": "", "start": 113, "end": 124}, {"term": "rosuvastatin", "negation": "affirmed", "UMLS": "", "start": 127, "end": 139}, {"term": "pravastatin", "negation": "affirmed", "UMLS": "", "start": 142, "end": 153}, {"term": "pitavastatin", "negation": "affirmed", "UMLS": "", "start": 156, "end": 168}, {"term": "lovastatin", "negation": "affirmed", "UMLS": "", "start": 171, "end": 181}, {"term": "fluvastatin", "negation": "affirmed", "UMLS": "", "start": 184, "end": 195}, {"term": "atorvastatin", "negation": "affirmed", "UMLS": "", "start": 202, "end": 214}], "Outcome": [{"term": "binding energies", "negation": "affirmed", "UMLS": "", "start": 4, "end": 20}]}, "Evidence Propositions": [{"Intervention": "6LU7", "Observation": "-6.8", "Outcome": "binding energies", "Count": ""}, {"Intervention": "rosuvastatin", "Observation": "-6.8", "Outcome": "binding energies", "Count": ""}, {"Intervention": "atorvastatin", "Observation": "-6.8", "Outcome": "binding energies", "Count": ""}, {"Intervention": "6LU7", "Observation": "-5.8", "Outcome": "binding energies", "Count": ""}, {"Intervention": "atorvastatin", "Observation": "-5.8", "Outcome": "binding energies", "Count": ""}, {"Intervention": "6LU7", "Observation": "-7.9", "Outcome": "binding energies", "Count": ""}, {"Intervention": "atorvastatin", "Observation": "-7.9", "Outcome": "binding energies", "Count": ""}, {"Intervention": "6LU7", "Observation": "-7.9", "Outcome": "binding energies", "Count": ""}, {"Intervention": "atorvastatin", "Observation": "-7.9", "Outcome": "binding energies", "Count": ""}]}, {"Section": "RESULTS", "Text": "The number of hydrogen bonds between statins and amino acid residues of Mpro were 7 , 4 , and 3 for rosuvastatin , pravastatin , and atorvastatin , respectively , while other statins had two hydrogen bonds .", "Evidence Elements": {"Participant": [], "Intervention": [{"term": "statins and amino acid residues of Mpro", "negation": "affirmed", "UMLS": "", "start": 37, "end": 76}, {"term": "rosuvastatin", "negation": "affirmed", "UMLS": "", "start": 100, "end": 112}, {"term": "pravastatin", "negation": "affirmed", "UMLS": "", "start": 115, "end": 126}, {"term": "atorvastatin", "negation": "affirmed", "UMLS": "", "start": 133, "end": 145}], "Outcome": [{"term": "number of hydrogen bonds", "negation": "affirmed", "UMLS": "", "start": 4, "end": 28}]}, "Evidence Propositions": [{"Intervention": "statins and amino acid residues of Mpro", "Observation": "7", "Outcome": "number of hydrogen bonds", "Count": ""}, {"Intervention": "rosuvastatin", "Observation": "7", "Outcome": "number of hydrogen bonds", "Count": ""}, {"Intervention": "statins and amino acid residues of Mpro", "Observation": "4", "Outcome": "number of hydrogen bonds", "Count": ""}, {"Intervention": "pravastatin", "Observation": "4", "Outcome": "number of hydrogen bonds", "Count": ""}, {"Intervention": "statins and amino acid residues of Mpro", "Observation": "3", "Outcome": "number of hydrogen bonds", "Count": ""}, {"Intervention": "atorvastatin", "Observation": "3", "Outcome": "number of hydrogen bonds", "Count": ""}]}, {"Section": "CONCLUSIONS", "Text": "These results indicate , based upon the binding energy of pitavastatin , rosuvastatin , lovastatin , and fluvastatin , that statins could be efficient SARS-CoV-2 Mpro inhibitors .", "Evidence Elements": {"Participant": [], "Intervention": [{"term": "pitavastatin", "negation": "affirmed", "UMLS": "", "start": 58, "end": 70}, {"term": "rosuvastatin", "negation": "affirmed", "UMLS": "", "start": 73, "end": 85}, {"term": "lovastatin", "negation": "affirmed", "UMLS": "", "start": 88, "end": 98}, {"term": "fluvastatin", "negation": "affirmed", "UMLS": "", "start": 105, "end": 116}, {"term": "statins", "negation": "affirmed", "UMLS": "", "start": 124, "end": 131}], "Outcome": [{"term": "binding energy", "negation": "affirmed", "UMLS": "", "start": 40, "end": 54}]}, "Evidence Propositions": []}, {"Section": "CONCLUSIONS", "Text": "This is supported by the fact that the effects of some statins , especially pitavastatin , have a binding energy that is even greater than that of protease or polymerase inhibitors .", "Evidence Elements": {"Participant": [], "Intervention": [], "Outcome": []}, "Evidence Propositions": []}, {"Section": "CONCLUSIONS", "Text": "However , further research is necessary to investigate their potential use as drugs for COVID-19 .", "Evidence Elements": {"Participant": [], "Intervention": [], "Outcome": []}, "Evidence Propositions": []}]}