{"doc_id": "32395098", "type of study": "Therapy", "title": "", "abstract": "Vulnerability of respiratory mucosa to invasions of airborne pathogens, such as SARS-CoV, MERS-CoV and avian viruses which sometimes cause a life-threatening epidemic and even pandemic, underscores significance of developing a pulmonary vaccine adjuvant-delivery system (VADS).\nHerein, 30-nm aluminum nanoparticles (ANs), unlike the mostly used adjuvant alum which is unsuitable for delivering pulmonary vaccines due to side effects, proved able to act as a VADS fitting inhalation immunization to elicit wide-spread anti-antigen immunity.\nIn vitro ANs facilitated cellular uptake of their cargos and, after pulmonary vaccination, induced mouse production of high levels of anti-antigen IgG in serum and IgA in saliva, nasal, bronchoalveolar and also vaginal fluids.\nBesides, IFN-gamma and anti-antigen IgG2a enriched in immunized mice which meanwhile showed no obvious lung inflammation indicated balanced Th1/Th2 responses were safely induced.\nThese outcomes suggest ANs may be an efficient pulmonary VADS for defending against pathogens, especially, the ones invading hosts via respiratory system.\nAluminum nanoparticles can safely induce humoral and cellular immunity at systemic and mucosal level through pulmonary vaccination to contrast the conventional adjuvant alum.\n", "Evidence Map": {"Enrollment": [{"term": "pulmonary vaccination", "negation": "affirmed", "UMLS": "", "start": 69, "end": 90}, {"term": "immunized", "negation": "affirmed", "UMLS": "", "start": 55, "end": 64}, {"term": "pulmonary vaccination", "negation": "affirmed", "UMLS": "", "start": 109, "end": 130}], "Comparison Results": [], "Study Arm 1 Results": [], "Study Arm 2 Results": []}, "Sentence-level breakdown": [{"Section": "TITLE", "Text": "Vulnerability of respiratory mucosa to invasions of airborne pathogens , such as SARS-CoV , MERS-CoV and avian viruses which sometimes cause a life-threatening epidemic and even pandemic , underscores significance of developing a pulmonary vaccine adjuvant-delivery system ( VADS ) .", "Evidence Elements": {"Participant": [], "Intervention": [], "Outcome": []}, "Evidence Propositions": []}, {"Section": "RESULTS", "Text": "Herein , 30-nm aluminum nanoparticles ( ANs ) , unlike the mostly used adjuvant alum which is unsuitable for delivering pulmonary vaccines due to side effects , proved able to act as a VADS fitting inhalation immunization to elicit wide-spread anti-antigen immunity .", "Evidence Elements": {"Participant": [], "Intervention": [{"term": "30-nm aluminum nanoparticles ( ANs )", "negation": "affirmed", "UMLS": "", "start": 9, "end": 45}], "Outcome": []}, "Evidence Propositions": []}, {"Section": "RESULTS", "Text": "In vitro ANs facilitated cellular uptake of their cargos and , after pulmonary vaccination , induced mouse production of high levels of anti-antigen IgG in serum and IgA in saliva , nasal , bronchoalveolar and also vaginal fluids .", "Evidence Elements": {"Participant": [{"term": "pulmonary vaccination", "negation": "affirmed", "UMLS": "", "start": 69, "end": 90}], "Intervention": [{"term": "ANs", "negation": "affirmed", "UMLS": "", "start": 9, "end": 12}], "Outcome": [{"term": "cellular uptake of their cargos", "negation": "affirmed", "UMLS": "", "start": 25, "end": 56}, {"term": "mouse", "negation": "affirmed", "UMLS": "", "start": 101, "end": 106}, {"term": "production", "negation": "affirmed", "UMLS": "", "start": 107, "end": 117}, {"term": "high levels of anti-antigen IgG", "negation": "affirmed", "UMLS": "", "start": 121, "end": 152}, {"term": "IgA", "negation": "affirmed", "UMLS": "", "start": 166, "end": 169}]}, "Evidence Propositions": []}, {"Section": "RESULTS", "Text": "Besides , IFN-gamma and anti-antigen IgG2a enriched in immunized mice which meanwhile showed no obvious lung inflammation indicated balanced Th1 / Th2 responses were safely induced .", "Evidence Elements": {"Participant": [{"term": "immunized", "negation": "affirmed", "UMLS": "", "start": 55, "end": 64}], "Intervention": [], "Outcome": [{"term": "IFN-gamma", "negation": "affirmed", "UMLS": "", "start": 10, "end": 19}, {"term": "anti-antigen IgG2a", "negation": "affirmed", "UMLS": "", "start": 24, "end": 42}, {"term": "lung inflammation", "negation": "negated", "UMLS": "", "start": 104, "end": 121}, {"term": "Th2 responses", "negation": "negated", "UMLS": "", "start": 147, "end": 160}]}, "Evidence Propositions": []}, {"Section": "RESULTS", "Text": "These outcomes suggest ANs may be an efficient pulmonary VADS for defending against pathogens , especially , the ones invading hosts via respiratory system .", "Evidence Elements": {"Participant": [], "Intervention": [{"term": "ANs", "negation": "affirmed", "UMLS": "", "start": 23, "end": 26}], "Outcome": [{"term": "defending against pathogens", "negation": "affirmed", "UMLS": "", "start": 66, "end": 93}]}, "Evidence Propositions": [{"Intervention": "ANs", "Observation": "efficient", "Outcome": "defending against pathogens", "Count": ""}]}, {"Section": "CONCLUSIONS", "Text": "Aluminum nanoparticles can safely induce humoral and cellular immunity at systemic and mucosal level through pulmonary vaccination to contrast the conventional adjuvant alum .", "Evidence Elements": {"Participant": [{"term": "pulmonary vaccination", "negation": "affirmed", "UMLS": "", "start": 109, "end": 130}], "Intervention": [{"term": "Aluminum nanoparticles", "negation": "affirmed", "UMLS": "", "start": 0, "end": 22}, {"term": "conventional adjuvant alum", "negation": "affirmed", "UMLS": "", "start": 147, "end": 173}], "Outcome": [{"term": "humoral and cellular immunity", "negation": "affirmed", "UMLS": "", "start": 41, "end": 70}]}, "Evidence Propositions": [{"Intervention": "Aluminum nanoparticles", "Observation": "safely", "Outcome": "humoral and cellular immunity", "Count": ""}, {"Intervention": "conventional adjuvant alum", "Observation": "safely", "Outcome": "humoral and cellular immunity", "Count": ""}]}]}