{"doc_id": "32391669", "type of study": "Therapy", "title": "", "abstract": "OBJECTIVE: To observe the clinical effect of plasma exchange and tocilizumab in treatment of patients with severe coronavirus disease 2019 (COVID-19).\nSix patients with severe COVID-19 admitted in First Affiliated Hospital of Bengbu Medical College from January 25 to February 25, 2020.\nThree patients were treated with plasma exchange and three patients were treated with tocilizumab.\nThe effect on excessive inflammatory reaction of plasma exchange and tocilizumab was observed.\nThe C-reactive protein (CRP) and IL-6 levels were significantly decreased and the lymphocyte and prothrombin time were improved in 3 patients after treatment with plasma exchange; while inflammation level was not significantly decreased, and lymphocyte and prothrombin time did not improve in 3 patients treated with tocilizumab.\nFor severe COVID-19 patients with strong inflammatory reaction, plasma exchange may be preferred.\n", "Evidence Map": {"Enrollment": [{"term": "severe coronavirus disease 2019", "negation": "affirmed", "UMLS": "", "start": 108, "end": 139}, {"term": "severe COVID-19", "negation": "affirmed", "UMLS": "", "start": 18, "end": 33}], "Comparison Results": [], "Study Arm 1 Results": [], "Study Arm 2 Results": []}, "Sentence-level breakdown": [{"Section": "TITLE", "Text": "OBJECTIVE : To observe the clinical effect of plasma exchange and tocilizumab in treatment of patients with severe coronavirus disease 2019 ( COVID-19 ) .", "Evidence Elements": {"Participant": [{"term": "severe coronavirus disease 2019", "negation": "affirmed", "UMLS": "", "start": 108, "end": 139}], "Intervention": [{"term": "plasma exchange", "negation": "affirmed", "UMLS": "", "start": 46, "end": 61}, {"term": "tocilizumab", "negation": "affirmed", "UMLS": "", "start": 66, "end": 77}], "Outcome": [{"term": "effect", "negation": "affirmed", "UMLS": "", "start": 36, "end": 42}]}, "Evidence Propositions": []}, {"Section": "METHODS", "Text": "Six patients with severe COVID-19 admitted in First Affiliated Hospital of Bengbu Medical College from January 25 to February 25 , 2020 .", "Evidence Elements": {"Participant": [{"term": "severe COVID-19", "negation": "affirmed", "UMLS": "", "start": 18, "end": 33}], "Intervention": [], "Outcome": []}, "Evidence Propositions": []}, {"Section": "METHODS", "Text": "Three patients were treated with plasma exchange and three patients were treated with tocilizumab .", "Evidence Elements": {"Participant": [], "Intervention": [{"term": "plasma exchange", "negation": "affirmed", "UMLS": "", "start": 33, "end": 48}, {"term": "tocilizumab", "negation": "affirmed", "UMLS": "", "start": 86, "end": 97}], "Outcome": []}, "Evidence Propositions": []}, {"Section": "RESULTS", "Text": "The effect on excessive inflammatory reaction of plasma exchange and tocilizumab was observed .", "Evidence Elements": {"Participant": [], "Intervention": [{"term": "plasma exchange", "negation": "affirmed", "UMLS": "", "start": 49, "end": 64}, {"term": "tocilizumab", "negation": "affirmed", "UMLS": "", "start": 69, "end": 80}], "Outcome": [{"term": "excessive inflammatory reaction", "negation": "affirmed", "UMLS": "", "start": 14, "end": 45}]}, "Evidence Propositions": []}, {"Section": "RESULTS", "Text": "The C-reactive protein ( CRP ) and IL-6 levels were significantly decreased and the lymphocyte and prothrombin time were improved in 3 patients after treatment with plasma exchange ; while inflammation level was not significantly decreased , and lymphocyte and prothrombin time did not improve in 3 patients treated with tocilizumab .", "Evidence Elements": {"Participant": [], "Intervention": [{"term": "plasma exchange", "negation": "affirmed", "UMLS": "", "start": 165, "end": 180}], "Outcome": [{"term": "C-reactive protein ( CRP )", "negation": "affirmed", "UMLS": "", "start": 4, "end": 30}, {"term": "IL-6 levels", "negation": "affirmed", "UMLS": "", "start": 35, "end": 46}, {"term": "lymphocyte and prothrombin time", "negation": "negated", "UMLS": "", "start": 84, "end": 115}, {"term": "inflammation level", "negation": "affirmed", "UMLS": "", "start": 189, "end": 207}, {"term": "lymphocyte and prothrombin time", "negation": "negated", "UMLS": "", "start": 84, "end": 115}]}, "Evidence Propositions": [{"Intervention": "plasma exchange", "Observation": "significantly decreased", "Outcome": "C-reactive protein ( CRP )", "Count": ""}, {"Intervention": "plasma exchange", "Observation": "significantly decreased", "Outcome": "IL-6 levels", "Count": ""}, {"Intervention": "plasma exchange", "Observation": "improved", "Outcome": "lymphocyte and prothrombin time", "Count": ""}, {"Intervention": "plasma exchange", "Observation": "", "Count": "3 patients", "Outcome": "lymphocyte and prothrombin time"}]}, {"Section": "CONCLUSIONS", "Text": "For severe COVID-19 patients with strong inflammatory reaction , plasma exchange may be preferred .", "Evidence Elements": {"Participant": [], "Intervention": [], "Outcome": []}, "Evidence Propositions": []}]}