{"doc_id": "32394236", "type of study": "Therapy", "title": "", "abstract": "Critically ill patients with COVID-19 pneumonia suffered both high thrombotic and bleeding risk.\nThe effect of SARS-CoV-2 on coagulation and fibrinolysis is not well known.\nWe conducted a retrospective study of critically ill patients admitted to an intensive care unit (ICU) a cause of severe COVID-19 pneumonia and we evaluated coagulation function using rotational thromboelastometry (ROTEM) on day of admission (T0) and 5 (T5) and 10 (T10) days after admission to ICU.\nCoagulation standard parameters were also evaluated.\nForty patients were enrolled into the study.\nThe ICU and the hospital mortality were 10% and 12.5%, respectively.\nOn ICU admission, prothrombin time was slightly reduced and it increased significantly at T10 (T0 = 65.1 +- 9.8 vs T10 = 85.7 +- 1.5, p = 0.002), while activated partial thromboplastin time and fibrinogen values were higher at T0 than T10 (32.2 +- 2.9 vs 27.2 +- 2.1, p = 0.017 and 895.1 +- 110 vs 332.5 +- 50, p = 0.002, respectively); moreover, whole blood thromboelastometry profiles were consistent with hypercoagulability characterized by an acceleration of the propagation phase of blood clot formation [i.e., CFT below the lower limit in INTEM 16/40 patients (40%) and EXTEM 20/40 patients (50%)] and significant higher clot strength [MCF above the upper limit in INTEM 20/40 patients (50%), in EXTEM 28/40 patients (70%) and in FIBTEM 29/40 patients (72.5%)]; however, this hypercoagulable state persists in the first five days, but it decreases ten day after, without returning to normal values.\nNo sign of secondary hyperfibrinolysis or sepsis induced coagulopathy (SIC) were found during the study period.\nIn six patients (15%) a deep vein thrombosis and in 2 patients (5%) a thromboembolic event, were found; 12 patients (30%) had a catheter-related thrombosis.\nROTEM analysis confirms that patients with severe COVID-19 pneumonia had a hypercoagulation state that persisted over time.\n", "Evidence Map": {"Enrollment": [{"term": "Critically ill patients with COVID-19 pneumonia", "negation": "affirmed", "UMLS": "", "start": 0, "end": 47}, {"term": "critically ill patients admitted to an intensive care unit ( ICU )", "negation": "affirmed", "UMLS": "", "start": 38, "end": 104}, {"term": "severe COVID-19 pneumonia", "negation": "affirmed", "UMLS": "", "start": 116, "end": 141}, {"term": "severe COVID-19 pneumonia", "negation": "affirmed", "UMLS": "", "start": 43, "end": 68}], "Comparison Results": [], "Study Arm 1 Results": [], "Study Arm 2 Results": []}, "Sentence-level breakdown": [{"Section": "TITLE", "Text": "Critically ill patients with COVID-19 pneumonia suffered both high thrombotic and bleeding risk .", "Evidence Elements": {"Participant": [{"term": "Critically ill patients with COVID-19 pneumonia", "negation": "affirmed", "UMLS": "", "start": 0, "end": 47}], "Intervention": [], "Outcome": [{"term": "high thrombotic", "negation": "affirmed", "UMLS": "", "start": 62, "end": 77}, {"term": "bleeding risk", "negation": "affirmed", "UMLS": "", "start": 82, "end": 95}]}, "Evidence Propositions": []}, {"Section": "METHODS", "Text": "We conducted a retrospective study of critically ill patients admitted to an intensive care unit ( ICU ) a cause of severe COVID-19 pneumonia and we evaluated coagulation function using rotational thromboelastometry ( ROTEM ) on day of admission ( T0 ) and 5 ( T5 ) and 10 ( T10 ) days after admission to ICU .", "Evidence Elements": {"Participant": [{"term": "critically ill patients admitted to an intensive care unit ( ICU )", "negation": "affirmed", "UMLS": "", "start": 38, "end": 104}, {"term": "severe COVID-19 pneumonia", "negation": "affirmed", "UMLS": "", "start": 116, "end": 141}], "Intervention": [], "Outcome": [{"term": "coagulation function", "negation": "affirmed", "UMLS": "", "start": 159, "end": 179}]}, "Evidence Propositions": []}, {"Section": "METHODS", "Text": "Coagulation standard parameters were also evaluated .", "Evidence Elements": {"Participant": [], "Intervention": [], "Outcome": [{"term": "Coagulation standard parameters", "negation": "affirmed", "UMLS": "", "start": 0, "end": 31}]}, "Evidence Propositions": []}, {"Section": "RESULTS", "Text": "Forty patients were enrolled into the study .", "Evidence Elements": {"Participant": [], "Intervention": [], "Outcome": []}, "Evidence Propositions": []}, {"Section": "RESULTS", "Text": "The ICU and the hospital mortality were 10 % and 12.5 % , respectively .", "Evidence Elements": {"Participant": [], "Intervention": [], "Outcome": [{"term": "ICU and the hospital mortality", "negation": "affirmed", "UMLS": "", "start": 4, "end": 34}]}, "Evidence Propositions": []}, {"Section": "RESULTS", "Text": "On ICU admission , prothrombin time was slightly reduced and it increased significantly at T10 ( T0 = 65.1 +-9.8 vs T10 = 85.7 +-1.5 , p = 0.002 ) , while activated partial thromboplastin time and fibrinogen values were higher at T0 than T10 ( 32.2 +-2.9 vs 27.2 +-2.1 , p = 0.017 and 895.1 +-110 vs 332.5 +-50 , p = 0.002 ,", "Evidence Elements": {"Participant": [], "Intervention": [], "Outcome": [{"term": "prothrombin time", "negation": "affirmed", "UMLS": "", "start": 19, "end": 35}, {"term": "T0", "negation": "affirmed", "UMLS": "", "start": 97, "end": 99}, {"term": "T10", "negation": "affirmed", "UMLS": "", "start": 91, "end": 94}, {"term": "activated partial thromboplastin time", "negation": "affirmed", "UMLS": "", "start": 155, "end": 192}, {"term": "fibrinogen values", "negation": "affirmed", "UMLS": "", "start": 197, "end": 214}]}, "Evidence Propositions": [{"Intervention": [], "Observation": "higher", "Outcome": "activated partial thromboplastin time", "Count": ""}, {"Intervention": [], "Observation": "higher", "Outcome": "fibrinogen values", "Count": ""}]}, {"Section": "RESULTS", "Text": "No sign of secondary hyperfibrinolysis or sepsis induced coagulopathy ( SIC ) were found during the study period .", "Evidence Elements": {"Participant": [], "Intervention": [], "Outcome": [{"term": "sign of secondary hyperfibrinolysis or sepsis induced coagulopathy ( SIC )", "negation": "affirmed", "UMLS": "", "start": 3, "end": 77}]}, "Evidence Propositions": []}, {"Section": "RESULTS", "Text": "In six patients ( 15 % ) a deep vein thrombosis and in 2 patients ( 5 % ) a thromboembolic event , were found ; 12 patients ( 30 % ) had a catheter-related thrombosis .", "Evidence Elements": {"Participant": [], "Intervention": [], "Outcome": [{"term": "deep vein thrombosis", "negation": "affirmed", "UMLS": "", "start": 27, "end": 47}, {"term": "thromboembolic event", "negation": "affirmed", "UMLS": "", "start": 76, "end": 96}]}, "Evidence Propositions": []}, {"Section": "CONCLUSIONS", "Text": "ROTEM analysis confirms that patients with severe COVID-19 pneumonia had a hypercoagulation state that persisted over time .", "Evidence Elements": {"Participant": [{"term": "severe COVID-19 pneumonia", "negation": "affirmed", "UMLS": "", "start": 43, "end": 68}], "Intervention": [], "Outcome": [{"term": "hypercoagulation state", "negation": "affirmed", "UMLS": "", "start": 75, "end": 97}]}, "Evidence Propositions": []}]}