{"doc_id": "32391369", "type of study": "Therapy", "title": "", "abstract": "The aim was to investigate the effectiveness of glucocorticoid therapy in patients with COVID-19.\nA systematic search of the literature across nine databases was conducted from inception until 15th March 2020, following the PRISMA guidelines.\nPatients with a validated diagnosis of COVID-19 and using corticosteroids were included, considering all health outcomes.\nFour studies with 542 Chinese participants were included.\nTwo studies reported negative findings regarding the use of corticosteroids in patients with COVID-19, i.e., corticosteroids had a detrimental impact on clinical outcomes.\nOne study reported no significant association between the use of corticosteroids and clinical outcomes.\nHowever, one study, on 201 participants with different stages of pneumonia due to COVID-19, found that in more severe forms, the administration of methylprednisolone significantly reduced the risk of death by 62%.\nThe literature to date does not fully support the routine use of corticosteroids in COVID-19, but some findings suggest that methylprednisolone could lower mortality rate in more severe forms of the condition.\n", "Evidence Map": {"Enrollment": [{"term": "COVID-19", "negation": "affirmed", "UMLS": "", "start": 88, "end": 96}, {"term": "validated diagnosis of COVID-19", "negation": "affirmed", "UMLS": "", "start": 16, "end": 47}, {"term": "corticosteroids", "negation": "affirmed", "UMLS": "", "start": 58, "end": 73}, {"term": "COVID-19", "negation": "affirmed", "UMLS": "", "start": 93, "end": 101}, {"term": "of pneumonia", "negation": "affirmed", "UMLS": "", "start": 64, "end": 76}, {"term": "more severe", "negation": "affirmed", "UMLS": "", "start": 109, "end": 120}], "Comparison Results": [], "Study Arm 1 Results": [], "Study Arm 2 Results": []}, "Sentence-level breakdown": [{"Section": "TITLE", "Text": "The aim was to investigate the effectiveness of glucocorticoid therapy in patients with COVID-19 .", "Evidence Elements": {"Participant": [{"term": "COVID-19", "negation": "affirmed", "UMLS": "", "start": 88, "end": 96}], "Intervention": [{"term": "glucocorticoid therapy", "negation": "affirmed", "UMLS": "", "start": 48, "end": 70}], "Outcome": []}, "Evidence Propositions": []}, {"Section": "METHODS", "Text": "A systematic search of the literature across nine databases was conducted from inception until 15th March 2020 , following the PRISMA guidelines .", "Evidence Elements": {"Participant": [], "Intervention": [], "Outcome": []}, "Evidence Propositions": []}, {"Section": "METHODS", "Text": "Patients with a validated diagnosis of COVID-19 and using corticosteroids were included , considering all health outcomes .", "Evidence Elements": {"Participant": [{"term": "validated diagnosis of COVID-19", "negation": "affirmed", "UMLS": "", "start": 16, "end": 47}, {"term": "corticosteroids", "negation": "affirmed", "UMLS": "", "start": 58, "end": 73}], "Intervention": [], "Outcome": [{"term": "health", "negation": "affirmed", "UMLS": "", "start": 106, "end": 112}]}, "Evidence Propositions": []}, {"Section": "METHODS", "Text": "Four studies with 542 Chinese participants were included .", "Evidence Elements": {"Participant": [], "Intervention": [], "Outcome": []}, "Evidence Propositions": []}, {"Section": "RESULTS", "Text": "Two studies reported negative findings regarding the use of corticosteroids in patients with COVID-19 , i.e. , corticosteroids had a detrimental impact on clinical outcomes .", "Evidence Elements": {"Participant": [{"term": "COVID-19", "negation": "affirmed", "UMLS": "", "start": 93, "end": 101}], "Intervention": [{"term": "corticosteroids", "negation": "affirmed", "UMLS": "", "start": 60, "end": 75}, {"term": "corticosteroids", "negation": "affirmed", "UMLS": "", "start": 60, "end": 75}], "Outcome": []}, "Evidence Propositions": []}, {"Section": "RESULTS", "Text": "One study reported no significant association between the use of corticosteroids and clinical outcomes .", "Evidence Elements": {"Participant": [], "Intervention": [{"term": "corticosteroids", "negation": "negated", "UMLS": "", "start": 65, "end": 80}], "Outcome": [{"term": "clinical outcomes", "negation": "negated", "UMLS": "", "start": 85, "end": 102}]}, "Evidence Propositions": [{"Intervention": "corticosteroids", "Observation": "significant association", "Outcome": "clinical outcomes", "Count": ""}]}, {"Section": "RESULTS", "Text": "However , one study , on 201 participants with different stages of pneumonia due to COVID-19 , found that in more severe forms , the administration of methylprednisolone significantly reduced the risk of death by 62 % .", "Evidence Elements": {"Participant": [{"term": "of pneumonia", "negation": "affirmed", "UMLS": "", "start": 64, "end": 76}, {"term": "more severe", "negation": "affirmed", "UMLS": "", "start": 109, "end": 120}], "Intervention": [{"term": "methylprednisolone", "negation": "affirmed", "UMLS": "", "start": 151, "end": 169}], "Outcome": [{"term": "risk", "negation": "affirmed", "UMLS": "", "start": 196, "end": 200}]}, "Evidence Propositions": []}, {"Section": "CONCLUSIONS", "Text": "The literature to date does not fully support the routine use of corticosteroids in COVID-19 , but some findings suggest that methylprednisolone could lower mortality rate in more severe forms of the condition .", "Evidence Elements": {"Participant": [], "Intervention": [], "Outcome": []}, "Evidence Propositions": []}]}