{"doc_id": "32396239", "type of study": "Therapy", "title": "", "abstract": "Studies have demonstrated that comorbidities, especially cardiovascular and endocrine diseases, correlated with poorer clinical outcomes.\nHowever, the impact of digestive system diseases has not been issued.\nThe aim of this study is to determine the impact of laryngopharyngeal reflux disease (LPRD) on hospitalized patients with coronavirus disease 2019 (COVID-19).\nWe extracted clinical data regarding 95 patients in Wuhan Jinyintan Hospital, Wuhan, China, between 26 January and 21 February 2020.\nThe Reflux Symptom Index (RSI) was used to assess the presence and severity of LPRD.\nAn RSI  greater than  13 is considered to be abnormal.\nA total of 95 patients with COVID-19 were enrolled, with 61.1% (58/95), 32.6% (31/95), and 6.3% (6/95) being moderately ill, severely ill, and critically ill, respectively.\nIn this study, 38.9% (37/95) of the patient had an RSI score over 13, which was indicative of LPRD.\nIn univariable analysis, the age and RSI scores of severely or critically ill patients were statistically significantly higher than patients with moderate disease (P  =  .026 and P = .005, respectively).\nAfter controlling for age difference in a multivariable model, the RSI greater than 13, compared to RSI equal to  0, was associated with significantly higher risk of severe infection (P < .001; odds ratio [OR] = 11.411; 95% confidence interval [CI], 2.95-42.09) and critical infection (P = .028; OR= 19.61; 95% CI, 1.38-277.99).\nAmong hospitalized patients with COVID-19, RSI scores greater than 13, indicative of LPRD, correlated with poorer clinical outcomes.\nThe prevalence of LPRD may be higher than the general population, which indicated that COVID-19 can impair the upper esophageal sphincter and aggravate reflux.\nThe imapct of laryngopharyngeal reflux disease (LPRD) has been analyzed.\nThe prevalence of LPRD in patients with COVID-19 may be higher than the general population.\nThe RSI score greater than 13, indicative of LPRD, correlated with poorer clinical outcomes.\n", "Evidence Map": {"Enrollment": [{"term": "hospitalized patients", "negation": "affirmed", "UMLS": "", "start": 97, "end": 118}, {"term": "coronavirus disease", "negation": "affirmed", "UMLS": "", "start": 124, "end": 143}, {"term": "COVID-19", "negation": "affirmed", "UMLS": "", "start": 28, "end": 36}, {"term": "severely or critically ill patients", "negation": "affirmed", "UMLS": "", "start": 52, "end": 87}, {"term": "moderate disease", "negation": "affirmed", "UMLS": "", "start": 147, "end": 163}, {"term": "hospitalized patients", "negation": "affirmed", "UMLS": "", "start": 6, "end": 27}, {"term": "COVID-19", "negation": "affirmed", "UMLS": "", "start": 33, "end": 41}, {"term": "LPRD", "negation": "affirmed", "UMLS": "", "start": 87, "end": 91}, {"term": "laryngopharyngeal reflux disease ( LPRD )", "negation": "affirmed", "UMLS": "", "start": 14, "end": 55}, {"term": "COVID-19", "negation": "affirmed", "UMLS": "", "start": 40, "end": 48}, {"term": "LPRD", "negation": "affirmed", "UMLS": "", "start": 46, "end": 50}], "Comparison Results": [], "Study Arm 1 Results": [], "Study Arm 2 Results": []}, "Sentence-level breakdown": [{"Section": "TITLE", "Text": "Studies have demonstrated that comorbidities , especially cardiovascular and endocrine diseases , correlated with poorer clinical outcomes .", "Evidence Elements": {"Participant": [], "Intervention": [], "Outcome": []}, "Evidence Propositions": []}, {"Section": "OBJECTIVE", "Text": "The aim of this study is to determine the impact of laryngopharyngeal reflux disease ( LPRD ) on hospitalized patients with coronavirus disease 2019 ( COVID-19 ) .", "Evidence Elements": {"Participant": [{"term": "hospitalized patients", "negation": "affirmed", "UMLS": "", "start": 97, "end": 118}, {"term": "coronavirus disease", "negation": "affirmed", "UMLS": "", "start": 124, "end": 143}], "Intervention": [{"term": "laryngopharyngeal reflux disease ( LPRD )", "negation": "affirmed", "UMLS": "", "start": 52, "end": 93}], "Outcome": []}, "Evidence Propositions": []}, {"Section": "METHODS", "Text": "We extracted clinical data regarding 95 patients in Wuhan Jinyintan Hospital , Wuhan , China , between 26 January and 21 February 2020 .", "Evidence Elements": {"Participant": [], "Intervention": [], "Outcome": []}, "Evidence Propositions": []}, {"Section": "METHODS", "Text": "The Reflux Symptom Index ( RSI ) was used to assess the presence and severity of LPRD .", "Evidence Elements": {"Participant": [], "Intervention": [], "Outcome": [{"term": "Reflux Symptom Index ( RSI )", "negation": "affirmed", "UMLS": "", "start": 4, "end": 32}, {"term": "presence and severity", "negation": "affirmed", "UMLS": "", "start": 56, "end": 77}]}, "Evidence Propositions": []}, {"Section": "METHODS", "Text": "An RSI greater than 13 is considered to be abnormal .", "Evidence Elements": {"Participant": [], "Intervention": [], "Outcome": [{"term": "RSI", "negation": "affirmed", "UMLS": "", "start": 3, "end": 6}]}, "Evidence Propositions": []}, {"Section": "RESULTS", "Text": "A total of 95 patients with COVID-19 were enrolled , with 61.1 % ( 58 / 95 ) , 32.6 % ( 31 / 95 ) , and 6.3 % ( 6 / 95 ) being moderately ill , severely ill , and critically ill , respectively .", "Evidence Elements": {"Participant": [{"term": "COVID-19", "negation": "affirmed", "UMLS": "", "start": 28, "end": 36}], "Intervention": [], "Outcome": []}, "Evidence Propositions": []}, {"Section": "RESULTS", "Text": "In this study , 38.9 % ( 37 / 95 ) of the patient had an RSI score over 13 , which was indicative of LPRD .", "Evidence Elements": {"Participant": [], "Intervention": [], "Outcome": [{"term": "RSI score over 13", "negation": "affirmed", "UMLS": "", "start": 57, "end": 74}]}, "Evidence Propositions": []}, {"Section": "RESULTS", "Text": "In univariable analysis , the age and RSI scores of severely or critically ill patients were statistically significantly higher than patients with moderate disease ( P = 0.026 and P = .005 , respectively ) .", "Evidence Elements": {"Participant": [{"term": "severely or critically ill patients", "negation": "affirmed", "UMLS": "", "start": 52, "end": 87}, {"term": "moderate disease", "negation": "affirmed", "UMLS": "", "start": 147, "end": 163}], "Intervention": [], "Outcome": [{"term": "age and RSI scores", "negation": "affirmed", "UMLS": "", "start": 30, "end": 48}]}, "Evidence Propositions": [{"Intervention": [], "Observation": "statistically significantly higher", "Outcome": "age and RSI scores", "Count": ""}]}, {"Section": "RESULTS", "Text": "After controlling for age difference in a multivariable model , the RSI greater than 13 , compared to RSI equal to 0 , was associated with significantly higher risk of severe infection ( P < .001 ; odds ratio [ OR ] = 11.411 ; 95 % confidence interval [ CI ] , 2.95-42.09 ) and critical infection ( P =.028 ; OR = 19.61 ; 95 % CI , 1.38-277.99 ) .", "Evidence Elements": {"Participant": [], "Intervention": [{"term": "RSI greater than 13", "negation": "affirmed", "UMLS": "", "start": 68, "end": 87}, {"term": "RSI equal to 0", "negation": "affirmed", "UMLS": "", "start": 102, "end": 116}], "Outcome": [{"term": "risk of severe infection", "negation": "affirmed", "UMLS": "", "start": 160, "end": 184}]}, "Evidence Propositions": []}, {"Section": "CONCLUSIONS", "Text": "Among hospitalized patients with COVID-19 , RSI scores greater than 13 , indicative of LPRD , correlated with poorer clinical outcomes .", "Evidence Elements": {"Participant": [{"term": "hospitalized patients", "negation": "affirmed", "UMLS": "", "start": 6, "end": 27}, {"term": "COVID-19", "negation": "affirmed", "UMLS": "", "start": 33, "end": 41}, {"term": "LPRD", "negation": "affirmed", "UMLS": "", "start": 87, "end": 91}], "Intervention": [], "Outcome": [{"term": "RSI scores greater than 13", "negation": "affirmed", "UMLS": "", "start": 44, "end": 70}]}, "Evidence Propositions": []}, {"Section": "CONCLUSIONS", "Text": "The prevalence of LPRD may be higher than the general population , which indicated that COVID-19 can impair the upper esophageal sphincter and aggravate reflux .", "Evidence Elements": {"Participant": [], "Intervention": [], "Outcome": [{"term": "prevalence of LPRD", "negation": "affirmed", "UMLS": "", "start": 4, "end": 22}]}, "Evidence Propositions": [{"Intervention": [], "Observation": "higher", "Outcome": "prevalence of LPRD", "Count": ""}]}, {"Section": "CONCLUSIONS", "Text": "The imapct of laryngopharyngeal reflux disease ( LPRD ) has been analyzed .", "Evidence Elements": {"Participant": [{"term": "laryngopharyngeal reflux disease ( LPRD )", "negation": "affirmed", "UMLS": "", "start": 14, "end": 55}], "Intervention": [], "Outcome": [{"term": "imapct", "negation": "affirmed", "UMLS": "", "start": 4, "end": 10}]}, "Evidence Propositions": []}, {"Section": "CONCLUSIONS", "Text": "The prevalence of LPRD in patients with COVID-19 may be higher than the general population .", "Evidence Elements": {"Participant": [{"term": "COVID-19", "negation": "affirmed", "UMLS": "", "start": 40, "end": 48}], "Intervention": [{"term": "general population", "negation": "affirmed", "UMLS": "", "start": 72, "end": 90}], "Outcome": [{"term": "prevalence of LPRD", "negation": "affirmed", "UMLS": "", "start": 4, "end": 22}]}, "Evidence Propositions": [{"Intervention": ["general population"], "Observation": "higher", "Outcome": "prevalence of LPRD", "Count": ""}]}, {"Section": "CONCLUSIONS", "Text": "The RSI score greater than 13 , indicative of LPRD , correlated with poorer clinical outcomes .", "Evidence Elements": {"Participant": [{"term": "LPRD", "negation": "affirmed", "UMLS": "", "start": 46, "end": 50}], "Intervention": [], "Outcome": [{"term": "RSI score", "negation": "affirmed", "UMLS": "", "start": 4, "end": 13}]}, "Evidence Propositions": []}]}