{"doc_id": "32392389", "type of study": "Therapy", "title": "", "abstract": "Coronavirus disease 2019 (COVID-19) has rapidly become a global pandemic, but little is known about its potential impact on patients with myasthenia gravis (MG).\nWe studied the clinical course of COVID-19 in five hospitalized patients with autoimmune MG (four with acetylcholine receptor antibodies, one with muscle-specific tyrosine kinase antibodies) between April 1, 2020-April 30-2020.\nTwo patients required intubation for hypoxemic respiratory failure, whereas one required significant supplemental oxygen.\nOne patient with previously stable MG had myasthenic exacerbation.\nOne patient treated with tocilizumab for COVID-19 was successfully extubated.\nTwo patients were treated for MG with intravenous immunoglobulin without thromboembolic complications.\nOur findings suggest that the clinical course and outcomes in patients with MG and COVID-19 are highly variable.\nFurther large studies are needed to define best practices and determinants of outcomes in this unique population.\n", "Evidence Map": {"Enrollment": [{"term": "COVID-19", "negation": "affirmed", "UMLS": "", "start": 34, "end": 42}, {"term": "hospitalized", "negation": "affirmed", "UMLS": "", "start": 51, "end": 63}, {"term": "autoimmune MG", "negation": "affirmed", "UMLS": "", "start": 78, "end": 91}, {"term": "previously stable MG", "negation": "affirmed", "UMLS": "", "start": 17, "end": 37}, {"term": "COVID-19", "negation": "affirmed", "UMLS": "", "start": 41, "end": 49}, {"term": "MG", "negation": "affirmed", "UMLS": "", "start": 30, "end": 32}, {"term": "intravenous immunoglobulin", "negation": "affirmed", "UMLS": "", "start": 38, "end": 64}, {"term": "MG", "negation": "affirmed", "UMLS": "", "start": 76, "end": 78}, {"term": "COVID-19", "negation": "affirmed", "UMLS": "", "start": 83, "end": 91}], "Comparison Results": [], "Study Arm 1 Results": [], "Study Arm 2 Results": []}, "Sentence-level breakdown": [{"Section": "TITLE", "Text": "Coronavirus disease 2019 ( COVID-19 ) has rapidly become a global pandemic , but little is known about its potential impact on patients with myasthenia gravis ( MG ) .", "Evidence Elements": {"Participant": [], "Intervention": [], "Outcome": []}, "Evidence Propositions": []}, {"Section": "METHODS", "Text": "We studied the clinical course of COVID-19 in five hospitalized patients with autoimmune MG ( four with acetylcholine receptor antibodies , one with muscle-specific tyrosine kinase antibodies ) between April 1 , 2020-April 30-2020 .", "Evidence Elements": {"Participant": [{"term": "COVID-19", "negation": "affirmed", "UMLS": "", "start": 34, "end": 42}, {"term": "hospitalized", "negation": "affirmed", "UMLS": "", "start": 51, "end": 63}, {"term": "autoimmune MG", "negation": "affirmed", "UMLS": "", "start": 78, "end": 91}], "Intervention": [], "Outcome": [{"term": "clinical course", "negation": "affirmed", "UMLS": "", "start": 15, "end": 30}]}, "Evidence Propositions": []}, {"Section": "RESULTS", "Text": "Two patients required intubation for hypoxemic respiratory failure , whereas one required significant supplemental oxygen .", "Evidence Elements": {"Participant": [], "Intervention": [{"term": "significant supplemental", "negation": "affirmed", "UMLS": "", "start": 90, "end": 114}], "Outcome": [{"term": "intubation", "negation": "affirmed", "UMLS": "", "start": 22, "end": 32}, {"term": "hypoxemic respiratory failure", "negation": "affirmed", "UMLS": "", "start": 37, "end": 66}]}, "Evidence Propositions": []}, {"Section": "RESULTS", "Text": "One patient with previously stable MG had myasthenic exacerbation .", "Evidence Elements": {"Participant": [{"term": "previously stable MG", "negation": "affirmed", "UMLS": "", "start": 17, "end": 37}], "Intervention": [], "Outcome": [{"term": "myasthenic exacerbation", "negation": "affirmed", "UMLS": "", "start": 42, "end": 65}]}, "Evidence Propositions": []}, {"Section": "RESULTS", "Text": "One patient treated with tocilizumab for COVID-19 was successfully extubated .", "Evidence Elements": {"Participant": [{"term": "COVID-19", "negation": "affirmed", "UMLS": "", "start": 41, "end": 49}], "Intervention": [{"term": "tocilizumab", "negation": "affirmed", "UMLS": "", "start": 25, "end": 36}], "Outcome": [{"term": "successfully extubated", "negation": "affirmed", "UMLS": "", "start": 54, "end": 76}]}, "Evidence Propositions": [{"Intervention": "tocilizumab", "Observation": "", "Count": "One patient", "Outcome": "successfully extubated"}]}, {"Section": "RESULTS", "Text": "Two patients were treated for MG with intravenous immunoglobulin without thromboembolic complications .", "Evidence Elements": {"Participant": [{"term": "MG", "negation": "affirmed", "UMLS": "", "start": 30, "end": 32}, {"term": "intravenous immunoglobulin", "negation": "affirmed", "UMLS": "", "start": 38, "end": 64}], "Intervention": [], "Outcome": [{"term": "thromboembolic complications", "negation": "negated", "UMLS": "", "start": 73, "end": 101}]}, "Evidence Propositions": []}, {"Section": "CONCLUSIONS", "Text": "Our findings suggest that the clinical course and outcomes in patients with MG and COVID-19 are highly variable .", "Evidence Elements": {"Participant": [{"term": "MG", "negation": "affirmed", "UMLS": "", "start": 76, "end": 78}, {"term": "COVID-19", "negation": "affirmed", "UMLS": "", "start": 83, "end": 91}], "Intervention": [], "Outcome": [{"term": "clinical course", "negation": "affirmed", "UMLS": "", "start": 30, "end": 45}, {"term": "outcomes", "negation": "affirmed", "UMLS": "", "start": 50, "end": 58}]}, "Evidence Propositions": []}, {"Section": "CONCLUSIONS", "Text": "Further large studies are needed to define best practices and determinants of outcomes in this unique population .", "Evidence Elements": {"Participant": [], "Intervention": [], "Outcome": []}, "Evidence Propositions": []}]}