{"doc_id": "32392288", "type of study": "Therapy", "title": "", "abstract": "Importance: The recent and ongoing coronavirus disease 2019 (COVID-19) pandemic has taken an unprecedented toll on adults critically ill with COVID-19 infection.\nWhile there is evidence that the burden of COVID-19 infection in hospitalized children is lesser than in their adult counterparts, to date, there are only limited reports describing COVID-19 in pediatric intensive care units (PICUs).\nObjective: To provide an early description and characterization of COVID-19 infection in North American PICUs, focusing on mode of presentation, presence of comorbidities, severity of disease, therapeutic interventions, clinical trajectory, and early outcomes.\nDesign, Setting, and Participants: This cross-sectional study included children positive for COVID-19 admitted to 46 North American PICUs between March 14 and April 3, 2020.\nwith follow-up to April 10, 2020.\nMain Outcomes and Measures: Prehospital characteristics, clinical trajectory, and hospital outcomes of children admitted to PICUs with confirmed COVID-19 infection.\nResults: Of the 48 children with COVID-19 admitted to participating PICUs, 25 (52%) were male, and the median (range) age was 13 (4.2-16.6) years.\nForty patients (83%) had significant preexisting comorbidities; 35 (73%) presented with respiratory symptoms and 18 (38%) required invasive ventilation.\nEleven patients (23%) had failure of 2 or more organ systems.\nExtracorporeal membrane oxygenation was required for 1 patient (2%).\nTargeted therapies were used in 28 patients (61%), with hydroxychloroquine being the most commonly used agent either alone (11 patients) or in combination (10 patients).\nAt the completion of the follow-up period, 2 patients (4%) had died and 15 (31%) were still hospitalized, with 3 still requiring ventilatory support and 1 receiving extracorporeal membrane oxygenation.\nThe median (range) PICU and hospital lengths of stay for those who had been discharged were 5 (3-9) days and 7 (4-13) days, respectively.\nConclusions and Relevance: This early report describes the burden of COVID-19 infection in North American PICUs and confirms that severe illness in children is significant but far less frequent than in adults.\nPrehospital comorbidities appear to be an important factor in children.\nThese preliminary observations provide an important platform for larger and more extensive studies of children with COVID-19 infection.\n", "Evidence Map": {"Enrollment": [{"term": "COVID-19 infection", "negation": "affirmed", "UMLS": "", "start": 68, "end": 86}, {"term": "children positive for COVID-19", "negation": "affirmed", "UMLS": "", "start": 74, "end": 104}, {"term": "children admitted to PICUs", "negation": "affirmed", "UMLS": "", "start": 106, "end": 132}, {"term": "children", "negation": "affirmed", "UMLS": "", "start": 20, "end": 28}, {"term": "COVID-19", "negation": "affirmed", "UMLS": "", "start": 34, "end": 42}, {"term": "PICUs", "negation": "affirmed", "UMLS": "", "start": 69, "end": 74}, {"term": "male", "negation": "affirmed", "UMLS": "", "start": 94, "end": 98}, {"term": "significant preexisting comorbidities", "negation": "affirmed", "UMLS": "", "start": 28, "end": 65}, {"term": "respiratory", "negation": "affirmed", "UMLS": "", "start": 95, "end": 106}, {"term": "discharged", "negation": "affirmed", "UMLS": "", "start": 78, "end": 88}, {"term": "children", "negation": "affirmed", "UMLS": "", "start": 149, "end": 157}], "Comparison Results": [], "Study Arm 1 Results": [], "Study Arm 2 Results": []}, "Sentence-level breakdown": [{"Section": "TITLE", "Text": "Importance : The recent and ongoing coronavirus disease 2019 (COVID-19) pandemic has taken an unprecedented toll on adults critically ill with COVID-19 infection .", "Evidence Elements": {"Participant": [], "Intervention": [], "Outcome": []}, "Evidence Propositions": []}, {"Section": "OBJECTIVE", "Text": "Objective : To provide an early description and characterization of COVID-19 infection in North American PICUs , focusing on mode of presentation , presence of comorbidities , severity of disease , therapeutic interventions , clinical trajectory , and early outcomes .", "Evidence Elements": {"Participant": [{"term": "COVID-19 infection", "negation": "affirmed", "UMLS": "", "start": 68, "end": 86}], "Intervention": [], "Outcome": [{"term": "severity of", "negation": "affirmed", "UMLS": "", "start": 176, "end": 187}, {"term": "therapeutic interventions", "negation": "affirmed", "UMLS": "", "start": 198, "end": 223}]}, "Evidence Propositions": []}, {"Section": "METHODS", "Text": "Design , Setting , and Participants : This cross-sectional study included children positive for COVID-19 admitted to 46 North American PICUs between March 14 and April 3 , 2020 .", "Evidence Elements": {"Participant": [{"term": "children positive for COVID-19", "negation": "affirmed", "UMLS": "", "start": 74, "end": 104}], "Intervention": [], "Outcome": []}, "Evidence Propositions": []}, {"Section": "METHODS", "Text": "with follow-up to April 10 , 2020 .", "Evidence Elements": {"Participant": [], "Intervention": [], "Outcome": []}, "Evidence Propositions": []}, {"Section": "METHODS", "Text": "Main Outcomes and Measures : Prehospital characteristics , clinical trajectory , and hospital outcomes of children admitted to PICUs with confirmed COVID-19 infection .", "Evidence Elements": {"Participant": [{"term": "children admitted to PICUs", "negation": "affirmed", "UMLS": "", "start": 106, "end": 132}], "Intervention": [], "Outcome": [{"term": "Prehospital characteristics", "negation": "affirmed", "UMLS": "", "start": 29, "end": 56}, {"term": "clinical trajectory", "negation": "affirmed", "UMLS": "", "start": 59, "end": 78}, {"term": "hospital outcomes", "negation": "affirmed", "UMLS": "", "start": 85, "end": 102}]}, "Evidence Propositions": []}, {"Section": "RESULTS", "Text": "Results : Of the 48 children with COVID-19 admitted to participating PICUs , 25 ( 52 % ) were male , and the median ( range ) age was 13 ( 4.2-16.6 ) years .", "Evidence Elements": {"Participant": [{"term": "children", "negation": "affirmed", "UMLS": "", "start": 20, "end": 28}, {"term": "COVID-19", "negation": "affirmed", "UMLS": "", "start": 34, "end": 42}, {"term": "PICUs", "negation": "affirmed", "UMLS": "", "start": 69, "end": 74}, {"term": "male", "negation": "affirmed", "UMLS": "", "start": 94, "end": 98}], "Intervention": [], "Outcome": []}, "Evidence Propositions": []}, {"Section": "RESULTS", "Text": "Forty patients ( 83 % ) had significant preexisting comorbidities ; 35 ( 73 % ) presented with respiratory symptoms and 18 ( 38 % ) required invasive ventilation .", "Evidence Elements": {"Participant": [{"term": "significant preexisting comorbidities", "negation": "affirmed", "UMLS": "", "start": 28, "end": 65}, {"term": "respiratory", "negation": "affirmed", "UMLS": "", "start": 95, "end": 106}], "Intervention": [], "Outcome": []}, "Evidence Propositions": []}, {"Section": "RESULTS", "Text": "Eleven patients ( 23 % ) had failure of 2 or more organ systems .", "Evidence Elements": {"Participant": [], "Intervention": [], "Outcome": [{"term": "failure of 2 or", "negation": "affirmed", "UMLS": "", "start": 29, "end": 44}]}, "Evidence Propositions": []}, {"Section": "RESULTS", "Text": "Extracorporeal membrane oxygenation was required for 1 patient ( 2 % ) .", "Evidence Elements": {"Participant": [], "Intervention": [], "Outcome": [{"term": "Extracorporeal membrane oxygenation", "negation": "affirmed", "UMLS": "", "start": 0, "end": 35}]}, "Evidence Propositions": []}, {"Section": "RESULTS", "Text": "Targeted therapies were used in 28 patients ( 61 % ) , with hydroxychloroquine being the most commonly used agent either alone ( 11 patients ) or in combination ( 10 patients ) .", "Evidence Elements": {"Participant": [], "Intervention": [{"term": "hydroxychloroquine", "negation": "affirmed", "UMLS": "", "start": 60, "end": 78}, {"term": "alone", "negation": "affirmed", "UMLS": "", "start": 121, "end": 126}], "Outcome": []}, "Evidence Propositions": []}, {"Section": "RESULTS", "Text": "At the completion of the follow-up period , 2 patients ( 4 % ) had died and 15 ( 31 % ) were still hospitalized , with 3 still requiring ventilatory support and 1 receiving extracorporeal membrane oxygenation .", "Evidence Elements": {"Participant": [], "Intervention": [], "Outcome": [{"term": "died", "negation": "affirmed", "UMLS": "", "start": 67, "end": 71}, {"term": "hospitalized", "negation": "affirmed", "UMLS": "", "start": 99, "end": 111}]}, "Evidence Propositions": []}, {"Section": "RESULTS", "Text": "The median ( range ) PICU and hospital lengths of stay for those who had been discharged were 5 ( 3-9 ) days and 7 ( 4-13 ) days , respectively .", "Evidence Elements": {"Participant": [{"term": "discharged", "negation": "affirmed", "UMLS": "", "start": 78, "end": 88}], "Intervention": [], "Outcome": [{"term": "median ( range ) PICU and hospital lengths of stay", "negation": "affirmed", "UMLS": "", "start": 4, "end": 54}]}, "Evidence Propositions": []}, {"Section": "RESULTS", "Text": "Conclusions and Relevance : This early report describes the burden of COVID-19 infection in North American PICUs and confirms that severe illness in children is significant but far less frequent than in adults .", "Evidence Elements": {"Participant": [{"term": "children", "negation": "affirmed", "UMLS": "", "start": 149, "end": 157}], "Intervention": [], "Outcome": [{"term": "burden of COVID-19 infection", "negation": "affirmed", "UMLS": "", "start": 60, "end": 88}, {"term": "severe illness", "negation": "affirmed", "UMLS": "", "start": 131, "end": 145}]}, "Evidence Propositions": [{"Intervention": [], "Observation": "significant but far less frequent", "Outcome": "severe illness", "Count": ""}]}, {"Section": "RESULTS", "Text": "Prehospital comorbidities appear to be an important factor in children .", "Evidence Elements": {"Participant": [], "Intervention": [], "Outcome": []}, "Evidence Propositions": []}, {"Section": "CONCLUSIONS", "Text": "These preliminary observations provide an important platform for larger and more extensive studies of children with COVID-19 infection .", "Evidence Elements": {"Participant": [], "Intervention": [], "Outcome": []}, "Evidence Propositions": []}]}