{"doc_id": "32397275", "type of study": "Therapy", "title": "", "abstract": "While we are still learning more about COVID-19, caused by the novel SARS-CoV-2 virus, finding alternative and already available methods to reduce the risk and severity of the disease is paramount.\nOne such option is vitamin D, in the form of vitamin D3 (cholecalciferol) supplementation, due to its potential antiviral properties.\nIt has become apparent that older individuals have a greater risk of developing severe COVID-19, and compared to younger adults, the elderly have lower levels of vitamin D due to a variety of biological and behavioral factors.\nOlder adults are also more likely to be diagnosed with Parkinson's disease (PD), with advanced age being the single greatest risk factor.\nIn addition to its immune-system-modulating effects, it has been suggested that vitamin D supplementation plays a role in slowing PD progression and improving PD-related quality of life.\nWe completed a review of the literature to determine the relationship between vitamin D, PD, and COVID-19.\nWe concluded that the daily supplementation of 2000-5000 IU/day of vitamin D3 in older adults with PD has the potential to slow the progression of PD while also potentially offering additional protection against COVID-19.\n", "Evidence Map": {"Enrollment": [{"term": "older adults", "negation": "affirmed", "UMLS": "", "start": 83, "end": 95}, {"term": "PD", "negation": "affirmed", "UMLS": "", "start": 101, "end": 103}], "Comparison Results": [], "Study Arm 1 Results": [], "Study Arm 2 Results": []}, "Sentence-level breakdown": [{"Section": "TITLE", "Text": "While we are still learning more about COVID-19 , caused by the novel SARS-CoV-2 virus , finding alternative and already available methods to reduce the risk and severity of the disease is paramount .", "Evidence Elements": {"Participant": [], "Intervention": [], "Outcome": []}, "Evidence Propositions": []}, {"Section": "RESULTS", "Text": "One such option is vitamin D , in the form of vitamin D3 ( cholecalciferol ) supplementation , due to its potential antiviral properties .", "Evidence Elements": {"Participant": [], "Intervention": [], "Outcome": []}, "Evidence Propositions": []}, {"Section": "RESULTS", "Text": "It has become apparent that older individuals have a greater risk of developing severe COVID-19 , and compared to younger adults , the elderly have lower levels of vitamin D due to a variety of biological and behavioral factors .", "Evidence Elements": {"Participant": [], "Intervention": [], "Outcome": []}, "Evidence Propositions": []}, {"Section": "RESULTS", "Text": "Older adults are also more likely to be diagnosed with Parkinson 's disease ( PD ) , with advanced age being the single greatest risk factor .", "Evidence Elements": {"Participant": [], "Intervention": [], "Outcome": []}, "Evidence Propositions": []}, {"Section": "RESULTS", "Text": "In addition to its immune-system-modulating effects , it has been suggested that vitamin D supplementation plays a role in slowing PD progression and improving PD-related quality of life .", "Evidence Elements": {"Participant": [], "Intervention": [], "Outcome": []}, "Evidence Propositions": []}, {"Section": "RESULTS", "Text": "We completed a review of the literature to determine the relationship between vitamin D , PD , and COVID-19 .", "Evidence Elements": {"Participant": [], "Intervention": [{"term": "vitamin D , PD ,", "negation": "affirmed", "UMLS": "", "start": 78, "end": 94}], "Outcome": []}, "Evidence Propositions": []}, {"Section": "CONCLUSIONS", "Text": "We concluded that the daily supplementation of 2000-5000 IU / day of vitamin D3 in older adults with PD has the potential to slow the progression of PD while also potentially offering additional protection against COVID-19 .", "Evidence Elements": {"Participant": [{"term": "older adults", "negation": "affirmed", "UMLS": "", "start": 83, "end": 95}, {"term": "PD", "negation": "affirmed", "UMLS": "", "start": 101, "end": 103}], "Intervention": [{"term": "daily supplementation of 2000-5000", "negation": "affirmed", "UMLS": "", "start": 22, "end": 56}, {"term": "day of vitamin D3", "negation": "affirmed", "UMLS": "", "start": 62, "end": 79}], "Outcome": [{"term": "progression of PD", "negation": "affirmed", "UMLS": "", "start": 134, "end": 151}, {"term": "COVID-19", "negation": "affirmed", "UMLS": "", "start": 214, "end": 222}]}, "Evidence Propositions": [{"Intervention": "daily supplementation of 2000-5000", "Observation": "slow", "Outcome": "progression of PD", "Count": ""}, {"Intervention": "day of vitamin D3", "Observation": "slow", "Outcome": "progression of PD", "Count": ""}, {"Intervention": "daily supplementation of 2000-5000", "Observation": "additional protection", "Outcome": "COVID-19", "Count": ""}]}]}