{"doc_id": "32394639", "type of study": "Therapy", "title": "", "abstract": "The coronavirus disease 2019 (COVID-19) pandemic is caused by a novel betacoronavirus, severe acute respiratory syndrome coronavirus 2 (SARS-CoV-2), similar to SARS-CoV and Middle East respiratory syndrome (MERS-CoV), which cause acute respiratory distress syndrome and case fatalities.\nCOVID-19 disease severity is worse in older obese patients with comorbidities such as diabetes, hypertension, cardiovascular disease, and chronic lung disease.\nCell binding and entry of betacoronaviruses is via their surface spike glycoprotein; SARS-CoV binds to the metalloprotease angiotensin-converting enzyme 2 (ACE2), MERS-CoV utilizes dipeptidyl peptidase 4 (DPP4), and recent modeling of the structure of SARS-CoV-2 spike glycoprotein predicts that it can interact with human DPP4 in addition to ACE2.\nDPP4 is a ubiquitous membrane-bound aminopeptidase that circulates in plasma; it is multifunctional with roles in nutrition, metabolism, and immune and endocrine systems.\nDPP4 activity differentially regulates glucose homeostasis and inflammation via its enzymatic activity and nonenzymatic immunomodulatory effects.\nThe importance of DPP4 for the medical community has been highlighted by the approval of DPP4 inhibitors, or gliptins, for the treatment of type 2 diabetes mellitus.\nThis review discusses the dysregulation of DPP4 in COVID-19 comorbid conditions; DPP4 activity is higher in older individuals and increased plasma DPP4 is a predictor of the onset of metabolic syndrome.\nDPP4 upregulation may be a determinant of COVID-19 disease severity, which creates interest regarding the use of gliptins in management of COVID-19.\nAlso, knowledge of the chemistry and biology of DPP4 could be utilized to develop novel therapies to block viral entry of some betacoronaviruses, potentially including SARS-CoV-2.\n", "Evidence Map": {"Enrollment": [{"term": "older obese", "negation": "affirmed", "UMLS": "", "start": 38, "end": 49}, {"term": "comorbidities", "negation": "affirmed", "UMLS": "", "start": 64, "end": 77}, {"term": "diabetes", "negation": "affirmed", "UMLS": "", "start": 86, "end": 94}, {"term": "hypertension", "negation": "affirmed", "UMLS": "", "start": 97, "end": 109}, {"term": "cardiovascular disease", "negation": "affirmed", "UMLS": "", "start": 112, "end": 134}, {"term": "COVID-19 comorbid conditions", "negation": "affirmed", "UMLS": "", "start": 51, "end": 79}, {"term": "older", "negation": "affirmed", "UMLS": "", "start": 109, "end": 114}], "Comparison Results": [], "Study Arm 1 Results": [], "Study Arm 2 Results": []}, "Sentence-level breakdown": [{"Section": "TITLE", "Text": "The coronavirus disease 2019 ( COVID-19) pandemic is caused by a novel betacoronavirus , severe acute respiratory syndrome coronavirus 2 ( SARS-CoV-2 ) , similar to SARS-CoV and Middle East respiratory syndrome ( MERS-CoV ) , which cause acute respiratory distress syndrome and case fatalities .", "Evidence Elements": {"Participant": [], "Intervention": [], "Outcome": []}, "Evidence Propositions": []}, {"Section": "RESULTS", "Text": "The importance of DPP4 for the medical community has been highlighted by the approval of DPP4 inhibitors , or gliptins , for the treatment of type 2 diabetes mellitus .", "Evidence Elements": {"Participant": [], "Intervention": [], "Outcome": []}, "Evidence Propositions": []}, {"Section": "RESULTS", "Text": "This review discusses the dysregulation of DPP4 in COVID-19 comorbid conditions ; DPP4 activity is higher in older individuals and increased plasma DPP4 is a predictor of the onset of metabolic syndrome .", "Evidence Elements": {"Participant": [{"term": "COVID-19 comorbid conditions", "negation": "affirmed", "UMLS": "", "start": 51, "end": 79}, {"term": "older", "negation": "affirmed", "UMLS": "", "start": 109, "end": 114}], "Intervention": [], "Outcome": [{"term": "dysregulation of DPP4", "negation": "affirmed", "UMLS": "", "start": 26, "end": 47}, {"term": "DPP4 activity", "negation": "affirmed", "UMLS": "", "start": 82, "end": 95}, {"term": "onset of metabolic", "negation": "affirmed", "UMLS": "", "start": 175, "end": 193}]}, "Evidence Propositions": [{"Intervention": [], "Observation": "higher", "Outcome": "DPP4 activity", "Count": ""}]}, {"Section": "RESULTS", "Text": "DPP4 upregulation may be a determinant of COVID-19 disease severity , which creates interest regarding the use of gliptins in management of COVID-19 .", "Evidence Elements": {"Participant": [], "Intervention": [], "Outcome": []}, "Evidence Propositions": []}, {"Section": "CONCLUSIONS", "Text": "Also , knowledge of the chemistry and biology of DPP4 could be utilized to develop novel therapies to block viral entry of some betacoronaviruses , potentially including SARS-CoV-2 .", "Evidence Elements": {"Participant": [], "Intervention": [], "Outcome": []}, "Evidence Propositions": []}]}