{"doc_id": "32393381", "type of study": "Therapy", "title": "", "abstract": "Many healthcare workers were infected by coronavirus disease 2019 (COVID-19) early in the epidemic posing a big challenge for epidemic control.\nHence, this study aims to explore perceived infection routes, influencing factors, psychosocial changes, and management procedures for COVID-19 infected healthcare workers.\nThis is a cross-sectional, single hospital-based study.\nWe recruited all 105 confirmed COVID-19 healthcare workers in the Zhongnan Hospital of Wuhan University from February 15 to 29, 2020.\nAll participants completed a validated questionnaire.\nElectronic consent was obtained from all participants.\nPerceived causes of infection, infection prevention, control knowledge and behaviour, psychological changes, symptoms and treatment were measured.\nFinally, 103 professional staff with COVID-19 finished the questionnaire and was included (response rate: 98.1%).\nOf them, 87 cases (84.5%) thought they were infected in working environment in hospital, one (1.0%) thought their infection was due to the laboratory environment, and 5 (4.9%) thought they were infected in daily life or community environment.\nSwab of throat collection and physical examination were the procedures perceived as most likely causing their infection by nurses and doctors respectively.\nForty-three (41.8%) thought their infection was related to protective equipment, utilization of common equipment (masks and gloves).\nThe top three first symptoms displayed before diagnosis were fever (41.8%), lethargy (33.0%) and muscle aches (30.1%).\nAfter diagnosis, 88.3% staff experienced psychological stress or emotional changes during their isolation period, only 11.7% had almost no emotional changes.\nArbidol (Umifenovir; an anti-influza drug; 69.2%) was the drug most commonly used to target infection in mild and moderate symptoms.\nThe main perceived mode of transmission was not maintaining protection when working at a close distance and having intimate contact with infected cases.\nPositive psychological intervention is necessary.\n", "Evidence Map": {"Enrollment": [{"term": "confirmed", "negation": "affirmed", "UMLS": "", "start": 21, "end": 30}, {"term": "COVID-19 healthcare workers", "negation": "affirmed", "UMLS": "", "start": 31, "end": 58}, {"term": "professional", "negation": "affirmed", "UMLS": "", "start": 14, "end": 26}, {"term": "COVID-19", "negation": "affirmed", "UMLS": "", "start": 38, "end": 46}, {"term": "nurses", "negation": "affirmed", "UMLS": "", "start": 123, "end": 129}, {"term": "doctors", "negation": "affirmed", "UMLS": "", "start": 134, "end": 141}], "Comparison Results": [], "Study Arm 1 Results": [], "Study Arm 2 Results": []}, "Sentence-level breakdown": [{"Section": "TITLE", "Text": "Many healthcare workers were infected by coronavirus disease 2019 ( COVID-19 ) early in the epidemic posing a big challenge for epidemic control .", "Evidence Elements": {"Participant": [], "Intervention": [], "Outcome": []}, "Evidence Propositions": []}, {"Section": "OBJECTIVE", "Text": "Hence , this study aims to explore perceived infection routes , influencing factors , psychosocial changes , and management procedures for COVID-19 infected healthcare workers .", "Evidence Elements": {"Participant": [], "Intervention": [], "Outcome": [{"term": "perceived infection routes", "negation": "affirmed", "UMLS": "", "start": 35, "end": 61}, {"term": "influencing factors", "negation": "affirmed", "UMLS": "", "start": 64, "end": 83}, {"term": "psychosocial changes", "negation": "affirmed", "UMLS": "", "start": 86, "end": 106}, {"term": "management procedures", "negation": "affirmed", "UMLS": "", "start": 113, "end": 134}]}, "Evidence Propositions": []}, {"Section": "METHODS", "Text": "This is a cross-sectional , single hospital-based study .", "Evidence Elements": {"Participant": [], "Intervention": [], "Outcome": []}, "Evidence Propositions": []}, {"Section": "METHODS", "Text": "We recruited all 105 confirmed COVID-19 healthcare workers in the Zhongnan Hospital of Wuhan University from February 15 to 29 , 2020 .", "Evidence Elements": {"Participant": [{"term": "confirmed", "negation": "affirmed", "UMLS": "", "start": 21, "end": 30}, {"term": "COVID-19 healthcare workers", "negation": "affirmed", "UMLS": "", "start": 31, "end": 58}], "Intervention": [], "Outcome": []}, "Evidence Propositions": []}, {"Section": "METHODS", "Text": "All participants completed a validated questionnaire .", "Evidence Elements": {"Participant": [], "Intervention": [], "Outcome": []}, "Evidence Propositions": []}, {"Section": "METHODS", "Text": "Electronic consent was obtained from all participants .", "Evidence Elements": {"Participant": [], "Intervention": [], "Outcome": []}, "Evidence Propositions": []}, {"Section": "METHODS", "Text": "Perceived causes of infection , infection prevention , control knowledge and behaviour , psychological changes , symptoms and treatment were measured .", "Evidence Elements": {"Participant": [], "Intervention": [], "Outcome": [{"term": "Perceived causes of infection", "negation": "affirmed", "UMLS": "", "start": 0, "end": 29}, {"term": "infection prevention", "negation": "affirmed", "UMLS": "", "start": 32, "end": 52}, {"term": "control knowledge and behaviour", "negation": "affirmed", "UMLS": "", "start": 55, "end": 86}, {"term": "psychological changes", "negation": "affirmed", "UMLS": "", "start": 89, "end": 110}, {"term": "symptoms", "negation": "affirmed", "UMLS": "", "start": 113, "end": 121}]}, "Evidence Propositions": []}, {"Section": "METHODS", "Text": "Finally , 103 professional staff with COVID-19 finished the questionnaire and was included ( response rate : 98.1 % ) .", "Evidence Elements": {"Participant": [{"term": "professional", "negation": "affirmed", "UMLS": "", "start": 14, "end": 26}, {"term": "COVID-19", "negation": "affirmed", "UMLS": "", "start": 38, "end": 46}], "Intervention": [], "Outcome": []}, "Evidence Propositions": []}, {"Section": "RESULTS", "Text": "Of them , 87 cases ( 84.5 % ) thought they were infected in working environment in hospital , one ( 1.0 % ) thought their infection was due to the laboratory environment , and 5 ( 4.9 % ) thought they were infected in daily life or community environment .", "Evidence Elements": {"Participant": [], "Intervention": [], "Outcome": []}, "Evidence Propositions": []}, {"Section": "RESULTS", "Text": "Swab of throat collection and physical examination were the procedures perceived as most likely causing their infection by nurses and doctors respectively .", "Evidence Elements": {"Participant": [{"term": "nurses", "negation": "affirmed", "UMLS": "", "start": 123, "end": 129}, {"term": "doctors", "negation": "affirmed", "UMLS": "", "start": 134, "end": 141}], "Intervention": [], "Outcome": [{"term": "Swab of throat collection", "negation": "affirmed", "UMLS": "", "start": 0, "end": 25}, {"term": "physical examination", "negation": "affirmed", "UMLS": "", "start": 30, "end": 50}, {"term": "infection", "negation": "affirmed", "UMLS": "", "start": 110, "end": 119}]}, "Evidence Propositions": [{"Intervention": [], "Observation": "most likely", "Outcome": "Swab of throat collection", "Count": ""}, {"Intervention": [], "Observation": "most likely", "Outcome": "physical examination", "Count": ""}]}, {"Section": "RESULTS", "Text": "Forty-three ( 41.8 % ) thought their infection was related to protective equipment , utilization of common equipment ( masks and gloves ) .", "Evidence Elements": {"Participant": [], "Intervention": [], "Outcome": [{"term": "infection", "negation": "affirmed", "UMLS": "", "start": 37, "end": 46}]}, "Evidence Propositions": []}, {"Section": "RESULTS", "Text": "The top three first symptoms displayed before diagnosis were fever ( 41.8 % ) , lethargy ( 33.0 % ) and muscle aches ( 30.1 % ) .", "Evidence Elements": {"Participant": [], "Intervention": [], "Outcome": [{"term": "fever", "negation": "affirmed", "UMLS": "", "start": 61, "end": 66}, {"term": "lethargy", "negation": "affirmed", "UMLS": "", "start": 80, "end": 88}]}, "Evidence Propositions": []}, {"Section": "RESULTS", "Text": "After diagnosis , 88.3 % staff experienced psychological stress or emotional changes during their isolation period , only 11.7 % had almost no emotional changes .", "Evidence Elements": {"Participant": [], "Intervention": [], "Outcome": [{"term": "psychological stress", "negation": "affirmed", "UMLS": "", "start": 43, "end": 63}, {"term": "emotional changes", "negation": "negated", "UMLS": "", "start": 67, "end": 84}]}, "Evidence Propositions": []}, {"Section": "RESULTS", "Text": "Arbidol ( Umifenovir ; an anti-influza drug ; 69.2 % ) was the drug most commonly used to target infection in mild and moderate symptoms .", "Evidence Elements": {"Participant": [], "Intervention": [], "Outcome": []}, "Evidence Propositions": []}, {"Section": "RESULTS", "Text": "The main perceived mode of transmission was not maintaining protection when working at a close distance and having intimate contact with infected cases .", "Evidence Elements": {"Participant": [], "Intervention": [], "Outcome": [{"term": "protection", "negation": "negated", "UMLS": "", "start": 60, "end": 70}]}, "Evidence Propositions": []}, {"Section": "CONCLUSIONS", "Text": "Positive psychological intervention is necessary .", "Evidence Elements": {"Participant": [], "Intervention": [], "Outcome": []}, "Evidence Propositions": []}]}