{"doc_id": "32392282", "type of study": "Therapy", "title": "", "abstract": "Importance: Hydroxychloroquine, with or without azithromycin, has been considered as a possible therapeutic agent for patients with coronavirus disease 2019 (COVID-19).\nHowever, there are limited data on efficacy and associated adverse events.\nObjective: To describe the association between use of hydroxychloroquine, with or without azithromycin, and clinical outcomes among hospital inpatients diagnosed with COVID-19.\nDesign, Setting, and Participants: Retrospective multicenter cohort study of patients from a random sample of all admitted patients with laboratory-confirmed COVID-19 in 25 hospitals, representing 88.2% of patients with COVID-19 in the New York metropolitan region.\nEligible patients were admitted for at least 24 hours between March 15 and 28, 2020.\nMedications, preexisting conditions, clinical measures on admission, outcomes, and adverse events were abstracted from medical records.\nThe date of final follow-up was April 24, 2020.\nExposures: Receipt of both hydroxychloroquine and azithromycin, hydroxychloroquine alone, azithromycin alone, or neither.\nMain Outcomes and Measures: Primary outcome was in-hospital mortality.\nSecondary outcomes were cardiac arrest and abnormal electrocardiogram findings (arrhythmia or QT prolongation).\nResults: Among 1438 hospitalized patients with a diagnosis of COVID-19 (858 [59.7%] male, median age, 63 years), those receiving hydroxychloroquine, azithromycin, or both were more likely than those not receiving either drug to have diabetes, respiratory rate >22/min, abnormal chest imaging findings, O2 saturation lower than 90%, and aspartate aminotransferase greater than 40 U/L. Overall in-hospital mortality was 20.3% (95% CI, 18.2%-22.4%).\nThe probability of death for patients receiving hydroxychloroquine + azithromycin was 189/735 (25.7% [95% CI, 22.3%-28.9%]), hydroxychloroquine alone, 54/271 (19.9% [95% CI, 15.2%-24.7%]), azithromycin alone, 21/211 (10.0% [95% CI, 5.9%-14.0%]), and neither drug, 28/221 (12.7% [95% CI, 8.3%-17.1%]).\nIn adjusted Cox proportional hazards models, compared with patients receiving neither drug, there were no significant differences in mortality for patients receiving hydroxychloroquine + azithromycin (HR, 1.35 [95% CI, 0.76-2.40]), hydroxychloroquine alone (HR, 1.08 [95% CI, 0.63-1.85]), or azithromycin alone (HR, 0.56 [95% CI, 0.26-1.21]).\nIn logistic models, compared with patients receiving neither drug cardiac arrest was significantly more likely in patients receiving hydroxychloroquine + azithromycin (adjusted OR, 2.13 [95% CI, 1.12-4.05]), but not hydroxychloroquine alone (adjusted OR, 1.91 [95% CI, 0.96-3.81]) or azithromycin alone (adjusted OR, 0.64 [95% CI, 0.27-1.56]), .\nIn adjusted logistic regression models, there were no significant differences in the relative likelihood of abnormal electrocardiogram findings.\nConclusions and Relevance: Among patients hospitalized in metropolitan New York with COVID-19, treatment with hydroxychloroquine, azithromycin, or both, compared with neither treatment, was not significantly associated with differences in in-hospital mortality.\nHowever, the interpretation of these findings may be limited by the observational design.\n", "Evidence Map": {"Enrollment": [{"term": "hospital inpatients", "negation": "affirmed", "UMLS": "", "start": 135, "end": 154}, {"term": "admitted patients", "negation": "affirmed", "UMLS": "", "start": 117, "end": 134}, {"term": "laboratory-confirmed COVID-19", "negation": "affirmed", "UMLS": "", "start": 140, "end": 169}, {"term": "COVID-19", "negation": "affirmed", "UMLS": "", "start": 161, "end": 169}, {"term": "hospitalized", "negation": "affirmed", "UMLS": "", "start": 21, "end": 33}, {"term": "COVID-19", "negation": "affirmed", "UMLS": "", "start": 63, "end": 71}, {"term": "diabetes", "negation": "negated", "UMLS": "", "start": 244, "end": 252}, {"term": "imaging findings", "negation": "negated", "UMLS": "", "start": 300, "end": 316}, {"term": "hospitalized", "negation": "affirmed", "UMLS": "", "start": 43, "end": 55}, {"term": "metropolitan New York", "negation": "affirmed", "UMLS": "", "start": 59, "end": 80}, {"term": "COVID-19", "negation": "affirmed", "UMLS": "", "start": 86, "end": 94}], "Comparison Results": [], "Study Arm 1 Results": [], "Study Arm 2 Results": []}, "Sentence-level breakdown": [{"Section": "TITLE", "Text": "Importance : Hydroxychloroquine , with or without azithromycin , has been considered as a possible therapeutic agent for patients with coronavirus disease 2019 ( COVID-19 ) .", "Evidence Elements": {"Participant": [], "Intervention": [], "Outcome": []}, "Evidence Propositions": []}, {"Section": "OBJECTIVE", "Text": "Objective : To describe the association between use of hydroxychloroquine , with or without azithromycin , and clinical outcomes among hospital inpatients diagnosed with COVID-19 .", "Evidence Elements": {"Participant": [{"term": "hospital inpatients", "negation": "affirmed", "UMLS": "", "start": 135, "end": 154}], "Intervention": [{"term": "hydroxychloroquine , with or without azithromycin", "negation": "affirmed", "UMLS": "", "start": 55, "end": 104}], "Outcome": [{"term": "clinical outcomes", "negation": "affirmed", "UMLS": "", "start": 111, "end": 128}]}, "Evidence Propositions": [{"Intervention": "hydroxychloroquine , with or without azithromycin", "Observation": "association", "Outcome": "clinical outcomes", "Count": ""}]}, {"Section": "METHODS", "Text": "Design , Setting , and Participants : Retrospective multicenter cohort study of patients from a random sample of all admitted patients with laboratory-confirmed COVID-19 in 25 hospitals , representing 88.2 % of patients with COVID-19 in the New York metropolitan region .", "Evidence Elements": {"Participant": [{"term": "admitted patients", "negation": "affirmed", "UMLS": "", "start": 117, "end": 134}, {"term": "laboratory-confirmed COVID-19", "negation": "affirmed", "UMLS": "", "start": 140, "end": 169}, {"term": "COVID-19", "negation": "affirmed", "UMLS": "", "start": 161, "end": 169}], "Intervention": [], "Outcome": []}, "Evidence Propositions": []}, {"Section": "METHODS", "Text": "Eligible patients were admitted for at least 24 hours between March 15 and 28 , 2020 .", "Evidence Elements": {"Participant": [], "Intervention": [], "Outcome": []}, "Evidence Propositions": []}, {"Section": "METHODS", "Text": "Medications , preexisting conditions , clinical measures on admission , outcomes , and adverse events were abstracted from medical records .", "Evidence Elements": {"Participant": [], "Intervention": [], "Outcome": [{"term": "Medications", "negation": "affirmed", "UMLS": "", "start": 0, "end": 11}, {"term": "preexisting conditions", "negation": "affirmed", "UMLS": "", "start": 14, "end": 36}, {"term": "clinical measures on admission", "negation": "affirmed", "UMLS": "", "start": 39, "end": 69}, {"term": "outcomes", "negation": "affirmed", "UMLS": "", "start": 72, "end": 80}, {"term": "adverse events", "negation": "affirmed", "UMLS": "", "start": 87, "end": 101}]}, "Evidence Propositions": []}, {"Section": "METHODS", "Text": "The date of final follow-up was April 24 , 2020 .", "Evidence Elements": {"Participant": [], "Intervention": [], "Outcome": []}, "Evidence Propositions": []}, {"Section": "METHODS", "Text": "Exposures : Receipt of both hydroxychloroquine and azithromycin , hydroxychloroquine alone , azithromycin alone , or neither .", "Evidence Elements": {"Participant": [], "Intervention": [{"term": "hydroxychloroquine", "negation": "affirmed", "UMLS": "", "start": 28, "end": 46}, {"term": "azithromycin", "negation": "affirmed", "UMLS": "", "start": 51, "end": 63}, {"term": "hydroxychloroquine alone", "negation": "affirmed", "UMLS": "", "start": 66, "end": 90}, {"term": "azithromycin", "negation": "affirmed", "UMLS": "", "start": 51, "end": 63}], "Outcome": []}, "Evidence Propositions": []}, {"Section": "METHODS", "Text": "Main Outcomes and Measures : Primary outcome was in-hospital mortality .", "Evidence Elements": {"Participant": [], "Intervention": [], "Outcome": [{"term": "in-hospital", "negation": "affirmed", "UMLS": "", "start": 49, "end": 60}]}, "Evidence Propositions": []}, {"Section": "METHODS", "Text": "Secondary outcomes were cardiac arrest and abnormal electrocardiogram findings ( arrhythmia or QT prolongation ) .", "Evidence Elements": {"Participant": [], "Intervention": [], "Outcome": [{"term": "cardiac arrest", "negation": "affirmed", "UMLS": "", "start": 24, "end": 38}, {"term": "electrocardiogram findings", "negation": "affirmed", "UMLS": "", "start": 52, "end": 78}, {"term": "arrhythmia", "negation": "affirmed", "UMLS": "", "start": 81, "end": 91}, {"term": "QT", "negation": "affirmed", "UMLS": "", "start": 95, "end": 97}]}, "Evidence Propositions": []}, {"Section": "RESULTS", "Text": "Results : Among 1438 hospitalized patients with a diagnosis of COVID-19 ( 858 [ 59.7 % ] male , median age , 63 years ) , those receiving hydroxychloroquine , azithromycin , or both were more likely than those not receiving either drug to have diabetes , respiratory rate > 22 / min , abnormal chest imaging findings , O2 saturation lower than 90 % , and aspartate aminotransferase greater than 40 U / L . Overall in-hospital mortality was 20.3 % ( 95 % CI , 18.2 % -", "Evidence Elements": {"Participant": [{"term": "hospitalized", "negation": "affirmed", "UMLS": "", "start": 21, "end": 33}, {"term": "COVID-19", "negation": "affirmed", "UMLS": "", "start": 63, "end": 71}, {"term": "diabetes", "negation": "negated", "UMLS": "", "start": 244, "end": 252}, {"term": "imaging findings", "negation": "negated", "UMLS": "", "start": 300, "end": 316}], "Intervention": [{"term": "hydroxychloroquine", "negation": "affirmed", "UMLS": "", "start": 138, "end": 156}, {"term": "azithromycin", "negation": "affirmed", "UMLS": "", "start": 159, "end": 171}, {"term": "both", "negation": "affirmed", "UMLS": "", "start": 177, "end": 181}, {"term": "either drug", "negation": "negated", "UMLS": "", "start": 224, "end": 235}], "Outcome": [{"term": "respiratory rate", "negation": "negated", "UMLS": "", "start": 255, "end": 271}, {"term": "O2 saturation", "negation": "negated", "UMLS": "", "start": 319, "end": 332}]}, "Evidence Propositions": [{"Intervention": ["hydroxychloroquine", "azithromycin", "both", "either drug"], "Observation": "more likely", "Outcome": "", "Count": ""}, {"Intervention": [], "Observation": "lower than 90 %", "Outcome": "", "Count": ""}]}, {"Section": "RESULTS", "Text": "The probability of death for patients receiving hydroxychloroquine + azithromycin was 189 / 735 ( 25.7 % [ 95 % CI , 22.3 % -28.9 % ] ) , hydroxychloroquine alone , 54 / 271 ( 19.9 % [ 95 % CI , 15.2 % -24.7 % ] ) , azithromycin alone , 21 / 211 ( 10.0 % [ 95 % CI , 5.9 % -14.0 % ] ) , and neither drug , 28", "Evidence Elements": {"Participant": [], "Intervention": [{"term": "hydroxychloroquine + azithromycin", "negation": "affirmed", "UMLS": "", "start": 48, "end": 81}, {"term": "hydroxychloroquine alone", "negation": "affirmed", "UMLS": "", "start": 138, "end": 162}], "Outcome": [{"term": "probability of death", "negation": "affirmed", "UMLS": "", "start": 4, "end": 24}]}, "Evidence Propositions": [{"Intervention": "hydroxychloroquine + azithromycin", "Observation": "", "Count": "735", "Outcome": "probability of death"}, {"Intervention": "hydroxychloroquine alone", "Observation": "", "Count": "271", "Outcome": "probability of death"}]}, {"Section": "RESULTS", "Text": "In adjusted Cox proportional hazards models , compared with patients receiving neither drug , there were no significant differences in mortality for patients receiving hydroxychloroquine + azithromycin ( HR , 1.35 [ 95 % CI , 0.76-2.40 ] ) , hydroxychloroquine alone ( HR , 1.08 [ 95 % CI , 0.63-1.85 ] ) , or azithromycin alone ( HR , 0.56 [ 95 % CI , 0.26-1.21 ] ) .", "Evidence Elements": {"Participant": [], "Intervention": [{"term": "neither drug", "negation": "affirmed", "UMLS": "", "start": 79, "end": 91}, {"term": "hydroxychloroquine + azithromycin", "negation": "negated", "UMLS": "", "start": 168, "end": 201}, {"term": "hydroxychloroquine alone", "negation": "negated", "UMLS": "", "start": 242, "end": 266}], "Outcome": [{"term": "mortality", "negation": "negated", "UMLS": "", "start": 135, "end": 144}]}, "Evidence Propositions": [{"Intervention": ["neither drug", "hydroxychloroquine + azithromycin", "hydroxychloroquine alone"], "Observation": "significant differences", "Outcome": "mortality", "Count": ""}]}, {"Section": "RESULTS", "Text": "In logistic models , compared with patients receiving neither drug cardiac arrest was significantly more likely in patients receiving hydroxychloroquine + azithromycin ( adjusted OR , 2.13 [ 95 % CI , 1.12-4.05 ] ) , but not hydroxychloroquine alone ( adjusted OR , 1.91 [ 95 % CI , 0.96-3.81 ] ) or azithromycin alone ( adjusted OR , 0.64 [ 95 % CI , 0.27-1.56 ] ) , .", "Evidence Elements": {"Participant": [], "Intervention": [{"term": "neither drug cardiac arrest", "negation": "affirmed", "UMLS": "", "start": 54, "end": 81}, {"term": "hydroxychloroquine + azithromycin", "negation": "affirmed", "UMLS": "", "start": 134, "end": 167}, {"term": "hydroxychloroquine alone", "negation": "negated", "UMLS": "", "start": 225, "end": 249}], "Outcome": []}, "Evidence Propositions": [{"Intervention": ["neither drug cardiac arrest", "hydroxychloroquine + azithromycin", "hydroxychloroquine alone"], "Observation": "significantly more likely", "Outcome": "", "Count": ""}]}, {"Section": "RESULTS", "Text": "In adjusted logistic regression models , there were no significant differences in the relative likelihood of abnormal electrocardiogram findings .", "Evidence Elements": {"Participant": [], "Intervention": [], "Outcome": [{"term": "relative likelihood of abnormal electrocardiogram", "negation": "negated", "UMLS": "", "start": 86, "end": 135}]}, "Evidence Propositions": [{"Intervention": [], "Observation": "significant differences", "Outcome": "relative likelihood of abnormal electrocardiogram", "Count": ""}]}, {"Section": "RESULTS", "Text": "Conclusions and Relevance : Among patients hospitalized in metropolitan New York with COVID-19 , treatment with hydroxychloroquine , azithromycin , or both , compared with neither treatment , was not significantly associated with differences in in-hospital mortality .", "Evidence Elements": {"Participant": [{"term": "hospitalized", "negation": "affirmed", "UMLS": "", "start": 43, "end": 55}, {"term": "metropolitan New York", "negation": "affirmed", "UMLS": "", "start": 59, "end": 80}, {"term": "COVID-19", "negation": "affirmed", "UMLS": "", "start": 86, "end": 94}], "Intervention": [{"term": "hydroxychloroquine", "negation": "affirmed", "UMLS": "", "start": 112, "end": 130}, {"term": "azithromycin", "negation": "affirmed", "UMLS": "", "start": 133, "end": 145}, {"term": "both", "negation": "affirmed", "UMLS": "", "start": 151, "end": 155}, {"term": "neither treatment", "negation": "affirmed", "UMLS": "", "start": 172, "end": 189}], "Outcome": []}, "Evidence Propositions": []}, {"Section": "RESULTS", "Text": "However , the interpretation of these findings may be limited by the observational design .", "Evidence Elements": {"Participant": [], "Intervention": [], "Outcome": []}, "Evidence Propositions": []}]}