{"doc_id": "32397511", "type of study": "Therapy", "title": "", "abstract": "Severe acute respiratory syndrome coronavirus 2 (SARS-CoV-2) causes coronavirus disease 2019 (COVID-19), with a clinical outcome ranging from mild to severe, including death.\nTo date, it is unclear why some patients develop severe symptoms.\nMany authors have suggested the involvement of vitamin D in reducing the risk of infections; thus, we retrospectively investigated the 25-hydroxyvitamin D (25(OH)D) concentrations in plasma obtained from a cohort of patients from Switzerland.\nIn this cohort, significantly lower 25(OH)D levels (p = 0.004) were found in PCR-positive for SARS-CoV-2 (median value 11.1 ng/mL) patients compared with negative patients (24.6 ng/mL); this was also confirmed by stratifying patients according to age >70 years.\nOn the basis of this preliminary observation, vitamin D supplementation might be a useful measure to reduce the risk of infection.\nRandomized controlled trials and large population studies should be conducted to evaluate these recommendations and to confirm our preliminary observation.\n", "Evidence Map": {"Enrollment": [{"term": "PCR-positive for SARS-CoV-2", "negation": "affirmed", "UMLS": "", "start": 84, "end": 111}], "Comparison Results": [], "Study Arm 1 Results": [], "Study Arm 2 Results": []}, "Sentence-level breakdown": [{"Section": "TITLE", "Text": "Severe acute respiratory syndrome coronavirus 2 ( SARS-CoV-2 ) causes coronavirus disease 2019 ( COVID-19 ) , with a clinical outcome ranging from mild to severe , including death .", "Evidence Elements": {"Participant": [], "Intervention": [], "Outcome": []}, "Evidence Propositions": []}, {"Section": "RESULTS", "Text": "In this cohort , significantly lower 25 ( OH ) D levels ( p = 0.004 ) were found in PCR-positive for SARS-CoV-2 ( median value 11.1 ng / mL ) patients compared with negative patients ( 24.6 ng / mL ) ; this was also confirmed by stratifying patients according to age > 70 years .", "Evidence Elements": {"Participant": [{"term": "PCR-positive for SARS-CoV-2", "negation": "affirmed", "UMLS": "", "start": 84, "end": 111}], "Intervention": [{"term": "negative", "negation": "affirmed", "UMLS": "", "start": 165, "end": 173}], "Outcome": [{"term": "25 ( OH ) D levels", "negation": "affirmed", "UMLS": "", "start": 37, "end": 55}]}, "Evidence Propositions": [{"Intervention": [], "Observation": "significantly lower", "Outcome": "", "Count": ""}]}, {"Section": "CONCLUSIONS", "Text": "On the basis of this preliminary observation , vitamin D supplementation might be a useful measure to reduce the risk of infection .", "Evidence Elements": {"Participant": [], "Intervention": [{"term": "vitamin D supplementation", "negation": "affirmed", "UMLS": "", "start": 47, "end": 72}], "Outcome": [{"term": "risk of", "negation": "affirmed", "UMLS": "", "start": 113, "end": 120}]}, "Evidence Propositions": [{"Intervention": "vitamin D supplementation", "Observation": "reduce", "Outcome": "risk of", "Count": ""}]}, {"Section": "CONCLUSIONS", "Text": "Randomized controlled trials and large population studies should be conducted to evaluate these recommendations and to confirm our preliminary observation .", "Evidence Elements": {"Participant": [], "Intervention": [], "Outcome": []}, "Evidence Propositions": []}]}