{"doc_id": "32392072", "type of study": "Therapy", "title": "", "abstract": "The pandemic outbreak of a new coronavirus (CoV), SARS-CoV-2, has captured the world's attention, demonstrating that CoVs represent a continuous global threat.\nAs this is a highly contagious virus, it is imperative to understand RNA-dependent-RNA-polymerase (RdRp), the key component in virus replication.\nAlthough the SARS-CoV-2 genome shares 80% sequence identity with severe acute respiratory syndrome SARS-CoV, their RdRps and nucleotidyl-transferases (NiRAN) share 98.1% and 93.2% identity, respectively.\nSequence alignment of six coronaviruses demonstrated higher identity among their RdRps (60.9%-98.1%) and lower identity among their Spike proteins (27%-77%).\nThus, a 3D structural model of RdRp, NiRAN, non-structural protein 7 (nsp7), and nsp8 of SARS-CoV-2 was generated by modeling starting from the SARS counterpart structures.\nFurthermore, we demonstrate the binding poses of three viral RdRp inhibitors (Galidesivir, Favipiravir, and Penciclovir), which were recently reported to have clinical significance for SARS-CoV-2.\nThe network of interactions established by these drug molecules affirms their efficacy to inhibit viral RNA replication and provides an insight into their structure-based rational optimization for SARS-CoV-2 inhibition.\n", "Evidence Map": {"Enrollment": [{"term": "severe acute respiratory syndrome SARS-CoV", "negation": "affirmed", "UMLS": "", "start": 66, "end": 108}], "Comparison Results": [], "Study Arm 1 Results": [], "Study Arm 2 Results": []}, "Sentence-level breakdown": [{"Section": "TITLE", "Text": "The pandemic outbreak of a new coronavirus ( CoV ) , SARS-CoV-2 , has captured the world 's attention , demonstrating that CoVs represent a continuous global threat .", "Evidence Elements": {"Participant": [], "Intervention": [], "Outcome": []}, "Evidence Propositions": []}, {"Section": "RESULTS", "Text": "Although the SARS-CoV-2 genome shares 80 % sequence identity with severe acute respiratory syndrome SARS-CoV , their RdRps and nucleotidyl-transferases ( NiRAN ) share 98.1 % and 93.2 % identity , respectively .", "Evidence Elements": {"Participant": [{"term": "severe acute respiratory syndrome SARS-CoV", "negation": "affirmed", "UMLS": "", "start": 66, "end": 108}], "Intervention": [{"term": "SARS-CoV-2", "negation": "affirmed", "UMLS": "", "start": 13, "end": 23}], "Outcome": [{"term": "RdRps", "negation": "affirmed", "UMLS": "", "start": 117, "end": 122}, {"term": "nucleotidyl-transferases ( NiRAN )", "negation": "affirmed", "UMLS": "", "start": 127, "end": 161}]}, "Evidence Propositions": [{"Intervention": "SARS-CoV-2", "Observation": "98.1", "Outcome": "RdRps", "Count": ""}, {"Intervention": "SARS-CoV-2", "Observation": "98.1", "Outcome": "nucleotidyl-transferases ( NiRAN )", "Count": ""}]}, {"Section": "RESULTS", "Text": "Sequence alignment of six coronaviruses demonstrated higher identity among their RdRps ( 60.9 %-98.1 % ) and lower identity among their Spike proteins ( 27 %-77 % ) .", "Evidence Elements": {"Participant": [], "Intervention": [], "Outcome": [{"term": "identity among their RdRps", "negation": "affirmed", "UMLS": "", "start": 60, "end": 86}, {"term": "identity among", "negation": "affirmed", "UMLS": "", "start": 60, "end": 74}]}, "Evidence Propositions": []}, {"Section": "RESULTS", "Text": "Thus , a 3D structural model of RdRp , NiRAN , non-structural protein 7 ( nsp7 ) , and nsp8 of SARS-CoV-2 was generated by modeling starting from the SARS counterpart structures .", "Evidence Elements": {"Participant": [], "Intervention": [{"term": "SARS-CoV-2", "negation": "affirmed", "UMLS": "", "start": 95, "end": 105}], "Outcome": [{"term": "RdRp", "negation": "affirmed", "UMLS": "", "start": 32, "end": 36}, {"term": "NiRAN", "negation": "affirmed", "UMLS": "", "start": 39, "end": 44}, {"term": "non-structural protein 7 ( nsp7 )", "negation": "affirmed", "UMLS": "", "start": 47, "end": 80}, {"term": "nsp8", "negation": "affirmed", "UMLS": "", "start": 87, "end": 91}]}, "Evidence Propositions": []}, {"Section": "RESULTS", "Text": "Furthermore , we demonstrate the binding poses of three viral RdRp inhibitors ( Galidesivir , Favipiravir , and Penciclovir ) , which were recently reported to have clinical significance for SARS-CoV-2 .", "Evidence Elements": {"Participant": [], "Intervention": [{"term": "viral RdRp inhibitors", "negation": "affirmed", "UMLS": "", "start": 56, "end": 77}, {"term": "Galidesivir", "negation": "affirmed", "UMLS": "", "start": 80, "end": 91}, {"term": "Favipiravir", "negation": "affirmed", "UMLS": "", "start": 94, "end": 105}, {"term": "Penciclovir", "negation": "affirmed", "UMLS": "", "start": 112, "end": 123}], "Outcome": [{"term": "binding poses", "negation": "affirmed", "UMLS": "", "start": 33, "end": 46}]}, "Evidence Propositions": []}, {"Section": "CONCLUSIONS", "Text": "The network of interactions established by these drug molecules affirms their efficacy to inhibit viral RNA replication and provides an insight into their structure-based rational optimization for SARS-CoV-2 inhibition .", "Evidence Elements": {"Participant": [], "Intervention": [], "Outcome": []}, "Evidence Propositions": []}]}