{"doc_id": "32390064", "type of study": "Therapy", "title": "", "abstract": "The advent of the SARS-CoV-2 and COVID-19 pandemic has generated a lot of publications at a rapid pace.\nWe know that older adults disproportionately suffer the most severe of COVID outcomes.\nHere we attempt to coalesce the key knowledge of SARS-CoV-2 biology to the disease and clinical care concepts in the context of older adults.\n", "Evidence Map": {"Enrollment": [{"term": "older adults", "negation": "affirmed", "UMLS": "", "start": 13, "end": 25}, {"term": "older adults", "negation": "affirmed", "UMLS": "", "start": 128, "end": 140}], "Comparison Results": [], "Study Arm 1 Results": [], "Study Arm 2 Results": []}, "Sentence-level breakdown": [{"Section": "TITLE", "Text": "The advent of the SARS-CoV-2 and COVID-19 pandemic has generated a lot of publications at a rapid pace .", "Evidence Elements": {"Participant": [], "Intervention": [], "Outcome": []}, "Evidence Propositions": []}, {"Section": "RESULTS", "Text": "We know that older adults disproportionately suffer the most severe of COVID outcomes .", "Evidence Elements": {"Participant": [{"term": "older adults", "negation": "affirmed", "UMLS": "", "start": 13, "end": 25}], "Intervention": [], "Outcome": [{"term": "COVID outcomes", "negation": "affirmed", "UMLS": "", "start": 71, "end": 85}]}, "Evidence Propositions": [{"Intervention": [], "Observation": "most severe", "Outcome": "COVID outcomes", "Count": ""}]}, {"Section": "CONCLUSIONS", "Text": "Here we attempt to coalesce the key knowledge of SARS-CoV-2 biology to the disease and clinical care concepts in the context of older adults .", "Evidence Elements": {"Participant": [{"term": "older adults", "negation": "affirmed", "UMLS": "", "start": 128, "end": 140}], "Intervention": [], "Outcome": []}, "Evidence Propositions": []}]}