{"doc_id": "32394850", "type of study": "Therapy", "title": "", "abstract": "The review addressed the relationship of coronavirus disease 2019 (COVID-19) with functioning of the renin-angiotensin-aldosterone axis and the causes for unfavorable prognosis depending on patients' age and comorbidities.\nThe authors discussed in detail potential effects of angiotensin-converting enzyme inhibitors and angiotensin II type 1 receptor antagonists on the risk of infection and the course of COVID-2019 as well as the effect of SARS-COV2 virus on the cardiovascular system.\n", "Evidence Map": {"Enrollment": [], "Comparison Results": [], "Study Arm 1 Results": [], "Study Arm 2 Results": []}, "Sentence-level breakdown": [{"Section": "TITLE", "Text": "The review addressed the relationship of coronavirus disease 2019 ( COVID-19 ) with functioning of the renin-angiotensin-aldosterone axis and the causes for unfavorable prognosis depending on patients ' age and comorbidities .", "Evidence Elements": {"Participant": [], "Intervention": [{"term": "coronavirus disease 2019 ( COVID-19 )", "negation": "affirmed", "UMLS": "", "start": 41, "end": 78}], "Outcome": [{"term": "functioning of the renin-angiotensin-aldosterone axis", "negation": "affirmed", "UMLS": "", "start": 84, "end": 137}, {"term": "causes", "negation": "affirmed", "UMLS": "", "start": 146, "end": 152}, {"term": "unfavorable prognosis", "negation": "affirmed", "UMLS": "", "start": 157, "end": 178}]}, "Evidence Propositions": [{"Intervention": "coronavirus disease 2019 ( COVID-19 )", "Observation": "relationship", "Outcome": "functioning of the renin-angiotensin-aldosterone axis", "Count": ""}, {"Intervention": "coronavirus disease 2019 ( COVID-19 )", "Observation": "relationship", "Outcome": "causes", "Count": ""}, {"Intervention": "coronavirus disease 2019 ( COVID-19 )", "Observation": "relationship", "Outcome": "unfavorable prognosis", "Count": ""}]}, {"Section": "CONCLUSIONS", "Text": "The authors discussed in detail potential effects of angiotensin-converting enzyme inhibitors and angiotensin II type 1 receptor antagonists on the risk of infection and the course of COVID-2019 as well as the effect of SARS-COV2 virus on the cardiovascular system .", "Evidence Elements": {"Participant": [], "Intervention": [{"term": "angiotensin-converting enzyme inhibitors", "negation": "affirmed", "UMLS": "", "start": 53, "end": 93}, {"term": "angiotensin II type 1 receptor antagonists", "negation": "affirmed", "UMLS": "", "start": 98, "end": 140}, {"term": "SARS-COV2 virus", "negation": "affirmed", "UMLS": "", "start": 220, "end": 235}], "Outcome": [{"term": "risk of infection", "negation": "affirmed", "UMLS": "", "start": 148, "end": 165}, {"term": "course of COVID-2019", "negation": "affirmed", "UMLS": "", "start": 174, "end": 194}, {"term": "cardiovascular system", "negation": "affirmed", "UMLS": "", "start": 243, "end": 264}]}, "Evidence Propositions": []}]}