{"doc_id": "32391667", "type of study": "Therapy", "title": "", "abstract": "OBJECTIVE: To evaluate the efficacy and safety of hydroxychloroquine (HCQ) in the treatment of patients with moderate coronavirus disease 2019 (COVID-19).\nWe prospectively enrolled 30 treatment-naive patients with confirmed COVID-19 after informed consent at Shanghai Public Health Clinical Center.\nThe patients were randomized 1:1 to HCQ group and the control group.\nPatients in HCQ group were given HCQ 400 mg per day for 5 days plus conventional treatments, while those in the control group were given conventional treatment only.\nThe primary endpoint was negative conversion rate of SARS-CoV-2 nucleic acid in respiratory pharyngeal swab on days 7 after randomization.\nThis study has been approved by the Ethics Committee of Shanghai Public Health Clinical Center and registered online (NCT04261517).\nOne patient in HCQ group developed to severe during the treatment.\nOn day 7, nucleic acid of throat swabs was negative in 13 (86.7%) cases in the HCQ group and 14 (93.3%) cases in the control group (P>0.05).\nThe median duration from hospitalization to virus nucleic acid negative conservation was 4 (1,9) days in HCQ group, which is comparable to that in the control group [2 (1,4) days, Z=1.27, P>0.05].\nThe median time for body temperature normalization in HCQ group was 1 (0,2) day after hospitalization, which was also comparable to that in the control group [1 (0,3) day].\nRadiological progression was shown on CT images in 5 cases (33.3%) of the HCQ group and 7 cases (46.7%) of the control group, and all patients showed improvement in follow-up examinations.\nFour cases (26.7%) of the HCQ group and 3 cases (20%) of the control group had transient diarrhea and abnormal liver function (P>0.05).\nThe prognosis of COVID-19 moderate patients is good.\nLarger sample size study are needed to investigate the effects of HCQ in the treatment of COVID-19.\nSubsequent research should determine better endpoint and fully consider the feasibility of experiments such as sample size.\n", "Evidence Map": {"Enrollment": [{"term": "moderate coronavirus", "negation": "affirmed", "UMLS": "", "start": 112, "end": 132}, {"term": "treatment-naive", "negation": "affirmed", "UMLS": "", "start": 29, "end": 44}, {"term": "confirmed COVID-19", "negation": "affirmed", "UMLS": "", "start": 59, "end": 77}, {"term": "COVID-19 moderate", "negation": "affirmed", "UMLS": "", "start": 17, "end": 34}], "Comparison Results": [], "Study Arm 1 Results": [], "Study Arm 2 Results": []}, "Sentence-level breakdown": [{"Section": "TITLE", "Text": "OBJECTIVE : To evaluate the efficacy and safety of hydroxychloroquine ( HCQ ) in the treatment of patients with moderate coronavirus disease 2019 ( COVID-19 ) .", "Evidence Elements": {"Participant": [{"term": "moderate coronavirus", "negation": "affirmed", "UMLS": "", "start": 112, "end": 132}], "Intervention": [{"term": "hydroxychloroquine ( HCQ )", "negation": "affirmed", "UMLS": "", "start": 51, "end": 77}], "Outcome": [{"term": "efficacy", "negation": "affirmed", "UMLS": "", "start": 28, "end": 36}, {"term": "safety", "negation": "affirmed", "UMLS": "", "start": 41, "end": 47}]}, "Evidence Propositions": []}, {"Section": "METHODS", "Text": "We prospectively enrolled 30 treatment-naive patients with confirmed COVID-19 after informed consent at Shanghai Public Health Clinical Center .", "Evidence Elements": {"Participant": [{"term": "treatment-naive", "negation": "affirmed", "UMLS": "", "start": 29, "end": 44}, {"term": "confirmed COVID-19", "negation": "affirmed", "UMLS": "", "start": 59, "end": 77}], "Intervention": [], "Outcome": []}, "Evidence Propositions": []}, {"Section": "METHODS", "Text": "The patients were randomized 1:1 to HCQ group and the control group .", "Evidence Elements": {"Participant": [], "Intervention": [{"term": "HCQ", "negation": "affirmed", "UMLS": "", "start": 36, "end": 39}, {"term": "control", "negation": "affirmed", "UMLS": "", "start": 54, "end": 61}], "Outcome": []}, "Evidence Propositions": []}, {"Section": "METHODS", "Text": "Patients in HCQ group were given HCQ 400 mg per day for 5 days plus conventional treatments , while those in the control group were given conventional treatment only .", "Evidence Elements": {"Participant": [], "Intervention": [{"term": "HCQ", "negation": "affirmed", "UMLS": "", "start": 12, "end": 15}, {"term": "conventional treatments", "negation": "affirmed", "UMLS": "", "start": 68, "end": 91}, {"term": "conventional treatment", "negation": "affirmed", "UMLS": "", "start": 68, "end": 90}], "Outcome": []}, "Evidence Propositions": []}, {"Section": "METHODS", "Text": "The primary endpoint was negative conversion rate of SARS-CoV-2 nucleic acid in respiratory pharyngeal swab on days 7 after randomization .", "Evidence Elements": {"Participant": [], "Intervention": [], "Outcome": [{"term": "conversion rate of SARS-CoV-2 nucleic acid", "negation": "affirmed", "UMLS": "", "start": 34, "end": 76}]}, "Evidence Propositions": []}, {"Section": "METHODS", "Text": "This study has been approved by the Ethics Committee of Shanghai Public Health Clinical Center and registered online ( NCT04261517 ) .", "Evidence Elements": {"Participant": [], "Intervention": [], "Outcome": []}, "Evidence Propositions": []}, {"Section": "RESULTS", "Text": "One patient in HCQ group developed to severe during the treatment .", "Evidence Elements": {"Participant": [], "Intervention": [{"term": "HCQ", "negation": "affirmed", "UMLS": "", "start": 15, "end": 18}], "Outcome": [{"term": "severe", "negation": "affirmed", "UMLS": "", "start": 38, "end": 44}]}, "Evidence Propositions": [{"Intervention": "HCQ", "Observation": "", "Count": "One patient", "Outcome": "severe"}]}, {"Section": "RESULTS", "Text": "On day 7 , nucleic acid of throat swabs was negative in 13 ( 86.7 % ) cases in the HCQ group and 14 ( 93.3 % ) cases in the control group ( P > 0.05 ) .", "Evidence Elements": {"Participant": [], "Intervention": [{"term": "HCQ", "negation": "affirmed", "UMLS": "", "start": 83, "end": 86}], "Outcome": [{"term": "nucleic acid of throat swabs", "negation": "affirmed", "UMLS": "", "start": 11, "end": 39}]}, "Evidence Propositions": [{"Intervention": "HCQ", "Observation": "negative", "Outcome": "nucleic acid of throat swabs", "Count": ""}, {"Intervention": "HCQ", "Observation": "", "Count": "13 ( 86.7 % ) cases", "Outcome": "nucleic acid of throat swabs"}]}, {"Section": "RESULTS", "Text": "The median duration from hospitalization to virus nucleic acid negative conservation was 4 ( 1,9 ) days in HCQ group , which is comparable to that in the control group [ 2 ( 1,4 ) days , Z=1.27 , P > 0.05 ] .", "Evidence Elements": {"Participant": [], "Intervention": [{"term": "HCQ", "negation": "affirmed", "UMLS": "", "start": 107, "end": 110}, {"term": "control", "negation": "affirmed", "UMLS": "", "start": 154, "end": 161}], "Outcome": [{"term": "median duration from hospitalization to virus nucleic acid negative conservation", "negation": "affirmed", "UMLS": "", "start": 4, "end": 84}]}, "Evidence Propositions": [{"Intervention": "HCQ", "Observation": "4 ( 1,9 ) days", "Outcome": "median duration from hospitalization to virus nucleic acid negative conservation", "Count": ""}, {"Intervention": "HCQ", "Observation": "comparable", "Outcome": "median duration from hospitalization to virus nucleic acid negative conservation", "Count": ""}, {"Intervention": "control", "Observation": "comparable", "Outcome": "median duration from hospitalization to virus nucleic acid negative conservation", "Count": ""}, {"Intervention": "control", "Observation": "2", "Outcome": "median duration from hospitalization to virus nucleic acid negative conservation", "Count": ""}]}, {"Section": "RESULTS", "Text": "The median time for body temperature normalization in HCQ group was 1 ( 0,2 ) day after hospitalization , which was also comparable to that in the control group [ 1 ( 0,3 ) day ] .", "Evidence Elements": {"Participant": [], "Intervention": [{"term": "HCQ", "negation": "affirmed", "UMLS": "", "start": 54, "end": 57}, {"term": "control", "negation": "affirmed", "UMLS": "", "start": 147, "end": 154}], "Outcome": [{"term": "median time for body temperature normalization", "negation": "affirmed", "UMLS": "", "start": 4, "end": 50}]}, "Evidence Propositions": [{"Intervention": "HCQ", "Observation": "1 ( 0,2 ) day", "Outcome": "median time for body temperature normalization", "Count": ""}, {"Intervention": "HCQ", "Observation": "comparable", "Outcome": "median time for body temperature normalization", "Count": ""}, {"Intervention": "control", "Observation": "comparable", "Outcome": "median time for body temperature normalization", "Count": ""}]}, {"Section": "RESULTS", "Text": "Radiological progression was shown on CT images in 5 cases ( 33.3 % ) of the HCQ group and 7 cases ( 46.7 % ) of the control group , and all patients showed improvement in follow-up examinations .", "Evidence Elements": {"Participant": [], "Intervention": [{"term": "HCQ", "negation": "affirmed", "UMLS": "", "start": 77, "end": 80}, {"term": "control", "negation": "affirmed", "UMLS": "", "start": 117, "end": 124}], "Outcome": [{"term": "Radiological progression", "negation": "affirmed", "UMLS": "", "start": 0, "end": 24}]}, "Evidence Propositions": [{"Intervention": "HCQ", "Observation": "", "Count": "5 cases ( 33.3 % )", "Outcome": "Radiological progression"}, {"Intervention": "control", "Observation": "", "Count": "7 cases ( 46.7 % )", "Outcome": "Radiological progression"}]}, {"Section": "RESULTS", "Text": "Four cases ( 26.7 % ) of the HCQ group and 3 cases ( 20 % ) of the control group had transient diarrhea and abnormal liver function ( P > 0.05 ) .", "Evidence Elements": {"Participant": [], "Intervention": [{"term": "HCQ", "negation": "affirmed", "UMLS": "", "start": 29, "end": 32}, {"term": "control", "negation": "affirmed", "UMLS": "", "start": 67, "end": 74}], "Outcome": [{"term": "transient", "negation": "affirmed", "UMLS": "", "start": 85, "end": 94}]}, "Evidence Propositions": [{"Intervention": "HCQ", "Observation": "", "Count": "Four cases ( 26.7 % )", "Outcome": "transient"}, {"Intervention": "control", "Observation": "", "Count": "3 cases ( 20 % )", "Outcome": "transient"}]}, {"Section": "CONCLUSIONS", "Text": "The prognosis of COVID-19 moderate patients is good .", "Evidence Elements": {"Participant": [{"term": "COVID-19 moderate", "negation": "affirmed", "UMLS": "", "start": 17, "end": 34}], "Intervention": [], "Outcome": [{"term": "prognosis", "negation": "affirmed", "UMLS": "", "start": 4, "end": 13}]}, "Evidence Propositions": []}, {"Section": "CONCLUSIONS", "Text": "Larger sample size study are needed to investigate the effects of HCQ in the treatment of COVID-19 .", "Evidence Elements": {"Participant": [], "Intervention": [], "Outcome": []}, "Evidence Propositions": []}, {"Section": "CONCLUSIONS", "Text": "Subsequent research should determine better endpoint and fully consider the feasibility of experiments such as sample size .", "Evidence Elements": {"Participant": [], "Intervention": [], "Outcome": []}, "Evidence Propositions": []}]}