{"doc_id": "32405259", "type of study": "Therapy", "title": "", "abstract": "Reduced montages with subdermal single-use EEG needle electrodes may be used in comatose COVID-19 patients.\nFull 10-20 EEG placement with an ECG derivation remains the standard.\nNote if the patient undergoes prone positioning, note the patient and head position, along with patterns of breathing.\nThere are questions and challenges regarding neurologic complications in COVID-19 patients.\nEEG is a safe and efficient tool for the evaluation of brain function, even in the context of COVID-19.\nHowever, EEG technologists should not be put in danger if obtaining an EEG does not significantly advance diagnosis or change management in the patient.\nNot every neurologic problem stems from a primary brain injury: confusion, impaired consciousness that evolves to stupor and coma, and headaches are frequent in hypercapnic/hypoxic encephalopathies.\nIn patients with chronic pulmonary disorders, acute symptomatic seizures have been reported in acute respiratory failure in 6%.\nThe clinician should be aware of the various EEG patterns in hypercapnic/hypoxic and anoxic (post-cardiac arrest syndrome) encephalopathies as well as encephalitides.\nIn this emerging pandemic of infectious disease, reduced EEG montages using single-use subdermal EEG needle electrodes may be used in comatose patients.\nA full 10-20 EEG complement of electrodes with an ECG derivation remains the standard.\nUnder COVID-19 conditions, an expedited study that adequately screens for generalized status epilepticus, most types of regional status epilepticus, encephalopathy or sleep may serve for most clinical questions, using simplified montages may limit the risk of infection to EEG technologists.\nWe recommend noting whether the patient is undergoing or has been placed prone, as well as noting the body and head position during the EEG recording (supine versus prone) to avoid overinterpretation of respiratory, head movement, electrode, muscle or other artifacts.\nThere is slight elevation of intracranial pressure in the prone position.\nIn non-comatose patients, the hyperventilation procedure should be avoided.\nAt present, non-specific EEG findings and abnormalities should not be considered as being specific for COVID-19 related encephalopathy.\n", "Evidence Map": {"Enrollment": [{"term": "comatose COVID-19", "negation": "affirmed", "UMLS": "", "start": 80, "end": 97}, {"term": "chronic pulmonary disorders", "negation": "affirmed", "UMLS": "", "start": 17, "end": 44}, {"term": "acute symptomatic seizures", "negation": "affirmed", "UMLS": "", "start": 47, "end": 73}, {"term": "acute respiratory failure", "negation": "affirmed", "UMLS": "", "start": 96, "end": 121}], "Comparison Results": [], "Study Arm 1 Results": [], "Study Arm 2 Results": []}, "Sentence-level breakdown": [{"Section": "TITLE", "Text": "Reduced montages with subdermal single-use EEG needle electrodes may be used in comatose COVID-19 patients .", "Evidence Elements": {"Participant": [{"term": "comatose COVID-19", "negation": "affirmed", "UMLS": "", "start": 80, "end": 97}], "Intervention": [{"term": "single-use EEG needle electrodes", "negation": "affirmed", "UMLS": "", "start": 32, "end": 64}], "Outcome": [{"term": "montages", "negation": "affirmed", "UMLS": "", "start": 8, "end": 16}]}, "Evidence Propositions": []}, {"Section": "RESULTS", "Text": "We recommend noting whether the patient is undergoing or has been placed prone , as well as noting the body and head position during the EEG recording ( supine versus prone ) to avoid overinterpretation of respiratory , head movement , electrode , muscle or other artifacts .", "Evidence Elements": {"Participant": [], "Intervention": [{"term": "prone", "negation": "affirmed", "UMLS": "", "start": 73, "end": 78}, {"term": "position", "negation": "affirmed", "UMLS": "", "start": 117, "end": 125}, {"term": "supine", "negation": "affirmed", "UMLS": "", "start": 153, "end": 159}, {"term": "prone", "negation": "affirmed", "UMLS": "", "start": 73, "end": 78}], "Outcome": [{"term": "body", "negation": "affirmed", "UMLS": "", "start": 103, "end": 107}]}, "Evidence Propositions": []}, {"Section": "RESULTS", "Text": "There is slight elevation of intracranial pressure in the prone position .", "Evidence Elements": {"Participant": [], "Intervention": [{"term": "prone position", "negation": "affirmed", "UMLS": "", "start": 58, "end": 72}], "Outcome": [{"term": "intracranial pressure", "negation": "affirmed", "UMLS": "", "start": 29, "end": 50}]}, "Evidence Propositions": [{"Intervention": "prone position", "Observation": "slight elevation", "Outcome": "intracranial pressure", "Count": ""}]}, {"Section": "RESULTS", "Text": "In non-comatose patients , the hyperventilation procedure should be avoided .", "Evidence Elements": {"Participant": [], "Intervention": [], "Outcome": []}, "Evidence Propositions": []}, {"Section": "CONCLUSIONS", "Text": "At present , non-specific EEG findings and abnormalities should not be considered as being specific for COVID-19 related encephalopathy .", "Evidence Elements": {"Participant": [], "Intervention": [], "Outcome": []}, "Evidence Propositions": []}]}