{"doc_id": "32400362", "type of study": "Therapy", "title": "", "abstract": "Data on features of severe acute respiratory syndrome coronavirus 2 (SARS-CoV-2) in children and adolescents are scarce.\nWe report preliminary results of an Italian multicentre study comprising 168 laboratory-confirmed paediatric cases (median: 2.3 years, range: 1 day-17.7 years, 55.9% males), of which 67.9% were hospitalised and 19.6% had comorbidities.\nFever was the most common symptom, gastrointestinal manifestations were frequent; two children required intensive care, five had seizures, 49 received experimental treatments and all recovered.\n", "Evidence Map": {"Enrollment": [{"term": "laboratory-confirmed paediatric", "negation": "affirmed", "UMLS": "", "start": 77, "end": 108}], "Comparison Results": [], "Study Arm 1 Results": [], "Study Arm 2 Results": []}, "Sentence-level breakdown": [{"Section": "TITLE", "Text": "Data on features of severe acute respiratory syndrome coronavirus 2 ( SARS-CoV-2 ) in children and adolescents are scarce .", "Evidence Elements": {"Participant": [], "Intervention": [], "Outcome": []}, "Evidence Propositions": []}, {"Section": "METHODS", "Text": "We report preliminary results of an Italian multicentre study comprising 168 laboratory-confirmed paediatric cases ( median : 2.3 years , range : 1 day-17.7 years , 55.9 % males ) , of which 67.9 % were hospitalised and 19.6 % had comorbidities .", "Evidence Elements": {"Participant": [{"term": "laboratory-confirmed paediatric", "negation": "affirmed", "UMLS": "", "start": 77, "end": 108}], "Intervention": [], "Outcome": []}, "Evidence Propositions": []}, {"Section": "CONCLUSIONS", "Text": "Fever was the most common symptom , gastrointestinal manifestations were frequent ; two children required intensive care , five had seizures , 49 received experimental treatments and all recovered .", "Evidence Elements": {"Participant": [], "Intervention": [{"term": "intensive care", "negation": "affirmed", "UMLS": "", "start": 106, "end": 120}, {"term": "experimental", "negation": "affirmed", "UMLS": "", "start": 155, "end": 167}], "Outcome": [{"term": "Fever", "negation": "affirmed", "UMLS": "", "start": 0, "end": 5}, {"term": "gastrointestinal manifestations", "negation": "affirmed", "UMLS": "", "start": 36, "end": 67}, {"term": "seizures", "negation": "affirmed", "UMLS": "", "start": 132, "end": 140}]}, "Evidence Propositions": [{"Intervention": [], "Observation": "most common", "Outcome": "Fever", "Count": ""}]}]}