{"doc_id": "32402766", "type of study": "Therapy", "title": "", "abstract": "Covid-19 is a new coronavirus disease first described in December 2019.\nThis respiratory illness is severe and potentially fatal.\nSevere cases make up to 15%, lethality ranges between 1.5 and more than 10%.\nWhat is urgently needed is an efficient pharmacological treatment for the treatment of severe cases.\nDuring the infection of alveolar epithelial cells of the lung, the ACE2 receptor has a central function.\nThe antimalarial drugs chloroquine phosphate (CQ) and hydroxychloroquine (HCQ) impair in vitro the terminal glycosylation of ACE2 without significant change of cell-surface ACE2 and, therefore, might be potent inhibitors of SARS-CoV-2 infections.\nStarting inhibition at 0.1 microM, CQ completely prevented in vitro infections at 10 microM, suggesting a prophylactic effect and preventing the virus spread 5 h after infection.\nIn a first clinical trial, CQ was effective in inhibiting exacerbation of pneumonia, improving lung imaging findings, promotion of virus-negative conversion, and shortening the disease.\nIn addition, HCQ, which is three times more potent than CQ in SARS-CoV-2 infected cells (EC50 0.72 microM), was significantly associated with viral load reduction/disappearance in COVID-19 patients compared to controls.\nTheoretically, CQ and HCQ could thus be effectively used in the treatment of SARS-CoV pneumonia.\nFrom a pharmacological standpoint, however, the major problems of oral treatment with these drugs are possible severe side effects and toxicity.\nConcretely, this relates to (a) the inconsistent individual bioavailability of these drugs at the alveolar target cells, depending on intestinal resorption, hepatic first-pass metabolism and accumulation in liver, spleen and lung, and (b) the need for a relatively high concentration of 1-5 microM at the alveolar surface.\nTherefore, we propose in a first dose estimation the use of HCQ as an aerosol in a dosage of 2-4 mg per inhalation in order to reach sufficient therapeutic levels at the alveolar epithelial cells.\nBy using a low-dose non-systemic aerosol, adverse drug reactions will markedly be reduced compared with oral application.\nThis increase in tolerability enables a broader use for prevention and after contact with an infected person, which would be an advantage especially for the high-risk, often multi-morbid and elderly patients.\nEmpirical data on self-medication with a one-week aerosol application by two of the authors is presented.\nInhalation was well tolerated without relevant side effects.\n", "Evidence Map": {"Enrollment": [{"term": "SARS-CoV-2 infected", "negation": "affirmed", "UMLS": "", "start": 64, "end": 83}, {"term": "SARS-CoV", "negation": "affirmed", "UMLS": "", "start": 78, "end": 86}], "Comparison Results": [], "Study Arm 1 Results": [], "Study Arm 2 Results": []}, "Sentence-level breakdown": [{"Section": "TITLE", "Text": "Covid-19 is a new coronavirus disease first described in December 2019 .", "Evidence Elements": {"Participant": [], "Intervention": [], "Outcome": []}, "Evidence Propositions": []}, {"Section": "RESULTS", "Text": "During the infection of alveolar epithelial cells of the lung , the ACE2 receptor has a central function .", "Evidence Elements": {"Participant": [], "Intervention": [], "Outcome": []}, "Evidence Propositions": []}, {"Section": "RESULTS", "Text": "The antimalarial drugs chloroquine phosphate ( CQ ) and hydroxychloroquine ( HCQ ) impair in vitro the terminal glycosylation of ACE2 without significant change of cell-surface ACE2 and , therefore , might be potent inhibitors of SARS-CoV-2 infections .", "Evidence Elements": {"Participant": [], "Intervention": [], "Outcome": []}, "Evidence Propositions": []}, {"Section": "RESULTS", "Text": "Starting inhibition at 0.1 microM , CQ completely prevented in vitro infections at 10 microM , suggesting a prophylactic effect and preventing the virus spread 5 h after infection .", "Evidence Elements": {"Participant": [], "Intervention": [{"term": "CQ", "negation": "affirmed", "UMLS": "", "start": 36, "end": 38}], "Outcome": [{"term": "in vitro infections", "negation": "affirmed", "UMLS": "", "start": 60, "end": 79}, {"term": "virus spread", "negation": "affirmed", "UMLS": "", "start": 147, "end": 159}]}, "Evidence Propositions": []}, {"Section": "RESULTS", "Text": "In a first clinical trial , CQ was effective in inhibiting exacerbation of pneumonia , improving lung imaging findings , promotion of virus-negative conversion , and shortening the disease .", "Evidence Elements": {"Participant": [], "Intervention": [{"term": "CQ", "negation": "affirmed", "UMLS": "", "start": 28, "end": 30}], "Outcome": [{"term": "inhibiting", "negation": "affirmed", "UMLS": "", "start": 48, "end": 58}, {"term": "exacerbation of pneumonia", "negation": "affirmed", "UMLS": "", "start": 59, "end": 84}, {"term": "lung imaging findings", "negation": "affirmed", "UMLS": "", "start": 97, "end": 118}, {"term": "virus-negative conversion", "negation": "affirmed", "UMLS": "", "start": 134, "end": 159}]}, "Evidence Propositions": [{"Intervention": "CQ", "Observation": "promotion", "Outcome": "virus-negative conversion", "Count": ""}]}, {"Section": "RESULTS", "Text": "In addition , HCQ , which is three times more potent than CQ in SARS-CoV-2 infected cells ( EC50 0.72 microM ) , was significantly associated with viral load reduction / disappearance in COVID-19 patients compared to controls .", "Evidence Elements": {"Participant": [{"term": "SARS-CoV-2 infected", "negation": "affirmed", "UMLS": "", "start": 64, "end": 83}], "Intervention": [{"term": "HCQ", "negation": "affirmed", "UMLS": "", "start": 14, "end": 17}, {"term": "CQ", "negation": "affirmed", "UMLS": "", "start": 15, "end": 17}], "Outcome": [{"term": "viral load", "negation": "affirmed", "UMLS": "", "start": 147, "end": 157}, {"term": "disappearance", "negation": "affirmed", "UMLS": "", "start": 170, "end": 183}]}, "Evidence Propositions": [{"Intervention": ["HCQ", "CQ"], "Observation": "three times more potent", "Outcome": "", "Count": ""}, {"Intervention": "HCQ", "Observation": "significantly associated", "Outcome": "viral load", "Count": ""}, {"Intervention": "HCQ", "Observation": "significantly associated", "Outcome": "disappearance", "Count": ""}]}, {"Section": "RESULTS", "Text": "Theoretically , CQ and HCQ could thus be effectively used in the treatment of SARS-CoV pneumonia .", "Evidence Elements": {"Participant": [{"term": "SARS-CoV", "negation": "affirmed", "UMLS": "", "start": 78, "end": 86}], "Intervention": [{"term": "CQ", "negation": "affirmed", "UMLS": "", "start": 16, "end": 18}, {"term": "HCQ", "negation": "affirmed", "UMLS": "", "start": 23, "end": 26}], "Outcome": []}, "Evidence Propositions": []}, {"Section": "RESULTS", "Text": "From a pharmacological standpoint , however , the major problems of oral treatment with these drugs are possible severe side effects and toxicity .", "Evidence Elements": {"Participant": [], "Intervention": [], "Outcome": []}, "Evidence Propositions": []}, {"Section": "RESULTS", "Text": "Concretely , this relates to ( a ) the inconsistent individual bioavailability of these drugs at the alveolar target cells , depending on intestinal resorption , hepatic first-pass metabolism and accumulation in liver , spleen and lung , and ( b ) the need for a relatively high concentration of 1-5 microM at the alveolar surface .", "Evidence Elements": {"Participant": [], "Intervention": [], "Outcome": []}, "Evidence Propositions": []}, {"Section": "RESULTS", "Text": "Therefore , we propose in a first dose estimation the use of HCQ as an aerosol in a dosage of 2-4 mg per inhalation in order to reach sufficient therapeutic levels at the alveolar epithelial cells .", "Evidence Elements": {"Participant": [], "Intervention": [{"term": "HCQ", "negation": "affirmed", "UMLS": "", "start": 61, "end": 64}], "Outcome": []}, "Evidence Propositions": []}, {"Section": "RESULTS", "Text": "By using a low-dose non-systemic aerosol , adverse drug reactions will markedly be reduced compared with oral application .", "Evidence Elements": {"Participant": [], "Intervention": [{"term": "low-dose non-systemic aerosol", "negation": "affirmed", "UMLS": "", "start": 11, "end": 40}], "Outcome": [{"term": "adverse drug reactions", "negation": "affirmed", "UMLS": "", "start": 43, "end": 65}]}, "Evidence Propositions": [{"Intervention": "low-dose non-systemic aerosol", "Observation": "reduced", "Outcome": "adverse drug reactions", "Count": ""}]}, {"Section": "RESULTS", "Text": "This increase in tolerability enables a broader use for prevention and after contact with an infected person , which would be an advantage especially for the high-risk , often multi-morbid and elderly patients .", "Evidence Elements": {"Participant": [], "Intervention": [], "Outcome": []}, "Evidence Propositions": []}, {"Section": "RESULTS", "Text": "Empirical data on self-medication with a one-week aerosol application by two of the authors is presented .", "Evidence Elements": {"Participant": [], "Intervention": [], "Outcome": []}, "Evidence Propositions": []}, {"Section": "RESULTS", "Text": "Inhalation was well tolerated without relevant side effects .", "Evidence Elements": {"Participant": [], "Intervention": [{"term": "Inhalation", "negation": "affirmed", "UMLS": "", "start": 0, "end": 10}], "Outcome": [{"term": "relevant side effects", "negation": "negated", "UMLS": "", "start": 38, "end": 59}]}, "Evidence Propositions": [{"Intervention": "Inhalation", "Observation": "well tolerated", "Outcome": "relevant side effects", "Count": ""}]}]}