{"doc_id": "32403946", "type of study": "Therapy", "title": "", "abstract": "Background: We describe cancer patients with coronavirus disease-2019 (COVID-19) infection treated at the Piacenza's general hospital (north Italy).\nMaterials & methods: Twenty-five cancer patients infected by COVID-19 admitted at the Piacenza's general hospital from 21 February to 18 March 2020.\nOutcome from the infection were compared with infected noncancer patients.\nResults: Twenty patients (80%) were treated with antiviral therapy and hydroxychloroquine and five (20%) received hydroxychloroquine alone.\nNine (36%) patients died, while 16 (64%) overcome the infection.\nIn the control group the mortality was 16.13% and the overcome from infection was 83.87%.\nConclusion: Mortality for COVID-19 was greater in cancer patients when compared with noncancer patients, worse prognosis for older age, women and patients treated with hydroxychloroquine alone.\nHowever, the comparisons did not reach statistical significance in most cases.\nThis could be due to the small sample size that is the main limitation of the study.\n", "Evidence Map": {"Enrollment": [{"term": "cancer", "negation": "affirmed", "UMLS": "", "start": 25, "end": 31}, {"term": "coronavirus disease-2019 ( COVID-19 ) infection", "negation": "affirmed", "UMLS": "", "start": 46, "end": 93}, {"term": "cancer", "negation": "affirmed", "UMLS": "", "start": 34, "end": 40}, {"term": "by COVID-19", "negation": "affirmed", "UMLS": "", "start": 59, "end": 70}, {"term": "cancer", "negation": "affirmed", "UMLS": "", "start": 51, "end": 57}, {"term": "noncancer", "negation": "affirmed", "UMLS": "", "start": 86, "end": 95}, {"term": "older age", "negation": "affirmed", "UMLS": "", "start": 127, "end": 136}, {"term": "women", "negation": "affirmed", "UMLS": "", "start": 139, "end": 144}], "Comparison Results": [], "Study Arm 1 Results": [], "Study Arm 2 Results": []}, "Sentence-level breakdown": [{"Section": "TITLE", "Text": "Background : We describe cancer patients with coronavirus disease-2019 ( COVID-19 ) infection treated at the Piacenza 's general hospital ( north Italy ) .", "Evidence Elements": {"Participant": [{"term": "cancer", "negation": "affirmed", "UMLS": "", "start": 25, "end": 31}, {"term": "coronavirus disease-2019 ( COVID-19 ) infection", "negation": "affirmed", "UMLS": "", "start": 46, "end": 93}], "Intervention": [], "Outcome": []}, "Evidence Propositions": []}, {"Section": "METHODS", "Text": "Materials & methods : Twenty-five cancer patients infected by COVID-19 admitted at the Piacenza 's general hospital from 21 February to 18 March 2020 .", "Evidence Elements": {"Participant": [{"term": "cancer", "negation": "affirmed", "UMLS": "", "start": 34, "end": 40}, {"term": "by COVID-19", "negation": "affirmed", "UMLS": "", "start": 59, "end": 70}], "Intervention": [], "Outcome": []}, "Evidence Propositions": []}, {"Section": "METHODS", "Text": "Outcome from the infection were compared with infected noncancer patients .", "Evidence Elements": {"Participant": [], "Intervention": [{"term": "infection", "negation": "affirmed", "UMLS": "", "start": 17, "end": 26}, {"term": "infected noncancer", "negation": "affirmed", "UMLS": "", "start": 46, "end": 64}], "Outcome": [{"term": "Outcome", "negation": "affirmed", "UMLS": "", "start": 0, "end": 7}]}, "Evidence Propositions": []}, {"Section": "RESULTS", "Text": "Results : Twenty patients ( 80 % ) were treated with antiviral therapy and hydroxychloroquine and five ( 20 % ) received hydroxychloroquine alone .", "Evidence Elements": {"Participant": [], "Intervention": [{"term": "antiviral therapy", "negation": "affirmed", "UMLS": "", "start": 53, "end": 70}, {"term": "hydroxychloroquine", "negation": "affirmed", "UMLS": "", "start": 75, "end": 93}], "Outcome": []}, "Evidence Propositions": []}, {"Section": "RESULTS", "Text": "Nine ( 36 % ) patients died , while 16 ( 64 % ) overcome the infection .", "Evidence Elements": {"Participant": [], "Intervention": [], "Outcome": [{"term": "died", "negation": "affirmed", "UMLS": "", "start": 23, "end": 27}]}, "Evidence Propositions": []}, {"Section": "RESULTS", "Text": "In the control group the mortality was 16.13 % and the overcome from infection was 83.87 % .", "Evidence Elements": {"Participant": [], "Intervention": [{"term": "control", "negation": "affirmed", "UMLS": "", "start": 7, "end": 14}], "Outcome": [{"term": "mortality", "negation": "affirmed", "UMLS": "", "start": 25, "end": 34}, {"term": "overcome from infection", "negation": "affirmed", "UMLS": "", "start": 55, "end": 78}]}, "Evidence Propositions": [{"Intervention": "control", "Observation": "16.13 %", "Outcome": "mortality", "Count": ""}]}, {"Section": "CONCLUSIONS", "Text": "Conclusion : Mortality for COVID-19 was greater in cancer patients when compared with noncancer patients , worse prognosis for older age , women and patients treated with hydroxychloroquine alone .", "Evidence Elements": {"Participant": [{"term": "cancer", "negation": "affirmed", "UMLS": "", "start": 51, "end": 57}, {"term": "noncancer", "negation": "affirmed", "UMLS": "", "start": 86, "end": 95}, {"term": "older age", "negation": "affirmed", "UMLS": "", "start": 127, "end": 136}, {"term": "women", "negation": "affirmed", "UMLS": "", "start": 139, "end": 144}], "Intervention": [], "Outcome": [{"term": "Mortality for COVID-19", "negation": "affirmed", "UMLS": "", "start": 13, "end": 35}, {"term": "prognosis", "negation": "affirmed", "UMLS": "", "start": 113, "end": 122}]}, "Evidence Propositions": [{"Intervention": [], "Observation": "greater", "Outcome": "Mortality for COVID-19", "Count": ""}, {"Intervention": [], "Observation": "worse", "Outcome": "", "Count": ""}]}, {"Section": "CONCLUSIONS", "Text": "However , the comparisons did not reach statistical significance in most cases .", "Evidence Elements": {"Participant": [], "Intervention": [], "Outcome": []}, "Evidence Propositions": []}, {"Section": "CONCLUSIONS", "Text": "This could be due to the small sample size that is the main limitation of the study .", "Evidence Elements": {"Participant": [], "Intervention": [], "Outcome": []}, "Evidence Propositions": []}]}