{"doc_id": "32402090", "type of study": "Therapy", "title": "", "abstract": "Severe acute respiratory syndrome coronavirus 2 (SARS-CoV-2), the causative pathogen of coronavirus disease 2019 (COVID-19), became a global threat to human health.\nLiver impairment has been frequently reported as a common manifestation, although its clinical significance is still unclear, particularly in patients with underlying chronic liver disease (CLD).\nTo summarise the changes in liver function tests during SARS-CoV-2 infection and the impact of COVID-19 in patients with underlying CLD.\nA literature review using online database PubMed was done using the search terms \"SARS-CoV-2\", \"COVID-19\", \"liver\", \"cirrhosis\" and \"liver transplantation\".\nCOVID-19 is frequently associated with different degrees of abnormal liver function tests, most notably transaminases, which are usually transitory and of mild degree.\nAvailable evidence suggests that liver injury may result from direct pathogenic effect by the virus, systemic inflammation or toxicity from commonly used drugs in this subset of patients.\nSARS-CoV-2 infection in children is associated with minimal or no increase in liver enzymes, thus the presence of abnormal liver function tests should trigger evaluation for underlying liver diseases.\nAlthough it seems that patients with CLD are not at greater risk for acquiring the infection, those with cirrhosis, hepatocellular carcinoma, non-alcoholic fatty liver disease, autoimmune liver diseases or liver transplant may have a greater risk for severe COVID-19.\nAbnormal liver function tests during the course of COVID-19 are common, though clinically significant liver injury is rare.\nFurther research is needed focusing on the effect of existing liver-related comorbidities on treatment and outcome of COVID-19.\n", "Evidence Map": {"Enrollment": [{"term": "SARS-CoV-2 infection", "negation": "affirmed", "UMLS": "", "start": 56, "end": 76}, {"term": "underlying CLD", "negation": "affirmed", "UMLS": "", "start": 121, "end": 135}, {"term": "CLD", "negation": "affirmed", "UMLS": "", "start": 37, "end": 40}, {"term": "cirrhosis", "negation": "negated", "UMLS": "", "start": 106, "end": 115}, {"term": "hepatocellular carcinoma", "negation": "negated", "UMLS": "", "start": 118, "end": 142}, {"term": "non-alcoholic fatty liver disease", "negation": "negated", "UMLS": "", "start": 145, "end": 178}, {"term": "autoimmune liver diseases", "negation": "negated", "UMLS": "", "start": 181, "end": 206}, {"term": "liver transplant", "negation": "negated", "UMLS": "", "start": 210, "end": 226}], "Comparison Results": [], "Study Arm 1 Results": [], "Study Arm 2 Results": []}, "Sentence-level breakdown": [{"Section": "TITLE", "Text": "Severe acute respiratory syndrome coronavirus 2 ( SARS-CoV-2 ) , the causative pathogen of coronavirus disease 2019 ( COVID-19 ) , became a global threat to human health .", "Evidence Elements": {"Participant": [], "Intervention": [], "Outcome": []}, "Evidence Propositions": []}, {"Section": "OBJECTIVE", "Text": "To summarise the changes in liver function tests during SARS-CoV-2 infection and the impact of COVID-19 in patients with underlying CLD .", "Evidence Elements": {"Participant": [{"term": "SARS-CoV-2 infection", "negation": "affirmed", "UMLS": "", "start": 56, "end": 76}, {"term": "underlying CLD", "negation": "affirmed", "UMLS": "", "start": 121, "end": 135}], "Intervention": [{"term": "COVID-19", "negation": "affirmed", "UMLS": "", "start": 95, "end": 103}], "Outcome": [{"term": "liver function tests", "negation": "affirmed", "UMLS": "", "start": 28, "end": 48}]}, "Evidence Propositions": []}, {"Section": "METHODS", "Text": "A literature review using online database PubMed was done using the search terms \" SARS-CoV-2 \" , \" COVID-19 \" , \" liver \" , \" cirrhosis \" and \" liver transplantation \" .", "Evidence Elements": {"Participant": [], "Intervention": [], "Outcome": []}, "Evidence Propositions": []}, {"Section": "RESULTS", "Text": "COVID-19 is frequently associated with different degrees of abnormal liver function tests , most notably transaminases , which are usually transitory and of mild degree .", "Evidence Elements": {"Participant": [], "Intervention": [], "Outcome": []}, "Evidence Propositions": []}, {"Section": "RESULTS", "Text": "Available evidence suggests that liver injury may result from direct pathogenic effect by the virus , systemic inflammation or toxicity from commonly used drugs in this subset of patients .", "Evidence Elements": {"Participant": [], "Intervention": [], "Outcome": []}, "Evidence Propositions": []}, {"Section": "CONCLUSIONS", "Text": "SARS-CoV-2 infection in children is associated with minimal or no increase in liver enzymes , thus the presence of abnormal liver function tests should trigger evaluation for underlying liver diseases .", "Evidence Elements": {"Participant": [], "Intervention": [], "Outcome": []}, "Evidence Propositions": []}, {"Section": "CONCLUSIONS", "Text": "Although it seems that patients with CLD are not at greater risk for acquiring the infection , those with cirrhosis , hepatocellular carcinoma , non-alcoholic fatty liver disease , autoimmune liver diseases or liver transplant may have a greater risk for severe COVID-19 .", "Evidence Elements": {"Participant": [{"term": "CLD", "negation": "affirmed", "UMLS": "", "start": 37, "end": 40}, {"term": "cirrhosis", "negation": "negated", "UMLS": "", "start": 106, "end": 115}, {"term": "hepatocellular carcinoma", "negation": "negated", "UMLS": "", "start": 118, "end": 142}, {"term": "non-alcoholic fatty liver disease", "negation": "negated", "UMLS": "", "start": 145, "end": 178}, {"term": "autoimmune liver diseases", "negation": "negated", "UMLS": "", "start": 181, "end": 206}, {"term": "liver transplant", "negation": "negated", "UMLS": "", "start": 210, "end": 226}], "Intervention": [], "Outcome": [{"term": "acquiring the infection", "negation": "negated", "UMLS": "", "start": 69, "end": 92}]}, "Evidence Propositions": [{"Intervention": [], "Observation": "greater risk", "Outcome": "acquiring the infection", "Count": ""}, {"Intervention": [], "Observation": "greater", "Outcome": "", "Count": ""}]}, {"Section": "CONCLUSIONS", "Text": "Abnormal liver function tests during the course of COVID-19 are common , though clinically significant liver injury is rare .", "Evidence Elements": {"Participant": [], "Intervention": [], "Outcome": []}, "Evidence Propositions": []}, {"Section": "CONCLUSIONS", "Text": "Further research is needed focusing on the effect of existing liver-related comorbidities on treatment and outcome of COVID-19 .", "Evidence Elements": {"Participant": [], "Intervention": [], "Outcome": []}, "Evidence Propositions": []}]}