{"doc_id": "32407459", "type of study": "Therapy", "title": "", "abstract": "The coronavirus disease 2019 (COVID-19) pandemic spread globally in the beginning of 2020.\nAt present, predictors of severe disease and the efficacy of different treatments are not well-understood.\nWe conducted a systematic review and meta-analysis of all published studies up to March 15, 2020 which reported COVID-19 clinical features and/or treatment outcomes.\n45 studies reporting 4203 patients were included.\nPooled rates of intensive care unit (ICU) admission, mortality and acute respiratory distress syndrome (ARDS) were 10.9%, 4.3% and 18.4%, respectively.\nOn meta-regression, ICU admission was predicted by raised leukocyte count (p<0.0001), raised alanine aminotransferase (p=0.024), raised aspartate transaminase (p=0.0040), elevated lactate dehydrogenase (LDH) (p<0.0001) and increased procalcitonin (p<0.0001).\nARDS was predicted by elevated LDH (p<0.0001), while mortality was predicted by raised leukocyte count (p=0.0005) and elevated LDH (p<0.0001).\nTreatment with lopinavir-ritonavir showed no significant benefit in mortality and ARDS rates.\nCorticosteroids were associated with a higher rate of ARDS (p=0.0003).\n", "Evidence Map": {"Enrollment": [{"term": "ICU admission", "negation": "affirmed", "UMLS": "", "start": 21, "end": 34}], "Comparison Results": [], "Study Arm 1 Results": [], "Study Arm 2 Results": []}, "Sentence-level breakdown": [{"Section": "TITLE", "Text": "The coronavirus disease 2019 ( COVID-19 ) pandemic spread globally in the beginning of 2020 .", "Evidence Elements": {"Participant": [], "Intervention": [], "Outcome": []}, "Evidence Propositions": []}, {"Section": "METHODS", "Text": "We conducted a systematic review and meta-analysis of all published studies up to March 15 , 2020 which reported COVID-19 clinical features and / or treatment outcomes .", "Evidence Elements": {"Participant": [], "Intervention": [], "Outcome": [{"term": "COVID-19 clinical features", "negation": "affirmed", "UMLS": "", "start": 113, "end": 139}, {"term": "treatment", "negation": "affirmed", "UMLS": "", "start": 149, "end": 158}]}, "Evidence Propositions": []}, {"Section": "RESULTS", "Text": "45 studies reporting 4203 patients were included .", "Evidence Elements": {"Participant": [], "Intervention": [], "Outcome": []}, "Evidence Propositions": []}, {"Section": "RESULTS", "Text": "Pooled rates of intensive care unit ( ICU ) admission , mortality and acute respiratory distress syndrome ( ARDS ) were 10.9 % , 4.3 % and 18.4 % , respectively .", "Evidence Elements": {"Participant": [], "Intervention": [], "Outcome": [{"term": "Pooled rates of intensive care unit ( ICU ) admission ,", "negation": "affirmed", "UMLS": "", "start": 0, "end": 55}, {"term": "mortality and acute respiratory distress syndrome ( ARDS )", "negation": "affirmed", "UMLS": "", "start": 56, "end": 114}]}, "Evidence Propositions": []}, {"Section": "RESULTS", "Text": "On meta-regression , ICU admission was predicted by raised leukocyte count ( p < 0.0001 ) , raised alanine aminotransferase ( p= 0.024 ) , raised aspartate transaminase ( p= 0.0040 ) , elevated lactate dehydrogenase ( LDH ) ( p < 0.0001 ) and increased procalcitonin ( p < 0.0001 ) .", "Evidence Elements": {"Participant": [{"term": "ICU admission", "negation": "affirmed", "UMLS": "", "start": 21, "end": 34}], "Intervention": [], "Outcome": [{"term": "leukocyte count", "negation": "affirmed", "UMLS": "", "start": 59, "end": 74}, {"term": "alanine aminotransferase", "negation": "affirmed", "UMLS": "", "start": 99, "end": 123}, {"term": "aspartate transaminase", "negation": "affirmed", "UMLS": "", "start": 146, "end": 168}]}, "Evidence Propositions": []}, {"Section": "RESULTS", "Text": "ARDS was predicted by elevated LDH ( p < 0.0001 ) , while mortality was predicted by raised leukocyte count ( p= 0.0005 ) and elevated LDH ( p < 0.0001 ) .", "Evidence Elements": {"Participant": [], "Intervention": [], "Outcome": [{"term": "ARDS", "negation": "affirmed", "UMLS": "", "start": 0, "end": 4}, {"term": "LDH", "negation": "affirmed", "UMLS": "", "start": 31, "end": 34}, {"term": "mortality", "negation": "affirmed", "UMLS": "", "start": 58, "end": 67}, {"term": "leukocyte count", "negation": "affirmed", "UMLS": "", "start": 92, "end": 107}]}, "Evidence Propositions": []}, {"Section": "CONCLUSIONS", "Text": "Treatment with lopinavir-ritonavir showed no significant benefit in mortality and ARDS rates .", "Evidence Elements": {"Participant": [], "Intervention": [{"term": "lopinavir-ritonavir", "negation": "affirmed", "UMLS": "", "start": 15, "end": 34}], "Outcome": [{"term": "mortality", "negation": "negated", "UMLS": "", "start": 68, "end": 77}, {"term": "ARDS rates", "negation": "negated", "UMLS": "", "start": 82, "end": 92}]}, "Evidence Propositions": [{"Intervention": "lopinavir-ritonavir", "Observation": "significant benefit", "Outcome": "mortality", "Count": ""}, {"Intervention": "lopinavir-ritonavir", "Observation": "significant benefit", "Outcome": "ARDS rates", "Count": ""}]}, {"Section": "CONCLUSIONS", "Text": "Corticosteroids were associated with a higher rate of ARDS ( p = 0.0003 ) .", "Evidence Elements": {"Participant": [], "Intervention": [{"term": "Corticosteroids", "negation": "affirmed", "UMLS": "", "start": 0, "end": 15}], "Outcome": [{"term": "rate of ARDS", "negation": "affirmed", "UMLS": "", "start": 46, "end": 58}]}, "Evidence Propositions": []}]}