{"doc_id": "32407284", "type of study": "Therapy", "title": "", "abstract": "Limited data are available on the clinical presentation and outcomes of coronavirus disease (COVID-19) patients in the United States hospitalized under normal-caseload or nonsurge conditions.\nWe retrospectively studied 72 consecutive adult patients hospitalized with COVID-19 in 2 hospitals in the San Francisco Bay area, California, USA, during March 13-April 11, 2020.\nThe death rate for all hospitalized COVID-19 patients was 8.3%, and median length of hospitalization was 7.5 days.\nOf the 21 (29% of total) intensive care unit patients, 3 (14.3% died); median length of intensive care unit stay was 12 days.\nOf the 72 patients, 43 (59.7%) had underlying cardiovascular disease and 19 (26.4%) had underlying pulmonary disease.\nIn this study, death rates were lower than those reported from regions of the United States experiencing a high volume of COVID-19 patients.\n", "Evidence Map": {"Enrollment": [{"term": "adult", "negation": "affirmed", "UMLS": "", "start": 42, "end": 47}, {"term": "hospitalized", "negation": "affirmed", "UMLS": "", "start": 57, "end": 69}, {"term": "COVID-19", "negation": "affirmed", "UMLS": "", "start": 75, "end": 83}, {"term": "hospitalized COVID-19", "negation": "affirmed", "UMLS": "", "start": 23, "end": 44}, {"term": "intensive care unit patients", "negation": "affirmed", "UMLS": "", "start": 28, "end": 56}, {"term": "underlying cardiovascular disease", "negation": "affirmed", "UMLS": "", "start": 39, "end": 72}], "Comparison Results": [], "Study Arm 1 Results": [], "Study Arm 2 Results": []}, "Sentence-level breakdown": [{"Section": "TITLE", "Text": "Limited data are available on the clinical presentation and outcomes of coronavirus disease ( COVID-19 ) patients in the United States hospitalized under normal-caseload or nonsurge conditions .", "Evidence Elements": {"Participant": [], "Intervention": [], "Outcome": []}, "Evidence Propositions": []}, {"Section": "METHODS", "Text": "We retrospectively studied 72 consecutive adult patients hospitalized with COVID-19 in 2 hospitals in the San Francisco Bay area , California , USA , during March 13-April 11 , 2020 .", "Evidence Elements": {"Participant": [{"term": "adult", "negation": "affirmed", "UMLS": "", "start": 42, "end": 47}, {"term": "hospitalized", "negation": "affirmed", "UMLS": "", "start": 57, "end": 69}, {"term": "COVID-19", "negation": "affirmed", "UMLS": "", "start": 75, "end": 83}], "Intervention": [], "Outcome": []}, "Evidence Propositions": []}, {"Section": "RESULTS", "Text": "The death rate for all hospitalized COVID-19 patients was 8.3 % , and median length of hospitalization was 7.5 days .", "Evidence Elements": {"Participant": [{"term": "hospitalized COVID-19", "negation": "affirmed", "UMLS": "", "start": 23, "end": 44}], "Intervention": [], "Outcome": [{"term": "death rate", "negation": "affirmed", "UMLS": "", "start": 4, "end": 14}, {"term": "median length of hospitalization", "negation": "affirmed", "UMLS": "", "start": 70, "end": 102}]}, "Evidence Propositions": []}, {"Section": "RESULTS", "Text": "Of the 21 ( 29 % of total ) intensive care unit patients , 3 ( 14.3 % died ) ; median length of intensive care unit stay was 12 days .", "Evidence Elements": {"Participant": [{"term": "intensive care unit patients", "negation": "affirmed", "UMLS": "", "start": 28, "end": 56}], "Intervention": [], "Outcome": [{"term": "died )", "negation": "affirmed", "UMLS": "", "start": 70, "end": 76}, {"term": "median length", "negation": "affirmed", "UMLS": "", "start": 79, "end": 92}]}, "Evidence Propositions": []}, {"Section": "RESULTS", "Text": "Of the 72 patients , 43 ( 59.7 % ) had underlying cardiovascular disease and 19 ( 26.4 % ) had underlying pulmonary disease .", "Evidence Elements": {"Participant": [{"term": "underlying cardiovascular disease", "negation": "affirmed", "UMLS": "", "start": 39, "end": 72}], "Intervention": [], "Outcome": []}, "Evidence Propositions": []}, {"Section": "CONCLUSIONS", "Text": "In this study , death rates were lower than those reported from regions of the United States experiencing a high volume of COVID-19 patients .", "Evidence Elements": {"Participant": [], "Intervention": [], "Outcome": [{"term": "death rates", "negation": "affirmed", "UMLS": "", "start": 16, "end": 27}]}, "Evidence Propositions": [{"Intervention": [], "Observation": "lower", "Outcome": "death rates", "Count": ""}]}]}