{"doc_id": "32407329", "type of study": "Therapy", "title": "", "abstract": "Would the affected communities voluntarily obtain herd immunity if a cure for COVID-19 was available?\nThis paper experimentally investigates people's vaccination choices in the context of a nonlinear public good game.\nA \"vaccination game\" is defined in which costly commitments (vaccination) are required of a fraction of the population to reach the critical level needed for herd immunity, without which defectors are punished by the natural contagion of epidemics.\nOur experimental implementation of a vaccination game in a controlled laboratory setting reveals that endogenous epidemic punishment is a credible threat, resulting in voluntary vaccination to obtain herd immunity, for which the orthodox principle of positive externalities fails to account.\nThe concave nature of the infection probability plays a key role in facilitating the elimination of an epidemic.\n", "Evidence Map": {"Enrollment": [{"term": "public good", "negation": "affirmed", "UMLS": "", "start": 99, "end": 110}], "Comparison Results": [], "Study Arm 1 Results": [], "Study Arm 2 Results": []}, "Sentence-level breakdown": [{"Section": "TITLE", "Text": "Would the affected communities voluntarily obtain herd immunity if a cure for COVID-19 was available ?", "Evidence Elements": {"Participant": [], "Intervention": [], "Outcome": [{"term": "herd immunity", "negation": "affirmed", "UMLS": "", "start": 50, "end": 63}]}, "Evidence Propositions": []}, {"Section": "OBJECTIVE", "Text": "This paper experimentally investigates people 's vaccination choices in the context of a nonlinear public good game .", "Evidence Elements": {"Participant": [{"term": "public good", "negation": "affirmed", "UMLS": "", "start": 99, "end": 110}], "Intervention": [], "Outcome": [{"term": "vaccination choices", "negation": "affirmed", "UMLS": "", "start": 49, "end": 68}]}, "Evidence Propositions": []}, {"Section": "RESULTS", "Text": "A \" vaccination game \" is defined in which costly commitments ( vaccination ) are required of a fraction of the population to reach the critical level needed for herd immunity , without which defectors are punished by the natural contagion of epidemics .", "Evidence Elements": {"Participant": [], "Intervention": [], "Outcome": []}, "Evidence Propositions": []}, {"Section": "CONCLUSIONS", "Text": "Our experimental implementation of a vaccination game in a controlled laboratory setting reveals that endogenous epidemic punishment is a credible threat , resulting in voluntary vaccination to obtain herd immunity , for which the orthodox principle of positive externalities fails to account .", "Evidence Elements": {"Participant": [], "Intervention": [{"term": "vaccination game", "negation": "affirmed", "UMLS": "", "start": 37, "end": 53}], "Outcome": [{"term": "endogenous epidemic punishment", "negation": "affirmed", "UMLS": "", "start": 102, "end": 132}]}, "Evidence Propositions": [{"Intervention": "vaccination game", "Observation": "credible threat", "Outcome": "endogenous epidemic punishment", "Count": ""}]}, {"Section": "CONCLUSIONS", "Text": "The concave nature of the infection probability plays a key role in facilitating the elimination of an epidemic .", "Evidence Elements": {"Participant": [], "Intervention": [], "Outcome": []}, "Evidence Propositions": []}]}