{"doc_id": "32409522", "type of study": "Therapy", "title": "", "abstract": "Very little direct evidence exists on use of corticosteroids in patients with coronavirus disease 2019 (COVID-19).\nIndirect evidence from related conditions must therefore inform inferences regarding benefits and harms.\nTo support a guideline for managing COVID-19, we conducted systematic reviews examining the impact of corticosteroids in COVID-19 and related severe acute respiratory illnesses.\nWe searched standard international and Chinese biomedical literature databases and prepublication sources for randomized controlled trials (RCTs) and observational studies comparing corticosteroids versus no corticosteroids in patients with COVID-19, severe acute respiratory syndrome (SARS) or Middle East respiratory syndrome (MERS).\nFor acute respiratory distress syndrome (ARDS), influenza and community-acquired pneumonia (CAP), we updated the most recent rigorous systematic review.\nWe conducted random-effects meta-analyses to pool relative risks and then used baseline risk in patients with COVID-19 to generate absolute effects.\nIn ARDS, according to 1 small cohort study in patients with COVID-19 and 7 RCTs in non-COVID-19 populations (risk ratio [RR] 0.72, 95% confidence interval [CI] 0.55 to 0.93, mean difference 17.3% fewer; low-quality evidence), corticosteroids may reduce mortality.\nIn patients with severe COVID-19 but without ARDS, direct evidence from 2 observational studies provided very low-quality evidence of an increase in mortality with corticosteroids (hazard ratio [HR] 2.30, 95% CI 1.00 to 5.29, mean difference 11.9% more), as did observational data from influenza studies.\nObservational data from SARS and MERS studies provided very low-quality evidence of a small or no reduction in mortality.\nRandomized controlled trials in CAP suggest that corticosteroids may reduce mortality (RR 0.70, 95% CI 0.50 to 0.98, 3.1% lower; very low-quality evidence), and may increase hyperglycemia.\nINTERPRETATION: Corticosteroids may reduce mortality for patients with COVID-19 and ARDS.\nFor patients with severe COVID-19 but without ARDS, evidence regarding benefit from different bodies of evidence is inconsistent and of very low quality.\n", "Evidence Map": {"Enrollment": [{"term": "COVID-19", "negation": "affirmed", "UMLS": "", "start": 36, "end": 44}, {"term": "COVID-19", "negation": "affirmed", "UMLS": "", "start": 36, "end": 44}, {"term": "severe acute respiratory", "negation": "affirmed", "UMLS": "", "start": 143, "end": 167}, {"term": "COVID-19", "negation": "negated", "UMLS": "", "start": 243, "end": 251}, {"term": "severe acute respiratory syndrome ( SARS )", "negation": "affirmed", "UMLS": "", "start": 254, "end": 296}, {"term": "acute respiratory distress syndrome ( ARDS )", "negation": "affirmed", "UMLS": "", "start": 4, "end": 48}, {"term": "influenza", "negation": "affirmed", "UMLS": "", "start": 51, "end": 60}, {"term": "community-acquired pneumonia ( CAP )", "negation": "affirmed", "UMLS": "", "start": 65, "end": 101}, {"term": "COVID-19", "negation": "affirmed", "UMLS": "", "start": 110, "end": 118}, {"term": "ARDS", "negation": "affirmed", "UMLS": "", "start": 3, "end": 7}, {"term": "COVID-19", "negation": "affirmed", "UMLS": "", "start": 61, "end": 69}, {"term": "non-COVID-19", "negation": "affirmed", "UMLS": "", "start": 84, "end": 96}, {"term": "severe COVID-19", "negation": "affirmed", "UMLS": "", "start": 17, "end": 32}, {"term": "ARDS", "negation": "negated", "UMLS": "", "start": 45, "end": 49}, {"term": "CAP", "negation": "affirmed", "UMLS": "", "start": 32, "end": 35}, {"term": "COVID-19", "negation": "affirmed", "UMLS": "", "start": 72, "end": 80}], "Comparison Results": [], "Study Arm 1 Results": [], "Study Arm 2 Results": []}, "Sentence-level breakdown": [{"Section": "TITLE", "Text": "Very little direct evidence exists on use of corticosteroids in patients with coronavirus disease 2019 ( COVID-19 ) .", "Evidence Elements": {"Participant": [], "Intervention": [], "Outcome": []}, "Evidence Propositions": []}, {"Section": "OBJECTIVE", "Text": "To support a guideline for managing COVID-19 , we conducted systematic reviews examining the impact of corticosteroids in COVID-19 and related severe acute respiratory illnesses .", "Evidence Elements": {"Participant": [{"term": "COVID-19", "negation": "affirmed", "UMLS": "", "start": 36, "end": 44}, {"term": "COVID-19", "negation": "affirmed", "UMLS": "", "start": 36, "end": 44}, {"term": "severe acute respiratory", "negation": "affirmed", "UMLS": "", "start": 143, "end": 167}], "Intervention": [{"term": "corticosteroids", "negation": "affirmed", "UMLS": "", "start": 103, "end": 118}], "Outcome": []}, "Evidence Propositions": []}, {"Section": "METHODS", "Text": "We searched standard international and Chinese biomedical literature databases and prepublication sources for randomized controlled trials ( RCTs ) and observational studies comparing corticosteroids versus no corticosteroids in patients with COVID-19 , severe acute respiratory syndrome ( SARS ) or Middle East respiratory syndrome ( MERS ) .", "Evidence Elements": {"Participant": [{"term": "COVID-19", "negation": "negated", "UMLS": "", "start": 243, "end": 251}, {"term": "severe acute respiratory syndrome ( SARS )", "negation": "affirmed", "UMLS": "", "start": 254, "end": 296}], "Intervention": [{"term": "corticosteroids", "negation": "negated", "UMLS": "", "start": 184, "end": 199}, {"term": "no corticosteroids", "negation": "affirmed", "UMLS": "", "start": 207, "end": 225}], "Outcome": []}, "Evidence Propositions": []}, {"Section": "METHODS", "Text": "For acute respiratory distress syndrome ( ARDS ) , influenza and community-acquired pneumonia ( CAP ) , we updated the most recent rigorous systematic review .", "Evidence Elements": {"Participant": [{"term": "acute respiratory distress syndrome ( ARDS )", "negation": "affirmed", "UMLS": "", "start": 4, "end": 48}, {"term": "influenza", "negation": "affirmed", "UMLS": "", "start": 51, "end": 60}, {"term": "community-acquired pneumonia ( CAP )", "negation": "affirmed", "UMLS": "", "start": 65, "end": 101}], "Intervention": [], "Outcome": []}, "Evidence Propositions": []}, {"Section": "METHODS", "Text": "We conducted random-effects meta-analyses to pool relative risks and then used baseline risk in patients with COVID-19 to generate absolute effects .", "Evidence Elements": {"Participant": [{"term": "COVID-19", "negation": "affirmed", "UMLS": "", "start": 110, "end": 118}], "Intervention": [], "Outcome": [{"term": "relative", "negation": "affirmed", "UMLS": "", "start": 50, "end": 58}, {"term": "absolute effects", "negation": "affirmed", "UMLS": "", "start": 131, "end": 147}]}, "Evidence Propositions": []}, {"Section": "RESULTS", "Text": "In ARDS , according to 1 small cohort study in patients with COVID-19 and 7 RCTs in non-COVID-19 populations ( risk ratio [ RR ] 0.72 , 95 % confidence interval [ CI ] 0.55 to 0.93 , mean difference 17.3 % fewer ; low-quality evidence ) , corticosteroids may reduce mortality .", "Evidence Elements": {"Participant": [{"term": "ARDS", "negation": "affirmed", "UMLS": "", "start": 3, "end": 7}, {"term": "COVID-19", "negation": "affirmed", "UMLS": "", "start": 61, "end": 69}, {"term": "non-COVID-19", "negation": "affirmed", "UMLS": "", "start": 84, "end": 96}], "Intervention": [], "Outcome": []}, "Evidence Propositions": []}, {"Section": "RESULTS", "Text": "In patients with severe COVID-19 but without ARDS , direct evidence from 2 observational studies provided very low-quality evidence of an increase in mortality with corticosteroids ( hazard ratio [ HR ] 2.30 , 95 % CI 1.00 to 5.29 , mean difference 11.9 % more ) , as did observational data from influenza studies .", "Evidence Elements": {"Participant": [{"term": "severe COVID-19", "negation": "affirmed", "UMLS": "", "start": 17, "end": 32}, {"term": "ARDS", "negation": "negated", "UMLS": "", "start": 45, "end": 49}], "Intervention": [{"term": "corticosteroids", "negation": "negated", "UMLS": "", "start": 165, "end": 180}], "Outcome": [{"term": "mortality", "negation": "negated", "UMLS": "", "start": 150, "end": 159}]}, "Evidence Propositions": [{"Intervention": "corticosteroids", "Observation": "increase", "Outcome": "mortality", "Count": ""}]}, {"Section": "RESULTS", "Text": "Observational data from SARS and MERS studies provided very low-quality evidence of a small or no reduction in mortality .", "Evidence Elements": {"Participant": [], "Intervention": [], "Outcome": [{"term": "mortality", "negation": "negated", "UMLS": "", "start": 111, "end": 120}]}, "Evidence Propositions": []}, {"Section": "CONCLUSIONS", "Text": "Randomized controlled trials in CAP suggest that corticosteroids may reduce mortality ( RR 0.70 , 95 % CI 0.50 to 0.98 , 3.1 % lower ; very low-quality evidence ) , and may increase hyperglycemia .", "Evidence Elements": {"Participant": [{"term": "CAP", "negation": "affirmed", "UMLS": "", "start": 32, "end": 35}], "Intervention": [{"term": "corticosteroids", "negation": "affirmed", "UMLS": "", "start": 49, "end": 64}], "Outcome": [{"term": "mortality", "negation": "affirmed", "UMLS": "", "start": 76, "end": 85}]}, "Evidence Propositions": []}, {"Section": "CONCLUSIONS", "Text": "INTERPRETATION : Corticosteroids may reduce mortality for patients with COVID-19 and ARDS .", "Evidence Elements": {"Participant": [{"term": "COVID-19", "negation": "affirmed", "UMLS": "", "start": 72, "end": 80}], "Intervention": [{"term": "Corticosteroids", "negation": "affirmed", "UMLS": "", "start": 17, "end": 32}], "Outcome": [{"term": "mortality", "negation": "affirmed", "UMLS": "", "start": 44, "end": 53}]}, "Evidence Propositions": []}, {"Section": "CONCLUSIONS", "Text": "For patients with severe COVID-19 but without ARDS , evidence regarding benefit from different bodies of evidence is inconsistent and of very low quality .", "Evidence Elements": {"Participant": [], "Intervention": [], "Outcome": []}, "Evidence Propositions": []}]}