{"doc_id": "32405156", "type of study": "Therapy", "title": "", "abstract": "Emergence of the new coronavirus, SARS-CoV-2 has led to a global pandemic disease Hydroxychloroquine/azithromycin combination therapy is currently being tested Molecular mimicry between azithromycin and ganglioside sugar is revealed Azithromycin binds to the virus spike protein of SARS-CoV-2 and hydroxychloroquine binds to gangliosides Hydroxychloroquine/azithromycin have synergistic effect against SARS-CoV-2 infection The emergence of SARS-coronavirus-2 (SARS-CoV-2) has led to a global pandemic disease referred to as coronavirus disease 19 (COVID-19).\nHydroxychloroquine (CLQ-OH)/azithromycin (ATM) combination therapy is currently being tested for the treatment of COVID-19, with promising results.\nHowever, the molecular mechanism of action of this combination is not yet established.\nUsing molecular dynamics (MD) simulations, this study shows that the drugs act in synergy to prevent any close contact between the virus and the plasma membrane of host cells.\nUnexpected molecular similarity is shown between ATM and the sugar moiety of GM1, a lipid raft ganglioside acting as a host attachment cofactor for respiratory viruses.\nDue to this mimicry, ATM interacts with the ganglioside-binding domain of SARS-CoV-2 spike protein.\nThis binding site shared by ATM and GM1 displays a conserved amino acid triad Q-134/F-135/N-137 located at the tip of the spike protein.\nCLQ-OH molecules are shown to saturate virus attachment sites on gangliosides in the vicinity of the primary coronavirus receptor, angiotensin-converting enzyme-2 (ACE-2).\nTaken together, these data show that ATM is directed against the virus, whereas CLQ-OH is directed against cellular attachment cofactors.\nWe conclude that both drugs act as competitive inhibitors of SARS-CoV-2 attachment to the host-cell membrane.\nThis is consistent with a synergistic antiviral mechanism at the plasma membrane level, where therapeutic intervention is likely to be most efficient.\nThis molecular mechanism may explain the beneficial effects of CLQ-OH/ATM combination therapy in patients with COVID-19.\nIncidentally, the data also indicate that the conserved Q-134/F-135/N-137 triad could be considered as a target for vaccine strategies.\n", "Evidence Map": {"Enrollment": [], "Comparison Results": [], "Study Arm 1 Results": [], "Study Arm 2 Results": []}, "Sentence-level breakdown": [{"Section": "TITLE", "Text": "Emergence of the new coronavirus , SARS-CoV-2 has led to a global pandemic disease Hydroxychloroquine / azithromycin combination therapy is currently being tested Molecular mimicry between azithromycin and ganglioside sugar is revealed Azithromycin binds to the virus spike protein of SARS-CoV-2 and hydroxychloroquine binds to gangliosides Hydroxychloroquine / azithromycin have synergistic effect against SARS-CoV", "Evidence Elements": {"Participant": [], "Intervention": [], "Outcome": []}, "Evidence Propositions": []}, {"Section": "RESULTS", "Text": "However , the molecular mechanism of action of this combination is not yet established .", "Evidence Elements": {"Participant": [], "Intervention": [], "Outcome": []}, "Evidence Propositions": []}, {"Section": "RESULTS", "Text": "Using molecular dynamics ( MD ) simulations , this study shows that the drugs act in synergy to prevent any close contact between the virus and the plasma membrane of host cells .", "Evidence Elements": {"Participant": [], "Intervention": [], "Outcome": []}, "Evidence Propositions": []}, {"Section": "RESULTS", "Text": "Unexpected molecular similarity is shown between ATM and the sugar moiety of GM1 , a lipid raft ganglioside acting as a host attachment cofactor for respiratory viruses .", "Evidence Elements": {"Participant": [], "Intervention": [{"term": "ATM", "negation": "affirmed", "UMLS": "", "start": 49, "end": 52}], "Outcome": [{"term": "molecular similarity", "negation": "affirmed", "UMLS": "", "start": 11, "end": 31}, {"term": "sugar moiety of GM1", "negation": "affirmed", "UMLS": "", "start": 61, "end": 80}]}, "Evidence Propositions": []}, {"Section": "RESULTS", "Text": "Due to this mimicry , ATM interacts with the ganglioside-binding domain of SARS-CoV-2 spike protein .", "Evidence Elements": {"Participant": [], "Intervention": [], "Outcome": []}, "Evidence Propositions": []}, {"Section": "RESULTS", "Text": "This binding site shared by ATM and GM1 displays a conserved amino acid triad Q-134 / F-135 / N-137 located at the tip of the spike protein .", "Evidence Elements": {"Participant": [], "Intervention": [], "Outcome": []}, "Evidence Propositions": []}, {"Section": "RESULTS", "Text": "CLQ-OH molecules are shown to saturate virus attachment sites on gangliosides in the vicinity of the primary coronavirus receptor , angiotensin-converting enzyme-2 ( ACE-2 ) .", "Evidence Elements": {"Participant": [], "Intervention": [], "Outcome": []}, "Evidence Propositions": []}, {"Section": "RESULTS", "Text": "Taken together , these data show that ATM is directed against the virus , whereas CLQ-OH is directed against cellular attachment cofactors .", "Evidence Elements": {"Participant": [], "Intervention": [{"term": "ATM", "negation": "affirmed", "UMLS": "", "start": 38, "end": 41}, {"term": "CLQ-OH", "negation": "affirmed", "UMLS": "", "start": 82, "end": 88}], "Outcome": [{"term": "virus", "negation": "affirmed", "UMLS": "", "start": 66, "end": 71}, {"term": "cellular", "negation": "affirmed", "UMLS": "", "start": 109, "end": 117}]}, "Evidence Propositions": [{"Intervention": "ATM", "Observation": "directed", "Outcome": "virus", "Count": ""}, {"Intervention": "CLQ-OH", "Observation": "directed", "Outcome": "cellular", "Count": ""}]}, {"Section": "RESULTS", "Text": "We conclude that both drugs act as competitive inhibitors of SARS-CoV-2 attachment to the host-cell membrane .", "Evidence Elements": {"Participant": [], "Intervention": [{"term": "both drugs", "negation": "affirmed", "UMLS": "", "start": 17, "end": 27}], "Outcome": [{"term": "SARS-CoV-2 attachment to the host-cell membrane", "negation": "affirmed", "UMLS": "", "start": 61, "end": 108}]}, "Evidence Propositions": [{"Intervention": "both drugs", "Observation": "competitive inhibitors", "Outcome": "SARS-CoV-2 attachment to the host-cell membrane", "Count": ""}]}, {"Section": "RESULTS", "Text": "This is consistent with a synergistic antiviral mechanism at the plasma membrane level , where therapeutic intervention is likely to be most efficient .", "Evidence Elements": {"Participant": [], "Intervention": [], "Outcome": []}, "Evidence Propositions": []}, {"Section": "RESULTS", "Text": "This molecular mechanism may explain the beneficial effects of CLQ-OH / ATM combination therapy in patients with COVID-19 .", "Evidence Elements": {"Participant": [], "Intervention": [], "Outcome": []}, "Evidence Propositions": []}, {"Section": "CONCLUSIONS", "Text": "Incidentally , the data also indicate that the conserved Q-134 / F-135 / N-137 triad could be considered as a target for vaccine strategies .", "Evidence Elements": {"Participant": [], "Intervention": [{"term": "triad", "negation": "affirmed", "UMLS": "", "start": 79, "end": 84}], "Outcome": []}, "Evidence Propositions": []}]}