{"doc_id": "32408070", "type of study": "Therapy", "title": "", "abstract": "Currently, drug repurposing is an alternative to novel drug development for the treatment of COVID-19 patients.\nThe antimalarial drug chloroquine (CQ) and its metabolite hydroxychloroquine (HCQ) are currently being tested in several clinical studies as potential candidates to limit SARS-CoV-2-mediated morbidity and mortality.\nCQ and HCQ (CQ/HCQ) inhibit pH-dependent steps of SARS-CoV-2 replication by increasing pH in intracellular vesicles and interfere with virus particle delivery into host cells.\nBesides direct antiviral effects, CQ/HCQ specifically target extracellular zinc to intracellular lysosomes where it interferes with RNA-dependent RNA polymerase activity and coronavirus replication.\nAs zinc deficiency frequently occurs in elderly patients and in those with cardiovascular disease, chronic pulmonary disease, or diabetes, we hypothesize that CQ/HCQ plus zinc supplementation may be more effective in reducing COVID-19 morbidity and mortality than CQ or HCQ in monotherapy.\nTherefore, CQ/HCQ in combination with zinc should be considered as additional study arm for COVID-19 clinical trials.\n", "Evidence Map": {"Enrollment": [{"term": "elderly", "negation": "affirmed", "UMLS": "", "start": 40, "end": 47}], "Comparison Results": [], "Study Arm 1 Results": [], "Study Arm 2 Results": []}, "Sentence-level breakdown": [{"Section": "TITLE", "Text": "Currently , drug repurposing is an alternative to novel drug development for the treatment of COVID-19 patients .", "Evidence Elements": {"Participant": [], "Intervention": [], "Outcome": []}, "Evidence Propositions": []}, {"Section": "RESULTS", "Text": "The antimalarial drug chloroquine ( CQ ) and its metabolite hydroxychloroquine ( HCQ ) are currently being tested in several clinical studies as potential candidates to limit SARS-CoV-2-mediated morbidity and mortality .", "Evidence Elements": {"Participant": [], "Intervention": [], "Outcome": []}, "Evidence Propositions": []}, {"Section": "RESULTS", "Text": "CQ and HCQ ( CQ / HCQ ) inhibit pH-dependent steps of SARS-CoV-2 replication by increasing pH in intracellular vesicles and interfere with virus particle delivery into host cells .", "Evidence Elements": {"Participant": [], "Intervention": [], "Outcome": []}, "Evidence Propositions": []}, {"Section": "RESULTS", "Text": "Besides direct antiviral effects , CQ / HCQ specifically target extracellular zinc to intracellular lysosomes where it interferes with RNA-dependent RNA polymerase activity and coronavirus replication .", "Evidence Elements": {"Participant": [], "Intervention": [], "Outcome": []}, "Evidence Propositions": []}, {"Section": "CONCLUSIONS", "Text": "As zinc deficiency frequently occurs in elderly patients and in those with cardiovascular disease , chronic pulmonary disease , or diabetes , we hypothesize that CQ / HCQ plus zinc supplementation may be more effective in reducing COVID-19 morbidity and mortality than CQ or HCQ in monotherapy .", "Evidence Elements": {"Participant": [{"term": "elderly", "negation": "affirmed", "UMLS": "", "start": 40, "end": 47}], "Intervention": [{"term": "HCQ plus zinc supplementation", "negation": "affirmed", "UMLS": "", "start": 167, "end": 196}, {"term": "CQ", "negation": "affirmed", "UMLS": "", "start": 162, "end": 164}], "Outcome": [{"term": "COVID-19 morbidity", "negation": "affirmed", "UMLS": "", "start": 231, "end": 249}, {"term": "mortality", "negation": "affirmed", "UMLS": "", "start": 254, "end": 263}]}, "Evidence Propositions": [{"Intervention": ["HCQ plus zinc supplementation", "CQ"], "Observation": "more effective", "Outcome": "", "Count": ""}]}, {"Section": "CONCLUSIONS", "Text": "Therefore , CQ / HCQ in combination with zinc should be considered as additional study arm for COVID-19 clinical trials .", "Evidence Elements": {"Participant": [], "Intervention": [{"term": "HCQ in combination with zinc", "negation": "affirmed", "UMLS": "", "start": 17, "end": 45}], "Outcome": []}, "Evidence Propositions": []}]}