{"doc_id": "32407959", "type of study": "Therapy", "title": "", "abstract": "SARS-CoV-2 is causing an increasing number of deaths worldwide because no effective treatment is currently available.\nRemdesivir has shown in vitro activity against coronaviruses and is a possible antiviral treatment for SARS-CoV-2 infection.\nThis prospective (compassionate), open-label study of remdesivir, which was conducted at Luigi Sacco Hospital, Milan, Italy, between February 23 and March 20, 2020, involved patients with SARS-CoV-2 pneumonia aged >=18 years undergoing mechanical ventilation or with an oxygen saturation level of <=94 % in air or a National Early Warning Score 2 of >=4.\nThe primary outcome was the change in clinical status based on a 7-category ordinal scale (1 = not hospitalised, resuming normal daily activities; 7 = deceased).\nThe 35 patients enrolled from February 23 to March 20, 2020, included 18 in intensive care unit (ICU), and 17 in our infectious diseases ward (IDW).\nThe 10-day course of remdesivir was completed by 22 patients (63 %) and discontinued by 13, of whom eight (22.8 %) discontinued because of adverse events.\nThe median follow-up was 39 days (IQR 25-44).\nAt day 28, 14 (82.3 %) patients from IDW were discharged, two were still hospitalized and one died (5.9 %), whereas in ICU 6 (33.3 %) were discharged, 8 (44.4 %) patients died, three (16.7 %) were still mechanically ventilated and one (5.6 %) was improved but still hospitalized.\nHypertransaminasemia and acute kidney injury were the most frequent severe adverse events observed (42.8 % and 22.8 % of the cases, respectively).\nOur data suggest that remdesivir can benefit patients with SARS-CoV-2 pneumonia hospitalised outside ICU where clinical outcome was better and adverse events are less frequently observed.\nOngoing randomised controlled trials will clarify its real efficacy and safety, who to treat, and when.\n", "Evidence Map": {"Enrollment": [{"term": "SARS-CoV-2 pneumonia", "negation": "affirmed", "UMLS": "", "start": 197, "end": 217}, {"term": "mechanical ventilation", "negation": "affirmed", "UMLS": "", "start": 246, "end": 268}, {"term": "oxygen saturation level of < = 94", "negation": "affirmed", "UMLS": "", "start": 280, "end": 313}, {"term": "hospitalised", "negation": "negated", "UMLS": "", "start": 100, "end": 112}, {"term": "SARS-CoV-2 pneumonia", "negation": "affirmed", "UMLS": "", "start": 59, "end": 79}, {"term": "hospitalised", "negation": "affirmed", "UMLS": "", "start": 80, "end": 92}], "Comparison Results": [], "Study Arm 1 Results": [], "Study Arm 2 Results": []}, "Sentence-level breakdown": [{"Section": "TITLE", "Text": "SARS-CoV-2 is causing an increasing number of deaths worldwide because no effective treatment is currently available .", "Evidence Elements": {"Participant": [], "Intervention": [], "Outcome": []}, "Evidence Propositions": []}, {"Section": "METHODS", "Text": "This prospective ( compassionate ) , open-label study of remdesivir , which was conducted at Luigi Sacco Hospital , Milan , Italy , between February 23 and March 20 , 2020 , involved patients with SARS-CoV-2 pneumonia aged > =18 years undergoing mechanical ventilation or with an oxygen saturation level of < = 94 % in air or a National Early Warning Score 2 of > = 4 .", "Evidence Elements": {"Participant": [{"term": "SARS-CoV-2 pneumonia", "negation": "affirmed", "UMLS": "", "start": 197, "end": 217}, {"term": "mechanical ventilation", "negation": "affirmed", "UMLS": "", "start": 246, "end": 268}, {"term": "oxygen saturation level of < = 94", "negation": "affirmed", "UMLS": "", "start": 280, "end": 313}], "Intervention": [{"term": "remdesivir", "negation": "affirmed", "UMLS": "", "start": 57, "end": 67}], "Outcome": []}, "Evidence Propositions": []}, {"Section": "METHODS", "Text": "The primary outcome was the change in clinical status based on a 7-category ordinal scale ( 1 = not hospitalised , resuming normal daily activities ; 7 = deceased ) .", "Evidence Elements": {"Participant": [{"term": "hospitalised", "negation": "negated", "UMLS": "", "start": 100, "end": 112}], "Intervention": [], "Outcome": [{"term": "change in clinical status", "negation": "affirmed", "UMLS": "", "start": 28, "end": 53}, {"term": "7-category ordinal scale", "negation": "affirmed", "UMLS": "", "start": 65, "end": 89}]}, "Evidence Propositions": []}, {"Section": "RESULTS", "Text": "The 35 patients enrolled from February 23 to March 20 , 2020 , included 18 in intensive care unit ( ICU ) , and 17 in our infectious diseases ward ( IDW ) .", "Evidence Elements": {"Participant": [], "Intervention": [], "Outcome": []}, "Evidence Propositions": []}, {"Section": "RESULTS", "Text": "The 10-day course of remdesivir was completed by 22 patients ( 63 % ) and discontinued by 13 , of whom eight ( 22.8 % ) discontinued because of adverse events .", "Evidence Elements": {"Participant": [], "Intervention": [{"term": "remdesivir", "negation": "affirmed", "UMLS": "", "start": 21, "end": 31}], "Outcome": [{"term": "discontinued", "negation": "affirmed", "UMLS": "", "start": 74, "end": 86}]}, "Evidence Propositions": [{"Intervention": "remdesivir", "Observation": "", "Count": "13", "Outcome": "discontinued"}]}, {"Section": "RESULTS", "Text": "The median follow-up was 39 days (IQR 25-44) .", "Evidence Elements": {"Participant": [], "Intervention": [], "Outcome": []}, "Evidence Propositions": []}, {"Section": "RESULTS", "Text": "At day 28 , 14 ( 82.3 % ) patients from IDW were discharged , two were still hospitalized and one died ( 5.9 % ) , whereas in ICU 6 ( 33.3 % ) were discharged , 8 ( 44.4 % ) patients died , three ( 16.7 % ) were still mechanically ventilated and one ( 5.6 % ) was improved but still hospitalized .", "Evidence Elements": {"Participant": [], "Intervention": [{"term": "IDW", "negation": "affirmed", "UMLS": "", "start": 40, "end": 43}, {"term": "ICU", "negation": "affirmed", "UMLS": "", "start": 126, "end": 129}], "Outcome": [{"term": "discharged", "negation": "affirmed", "UMLS": "", "start": 49, "end": 59}, {"term": "hospitalized", "negation": "affirmed", "UMLS": "", "start": 77, "end": 89}, {"term": "died", "negation": "affirmed", "UMLS": "", "start": 98, "end": 102}, {"term": "discharged", "negation": "affirmed", "UMLS": "", "start": 49, "end": 59}, {"term": "died", "negation": "affirmed", "UMLS": "", "start": 98, "end": 102}]}, "Evidence Propositions": [{"Intervention": "IDW", "Observation": "", "Count": "14 ( 82.3 % ) patients", "Outcome": "discharged"}]}, {"Section": "RESULTS", "Text": "Hypertransaminasemia and acute kidney injury were the most frequent severe adverse events observed ( 42.8 % and 22.8 % of the cases , respectively ) .", "Evidence Elements": {"Participant": [], "Intervention": [], "Outcome": [{"term": "Hypertransaminasemia", "negation": "affirmed", "UMLS": "", "start": 0, "end": 20}, {"term": "acute kidney injury", "negation": "affirmed", "UMLS": "", "start": 25, "end": 44}, {"term": "severe adverse events", "negation": "affirmed", "UMLS": "", "start": 68, "end": 89}]}, "Evidence Propositions": [{"Intervention": [], "Observation": "most frequent", "Outcome": "", "Count": ""}]}, {"Section": "CONCLUSIONS", "Text": "Our data suggest that remdesivir can benefit patients with SARS-CoV-2 pneumonia hospitalised outside ICU where clinical outcome was better and adverse events are less frequently observed .", "Evidence Elements": {"Participant": [{"term": "SARS-CoV-2 pneumonia", "negation": "affirmed", "UMLS": "", "start": 59, "end": 79}, {"term": "hospitalised", "negation": "affirmed", "UMLS": "", "start": 80, "end": 92}], "Intervention": [{"term": "remdesivir", "negation": "affirmed", "UMLS": "", "start": 22, "end": 32}], "Outcome": [{"term": "clinical outcome", "negation": "affirmed", "UMLS": "", "start": 111, "end": 127}, {"term": "adverse events", "negation": "affirmed", "UMLS": "", "start": 143, "end": 157}]}, "Evidence Propositions": [{"Intervention": ["remdesivir"], "Observation": "better", "Outcome": "clinical outcome", "Count": ""}, {"Intervention": ["remdesivir"], "Observation": "less frequently", "Outcome": "adverse events", "Count": ""}]}, {"Section": "CONCLUSIONS", "Text": "Ongoing randomised controlled trials will clarify its real efficacy and safety , who to treat , and when .", "Evidence Elements": {"Participant": [], "Intervention": [], "Outcome": []}, "Evidence Propositions": []}]}