{"doc_id": "32409498", "type of study": "Therapy", "title": "", "abstract": "OBJECTIVE: Diabetes is one of the most distinct comorbidities of COVID-19.\nHere, we describe the clinical characteristics of and outcomes in patients with diabetes in whom COVID-19 was confirmed or clinically diagnosed (with typical features on lung imaging and symptoms) and their association with glucose-lowering or blood pressure-lowering medications.\nIn this retrospective study involving 904 patients with COVID-19 (136 with diabetes, mostly type 2 diabetes), clinical and laboratory characteristics were collected and compared between the group with diabetes and the group without diabetes, and between groups taking different medications.\nLogistic regression was used to explore risk factors associated with mortality or poor prognosis.\nThe proportion of comorbid diabetes is similar between cases of confirmed and of clinically diagnosed COVID-19.\nRisk factors for higher mortality of patients with diabetes and COVID-19 were older age (adjusted odds ratio [aOR] 1.09 [95% CI 1.04, 1.15] per year increase; P = 0.001) and elevated C-reactive protein (aOR 1.12 [95% CI 1.00, 1.24]; P = 0.043).\nInsulin usage (aOR 3.58 [95% CI 1.37, 9.35]; P = 0.009) was associated with poor prognosis.\nClinical outcomes of those who use an ACE inhibitor (ACEI) or angiotensin II type-I receptor blocker (ARB) were comparable with those of patients who do not use ACEI/ARB among COVID-19 patients with diabetes and hypertension.\nC-reactive protein may help to identify patients with diabetes who are at greater risk of dying during hospitalization.\nOlder patients with diabetes were prone to death related to COVID-19.\nAttention needs to be paid to patients with diabetes and COVID-19 who use insulin.\nACEI/ARB use showed no significant impact on patients with diabetes and hypertension who have COVID-19.\n", "Evidence Map": {"Enrollment": [{"term": "diabetes", "negation": "affirmed", "UMLS": "", "start": 81, "end": 89}, {"term": "COVID-19", "negation": "affirmed", "UMLS": "", "start": 98, "end": 106}, {"term": "glucose-lowering", "negation": "affirmed", "UMLS": "", "start": 227, "end": 243}, {"term": "COVID-19", "negation": "affirmed", "UMLS": "", "start": 56, "end": 64}, {"term": "diabetes", "negation": "negated", "UMLS": "", "start": 76, "end": 84}, {"term": "type 2 diabetes", "negation": "affirmed", "UMLS": "", "start": 94, "end": 109}, {"term": "diabetes", "negation": "negated", "UMLS": "", "start": 76, "end": 84}, {"term": "diabetes", "negation": "affirmed", "UMLS": "", "start": 51, "end": 59}, {"term": "COVID-19", "negation": "affirmed", "UMLS": "", "start": 64, "end": 72}, {"term": "older age", "negation": "affirmed", "UMLS": "", "start": 78, "end": 87}, {"term": "COVID-19", "negation": "negated", "UMLS": "", "start": 182, "end": 190}, {"term": "Older patients", "negation": "affirmed", "UMLS": "", "start": 0, "end": 14}, {"term": "diabetes", "negation": "affirmed", "UMLS": "", "start": 20, "end": 28}, {"term": "diabetes", "negation": "negated", "UMLS": "", "start": 61, "end": 69}, {"term": "hypertension", "negation": "negated", "UMLS": "", "start": 74, "end": 86}, {"term": "COVID-19", "negation": "affirmed", "UMLS": "", "start": 96, "end": 104}], "Comparison Results": [], "Study Arm 1 Results": [], "Study Arm 2 Results": []}, "Sentence-level breakdown": [{"Section": "TITLE", "Text": "OBJECTIVE : Diabetes is one of the most distinct comorbidities of COVID-19 .", "Evidence Elements": {"Participant": [], "Intervention": [], "Outcome": []}, "Evidence Propositions": []}, {"Section": "OBJECTIVE", "Text": "Here , we describe the clinical characteristics of and outcomes in patients with diabetes in whom COVID-19 was confirmed or clinically diagnosed ( with typical features on lung imaging and symptoms ) and their association with glucose-lowering or blood pressure-lowering medications .", "Evidence Elements": {"Participant": [{"term": "diabetes", "negation": "affirmed", "UMLS": "", "start": 81, "end": 89}, {"term": "COVID-19", "negation": "affirmed", "UMLS": "", "start": 98, "end": 106}, {"term": "glucose-lowering", "negation": "affirmed", "UMLS": "", "start": 227, "end": 243}], "Intervention": [], "Outcome": [{"term": "clinical characteristics", "negation": "affirmed", "UMLS": "", "start": 23, "end": 47}, {"term": "outcomes", "negation": "affirmed", "UMLS": "", "start": 55, "end": 63}, {"term": "association", "negation": "affirmed", "UMLS": "", "start": 210, "end": 221}]}, "Evidence Propositions": []}, {"Section": "METHODS", "Text": "In this retrospective study involving 904 patients with COVID-19 ( 136 with diabetes , mostly type 2 diabetes ) , clinical and laboratory characteristics were collected and compared between the group with diabetes and the group without diabetes , and between groups taking different medications .", "Evidence Elements": {"Participant": [{"term": "COVID-19", "negation": "affirmed", "UMLS": "", "start": 56, "end": 64}, {"term": "diabetes", "negation": "negated", "UMLS": "", "start": 76, "end": 84}, {"term": "type 2 diabetes", "negation": "affirmed", "UMLS": "", "start": 94, "end": 109}, {"term": "diabetes", "negation": "negated", "UMLS": "", "start": 76, "end": 84}], "Intervention": [{"term": "diabetes", "negation": "negated", "UMLS": "", "start": 76, "end": 84}], "Outcome": [{"term": "clinical and laboratory characteristics", "negation": "affirmed", "UMLS": "", "start": 114, "end": 153}]}, "Evidence Propositions": []}, {"Section": "METHODS", "Text": "Logistic regression was used to explore risk factors associated with mortality or poor prognosis .", "Evidence Elements": {"Participant": [], "Intervention": [], "Outcome": [{"term": "risk factors associated with mortality", "negation": "affirmed", "UMLS": "", "start": 40, "end": 78}, {"term": "poor prognosis", "negation": "affirmed", "UMLS": "", "start": 82, "end": 96}]}, "Evidence Propositions": []}, {"Section": "RESULTS", "Text": "The proportion of comorbid diabetes is similar between cases of confirmed and of clinically diagnosed COVID-19 .", "Evidence Elements": {"Participant": [], "Intervention": [{"term": "confirmed and of clinically diagnosed COVID-19", "negation": "affirmed", "UMLS": "", "start": 64, "end": 110}], "Outcome": [{"term": "proportion of comorbid diabetes", "negation": "affirmed", "UMLS": "", "start": 4, "end": 35}]}, "Evidence Propositions": [{"Intervention": ["confirmed and of clinically diagnosed COVID-19"], "Observation": "similar", "Outcome": "proportion of comorbid diabetes", "Count": ""}]}, {"Section": "RESULTS", "Text": "Risk factors for higher mortality of patients with diabetes and COVID-19 were older age ( adjusted odds ratio [ aOR ] 1.09 [ 95 % CI 1.04 , 1.15 ] per year increase ; P= 0.001 ) and elevated C-reactive protein ( aOR 1.12 [ 95 % CI 1.00 , 1.24 ] ; P=0.043 ) .", "Evidence Elements": {"Participant": [{"term": "diabetes", "negation": "affirmed", "UMLS": "", "start": 51, "end": 59}, {"term": "COVID-19", "negation": "affirmed", "UMLS": "", "start": 64, "end": 72}, {"term": "older age", "negation": "affirmed", "UMLS": "", "start": 78, "end": 87}], "Intervention": [], "Outcome": [{"term": "Risk factors", "negation": "affirmed", "UMLS": "", "start": 0, "end": 12}, {"term": "higher mortality", "negation": "affirmed", "UMLS": "", "start": 17, "end": 33}, {"term": "C-reactive protein", "negation": "affirmed", "UMLS": "", "start": 191, "end": 209}]}, "Evidence Propositions": []}, {"Section": "RESULTS", "Text": "Insulin usage ( aOR 3.58 [ 95 % CI 1.37 , 9.35 ] ; P=0.009 ) was associated with poor prognosis .", "Evidence Elements": {"Participant": [], "Intervention": [{"term": "Insulin usage", "negation": "affirmed", "UMLS": "", "start": 0, "end": 13}], "Outcome": []}, "Evidence Propositions": []}, {"Section": "CONCLUSIONS", "Text": "Clinical outcomes of those who use an ACE inhibitor ( ACEI ) or angiotensin II type-I receptor blocker ( ARB ) were comparable with those of patients who do not use ACEI / ARB among COVID-19 patients with diabetes and hypertension .", "Evidence Elements": {"Participant": [{"term": "COVID-19", "negation": "negated", "UMLS": "", "start": 182, "end": 190}], "Intervention": [{"term": "ACE inhibitor ( ACEI )", "negation": "affirmed", "UMLS": "", "start": 38, "end": 60}, {"term": "angiotensin II type-I receptor blocker ( ARB )", "negation": "affirmed", "UMLS": "", "start": 64, "end": 110}, {"term": "ARB", "negation": "negated", "UMLS": "", "start": 105, "end": 108}], "Outcome": [{"term": "Clinical outcomes", "negation": "affirmed", "UMLS": "", "start": 0, "end": 17}]}, "Evidence Propositions": [{"Intervention": "ACE inhibitor ( ACEI )", "Observation": "comparable", "Outcome": "Clinical outcomes", "Count": ""}, {"Intervention": "angiotensin II type-I receptor blocker ( ARB )", "Observation": "comparable", "Outcome": "Clinical outcomes", "Count": ""}, {"Intervention": "ARB", "Observation": "comparable", "Outcome": "Clinical outcomes", "Count": ""}]}, {"Section": "CONCLUSIONS", "Text": "C-reactive protein may help to identify patients with diabetes who are at greater risk of dying during hospitalization .", "Evidence Elements": {"Participant": [], "Intervention": [], "Outcome": []}, "Evidence Propositions": []}, {"Section": "CONCLUSIONS", "Text": "Older patients with diabetes were prone to death related to COVID-19 .", "Evidence Elements": {"Participant": [{"term": "Older patients", "negation": "affirmed", "UMLS": "", "start": 0, "end": 14}, {"term": "diabetes", "negation": "affirmed", "UMLS": "", "start": 20, "end": 28}], "Intervention": [], "Outcome": [{"term": "death related to COVID-19", "negation": "affirmed", "UMLS": "", "start": 43, "end": 68}]}, "Evidence Propositions": []}, {"Section": "CONCLUSIONS", "Text": "Attention needs to be paid to patients with diabetes and COVID-19 who use insulin .", "Evidence Elements": {"Participant": [], "Intervention": [], "Outcome": []}, "Evidence Propositions": []}, {"Section": "CONCLUSIONS", "Text": "ACEI / ARB use showed no significant impact on patients with diabetes and hypertension who have COVID-19 .", "Evidence Elements": {"Participant": [{"term": "diabetes", "negation": "negated", "UMLS": "", "start": 61, "end": 69}, {"term": "hypertension", "negation": "negated", "UMLS": "", "start": 74, "end": 86}, {"term": "COVID-19", "negation": "affirmed", "UMLS": "", "start": 96, "end": 104}], "Intervention": [{"term": "ARB", "negation": "affirmed", "UMLS": "", "start": 7, "end": 10}], "Outcome": []}, "Evidence Propositions": []}]}