{"doc_id": "32405422", "type of study": "Therapy", "title": "", "abstract": "Many treatments are being assessed for repurposing to treat coronavirus disease 2019 (COVID-19).\nOne drug that has shown promising results in vitro is nitazoxanide.\nUnlike other postulated drugs, nitazoxanide shows a high ratio of maximum plasma concentration (Cmax), after 1 day of 500 mg twice daily (BD), to the concentration required to inhibit 50% replication (EC50) of severe acute respiratory syndrome coronavirus 2 (SARS-CoV-2) (Cmax : EC50 roughly equal to 14:1).\nAs such, it is important to investigate the safety of nitazoxanide for further trials.\nFurthermore, treatments for COVID-19 should be cheap to promote global access, but prices of many drugs are far higher than the costs of production.\nWe aimed to conduct a review of the safety of nitazoxanide for any prior indication and calculate its minimum costs of production.\nA review of nitazoxanide clinical research was conducted using EMBASE and MEDLINE databases, supplemented by  .\nWe searched for phase 2 or 3 randomised controlled trials (RCTs) comparing nitazoxanide with placebo or active control for 5-14 days in participants experiencing acute infections of any kind.\nData extracted were grade 1-4 and serious adverse events (AEs).\nData were also extracted on gastrointestinal (GI) AEs, as well as hepatorenal and cardiovascular effects.\nActive pharmaceutical ingredient cost data from 2016 to 2019 were extracted from the Panjiva database and adjusted for 5% loss during production, costs of excipients, formulation, a 10% profit margin and tax.\nTwo dosages, at 500 mg BD and a higher dose of 1100 mg three times daily (TDS), were considered.\nOur estimated costs were compared with publicly available list prices from a selection of countries.\nNine RCTs of nitazoxanide were identified for inclusion.\nThese RCTs accounted for 1514 participants and an estimated 95.3 person-years-of-follow-up.\nNo significant differences were found in any of the AE endpoints assessed, across all trials or on subgroup analyses of active- or placebo-controlled trials.\nMild GI AEs increased with dose.\nNo hepatorenal or cardiovascular concerns were raised, but few appropriate metrics were reported.\nThere were no teratogenic concerns, but the evidence base was very limited.\nBased on a weighted-mean cost of US $61/kg, a 14-day course of treatment with nitazoxanide 500 mg BD would cost $1.41.\nThe daily cost would therefore be $0.10.\nThe same 14-day course could cost $3944 in US commercial pharmacies, and $3 per course in Pakistan, India and Bangladesh.\nAt a higher dose of 1100 mg TDS, our estimated cost was $4.08 per 14-day course, equivalent to $0.29 per day.\nNitazoxanide demonstrates a good safety profile at approved doses.\nHowever, further evidence is required regarding hepatorenal and cardiovascular effects, as well as teratogenicity.\nWe estimate that it would be possible to manufacture nitazoxanide as generic for $1.41 for a 14-day treatment course at 500 mg BD, up to $4.08 at 1100 mg TDS.\nFurther trials in COVID-19 patients should be initiated.\nIf efficacy against SARS-CoV-2 is demonstrated in clinical studies, nitazoxanide may represent a safe and affordable treatment in the ongoing pandemic.\n", "Evidence Map": {"Enrollment": [{"term": "acute infections of", "negation": "affirmed", "UMLS": "", "start": 164, "end": 183}], "Comparison Results": [], "Study Arm 1 Results": [], "Study Arm 2 Results": []}, "Sentence-level breakdown": [{"Section": "TITLE", "Text": "Many treatments are being assessed for repurposing to treat coronavirus disease 2019 ( COVID-19 ) .", "Evidence Elements": {"Participant": [], "Intervention": [], "Outcome": []}, "Evidence Propositions": []}, {"Section": "OBJECTIVE", "Text": "We aimed to conduct a review of the safety of nitazoxanide for any prior indication and calculate its minimum costs of production .", "Evidence Elements": {"Participant": [], "Intervention": [{"term": "nitazoxanide", "negation": "affirmed", "UMLS": "", "start": 46, "end": 58}], "Outcome": [{"term": "safety", "negation": "affirmed", "UMLS": "", "start": 36, "end": 42}, {"term": "minimum costs of production", "negation": "affirmed", "UMLS": "", "start": 102, "end": 129}]}, "Evidence Propositions": []}, {"Section": "METHODS", "Text": "A review of nitazoxanide clinical research was conducted using EMBASE and MEDLINE databases , supplemented by .", "Evidence Elements": {"Participant": [], "Intervention": [{"term": "nitazoxanide clinical research", "negation": "affirmed", "UMLS": "", "start": 12, "end": 42}], "Outcome": []}, "Evidence Propositions": []}, {"Section": "METHODS", "Text": "We searched for phase 2 or 3 randomised controlled trials ( RCTs ) comparing nitazoxanide with placebo or active control for 5-14 days in participants experiencing acute infections of any kind .", "Evidence Elements": {"Participant": [{"term": "acute infections of", "negation": "affirmed", "UMLS": "", "start": 164, "end": 183}], "Intervention": [{"term": "nitazoxanide", "negation": "affirmed", "UMLS": "", "start": 77, "end": 89}, {"term": "placebo", "negation": "affirmed", "UMLS": "", "start": 95, "end": 102}, {"term": "active control", "negation": "affirmed", "UMLS": "", "start": 106, "end": 120}], "Outcome": []}, "Evidence Propositions": []}, {"Section": "METHODS", "Text": "Data extracted were grade 1-4 and serious adverse events ( AEs ) .", "Evidence Elements": {"Participant": [], "Intervention": [], "Outcome": [{"term": "grade 1-4", "negation": "affirmed", "UMLS": "", "start": 20, "end": 29}, {"term": "serious adverse events (", "negation": "affirmed", "UMLS": "", "start": 34, "end": 58}]}, "Evidence Propositions": []}, {"Section": "METHODS", "Text": "Data were also extracted on gastrointestinal ( GI ) AEs , as well as hepatorenal and cardiovascular effects .", "Evidence Elements": {"Participant": [], "Intervention": [], "Outcome": [{"term": "gastrointestinal ( GI ) AEs", "negation": "affirmed", "UMLS": "", "start": 28, "end": 55}, {"term": "hepatorenal", "negation": "affirmed", "UMLS": "", "start": 69, "end": 80}]}, "Evidence Propositions": []}, {"Section": "METHODS", "Text": "Active pharmaceutical ingredient cost data from 2016 to 2019 were extracted from the Panjiva database and adjusted for 5 % loss during production , costs of excipients , formulation , a 10 % profit margin and tax .", "Evidence Elements": {"Participant": [], "Intervention": [], "Outcome": [{"term": "Active pharmaceutical ingredient cost", "negation": "affirmed", "UMLS": "", "start": 0, "end": 37}]}, "Evidence Propositions": []}, {"Section": "METHODS", "Text": "Two dosages , at 500 mg BD and a higher dose of 1100 mg three times daily ( TDS ) , were considered .", "Evidence Elements": {"Participant": [], "Intervention": [{"term": "times daily ( TDS", "negation": "affirmed", "UMLS": "", "start": 62, "end": 79}], "Outcome": []}, "Evidence Propositions": []}, {"Section": "METHODS", "Text": "Our estimated costs were compared with publicly available list prices from a selection of countries .", "Evidence Elements": {"Participant": [], "Intervention": [], "Outcome": [{"term": "estimated costs", "negation": "affirmed", "UMLS": "", "start": 4, "end": 19}]}, "Evidence Propositions": []}, {"Section": "RESULTS", "Text": "Nine RCTs of nitazoxanide were identified for inclusion .", "Evidence Elements": {"Participant": [], "Intervention": [{"term": "nitazoxanide", "negation": "affirmed", "UMLS": "", "start": 13, "end": 25}], "Outcome": []}, "Evidence Propositions": []}, {"Section": "RESULTS", "Text": "These RCTs accounted for 1514 participants and an estimated 95.3 person-years-of-follow-up .", "Evidence Elements": {"Participant": [], "Intervention": [], "Outcome": []}, "Evidence Propositions": []}, {"Section": "RESULTS", "Text": "No significant differences were found in any of the AE endpoints assessed , across all trials or on subgroup analyses of active- or placebo-controlled trials .", "Evidence Elements": {"Participant": [], "Intervention": [], "Outcome": [{"term": "of the AE endpoints", "negation": "negated", "UMLS": "", "start": 45, "end": 64}]}, "Evidence Propositions": [{"Intervention": [], "Observation": "significant differences", "Outcome": "of the AE endpoints", "Count": ""}]}, {"Section": "RESULTS", "Text": "Mild GI AEs increased with dose .", "Evidence Elements": {"Participant": [], "Intervention": [{"term": "dose", "negation": "affirmed", "UMLS": "", "start": 27, "end": 31}], "Outcome": [{"term": "Mild GI AEs", "negation": "affirmed", "UMLS": "", "start": 0, "end": 11}]}, "Evidence Propositions": []}, {"Section": "RESULTS", "Text": "No hepatorenal or cardiovascular concerns were raised , but few appropriate metrics were reported .", "Evidence Elements": {"Participant": [], "Intervention": [], "Outcome": [{"term": "hepatorenal or cardiovascular concerns", "negation": "negated", "UMLS": "", "start": 3, "end": 41}, {"term": "appropriate metrics", "negation": "affirmed", "UMLS": "", "start": 64, "end": 83}]}, "Evidence Propositions": []}, {"Section": "RESULTS", "Text": "There were no teratogenic concerns , but the evidence base was very limited .", "Evidence Elements": {"Participant": [], "Intervention": [], "Outcome": []}, "Evidence Propositions": []}, {"Section": "RESULTS", "Text": "Based on a weighted-mean cost of US $ 61 / kg , a 14-day course of treatment with nitazoxanide 500 mg BD would cost $ 1.41 .", "Evidence Elements": {"Participant": [], "Intervention": [{"term": "nitazoxanide", "negation": "affirmed", "UMLS": "", "start": 82, "end": 94}], "Outcome": []}, "Evidence Propositions": []}, {"Section": "RESULTS", "Text": "The daily cost would therefore be $ 0.10 .", "Evidence Elements": {"Participant": [], "Intervention": [], "Outcome": [{"term": "daily cost", "negation": "affirmed", "UMLS": "", "start": 4, "end": 14}]}, "Evidence Propositions": []}, {"Section": "RESULTS", "Text": "The same 14-day course could cost $ 3944 in US commercial pharmacies , and $ 3 per course in Pakistan , India and Bangladesh .", "Evidence Elements": {"Participant": [], "Intervention": [], "Outcome": []}, "Evidence Propositions": []}, {"Section": "RESULTS", "Text": "At a higher dose of 1100 mg TDS , our estimated cost was $ 4.08 per 14-day course , equivalent to $ 0.29 per day .", "Evidence Elements": {"Participant": [], "Intervention": [{"term": "higher dose of 1100 mg TDS", "negation": "affirmed", "UMLS": "", "start": 5, "end": 31}], "Outcome": [{"term": "estimated cost", "negation": "affirmed", "UMLS": "", "start": 38, "end": 52}]}, "Evidence Propositions": [{"Intervention": "higher dose of 1100 mg TDS", "Observation": "$ 4.08 per 14-day course", "Outcome": "estimated cost", "Count": ""}]}, {"Section": "CONCLUSIONS", "Text": "Nitazoxanide demonstrates a good safety profile at approved doses .", "Evidence Elements": {"Participant": [], "Intervention": [{"term": "Nitazoxanide", "negation": "affirmed", "UMLS": "", "start": 0, "end": 12}], "Outcome": [{"term": "safety", "negation": "affirmed", "UMLS": "", "start": 33, "end": 39}]}, "Evidence Propositions": []}, {"Section": "CONCLUSIONS", "Text": "However , further evidence is required regarding hepatorenal and cardiovascular effects , as well as teratogenicity .", "Evidence Elements": {"Participant": [], "Intervention": [], "Outcome": []}, "Evidence Propositions": []}, {"Section": "CONCLUSIONS", "Text": "We estimate that it would be possible to manufacture nitazoxanide as generic for $ 1.41 for a 14-day treatment course at 500 mg BD , up to $ 4.08 at 1100 mg TDS .", "Evidence Elements": {"Participant": [], "Intervention": [{"term": "nitazoxanide", "negation": "affirmed", "UMLS": "", "start": 53, "end": 65}], "Outcome": []}, "Evidence Propositions": []}, {"Section": "CONCLUSIONS", "Text": "Further trials in COVID-19 patients should be initiated .", "Evidence Elements": {"Participant": [], "Intervention": [], "Outcome": []}, "Evidence Propositions": []}, {"Section": "CONCLUSIONS", "Text": "If efficacy against SARS-CoV-2 is demonstrated in clinical studies , nitazoxanide may represent a safe and affordable treatment in the ongoing pandemic .", "Evidence Elements": {"Participant": [], "Intervention": [], "Outcome": []}, "Evidence Propositions": []}]}