{"doc_id": "32407937", "type of study": "Therapy", "title": "", "abstract": "To investigate the clinical features of COVID-19 cases in Suzhou China.\nBiomarkers were screened out of hematological parameters for risk stratification.\nConfirmed COVID-19 adult patients in Suzhou were included.\nThe patient data was collected, and the results of laboratory examinations were compared between the mild/moderate and severe COVID-19 groups.\nA ROC was calculated to compare the diagnostic performance of candidate indexes, and dynamic levels of hematological indexes were compared between the two groups.\n75 patients were enrolled, with a mean age of 46.6 +- 14 years, and 45 patients were male.\nAll patients were classified into two groups: the mild/moderate group and the severe group.\nWBC, neutrophil to lymphocyte ratio (NLR), D-dimer, and fibrinogen levels of the severe group were significantly higher (P < 0.05) than the mild/moderate, and the lymphocyte was lower.\nThe ROC test showed that the hematological parameters had a larger AUC than that of inflammatory factors.\nThere was a significant difference in lymphocyte and fibrinogen levels between the two groups on day 1 (P < 0.05).\nHowever, NLR of the severe group was higher than the mild/moderate on days 1, 4 and 14 (P < 0.01), and so was D-dimer on days 1, 7 and 14 (P < 0.05).\nThe common COVID-19 abnormal hematological indexes on admission included hyperfibrinogenemia, lymphopenia, the elevation of D-dimer, and leukopenia, which were significantly different between the mild/moderate and severe COVID-19 groups.\nFurthermore, the dynamic change of NLR and D-dimer level can distinguish severe COVID-19 cases from the mild/moderate.\nMost common symptoms of Suzhou COVID-19 are fever, cough and sore throat.\nCOVID-19 has characteristics of abnormal hematological indexes.\nNLR and D-dimer can be used as valuable biomarkers for risk stratification of COVID-19.\n", "Evidence Map": {"Enrollment": [{"term": "COVID-19", "negation": "affirmed", "UMLS": "", "start": 40, "end": 48}, {"term": "Confirmed COVID-19 adult", "negation": "affirmed", "UMLS": "", "start": 0, "end": 24}, {"term": "severe COVID-19", "negation": "affirmed", "UMLS": "", "start": 74, "end": 89}, {"term": "Suzhou COVID-19", "negation": "affirmed", "UMLS": "", "start": 24, "end": 39}, {"term": "COVID-19", "negation": "affirmed", "UMLS": "", "start": 0, "end": 8}], "Comparison Results": [], "Study Arm 1 Results": [], "Study Arm 2 Results": []}, "Sentence-level breakdown": [{"Section": "TITLE", "Text": "To investigate the clinical features of COVID-19 cases in Suzhou China .", "Evidence Elements": {"Participant": [{"term": "COVID-19", "negation": "affirmed", "UMLS": "", "start": 40, "end": 48}], "Intervention": [], "Outcome": [{"term": "clinical features", "negation": "affirmed", "UMLS": "", "start": 19, "end": 36}]}, "Evidence Propositions": []}, {"Section": "METHODS", "Text": "Biomarkers were screened out of hematological parameters for risk stratification .", "Evidence Elements": {"Participant": [], "Intervention": [], "Outcome": []}, "Evidence Propositions": []}, {"Section": "METHODS", "Text": "Confirmed COVID-19 adult patients in Suzhou were included .", "Evidence Elements": {"Participant": [{"term": "Confirmed COVID-19 adult", "negation": "affirmed", "UMLS": "", "start": 0, "end": 24}], "Intervention": [], "Outcome": []}, "Evidence Propositions": []}, {"Section": "METHODS", "Text": "The patient data was collected , and the results of laboratory examinations were compared between the mild / moderate and severe COVID-19 groups .", "Evidence Elements": {"Participant": [], "Intervention": [{"term": "moderate", "negation": "affirmed", "UMLS": "", "start": 109, "end": 117}], "Outcome": [{"term": "laboratory examinations", "negation": "affirmed", "UMLS": "", "start": 52, "end": 75}]}, "Evidence Propositions": []}, {"Section": "METHODS", "Text": "A ROC was calculated to compare the diagnostic performance of candidate indexes , and dynamic levels of hematological indexes were compared between the two groups .", "Evidence Elements": {"Participant": [], "Intervention": [{"term": "two", "negation": "affirmed", "UMLS": "", "start": 152, "end": 155}], "Outcome": [{"term": "diagnostic performance", "negation": "affirmed", "UMLS": "", "start": 36, "end": 58}, {"term": "dynamic levels of hematological indexes", "negation": "affirmed", "UMLS": "", "start": 86, "end": 125}]}, "Evidence Propositions": []}, {"Section": "RESULTS", "Text": "75 patients were enrolled , with a mean age of 46.6+-14 years , and 45 patients were male .", "Evidence Elements": {"Participant": [], "Intervention": [], "Outcome": []}, "Evidence Propositions": []}, {"Section": "RESULTS", "Text": "All patients were classified into two groups : the mild / moderate group and the severe group .", "Evidence Elements": {"Participant": [], "Intervention": [], "Outcome": []}, "Evidence Propositions": []}, {"Section": "RESULTS", "Text": "WBC , neutrophil to lymphocyte ratio ( NLR ) , D-dimer , and fibrinogen levels of the severe group were significantly higher ( P < 0.05 ) than the mild / moderate , and the lymphocyte was lower .", "Evidence Elements": {"Participant": [], "Intervention": [{"term": "severe", "negation": "affirmed", "UMLS": "", "start": 86, "end": 92}], "Outcome": [{"term": "WBC", "negation": "affirmed", "UMLS": "", "start": 0, "end": 3}, {"term": "neutrophil to lymphocyte ratio ( NLR )", "negation": "affirmed", "UMLS": "", "start": 6, "end": 44}, {"term": "D-dimer", "negation": "affirmed", "UMLS": "", "start": 47, "end": 54}, {"term": "fibrinogen levels", "negation": "affirmed", "UMLS": "", "start": 61, "end": 78}]}, "Evidence Propositions": [{"Intervention": ["severe"], "Observation": "significantly higher", "Outcome": "WBC", "Count": ""}, {"Intervention": ["severe"], "Observation": "significantly higher", "Outcome": "neutrophil to lymphocyte ratio ( NLR )", "Count": ""}, {"Intervention": ["severe"], "Observation": "significantly higher", "Outcome": "fibrinogen levels", "Count": ""}]}, {"Section": "RESULTS", "Text": "The ROC test showed that the hematological parameters had a larger AUC than that of inflammatory factors .", "Evidence Elements": {"Participant": [], "Intervention": [{"term": "hematological parameters", "negation": "affirmed", "UMLS": "", "start": 29, "end": 53}, {"term": "inflammatory factors", "negation": "affirmed", "UMLS": "", "start": 84, "end": 104}], "Outcome": [{"term": "AUC", "negation": "affirmed", "UMLS": "", "start": 67, "end": 70}]}, "Evidence Propositions": []}, {"Section": "RESULTS", "Text": "There was a significant difference in lymphocyte and fibrinogen levels between the two groups on day 1 ( P < 0.05 ) .", "Evidence Elements": {"Participant": [], "Intervention": [{"term": "two groups", "negation": "affirmed", "UMLS": "", "start": 83, "end": 93}], "Outcome": [{"term": "lymphocyte and fibrinogen levels", "negation": "affirmed", "UMLS": "", "start": 38, "end": 70}]}, "Evidence Propositions": [{"Intervention": ["two groups"], "Observation": "significant difference", "Outcome": "lymphocyte and fibrinogen levels", "Count": ""}]}, {"Section": "RESULTS", "Text": "However , NLR of the severe group was higher than the mild / moderate on days 1 , 4 and 14 ( P < 0.01 ) , and so was D-dimer on days 1 , 7 and 14 ( P < 0.05 ) .", "Evidence Elements": {"Participant": [], "Intervention": [{"term": "severe", "negation": "affirmed", "UMLS": "", "start": 21, "end": 27}, {"term": "moderate", "negation": "affirmed", "UMLS": "", "start": 61, "end": 69}], "Outcome": [{"term": "NLR", "negation": "affirmed", "UMLS": "", "start": 10, "end": 13}, {"term": "D-dimer", "negation": "affirmed", "UMLS": "", "start": 117, "end": 124}]}, "Evidence Propositions": [{"Intervention": ["severe", "moderate"], "Observation": "higher", "Outcome": "NLR", "Count": ""}]}, {"Section": "RESULTS", "Text": "The common COVID-19 abnormal hematological indexes on admission included hyperfibrinogenemia , lymphopenia , the elevation of D-dimer , and leukopenia , which were significantly different between the mild / moderate and severe COVID-19 groups .", "Evidence Elements": {"Participant": [], "Intervention": [{"term": "moderate", "negation": "affirmed", "UMLS": "", "start": 207, "end": 215}], "Outcome": [{"term": "common COVID-19 abnormal hematological indexes", "negation": "affirmed", "UMLS": "", "start": 4, "end": 50}, {"term": "hyperfibrinogenemia", "negation": "affirmed", "UMLS": "", "start": 73, "end": 92}, {"term": "lymphopenia", "negation": "affirmed", "UMLS": "", "start": 95, "end": 106}, {"term": "elevation of D-dimer", "negation": "affirmed", "UMLS": "", "start": 113, "end": 133}, {"term": "leukopenia", "negation": "affirmed", "UMLS": "", "start": 140, "end": 150}]}, "Evidence Propositions": [{"Intervention": ["moderate"], "Observation": "significantly different", "Outcome": "", "Count": ""}]}, {"Section": "CONCLUSIONS", "Text": "Furthermore , the dynamic change of NLR and D-dimer level can distinguish severe COVID-19 cases from the mild / moderate .", "Evidence Elements": {"Participant": [{"term": "severe COVID-19", "negation": "affirmed", "UMLS": "", "start": 74, "end": 89}], "Intervention": [], "Outcome": [{"term": "dynamic change of NLR and D-dimer level", "negation": "affirmed", "UMLS": "", "start": 18, "end": 57}]}, "Evidence Propositions": []}, {"Section": "CONCLUSIONS", "Text": "Most common symptoms of Suzhou COVID-19 are fever , cough and sore throat .", "Evidence Elements": {"Participant": [{"term": "Suzhou COVID-19", "negation": "affirmed", "UMLS": "", "start": 24, "end": 39}], "Intervention": [], "Outcome": [{"term": "fever", "negation": "affirmed", "UMLS": "", "start": 44, "end": 49}, {"term": "cough", "negation": "affirmed", "UMLS": "", "start": 52, "end": 57}, {"term": "sore", "negation": "affirmed", "UMLS": "", "start": 62, "end": 66}]}, "Evidence Propositions": []}, {"Section": "CONCLUSIONS", "Text": "COVID-19 has characteristics of abnormal hematological indexes .", "Evidence Elements": {"Participant": [{"term": "COVID-19", "negation": "affirmed", "UMLS": "", "start": 0, "end": 8}], "Intervention": [], "Outcome": []}, "Evidence Propositions": []}, {"Section": "CONCLUSIONS", "Text": "NLR and D-dimer can be used as valuable biomarkers for risk stratification of COVID-19 .", "Evidence Elements": {"Participant": [], "Intervention": [], "Outcome": []}, "Evidence Propositions": []}]}