{"doc_id": "32407836", "type of study": "Therapy", "title": "", "abstract": "Crucial roles of hematologic and immunologic responses in progression of coronavirus disease 2019 (COVID-19) remain largely unclear.\nWe sought to address the dynamic changes in hematologic and immunologic biomarkers and their associations with severity and outcomes of COVID-19.\nA retrospective study including 548 patients with COVID-19 with clarified outcome (discharged or deceased) from a national cohort in China was performed.\nCross-sectional and longitudinal variations were compared and the associations with different severity and outcomes were analyzed.\nOn admission, the counts of lymphocytes, T-cell subsets, eosinophils, and platelets decreased markedly, especially in severe/critical and fatal patients.\nIncreased neutrophil count and neutrophils-to-lymphocytes ratio were predominant in severe/critical cases or nonsurvivors.\nDuring hospitalization, eosinophils, lymphocytes, and platelets showed an increasing trend in survivors, but maintained lower levels or dropped significantly afterwards in nonsurvivors.\nNonsurvivors kept a high level or showed an upward trend for neutrophils, IL-6, procalcitonin, D-dimer, amyloid A protein, and C-reactive protein, which were kept stable or showed a downward trend in survivors.\nPositive correlation between CD8+ T-cell and lymphocytes count was found in survivors but not in nonsurvivors.\nA multivariate Cox regression model suggested that restored levels of lymphocytes, eosinophils, and platelets could serve as predictors for recovery, whereas progressive increases in neutrophils, basophils, and IL-6 were associated with fatal outcome.\nHematologic and immunologic impairment showed a significantly different profile between survivors and nonsurvivors in patients with COVID-19 with different severity.\nThe longitudinal variations in these biomarkers could serve to predict recovery or fatal outcome.\n", "Evidence Map": {"Enrollment": [{"term": "COVID-19", "negation": "affirmed", "UMLS": "", "start": 136, "end": 144}, {"term": "COVID-19", "negation": "affirmed", "UMLS": "", "start": 50, "end": 58}, {"term": "clarified outcome", "negation": "affirmed", "UMLS": "", "start": 64, "end": 81}, {"term": "discharged", "negation": "affirmed", "UMLS": "", "start": 84, "end": 94}, {"term": "deceased", "negation": "affirmed", "UMLS": "", "start": 98, "end": 106}, {"term": "critical cases", "negation": "affirmed", "UMLS": "", "start": 93, "end": 107}, {"term": "nonsurvivors", "negation": "affirmed", "UMLS": "", "start": 111, "end": 123}, {"term": "COVID-19", "negation": "affirmed", "UMLS": "", "start": 132, "end": 140}, {"term": "different", "negation": "affirmed", "UMLS": "", "start": 62, "end": 71}, {"term": "severity", "negation": "affirmed", "UMLS": "", "start": 156, "end": 164}], "Comparison Results": [], "Study Arm 1 Results": [], "Study Arm 2 Results": []}, "Sentence-level breakdown": [{"Section": "TITLE", "Text": "Crucial roles of hematologic and immunologic responses in progression of coronavirus disease 2019 ( COVID-19 ) remain largely unclear .", "Evidence Elements": {"Participant": [], "Intervention": [], "Outcome": []}, "Evidence Propositions": []}, {"Section": "OBJECTIVE", "Text": "We sought to address the dynamic changes in hematologic and immunologic biomarkers and their associations with severity and outcomes of COVID-19 .", "Evidence Elements": {"Participant": [{"term": "COVID-19", "negation": "affirmed", "UMLS": "", "start": 136, "end": 144}], "Intervention": [], "Outcome": [{"term": "hematologic and immunologic biomarkers", "negation": "affirmed", "UMLS": "", "start": 44, "end": 82}, {"term": "severity and outcomes", "negation": "affirmed", "UMLS": "", "start": 111, "end": 132}]}, "Evidence Propositions": []}, {"Section": "METHODS", "Text": "A retrospective study including 548 patients with COVID-19 with clarified outcome ( discharged or deceased ) from a national cohort in China was performed .", "Evidence Elements": {"Participant": [{"term": "COVID-19", "negation": "affirmed", "UMLS": "", "start": 50, "end": 58}, {"term": "clarified outcome", "negation": "affirmed", "UMLS": "", "start": 64, "end": 81}, {"term": "discharged", "negation": "affirmed", "UMLS": "", "start": 84, "end": 94}, {"term": "deceased", "negation": "affirmed", "UMLS": "", "start": 98, "end": 106}], "Intervention": [], "Outcome": []}, "Evidence Propositions": []}, {"Section": "METHODS", "Text": "Cross-sectional and longitudinal variations were compared and the associations with different severity and outcomes were analyzed .", "Evidence Elements": {"Participant": [], "Intervention": [], "Outcome": [{"term": "associations with different severity and outcomes", "negation": "affirmed", "UMLS": "", "start": 66, "end": 115}]}, "Evidence Propositions": []}, {"Section": "RESULTS", "Text": "On admission , the counts of lymphocytes , T-cell subsets , eosinophils , and platelets decreased markedly , especially in severe / critical and fatal patients .", "Evidence Elements": {"Participant": [], "Intervention": [], "Outcome": [{"term": "counts of lymphocytes , T-cell subsets , eosinophils , and platelets", "negation": "affirmed", "UMLS": "", "start": 19, "end": 87}]}, "Evidence Propositions": []}, {"Section": "RESULTS", "Text": "Increased neutrophil count and neutrophils-to-lymphocytes ratio were predominant in severe / critical cases or nonsurvivors .", "Evidence Elements": {"Participant": [{"term": "critical cases", "negation": "affirmed", "UMLS": "", "start": 93, "end": 107}, {"term": "nonsurvivors", "negation": "affirmed", "UMLS": "", "start": 111, "end": 123}], "Intervention": [], "Outcome": [{"term": "neutrophil count", "negation": "affirmed", "UMLS": "", "start": 10, "end": 26}, {"term": "neutrophils-to-lymphocytes ratio", "negation": "affirmed", "UMLS": "", "start": 31, "end": 63}]}, "Evidence Propositions": []}, {"Section": "RESULTS", "Text": "During hospitalization , eosinophils , lymphocytes , and platelets showed an increasing trend in survivors , but maintained lower levels or dropped significantly afterwards in nonsurvivors .", "Evidence Elements": {"Participant": [], "Intervention": [], "Outcome": [{"term": "eosinophils", "negation": "affirmed", "UMLS": "", "start": 25, "end": 36}, {"term": "lymphocytes", "negation": "affirmed", "UMLS": "", "start": 39, "end": 50}, {"term": "platelets", "negation": "affirmed", "UMLS": "", "start": 57, "end": 66}, {"term": "survivors", "negation": "affirmed", "UMLS": "", "start": 97, "end": 106}, {"term": "levels", "negation": "affirmed", "UMLS": "", "start": 130, "end": 136}]}, "Evidence Propositions": [{"Intervention": [], "Observation": "lower", "Outcome": "", "Count": ""}]}, {"Section": "RESULTS", "Text": "Nonsurvivors kept a high level or showed an upward trend for neutrophils , IL-6 , procalcitonin , D-dimer , amyloid A protein , and C-reactive protein , which were kept stable or showed a downward trend in survivors .", "Evidence Elements": {"Participant": [], "Intervention": [{"term": "Nonsurvivors", "negation": "affirmed", "UMLS": "", "start": 0, "end": 12}], "Outcome": [{"term": "neutrophils", "negation": "affirmed", "UMLS": "", "start": 61, "end": 72}, {"term": "IL-6", "negation": "affirmed", "UMLS": "", "start": 75, "end": 79}, {"term": "procalcitonin", "negation": "affirmed", "UMLS": "", "start": 82, "end": 95}, {"term": "D-dimer", "negation": "affirmed", "UMLS": "", "start": 98, "end": 105}, {"term": "amyloid A protein", "negation": "affirmed", "UMLS": "", "start": 108, "end": 125}, {"term": "C-reactive protein", "negation": "affirmed", "UMLS": "", "start": 132, "end": 150}]}, "Evidence Propositions": [{"Intervention": "Nonsurvivors", "Observation": "high level", "Outcome": "neutrophils", "Count": ""}, {"Intervention": "Nonsurvivors", "Observation": "high level", "Outcome": "IL-6", "Count": ""}, {"Intervention": "Nonsurvivors", "Observation": "high level", "Outcome": "procalcitonin", "Count": ""}, {"Intervention": "Nonsurvivors", "Observation": "high level", "Outcome": "D-dimer", "Count": ""}, {"Intervention": "Nonsurvivors", "Observation": "high level", "Outcome": "amyloid A protein", "Count": ""}, {"Intervention": "Nonsurvivors", "Observation": "upward trend", "Outcome": "neutrophils", "Count": ""}, {"Intervention": "Nonsurvivors", "Observation": "upward trend", "Outcome": "IL-6", "Count": ""}, {"Intervention": "Nonsurvivors", "Observation": "upward trend", "Outcome": "procalcitonin", "Count": ""}, {"Intervention": "Nonsurvivors", "Observation": "upward trend", "Outcome": "D-dimer", "Count": ""}, {"Intervention": "Nonsurvivors", "Observation": "upward trend", "Outcome": "C-reactive protein", "Count": ""}, {"Intervention": "Nonsurvivors", "Observation": "stable", "Outcome": "amyloid A protein", "Count": ""}]}, {"Section": "RESULTS", "Text": "Positive correlation between CD8+ T-cell and lymphocytes count was found in survivors but not in nonsurvivors .", "Evidence Elements": {"Participant": [], "Intervention": [{"term": "survivors", "negation": "negated", "UMLS": "", "start": 76, "end": 85}, {"term": "nonsurvivors", "negation": "negated", "UMLS": "", "start": 97, "end": 109}], "Outcome": [{"term": "CD8+ T-cell and lymphocytes count", "negation": "affirmed", "UMLS": "", "start": 29, "end": 62}]}, "Evidence Propositions": [{"Intervention": "survivors", "Observation": "Positive correlation", "Outcome": "CD8+ T-cell and lymphocytes count", "Count": ""}, {"Intervention": "nonsurvivors", "Observation": "Positive correlation", "Outcome": "CD8+ T-cell and lymphocytes count", "Count": ""}]}, {"Section": "RESULTS", "Text": "A multivariate Cox regression model suggested that restored levels of lymphocytes , eosinophils , and platelets could serve as predictors for recovery , whereas progressive increases in neutrophils , basophils , and IL-6 were associated with fatal outcome .", "Evidence Elements": {"Participant": [], "Intervention": [], "Outcome": [{"term": "restored levels of lymphocytes , eosinophils , and platelets", "negation": "affirmed", "UMLS": "", "start": 51, "end": 111}, {"term": "recovery", "negation": "affirmed", "UMLS": "", "start": 142, "end": 150}, {"term": "neutrophils", "negation": "affirmed", "UMLS": "", "start": 186, "end": 197}, {"term": "basophils", "negation": "affirmed", "UMLS": "", "start": 200, "end": 209}, {"term": "IL-6", "negation": "affirmed", "UMLS": "", "start": 216, "end": 220}]}, "Evidence Propositions": []}, {"Section": "RESULTS", "Text": "Hematologic and immunologic impairment showed a significantly different profile between survivors and nonsurvivors in patients with COVID-19 with different severity .", "Evidence Elements": {"Participant": [{"term": "COVID-19", "negation": "affirmed", "UMLS": "", "start": 132, "end": 140}, {"term": "different", "negation": "affirmed", "UMLS": "", "start": 62, "end": 71}, {"term": "severity", "negation": "affirmed", "UMLS": "", "start": 156, "end": 164}], "Intervention": [{"term": "survivors", "negation": "affirmed", "UMLS": "", "start": 88, "end": 97}, {"term": "nonsurvivors", "negation": "affirmed", "UMLS": "", "start": 102, "end": 114}], "Outcome": [{"term": "Hematologic and immunologic impairment", "negation": "affirmed", "UMLS": "", "start": 0, "end": 38}]}, "Evidence Propositions": [{"Intervention": ["survivors", "nonsurvivors"], "Observation": "significantly different profile", "Outcome": "Hematologic and immunologic impairment", "Count": ""}]}, {"Section": "CONCLUSIONS", "Text": "The longitudinal variations in these biomarkers could serve to predict recovery or fatal outcome .", "Evidence Elements": {"Participant": [], "Intervention": [], "Outcome": []}, "Evidence Propositions": []}]}