{"doc_id": "32405423", "type of study": "Therapy", "title": "", "abstract": "Introduction: 'Repurposing' existing drugs to treat COVID-19 is vital to reducing mortality and controlling the pandemic.\nSeveral promising drugs have been identified and are in various stages of clinical trials globally.\nIf efficacy of these drugs is demonstrated, rapid, mass availability at an affordable cost would be essential to ensuring equity and access especially amongst low- and middle-income economies.\nMethods: Minimum costs of production were estimated from the costs of active pharmaceutical ingredients using established methodology, which had good predictive accuracy for medicines for hepatitis C and HIV amongst others.\nData were extracted from global export shipment records or analysis of the route of chemical synthesis.\nThe estimated costs were compared with list prices from a range of countries where pricing data were available.\nResults: Minimum estimated costs of production were US $0.93/day for remdesivir, $1.45/day for favipiravir, $0.08/day for hydroxychloroquine, $0.02/day for chloroquine, $0.10/day for azithromycin, $0.28/day for lopinavir/ritonavir, $0.39/day for sofosbuvir/daclatasvir and $1.09/day for pirfenidone.\nCosts of production ranged between $0.30 and $31 per treatment course (10-28 days).\nCurrent prices of these drugs were far higher than the costs of production, particularly in the US.\nConclusions: Should repurposed drugs demonstrate efficacy against COVID-19, they could be manufactured profitably at very low costs, for much less than current list prices.\nEstimations for the minimum production costs can strengthen price negotiations and help ensure affordable access to vital treatment for COVID-19 at low prices globally.\n", "Evidence Map": {"Enrollment": [{"term": "hepatitis C", "negation": "affirmed", "UMLS": "", "start": 190, "end": 201}, {"term": "HIV", "negation": "affirmed", "UMLS": "", "start": 206, "end": 209}, {"term": "COVID-19", "negation": "affirmed", "UMLS": "", "start": 67, "end": 75}], "Comparison Results": [], "Study Arm 1 Results": [], "Study Arm 2 Results": []}, "Sentence-level breakdown": [{"Section": "TITLE", "Text": "Introduction : ' Repurposing ' existing drugs to treat COVID-19 is vital to reducing mortality and controlling the pandemic .", "Evidence Elements": {"Participant": [], "Intervention": [], "Outcome": []}, "Evidence Propositions": []}, {"Section": "METHODS", "Text": "Methods : Minimum costs of production were estimated from the costs of active pharmaceutical ingredients using established methodology , which had good predictive accuracy for medicines for hepatitis C and HIV amongst others .", "Evidence Elements": {"Participant": [{"term": "hepatitis C", "negation": "affirmed", "UMLS": "", "start": 190, "end": 201}, {"term": "HIV", "negation": "affirmed", "UMLS": "", "start": 206, "end": 209}], "Intervention": [], "Outcome": [{"term": "Minimum costs of production", "negation": "affirmed", "UMLS": "", "start": 10, "end": 37}, {"term": "costs", "negation": "affirmed", "UMLS": "", "start": 18, "end": 23}, {"term": "predictive accuracy", "negation": "affirmed", "UMLS": "", "start": 152, "end": 171}, {"term": "medicines", "negation": "affirmed", "UMLS": "", "start": 176, "end": 185}]}, "Evidence Propositions": []}, {"Section": "METHODS", "Text": "Data were extracted from global export shipment records or analysis of the route of chemical synthesis .", "Evidence Elements": {"Participant": [], "Intervention": [], "Outcome": []}, "Evidence Propositions": []}, {"Section": "METHODS", "Text": "The estimated costs were compared with list prices from a range of countries where pricing data were available .", "Evidence Elements": {"Participant": [], "Intervention": [{"term": "list prices", "negation": "affirmed", "UMLS": "", "start": 39, "end": 50}], "Outcome": [{"term": "estimated costs", "negation": "affirmed", "UMLS": "", "start": 4, "end": 19}]}, "Evidence Propositions": []}, {"Section": "RESULTS", "Text": "Results : Minimum estimated costs of production were US $ 0.93 / day for remdesivir , $ 1.45 / day for favipiravir , $ 0.08 / day for hydroxychloroquine , $ 0.02 / day for chloroquine , $ 0.10 / day for azithromycin , $ 0.28 / day for lopinavir / ritonavir , $ 0.39 / day for sofosbuvir / daclatasvir and $ 1.09 / day for pirfenidone", "Evidence Elements": {"Participant": [], "Intervention": [{"term": "remdesivir", "negation": "affirmed", "UMLS": "", "start": 73, "end": 83}, {"term": "favipiravir", "negation": "affirmed", "UMLS": "", "start": 103, "end": 114}, {"term": "hydroxychloroquine", "negation": "affirmed", "UMLS": "", "start": 134, "end": 152}, {"term": "chloroquine", "negation": "affirmed", "UMLS": "", "start": 141, "end": 152}, {"term": "azithromycin", "negation": "affirmed", "UMLS": "", "start": 203, "end": 215}, {"term": "ritonavir", "negation": "affirmed", "UMLS": "", "start": 247, "end": 256}], "Outcome": [{"term": "Minimum estimated costs of production", "negation": "affirmed", "UMLS": "", "start": 10, "end": 47}]}, "Evidence Propositions": [{"Intervention": "remdesivir", "Observation": "US $", "Outcome": "Minimum estimated costs of production", "Count": ""}, {"Intervention": "remdesivir", "Observation": "day", "Outcome": "Minimum estimated costs of production", "Count": ""}, {"Intervention": "favipiravir", "Observation": "$", "Outcome": "Minimum estimated costs of production", "Count": ""}, {"Intervention": "favipiravir", "Observation": "day", "Outcome": "Minimum estimated costs of production", "Count": ""}, {"Intervention": "hydroxychloroquine", "Observation": "day", "Outcome": "Minimum estimated costs of production", "Count": ""}, {"Intervention": "remdesivir", "Observation": "$", "Outcome": "Minimum estimated costs of production", "Count": ""}, {"Intervention": "remdesivir", "Observation": "day", "Outcome": "Minimum estimated costs of production", "Count": ""}, {"Intervention": "chloroquine", "Observation": "day", "Outcome": "Minimum estimated costs of production", "Count": ""}, {"Intervention": "remdesivir", "Observation": "$", "Outcome": "Minimum estimated costs of production", "Count": ""}, {"Intervention": "azithromycin", "Observation": "$", "Outcome": "Minimum estimated costs of production", "Count": ""}, {"Intervention": "azithromycin", "Observation": "day", "Outcome": "Minimum estimated costs of production", "Count": ""}, {"Intervention": "remdesivir", "Observation": "$", "Outcome": "Minimum estimated costs of production", "Count": ""}, {"Intervention": "ritonavir", "Observation": "$", "Outcome": "Minimum estimated costs of production", "Count": ""}, {"Intervention": "remdesivir", "Observation": "day", "Outcome": "Minimum estimated costs of production", "Count": ""}, {"Intervention": "ritonavir", "Observation": "day", "Outcome": "Minimum estimated costs of production", "Count": ""}]}, {"Section": "RESULTS", "Text": "Costs of production ranged between $ 0.30 and $ 31 per treatment course ( 10-28 days ) .", "Evidence Elements": {"Participant": [], "Intervention": [], "Outcome": [{"term": "Costs of production", "negation": "affirmed", "UMLS": "", "start": 0, "end": 19}]}, "Evidence Propositions": []}, {"Section": "RESULTS", "Text": "Current prices of these drugs were far higher than the costs of production , particularly in the US .", "Evidence Elements": {"Participant": [], "Intervention": [], "Outcome": []}, "Evidence Propositions": []}, {"Section": "CONCLUSIONS", "Text": "Conclusions : Should repurposed drugs demonstrate efficacy against COVID-19 , they could be manufactured profitably at very low costs , for much less than current list prices .", "Evidence Elements": {"Participant": [{"term": "COVID-19", "negation": "affirmed", "UMLS": "", "start": 67, "end": 75}], "Intervention": [{"term": "repurposed drugs", "negation": "affirmed", "UMLS": "", "start": 21, "end": 37}], "Outcome": [{"term": "efficacy", "negation": "affirmed", "UMLS": "", "start": 50, "end": 58}]}, "Evidence Propositions": []}, {"Section": "CONCLUSIONS", "Text": "Estimations for the minimum production costs can strengthen price negotiations and help ensure affordable access to vital treatment for COVID-19 at low prices globally .", "Evidence Elements": {"Participant": [], "Intervention": [], "Outcome": []}, "Evidence Propositions": []}]}