{"doc_id": "32403995", "type of study": "Therapy", "title": "", "abstract": "Coronaviruses cause severe human viral diseases including SARS, MERS and COVID-19.\nMost recently SARS-CoV-2 virus (causing COVID-19) has led to a pandemic with no successful therapeutics.\nThe SARS-CoV-2 infection relies on trimeric spike (S) proteins to facilitate virus entry into host cells by binding to ACE2 receptor on host cell membranes.\nTherefore, blocking this interaction with antibodies are promising agents against SARS-CoV-2.\nHere we describe using humanized llama antibody VHHs against SARS-CoV-2 that would overcome the limitations associated with polyclonal and monoclonal combination therapies.\nFrom two llama VHH libraries, unique humanized VHHs that bind to S protein and block the S/ACE2 interaction were identified.\nFurthermore, pairwise combination of VHHs showed synergistic blocking.\nMulti-specific antibodies with enhanced affinity and avidity, and improved S/ACE2 blocking are currently being developed using an in-silico approach that also fuses VHHs to Fc domains.\nImportantly, our current bi-specific antibody shows potent S/ACE2 blocking (KD - 0.25 nM, IC100 ~ 36.7 nM, IC95 ~ 12.2 nM, IC50 ~ 1 nM) which is significantly better than individual monoclonal VHH-Fcs.\nOverall, this design would equip the VHH-Fcs multiple mechanisms of actions against SARS-CoV-2.\nThus, we aim to contribute to the battle against COVID-19 by developing therapeutic antibodies as well as diagnostics.\n", "Evidence Map": {"Enrollment": [{"term": "SARS-CoV-2", "negation": "affirmed", "UMLS": "", "start": 61, "end": 71}], "Comparison Results": [], "Study Arm 1 Results": [], "Study Arm 2 Results": []}, "Sentence-level breakdown": [{"Section": "TITLE", "Text": "Coronaviruses cause severe human viral diseases including SARS , MERS and COVID-19 .", "Evidence Elements": {"Participant": [], "Intervention": [], "Outcome": []}, "Evidence Propositions": []}, {"Section": "RESULTS", "Text": "Here we describe using humanized llama antibody VHHs against SARS-CoV-2 that would overcome the limitations associated with polyclonal and monoclonal combination therapies .", "Evidence Elements": {"Participant": [{"term": "SARS-CoV-2", "negation": "affirmed", "UMLS": "", "start": 61, "end": 71}], "Intervention": [{"term": "humanized llama antibody VHHs", "negation": "affirmed", "UMLS": "", "start": 23, "end": 52}], "Outcome": []}, "Evidence Propositions": []}, {"Section": "RESULTS", "Text": "From two llama VHH libraries , unique humanized VHHs that bind to S protein and block the S / ACE2 interaction were identified .", "Evidence Elements": {"Participant": [], "Intervention": [], "Outcome": []}, "Evidence Propositions": []}, {"Section": "RESULTS", "Text": "Furthermore , pairwise combination of VHHs showed synergistic blocking .", "Evidence Elements": {"Participant": [], "Intervention": [{"term": "pairwise combination of VHHs", "negation": "affirmed", "UMLS": "", "start": 14, "end": 42}], "Outcome": [{"term": "synergistic", "negation": "affirmed", "UMLS": "", "start": 50, "end": 61}]}, "Evidence Propositions": []}, {"Section": "CONCLUSIONS", "Text": "Multi-specific antibodies with enhanced affinity and avidity , and improved S / ACE2 blocking are currently being developed using an in-silico approach that also fuses VHHs to Fc domains .", "Evidence Elements": {"Participant": [], "Intervention": [], "Outcome": []}, "Evidence Propositions": []}, {"Section": "CONCLUSIONS", "Text": "Importantly , our current bi-specific antibody shows potent S / ACE2 blocking ( KD-0.25 nM , IC100 ~ 36.7 nM , IC95 ~ 12.2 nM , IC50 ~ 1 nM ) which is significantly better than individual monoclonal VHH-Fcs .", "Evidence Elements": {"Participant": [], "Intervention": [{"term": "current bi-specific antibody", "negation": "affirmed", "UMLS": "", "start": 18, "end": 46}], "Outcome": [{"term": "ACE2 blocking", "negation": "affirmed", "UMLS": "", "start": 64, "end": 77}, {"term": "KD-0.25 nM", "negation": "affirmed", "UMLS": "", "start": 80, "end": 90}, {"term": "IC100", "negation": "affirmed", "UMLS": "", "start": 93, "end": 98}, {"term": "IC95", "negation": "affirmed", "UMLS": "", "start": 111, "end": 115}, {"term": "IC50", "negation": "affirmed", "UMLS": "", "start": 128, "end": 132}]}, "Evidence Propositions": [{"Intervention": "current bi-specific antibody", "Observation": "potent", "Outcome": "ACE2 blocking", "Count": ""}, {"Intervention": ["current bi-specific antibody"], "Observation": "significantly better", "Outcome": "ACE2 blocking", "Count": ""}, {"Intervention": ["current bi-specific antibody"], "Observation": "significantly better", "Outcome": "IC95", "Count": ""}]}, {"Section": "CONCLUSIONS", "Text": "Overall , this design would equip the VHH-Fcs multiple mechanisms of actions against SARS-CoV-2 .", "Evidence Elements": {"Participant": [], "Intervention": [], "Outcome": []}, "Evidence Propositions": []}, {"Section": "CONCLUSIONS", "Text": "Thus , we aim to contribute to the battle against COVID-19 by developing therapeutic antibodies as well as diagnostics .", "Evidence Elements": {"Participant": [], "Intervention": [], "Outcome": []}, "Evidence Propositions": []}]}