{"doc_id": "32406317", "type of study": "Therapy", "title": "", "abstract": "The Severe Acute Respiratory Syndrome Coronavirus 2 (SARS-CoV-2) which was first reported in Wuhan province of China, has become a deadly pandemic causing alarmingly high morbidity and mortality.\nIn the absence of new targeted drugs and vaccines against SARS-CoV-2 at present, the choices for effective treatments are limited.\nTherefore, considering the exigency of the situation, we focused on identifying the available approved drugs as potential inhibitor against the promising Coronavirus drug target, the Main Protease, using computer-aided methods.\nWe created a library of U. S. Food and Drug Administration approved anti-microbial drugs and virtually screened it against the available crystal structures of Main Protease of the virus.\nThe study revealed that Viomycin showed the highest -CDocker energy after docking at the active site of SARS-CoV-2 Main Protease.\nIt is noteworthy that Viomycin showed higher -CDocker energy as compared to the drugs currently under clinical trial for SARS-CoV-2 treatment viz.\nRitonavir and Lopinavir.\nAdditionally, Viomycin formed higher number of H-bonds with SARS-CoV-2 Main Protease than its co-crystallised inhibitor compound N3.\nMolecular dynamics simulation further showed that Viomycin embedded deeply inside the binding pocket and formed robust binding with SARS-CoV-2 Main Protease.\nTherefore, we propose that Viomycin may act as a potential inhibitor of the Main Protease of SARS-CoV-2.\nFurther optimisations with the drug may support the much-needed rapid response to mitigate the pandemic.\nCommunicated by Ramaswamy H. Sarma.\n", "Evidence Map": {"Enrollment": [{"term": "SARS-CoV-2 treatment", "negation": "affirmed", "UMLS": "", "start": 120, "end": 140}], "Comparison Results": [], "Study Arm 1 Results": [], "Study Arm 2 Results": []}, "Sentence-level breakdown": [{"Section": "TITLE", "Text": "The Severe Acute Respiratory Syndrome Coronavirus 2 ( SARS-CoV-2 ) which was first reported in Wuhan province of China , has become a deadly pandemic causing alarmingly high morbidity and mortality .", "Evidence Elements": {"Participant": [], "Intervention": [], "Outcome": []}, "Evidence Propositions": []}, {"Section": "METHODS", "Text": "We created a library of U.S . Food and Drug Administration approved anti-microbial drugs and virtually screened it against the available crystal structures of Main Protease of the virus .", "Evidence Elements": {"Participant": [], "Intervention": [], "Outcome": []}, "Evidence Propositions": []}, {"Section": "RESULTS", "Text": "The study revealed that Viomycin showed the highest-CDocker energy after docking at the active site of SARS-CoV-2 Main Protease .", "Evidence Elements": {"Participant": [], "Intervention": [{"term": "Viomycin", "negation": "affirmed", "UMLS": "", "start": 24, "end": 32}], "Outcome": [{"term": "energy", "negation": "affirmed", "UMLS": "", "start": 60, "end": 66}]}, "Evidence Propositions": []}, {"Section": "RESULTS", "Text": "It is noteworthy that Viomycin showed higher-CDocker energy as compared to the drugs currently under clinical trial for SARS-CoV-2 treatment viz .", "Evidence Elements": {"Participant": [{"term": "SARS-CoV-2 treatment", "negation": "affirmed", "UMLS": "", "start": 120, "end": 140}], "Intervention": [{"term": "Viomycin", "negation": "affirmed", "UMLS": "", "start": 22, "end": 30}], "Outcome": [{"term": "energy", "negation": "affirmed", "UMLS": "", "start": 53, "end": 59}]}, "Evidence Propositions": []}, {"Section": "RESULTS", "Text": "Ritonavir and Lopinavir .", "Evidence Elements": {"Participant": [], "Intervention": [{"term": "Ritonavir", "negation": "affirmed", "UMLS": "", "start": 0, "end": 9}, {"term": "Lopinavir", "negation": "affirmed", "UMLS": "", "start": 14, "end": 23}], "Outcome": []}, "Evidence Propositions": []}, {"Section": "RESULTS", "Text": "Additionally , Viomycin formed higher number of H-bonds with SARS-CoV-2 Main Protease than its co-crystallised inhibitor compound N3 .", "Evidence Elements": {"Participant": [], "Intervention": [{"term": "Viomycin", "negation": "affirmed", "UMLS": "", "start": 15, "end": 23}, {"term": "co-crystallised inhibitor compound", "negation": "affirmed", "UMLS": "", "start": 95, "end": 129}], "Outcome": [{"term": "number of H-bonds with SARS-CoV-2 Main Protease", "negation": "affirmed", "UMLS": "", "start": 38, "end": 85}]}, "Evidence Propositions": []}, {"Section": "RESULTS", "Text": "Molecular dynamics simulation further showed that Viomycin embedded deeply inside the binding pocket and formed robust binding with SARS-CoV-2 Main Protease .", "Evidence Elements": {"Participant": [], "Intervention": [{"term": "Viomycin", "negation": "affirmed", "UMLS": "", "start": 50, "end": 58}], "Outcome": [{"term": "binding with SARS-CoV-2 Main Protease", "negation": "affirmed", "UMLS": "", "start": 119, "end": 156}]}, "Evidence Propositions": []}, {"Section": "CONCLUSIONS", "Text": "Therefore , we propose that Viomycin may act as a potential inhibitor of the Main Protease of SARS-CoV-2 .", "Evidence Elements": {"Participant": [], "Intervention": [{"term": "Viomycin", "negation": "affirmed", "UMLS": "", "start": 28, "end": 36}], "Outcome": [{"term": "Main Protease of", "negation": "affirmed", "UMLS": "", "start": 77, "end": 93}]}, "Evidence Propositions": [{"Intervention": "Viomycin", "Observation": "potential inhibitor", "Outcome": "Main Protease of", "Count": ""}]}, {"Section": "CONCLUSIONS", "Text": "Further optimisations with the drug may support the much-needed rapid response to mitigate the pandemic .", "Evidence Elements": {"Participant": [], "Intervention": [], "Outcome": []}, "Evidence Propositions": []}, {"Section": "CONCLUSIONS", "Text": "Communicated by Ramaswamy H. Sarma .", "Evidence Elements": {"Participant": [], "Intervention": [{"term": "H.", "negation": "affirmed", "UMLS": "", "start": 26, "end": 28}], "Outcome": []}, "Evidence Propositions": []}]}