{"doc_id": "32406594", "type of study": "Therapy", "title": "", "abstract": "Since the pandemic outbreak of COVID-19, limited information is available on diabetic patients with COVID-19.\nWe retrospectively analysed 166 COVID-19 patients at Tongji Hospital (Wuhan) from February 8 to March 21, 2020.\nClinical characteristics and outcomes (as of April 4, 2020) were compared among control (group 1), secondary hyperglycaemia (group 2: no diabetes history, FPG levels >=7.0 mmol/L once and HbA1c values <6.5%) and diabetic (group 3) patients.\nCompared to group 1, groups 2 and 3 had higher rates of leukocytosis, neutrophilia, lymphocytopenia, eosinopenia, and levels of sCRP, ferritin and d-dimer (P < 0.05 for all).\nGroup 2 patients have higher levels of LDH, prevalence of liver dysfunction and increased IL-8 than those in group 1, a higher prevalence of increased IL-8 was found in group 2 than in group 3 (P < 0.05 for all).\nThe proportions of critical patients in groups 2 and 3 were significantly higher compared to group 1 (38.1%, 32.8% vs. 9.5%, P < 0.05 for both).\nGroups 2 and 3 had significantly longer hospital stays than group 1, which was nearly one week longer.\nThe composite outcomes risks were 5.47 (1.56-19.82) and 2.61 (0.86-7.88) times greater in group 2 and 3 than in group 1.\nHyperglycemia in both diabetes and secondary hyperglycemia patients with COVID-19 may indicate poor prognoses.\nThere were differences between secondary hyperglycemia and diabetes patients.\nWe recommend that clinicians pay more attention to the blood glucose status of COVID-19 patients, even those not diagnosed with diabetes before admission.\n", "Evidence Map": {"Enrollment": [{"term": "COVID-19", "negation": "affirmed", "UMLS": "", "start": 32, "end": 40}, {"term": "secondary hyperglycaemia", "negation": "affirmed", "UMLS": "", "start": 105, "end": 129}, {"term": "diabetes", "negation": "negated", "UMLS": "", "start": 129, "end": 137}], "Comparison Results": [], "Study Arm 1 Results": [], "Study Arm 2 Results": []}, "Sentence-level breakdown": [{"Section": "TITLE", "Text": "Since the pandemic outbreak of COVID-19 , limited information is available on diabetic patients with COVID-19 .", "Evidence Elements": {"Participant": [], "Intervention": [], "Outcome": []}, "Evidence Propositions": []}, {"Section": "METHODS", "Text": "We retrospectively analysed 166 COVID-19 patients at Tongji Hospital ( Wuhan ) from February 8 to March 21 , 2020 .", "Evidence Elements": {"Participant": [{"term": "COVID-19", "negation": "affirmed", "UMLS": "", "start": 32, "end": 40}], "Intervention": [], "Outcome": []}, "Evidence Propositions": []}, {"Section": "METHODS", "Text": "Clinical characteristics and outcomes ( as of April 4 , 2020 ) were compared among control ( group 1 ) , secondary hyperglycaemia ( group 2 : no diabetes history , FPG levels > = 7.0 mmol / L once and HbA1c values < 6.5 % ) and diabetic ( group 3 ) patients .", "Evidence Elements": {"Participant": [{"term": "secondary hyperglycaemia", "negation": "affirmed", "UMLS": "", "start": 105, "end": 129}], "Intervention": [{"term": "control", "negation": "affirmed", "UMLS": "", "start": 83, "end": 90}], "Outcome": [{"term": "Clinical characteristics", "negation": "affirmed", "UMLS": "", "start": 0, "end": 24}, {"term": "outcomes", "negation": "affirmed", "UMLS": "", "start": 29, "end": 37}]}, "Evidence Propositions": []}, {"Section": "RESULTS", "Text": "Compared to group 1 , groups 2 and 3 had higher rates of leukocytosis , neutrophilia , lymphocytopenia , eosinopenia , and levels of sCRP , ferritin and d-dimer ( P < 0.05 for all ) .", "Evidence Elements": {"Participant": [], "Intervention": [{"term": "group 1", "negation": "affirmed", "UMLS": "", "start": 12, "end": 19}, {"term": "2", "negation": "affirmed", "UMLS": "", "start": 29, "end": 30}, {"term": "3", "negation": "affirmed", "UMLS": "", "start": 35, "end": 36}], "Outcome": [{"term": "rates of leukocytosis", "negation": "affirmed", "UMLS": "", "start": 48, "end": 69}, {"term": "neutrophilia", "negation": "affirmed", "UMLS": "", "start": 72, "end": 84}, {"term": "lymphocytopenia", "negation": "affirmed", "UMLS": "", "start": 87, "end": 102}, {"term": "eosinopenia", "negation": "affirmed", "UMLS": "", "start": 105, "end": 116}, {"term": "levels of sCRP , ferritin and", "negation": "affirmed", "UMLS": "", "start": 123, "end": 152}]}, "Evidence Propositions": []}, {"Section": "RESULTS", "Text": "Group 2 patients have higher levels of LDH , prevalence of liver dysfunction and increased IL-8 than those in group 1 , a higher prevalence of increased IL-8 was found in group 2 than in group 3 ( P < 0.05 for all ) .", "Evidence Elements": {"Participant": [], "Intervention": [{"term": "Group 2", "negation": "affirmed", "UMLS": "", "start": 0, "end": 7}, {"term": "group 1", "negation": "affirmed", "UMLS": "", "start": 110, "end": 117}, {"term": "group 2", "negation": "affirmed", "UMLS": "", "start": 171, "end": 178}, {"term": "group 3", "negation": "affirmed", "UMLS": "", "start": 187, "end": 194}], "Outcome": [{"term": "levels of LDH", "negation": "affirmed", "UMLS": "", "start": 29, "end": 42}, {"term": "prevalence of liver dysfunction", "negation": "affirmed", "UMLS": "", "start": 45, "end": 76}, {"term": "IL-8", "negation": "affirmed", "UMLS": "", "start": 91, "end": 95}, {"term": "prevalence of increased IL-8", "negation": "affirmed", "UMLS": "", "start": 129, "end": 157}]}, "Evidence Propositions": []}, {"Section": "RESULTS", "Text": "The proportions of critical patients in groups 2 and 3 were significantly higher compared to group 1 ( 38.1 % , 32.8 % vs . 9.5 % , P < 0.05 for both ) .", "Evidence Elements": {"Participant": [], "Intervention": [{"term": "groups 2", "negation": "affirmed", "UMLS": "", "start": 40, "end": 48}, {"term": "3", "negation": "affirmed", "UMLS": "", "start": 53, "end": 54}, {"term": "group 1", "negation": "affirmed", "UMLS": "", "start": 93, "end": 100}], "Outcome": [{"term": "proportions of critical patients", "negation": "affirmed", "UMLS": "", "start": 4, "end": 36}]}, "Evidence Propositions": [{"Intervention": ["groups 2", "3", "group 1"], "Observation": "significantly higher", "Outcome": "proportions of critical patients", "Count": ""}, {"Intervention": "groups 2", "Observation": "32.8 %", "Outcome": "proportions of critical patients", "Count": ""}, {"Intervention": "group 1", "Observation": "9.5", "Outcome": "proportions of critical patients", "Count": ""}]}, {"Section": "RESULTS", "Text": "Groups 2 and 3 had significantly longer hospital stays than group 1 , which was nearly one week longer .", "Evidence Elements": {"Participant": [], "Intervention": [{"term": "Groups 2", "negation": "affirmed", "UMLS": "", "start": 0, "end": 8}, {"term": "3", "negation": "affirmed", "UMLS": "", "start": 13, "end": 14}, {"term": "group 1", "negation": "affirmed", "UMLS": "", "start": 60, "end": 67}], "Outcome": [{"term": "hospital stays", "negation": "affirmed", "UMLS": "", "start": 40, "end": 54}]}, "Evidence Propositions": [{"Intervention": [], "Observation": "significantly longer", "Outcome": "", "Count": ""}]}, {"Section": "RESULTS", "Text": "The composite outcomes risks were 5.47 ( 1.56-19.82 ) and 2.61 ( 0.86-7.88 ) times greater in group 2 and 3 than in group 1 .", "Evidence Elements": {"Participant": [], "Intervention": [{"term": "group 2", "negation": "affirmed", "UMLS": "", "start": 94, "end": 101}, {"term": "3", "negation": "affirmed", "UMLS": "", "start": 106, "end": 107}], "Outcome": [{"term": "composite outcomes risks", "negation": "affirmed", "UMLS": "", "start": 4, "end": 28}]}, "Evidence Propositions": [{"Intervention": "group 2", "Observation": "5.47 ( 1.56-19.82 )", "Outcome": "composite outcomes risks", "Count": ""}, {"Intervention": ["3"], "Observation": "2.61 ( 0.86-7.88 ) times greater", "Outcome": "composite outcomes risks", "Count": ""}]}, {"Section": "CONCLUSIONS", "Text": "Hyperglycemia in both diabetes and secondary hyperglycemia patients with COVID-19 may indicate poor prognoses .", "Evidence Elements": {"Participant": [], "Intervention": [], "Outcome": []}, "Evidence Propositions": []}, {"Section": "CONCLUSIONS", "Text": "There were differences between secondary hyperglycemia and diabetes patients .", "Evidence Elements": {"Participant": [], "Intervention": [{"term": "secondary hyperglycemia", "negation": "affirmed", "UMLS": "", "start": 31, "end": 54}, {"term": "diabetes", "negation": "affirmed", "UMLS": "", "start": 59, "end": 67}], "Outcome": []}, "Evidence Propositions": [{"Intervention": ["secondary hyperglycemia", "diabetes"], "Observation": "differences", "Outcome": "", "Count": ""}]}, {"Section": "CONCLUSIONS", "Text": "We recommend that clinicians pay more attention to the blood glucose status of COVID-19 patients , even those not diagnosed with diabetes before admission .", "Evidence Elements": {"Participant": [{"term": "diabetes", "negation": "negated", "UMLS": "", "start": 129, "end": 137}], "Intervention": [], "Outcome": [{"term": "blood glucose status", "negation": "affirmed", "UMLS": "", "start": 55, "end": 75}]}, "Evidence Propositions": []}]}