{"doc_id": "32405421", "type of study": "Therapy", "title": "", "abstract": "Background: Repurposing broad-spectrum antivirals is an immediate treatment opportunity for 2019 coronavirus disease (COVID-19).\nFavipiravir is an antiviral previously indicated for influenza and Ebola, which has shown some promise in early trials for treatment of COVID-19.\nWe aim to review existing favipiravir safety evidence, which is vital to informing the potential future use of favipiravir in COVID-19.\nMethods: A search was conducted across EMBASE and MEDLINE databases, supplemented by relevant grey-literature and ClinicalTrials.gov.\nAll studies assessing the use of favipiravir in humans by 27 March 2020 were considered for inclusion.\nFurther analysis of available safety data from phase 2 and 3 studies was undertaken.\nData extracted were adverse events (AEs) grade 1-4, serious AEs and discontinuation for AEs.\nSpecific AEs of interest highlighted in early-phase studies, including gastrointestinal AEs and hyperuricaemia, were also examined.\nResults: Twenty-nine studies were identified as potential sources of evidence of the clinical safety of favipiravir.\nSix were phase 2 and 3 studies reporting relevant safety data for statistical comparison, representing a total of 4299 participants, an estimated 175 person-years-of-follow-up (PYFU).\nComparator drugs were oseltamivir, umifenovir, lopinavir/ritonavir or placebo.\nStudy follow-up was between 5 and 21 days.\nThe proportions of grade 1-4 AEs on favipiravir was 28.2% vs 28.4% (P = n.s.) in the comparison arms.\nThe proportion of discontinuations due to AEs on favipiravir was 1.1% vs 1.2% (P = n.s.) in the comparison arms.\nFor serious AEs the proportion was 0.4% in both arms (P = n.s.).\nThere were significantly fewer gastrointestinal AEs occurring on favipiravir vs comparators [8.7% vs 11.5%; P = 0.003].\nFavipiravir showed significantly more uric acid elevations than comparators [5.8% vs 1.3%; P<0.0001].\nConclusions: Favipiravir demonstrates a favourable safety profile regarding total and serious AEs.\nHowever, safety concerns remain: hyperuricaemia, teratogenicity and QTc prolongation have not yet been adequately studied.\nFavipiravir may be safe and tolerable in short-term use, but more evidence is needed to assess the longer-term effects of treatment.\nGiven the limitations of the evidence and unresolved safety concerns, caution is warranted in the widespread use of favipiravir against pandemic COVID-19.\n", "Evidence Map": {"Enrollment": [], "Comparison Results": [], "Study Arm 1 Results": [], "Study Arm 2 Results": []}, "Sentence-level breakdown": [{"Section": "TITLE", "Text": "Background : Repurposing broad-spectrum antivirals is an immediate treatment opportunity for 2019 coronavirus disease ( COVID-19 ) .", "Evidence Elements": {"Participant": [], "Intervention": [], "Outcome": []}, "Evidence Propositions": []}, {"Section": "OBJECTIVE", "Text": "We aim to review existing favipiravir safety evidence , which is vital to informing the potential future use of favipiravir in COVID-19 .", "Evidence Elements": {"Participant": [], "Intervention": [], "Outcome": []}, "Evidence Propositions": []}, {"Section": "METHODS", "Text": "Methods : A search was conducted across EMBASE and MEDLINE databases , supplemented by relevant grey-literature and ClinicalTrials.gov .", "Evidence Elements": {"Participant": [], "Intervention": [], "Outcome": []}, "Evidence Propositions": []}, {"Section": "METHODS", "Text": "All studies assessing the use of favipiravir in humans by 27 March 2020 were considered for inclusion .", "Evidence Elements": {"Participant": [], "Intervention": [{"term": "favipiravir", "negation": "affirmed", "UMLS": "", "start": 33, "end": 44}], "Outcome": []}, "Evidence Propositions": []}, {"Section": "METHODS", "Text": "Further analysis of available safety data from phase 2 and 3 studies was undertaken .", "Evidence Elements": {"Participant": [], "Intervention": [], "Outcome": []}, "Evidence Propositions": []}, {"Section": "RESULTS", "Text": "Data extracted were adverse events ( AEs ) grade 1-4 , serious AEs and discontinuation for AEs .", "Evidence Elements": {"Participant": [], "Intervention": [], "Outcome": [{"term": "adverse events ( AEs ) grade 1-4", "negation": "affirmed", "UMLS": "", "start": 20, "end": 52}, {"term": "serious AEs", "negation": "affirmed", "UMLS": "", "start": 55, "end": 66}]}, "Evidence Propositions": []}, {"Section": "RESULTS", "Text": "Specific AEs of interest highlighted in early-phase studies , including gastrointestinal AEs and hyperuricaemia , were also examined .", "Evidence Elements": {"Participant": [], "Intervention": [], "Outcome": [{"term": "Specific AEs of interest", "negation": "affirmed", "UMLS": "", "start": 0, "end": 24}, {"term": "gastrointestinal AEs", "negation": "affirmed", "UMLS": "", "start": 72, "end": 92}, {"term": "hyperuricaemia", "negation": "affirmed", "UMLS": "", "start": 97, "end": 111}]}, "Evidence Propositions": []}, {"Section": "RESULTS", "Text": "Results : Twenty-nine studies were identified as potential sources of evidence of the clinical safety of favipiravir .", "Evidence Elements": {"Participant": [], "Intervention": [], "Outcome": [{"term": "clinical safety", "negation": "affirmed", "UMLS": "", "start": 86, "end": 101}]}, "Evidence Propositions": []}, {"Section": "RESULTS", "Text": "Six were phase 2 and 3 studies reporting relevant safety data for statistical comparison , representing a total of 4299 participants , an estimated 175 person-years-of-follow-up ( PYFU ) .", "Evidence Elements": {"Participant": [], "Intervention": [], "Outcome": []}, "Evidence Propositions": []}, {"Section": "RESULTS", "Text": "Comparator drugs were oseltamivir , umifenovir , lopinavir / ritonavir or placebo .", "Evidence Elements": {"Participant": [], "Intervention": [{"term": "oseltamivir", "negation": "affirmed", "UMLS": "", "start": 22, "end": 33}, {"term": "umifenovir", "negation": "affirmed", "UMLS": "", "start": 36, "end": 46}, {"term": "ritonavir", "negation": "affirmed", "UMLS": "", "start": 61, "end": 70}], "Outcome": []}, "Evidence Propositions": []}, {"Section": "RESULTS", "Text": "Study follow-up was between 5 and 21 days .", "Evidence Elements": {"Participant": [], "Intervention": [], "Outcome": []}, "Evidence Propositions": []}, {"Section": "RESULTS", "Text": "The proportions of grade 1-4 AEs on favipiravir was 28.2 % vs 28.4 % ( P = n.s . ) in the comparison arms .", "Evidence Elements": {"Participant": [], "Intervention": [], "Outcome": [{"term": "proportions of grade 1-4 AEs on favipiravir", "negation": "affirmed", "UMLS": "", "start": 4, "end": 47}]}, "Evidence Propositions": []}, {"Section": "RESULTS", "Text": "The proportion of discontinuations due to AEs on favipiravir was 1.1 % vs 1.2 % ( P = n.s . ) in the comparison arms .", "Evidence Elements": {"Participant": [], "Intervention": [], "Outcome": [{"term": "proportion of discontinuations due to AEs on favipiravir", "negation": "affirmed", "UMLS": "", "start": 4, "end": 60}]}, "Evidence Propositions": []}, {"Section": "RESULTS", "Text": "For serious AEs the proportion was 0.4 % in both arms ( P = n.s . ) .", "Evidence Elements": {"Participant": [], "Intervention": [{"term": "both arms", "negation": "affirmed", "UMLS": "", "start": 44, "end": 53}], "Outcome": [{"term": "serious AEs", "negation": "affirmed", "UMLS": "", "start": 4, "end": 15}, {"term": "proportion", "negation": "affirmed", "UMLS": "", "start": 20, "end": 30}]}, "Evidence Propositions": [{"Intervention": "both arms", "Observation": "0.4 %", "Outcome": "serious AEs", "Count": ""}, {"Intervention": "both arms", "Observation": "0.4 %", "Outcome": "proportion", "Count": ""}]}, {"Section": "RESULTS", "Text": "There were significantly fewer gastrointestinal AEs occurring on favipiravir vs comparators [ 8.7 % vs 11.5 % ; P = 0.003 ] .", "Evidence Elements": {"Participant": [], "Intervention": [{"term": "favipiravir", "negation": "affirmed", "UMLS": "", "start": 65, "end": 76}, {"term": "comparators", "negation": "affirmed", "UMLS": "", "start": 80, "end": 91}], "Outcome": [{"term": "gastrointestinal AEs", "negation": "affirmed", "UMLS": "", "start": 31, "end": 51}]}, "Evidence Propositions": [{"Intervention": [], "Observation": "significantly fewer", "Outcome": "", "Count": ""}]}, {"Section": "RESULTS", "Text": "Favipiravir showed significantly more uric acid elevations than comparators [ 5.8 % vs 1.3 % ; P < 0.0001 ] .", "Evidence Elements": {"Participant": [], "Intervention": [{"term": "Favipiravir", "negation": "affirmed", "UMLS": "", "start": 0, "end": 11}, {"term": "comparators", "negation": "affirmed", "UMLS": "", "start": 64, "end": 75}], "Outcome": [{"term": "uric acid elevations", "negation": "affirmed", "UMLS": "", "start": 38, "end": 58}]}, "Evidence Propositions": [{"Intervention": [], "Observation": "significantly more", "Outcome": "", "Count": ""}]}, {"Section": "CONCLUSIONS", "Text": "Conclusions : Favipiravir demonstrates a favourable safety profile regarding total and serious AEs .", "Evidence Elements": {"Participant": [], "Intervention": [{"term": "Favipiravir", "negation": "affirmed", "UMLS": "", "start": 14, "end": 25}], "Outcome": [{"term": "safety", "negation": "affirmed", "UMLS": "", "start": 52, "end": 58}, {"term": "total and serious", "negation": "affirmed", "UMLS": "", "start": 77, "end": 94}]}, "Evidence Propositions": []}, {"Section": "CONCLUSIONS", "Text": "However , safety concerns remain : hyperuricaemia , teratogenicity and QTc prolongation have not yet been adequately studied .", "Evidence Elements": {"Participant": [], "Intervention": [], "Outcome": []}, "Evidence Propositions": []}, {"Section": "CONCLUSIONS", "Text": "Favipiravir may be safe and tolerable in short-term use , but more evidence is needed to assess the longer-term effects of treatment .", "Evidence Elements": {"Participant": [], "Intervention": [], "Outcome": []}, "Evidence Propositions": []}, {"Section": "CONCLUSIONS", "Text": "Given the limitations of the evidence and unresolved safety concerns , caution is warranted in the widespread use of favipiravir against pandemic COVID-19 .", "Evidence Elements": {"Participant": [], "Intervention": [], "Outcome": []}, "Evidence Propositions": []}]}