{"doc_id": "32400049", "type of study": "Therapy", "title": "", "abstract": "To report our initial experience of severe acute respiratory syndrome coronavirus 2 (SARS-CoV-2)/acute coronary syndrome (ACS) patients undergoing standard of care invasive management.\nThe rapid diffusion of the SARS-CoV-2 together with the need for isolation for infected patients might be responsible for a suboptimal treatment for SARS-CoV-2 ACS patients.\nRecently, the group of Sichuan published a protocol for COVID/ACS infected patients that see the thrombolysis as the gold standard of care.\nWe enrolled 31 consecutive patients affected by SARS-COV-2 admitted to our emergencies room for suspected ACS.\nAll patients underwent urgent coronary angiography and percutaneous coronary intervention (PCI) when required except two patients with severe hypoxemia and unstable hemodynamic condition that were conservatively treated.\nTwenty-one cases presented diffuse ST-segment depression while in the remaining cases anterior and inferior ST-elevation was present in four and six cases, respectively.\nPCI was performed in all cases expect two that were diagnosed as suspected myocarditis because of the absence of severe coronary disease and three with apical ballooning at ventriculography diagnostic for Tako-Tsubo syndromes.\nTwo patients conservatively treated died.\nThe remaining patients undergoing PCI survived except one that required endotracheal intubation (ETI) and died at Day 6.\nETI was required in five more patients while in the remaining cases CPAP was used for respiratory support.\nUrgent PCI for ACS is often required in SARS-CoV-2 patients improving the prognosis in all but the most advanced patients.\nComplete patient history and examination, routine ECG monitoring, echocardiography, and careful evaluation of changes in cardiac enzymes should be part of the regular assessment procedures also in dedicated COVID positive units.\n", "Evidence Map": {"Enrollment": [{"term": "severe acute respiratory syndrome coronavirus 2 ( SARS-CoV-2", "negation": "affirmed", "UMLS": "", "start": 36, "end": 96}, {"term": "acute coronary syndrome ( ACS )", "negation": "affirmed", "UMLS": "", "start": 101, "end": 132}, {"term": "SARS-COV-2", "negation": "affirmed", "UMLS": "", "start": 48, "end": 58}, {"term": "suspected ACS", "negation": "affirmed", "UMLS": "", "start": 96, "end": 109}, {"term": "urgent coronary angiography", "negation": "affirmed", "UMLS": "", "start": 23, "end": 50}, {"term": "percutaneous coronary intervention ( PCI )", "negation": "affirmed", "UMLS": "", "start": 55, "end": 97}, {"term": "severe hypoxemia", "negation": "negated", "UMLS": "", "start": 137, "end": 153}, {"term": "unstable hemodynamic condition", "negation": "negated", "UMLS": "", "start": 158, "end": 188}, {"term": "Tako-Tsubo syndromes", "negation": "negated", "UMLS": "", "start": 205, "end": 225}], "Comparison Results": [], "Study Arm 1 Results": [], "Study Arm 2 Results": []}, "Sentence-level breakdown": [{"Section": "TITLE", "Text": "To report our initial experience of severe acute respiratory syndrome coronavirus 2 ( SARS-CoV-2 ) / acute coronary syndrome ( ACS ) patients undergoing standard of care invasive management .", "Evidence Elements": {"Participant": [{"term": "severe acute respiratory syndrome coronavirus 2 ( SARS-CoV-2", "negation": "affirmed", "UMLS": "", "start": 36, "end": 96}, {"term": "acute coronary syndrome ( ACS )", "negation": "affirmed", "UMLS": "", "start": 101, "end": 132}], "Intervention": [{"term": "standard", "negation": "affirmed", "UMLS": "", "start": 153, "end": 161}], "Outcome": []}, "Evidence Propositions": []}, {"Section": "METHODS", "Text": "Recently , the group of Sichuan published a protocol for COVID / ACS infected patients that see the thrombolysis as the gold standard of care .", "Evidence Elements": {"Participant": [], "Intervention": [], "Outcome": []}, "Evidence Propositions": []}, {"Section": "METHODS", "Text": "We enrolled 31 consecutive patients affected by SARS-COV-2 admitted to our emergencies room for suspected ACS .", "Evidence Elements": {"Participant": [{"term": "SARS-COV-2", "negation": "affirmed", "UMLS": "", "start": 48, "end": 58}, {"term": "suspected ACS", "negation": "affirmed", "UMLS": "", "start": 96, "end": 109}], "Intervention": [], "Outcome": []}, "Evidence Propositions": []}, {"Section": "METHODS", "Text": "All patients underwent urgent coronary angiography and percutaneous coronary intervention ( PCI ) when required except two patients with severe hypoxemia and unstable hemodynamic condition that were conservatively treated .", "Evidence Elements": {"Participant": [{"term": "urgent coronary angiography", "negation": "affirmed", "UMLS": "", "start": 23, "end": 50}, {"term": "percutaneous coronary intervention ( PCI )", "negation": "affirmed", "UMLS": "", "start": 55, "end": 97}, {"term": "severe hypoxemia", "negation": "negated", "UMLS": "", "start": 137, "end": 153}, {"term": "unstable hemodynamic condition", "negation": "negated", "UMLS": "", "start": 158, "end": 188}], "Intervention": [], "Outcome": []}, "Evidence Propositions": []}, {"Section": "METHODS", "Text": "Twenty-one cases presented diffuse ST-segment depression while in the remaining cases anterior and inferior ST-elevation was present in four and six cases , respectively .", "Evidence Elements": {"Participant": [], "Intervention": [], "Outcome": [{"term": "diffuse ST-segment depression", "negation": "affirmed", "UMLS": "", "start": 27, "end": 56}, {"term": "anterior and inferior ST-elevation", "negation": "affirmed", "UMLS": "", "start": 86, "end": 120}]}, "Evidence Propositions": []}, {"Section": "METHODS", "Text": "PCI was performed in all cases expect two that were diagnosed as suspected myocarditis because of the absence of severe coronary disease and three with apical ballooning at ventriculography diagnostic for Tako-Tsubo syndromes .", "Evidence Elements": {"Participant": [{"term": "Tako-Tsubo syndromes", "negation": "negated", "UMLS": "", "start": 205, "end": 225}], "Intervention": [{"term": "PCI", "negation": "affirmed", "UMLS": "", "start": 0, "end": 3}], "Outcome": []}, "Evidence Propositions": []}, {"Section": "RESULTS", "Text": "Two patients conservatively treated died .", "Evidence Elements": {"Participant": [], "Intervention": [], "Outcome": [{"term": "died", "negation": "affirmed", "UMLS": "", "start": 36, "end": 40}]}, "Evidence Propositions": []}, {"Section": "RESULTS", "Text": "The remaining patients undergoing PCI survived except one that required endotracheal intubation ( ETI ) and died at Day 6 .", "Evidence Elements": {"Participant": [], "Intervention": [{"term": "PCI", "negation": "affirmed", "UMLS": "", "start": 34, "end": 37}], "Outcome": [{"term": "survived", "negation": "affirmed", "UMLS": "", "start": 38, "end": 46}, {"term": "endotracheal intubation ( ETI )", "negation": "affirmed", "UMLS": "", "start": 72, "end": 103}, {"term": "died", "negation": "negated", "UMLS": "", "start": 108, "end": 112}]}, "Evidence Propositions": []}, {"Section": "RESULTS", "Text": "ETI was required in five more patients while in the remaining cases CPAP was used for respiratory support .", "Evidence Elements": {"Participant": [], "Intervention": [{"term": "ETI", "negation": "affirmed", "UMLS": "", "start": 0, "end": 3}, {"term": "CPAP", "negation": "affirmed", "UMLS": "", "start": 68, "end": 72}], "Outcome": []}, "Evidence Propositions": [{"Intervention": ["ETI"], "Observation": "", "Count": "five more patients", "Outcome": ""}]}, {"Section": "CONCLUSIONS", "Text": "Urgent PCI for ACS is often required in SARS-CoV-2 patients improving the prognosis in all but the most advanced patients .", "Evidence Elements": {"Participant": [], "Intervention": [], "Outcome": []}, "Evidence Propositions": []}, {"Section": "CONCLUSIONS", "Text": "Complete patient history and examination , routine ECG monitoring , echocardiography , and careful evaluation of changes in cardiac enzymes should be part of the regular assessment procedures also in dedicated COVID positive units .", "Evidence Elements": {"Participant": [], "Intervention": [], "Outcome": []}, "Evidence Propositions": []}]}