{"doc_id": "32407884", "type of study": "Therapy", "title": "", "abstract": "There is no known effective therapy for patients with coronavirus disease 2019 (COVID-19).\nInitial reports suggesting the potential benefit of hydroxychloroquine/azithromycin (HY/AZ) have resulted in massive adoption of this combination worldwide.\nHowever, while the true efficacy of this regimen is unknown, initial reports have raised concerns about the potential risk of QT interval prolongation and induction of torsade de pointes (TdP).\nThe purpose of this study was to assess the change in corrected QT (QTc) interval and arrhythmic events in patients with COVID-19 treated with HY/AZ.\nThis is a retrospective study of 251 patients from 2 centers who were diagnosed with COVID-19 and treated with HY/AZ.\nWe reviewed electrocardiographic tracings from baseline and until 3 days after the completion of therapy to determine the progression of QTc interval and the incidence of arrhythmia and mortality.\nThe QTc interval prolonged in parallel with increasing drug exposure and incompletely shortened after its completion.\nExtreme new QTc interval prolongation to >500 ms, a known marker of high risk of TdP, had developed in 23% of patients.\nOne patient developed polymorphic ventricular tachycardia suspected as TdP, requiring emergent cardioversion.\nSeven patients required premature termination of therapy.\nThe baseline QTc interval of patients exhibiting extreme QTc interval prolongation was normal.\nThe combination of HY/AZ significantly prolongs the QTc interval in patients with COVID-19.\nThis prolongation may be responsible for life-threatening arrhythmia in the form of TdP. This risk mandates careful consideration of HY/AZ therapy in light of its unproven efficacy.\nStrict QTc interval monitoring should be performed if the regimen is given.\n", "Evidence Map": {"Enrollment": [{"term": "COVID-19", "negation": "affirmed", "UMLS": "", "start": 123, "end": 131}, {"term": "COVID-19", "negation": "affirmed", "UMLS": "", "start": 85, "end": 93}, {"term": "TdP", "negation": "affirmed", "UMLS": "", "start": 71, "end": 74}, {"term": "emergent", "negation": "affirmed", "UMLS": "", "start": 87, "end": 95}, {"term": "COVID-19", "negation": "affirmed", "UMLS": "", "start": 84, "end": 92}], "Comparison Results": [], "Study Arm 1 Results": [], "Study Arm 2 Results": []}, "Sentence-level breakdown": [{"Section": "TITLE", "Text": "There is no known effective therapy for patients with coronavirus disease 2019 ( COVID-19 ) .", "Evidence Elements": {"Participant": [], "Intervention": [], "Outcome": []}, "Evidence Propositions": []}, {"Section": "OBJECTIVE", "Text": "The purpose of this study was to assess the change in corrected QT ( QTc ) interval and arrhythmic events in patients with COVID-19 treated with HY / AZ .", "Evidence Elements": {"Participant": [{"term": "COVID-19", "negation": "affirmed", "UMLS": "", "start": 123, "end": 131}], "Intervention": [], "Outcome": [{"term": "corrected QT ( QTc ) interval", "negation": "affirmed", "UMLS": "", "start": 54, "end": 83}, {"term": "arrhythmic events", "negation": "affirmed", "UMLS": "", "start": 88, "end": 105}]}, "Evidence Propositions": []}, {"Section": "METHODS", "Text": "This is a retrospective study of 251 patients from 2 centers who were diagnosed with COVID-19 and treated with HY / AZ .", "Evidence Elements": {"Participant": [{"term": "COVID-19", "negation": "affirmed", "UMLS": "", "start": 85, "end": 93}], "Intervention": [{"term": "AZ", "negation": "affirmed", "UMLS": "", "start": 116, "end": 118}], "Outcome": []}, "Evidence Propositions": []}, {"Section": "METHODS", "Text": "We reviewed electrocardiographic tracings from baseline and until 3 days after the completion of therapy to determine the progression of QTc interval and the incidence of arrhythmia and mortality .", "Evidence Elements": {"Participant": [], "Intervention": [], "Outcome": [{"term": "progression of QTc interval", "negation": "affirmed", "UMLS": "", "start": 122, "end": 149}, {"term": "incidence of arrhythmia", "negation": "affirmed", "UMLS": "", "start": 158, "end": 181}, {"term": "mortality", "negation": "affirmed", "UMLS": "", "start": 186, "end": 195}]}, "Evidence Propositions": []}, {"Section": "RESULTS", "Text": "The QTc interval prolonged in parallel with increasing drug exposure and incompletely shortened after its completion .", "Evidence Elements": {"Participant": [], "Intervention": [], "Outcome": [{"term": "QTc interval", "negation": "affirmed", "UMLS": "", "start": 4, "end": 16}]}, "Evidence Propositions": []}, {"Section": "RESULTS", "Text": "Extreme new QTc interval prolongation to > 500 ms , a known marker of high risk of TdP , had developed in 23 % of patients .", "Evidence Elements": {"Participant": [], "Intervention": [], "Outcome": [{"term": "Extreme new QTc interval prolongation to > 500 ms", "negation": "affirmed", "UMLS": "", "start": 0, "end": 49}]}, "Evidence Propositions": []}, {"Section": "RESULTS", "Text": "One patient developed polymorphic ventricular tachycardia suspected as TdP , requiring emergent cardioversion .", "Evidence Elements": {"Participant": [{"term": "TdP", "negation": "affirmed", "UMLS": "", "start": 71, "end": 74}, {"term": "emergent", "negation": "affirmed", "UMLS": "", "start": 87, "end": 95}], "Intervention": [], "Outcome": [{"term": "polymorphic ventricular tachycardia", "negation": "affirmed", "UMLS": "", "start": 22, "end": 57}]}, "Evidence Propositions": []}, {"Section": "RESULTS", "Text": "Seven patients required premature termination of therapy .", "Evidence Elements": {"Participant": [], "Intervention": [], "Outcome": [{"term": "premature termination of therapy", "negation": "affirmed", "UMLS": "", "start": 24, "end": 56}]}, "Evidence Propositions": []}, {"Section": "RESULTS", "Text": "The baseline QTc interval of patients exhibiting extreme QTc interval prolongation was normal .", "Evidence Elements": {"Participant": [], "Intervention": [{"term": "extreme QTc interval prolongation", "negation": "affirmed", "UMLS": "", "start": 49, "end": 82}], "Outcome": [{"term": "baseline QTc interval", "negation": "affirmed", "UMLS": "", "start": 4, "end": 25}]}, "Evidence Propositions": [{"Intervention": "extreme QTc interval prolongation", "Observation": "normal", "Outcome": "baseline QTc interval", "Count": ""}]}, {"Section": "CONCLUSIONS", "Text": "The combination of HY / AZ significantly prolongs the QTc interval in patients with COVID-19 .", "Evidence Elements": {"Participant": [{"term": "COVID-19", "negation": "affirmed", "UMLS": "", "start": 84, "end": 92}], "Intervention": [{"term": "combination of HY / AZ", "negation": "affirmed", "UMLS": "", "start": 4, "end": 26}], "Outcome": [{"term": "QTc interval", "negation": "affirmed", "UMLS": "", "start": 54, "end": 66}]}, "Evidence Propositions": []}, {"Section": "CONCLUSIONS", "Text": "This prolongation may be responsible for life-threatening arrhythmia in the form of TdP . This risk mandates careful consideration of HY / AZ therapy in light of its unproven efficacy .", "Evidence Elements": {"Participant": [], "Intervention": [], "Outcome": []}, "Evidence Propositions": []}, {"Section": "CONCLUSIONS", "Text": "Strict QTc interval monitoring should be performed if the regimen is given .", "Evidence Elements": {"Participant": [], "Intervention": [], "Outcome": []}, "Evidence Propositions": []}]}