{"doc_id": "32405117", "type of study": "Therapy", "title": "", "abstract": "SARS-CoV-2-caused COVID-19 cases are growing globally, calling for developing effective therapeutics to control the current pandemic.\nSARS-CoV-2 and SARS-CoV recognize angiotensin-converting enzyme 2 (ACE2) receptor via the receptor-binding domain (RBD).\nHere, we identified six SARS-CoV RBD-specific neutralizing monoclonal antibodies (nAbs) that cross-reacted with SARS-CoV-2 RBD, two of which, 18F3 and 7B11, neutralized SARS-CoV-2 infection.\n18F3 recognized conserved epitopes on SARS-CoV and SARS-CoV-2 RBDs, whereas 7B11 recognized epitopes on SARS-CoV RBD not fully conserved in SARS-CoV-2 RBD.\nThe 18F3-recognizing epitopes on RBD did not overlap with the ACE2-binding sites, whereas those recognized by 7B11 were close to the ACE2-binding sites, explaining why 7B11 could, but 18F3 could not, block SARS-CoV or SARS-CoV-2 RBD binding to ACE2 receptor.\nOur study provides an alternative approach to prevent SARS-CoV-2 infection using anti-SARS-CoV nAbs.\nIdentified six anti-SARS-CoV-RBD mAbs with cross-reactivity against SARS-CoV-2 RBD.\nTwo SARS-CoV RBD-specific mAbs had cross-neutralizing activity against SARS-CoV-2.\n18F3 mAb recognized conserved epitopes on SARS-CoV and SARS-CoV-2 RBDs.\n7B11 mAb blocked binding of SARS-CoV and SARS-CoV-2 RBDs to ACE2 receptor.\n", "Evidence Map": {"Enrollment": [{"term": "SARS-CoV-2 RBD", "negation": "affirmed", "UMLS": "", "start": 115, "end": 129}], "Comparison Results": [], "Study Arm 1 Results": [], "Study Arm 2 Results": []}, "Sentence-level breakdown": [{"Section": "TITLE", "Text": "SARS-CoV-2-caused COVID-19 cases are growing globally , calling for developing effective therapeutics to control the current pandemic .", "Evidence Elements": {"Participant": [], "Intervention": [], "Outcome": []}, "Evidence Propositions": []}, {"Section": "RESULTS", "Text": "SARS-CoV-2 and SARS-CoV recognize angiotensin-converting enzyme 2 ( ACE2 ) receptor via the receptor-binding domain ( RBD ) .", "Evidence Elements": {"Participant": [], "Intervention": [], "Outcome": []}, "Evidence Propositions": []}, {"Section": "RESULTS", "Text": "Here , we identified six SARS-CoV RBD-specific neutralizing monoclonal antibodies ( nAbs ) that cross-reacted with SARS-CoV-2 RBD , two of which , 18F3 and 7B11 , neutralized SARS-CoV-2 infection .", "Evidence Elements": {"Participant": [{"term": "SARS-CoV-2 RBD", "negation": "affirmed", "UMLS": "", "start": 115, "end": 129}], "Intervention": [{"term": "18F3", "negation": "affirmed", "UMLS": "", "start": 147, "end": 151}], "Outcome": [{"term": "SARS-CoV RBD-specific neutralizing monoclonal antibodies", "negation": "affirmed", "UMLS": "", "start": 25, "end": 81}]}, "Evidence Propositions": []}, {"Section": "RESULTS", "Text": "18F3 recognized conserved epitopes on SARS-CoV and SARS-CoV-2 RBDs , whereas 7B11 recognized epitopes on SARS-CoV RBD not fully conserved in SARS-CoV-2 RBD .", "Evidence Elements": {"Participant": [], "Intervention": [{"term": "18F3", "negation": "affirmed", "UMLS": "", "start": 0, "end": 4}, {"term": "7B11", "negation": "affirmed", "UMLS": "", "start": 77, "end": 81}, {"term": "SARS-CoV-2", "negation": "negated", "UMLS": "", "start": 51, "end": 61}], "Outcome": [{"term": "epitopes", "negation": "affirmed", "UMLS": "", "start": 26, "end": 34}]}, "Evidence Propositions": []}, {"Section": "RESULTS", "Text": "The 18F3-recognizing epitopes on RBD did not overlap with the ACE2-binding sites , whereas those recognized by 7B11 were close to the ACE2-binding sites , explaining why 7B11 could , but 18F3 could not , block SARS-CoV or SARS-CoV-2 RBD binding to ACE2 receptor .", "Evidence Elements": {"Participant": [], "Intervention": [{"term": "7B11", "negation": "negated", "UMLS": "", "start": 111, "end": 115}, {"term": "7B11", "negation": "negated", "UMLS": "", "start": 111, "end": 115}, {"term": "18F3", "negation": "affirmed", "UMLS": "", "start": 4, "end": 8}], "Outcome": [{"term": "18F3-recognizing epitopes on RBD", "negation": "affirmed", "UMLS": "", "start": 4, "end": 36}, {"term": "sites", "negation": "negated", "UMLS": "", "start": 75, "end": 80}]}, "Evidence Propositions": [{"Intervention": "7B11", "Observation": "close", "Outcome": "18F3-recognizing epitopes on RBD", "Count": ""}]}, {"Section": "RESULTS", "Text": "Our study provides an alternative approach to prevent SARS-CoV-2 infection using anti-SARS-CoV nAbs .", "Evidence Elements": {"Participant": [], "Intervention": [], "Outcome": [{"term": "SARS-CoV-2 infection", "negation": "affirmed", "UMLS": "", "start": 54, "end": 74}]}, "Evidence Propositions": []}, {"Section": "RESULTS", "Text": "Identified six anti-SARS-CoV-RBD mAbs with cross-reactivity against SARS-CoV-2 RBD .", "Evidence Elements": {"Participant": [], "Intervention": [], "Outcome": [{"term": "anti-SARS-CoV-RBD mAbs", "negation": "affirmed", "UMLS": "", "start": 15, "end": 37}, {"term": "cross-reactivity against SARS-CoV-2 RBD", "negation": "affirmed", "UMLS": "", "start": 43, "end": 82}]}, "Evidence Propositions": []}, {"Section": "RESULTS", "Text": "Two SARS-CoV RBD-specific mAbs had cross-neutralizing activity against SARS-CoV-2 .", "Evidence Elements": {"Participant": [], "Intervention": [{"term": "SARS-CoV RBD-specific mAbs", "negation": "affirmed", "UMLS": "", "start": 4, "end": 30}], "Outcome": [{"term": "cross-neutralizing activity against SARS-CoV-2", "negation": "affirmed", "UMLS": "", "start": 35, "end": 81}]}, "Evidence Propositions": []}, {"Section": "RESULTS", "Text": "18F3 mAb recognized conserved epitopes on SARS-CoV and SARS-CoV-2 RBDs .", "Evidence Elements": {"Participant": [], "Intervention": [{"term": "18F3 mAb", "negation": "affirmed", "UMLS": "", "start": 0, "end": 8}], "Outcome": [{"term": "epitopes", "negation": "affirmed", "UMLS": "", "start": 30, "end": 38}]}, "Evidence Propositions": []}, {"Section": "CONCLUSIONS", "Text": "7B11 mAb blocked binding of SARS-CoV and SARS-CoV-2 RBDs to ACE2 receptor .", "Evidence Elements": {"Participant": [], "Intervention": [{"term": "7B11 mAb", "negation": "affirmed", "UMLS": "", "start": 0, "end": 8}], "Outcome": [{"term": "binding of SARS-CoV and SARS-CoV-2 RBDs to ACE2 receptor", "negation": "affirmed", "UMLS": "", "start": 17, "end": 73}]}, "Evidence Propositions": []}]}