{"doc_id": "32407719", "type of study": "Therapy", "title": "", "abstract": "To describe the clinical profiles and risk factors for critical illness in hospitalized children and adolescents with COVID-19.\nChildren 1 month to 21 years with COVID-19 from a single tertiary care children's hospital between March 15-April 13, 2020 were included.\nDemographic and clinical data were collected.\n67 children tested positive for COVID-19; 21 (31.3%) were managed as outpatients.\nOf 46 admitted patients, 33 (72%) were admitted to the general pediatric medical unit and 13 (28%) to the pediatric intensive care unit (PICU).\nObesity and asthma were highly prevalent but not significantly associated with PICU admission (p=0.99).\nAdmission to the PICU was significantly associated with higher C-reactive protein, procalcitonin, and pro-B type natriuretic peptide levels and platelet counts (p<0.05 for all).\nPatients in the PICU were more likely to require high-flow nasal cannula (p=0.0001) and were more likely to have received Remdesivir through compassionate release (p<0.05).\nSevere sepsis and septic shock syndromes were observed in 7 (53.8%) PICU patients.\nAcute respiratory distress syndrome (ARDS) was observed in 10 (77%) PICU patients, 6 of whom (46.2%) required invasive mechanical ventilation for a median of 9 days.\nOf the 13 patients in the PICU, 8 (61.5%) were discharged home, and 4 (30.7%) patients remain hospitalized on ventilatory support at day 14.\nOne patient died after withdrawal of life-sustaining therapy because of metastatic cancer.\nWe describe a higher than previously recognized rate of severe disease requiring PICU admission in pediatric patients admitted to the hospital with COVID-19.\n", "Evidence Map": {"Enrollment": [{"term": "hospitalized children", "negation": "affirmed", "UMLS": "", "start": 75, "end": 96}, {"term": "adolescents", "negation": "affirmed", "UMLS": "", "start": 101, "end": 112}, {"term": "COVID-19", "negation": "affirmed", "UMLS": "", "start": 118, "end": 126}, {"term": "Children", "negation": "affirmed", "UMLS": "", "start": 0, "end": 8}, {"term": "COVID-19", "negation": "affirmed", "UMLS": "", "start": 34, "end": 42}, {"term": "children", "negation": "affirmed", "UMLS": "", "start": 3, "end": 11}, {"term": "positive for COVID-19", "negation": "affirmed", "UMLS": "", "start": 19, "end": 40}, {"term": "PICU admission", "negation": "negated", "UMLS": "", "start": 79, "end": 93}, {"term": "pediatric patients", "negation": "affirmed", "UMLS": "", "start": 99, "end": 117}, {"term": "admitted to the hospital", "negation": "affirmed", "UMLS": "", "start": 118, "end": 142}, {"term": "COVID-19", "negation": "affirmed", "UMLS": "", "start": 148, "end": 156}], "Comparison Results": [], "Study Arm 1 Results": [], "Study Arm 2 Results": []}, "Sentence-level breakdown": [{"Section": "TITLE", "Text": "To describe the clinical profiles and risk factors for critical illness in hospitalized children and adolescents with COVID-19 .", "Evidence Elements": {"Participant": [{"term": "hospitalized children", "negation": "affirmed", "UMLS": "", "start": 75, "end": 96}, {"term": "adolescents", "negation": "affirmed", "UMLS": "", "start": 101, "end": 112}, {"term": "COVID-19", "negation": "affirmed", "UMLS": "", "start": 118, "end": 126}], "Intervention": [], "Outcome": [{"term": "clinical profiles", "negation": "affirmed", "UMLS": "", "start": 16, "end": 33}, {"term": "risk factors for critical illness", "negation": "affirmed", "UMLS": "", "start": 38, "end": 71}]}, "Evidence Propositions": []}, {"Section": "METHODS", "Text": "Children 1 month to 21 years with COVID-19 from a single tertiary care children 's hospital between March 15-April 13 , 2020 were included .", "Evidence Elements": {"Participant": [{"term": "Children", "negation": "affirmed", "UMLS": "", "start": 0, "end": 8}, {"term": "COVID-19", "negation": "affirmed", "UMLS": "", "start": 34, "end": 42}], "Intervention": [], "Outcome": []}, "Evidence Propositions": []}, {"Section": "METHODS", "Text": "Demographic and clinical data were collected .", "Evidence Elements": {"Participant": [], "Intervention": [], "Outcome": []}, "Evidence Propositions": []}, {"Section": "RESULTS", "Text": "67 children tested positive for COVID-19 ; 21 ( 31.3 % ) were managed as outpatients .", "Evidence Elements": {"Participant": [{"term": "children", "negation": "affirmed", "UMLS": "", "start": 3, "end": 11}, {"term": "positive for COVID-19", "negation": "affirmed", "UMLS": "", "start": 19, "end": 40}], "Intervention": [], "Outcome": []}, "Evidence Propositions": []}, {"Section": "RESULTS", "Text": "Of 46 admitted patients , 33 ( 72 % ) were admitted to the general pediatric medical unit and 13 ( 28 % ) to the pediatric intensive care unit ( PICU ) .", "Evidence Elements": {"Participant": [], "Intervention": [], "Outcome": []}, "Evidence Propositions": []}, {"Section": "RESULTS", "Text": "Obesity and asthma were highly prevalent but not significantly associated with PICU admission ( p = 0.99 ) .", "Evidence Elements": {"Participant": [{"term": "PICU admission", "negation": "negated", "UMLS": "", "start": 79, "end": 93}], "Intervention": [], "Outcome": [{"term": "Obesity", "negation": "affirmed", "UMLS": "", "start": 0, "end": 7}, {"term": "asthma", "negation": "affirmed", "UMLS": "", "start": 12, "end": 18}]}, "Evidence Propositions": []}, {"Section": "RESULTS", "Text": "Admission to the PICU was significantly associated with higher C-reactive protein , procalcitonin , and pro-B type natriuretic peptide levels and platelet counts ( p < 0.05 for all ) .", "Evidence Elements": {"Participant": [], "Intervention": [], "Outcome": [{"term": "Admission to the PICU", "negation": "affirmed", "UMLS": "", "start": 0, "end": 21}, {"term": "C-reactive protein", "negation": "affirmed", "UMLS": "", "start": 63, "end": 81}, {"term": "procalcitonin", "negation": "affirmed", "UMLS": "", "start": 84, "end": 97}, {"term": "pro-B type natriuretic peptide levels", "negation": "affirmed", "UMLS": "", "start": 104, "end": 141}, {"term": "platelet counts", "negation": "affirmed", "UMLS": "", "start": 146, "end": 161}]}, "Evidence Propositions": [{"Intervention": [], "Observation": "higher", "Outcome": "", "Count": ""}]}, {"Section": "RESULTS", "Text": "Patients in the PICU were more likely to require high-flow nasal cannula ( p = 0.0001 ) and were more likely to have received Remdesivir through compassionate release ( p < 0.05 ) .", "Evidence Elements": {"Participant": [], "Intervention": [{"term": "Remdesivir", "negation": "affirmed", "UMLS": "", "start": 126, "end": 136}], "Outcome": [{"term": "high-flow nasal cannula", "negation": "affirmed", "UMLS": "", "start": 49, "end": 72}]}, "Evidence Propositions": [{"Intervention": [], "Observation": "more likely", "Outcome": "high-flow nasal cannula", "Count": ""}, {"Intervention": ["Remdesivir"], "Observation": "more likely", "Outcome": "", "Count": ""}]}, {"Section": "RESULTS", "Text": "Severe sepsis and septic shock syndromes were observed in 7 ( 53.8 % ) PICU patients .", "Evidence Elements": {"Participant": [], "Intervention": [], "Outcome": [{"term": "Severe sepsis", "negation": "affirmed", "UMLS": "", "start": 0, "end": 13}, {"term": "septic shock syndromes", "negation": "affirmed", "UMLS": "", "start": 18, "end": 40}]}, "Evidence Propositions": []}, {"Section": "RESULTS", "Text": "Acute respiratory distress syndrome ( ARDS ) was observed in 10 ( 77 % ) PICU patients , 6 of whom ( 46.2 % ) required invasive mechanical ventilation for a median of 9 days .", "Evidence Elements": {"Participant": [], "Intervention": [], "Outcome": [{"term": "Acute respiratory distress syndrome ( ARDS )", "negation": "affirmed", "UMLS": "", "start": 0, "end": 44}]}, "Evidence Propositions": []}, {"Section": "RESULTS", "Text": "Of the 13 patients in the PICU , 8 ( 61.5 % ) were discharged home , and 4 ( 30.7 % ) patients remain hospitalized on ventilatory support at day 14 .", "Evidence Elements": {"Participant": [], "Intervention": [{"term": "PICU", "negation": "affirmed", "UMLS": "", "start": 26, "end": 30}], "Outcome": [{"term": "discharged home", "negation": "affirmed", "UMLS": "", "start": 51, "end": 66}]}, "Evidence Propositions": [{"Intervention": "PICU", "Observation": "", "Count": "8 ( 61.5 % )", "Outcome": "discharged home"}]}, {"Section": "RESULTS", "Text": "One patient died after withdrawal of life-sustaining therapy because of metastatic cancer .", "Evidence Elements": {"Participant": [], "Intervention": [], "Outcome": [{"term": "died", "negation": "affirmed", "UMLS": "", "start": 12, "end": 16}, {"term": "metastatic cancer", "negation": "affirmed", "UMLS": "", "start": 72, "end": 89}]}, "Evidence Propositions": []}, {"Section": "CONCLUSIONS", "Text": "We describe a higher than previously recognized rate of severe disease requiring PICU admission in pediatric patients admitted to the hospital with COVID-19 .", "Evidence Elements": {"Participant": [{"term": "pediatric patients", "negation": "affirmed", "UMLS": "", "start": 99, "end": 117}, {"term": "admitted to the hospital", "negation": "affirmed", "UMLS": "", "start": 118, "end": 142}, {"term": "COVID-19", "negation": "affirmed", "UMLS": "", "start": 148, "end": 156}], "Intervention": [], "Outcome": [{"term": "rate of severe disease requiring PICU admission", "negation": "affirmed", "UMLS": "", "start": 48, "end": 95}]}, "Evidence Propositions": [{"Intervention": [], "Observation": "higher than", "Outcome": "rate of severe disease requiring PICU admission", "Count": ""}]}]}