{"doc_id": "32405245", "type of study": "Therapy", "title": "", "abstract": "We investigated the clinical course of individuals with 2019 novel coronavirus disease (COVID-19) who were transferred from the Diamond Princess cruise ship to 12 local hospitals.\nThe conditions and clinical courses of patients with pneumonia were compared with those of patients without pneumonia.\nAmong 70 patients (median age: 67 years) analyzed, the major symptoms were fever (64.3%), cough (54.3%), and general fatigue (24.3%).\nForty-three patients (61.4%) had pneumonia.\nHigher body temperature, heart rate, and respiratory rate as well as higher of lactate dehydrogenase (LDH), aspartate aminotransferase (AST), and C-reactive protein (CRP) levels and lower serum albumin level and lymphocyte count were associated with the presence of pneumonia.\nGround-glass opacity was found in 97.7% of the patients with pneumonia.\nPatients were administered neuraminidase inhibitors (20%), lopinavir/ritonavir (32.9%), and ciclesonide inhalation (11.4%).\nMechanical ventilation and veno-venous extracorporeal membrane oxygenation was performed on 14 (20%) and 2 (2.9%) patients, respectively; two patients died.\nThe median duration of intubation was 12 days.\nThe patients with COVID-19 transferred to local hospitals during the outbreak had severe conditions and needed close monitoring.\nThe severity of COVID-19 depends on the presence of pneumonia.\nHigh serum LDH, AST and CRP levels and low serum albumin level and lymphocyte count were found to be predictors of pneumonia.\nIt was challenging for local hospitals to admit and treat these patients during the outbreak of COVID-19.\nAssessment of severity was crucial to manage a large number of patients.\n", "Evidence Map": {"Enrollment": [{"term": "novel coronavirus disease ( COVID-19 )", "negation": "affirmed", "UMLS": "", "start": 61, "end": 99}, {"term": "fever", "negation": "affirmed", "UMLS": "", "start": 79, "end": 84}], "Comparison Results": [], "Study Arm 1 Results": [], "Study Arm 2 Results": []}, "Sentence-level breakdown": [{"Section": "TITLE", "Text": "We investigated the clinical course of individuals with 2019 novel coronavirus disease ( COVID-19 ) who were transferred from the Diamond Princess cruise ship to 12 local hospitals .", "Evidence Elements": {"Participant": [{"term": "novel coronavirus disease ( COVID-19 )", "negation": "affirmed", "UMLS": "", "start": 61, "end": 99}], "Intervention": [], "Outcome": [{"term": "clinical course", "negation": "affirmed", "UMLS": "", "start": 20, "end": 35}]}, "Evidence Propositions": []}, {"Section": "OBJECTIVE", "Text": "The conditions and clinical courses of patients with pneumonia were compared with those of patients without pneumonia .", "Evidence Elements": {"Participant": [], "Intervention": [{"term": "pneumonia", "negation": "negated", "UMLS": "", "start": 53, "end": 62}, {"term": "without pneumonia", "negation": "affirmed", "UMLS": "", "start": 100, "end": 117}], "Outcome": [{"term": "conditions and clinical courses", "negation": "affirmed", "UMLS": "", "start": 4, "end": 35}]}, "Evidence Propositions": []}, {"Section": "RESULTS", "Text": "Among 70 patients ( median age : 67 years ) analyzed , the major symptoms were fever ( 64.3 % ) , cough ( 54.3 % ) , and general fatigue ( 24.3 % ) .", "Evidence Elements": {"Participant": [{"term": "fever", "negation": "affirmed", "UMLS": "", "start": 79, "end": 84}], "Intervention": [], "Outcome": []}, "Evidence Propositions": []}, {"Section": "RESULTS", "Text": "Forty-three patients ( 61.4 % ) had pneumonia .", "Evidence Elements": {"Participant": [], "Intervention": [], "Outcome": []}, "Evidence Propositions": []}, {"Section": "RESULTS", "Text": "Higher body temperature , heart rate , and respiratory rate as well as higher of lactate dehydrogenase ( LDH ) , aspartate aminotransferase ( AST ) , and C-reactive protein ( CRP ) levels and lower serum albumin level and lymphocyte count were associated with the presence of pneumonia .", "Evidence Elements": {"Participant": [], "Intervention": [], "Outcome": [{"term": "body temperature", "negation": "affirmed", "UMLS": "", "start": 7, "end": 23}, {"term": "heart rate", "negation": "affirmed", "UMLS": "", "start": 26, "end": 36}, {"term": "respiratory rate", "negation": "affirmed", "UMLS": "", "start": 43, "end": 59}, {"term": "lactate dehydrogenase ( LDH )", "negation": "affirmed", "UMLS": "", "start": 81, "end": 110}, {"term": "aspartate aminotransferase ( AST )", "negation": "affirmed", "UMLS": "", "start": 113, "end": 147}, {"term": "C-reactive protein ( CRP ) levels", "negation": "affirmed", "UMLS": "", "start": 154, "end": 187}, {"term": "serum albumin level", "negation": "affirmed", "UMLS": "", "start": 198, "end": 217}]}, "Evidence Propositions": [{"Intervention": [], "Observation": "Higher", "Outcome": "", "Count": ""}, {"Intervention": [], "Observation": "higher", "Outcome": "lactate dehydrogenase ( LDH )", "Count": ""}, {"Intervention": [], "Observation": "higher", "Outcome": "aspartate aminotransferase ( AST )", "Count": ""}, {"Intervention": [], "Observation": "higher", "Outcome": "C-reactive protein ( CRP ) levels", "Count": ""}, {"Intervention": [], "Observation": "lower", "Outcome": "", "Count": ""}]}, {"Section": "RESULTS", "Text": "Ground-glass opacity was found in 97.7 % of the patients with pneumonia .", "Evidence Elements": {"Participant": [], "Intervention": [], "Outcome": [{"term": "Ground-glass opacity", "negation": "affirmed", "UMLS": "", "start": 0, "end": 20}]}, "Evidence Propositions": []}, {"Section": "RESULTS", "Text": "Patients were administered neuraminidase inhibitors ( 20 % ) , lopinavir / ritonavir ( 32.9 % ) , and ciclesonide inhalation ( 11.4 % ) .", "Evidence Elements": {"Participant": [], "Intervention": [{"term": "neuraminidase inhibitors", "negation": "affirmed", "UMLS": "", "start": 27, "end": 51}, {"term": "ritonavir", "negation": "affirmed", "UMLS": "", "start": 75, "end": 84}], "Outcome": []}, "Evidence Propositions": []}, {"Section": "RESULTS", "Text": "Mechanical ventilation and veno-venous extracorporeal membrane oxygenation was performed on 14 ( 20 % ) and 2 ( 2.9 % ) patients , respectively ; two patients died .", "Evidence Elements": {"Participant": [], "Intervention": [{"term": "veno-venous extracorporeal membrane oxygenation", "negation": "affirmed", "UMLS": "", "start": 27, "end": 74}], "Outcome": [{"term": "Mechanical ventilation", "negation": "affirmed", "UMLS": "", "start": 0, "end": 22}]}, "Evidence Propositions": [{"Intervention": "veno-venous extracorporeal membrane oxygenation", "Observation": "", "Count": "14 ( 20 % )", "Outcome": "Mechanical ventilation"}]}, {"Section": "RESULTS", "Text": "The median duration of intubation was 12 days .", "Evidence Elements": {"Participant": [], "Intervention": [], "Outcome": [{"term": "median duration of intubation", "negation": "affirmed", "UMLS": "", "start": 4, "end": 33}]}, "Evidence Propositions": []}, {"Section": "RESULTS", "Text": "The patients with COVID-19 transferred to local hospitals during the outbreak had severe conditions and needed close monitoring .", "Evidence Elements": {"Participant": [], "Intervention": [], "Outcome": []}, "Evidence Propositions": []}, {"Section": "CONCLUSIONS", "Text": "The severity of COVID-19 depends on the presence of pneumonia .", "Evidence Elements": {"Participant": [], "Intervention": [], "Outcome": []}, "Evidence Propositions": []}, {"Section": "CONCLUSIONS", "Text": "High serum LDH , AST and CRP levels and low serum albumin level and lymphocyte count were found to be predictors of pneumonia .", "Evidence Elements": {"Participant": [], "Intervention": [], "Outcome": [{"term": "LDH", "negation": "affirmed", "UMLS": "", "start": 11, "end": 14}, {"term": "AST", "negation": "affirmed", "UMLS": "", "start": 17, "end": 20}, {"term": "levels", "negation": "affirmed", "UMLS": "", "start": 29, "end": 35}, {"term": "albumin level", "negation": "affirmed", "UMLS": "", "start": 50, "end": 63}, {"term": "lymphocyte count", "negation": "affirmed", "UMLS": "", "start": 68, "end": 84}]}, "Evidence Propositions": []}, {"Section": "CONCLUSIONS", "Text": "It was challenging for local hospitals to admit and treat these patients during the outbreak of COVID-19 .", "Evidence Elements": {"Participant": [], "Intervention": [], "Outcome": []}, "Evidence Propositions": []}, {"Section": "CONCLUSIONS", "Text": "Assessment of severity was crucial to manage a large number of patients .", "Evidence Elements": {"Participant": [], "Intervention": [], "Outcome": []}, "Evidence Propositions": []}]}