{"doc_id": "32409486", "type of study": "Therapy", "title": "", "abstract": "To assess the effectiveness of hydroxychloroquine in patients admitted to hospital with coronavirus disease 2019 (covid-19) pneumonia who require oxygen.\nComparative observational study using data collected from routine care.\nFour French tertiary care centres providing care to patients with covid-19 pneumonia between 12 March and 31 March 2020.\n181 patients aged 18-80 years with documented severe acute respiratory syndrome coronavirus 2 (SARS-CoV-2) pneumonia who required oxygen but not intensive care.\nHydroxychloroquine at a dose of 600 mg/day within 48 hours of admission to hospital (treatment group) versus standard care without hydroxychloroquine (control group).\nThe primary outcome was survival without transfer to the intensive care unit at day 21.\nSecondary outcomes were overall survival, survival without acute respiratory distress syndrome, weaning from oxygen, and discharge from hospital to home or rehabilitation (all at day 21).\nAnalyses were adjusted for confounding factors by inverse probability of treatment weighting.\nIn the main analysis, 84 patients who received hydroxychloroquine within 48 hours of admission to hospital (treatment group) were compared with 89 patients who did not receive hydroxychloroquine (control group).\nEight additional patients received hydroxychloroquine more than 48 hours after admission.\nIn the weighted analyses, the survival rate without transfer to the intensive care unit at day 21 was 76% in the treatment group and 75% in the control group (weighted hazard ratio 0.9, 95% confidence interval 0.4 to 2.1).\nOverall survival at day 21 was 89% in the treatment group and 91% in the control group (1.2, 0.4 to 3.3).\nSurvival without acute respiratory distress syndrome at day 21 was 69% in the treatment group compared with 74% in the control group (1.3, 0.7 to 2.6).\nAt day 21, 82% of patients in the treatment group had been weaned from oxygen compared with 76% in the control group (weighted risk ratio 1.1, 95% confidence interval 0.9 to 1.3).\nEight patients in the treatment group (10%) experienced electrocardiographic modifications that required discontinuation of treatment.\nHydroxychloroquine has received worldwide attention as a potential treatment for covid-19 because of positive results from small studies.\nHowever, the results of this study do not support its use in patients admitted to hospital with covid-19 who require oxygen.\n", "Evidence Map": {"Enrollment": [{"term": "admitted to hospital", "negation": "affirmed", "UMLS": "", "start": 62, "end": 82}, {"term": "coronavirus disease 2019 ( covid-19 ) pneumonia", "negation": "affirmed", "UMLS": "", "start": 88, "end": 135}, {"term": "covid-19 pneumonia", "negation": "affirmed", "UMLS": "", "start": 66, "end": 84}, {"term": "severe acute respiratory syndrome coronavirus 2 ( SARS-CoV-2 ) pneumonia", "negation": "affirmed", "UMLS": "", "start": 46, "end": 118}, {"term": "oxygen", "negation": "affirmed", "UMLS": "", "start": 132, "end": 138}, {"term": "admitted to hospital", "negation": "negated", "UMLS": "", "start": 71, "end": 91}, {"term": "covid-19", "negation": "negated", "UMLS": "", "start": 97, "end": 105}], "Comparison Results": [], "Study Arm 1 Results": [], "Study Arm 2 Results": []}, "Sentence-level breakdown": [{"Section": "TITLE", "Text": "To assess the effectiveness of hydroxychloroquine in patients admitted to hospital with coronavirus disease 2019 ( covid-19 ) pneumonia who require oxygen .", "Evidence Elements": {"Participant": [{"term": "admitted to hospital", "negation": "affirmed", "UMLS": "", "start": 62, "end": 82}, {"term": "coronavirus disease 2019 ( covid-19 ) pneumonia", "negation": "affirmed", "UMLS": "", "start": 88, "end": 135}], "Intervention": [{"term": "hydroxychloroquine", "negation": "affirmed", "UMLS": "", "start": 31, "end": 49}], "Outcome": []}, "Evidence Propositions": []}, {"Section": "METHODS", "Text": "Comparative observational study using data collected from routine care .", "Evidence Elements": {"Participant": [], "Intervention": [], "Outcome": []}, "Evidence Propositions": []}, {"Section": "METHODS", "Text": "Four French tertiary care centres providing care to patients with covid-19 pneumonia between 12 March and 31 March 2020 .", "Evidence Elements": {"Participant": [{"term": "covid-19 pneumonia", "negation": "affirmed", "UMLS": "", "start": 66, "end": 84}], "Intervention": [], "Outcome": []}, "Evidence Propositions": []}, {"Section": "METHODS", "Text": "181 patients aged 18-80 years with documented severe acute respiratory syndrome coronavirus 2 ( SARS-CoV-2 ) pneumonia who required oxygen but not intensive care .", "Evidence Elements": {"Participant": [{"term": "severe acute respiratory syndrome coronavirus 2 ( SARS-CoV-2 ) pneumonia", "negation": "affirmed", "UMLS": "", "start": 46, "end": 118}, {"term": "oxygen", "negation": "affirmed", "UMLS": "", "start": 132, "end": 138}], "Intervention": [], "Outcome": []}, "Evidence Propositions": []}, {"Section": "METHODS", "Text": "Hydroxychloroquine at a dose of 600 mg / day within 48 hours of admission to hospital ( treatment group ) versus standard care without hydroxychloroquine ( control group ) .", "Evidence Elements": {"Participant": [], "Intervention": [{"term": "Hydroxychloroquine", "negation": "affirmed", "UMLS": "", "start": 0, "end": 18}, {"term": "600", "negation": "affirmed", "UMLS": "", "start": 32, "end": 35}, {"term": "standard care without hydroxychloroquine", "negation": "affirmed", "UMLS": "", "start": 113, "end": 153}], "Outcome": []}, "Evidence Propositions": []}, {"Section": "METHODS", "Text": "The primary outcome was survival without transfer to the intensive care unit at day 21 .", "Evidence Elements": {"Participant": [], "Intervention": [], "Outcome": [{"term": "survival without transfer to the intensive care unit", "negation": "affirmed", "UMLS": "", "start": 24, "end": 76}]}, "Evidence Propositions": []}, {"Section": "METHODS", "Text": "Secondary outcomes were overall survival , survival without acute respiratory distress syndrome , weaning from oxygen , and discharge from hospital to home or rehabilitation ( all at day 21 ) .", "Evidence Elements": {"Participant": [], "Intervention": [], "Outcome": [{"term": "overall survival", "negation": "affirmed", "UMLS": "", "start": 24, "end": 40}, {"term": "survival without acute respiratory distress syndrome", "negation": "affirmed", "UMLS": "", "start": 43, "end": 95}, {"term": "weaning from oxygen", "negation": "negated", "UMLS": "", "start": 98, "end": 117}, {"term": "discharge from hospital to home or rehabilitation", "negation": "negated", "UMLS": "", "start": 124, "end": 173}]}, "Evidence Propositions": []}, {"Section": "METHODS", "Text": "Analyses were adjusted for confounding factors by inverse probability of treatment weighting .", "Evidence Elements": {"Participant": [], "Intervention": [], "Outcome": []}, "Evidence Propositions": []}, {"Section": "RESULTS", "Text": "In the main analysis , 84 patients who received hydroxychloroquine within 48 hours of admission to hospital ( treatment group ) were compared with 89 patients who did not receive hydroxychloroquine ( control group ) .", "Evidence Elements": {"Participant": [], "Intervention": [{"term": "hydroxychloroquine", "negation": "negated", "UMLS": "", "start": 48, "end": 66}], "Outcome": []}, "Evidence Propositions": []}, {"Section": "RESULTS", "Text": "Eight additional patients received hydroxychloroquine more than 48 hours after admission .", "Evidence Elements": {"Participant": [], "Intervention": [{"term": "hydroxychloroquine", "negation": "affirmed", "UMLS": "", "start": 35, "end": 53}], "Outcome": []}, "Evidence Propositions": []}, {"Section": "RESULTS", "Text": "In the weighted analyses , the survival rate without transfer to the intensive care unit at day 21 was 76 % in the treatment group and 75 % in the control group ( weighted hazard ratio 0.9 , 95 % confidence interval 0.4 to 2.1 ) .", "Evidence Elements": {"Participant": [], "Intervention": [{"term": "treatment", "negation": "negated", "UMLS": "", "start": 115, "end": 124}, {"term": "control", "negation": "negated", "UMLS": "", "start": 147, "end": 154}], "Outcome": [{"term": "survival rate without transfer to the intensive care unit", "negation": "affirmed", "UMLS": "", "start": 31, "end": 88}]}, "Evidence Propositions": [{"Intervention": "treatment", "Observation": "76 %", "Outcome": "survival rate without transfer to the intensive care unit", "Count": ""}, {"Intervention": "control", "Observation": "75 %", "Outcome": "survival rate without transfer to the intensive care unit", "Count": ""}]}, {"Section": "RESULTS", "Text": "Overall survival at day 21 was 89 % in the treatment group and 91 % in the control group ( 1.2 , 0.4 to 3.3 ) .", "Evidence Elements": {"Participant": [], "Intervention": [{"term": "treatment", "negation": "affirmed", "UMLS": "", "start": 43, "end": 52}, {"term": "control", "negation": "affirmed", "UMLS": "", "start": 75, "end": 82}], "Outcome": [{"term": "Overall survival", "negation": "affirmed", "UMLS": "", "start": 0, "end": 16}]}, "Evidence Propositions": [{"Intervention": "treatment", "Observation": "89 %", "Outcome": "Overall survival", "Count": ""}, {"Intervention": "control", "Observation": "91 %", "Outcome": "Overall survival", "Count": ""}, {"Intervention": "control", "Observation": "1.2", "Outcome": "Overall survival", "Count": ""}]}, {"Section": "RESULTS", "Text": "Survival without acute respiratory distress syndrome at day 21 was 69 % in the treatment group compared with 74 % in the control group ( 1.3 , 0.7 to 2.6 ) .", "Evidence Elements": {"Participant": [], "Intervention": [{"term": "treatment", "negation": "negated", "UMLS": "", "start": 79, "end": 88}, {"term": "control", "negation": "negated", "UMLS": "", "start": 121, "end": 128}], "Outcome": [{"term": "Survival without acute respiratory distress syndrome", "negation": "affirmed", "UMLS": "", "start": 0, "end": 52}]}, "Evidence Propositions": [{"Intervention": "treatment", "Observation": "69 %", "Outcome": "Survival without acute respiratory distress syndrome", "Count": ""}, {"Intervention": "control", "Observation": "74 %", "Outcome": "Survival without acute respiratory distress syndrome", "Count": ""}, {"Intervention": "treatment", "Observation": "1.3", "Outcome": "Survival without acute respiratory distress syndrome", "Count": ""}, {"Intervention": "control", "Observation": "1.3", "Outcome": "Survival without acute respiratory distress syndrome", "Count": ""}]}, {"Section": "RESULTS", "Text": "At day 21 , 82 % of patients in the treatment group had been weaned from oxygen compared with 76 % in the control group ( weighted risk ratio 1.1 , 95 % confidence interval 0.9 to 1.3 ) .", "Evidence Elements": {"Participant": [], "Intervention": [{"term": "treatment", "negation": "affirmed", "UMLS": "", "start": 36, "end": 45}, {"term": "control", "negation": "affirmed", "UMLS": "", "start": 106, "end": 113}], "Outcome": [{"term": "weaned from oxygen", "negation": "affirmed", "UMLS": "", "start": 61, "end": 79}]}, "Evidence Propositions": [{"Intervention": "treatment", "Observation": "", "Count": "82 % of patients", "Outcome": "weaned from oxygen"}, {"Intervention": "control", "Observation": "", "Count": "76 %", "Outcome": "weaned from oxygen"}]}, {"Section": "RESULTS", "Text": "Eight patients in the treatment group ( 10 % ) experienced electrocardiographic modifications that required discontinuation of treatment .", "Evidence Elements": {"Participant": [], "Intervention": [{"term": "treatment", "negation": "affirmed", "UMLS": "", "start": 22, "end": 31}], "Outcome": [{"term": "electrocardiographic modifications", "negation": "affirmed", "UMLS": "", "start": 59, "end": 93}]}, "Evidence Propositions": [{"Intervention": "treatment", "Observation": "", "Count": "Eight patients", "Outcome": "electrocardiographic modifications"}, {"Intervention": "treatment", "Observation": "", "Count": "10 %", "Outcome": "electrocardiographic modifications"}]}, {"Section": "CONCLUSIONS", "Text": "Hydroxychloroquine has received worldwide attention as a potential treatment for covid-19 because of positive results from small studies .", "Evidence Elements": {"Participant": [], "Intervention": [], "Outcome": []}, "Evidence Propositions": []}, {"Section": "CONCLUSIONS", "Text": "However , the results of this study do not support its use in patients admitted to hospital with covid-19 who require oxygen .", "Evidence Elements": {"Participant": [{"term": "admitted to hospital", "negation": "negated", "UMLS": "", "start": 71, "end": 91}, {"term": "covid-19", "negation": "negated", "UMLS": "", "start": 97, "end": 105}], "Intervention": [], "Outcome": []}, "Evidence Propositions": []}]}