{"doc_id": "32407255", "type of study": "Therapy", "title": "", "abstract": "Chest radiography has not been validated for its prognostic utility in evaluating patients with coronavirus disease 2019 (COVID-19).\nTo analyze the prognostic value of a chest radiograph severity scoring system for younger (nonelderly) patients with COVID-19 at initial presentation to the emergency department (ED); outcomes of interest included hospitalization, intubation, prolonged stay, sepsis, and death.\nIn this retrospective study, patients between the ages of 21 and 50 years who presented to the ED of an urban multicenter health system from March 10 to March 26, 2020, with COVID-19 confirmation on real-time reverse transcriptase polymerase chain reaction were identified.\nEach patient's ED chest radiograph was divided into six zones and examined for opacities by two cardiothoracic radiologists, and scores were collated into a total concordant lung zone severity score.\nClinical and laboratory variables were collected.\nMultivariable logistic regression was used to evaluate the relationship between clinical parameters, chest radiograph scores, and patient outcomes.\nThe study included 338 patients: 210 men (62%), with median age of 39 years (interquartile range, 31-45 years).\nAfter adjustment for demographics and comorbidities, independent predictors of hospital admission (n = 145, 43%) were chest radiograph severity score of 2 or more (odds ratio, 6.2; 95% confidence interval [CI]: 3.5, 11; P < .001) and obesity (odds ratio, 2.4 [95% CI: 1.1, 5.4] or morbid obesity).\nAmong patients who were admitted, a chest radiograph score of 3 or more was an independent predictor of intubation (n = 28) (odds ratio, 4.7; 95% CI: 1.8, 13; P = .002) as was hospital site.\nNo significant difference was found in primary outcomes across race and ethnicity or those with a history of tobacco use, asthma, or diabetes mellitus type II.\nFor patients aged 21-50 years with coronavirus disease 2019 presenting to the emergency department, a chest radiograph severity score was predictive of risk for hospital admission and intubation.\nRSNA, 2020 Online supplemental material is available for this article.\n", "Evidence Map": {"Enrollment": [{"term": "younger ( nonelderly )", "negation": "affirmed", "UMLS": "", "start": 82, "end": 104}, {"term": "COVID-19", "negation": "affirmed", "UMLS": "", "start": 119, "end": 127}, {"term": "COVID-19 confirmation", "negation": "affirmed", "UMLS": "", "start": 177, "end": 198}, {"term": "admitted", "negation": "affirmed", "UMLS": "", "start": 24, "end": 32}, {"term": "race and ethnicity", "negation": "negated", "UMLS": "", "start": 63, "end": 81}, {"term": "history of", "negation": "negated", "UMLS": "", "start": 98, "end": 108}, {"term": "tobacco use , asthma , or diabetes mellitus", "negation": "negated", "UMLS": "", "start": 109, "end": 152}, {"term": "coronavirus disease", "negation": "affirmed", "UMLS": "", "start": 35, "end": 54}], "Comparison Results": [], "Study Arm 1 Results": [], "Study Arm 2 Results": []}, "Sentence-level breakdown": [{"Section": "TITLE", "Text": "Chest radiography has not been validated for its prognostic utility in evaluating patients with coronavirus disease 2019 ( COVID-19 ) .", "Evidence Elements": {"Participant": [], "Intervention": [], "Outcome": []}, "Evidence Propositions": []}, {"Section": "OBJECTIVE", "Text": "To analyze the prognostic value of a chest radiograph severity scoring system for younger ( nonelderly ) patients with COVID-19 at initial presentation to the emergency department ( ED ) ; outcomes of interest included hospitalization , intubation , prolonged stay , sepsis , and death .", "Evidence Elements": {"Participant": [{"term": "younger ( nonelderly )", "negation": "affirmed", "UMLS": "", "start": 82, "end": 104}, {"term": "COVID-19", "negation": "affirmed", "UMLS": "", "start": 119, "end": 127}], "Intervention": [{"term": "chest radiograph severity scoring system", "negation": "affirmed", "UMLS": "", "start": 37, "end": 77}], "Outcome": [{"term": "prognostic value", "negation": "affirmed", "UMLS": "", "start": 15, "end": 31}, {"term": "hospitalization", "negation": "affirmed", "UMLS": "", "start": 219, "end": 234}]}, "Evidence Propositions": []}, {"Section": "METHODS", "Text": "In this retrospective study , patients between the ages of 21 and 50 years who presented to the ED of an urban multicenter health system from March 10 to March 26 , 2020 , with COVID-19 confirmation on real-time reverse transcriptase polymerase chain reaction were identified .", "Evidence Elements": {"Participant": [{"term": "COVID-19 confirmation", "negation": "affirmed", "UMLS": "", "start": 177, "end": 198}], "Intervention": [], "Outcome": []}, "Evidence Propositions": []}, {"Section": "METHODS", "Text": "Each patient 's ED chest radiograph was divided into six zones and examined for opacities by two cardiothoracic radiologists , and scores were collated into a total concordant lung zone severity score .", "Evidence Elements": {"Participant": [], "Intervention": [], "Outcome": [{"term": "opacities", "negation": "affirmed", "UMLS": "", "start": 80, "end": 89}]}, "Evidence Propositions": []}, {"Section": "METHODS", "Text": "Clinical and laboratory variables were collected .", "Evidence Elements": {"Participant": [], "Intervention": [], "Outcome": []}, "Evidence Propositions": []}, {"Section": "METHODS", "Text": "Multivariable logistic regression was used to evaluate the relationship between clinical parameters , chest radiograph scores , and patient outcomes .", "Evidence Elements": {"Participant": [], "Intervention": [], "Outcome": [{"term": "between clinical parameters ,", "negation": "affirmed", "UMLS": "", "start": 72, "end": 101}, {"term": "chest radiograph scores", "negation": "affirmed", "UMLS": "", "start": 102, "end": 125}]}, "Evidence Propositions": []}, {"Section": "RESULTS", "Text": "The study included 338 patients : 210 men ( 62 % ) , with median age of 39 years ( interquartile range , 31-45 years ) .", "Evidence Elements": {"Participant": [], "Intervention": [], "Outcome": []}, "Evidence Propositions": []}, {"Section": "RESULTS", "Text": "After adjustment for demographics and comorbidities , independent predictors of hospital admission ( n = 145,43 % ) were chest radiograph severity score of 2 or more ( odds ratio , 6.2 ; 95 % confidence interval [ CI ] : 3.5 , 11 ; P < .001 ) and obesity ( odds ratio , 2.4 [ 95 % CI : 1.1 , 5.4 ] or morbid obesity ) .", "Evidence Elements": {"Participant": [], "Intervention": [], "Outcome": [{"term": "hospital admission", "negation": "affirmed", "UMLS": "", "start": 80, "end": 98}, {"term": "chest radiograph severity score of 2 or more", "negation": "affirmed", "UMLS": "", "start": 121, "end": 165}]}, "Evidence Propositions": []}, {"Section": "RESULTS", "Text": "Among patients who were admitted , a chest radiograph score of 3 or more was an independent predictor of intubation ( n = 28 ) ( odds ratio , 4.7 ; 95 % CI : 1.8 , 13 ; P = .002 ) as was hospital site .", "Evidence Elements": {"Participant": [{"term": "admitted", "negation": "affirmed", "UMLS": "", "start": 24, "end": 32}], "Intervention": [{"term": "chest radiograph score of 3 or more", "negation": "affirmed", "UMLS": "", "start": 37, "end": 72}], "Outcome": [{"term": "intubation", "negation": "affirmed", "UMLS": "", "start": 105, "end": 115}]}, "Evidence Propositions": [{"Intervention": "chest radiograph score of 3 or more", "Observation": "independent predictor", "Outcome": "intubation", "Count": ""}]}, {"Section": "RESULTS", "Text": "No significant difference was found in primary outcomes across race and ethnicity or those with a history of tobacco use , asthma , or diabetes mellitus type II .", "Evidence Elements": {"Participant": [{"term": "race and ethnicity", "negation": "negated", "UMLS": "", "start": 63, "end": 81}, {"term": "history of", "negation": "negated", "UMLS": "", "start": 98, "end": 108}, {"term": "tobacco use , asthma , or diabetes mellitus", "negation": "negated", "UMLS": "", "start": 109, "end": 152}], "Intervention": [], "Outcome": [{"term": "primary outcomes", "negation": "negated", "UMLS": "", "start": 39, "end": 55}]}, "Evidence Propositions": [{"Intervention": [], "Observation": "significant difference", "Outcome": "primary outcomes", "Count": ""}]}, {"Section": "RESULTS", "Text": "For patients aged 21-50 years with coronavirus disease 2019 presenting to the emergency department , a chest radiograph severity score was predictive of risk for hospital admission and intubation .", "Evidence Elements": {"Participant": [{"term": "coronavirus disease", "negation": "affirmed", "UMLS": "", "start": 35, "end": 54}], "Intervention": [], "Outcome": [{"term": "chest radiograph severity score", "negation": "affirmed", "UMLS": "", "start": 103, "end": 134}, {"term": "risk for hospital admission and", "negation": "affirmed", "UMLS": "", "start": 153, "end": 184}]}, "Evidence Propositions": []}, {"Section": "CONCLUSIONS", "Text": "RSNA , 2020 Online supplemental material is available for this article .", "Evidence Elements": {"Participant": [], "Intervention": [], "Outcome": []}, "Evidence Propositions": []}]}