{"doc_id": "32407411", "type of study": "Therapy", "title": "", "abstract": "The COVID-19 outbreak is posing an unprecedented challenge to healthcare workers.\nThis study analyzes the geo-temporal effects on disease severity for the 1,688 Chinese healthcare workers infected with COVID-19.\nUsing the descriptive results recently reported by the Chinese CDC, we compare the percentage of infected healthcare workers in severe conditions over time and across three areas in China, and the fatality rate of infected healthcare workers with all the infected individuals in China aged 22-59 years.\nAmong the infected Chinese healthcare workers whose symptoms onset appeared during the same ten-day period, the percentage of those in severe conditions decreased significantly from 19.7% (Jan 11-20) to 14.4% (Jan 21-31) to 8.7% (Feb 1-11).\nAcross the country, there was also a significant difference in the disease severity, with Wuhan being the most severe (17.3%), followed by Hubei Province (10.2%), and the rest of China (6.6%).\nThe case fatality rate for the 1,688 infected Chinese healthcare workers was significantly lower than that for the 29,798 infected patients aged 20-59 years:0.3% (5/1,688) vs. 0.65% (193/29,798), respectively.\nThe disease severity among infected healthcare workers improved considerably over a short period of time in China.\nThe more severe conditions in Wuhan compared to the rest of the country may be attributable to the draconian lockdown.\nThe clinical outcomes of infected Chinese healthcare workers may represent a more accurate estimation of the severity of COVID-19 for those who have access to quality healthcare.\n", "Evidence Map": {"Enrollment": [{"term": "healthcare workers", "negation": "affirmed", "UMLS": "", "start": 87, "end": 105}, {"term": "COVID-19", "negation": "affirmed", "UMLS": "", "start": 120, "end": 128}, {"term": "Chinese healthcare workers", "negation": "affirmed", "UMLS": "", "start": 19, "end": 45}, {"term": "infected healthcare workers", "negation": "affirmed", "UMLS": "", "start": 27, "end": 54}, {"term": "infected Chinese healthcare workers", "negation": "affirmed", "UMLS": "", "start": 25, "end": 60}], "Comparison Results": [], "Study Arm 1 Results": [], "Study Arm 2 Results": []}, "Sentence-level breakdown": [{"Section": "TITLE", "Text": "The COVID-19 outbreak is posing an unprecedented challenge to healthcare workers .", "Evidence Elements": {"Participant": [], "Intervention": [], "Outcome": []}, "Evidence Propositions": []}, {"Section": "OBJECTIVE", "Text": "This study analyzes the geo-temporal effects on disease severity for the 1,688 Chinese healthcare workers infected with COVID-19 .", "Evidence Elements": {"Participant": [{"term": "healthcare workers", "negation": "affirmed", "UMLS": "", "start": 87, "end": 105}, {"term": "COVID-19", "negation": "affirmed", "UMLS": "", "start": 120, "end": 128}], "Intervention": [{"term": "geo-temporal effects", "negation": "affirmed", "UMLS": "", "start": 24, "end": 44}], "Outcome": [{"term": "disease severity", "negation": "affirmed", "UMLS": "", "start": 48, "end": 64}]}, "Evidence Propositions": []}, {"Section": "METHODS", "Text": "Using the descriptive results recently reported by the Chinese CDC , we compare the percentage of infected healthcare workers in severe conditions over time and across three areas in China , and the fatality rate of infected healthcare workers with all the infected individuals in China aged 22-59 years .", "Evidence Elements": {"Participant": [], "Intervention": [{"term": "infected healthcare workers", "negation": "affirmed", "UMLS": "", "start": 98, "end": 125}], "Outcome": [{"term": "percentage of infected healthcare workers in severe conditions", "negation": "affirmed", "UMLS": "", "start": 84, "end": 146}, {"term": "fatality rate", "negation": "affirmed", "UMLS": "", "start": 199, "end": 212}]}, "Evidence Propositions": []}, {"Section": "RESULTS", "Text": "Among the infected Chinese healthcare workers whose symptoms onset appeared during the same ten-day period , the percentage of those in severe conditions decreased significantly from 19.7 % ( Jan 11-20 ) to 14.4 % ( Jan 21-31 ) to 8.7 % ( Feb 1-11 ) .", "Evidence Elements": {"Participant": [{"term": "Chinese healthcare workers", "negation": "affirmed", "UMLS": "", "start": 19, "end": 45}], "Intervention": [], "Outcome": [{"term": "percentage of those in severe conditions", "negation": "affirmed", "UMLS": "", "start": 113, "end": 153}]}, "Evidence Propositions": []}, {"Section": "RESULTS", "Text": "Across the country , there was also a significant difference in the disease severity , with Wuhan being the most severe ( 17.3 % ) , followed by Hubei Province ( 10.2 % ) , and the rest of China ( 6.6 % ) .", "Evidence Elements": {"Participant": [], "Intervention": [], "Outcome": [{"term": "disease severity", "negation": "affirmed", "UMLS": "", "start": 68, "end": 84}]}, "Evidence Propositions": [{"Intervention": [], "Observation": "significant difference", "Outcome": "disease severity", "Count": ""}, {"Intervention": [], "Observation": "most severe", "Outcome": "disease severity", "Count": ""}]}, {"Section": "RESULTS", "Text": "The case fatality rate for the 1,688 infected Chinese healthcare workers was significantly lower than that for the 29,798 infected patients aged 20-59 years : 0.3 % ( 5 / 1,688 ) vs . 0.65 % ( 193 / 29,798 ) , respectively .", "Evidence Elements": {"Participant": [], "Intervention": [{"term": "1,688 infected Chinese healthcare workers", "negation": "affirmed", "UMLS": "", "start": 31, "end": 72}], "Outcome": [{"term": "case fatality rate", "negation": "affirmed", "UMLS": "", "start": 4, "end": 22}]}, "Evidence Propositions": [{"Intervention": ["1,688 infected Chinese healthcare workers"], "Observation": "significantly lower", "Outcome": "case fatality rate", "Count": ""}, {"Intervention": "1,688 infected Chinese healthcare workers", "Observation": "0.3 %", "Outcome": "case fatality rate", "Count": ""}]}, {"Section": "RESULTS", "Text": "The disease severity among infected healthcare workers improved considerably over a short period of time in China .", "Evidence Elements": {"Participant": [{"term": "infected healthcare workers", "negation": "affirmed", "UMLS": "", "start": 27, "end": 54}], "Intervention": [], "Outcome": [{"term": "disease severity", "negation": "affirmed", "UMLS": "", "start": 4, "end": 20}]}, "Evidence Propositions": []}, {"Section": "CONCLUSIONS", "Text": "The more severe conditions in Wuhan compared to the rest of the country may be attributable to the draconian lockdown .", "Evidence Elements": {"Participant": [], "Intervention": [{"term": "Wuhan", "negation": "affirmed", "UMLS": "", "start": 30, "end": 35}, {"term": "rest", "negation": "affirmed", "UMLS": "", "start": 52, "end": 56}], "Outcome": [{"term": "severe conditions", "negation": "affirmed", "UMLS": "", "start": 9, "end": 26}]}, "Evidence Propositions": []}, {"Section": "CONCLUSIONS", "Text": "The clinical outcomes of infected Chinese healthcare workers may represent a more accurate estimation of the severity of COVID-19 for those who have access to quality healthcare .", "Evidence Elements": {"Participant": [{"term": "infected Chinese healthcare workers", "negation": "affirmed", "UMLS": "", "start": 25, "end": 60}], "Intervention": [], "Outcome": [{"term": "clinical outcomes", "negation": "affirmed", "UMLS": "", "start": 4, "end": 21}, {"term": "severity of COVID-19", "negation": "affirmed", "UMLS": "", "start": 109, "end": 129}]}, "Evidence Propositions": []}]}