{"doc_id": "32402515", "type of study": "Therapy", "title": "", "abstract": "Observational studies have reported an association between underlying cardiovascular diseases (CVD) and worse prognosis in COVID-19 patients, but this still remains unclear.\nWe conducted a meta-analysis of recent studies that reported the association of CVD with worse prognosis and increased mortality in COVID-19 patients.\nLiterature search through PubMed, the Cochrane Library, and Embase was completed by 2 reviewers from November 1, 2019 to April 20, 2020.\nInclusion criteria were observational case-control or cohort studies on COVID-19 patients with a history of CVD included, which reported outcomes of COVID-19 infection severity, clearly outlined the definition of \"severe disease\" and with sample size >10.\nData were abstracted independently by 2 authors.\nStudies were divided into 2 separate cohorts for analysis: severity (severe vs nonsevere) and mortality (nonsurvivors vs survivors).\nData was pooled into a meta-analysis to estimate pooled odds ratio (OR) with 95% confidence interval (95% CI) for each outcome.\nA total of 18 studies (n = 4858 patients) were included.\nSixteen studies were from China, while 2 were from the United States.\nPre-existing CVD was associated with a significantly increased risk of a severe form of COVID-19 (OR = 3.14; 95% CI 2.32-4.24; I2 = 0%; Q = 8.68, P= 0.73) and overall risk of COVID-19 all-cause mortality (OR = 11.08; 95% CI: 2.59-47.32; I2 = 55%; P = 0.11).\nHowever, this study did not find a significant association between previous history of CVD and mortality in severe COVID-19 disease (OR = 1.72; 95% CI: 0.97-3.06, I2 = 0%, P = 0.46).\nPre-existing CVD is associated with worse outcomes among patients with COVID-19.\nClinicians and policymakers need to take account of these findings in implementing risk stratification models.\n", "Evidence Map": {"Enrollment": [{"term": "CVD", "negation": "affirmed", "UMLS": "", "start": 108, "end": 111}, {"term": "severe COVID-19 disease", "negation": "negated", "UMLS": "", "start": 109, "end": 132}, {"term": "COVID-19", "negation": "affirmed", "UMLS": "", "start": 71, "end": 79}], "Comparison Results": [], "Study Arm 1 Results": [], "Study Arm 2 Results": []}, "Sentence-level breakdown": [{"Section": "TITLE", "Text": "Observational studies have reported an association between underlying cardiovascular diseases ( CVD ) and worse prognosis in COVID-19 patients , but this still remains unclear .", "Evidence Elements": {"Participant": [], "Intervention": [], "Outcome": []}, "Evidence Propositions": []}, {"Section": "METHODS", "Text": "Literature search through PubMed , the Cochrane Library , and Embase was completed by 2 reviewers from November 1 , 2019 to April 20 , 2020 .", "Evidence Elements": {"Participant": [], "Intervention": [], "Outcome": []}, "Evidence Propositions": []}, {"Section": "METHODS", "Text": "Inclusion criteria were observational case-control or cohort studies on COVID-19 patients with a history of CVD included , which reported outcomes of COVID-19 infection severity , clearly outlined the definition of \" severe disease \" and with sample size > 10 .", "Evidence Elements": {"Participant": [{"term": "CVD", "negation": "affirmed", "UMLS": "", "start": 108, "end": 111}], "Intervention": [], "Outcome": []}, "Evidence Propositions": []}, {"Section": "METHODS", "Text": "Data were abstracted independently by 2 authors .", "Evidence Elements": {"Participant": [], "Intervention": [], "Outcome": []}, "Evidence Propositions": []}, {"Section": "METHODS", "Text": "Studies were divided into 2 separate cohorts for analysis : severity ( severe vs nonsevere ) and mortality ( nonsurvivors vs survivors ) .", "Evidence Elements": {"Participant": [], "Intervention": [], "Outcome": [{"term": "severity", "negation": "affirmed", "UMLS": "", "start": 60, "end": 68}, {"term": "mortality", "negation": "affirmed", "UMLS": "", "start": 97, "end": 106}]}, "Evidence Propositions": []}, {"Section": "METHODS", "Text": "Data was pooled into a meta-analysis to estimate pooled odds ratio ( OR ) with 95 % confidence interval ( 95 % CI ) for each outcome .", "Evidence Elements": {"Participant": [], "Intervention": [], "Outcome": [{"term": "odds ratio ( OR )", "negation": "affirmed", "UMLS": "", "start": 56, "end": 73}]}, "Evidence Propositions": []}, {"Section": "RESULTS", "Text": "A total of 18 studies ( n = 4858 patients ) were included .", "Evidence Elements": {"Participant": [], "Intervention": [], "Outcome": []}, "Evidence Propositions": []}, {"Section": "RESULTS", "Text": "Sixteen studies were from China , while 2 were from the United States .", "Evidence Elements": {"Participant": [], "Intervention": [], "Outcome": []}, "Evidence Propositions": []}, {"Section": "RESULTS", "Text": "Pre-existing CVD was associated with a significantly increased risk of a severe form of COVID-19 ( OR = 3.14 ; 95 % CI 2.32-4.24 ; I2 = 0 % ; Q=8.68 , P=0.73 ) and overall risk of COVID-19 all-cause mortality ( OR = 11.08 ; 95 % CI : 2.59-47.32 ; I2 = 55 % ; P=0.11 ) .", "Evidence Elements": {"Participant": [], "Intervention": [{"term": "Pre-existing CVD", "negation": "affirmed", "UMLS": "", "start": 0, "end": 16}], "Outcome": [{"term": "risk of a severe form of COVID-19", "negation": "affirmed", "UMLS": "", "start": 63, "end": 96}, {"term": "overall risk of COVID-19 all-cause mortality", "negation": "affirmed", "UMLS": "", "start": 164, "end": 208}]}, "Evidence Propositions": []}, {"Section": "RESULTS", "Text": "However , this study did not find a significant association between previous history of CVD and mortality in severe COVID-19 disease ( OR = 1.72 ; 95 % CI : 0.97-3.06 , I2 = 0 % , P = 0.46 ) .", "Evidence Elements": {"Participant": [{"term": "severe COVID-19 disease", "negation": "negated", "UMLS": "", "start": 109, "end": 132}], "Intervention": [{"term": "previous history of CVD", "negation": "negated", "UMLS": "", "start": 68, "end": 91}], "Outcome": [{"term": "mortality", "negation": "negated", "UMLS": "", "start": 96, "end": 105}]}, "Evidence Propositions": [{"Intervention": "previous history of CVD", "Observation": "significant association", "Outcome": "mortality", "Count": ""}]}, {"Section": "CONCLUSIONS", "Text": "Pre-existing CVD is associated with worse outcomes among patients with COVID-19 .", "Evidence Elements": {"Participant": [{"term": "COVID-19", "negation": "affirmed", "UMLS": "", "start": 71, "end": 79}], "Intervention": [{"term": "Pre-existing CVD", "negation": "affirmed", "UMLS": "", "start": 0, "end": 16}], "Outcome": [{"term": "outcomes", "negation": "affirmed", "UMLS": "", "start": 42, "end": 50}]}, "Evidence Propositions": []}, {"Section": "CONCLUSIONS", "Text": "Clinicians and policymakers need to take account of these findings in implementing risk stratification models .", "Evidence Elements": {"Participant": [], "Intervention": [], "Outcome": []}, "Evidence Propositions": []}]}