{"doc_id": "32406952", "type of study": "Therapy", "title": "", "abstract": "The coronavirus disease 2019 (COVID-19) has evolved into a pandemic rapidly.\nMost of the literature show that the elevated liver enzymes in COVID-19 are of little clinical significance.\nLower albumin level is seen in severe COVID-19 and is not parallel to the changes in alanine aminotransferase and aspartate aminotransferase levels.\nWe aimed to explore the impact of hypoalbuminemia in COVID-19.\nThis retrospective cohort study included adult patients with confirmed COVID-19.\nThe relationship between hypoalbuminemia and death was studied using binary logistic analysis.\nA total of 299 adult patients were included, 160 (53.5%) were males and the average age was 53.4 +- 16.7 years.\nThe median time from the onset of illness to admission was 3 days (interquartile ranges, 2-5).\nApproximately one-third of the patients had comorbidities.\nHypoalbuminemia (<35 g/L) was found in 106 (35.5%) patients.\nThe difference in albumin was considerable between survivors and non-survivors (37.6 +- 6.2 vs 30.5 +- 4.0, P < .001).\nSerum albumin level was inversely correlated to white blood cell (r = -.149, P = .01) and neutrophil to lymphocyte ratio (r = -.298, P < .001).\nMultivariate analysis showed the presence of comorbidities (OR, 6.816; 95% CI, 1.361-34.133), lymphopenia (OR, 13.130; 95% CI, 1.632-105.658) and hypoalbuminemia (OR, 6.394; 95% CI, 1.315-31.092) were independent predictive factors for mortality.\nIn conclusion, hypoalbuminemia is associated with the outcome of COVID-19.\nThe potential therapeutic value of albumin infusion in COVID-19 should be further explored at the earliest.\n", "Evidence Map": {"Enrollment": [{"term": "severe COVID-19", "negation": "affirmed", "UMLS": "", "start": 31, "end": 46}, {"term": "COVID-19", "negation": "affirmed", "UMLS": "", "start": 53, "end": 61}, {"term": "adult", "negation": "affirmed", "UMLS": "", "start": 41, "end": 46}, {"term": "confirmed COVID-19", "negation": "affirmed", "UMLS": "", "start": 61, "end": 79}, {"term": "adult", "negation": "affirmed", "UMLS": "", "start": 15, "end": 20}, {"term": "males", "negation": "affirmed", "UMLS": "", "start": 66, "end": 71}, {"term": "comorbidities", "negation": "affirmed", "UMLS": "", "start": 44, "end": 57}, {"term": "presence of comorbidities", "negation": "affirmed", "UMLS": "", "start": 33, "end": 58}, {"term": "lymphopenia", "negation": "affirmed", "UMLS": "", "start": 101, "end": 112}], "Comparison Results": [], "Study Arm 1 Results": [], "Study Arm 2 Results": []}, "Sentence-level breakdown": [{"Section": "TITLE", "Text": "The coronavirus disease 2019 ( COVID-19 ) has evolved into a pandemic rapidly .", "Evidence Elements": {"Participant": [], "Intervention": [], "Outcome": []}, "Evidence Propositions": []}, {"Section": "OBJECTIVE", "Text": "We aimed to explore the impact of hypoalbuminemia in COVID-19 .", "Evidence Elements": {"Participant": [{"term": "COVID-19", "negation": "affirmed", "UMLS": "", "start": 53, "end": 61}], "Intervention": [{"term": "hypoalbuminemia", "negation": "affirmed", "UMLS": "", "start": 34, "end": 49}], "Outcome": []}, "Evidence Propositions": []}, {"Section": "METHODS", "Text": "This retrospective cohort study included adult patients with confirmed COVID-19 .", "Evidence Elements": {"Participant": [{"term": "adult", "negation": "affirmed", "UMLS": "", "start": 41, "end": 46}, {"term": "confirmed COVID-19", "negation": "affirmed", "UMLS": "", "start": 61, "end": 79}], "Intervention": [], "Outcome": []}, "Evidence Propositions": []}, {"Section": "METHODS", "Text": "The relationship between hypoalbuminemia and death was studied using binary logistic analysis .", "Evidence Elements": {"Participant": [], "Intervention": [], "Outcome": [{"term": "relationship between hypoalbuminemia and death", "negation": "affirmed", "UMLS": "", "start": 4, "end": 50}]}, "Evidence Propositions": []}, {"Section": "RESULTS", "Text": "A total of 299 adult patients were included , 160 ( 53.5 % ) were males and the average age was 53.4+-16.7 years .", "Evidence Elements": {"Participant": [{"term": "adult", "negation": "affirmed", "UMLS": "", "start": 15, "end": 20}, {"term": "males", "negation": "affirmed", "UMLS": "", "start": 66, "end": 71}], "Intervention": [], "Outcome": []}, "Evidence Propositions": []}, {"Section": "RESULTS", "Text": "The median time from the onset of illness to admission was 3 days ( interquartile ranges , 2-5 ) .", "Evidence Elements": {"Participant": [], "Intervention": [], "Outcome": [{"term": "median time from the onset of illness to admission", "negation": "affirmed", "UMLS": "", "start": 4, "end": 54}]}, "Evidence Propositions": []}, {"Section": "RESULTS", "Text": "Approximately one-third of the patients had comorbidities .", "Evidence Elements": {"Participant": [{"term": "comorbidities", "negation": "affirmed", "UMLS": "", "start": 44, "end": 57}], "Intervention": [], "Outcome": []}, "Evidence Propositions": []}, {"Section": "RESULTS", "Text": "Hypoalbuminemia ( < 35 g / L ) was found in 106 ( 35.5 % ) patients .", "Evidence Elements": {"Participant": [], "Intervention": [], "Outcome": [{"term": "Hypoalbuminemia", "negation": "affirmed", "UMLS": "", "start": 0, "end": 15}]}, "Evidence Propositions": []}, {"Section": "RESULTS", "Text": "The difference in albumin was considerable between survivors and non-survivors ( 37.6+-6.2 vs 30.5+-4.0 , P < .001 ) .", "Evidence Elements": {"Participant": [], "Intervention": [{"term": "survivors", "negation": "affirmed", "UMLS": "", "start": 51, "end": 60}, {"term": "non-survivors", "negation": "affirmed", "UMLS": "", "start": 65, "end": 78}], "Outcome": [{"term": "difference in albumin", "negation": "affirmed", "UMLS": "", "start": 4, "end": 25}]}, "Evidence Propositions": [{"Intervention": "survivors", "Observation": "considerable", "Outcome": "difference in albumin", "Count": ""}, {"Intervention": "non-survivors", "Observation": "considerable", "Outcome": "difference in albumin", "Count": ""}, {"Intervention": "survivors", "Observation": "37.6+-6.2", "Outcome": "difference in albumin", "Count": ""}, {"Intervention": "non-survivors", "Observation": "30.5+-4.0", "Outcome": "difference in albumin", "Count": ""}]}, {"Section": "RESULTS", "Text": "Serum albumin level was inversely correlated to white blood cell ( r = -.149 , P = .01 ) and neutrophil to lymphocyte ratio ( r = -.298 , P < .001 ) .", "Evidence Elements": {"Participant": [], "Intervention": [], "Outcome": [{"term": "Serum albumin level", "negation": "affirmed", "UMLS": "", "start": 0, "end": 19}, {"term": "white blood cell", "negation": "affirmed", "UMLS": "", "start": 48, "end": 64}, {"term": "neutrophil to lymphocyte ratio", "negation": "affirmed", "UMLS": "", "start": 93, "end": 123}]}, "Evidence Propositions": []}, {"Section": "RESULTS", "Text": "Multivariate analysis showed the presence of comorbidities ( OR , 6.816 ; 95 % CI , 1.361-34.133 ) , lymphopenia ( OR , 13.130 ; 95 % CI , 1.632-105.658 ) and hypoalbuminemia ( OR , 6.394 ; 95 % CI , 1.315-31.092 ) were independent predictive factors for mortality .", "Evidence Elements": {"Participant": [{"term": "presence of comorbidities", "negation": "affirmed", "UMLS": "", "start": 33, "end": 58}, {"term": "lymphopenia", "negation": "affirmed", "UMLS": "", "start": 101, "end": 112}], "Intervention": [], "Outcome": []}, "Evidence Propositions": []}, {"Section": "CONCLUSIONS", "Text": "In conclusion , hypoalbuminemia is associated with the outcome of COVID-19 .", "Evidence Elements": {"Participant": [], "Intervention": [{"term": "hypoalbuminemia", "negation": "affirmed", "UMLS": "", "start": 16, "end": 31}], "Outcome": [{"term": "outcome", "negation": "affirmed", "UMLS": "", "start": 55, "end": 62}]}, "Evidence Propositions": [{"Intervention": "hypoalbuminemia", "Observation": "associated", "Outcome": "outcome", "Count": ""}]}, {"Section": "CONCLUSIONS", "Text": "The potential therapeutic value of albumin infusion in COVID-19 should be further explored at the earliest .", "Evidence Elements": {"Participant": [], "Intervention": [], "Outcome": []}, "Evidence Propositions": []}]}