{"doc_id": "32402056", "type of study": "Therapy", "title": "", "abstract": "Importance: Recipients of heart transplant (HT) may be at increased risk of adverse outcomes attributable to infection with coronavirus disease 2019 (COVID-19) because of multiple comorbidities and clinically significant immunosuppression.\nObjective: To describe the characteristics, treatment, and outcomes of recipients of HT with COVID-19.\nDesign, Setting, and Participants: This case series from a single large academic heart transplant program in New York, New York, incorporates data from between March 1, 2020, and April 24, 2020.\nAll recipients of HT followed up by this center who were infected with COVID-19 were included.\nInterventions: Heart transplant and a confirmed diagnosis of COVID-19.\nMain Outcomes and Measures: The primary measure was vital status at end of study follow-up.\nSecondary measures included patient characteristics, laboratory analyses, changes to immunosuppression, and treatment administered for COVID-19.\nResults: Twenty-eight patients with HT received a confirmed diagnosis of COVID-19.\nThe median age was 64.0 (interquartile range [IQR], 53.5-70.5) years, 22 (79%) were men, and the median time from HT was 8.6 (IQR, 4.2-14.5) years.\nComorbid conditions included hypertension in 20 patients (71%), diabetes in 17 patients (61%), and cardiac allograft vasculopathy in 16 patients (57%).\nTwenty-two participants (79%) were admitted for treatment, and 7 (25%) required mechanical ventilation.\nMost (13 of 17 [76%]) had evidence of myocardial injury (median high-sensitivity troponin T, 0.055 [IQR, 0.0205-0.1345] ng/mL) and elevated inflammatory biomarkers (median peak high-sensitivity C-reactive protein, 11.83 [IQR, 7.44-19.26] mg/dL; median peak interleukin 6, 105 [IQR, 38-296] pg/mL).\nAmong patients managed at the study institution, mycophenolate mofetil was discontinued in 16 patients (70%), and 6 (26%) had a reduction in the dose of their calcineurin inhibitor.\nTreatment of COVID-19 included hydroxychloroquine (18 patients [78%]), high-dose corticosteroids (8 patients [47%]), and interleukin 6 receptor antagonists (6 patients [26%]).\nOverall, 7 patients (25%) died.\nAmong 22 patients (79%) who were admitted, 11 (50%) were discharged home, 4 (18%) remain hospitalized at the end of the study, and 7 (32%) died during hospitalization.\nConclusions and Relevance: In this single-center case series, COVID-19 infection was associated with a case fatality rate of 25% in recipients of HT.\nImmunosuppression was reduced in most of this group of patients.\nFurther study is required to evaluate the optimal approach to management of COVID-19 infection in the HT population.\n", "Evidence Map": {"Enrollment": [{"term": "recipients of", "negation": "affirmed", "UMLS": "", "start": 74, "end": 87}, {"term": "recipients of HT", "negation": "affirmed", "UMLS": "", "start": 4, "end": 20}, {"term": "COVID-19", "negation": "affirmed", "UMLS": "", "start": 71, "end": 79}, {"term": "Heart transplant", "negation": "affirmed", "UMLS": "", "start": 16, "end": 32}, {"term": "confirmed diagnosis of", "negation": "affirmed", "UMLS": "", "start": 39, "end": 61}, {"term": "HT", "negation": "affirmed", "UMLS": "", "start": 37, "end": 39}, {"term": "Comorbid conditions", "negation": "affirmed", "UMLS": "", "start": 0, "end": 19}, {"term": "hypertension", "negation": "affirmed", "UMLS": "", "start": 29, "end": 41}, {"term": "diabetes", "negation": "affirmed", "UMLS": "", "start": 68, "end": 76}, {"term": "admitted for treatment", "negation": "affirmed", "UMLS": "", "start": 38, "end": 60}, {"term": "COVID-19", "negation": "affirmed", "UMLS": "", "start": 13, "end": 21}, {"term": "admitted", "negation": "affirmed", "UMLS": "", "start": 36, "end": 44}, {"term": "hospitalized", "negation": "affirmed", "UMLS": "", "start": 100, "end": 112}], "Comparison Results": [], "Study Arm 1 Results": [], "Study Arm 2 Results": []}, "Sentence-level breakdown": [{"Section": "TITLE", "Text": "Importance : Recipients of heart transplant ( HT ) may be at increased risk of adverse outcomes attributable to infection with coronavirus disease 2019 ( COVID-19 ) because of multiple comorbidities and clinically significant immunosuppression .", "Evidence Elements": {"Participant": [], "Intervention": [], "Outcome": []}, "Evidence Propositions": []}, {"Section": "OBJECTIVE", "Text": "Objective : To describe the characteristics , treatment , and outcomes of recipients of HT with COVID-19 .", "Evidence Elements": {"Participant": [{"term": "recipients of", "negation": "affirmed", "UMLS": "", "start": 74, "end": 87}], "Intervention": [], "Outcome": [{"term": "characteristics", "negation": "affirmed", "UMLS": "", "start": 28, "end": 43}, {"term": "treatment", "negation": "affirmed", "UMLS": "", "start": 46, "end": 55}, {"term": "outcomes", "negation": "affirmed", "UMLS": "", "start": 62, "end": 70}]}, "Evidence Propositions": []}, {"Section": "METHODS", "Text": "Design , Setting , and Participants : This case series from a single large academic heart transplant program in New York , New York , incorporates data from between March 1 , 2020 , and April 24 , 2020 .", "Evidence Elements": {"Participant": [], "Intervention": [], "Outcome": []}, "Evidence Propositions": []}, {"Section": "METHODS", "Text": "All recipients of HT followed up by this center who were infected with COVID-19 were included .", "Evidence Elements": {"Participant": [{"term": "recipients of HT", "negation": "affirmed", "UMLS": "", "start": 4, "end": 20}, {"term": "COVID-19", "negation": "affirmed", "UMLS": "", "start": 71, "end": 79}], "Intervention": [], "Outcome": []}, "Evidence Propositions": []}, {"Section": "METHODS", "Text": "Interventions : Heart transplant and a confirmed diagnosis of COVID-19 .", "Evidence Elements": {"Participant": [{"term": "Heart transplant", "negation": "affirmed", "UMLS": "", "start": 16, "end": 32}, {"term": "confirmed diagnosis of", "negation": "affirmed", "UMLS": "", "start": 39, "end": 61}], "Intervention": [], "Outcome": []}, "Evidence Propositions": []}, {"Section": "METHODS", "Text": "Main Outcomes and Measures : The primary measure was vital status at end of study follow-up .", "Evidence Elements": {"Participant": [], "Intervention": [], "Outcome": [{"term": "vital status", "negation": "affirmed", "UMLS": "", "start": 53, "end": 65}]}, "Evidence Propositions": []}, {"Section": "METHODS", "Text": "Secondary measures included patient characteristics , laboratory analyses , changes to immunosuppression , and treatment administered for COVID-19 .", "Evidence Elements": {"Participant": [], "Intervention": [], "Outcome": [{"term": "patient characteristics", "negation": "affirmed", "UMLS": "", "start": 28, "end": 51}, {"term": "laboratory analyses", "negation": "affirmed", "UMLS": "", "start": 54, "end": 73}, {"term": "changes to immunosuppression", "negation": "affirmed", "UMLS": "", "start": 76, "end": 104}, {"term": "treatment", "negation": "affirmed", "UMLS": "", "start": 111, "end": 120}]}, "Evidence Propositions": []}, {"Section": "RESULTS", "Text": "Results : Twenty-eight patients with HT received a confirmed diagnosis of COVID-19 .", "Evidence Elements": {"Participant": [{"term": "HT", "negation": "affirmed", "UMLS": "", "start": 37, "end": 39}], "Intervention": [], "Outcome": []}, "Evidence Propositions": []}, {"Section": "RESULTS", "Text": "The median age was 64.0 ( interquartile range [ IQR ] , 53.5-70.5 ) years , 22 ( 79 % ) were men , and the median time from HT was 8.6 ( IQR , 4.2-14.5 ) years .", "Evidence Elements": {"Participant": [], "Intervention": [], "Outcome": []}, "Evidence Propositions": []}, {"Section": "RESULTS", "Text": "Comorbid conditions included hypertension in 20 patients ( 71 % ) , diabetes in 17 patients ( 61 % ) , and cardiac allograft vasculopathy in 16 patients ( 57 % ) .", "Evidence Elements": {"Participant": [{"term": "Comorbid conditions", "negation": "affirmed", "UMLS": "", "start": 0, "end": 19}, {"term": "hypertension", "negation": "affirmed", "UMLS": "", "start": 29, "end": 41}, {"term": "diabetes", "negation": "affirmed", "UMLS": "", "start": 68, "end": 76}], "Intervention": [], "Outcome": []}, "Evidence Propositions": []}, {"Section": "RESULTS", "Text": "Twenty-two participants ( 79 % ) were admitted for treatment , and 7 ( 25 % ) required mechanical ventilation .", "Evidence Elements": {"Participant": [{"term": "admitted for treatment", "negation": "affirmed", "UMLS": "", "start": 38, "end": 60}], "Intervention": [], "Outcome": []}, "Evidence Propositions": []}, {"Section": "RESULTS", "Text": "Most ( 13 of 17 [ 76 % ] ) had evidence of myocardial injury ( median high-sensitivity troponin T , 0.055 [ IQR , 0.0205-0.1345 ] ng / mL ) and elevated inflammatory biomarkers ( median peak high-sensitivity C-reactive protein , 11.83 [ IQR , 7.44-19.26 ] mg / dL ; median peak interleukin 6,105 [ IQR , 38-296 ] pg / mL ) .", "Evidence Elements": {"Participant": [], "Intervention": [], "Outcome": [{"term": "myocardial injury", "negation": "affirmed", "UMLS": "", "start": 43, "end": 60}, {"term": "median high-sensitivity troponin T", "negation": "affirmed", "UMLS": "", "start": 63, "end": 97}, {"term": "inflammatory biomarkers", "negation": "affirmed", "UMLS": "", "start": 153, "end": 176}, {"term": "median peak high-sensitivity C-reactive protein", "negation": "affirmed", "UMLS": "", "start": 179, "end": 226}]}, "Evidence Propositions": [{"Intervention": [], "Observation": "", "Count": "Most ( 13 of 17 [ 76 % ] )", "Outcome": "myocardial injury"}]}, {"Section": "RESULTS", "Text": "Among patients managed at the study institution , mycophenolate mofetil was discontinued in 16 patients ( 70 % ) , and 6 ( 26 % ) had a reduction in the dose of their calcineurin inhibitor .", "Evidence Elements": {"Participant": [], "Intervention": [{"term": "mycophenolate mofetil", "negation": "affirmed", "UMLS": "", "start": 50, "end": 71}], "Outcome": []}, "Evidence Propositions": []}, {"Section": "RESULTS", "Text": "Treatment of COVID-19 included hydroxychloroquine ( 18 patients [ 78 % ] ) , high-dose corticosteroids ( 8 patients [ 47 % ] ) , and interleukin 6 receptor antagonists ( 6 patients [ 26 % ] ) .", "Evidence Elements": {"Participant": [{"term": "COVID-19", "negation": "affirmed", "UMLS": "", "start": 13, "end": 21}], "Intervention": [{"term": "hydroxychloroquine", "negation": "affirmed", "UMLS": "", "start": 31, "end": 49}, {"term": "high-dose corticosteroids", "negation": "affirmed", "UMLS": "", "start": 77, "end": 102}], "Outcome": []}, "Evidence Propositions": []}, {"Section": "RESULTS", "Text": "Overall , 7 patients ( 25 % ) died .", "Evidence Elements": {"Participant": [], "Intervention": [], "Outcome": []}, "Evidence Propositions": []}, {"Section": "RESULTS", "Text": "Among 22 patients ( 79 % ) who were admitted , 11 ( 50 % ) were discharged home , 4 ( 18 % ) remain hospitalized at the end of the study , and 7 ( 32 % ) died during hospitalization .", "Evidence Elements": {"Participant": [{"term": "admitted", "negation": "affirmed", "UMLS": "", "start": 36, "end": 44}, {"term": "hospitalized", "negation": "affirmed", "UMLS": "", "start": 100, "end": 112}], "Intervention": [], "Outcome": [{"term": "discharged home", "negation": "affirmed", "UMLS": "", "start": 64, "end": 79}]}, "Evidence Propositions": []}, {"Section": "RESULTS", "Text": "Conclusions and Relevance : In this single-center case series , COVID-19 infection was associated with a case fatality rate of 25 % in recipients of HT .", "Evidence Elements": {"Participant": [], "Intervention": [{"term": "COVID-19 infection", "negation": "affirmed", "UMLS": "", "start": 64, "end": 82}], "Outcome": [{"term": "case fatality rate", "negation": "affirmed", "UMLS": "", "start": 105, "end": 123}]}, "Evidence Propositions": [{"Intervention": "COVID-19 infection", "Observation": "25 %", "Outcome": "case fatality rate", "Count": ""}]}, {"Section": "RESULTS", "Text": "Immunosuppression was reduced in most of this group of patients .", "Evidence Elements": {"Participant": [], "Intervention": [{"term": "this group", "negation": "affirmed", "UMLS": "", "start": 41, "end": 51}], "Outcome": [{"term": "Immunosuppression", "negation": "affirmed", "UMLS": "", "start": 0, "end": 17}]}, "Evidence Propositions": [{"Intervention": "this group", "Observation": "reduced", "Outcome": "Immunosuppression", "Count": ""}, {"Intervention": ["this group"], "Observation": "", "Count": "most", "Outcome": "Immunosuppression"}]}, {"Section": "CONCLUSIONS", "Text": "Further study is required to evaluate the optimal approach to management of COVID-19 infection in the HT population .", "Evidence Elements": {"Participant": [], "Intervention": [], "Outcome": []}, "Evidence Propositions": []}]}