{"doc_id": "32411652", "type of study": "Therapy", "title": "", "abstract": "Objective: The recent outbreak of Novel Coronavirus Disease (COVID-19) is reminiscent of the SARS outbreak in 2003.\nWe aim to compare the severity and mortality between male and female patients with COVID-19 or SARS.\nStudy Design and Setting: We extracted the data from: (1) a case series of 43 hospitalized patients we treated, (2) a public data set of the first 37 cases of patients who died of COVID-19 and 1,019 patients who survived in China, and (3) data of 524 patients with SARS, including 139 deaths, from Beijing in early 2003.\nResults: Older age and a high number of comorbidities were associated with higher severity and mortality in patients with both COVID-19 and SARS.\nAge was comparable between men and women in all data sets.\nIn the case series, however, men's cases tended to be more serious than women's (P = 0.035).\nIn the public data set, the number of men who died from COVID-19 is 2.4 times that of women (70.3 vs. 29.7%, P = 0.016).\nIn SARS patients, the gender role in mortality was also observed.\nThe percentage of males were higher in the deceased group than in the survived group (P = 0.015).\nConclusion: While men and women have the same prevalence, men with COVID-19 are more at risk for worse outcomes and death, independent of age.\n", "Evidence Map": {"Enrollment": [{"term": "COVID-19", "negation": "affirmed", "UMLS": "", "start": 83, "end": 91}, {"term": "SARS", "negation": "affirmed", "UMLS": "", "start": 95, "end": 99}, {"term": "hospitalized", "negation": "affirmed", "UMLS": "", "start": 82, "end": 94}, {"term": "died of COVID-19", "negation": "affirmed", "UMLS": "", "start": 179, "end": 195}, {"term": "survived in China", "negation": "affirmed", "UMLS": "", "start": 219, "end": 236}, {"term": "COVID-19", "negation": "affirmed", "UMLS": "", "start": 128, "end": 136}, {"term": "SARS", "negation": "affirmed", "UMLS": "", "start": 3, "end": 7}], "Comparison Results": [], "Study Arm 1 Results": [], "Study Arm 2 Results": []}, "Sentence-level breakdown": [{"Section": "TITLE", "Text": "Objective : The recent outbreak of Novel Coronavirus Disease ( COVID-19 ) is reminiscent of the SARS outbreak in 2003 .", "Evidence Elements": {"Participant": [], "Intervention": [], "Outcome": []}, "Evidence Propositions": []}, {"Section": "OBJECTIVE", "Text": "We aim to compare the severity and mortality between male and female patients with COVID-19 or SARS .", "Evidence Elements": {"Participant": [{"term": "COVID-19", "negation": "affirmed", "UMLS": "", "start": 83, "end": 91}, {"term": "SARS", "negation": "affirmed", "UMLS": "", "start": 95, "end": 99}], "Intervention": [{"term": "male and", "negation": "affirmed", "UMLS": "", "start": 53, "end": 61}, {"term": "female", "negation": "affirmed", "UMLS": "", "start": 62, "end": 68}], "Outcome": [{"term": "severity and mortality", "negation": "affirmed", "UMLS": "", "start": 22, "end": 44}]}, "Evidence Propositions": []}, {"Section": "METHODS", "Text": "Study Design and Setting : We extracted the data from : ( 1 ) a case series of 43 hospitalized patients we treated , ( 2 ) a public data set of the first 37 cases of patients who died of COVID-19 and 1,019 patients who survived in China , and ( 3 ) data of 524 patients with SARS , including 139 deaths , from Beijing in early 2003 .", "Evidence Elements": {"Participant": [{"term": "hospitalized", "negation": "affirmed", "UMLS": "", "start": 82, "end": 94}, {"term": "died of COVID-19", "negation": "affirmed", "UMLS": "", "start": 179, "end": 195}, {"term": "survived in China", "negation": "affirmed", "UMLS": "", "start": 219, "end": 236}], "Intervention": [], "Outcome": []}, "Evidence Propositions": []}, {"Section": "RESULTS", "Text": "Results : Older age and a high number of comorbidities were associated with higher severity and mortality in patients with both COVID-19 and SARS .", "Evidence Elements": {"Participant": [{"term": "COVID-19", "negation": "affirmed", "UMLS": "", "start": 128, "end": 136}], "Intervention": [{"term": "Older age", "negation": "affirmed", "UMLS": "", "start": 10, "end": 19}], "Outcome": [{"term": "severity and mortality", "negation": "affirmed", "UMLS": "", "start": 83, "end": 105}]}, "Evidence Propositions": [{"Intervention": [], "Observation": "higher", "Outcome": "", "Count": ""}]}, {"Section": "RESULTS", "Text": "Age was comparable between men and women in all data sets .", "Evidence Elements": {"Participant": [], "Intervention": [{"term": "men", "negation": "affirmed", "UMLS": "", "start": 27, "end": 30}, {"term": "women", "negation": "affirmed", "UMLS": "", "start": 35, "end": 40}], "Outcome": []}, "Evidence Propositions": []}, {"Section": "RESULTS", "Text": "In the case series , however , men 's cases tended to be more serious than women 's ( P = 0.035 ) .", "Evidence Elements": {"Participant": [], "Intervention": [{"term": "men 's", "negation": "affirmed", "UMLS": "", "start": 31, "end": 37}, {"term": "women", "negation": "affirmed", "UMLS": "", "start": 75, "end": 80}], "Outcome": []}, "Evidence Propositions": [{"Intervention": ["men 's", "women"], "Observation": "more serious", "Outcome": "", "Count": ""}]}, {"Section": "RESULTS", "Text": "In the public data set , the number of men who died from COVID-19 is 2.4 times that of women ( 70.3 vs . 29.7 % , P = 0.016 ) .", "Evidence Elements": {"Participant": [], "Intervention": [{"term": "women", "negation": "affirmed", "UMLS": "", "start": 87, "end": 92}], "Outcome": [{"term": "number of men who died from COVID-19", "negation": "affirmed", "UMLS": "", "start": 29, "end": 65}]}, "Evidence Propositions": [{"Intervention": "women", "Observation": "2.4 times", "Outcome": "number of men who died from COVID-19", "Count": ""}, {"Intervention": "women", "Observation": "29.7", "Outcome": "number of men who died from COVID-19", "Count": ""}]}, {"Section": "RESULTS", "Text": "In SARS patients , the gender role in mortality was also observed .", "Evidence Elements": {"Participant": [{"term": "SARS", "negation": "affirmed", "UMLS": "", "start": 3, "end": 7}], "Intervention": [], "Outcome": [{"term": "mortality", "negation": "affirmed", "UMLS": "", "start": 38, "end": 47}]}, "Evidence Propositions": []}, {"Section": "RESULTS", "Text": "The percentage of males were higher in the deceased group than in the survived group ( P = 0.015 ) .", "Evidence Elements": {"Participant": [], "Intervention": [{"term": "deceased", "negation": "affirmed", "UMLS": "", "start": 43, "end": 51}, {"term": "survived", "negation": "affirmed", "UMLS": "", "start": 70, "end": 78}], "Outcome": [{"term": "percentage of males", "negation": "affirmed", "UMLS": "", "start": 4, "end": 23}]}, "Evidence Propositions": [{"Intervention": ["deceased", "survived"], "Observation": "higher", "Outcome": "percentage of males", "Count": ""}]}, {"Section": "CONCLUSIONS", "Text": "Conclusion : While men and women have the same prevalence , men with COVID-19 are more at risk for worse outcomes and death , independent of age .", "Evidence Elements": {"Participant": [], "Intervention": [{"term": "men", "negation": "affirmed", "UMLS": "", "start": 19, "end": 22}, {"term": "women", "negation": "affirmed", "UMLS": "", "start": 27, "end": 32}, {"term": "men with COVID-19", "negation": "affirmed", "UMLS": "", "start": 60, "end": 77}], "Outcome": [{"term": "prevalence", "negation": "affirmed", "UMLS": "", "start": 47, "end": 57}, {"term": "worse outcomes", "negation": "affirmed", "UMLS": "", "start": 99, "end": 113}, {"term": "death", "negation": "affirmed", "UMLS": "", "start": 118, "end": 123}]}, "Evidence Propositions": [{"Intervention": [], "Observation": "same", "Outcome": "", "Count": ""}, {"Intervention": ["men", "women", "men with COVID-19"], "Observation": "more", "Outcome": "worse outcomes", "Count": ""}, {"Intervention": ["men", "women", "men with COVID-19"], "Observation": "more", "Outcome": "death", "Count": ""}, {"Intervention": "men", "Observation": "risk", "Outcome": "worse outcomes", "Count": ""}, {"Intervention": "men", "Observation": "risk", "Outcome": "death", "Count": ""}, {"Intervention": "men with COVID-19", "Observation": "risk", "Outcome": "worse outcomes", "Count": ""}, {"Intervention": "men with COVID-19", "Observation": "risk", "Outcome": "death", "Count": ""}]}]}