{"doc_id": "32411943", "type of study": "Therapy", "title": "", "abstract": "Little is known about the relationship between the COVID-19 and tuberculosis (TB).\nThe aim of this study is to describe a group of patients who died with TB (active disease or sequelae) and COVID-19 in two cohorts.\nData from 49 consecutive cases in 8 countries (cohort A) and 20 hospitalised patients with TB and COVID-19 (cohort B) were analysed and patients who died were described.\nDemographic and clinical variables were retrospectively collected, including co-morbidities and risk factors for TB and COVID-19 mortality.\nOverall, 8 out of 69 (11.6%) patients died, 7 from cohort A (14.3%) and one from cohort B (5%).\nOut of 69 patients 43 were migrants, 26/49 (53.1%) in cohort A and 17/20 (85.0%) in cohort B. Migrants: (1) were younger than natives; in cohort A the median (IQR) age was 40 (27-49) VS.\n66 (46-70) years, whereas in cohort B 37 (27-46) VS.\n48 (47-60) years; (2) had a lower mortality rate than natives (1/43, 2.3% versus 7/26, 26.9%; p-value: 0.002); (3) had fewer co-morbidities than natives (23/43, 53.5% versus 5/26-19.2%) natives; p-value: 0.005).\nThe study findings show that: (1) mortality is likely to occur in elderly patients with co-morbidities; (2) TB might not be a major determinant of mortality and (3) migrants had lower mortality, probably because of their younger age and lower number of co-morbidities.\nHowever, in settings where advanced forms of TB frequently occur and are caused by drug-resistant strains of M. tuberculosis, higher mortality rates can be expected in young individuals.\n", "Evidence Map": {"Enrollment": [{"term": "TB ( active disease or sequelae )", "negation": "affirmed", "UMLS": "", "start": 71, "end": 104}, {"term": "COVID-19", "negation": "affirmed", "UMLS": "", "start": 109, "end": 117}, {"term": "hospitalised patients", "negation": "affirmed", "UMLS": "", "start": 66, "end": 87}, {"term": "TB and COVID-19", "negation": "affirmed", "UMLS": "", "start": 93, "end": 108}, {"term": "migrants", "negation": "affirmed", "UMLS": "", "start": 27, "end": 35}, {"term": "Migrants", "negation": "affirmed", "UMLS": "", "start": 106, "end": 114}, {"term": "younger", "negation": "affirmed", "UMLS": "", "start": 128, "end": 135}, {"term": "natives", "negation": "affirmed", "UMLS": "", "start": 141, "end": 148}, {"term": "elderly patients", "negation": "negated", "UMLS": "", "start": 69, "end": 85}, {"term": "co-morbidities", "negation": "negated", "UMLS": "", "start": 91, "end": 105}, {"term": "TB", "negation": "negated", "UMLS": "", "start": 114, "end": 116}, {"term": "migrants", "negation": "affirmed", "UMLS": "", "start": 173, "end": 181}], "Comparison Results": [], "Study Arm 1 Results": [], "Study Arm 2 Results": []}, "Sentence-level breakdown": [{"Section": "TITLE", "Text": "Little is known about the relationship between the COVID-19 and tuberculosis ( TB ) .", "Evidence Elements": {"Participant": [], "Intervention": [], "Outcome": []}, "Evidence Propositions": []}, {"Section": "OBJECTIVE", "Text": "The aim of this study is to describe a group of patients who died with TB ( active disease or sequelae ) and COVID-19 in two cohorts .", "Evidence Elements": {"Participant": [{"term": "TB ( active disease or sequelae )", "negation": "affirmed", "UMLS": "", "start": 71, "end": 104}, {"term": "COVID-19", "negation": "affirmed", "UMLS": "", "start": 109, "end": 117}], "Intervention": [], "Outcome": [{"term": "died", "negation": "affirmed", "UMLS": "", "start": 61, "end": 65}]}, "Evidence Propositions": []}, {"Section": "METHODS", "Text": "Data from 49 consecutive cases in 8 countries ( cohort A ) and 20 hospitalised patients with TB and COVID-19 ( cohort B ) were analysed and patients who died were described .", "Evidence Elements": {"Participant": [{"term": "hospitalised patients", "negation": "affirmed", "UMLS": "", "start": 66, "end": 87}, {"term": "TB and COVID-19", "negation": "affirmed", "UMLS": "", "start": 93, "end": 108}], "Intervention": [], "Outcome": []}, "Evidence Propositions": []}, {"Section": "METHODS", "Text": "Demographic and clinical variables were retrospectively collected , including co-morbidities and risk factors for TB and COVID-19 mortality .", "Evidence Elements": {"Participant": [], "Intervention": [], "Outcome": []}, "Evidence Propositions": []}, {"Section": "RESULTS", "Text": "Overall , 8 out of 69 ( 11.6 % ) patients died , 7 from cohort A ( 14.3 % ) and one from cohort B ( 5 % ) .", "Evidence Elements": {"Participant": [], "Intervention": [{"term": "cohort A", "negation": "affirmed", "UMLS": "", "start": 56, "end": 64}], "Outcome": [{"term": "died", "negation": "affirmed", "UMLS": "", "start": 42, "end": 46}]}, "Evidence Propositions": []}, {"Section": "RESULTS", "Text": "Out of 69 patients 43 were migrants , 26 / 49 ( 53.1 % ) in cohort A and 17 / 20 ( 85.0 % ) in cohort B . Migrants : ( 1 ) were younger than natives ; in cohort A the median ( IQR ) age was 40 ( 27-49 ) VS .", "Evidence Elements": {"Participant": [{"term": "migrants", "negation": "affirmed", "UMLS": "", "start": 27, "end": 35}, {"term": "Migrants", "negation": "affirmed", "UMLS": "", "start": 106, "end": 114}, {"term": "younger", "negation": "affirmed", "UMLS": "", "start": 128, "end": 135}, {"term": "natives", "negation": "affirmed", "UMLS": "", "start": 141, "end": 148}], "Intervention": [], "Outcome": []}, "Evidence Propositions": []}, {"Section": "RESULTS", "Text": "66 ( 46-70 ) years , whereas in cohort B 37 ( 27-46 ) VS .", "Evidence Elements": {"Participant": [], "Intervention": [{"term": "cohort B", "negation": "affirmed", "UMLS": "", "start": 32, "end": 40}], "Outcome": []}, "Evidence Propositions": []}, {"Section": "RESULTS", "Text": "48 ( 47-60 ) years ; ( 2 ) had a lower mortality rate than natives ( 1 / 43 , 2.3 % versus 7 / 26 , 26.9 % ; p-value : 0.002 ) ; ( 3 ) had fewer co-morbidities than natives ( 23 / 43 , 53.5 % versus 5 / 26-19.2 % ) natives ; p-value : 0.005 ) .", "Evidence Elements": {"Participant": [], "Intervention": [{"term": "natives", "negation": "affirmed", "UMLS": "", "start": 59, "end": 66}], "Outcome": [{"term": "mortality rate", "negation": "affirmed", "UMLS": "", "start": 39, "end": 53}]}, "Evidence Propositions": [{"Intervention": [], "Observation": "lower", "Outcome": "", "Count": ""}]}, {"Section": "CONCLUSIONS", "Text": "The study findings show that : ( 1 ) mortality is likely to occur in elderly patients with co-morbidities ; ( 2 ) TB might not be a major determinant of mortality and ( 3 ) migrants had lower mortality , probably because of their younger age and lower number of co-morbidities .", "Evidence Elements": {"Participant": [{"term": "elderly patients", "negation": "negated", "UMLS": "", "start": 69, "end": 85}, {"term": "co-morbidities", "negation": "negated", "UMLS": "", "start": 91, "end": 105}, {"term": "TB", "negation": "negated", "UMLS": "", "start": 114, "end": 116}, {"term": "migrants", "negation": "affirmed", "UMLS": "", "start": 173, "end": 181}], "Intervention": [], "Outcome": [{"term": "mortality", "negation": "negated", "UMLS": "", "start": 37, "end": 46}, {"term": "mortality", "negation": "negated", "UMLS": "", "start": 37, "end": 46}, {"term": "mortality", "negation": "negated", "UMLS": "", "start": 37, "end": 46}]}, "Evidence Propositions": [{"Intervention": [], "Observation": "lower", "Outcome": "", "Count": ""}]}, {"Section": "CONCLUSIONS", "Text": "However , in settings where advanced forms of TB frequently occur and are caused by drug-resistant strains of M. tuberculosis , higher mortality rates can be expected in young individuals .", "Evidence Elements": {"Participant": [], "Intervention": [], "Outcome": []}, "Evidence Propositions": []}]}