{"doc_id": "32410413", "type of study": "Therapy", "title": "", "abstract": "To identify predictors of pulmonary fibrosis development by combining follow-up thin-section CT findings and clinical features in patients discharged after treatment for COVID-19.\nThis retrospective study involved 32 confirmed COVID-19 patients who were divided into two groups according to the evidence of fibrosis on their latest follow-up CT imaging.\nClinical data and CT imaging features of all the patients in different stages were collected and analyzed for comparison.\nThe latest follow-up CT imaging showed fibrosis in 14 patients (male, 12; female, 2) and no fibrosis in 18 patients (male, 10; female, 8).\nCompared with the non-fibrosis group, the fibrosis group was older (median age: 54.0 years vs. 37.0 years, p = 0.008), and the median levels of C-reactive protein (53.4 mg/L vs. 10.0 mg/L, p = 0.002) and interleukin-6 (79.7 pg/L vs. 11.2 pg/L, p = 0.04) were also higher.\nThe fibrosis group had a longer-term of hospitalization (19.5 days vs. 10.0 days, p = 0.001), pulsed steroid therapy (11.0 days vs. 5.0 days, p < 0.001), and antiviral therapy (12.0 days vs. 6.5 days, p = 0.012).\nMore patients on the worst-state CT scan had an irregular interface (59.4% vs. 34.4%, p = 0.045) and a parenchymal band (71.9% vs. 28.1%, p < 0.001).\nOn initial CT imaging, the irregular interface (57.1%) and parenchymal band (50.0%) were more common in the fibrosis group.\nOn the worst-state CT imaging, interstitial thickening (78.6%), air bronchogram (57.1%), irregular interface (85.7%), coarse reticular pattern (28.6%), parenchymal band (92.9%), and pleural effusion (42.9%) were more common in the fibrosis group.\nFibrosis was more likely to develop in patients with severe clinical conditions, especially in patients with high inflammatory indicators.\nInterstitial thickening, irregular interface, coarse reticular pattern, and parenchymal band manifested in the process of the disease may be predictors of pulmonary fibrosis.\nIrregular interface and parenchymal band could predict the formation of pulmonary fibrosis early.\n", "Evidence Map": {"Enrollment": [{"term": "discharged", "negation": "affirmed", "UMLS": "", "start": 139, "end": 149}, {"term": "treatment", "negation": "affirmed", "UMLS": "", "start": 156, "end": 165}, {"term": "COVID-19", "negation": "affirmed", "UMLS": "", "start": 170, "end": 178}, {"term": "COVID-19", "negation": "affirmed", "UMLS": "", "start": 47, "end": 55}, {"term": "severe clinical conditions", "negation": "affirmed", "UMLS": "", "start": 53, "end": 79}, {"term": "high inflammatory", "negation": "affirmed", "UMLS": "", "start": 110, "end": 127}], "Comparison Results": [], "Study Arm 1 Results": [], "Study Arm 2 Results": []}, "Sentence-level breakdown": [{"Section": "TITLE", "Text": "To identify predictors of pulmonary fibrosis development by combining follow-up thin-section CT findings and clinical features in patients discharged after treatment for COVID-19 .", "Evidence Elements": {"Participant": [{"term": "discharged", "negation": "affirmed", "UMLS": "", "start": 139, "end": 149}, {"term": "treatment", "negation": "affirmed", "UMLS": "", "start": 156, "end": 165}, {"term": "COVID-19", "negation": "affirmed", "UMLS": "", "start": 170, "end": 178}], "Intervention": [], "Outcome": [{"term": "predictors", "negation": "affirmed", "UMLS": "", "start": 12, "end": 22}, {"term": "pulmonary fibrosis development", "negation": "affirmed", "UMLS": "", "start": 26, "end": 56}]}, "Evidence Propositions": []}, {"Section": "METHODS", "Text": "This retrospective study involved 32 confirmed COVID-19 patients who were divided into two groups according to the evidence of fibrosis on their latest follow-up CT imaging .", "Evidence Elements": {"Participant": [{"term": "COVID-19", "negation": "affirmed", "UMLS": "", "start": 47, "end": 55}], "Intervention": [], "Outcome": []}, "Evidence Propositions": []}, {"Section": "METHODS", "Text": "Clinical data and CT imaging features of all the patients in different stages were collected and analyzed for comparison .", "Evidence Elements": {"Participant": [], "Intervention": [], "Outcome": [{"term": "Clinical data", "negation": "affirmed", "UMLS": "", "start": 0, "end": 13}, {"term": "CT imaging features", "negation": "affirmed", "UMLS": "", "start": 18, "end": 37}]}, "Evidence Propositions": []}, {"Section": "RESULTS", "Text": "The latest follow-up CT imaging showed fibrosis in 14 patients ( male , 12 ; female , 2 ) and no fibrosis in 18 patients ( male , 10 ; female , 8 ) .", "Evidence Elements": {"Participant": [], "Intervention": [], "Outcome": [{"term": "fibrosis", "negation": "negated", "UMLS": "", "start": 39, "end": 47}, {"term": "fibrosis", "negation": "negated", "UMLS": "", "start": 39, "end": 47}]}, "Evidence Propositions": []}, {"Section": "RESULTS", "Text": "Compared with the non-fibrosis group , the fibrosis group was older ( median age : 54.0 years vs . 37.0 years , p = 0.008 ) , and the median levels of C-reactive protein ( 53.4 mg / L vs . 10.0 mg / L , p = 0.002 ) and interleukin-6 ( 79.7 pg / L vs . 11.2 pg / L , p = 0.04 ) were also higher .", "Evidence Elements": {"Participant": [], "Intervention": [{"term": "non-fibrosis", "negation": "affirmed", "UMLS": "", "start": 18, "end": 30}, {"term": "fibrosis", "negation": "affirmed", "UMLS": "", "start": 22, "end": 30}], "Outcome": [{"term": "median levels of C-reactive protein", "negation": "affirmed", "UMLS": "", "start": 134, "end": 169}, {"term": "interleukin-6", "negation": "affirmed", "UMLS": "", "start": 219, "end": 232}]}, "Evidence Propositions": [{"Intervention": ["non-fibrosis", "fibrosis"], "Observation": "older", "Outcome": "", "Count": ""}, {"Intervention": "non-fibrosis", "Observation": "53.4", "Outcome": "median levels of C-reactive protein", "Count": ""}, {"Intervention": "non-fibrosis", "Observation": "79.7", "Outcome": "interleukin-6", "Count": ""}, {"Intervention": "fibrosis", "Observation": "79.7", "Outcome": "interleukin-6", "Count": ""}]}, {"Section": "RESULTS", "Text": "The fibrosis group had a longer-term of hospitalization ( 19.5 days vs . 10.0 days , p = 0.001 ) , pulsed steroid therapy ( 11.0 days vs . 5.0 days , p < 0.001 ) , and antiviral therapy ( 12.0 days vs . 6.5 days , p = 0.012 ) .", "Evidence Elements": {"Participant": [], "Intervention": [{"term": "fibrosis", "negation": "affirmed", "UMLS": "", "start": 4, "end": 12}, {"term": "pulsed steroid therapy", "negation": "affirmed", "UMLS": "", "start": 99, "end": 121}], "Outcome": []}, "Evidence Propositions": []}, {"Section": "RESULTS", "Text": "More patients on the worst-state CT scan had an irregular interface ( 59.4 % vs . 34.4 % , p = 0.045 ) and a parenchymal band ( 71.9 % vs . 28.1 % , p < 0.001 ) .", "Evidence Elements": {"Participant": [], "Intervention": [], "Outcome": [{"term": "interface", "negation": "affirmed", "UMLS": "", "start": 58, "end": 67}, {"term": "parenchymal band", "negation": "affirmed", "UMLS": "", "start": 109, "end": 125}]}, "Evidence Propositions": []}, {"Section": "RESULTS", "Text": "On initial CT imaging , the irregular interface ( 57.1 % ) and parenchymal band ( 50.0 % ) were more common in the fibrosis group .", "Evidence Elements": {"Participant": [], "Intervention": [], "Outcome": [{"term": "irregular interface", "negation": "affirmed", "UMLS": "", "start": 28, "end": 47}, {"term": "parenchymal band", "negation": "affirmed", "UMLS": "", "start": 63, "end": 79}]}, "Evidence Propositions": []}, {"Section": "RESULTS", "Text": "On the worst-state CT imaging , interstitial thickening ( 78.6 % ) , air bronchogram ( 57.1 % ) , irregular interface ( 85.7 % ) , coarse reticular pattern ( 28.6 % ) , parenchymal band ( 92.9 % ) , and pleural effusion ( 42.9 % ) were more common in the fibrosis group .", "Evidence Elements": {"Participant": [], "Intervention": [], "Outcome": [{"term": "interstitial thickening", "negation": "affirmed", "UMLS": "", "start": 32, "end": 55}, {"term": "air bronchogram", "negation": "affirmed", "UMLS": "", "start": 69, "end": 84}, {"term": "irregular interface", "negation": "affirmed", "UMLS": "", "start": 98, "end": 117}, {"term": "coarse reticular pattern", "negation": "affirmed", "UMLS": "", "start": 131, "end": 155}]}, "Evidence Propositions": []}, {"Section": "RESULTS", "Text": "Fibrosis was more likely to develop in patients with severe clinical conditions , especially in patients with high inflammatory indicators .", "Evidence Elements": {"Participant": [{"term": "severe clinical conditions", "negation": "affirmed", "UMLS": "", "start": 53, "end": 79}, {"term": "high inflammatory", "negation": "affirmed", "UMLS": "", "start": 110, "end": 127}], "Intervention": [], "Outcome": [{"term": "Fibrosis", "negation": "affirmed", "UMLS": "", "start": 0, "end": 8}]}, "Evidence Propositions": [{"Intervention": [], "Observation": "more likely", "Outcome": "Fibrosis", "Count": ""}]}, {"Section": "CONCLUSIONS", "Text": "Interstitial thickening , irregular interface , coarse reticular pattern , and parenchymal band manifested in the process of the disease may be predictors of pulmonary fibrosis .", "Evidence Elements": {"Participant": [], "Intervention": [], "Outcome": []}, "Evidence Propositions": []}, {"Section": "CONCLUSIONS", "Text": "Irregular interface and parenchymal band could predict the formation of pulmonary fibrosis early .", "Evidence Elements": {"Participant": [], "Intervention": [], "Outcome": [{"term": "formation of pulmonary fibrosis", "negation": "affirmed", "UMLS": "", "start": 59, "end": 90}]}, "Evidence Propositions": []}]}