{"doc_id": "32412891", "type of study": "Therapy", "title": "", "abstract": "OBJECTIVE: A pandemic afflicts the entire world.\nThe highly contagious SARS-CoV-2 virus originated in Wuhan, China in late 2019 and rapidly spread across the entire globe.\nAccording to the World Health Organization (WHO), the novel Coronavirus (COVID-19)has infected more than two million people worldwide, causing over 160,000 deaths.\nPatients with COVID-19 disease present with a wide array of symptoms, ranging from mild flu-like complaints to life threatening pulmonary and cardiac complications.\nOlder people and patients with underlying disease have an increased risk of developing severe acute respiratory syndrome (SARS) requiring mechanical ventilation.\nOnce intubated, mortality increases exponentially.\nA number of pharmacologic regimens, including hydroxychloroquine-azithromycin, antiviral therapy (eg, remdesevir), and anti-IL-6 agents (e.g., toclizumab), have been highlighted by investigators over the course of the pandemic, based on the therapy's potential to interrupt the viral life-cycle of SARS-CoV-2 or preventing cytokine storm.\nAt present, there have been no conclusive series of reproducible randomised clinical trials demonstrating the efficacy of any one drug or therapy for COVID-19.\nCASES: COVID-19 positive patients (n=5) at a single institution received hyperbaric oxygen therapy (HBOT) between 13 and 20 April 2020.\nAll the patients had tachypnoea and low oxygen saturation despite receiving high FiO2.\nHBOT was added to prevent the need for mechanical ventilation.\nA standard dive profile of 2.0ATA for 90 minutes was employed.\nPatients received between one and six treatments in one of two dedicated monoplace hyperbaric chambers.\nAll the patients recovered without the need for mechanical ventilation.\nFollowing HBOT, oxygen saturation increased, tachypnoea resolved and inflammatory markers fell.\nAt the time of writing, three of the five patients have been discharged from the hospital and two remain in stable condition.\nCONCLUSION: This small sample of patients exhibited dramatic improvement with HBOT.\nMost importantly, HBOT potentially prevented the need for mechanical ventilation.\nLarger studies are likely to define the role of HBOT in the treatment of this novel disease.\n", "Evidence Map": {"Enrollment": [{"term": "COVID-19 positive", "negation": "affirmed", "UMLS": "", "start": 8, "end": 25}, {"term": "tachypnoea", "negation": "affirmed", "UMLS": "", "start": 21, "end": 31}, {"term": "saturation", "negation": "affirmed", "UMLS": "", "start": 47, "end": 57}], "Comparison Results": [], "Study Arm 1 Results": [], "Study Arm 2 Results": []}, "Sentence-level breakdown": [{"Section": "TITLE", "Text": "OBJECTIVE : A pandemic afflicts the entire world .", "Evidence Elements": {"Participant": [], "Intervention": [], "Outcome": []}, "Evidence Propositions": []}, {"Section": "METHODS", "Text": "CASES : COVID-19 positive patients ( n = 5 ) at a single institution received hyperbaric oxygen therapy ( HBOT ) between 13 and 20 April 2020 .", "Evidence Elements": {"Participant": [{"term": "COVID-19 positive", "negation": "affirmed", "UMLS": "", "start": 8, "end": 25}], "Intervention": [{"term": "hyperbaric oxygen therapy ( HBOT", "negation": "affirmed", "UMLS": "", "start": 78, "end": 110}], "Outcome": []}, "Evidence Propositions": []}, {"Section": "METHODS", "Text": "All the patients had tachypnoea and low oxygen saturation despite receiving high FiO2 .", "Evidence Elements": {"Participant": [{"term": "tachypnoea", "negation": "affirmed", "UMLS": "", "start": 21, "end": 31}, {"term": "saturation", "negation": "affirmed", "UMLS": "", "start": 47, "end": 57}], "Intervention": [], "Outcome": []}, "Evidence Propositions": []}, {"Section": "METHODS", "Text": "HBOT was added to prevent the need for mechanical ventilation .", "Evidence Elements": {"Participant": [], "Intervention": [], "Outcome": []}, "Evidence Propositions": []}, {"Section": "METHODS", "Text": "A standard dive profile of 2.0ATA for 90 minutes was employed .", "Evidence Elements": {"Participant": [], "Intervention": [], "Outcome": []}, "Evidence Propositions": []}, {"Section": "METHODS", "Text": "Patients received between one and six treatments in one of two dedicated monoplace hyperbaric chambers .", "Evidence Elements": {"Participant": [], "Intervention": [], "Outcome": []}, "Evidence Propositions": []}, {"Section": "METHODS", "Text": "All the patients recovered without the need for mechanical ventilation .", "Evidence Elements": {"Participant": [], "Intervention": [], "Outcome": [{"term": "recovered", "negation": "affirmed", "UMLS": "", "start": 17, "end": 26}, {"term": "ventilation", "negation": "negated", "UMLS": "", "start": 59, "end": 70}]}, "Evidence Propositions": []}, {"Section": "RESULTS", "Text": "Following HBOT , oxygen saturation increased , tachypnoea resolved and inflammatory markers fell .", "Evidence Elements": {"Participant": [], "Intervention": [{"term": "HBOT", "negation": "affirmed", "UMLS": "", "start": 10, "end": 14}], "Outcome": [{"term": "oxygen saturation", "negation": "affirmed", "UMLS": "", "start": 17, "end": 34}, {"term": "tachypnoea resolved", "negation": "affirmed", "UMLS": "", "start": 47, "end": 66}, {"term": "inflammatory", "negation": "negated", "UMLS": "", "start": 71, "end": 83}]}, "Evidence Propositions": []}, {"Section": "RESULTS", "Text": "At the time of writing , three of the five patients have been discharged from the hospital and two remain in stable condition .", "Evidence Elements": {"Participant": [], "Intervention": [], "Outcome": [{"term": "discharged from the hospital", "negation": "affirmed", "UMLS": "", "start": 62, "end": 90}, {"term": "stable", "negation": "affirmed", "UMLS": "", "start": 109, "end": 115}]}, "Evidence Propositions": []}, {"Section": "CONCLUSIONS", "Text": "CONCLUSION : This small sample of patients exhibited dramatic improvement with HBOT .", "Evidence Elements": {"Participant": [], "Intervention": [], "Outcome": []}, "Evidence Propositions": []}, {"Section": "CONCLUSIONS", "Text": "Most importantly , HBOT potentially prevented the need for mechanical ventilation .", "Evidence Elements": {"Participant": [], "Intervention": [{"term": "HBOT", "negation": "affirmed", "UMLS": "", "start": 19, "end": 23}], "Outcome": [{"term": "need for mechanical", "negation": "affirmed", "UMLS": "", "start": 50, "end": 69}]}, "Evidence Propositions": [{"Intervention": "HBOT", "Observation": "prevented", "Outcome": "need for mechanical", "Count": ""}]}, {"Section": "CONCLUSIONS", "Text": "Larger studies are likely to define the role of HBOT in the treatment of this novel disease .", "Evidence Elements": {"Participant": [], "Intervention": [], "Outcome": []}, "Evidence Propositions": []}]}