{"doc_id": "32417210", "type of study": "Therapy", "title": "", "abstract": "Lymphopenia and eosinopenia might be predictors of disease severity in COVID-19.\nLymphopenia and eosinopenia might be predictors of disease progression in COVID-19.\nClinical classification-severe type is the dependently risk factor for alteration of PBICs.\nPBICs might be a sentinel, and it deserves attention during COVID-19 management.\nThe underlying changes of peripheral blood inflammatory cells (PBICs) in COVID-19 patients are little known.\nMoreover, the risk factors for the underlying changes of PBICs and their predicting role in severe COVID-19 patients remain uncertain.\nThis retrospective study including two cohorts: the main cohort enrolling 45 patients of severe type serving as study group, and the secondary cohort enrolling 12 patients of no-severe type serving as control group.\nThe PBICs analysis was based on blood routine and lymphocyte subsets.\nThe inflammatory cell levels were compared among patients according to clinical classifications, disease-associated phases, as well as one-month outcomes.\nCompared with patients of non-severe type, the patients of severe type suffered from significantly decreased counts of lymphocytes, eosinophils, basophils, but increased counts of neutrophils.\nThese PBICs alterations got improved in recovery phase, but persisted or got worse in aggravated phase.\nCompared with patients in discharged group, the patients in un-discharged/died group suffered from decreased counts of total T lymphocytes, CD4 + T lymphocytes, CD8 + T lymphocytes, as well as NK cells at 2 weeks after treatment.\nClinical classification-critically severe was the independently risk factor for lymphopenia (OR = 7.701, 95%CI:1.265-46.893, P = 0.027), eosinopenia (OR = 5.595, 95%CI:1.008-31.054, P = 0.049), and worse one-month outcome (OR = 8.984; 95%CI:1.021-79.061, P = 0.048).\nLymphopenia and eosinopenia may serve as predictors of disease severity and disease progression in COVID-19 patients, and enhancing the cellular immunity may contribute to COVID-19 treatment.\nThus, PBICs might become a sentinel of COVID-19, and it deserves attention during COVID-19 treatment.\n", "Evidence Map": {"Enrollment": [{"term": "COVID-19", "negation": "affirmed", "UMLS": "", "start": 71, "end": 79}, {"term": "COVID-19", "negation": "affirmed", "UMLS": "", "start": 74, "end": 82}], "Comparison Results": [], "Study Arm 1 Results": [], "Study Arm 2 Results": []}, "Sentence-level breakdown": [{"Section": "TITLE", "Text": "Lymphopenia and eosinopenia might be predictors of disease severity in COVID-19 .", "Evidence Elements": {"Participant": [{"term": "COVID-19", "negation": "affirmed", "UMLS": "", "start": 71, "end": 79}], "Intervention": [], "Outcome": [{"term": "Lymphopenia", "negation": "affirmed", "UMLS": "", "start": 0, "end": 11}, {"term": "eosinopenia", "negation": "affirmed", "UMLS": "", "start": 16, "end": 27}, {"term": "disease severity", "negation": "affirmed", "UMLS": "", "start": 51, "end": 67}]}, "Evidence Propositions": []}, {"Section": "METHODS", "Text": "This retrospective study including two cohorts : the main cohort enrolling 45 patients of severe type serving as study group , and the secondary cohort enrolling 12 patients of no-severe type serving as control group .", "Evidence Elements": {"Participant": [], "Intervention": [{"term": "severe type", "negation": "negated", "UMLS": "", "start": 90, "end": 101}, {"term": "no-severe type", "negation": "affirmed", "UMLS": "", "start": 177, "end": 191}], "Outcome": []}, "Evidence Propositions": []}, {"Section": "METHODS", "Text": "The PBICs analysis was based on blood routine and lymphocyte subsets .", "Evidence Elements": {"Participant": [], "Intervention": [], "Outcome": []}, "Evidence Propositions": []}, {"Section": "METHODS", "Text": "The inflammatory cell levels were compared among patients according to clinical classifications , disease-associated phases , as well as one-month outcomes .", "Evidence Elements": {"Participant": [], "Intervention": [], "Outcome": [{"term": "inflammatory cell levels", "negation": "affirmed", "UMLS": "", "start": 4, "end": 28}]}, "Evidence Propositions": []}, {"Section": "RESULTS", "Text": "Compared with patients of non-severe type , the patients of severe type suffered from significantly decreased counts of lymphocytes , eosinophils , basophils , but increased counts of neutrophils .", "Evidence Elements": {"Participant": [], "Intervention": [{"term": "non-severe type", "negation": "affirmed", "UMLS": "", "start": 26, "end": 41}, {"term": "severe type", "negation": "affirmed", "UMLS": "", "start": 30, "end": 41}], "Outcome": [{"term": "counts of lymphocytes , eosinophils , basophils", "negation": "affirmed", "UMLS": "", "start": 110, "end": 157}]}, "Evidence Propositions": []}, {"Section": "RESULTS", "Text": "These PBICs alterations got improved in recovery phase , but persisted or got worse in aggravated phase .", "Evidence Elements": {"Participant": [], "Intervention": [], "Outcome": [{"term": "PBICs alterations", "negation": "affirmed", "UMLS": "", "start": 6, "end": 23}]}, "Evidence Propositions": [{"Intervention": [], "Observation": "persisted or got worse", "Outcome": "", "Count": ""}]}, {"Section": "RESULTS", "Text": "Compared with patients in discharged group , the patients in un-discharged / died group suffered from decreased counts of total T lymphocytes , CD4+ T lymphocytes , CD8+ T lymphocytes , as well as NK cells at 2 weeks after treatment .", "Evidence Elements": {"Participant": [], "Intervention": [{"term": "discharged", "negation": "affirmed", "UMLS": "", "start": 26, "end": 36}, {"term": "died", "negation": "affirmed", "UMLS": "", "start": 77, "end": 81}], "Outcome": [{"term": "counts of total T lymphocytes , CD4+ T lymphocytes", "negation": "affirmed", "UMLS": "", "start": 112, "end": 162}, {"term": "CD8+ T lymphocytes", "negation": "affirmed", "UMLS": "", "start": 165, "end": 183}, {"term": "NK cells", "negation": "affirmed", "UMLS": "", "start": 197, "end": 205}]}, "Evidence Propositions": []}, {"Section": "RESULTS", "Text": "Clinical classification-critically severe was the independently risk factor for lymphopenia ( OR = 7.701 , 95 % CI : 1.265-46.893 , P=0.027 ) , eosinopenia ( OR = 5.595 , 95 % CI : 1.008-31.054 , P=0.049 ) , and worse one-month outcome ( OR = 8.984 ; 95 % CI : 1.021-79.061 , P=0.048 ) .", "Evidence Elements": {"Participant": [], "Intervention": [], "Outcome": [{"term": "Clinical classification-critically severe", "negation": "affirmed", "UMLS": "", "start": 0, "end": 41}, {"term": "lymphopenia", "negation": "affirmed", "UMLS": "", "start": 80, "end": 91}, {"term": "eosinopenia", "negation": "affirmed", "UMLS": "", "start": 144, "end": 155}]}, "Evidence Propositions": []}, {"Section": "CONCLUSIONS", "Text": "Lymphopenia and eosinopenia may serve as predictors of disease severity and disease progression in COVID-19 patients , and enhancing the cellular immunity may contribute to COVID-19 treatment .", "Evidence Elements": {"Participant": [], "Intervention": [], "Outcome": []}, "Evidence Propositions": []}, {"Section": "CONCLUSIONS", "Text": "Thus , PBICs might become a sentinel of COVID-19 , and it deserves attention during COVID-19 treatment .", "Evidence Elements": {"Participant": [], "Intervention": [], "Outcome": []}, "Evidence Propositions": []}]}