{"doc_id": "32411566", "type of study": "Therapy", "title": "", "abstract": "Dihydropyridine calcium channel blockers (CCB) are typically used agents in the clinical management of hypertension.\nYet, they have also been utilized in the treatment of various pulmonary disorders with vasoconstriction.\nSevere acute respiratory syndrome coronavirus 2 (SARS-CoV-2) has been implicated in the development of vasoconstrictive, proinflammatory, and pro-oxidative effects.\nA retrospective review was conducted on CCB use in hospitalized patients in search of any difference in outcomes related to specific endpoints: survival to discharge and progression of disease leading to intubation and mechanical ventilation.\nThe electronic medical records for all patients that tested positive for SARS-CoV-2 that were at or above the age of 65 and that expired or survived to discharge from a community hospital in Brooklyn, NY, between the start of the public health crisis due to the viral disease up until April 13, 2020, were included.\nOf the 77 patients that were identified, 18 survived until discharge and 59 expired.\nSeven patients from the expired group were excluded since they died within one day of presentation to the hospital.\nFive patients were excluded from the expired group since their age was above that of the eldest patient in the survival group (89 years old).\nWith 65 patients left, 24 were found to have been administered either amlodipine or nifedipine (CCB group) and 41 were not (No-CCB group).\nPatients treated with a CCB were significantly more likely to survive than those not treated with a CCB: 12 (50%) survived and 12 expired in the CCB group vs. six (14.6%) that survived and 35 (85.4%) that expired in the No-CCB treatment group (P<.01; p=0.0036).\nCCB patients were also significantly less likely to undergo intubation and mechanical ventilation.\nOnly one patient (4.2%) was intubated in the CCB group whereas 16 (39.0%) were intubated in the No-CCB treatment group (P<.01; p=0.0026).\nNifedipine and amlodipine were found to be associated with significantly improved mortality and a decreased risk for intubation and mechanical ventilation in elderly patients hospitalized with COVID-19.\nFurther clinical studies are warranted.\nIncluding either nifedipine or amlodipine in medication regimens for elderly patients with hypertension hospitalized for COVID-19 may be considered.\n", "Evidence Map": {"Enrollment": [{"term": "hospitalized", "negation": "affirmed", "UMLS": "", "start": 51, "end": 63}, {"term": "positive for SARS-CoV-2", "negation": "affirmed", "UMLS": "", "start": 60, "end": 83}, {"term": "expired", "negation": "affirmed", "UMLS": "", "start": 129, "end": 136}, {"term": "survived to discharge", "negation": "affirmed", "UMLS": "", "start": 140, "end": 161}, {"term": "elderly", "negation": "affirmed", "UMLS": "", "start": 158, "end": 165}, {"term": "hospitalized", "negation": "affirmed", "UMLS": "", "start": 175, "end": 187}, {"term": "COVID-19", "negation": "affirmed", "UMLS": "", "start": 193, "end": 201}, {"term": "elderly patients", "negation": "affirmed", "UMLS": "", "start": 69, "end": 85}, {"term": "hypertension hospitalized for COVID-19", "negation": "affirmed", "UMLS": "", "start": 91, "end": 129}], "Comparison Results": [], "Study Arm 1 Results": [], "Study Arm 2 Results": []}, "Sentence-level breakdown": [{"Section": "TITLE", "Text": "Dihydropyridine calcium channel blockers ( CCB ) are typically used agents in the clinical management of hypertension .", "Evidence Elements": {"Participant": [], "Intervention": [], "Outcome": []}, "Evidence Propositions": []}, {"Section": "METHODS", "Text": "A retrospective review was conducted on CCB use in hospitalized patients in search of any difference in outcomes related to specific endpoints : survival to discharge and progression of disease leading to intubation and mechanical ventilation .", "Evidence Elements": {"Participant": [{"term": "hospitalized", "negation": "affirmed", "UMLS": "", "start": 51, "end": 63}], "Intervention": [{"term": "CCB use", "negation": "affirmed", "UMLS": "", "start": 40, "end": 47}], "Outcome": [{"term": "outcomes", "negation": "affirmed", "UMLS": "", "start": 104, "end": 112}, {"term": "survival to discharge", "negation": "affirmed", "UMLS": "", "start": 145, "end": 166}, {"term": "progression of disease leading to intubation", "negation": "affirmed", "UMLS": "", "start": 171, "end": 215}, {"term": "mechanical", "negation": "affirmed", "UMLS": "", "start": 220, "end": 230}]}, "Evidence Propositions": [{"Intervention": ["CCB use"], "Observation": "difference", "Outcome": "outcomes", "Count": ""}, {"Intervention": ["CCB use"], "Observation": "difference", "Outcome": "survival to discharge", "Count": ""}, {"Intervention": ["CCB use"], "Observation": "difference", "Outcome": "progression of disease leading to intubation", "Count": ""}]}, {"Section": "METHODS", "Text": "The electronic medical records for all patients that tested positive for SARS-CoV-2 that were at or above the age of 65 and that expired or survived to discharge from a community hospital in Brooklyn , NY , between the start of the public health crisis due to the viral disease up until April 13 , 2020 , were included .", "Evidence Elements": {"Participant": [{"term": "positive for SARS-CoV-2", "negation": "affirmed", "UMLS": "", "start": 60, "end": 83}, {"term": "expired", "negation": "affirmed", "UMLS": "", "start": 129, "end": 136}, {"term": "survived to discharge", "negation": "affirmed", "UMLS": "", "start": 140, "end": 161}], "Intervention": [], "Outcome": []}, "Evidence Propositions": []}, {"Section": "RESULTS", "Text": "Of the 77 patients that were identified , 18 survived until discharge and 59 expired .", "Evidence Elements": {"Participant": [], "Intervention": [], "Outcome": [{"term": "survived until discharge", "negation": "affirmed", "UMLS": "", "start": 45, "end": 69}]}, "Evidence Propositions": []}, {"Section": "RESULTS", "Text": "Seven patients from the expired group were excluded since they died within one day of presentation to the hospital .", "Evidence Elements": {"Participant": [], "Intervention": [{"term": "expired", "negation": "affirmed", "UMLS": "", "start": 24, "end": 31}], "Outcome": [{"term": "died", "negation": "affirmed", "UMLS": "", "start": 63, "end": 67}]}, "Evidence Propositions": [{"Intervention": "expired", "Observation": "", "Count": "Seven patients", "Outcome": "died"}]}, {"Section": "RESULTS", "Text": "Five patients were excluded from the expired group since their age was above that of the eldest patient in the survival group ( 89 years old ) .", "Evidence Elements": {"Participant": [], "Intervention": [], "Outcome": []}, "Evidence Propositions": []}, {"Section": "RESULTS", "Text": "With 65 patients left , 24 were found to have been administered either amlodipine or nifedipine ( CCB group ) and 41 were not ( No-CCB group ) .", "Evidence Elements": {"Participant": [], "Intervention": [{"term": "amlodipine", "negation": "affirmed", "UMLS": "", "start": 71, "end": 81}, {"term": "nifedipine", "negation": "affirmed", "UMLS": "", "start": 85, "end": 95}], "Outcome": []}, "Evidence Propositions": []}, {"Section": "RESULTS", "Text": "Patients treated with a CCB were significantly more likely to survive than those not treated with a CCB : 12 ( 50 % ) survived and 12 expired in the CCB group vs . six ( 14.6 % ) that survived and 35 ( 85.4 % ) that expired in the No-CCB treatment group ( P < .01 ; p = 0.0036 ) .", "Evidence Elements": {"Participant": [], "Intervention": [{"term": "CCB", "negation": "negated", "UMLS": "", "start": 24, "end": 27}, {"term": "CCB", "negation": "negated", "UMLS": "", "start": 24, "end": 27}, {"term": "CCB", "negation": "negated", "UMLS": "", "start": 24, "end": 27}], "Outcome": [{"term": "survive", "negation": "negated", "UMLS": "", "start": 62, "end": 69}, {"term": "survived", "negation": "negated", "UMLS": "", "start": 118, "end": 126}, {"term": "expired", "negation": "negated", "UMLS": "", "start": 134, "end": 141}, {"term": "survived", "negation": "negated", "UMLS": "", "start": 118, "end": 126}]}, "Evidence Propositions": [{"Intervention": ["CCB", "CCB"], "Observation": "significantly more likely", "Outcome": "survive", "Count": ""}]}, {"Section": "RESULTS", "Text": "CCB patients were also significantly less likely to undergo intubation and mechanical ventilation .", "Evidence Elements": {"Participant": [], "Intervention": [{"term": "CCB", "negation": "affirmed", "UMLS": "", "start": 0, "end": 3}], "Outcome": [{"term": "intubation", "negation": "affirmed", "UMLS": "", "start": 60, "end": 70}, {"term": "mechanical ventilation", "negation": "affirmed", "UMLS": "", "start": 75, "end": 97}]}, "Evidence Propositions": [{"Intervention": ["CCB"], "Observation": "significantly less likely", "Outcome": "intubation", "Count": ""}, {"Intervention": ["CCB"], "Observation": "significantly less likely", "Outcome": "mechanical ventilation", "Count": ""}]}, {"Section": "RESULTS", "Text": "Only one patient ( 4.2 % ) was intubated in the CCB group whereas 16 ( 39.0 % ) were intubated in the No-CCB treatment group ( P < .01 ; p = 0.0026 ) .", "Evidence Elements": {"Participant": [], "Intervention": [{"term": "CCB", "negation": "negated", "UMLS": "", "start": 48, "end": 51}], "Outcome": [{"term": "intubated", "negation": "affirmed", "UMLS": "", "start": 31, "end": 40}, {"term": "intubated", "negation": "affirmed", "UMLS": "", "start": 31, "end": 40}]}, "Evidence Propositions": [{"Intervention": "CCB", "Observation": "", "Count": "one patient ( 4.2 % )", "Outcome": "intubated"}]}, {"Section": "CONCLUSIONS", "Text": "Nifedipine and amlodipine were found to be associated with significantly improved mortality and a decreased risk for intubation and mechanical ventilation in elderly patients hospitalized with COVID-19 .", "Evidence Elements": {"Participant": [{"term": "elderly", "negation": "affirmed", "UMLS": "", "start": 158, "end": 165}, {"term": "hospitalized", "negation": "affirmed", "UMLS": "", "start": 175, "end": 187}, {"term": "COVID-19", "negation": "affirmed", "UMLS": "", "start": 193, "end": 201}], "Intervention": [{"term": "Nifedipine", "negation": "affirmed", "UMLS": "", "start": 0, "end": 10}, {"term": "amlodipine", "negation": "affirmed", "UMLS": "", "start": 15, "end": 25}], "Outcome": [{"term": "mortality", "negation": "affirmed", "UMLS": "", "start": 82, "end": 91}, {"term": "risk for intubation and mechanical ventilation", "negation": "affirmed", "UMLS": "", "start": 108, "end": 154}]}, "Evidence Propositions": []}, {"Section": "CONCLUSIONS", "Text": "Further clinical studies are warranted .", "Evidence Elements": {"Participant": [], "Intervention": [], "Outcome": []}, "Evidence Propositions": []}, {"Section": "CONCLUSIONS", "Text": "Including either nifedipine or amlodipine in medication regimens for elderly patients with hypertension hospitalized for COVID-19 may be considered .", "Evidence Elements": {"Participant": [{"term": "elderly patients", "negation": "affirmed", "UMLS": "", "start": 69, "end": 85}, {"term": "hypertension hospitalized for COVID-19", "negation": "affirmed", "UMLS": "", "start": 91, "end": 129}], "Intervention": [{"term": "nifedipine", "negation": "affirmed", "UMLS": "", "start": 17, "end": 27}, {"term": "amlodipine", "negation": "affirmed", "UMLS": "", "start": 31, "end": 41}], "Outcome": []}, "Evidence Propositions": []}]}