{"doc_id": "32412125", "type of study": "Therapy", "title": "", "abstract": "In this communication, we present arguments for androgen sensitivity as a likely determinant of COVID-19 disease severity.\nThe androgen sensitivity model explains why males are more likely to develop severe symptoms while children are ostensibly resistant to infection.\nFurther, the model explains the difference in COVID-19 mortality rates among different ethnicities.\nAndrogen sensitivity is determined by genetic variants of the androgen receptor.\nThe androgen receptor regulates transcription of the transmembrane protease, serine 2 (TMPRSS2), which is required for SARS-CoV-2 infectivity.\nTMPRSS2 primes the Spike protein of the virus, which has two consequences: diminishing viral recognition by neutralizing antibodies and activating SARS-CoV-2 for virus-cell fusion.\nGenetic variants that have been associated with androgenetic alopecia, prostate cancer, benign prostatic hyperplasia and polycystic ovary syndrome could be associated with host susceptibility.\nIn addition to theoretical epidemiological and molecular mechanisms, there are reports of high rates of androgenetic alopecia of from hospitalized COVID-19 patients due to severe symptoms.\nAndrogen sensitivity is a likely determinant of COVID-19 disease severity.\nWe believe that the evidence presented in this communication warrants the initiation of trials using anti-androgen agents.\n", "Evidence Map": {"Enrollment": [{"term": "males", "negation": "affirmed", "UMLS": "", "start": 44, "end": 49}, {"term": "children", "negation": "affirmed", "UMLS": "", "start": 99, "end": 107}], "Comparison Results": [], "Study Arm 1 Results": [], "Study Arm 2 Results": []}, "Sentence-level breakdown": [{"Section": "TITLE", "Text": "In this communication , we present arguments for androgen sensitivity as a likely determinant of COVID-19 disease severity .", "Evidence Elements": {"Participant": [], "Intervention": [{"term": "androgen sensitivity", "negation": "affirmed", "UMLS": "", "start": 49, "end": 69}], "Outcome": [{"term": "COVID-19 disease", "negation": "affirmed", "UMLS": "", "start": 97, "end": 113}]}, "Evidence Propositions": []}, {"Section": "RESULTS", "Text": "The androgen sensitivity model explains why males are more likely to develop severe symptoms while children are ostensibly resistant to infection .", "Evidence Elements": {"Participant": [{"term": "males", "negation": "affirmed", "UMLS": "", "start": 44, "end": 49}, {"term": "children", "negation": "affirmed", "UMLS": "", "start": 99, "end": 107}], "Intervention": [], "Outcome": []}, "Evidence Propositions": []}, {"Section": "RESULTS", "Text": "Further , the model explains the difference in COVID-19 mortality rates among different ethnicities .", "Evidence Elements": {"Participant": [], "Intervention": [{"term": "different", "negation": "affirmed", "UMLS": "", "start": 78, "end": 87}], "Outcome": [{"term": "COVID-19 mortality rates", "negation": "affirmed", "UMLS": "", "start": 47, "end": 71}]}, "Evidence Propositions": [{"Intervention": ["different"], "Observation": "difference", "Outcome": "COVID-19 mortality rates", "Count": ""}]}, {"Section": "RESULTS", "Text": "Androgen sensitivity is determined by genetic variants of the androgen receptor .", "Evidence Elements": {"Participant": [], "Intervention": [], "Outcome": []}, "Evidence Propositions": []}, {"Section": "RESULTS", "Text": "The androgen receptor regulates transcription of the transmembrane protease , serine 2 ( TMPRSS2 ) , which is required for SARS-CoV-2 infectivity .", "Evidence Elements": {"Participant": [], "Intervention": [], "Outcome": []}, "Evidence Propositions": []}, {"Section": "RESULTS", "Text": "TMPRSS2 primes the Spike protein of the virus , which has two consequences : diminishing viral recognition by neutralizing antibodies and activating SARS-CoV-2 for virus-cell fusion .", "Evidence Elements": {"Participant": [], "Intervention": [], "Outcome": []}, "Evidence Propositions": []}, {"Section": "RESULTS", "Text": "Genetic variants that have been associated with androgenetic alopecia , prostate cancer , benign prostatic hyperplasia and polycystic ovary syndrome could be associated with host susceptibility .", "Evidence Elements": {"Participant": [], "Intervention": [], "Outcome": []}, "Evidence Propositions": []}, {"Section": "RESULTS", "Text": "In addition to theoretical epidemiological and molecular mechanisms , there are reports of high rates of androgenetic alopecia of from hospitalized COVID-19 patients due to severe symptoms .", "Evidence Elements": {"Participant": [], "Intervention": [], "Outcome": []}, "Evidence Propositions": []}, {"Section": "RESULTS", "Text": "Androgen sensitivity is a likely determinant of COVID-19 disease severity .", "Evidence Elements": {"Participant": [], "Intervention": [], "Outcome": []}, "Evidence Propositions": []}, {"Section": "CONCLUSIONS", "Text": "We believe that the evidence presented in this communication warrants the initiation of trials using anti-androgen agents .", "Evidence Elements": {"Participant": [], "Intervention": [], "Outcome": []}, "Evidence Propositions": []}]}