{"doc_id": "32413619", "type of study": "Therapy", "title": "", "abstract": "Coronavirus pneumonia is accompanied by rapid virus replication, where a large number of inflammatory cell infiltration and cytokine storm may lead to acute lung injury, acute respiratory distress syndrome (ARDS) and death.\nThe uncontrolled release of pro-inflammatory cytokines, including interleukin (IL)-1beta and IL-6, is associated with ARDS.\nThis constituted the first study to report on the variability in physicochemical properties of beta-glucans extracts from the same edible mushroom Lentinus edodes on the reduction of these pro-inflammatory cytokines and oxidative stress.\nSpecifically, the impact on the immunomodulatory and cytoprotective properties of our novel in 'house' (IH-Lentinan, IHL) and a commercial (Carbosynth-Lentinan, CL) Lentinan extract were investigated using in vitro models of lung injury and macrophage phagocytosis.\nCL comprised higher amounts of alpha-glucans and correspondingly less beta-glucans.\nThe two lentinan extracts demonstrated varying immunomodulatory activities.\nBoth Lentinan extracts reduced cytokine-induced NF-kappaB activation in human alveolar epithelial A549 cells, with the IHL extract proving more effective at lower doses.\nIn contrast, in activated THP-1 derived macrophages, the CL extract more effectively attenuated pro-inflammatory cytokine production (TNF-alpha, IL-8, IL-2, IL-6, IL-22) as well as TGF-beta and IL-10.\nThe CL extract attenuated oxidative stress-induced early apoptosis, while the IHL extract attenuated late apoptosis.\nOur findings demonstrate significant physicochemical differences between Lentinan extracts, which produce differential in vitro immunomodulatory and pulmonary cytoprotective effects that may also have positive relevance to candidate COVID-19 therapeutics targeting cytokine storm.\nbeta-Glucans from shiitake mushroom reduces IL-1beta, IL-6 in in vitro lung injury model.\nbeta-Glucans from same source can differ in immunomodulatory and pulmonary cytoprotective effects.\nbeta-Glucans can reduce oxidative stress and activate macrophages.\nbeta-Glucans may ameliorate cytokine storm that causes ARDS as seen with COVID-19.\n", "Evidence Map": {"Enrollment": [{"term": "human alveolar epithelial", "negation": "affirmed", "UMLS": "", "start": 72, "end": 97}, {"term": "activated THP-1 derived macrophages", "negation": "affirmed", "UMLS": "", "start": 17, "end": 52}, {"term": "injury", "negation": "affirmed", "UMLS": "", "start": 77, "end": 83}], "Comparison Results": [], "Study Arm 1 Results": [], "Study Arm 2 Results": []}, "Sentence-level breakdown": [{"Section": "TITLE", "Text": "Coronavirus pneumonia is accompanied by rapid virus replication , where a large number of inflammatory cell infiltration and cytokine storm may lead to acute lung injury , acute respiratory distress syndrome ( ARDS ) and death .", "Evidence Elements": {"Participant": [], "Intervention": [], "Outcome": []}, "Evidence Propositions": []}, {"Section": "OBJECTIVE", "Text": "This constituted the first study to report on the variability in physicochemical properties of beta-glucans extracts from the same edible mushroom Lentinus edodes on the reduction of these pro-inflammatory cytokines and oxidative stress .", "Evidence Elements": {"Participant": [], "Intervention": [{"term": "beta-glucans extracts from the same edible mushroom Lentinus edodes", "negation": "affirmed", "UMLS": "", "start": 95, "end": 162}], "Outcome": [{"term": "physicochemical properties", "negation": "affirmed", "UMLS": "", "start": 65, "end": 91}, {"term": "pro-inflammatory cytokines", "negation": "affirmed", "UMLS": "", "start": 189, "end": 215}, {"term": "oxidative stress", "negation": "affirmed", "UMLS": "", "start": 220, "end": 236}]}, "Evidence Propositions": [{"Intervention": "beta-glucans extracts from the same edible mushroom Lentinus edodes", "Observation": "variability", "Outcome": "physicochemical properties", "Count": ""}, {"Intervention": "beta-glucans extracts from the same edible mushroom Lentinus edodes", "Observation": "reduction", "Outcome": "pro-inflammatory cytokines", "Count": ""}, {"Intervention": "beta-glucans extracts from the same edible mushroom Lentinus edodes", "Observation": "reduction", "Outcome": "oxidative stress", "Count": ""}]}, {"Section": "METHODS", "Text": "Specifically , the impact on the immunomodulatory and cytoprotective properties of our novel in 'house ' ( IH-Lentinan , IHL ) and a commercial ( Carbosynth-Lentinan , CL ) Lentinan extract were investigated using in vitro models of lung injury and macrophage phagocytosis .", "Evidence Elements": {"Participant": [], "Intervention": [{"term": "novel in 'house ' ( IH-Lentinan , IHL )", "negation": "affirmed", "UMLS": "", "start": 87, "end": 126}, {"term": "commercial ( Carbosynth-Lentinan , CL ) Lentinan extract", "negation": "affirmed", "UMLS": "", "start": 133, "end": 189}], "Outcome": [{"term": "immunomodulatory and cytoprotective properties", "negation": "affirmed", "UMLS": "", "start": 33, "end": 79}]}, "Evidence Propositions": []}, {"Section": "RESULTS", "Text": "CL comprised higher amounts of alpha-glucans and correspondingly less beta-glucans .", "Evidence Elements": {"Participant": [], "Intervention": [{"term": "CL", "negation": "affirmed", "UMLS": "", "start": 0, "end": 2}], "Outcome": [{"term": "amounts of alpha-glucans", "negation": "affirmed", "UMLS": "", "start": 20, "end": 44}, {"term": "beta-glucans", "negation": "affirmed", "UMLS": "", "start": 70, "end": 82}]}, "Evidence Propositions": []}, {"Section": "RESULTS", "Text": "The two lentinan extracts demonstrated varying immunomodulatory activities .", "Evidence Elements": {"Participant": [], "Intervention": [{"term": "two lentinan extracts", "negation": "affirmed", "UMLS": "", "start": 4, "end": 25}], "Outcome": [{"term": "immunomodulatory activities", "negation": "affirmed", "UMLS": "", "start": 47, "end": 74}]}, "Evidence Propositions": []}, {"Section": "RESULTS", "Text": "Both Lentinan extracts reduced cytokine-induced NF-kappaB activation in human alveolar epithelial A549 cells , with the IHL extract proving more effective at lower doses .", "Evidence Elements": {"Participant": [{"term": "human alveolar epithelial", "negation": "affirmed", "UMLS": "", "start": 72, "end": 97}], "Intervention": [{"term": "Lentinan extracts", "negation": "affirmed", "UMLS": "", "start": 5, "end": 22}, {"term": "IHL extract", "negation": "affirmed", "UMLS": "", "start": 120, "end": 131}], "Outcome": [{"term": "cytokine-induced NF-kappaB activation", "negation": "affirmed", "UMLS": "", "start": 31, "end": 68}]}, "Evidence Propositions": [{"Intervention": ["IHL extract"], "Observation": "more effective", "Outcome": "", "Count": ""}]}, {"Section": "RESULTS", "Text": "In contrast , in activated THP-1 derived macrophages , the CL extract more effectively attenuated pro-inflammatory cytokine production ( TNF-alpha , IL-8 , IL-2 , IL-6 , IL-22 ) as well as TGF-beta and IL-10 .", "Evidence Elements": {"Participant": [{"term": "activated THP-1 derived macrophages", "negation": "affirmed", "UMLS": "", "start": 17, "end": 52}], "Intervention": [{"term": "CL extract", "negation": "affirmed", "UMLS": "", "start": 59, "end": 69}], "Outcome": [{"term": "pro-inflammatory cytokine production", "negation": "affirmed", "UMLS": "", "start": 98, "end": 134}, {"term": "TNF-alpha", "negation": "affirmed", "UMLS": "", "start": 137, "end": 146}, {"term": "IL-8", "negation": "affirmed", "UMLS": "", "start": 149, "end": 153}, {"term": "IL-2", "negation": "affirmed", "UMLS": "", "start": 156, "end": 160}, {"term": "IL-6", "negation": "affirmed", "UMLS": "", "start": 163, "end": 167}]}, "Evidence Propositions": []}, {"Section": "RESULTS", "Text": "The CL extract attenuated oxidative stress-induced early apoptosis , while the IHL extract attenuated late apoptosis .", "Evidence Elements": {"Participant": [], "Intervention": [{"term": "CL extract", "negation": "affirmed", "UMLS": "", "start": 4, "end": 14}, {"term": "IHL extract", "negation": "affirmed", "UMLS": "", "start": 79, "end": 90}], "Outcome": [{"term": "oxidative stress-induced early apoptosis", "negation": "affirmed", "UMLS": "", "start": 26, "end": 66}, {"term": "late", "negation": "affirmed", "UMLS": "", "start": 102, "end": 106}]}, "Evidence Propositions": []}, {"Section": "CONCLUSIONS", "Text": "Our findings demonstrate significant physicochemical differences between Lentinan extracts , which produce differential in vitro immunomodulatory and pulmonary cytoprotective effects that may also have positive relevance to candidate COVID-19 therapeutics targeting cytokine storm .", "Evidence Elements": {"Participant": [], "Intervention": [{"term": "Lentinan extracts", "negation": "affirmed", "UMLS": "", "start": 73, "end": 90}], "Outcome": [{"term": "physicochemical differences", "negation": "affirmed", "UMLS": "", "start": 37, "end": 64}, {"term": "in vitro", "negation": "affirmed", "UMLS": "", "start": 120, "end": 128}, {"term": "immunomodulatory and pulmonary cytoprotective effects", "negation": "affirmed", "UMLS": "", "start": 129, "end": 182}]}, "Evidence Propositions": []}, {"Section": "CONCLUSIONS", "Text": "beta-Glucans from shiitake mushroom reduces IL-1beta , IL-6 in in vitro lung injury model .", "Evidence Elements": {"Participant": [{"term": "injury", "negation": "affirmed", "UMLS": "", "start": 77, "end": 83}], "Intervention": [{"term": "beta-Glucans from shiitake mushroom", "negation": "affirmed", "UMLS": "", "start": 0, "end": 35}], "Outcome": [{"term": "IL-1beta", "negation": "affirmed", "UMLS": "", "start": 44, "end": 52}, {"term": "IL-6", "negation": "affirmed", "UMLS": "", "start": 55, "end": 59}]}, "Evidence Propositions": []}, {"Section": "CONCLUSIONS", "Text": "beta-Glucans from same source can differ in immunomodulatory and pulmonary cytoprotective effects .", "Evidence Elements": {"Participant": [], "Intervention": [], "Outcome": []}, "Evidence Propositions": []}, {"Section": "CONCLUSIONS", "Text": "beta-Glucans can reduce oxidative stress and activate macrophages .", "Evidence Elements": {"Participant": [], "Intervention": [], "Outcome": []}, "Evidence Propositions": []}, {"Section": "CONCLUSIONS", "Text": "beta-Glucans may ameliorate cytokine storm that causes ARDS as seen with COVID-19 .", "Evidence Elements": {"Participant": [], "Intervention": [], "Outcome": []}, "Evidence Propositions": []}]}