{"doc_id": "32415260", "type of study": "Therapy", "title": "", "abstract": "Coronavirus disease 2019 (COVID-19), caused by the novel human coronavirus SARS-CoV-2, is currently a major threat to public health worldwide.\nThe viral spike protein binds the host receptor angiotensin-converting enzyme 2 (ACE2) via the receptor-binding domain (RBD), and thus is believed to be a major target to block viral entry.\nBoth SARS-CoV-2 and SARS-CoV share this mechanism.\nHere we functionally analyzed the key amino acid residues located within receptor binding motif of RBD that may interact with human ACE2 and available neutralizing antibodies.\nThe in vivo experiments showed that immunization with either the SARS-CoV RBD or SARS-CoV-2 RBD was able to induce strong clade-specific neutralizing antibodies in mice; however, the cross-neutralizing activity was much weaker, indicating that there are distinct antigenic features in the RBDs of the two viruses.\nThis finding was confirmed with the available neutralizing monoclonal antibodies against SARS-CoV or SARS-CoV-2.\nIt is worth noting that a newly developed SARS-CoV-2 human antibody, HA001, was able to neutralize SARS-CoV-2, but failed to recognize SARS-CoV. Moreover, the potential epitope residues of HA001 were identified as A475 and F486 in the SARS-CoV-2 RBD, representing new binding sites for neutralizing antibodies.\nOverall, our study has revealed the presence of different key epitopes between SARS-CoV and SARS-CoV-2, which indicates the necessity to develop new prophylactic vaccine and antibody drugs for specific control of the COVID-19 pandemic although the available agents obtained from the SARS-CoV study are unneglectable.\n", "Evidence Map": {"Enrollment": [], "Comparison Results": [], "Study Arm 1 Results": [], "Study Arm 2 Results": []}, "Sentence-level breakdown": [{"Section": "TITLE", "Text": "Coronavirus disease 2019 ( COVID-19 ) , caused by the novel human coronavirus SARS-CoV-2 , is currently a major threat to public health worldwide .", "Evidence Elements": {"Participant": [], "Intervention": [], "Outcome": []}, "Evidence Propositions": []}, {"Section": "METHODS", "Text": "Here we functionally analyzed the key amino acid residues located within receptor binding motif of RBD that may interact with human ACE2 and available neutralizing antibodies .", "Evidence Elements": {"Participant": [], "Intervention": [], "Outcome": []}, "Evidence Propositions": []}, {"Section": "RESULTS", "Text": "The in vivo experiments showed that immunization with either the SARS-CoV RBD or SARS-CoV-2 RBD was able to induce strong clade-specific neutralizing antibodies in mice ; however , the cross-neutralizing activity was much weaker , indicating that there are distinct antigenic features in the RBDs of the two viruses .", "Evidence Elements": {"Participant": [], "Intervention": [{"term": "SARS-CoV RBD", "negation": "affirmed", "UMLS": "", "start": 65, "end": 77}, {"term": "SARS-CoV-2 RBD", "negation": "affirmed", "UMLS": "", "start": 81, "end": 95}, {"term": "RBDs", "negation": "affirmed", "UMLS": "", "start": 292, "end": 296}], "Outcome": [{"term": "clade-specific neutralizing antibodies", "negation": "affirmed", "UMLS": "", "start": 122, "end": 160}, {"term": "cross-neutralizing activity", "negation": "affirmed", "UMLS": "", "start": 185, "end": 212}, {"term": "antigenic features", "negation": "affirmed", "UMLS": "", "start": 266, "end": 284}]}, "Evidence Propositions": [{"Intervention": [], "Observation": "much weaker", "Outcome": "cross-neutralizing activity", "Count": ""}]}, {"Section": "RESULTS", "Text": "This finding was confirmed with the available neutralizing monoclonal antibodies against SARS-CoV or SARS-CoV-2 .", "Evidence Elements": {"Participant": [], "Intervention": [], "Outcome": []}, "Evidence Propositions": []}, {"Section": "RESULTS", "Text": "It is worth noting that a newly developed SARS-CoV-2 human antibody , HA001 , was able to neutralize SARS-CoV-2 , but failed to recognize SARS-CoV . Moreover , the potential epitope residues of HA001 were identified as A475 and F486 in the SARS-CoV-2 RBD , representing new binding sites for neutralizing antibodies .", "Evidence Elements": {"Participant": [], "Intervention": [{"term": "HA001", "negation": "affirmed", "UMLS": "", "start": 70, "end": 75}], "Outcome": [{"term": "SARS-CoV", "negation": "affirmed", "UMLS": "", "start": 42, "end": 50}, {"term": "potential epitope residues", "negation": "affirmed", "UMLS": "", "start": 164, "end": 190}]}, "Evidence Propositions": []}, {"Section": "CONCLUSIONS", "Text": "Overall , our study has revealed the presence of different key epitopes between SARS-CoV and SARS-CoV-2 , which indicates the necessity to develop new prophylactic vaccine and antibody drugs for specific control of the COVID-19 pandemic although the available agents obtained from the SARS-CoV study are unneglectable .", "Evidence Elements": {"Participant": [], "Intervention": [{"term": "SARS-CoV", "negation": "affirmed", "UMLS": "", "start": 80, "end": 88}, {"term": "SARS-CoV-2", "negation": "affirmed", "UMLS": "", "start": 93, "end": 103}], "Outcome": [{"term": "key epitopes", "negation": "affirmed", "UMLS": "", "start": 59, "end": 71}]}, "Evidence Propositions": []}]}