{"doc_id": "32417380", "type of study": "Therapy", "title": "", "abstract": "Since coronavirus disease 2019 (COVID-19) was first identified in Wuhan, China, in December 2019, the number of cases has risen exponentially.\nClinical characteristics and outcomes among patients with orthotopic heart transplant (OHT) with COVID-19 remain poorly described.\nWe performed a retrospective case series of patients with OHT with COVID-19 admitted to 1 of 2 hospitals in Southeastern Michigan between March 21 and April 22, 2020.\nClinical data were obtained through review of the electronic medical record.\nFinal date of follow-up was May 7, 2020.\nDemographic, clinical, laboratory, radiologic, treatment, and mortality data were collected and analyzed.\nWe identified 13 patients with OHT admitted with COVID-19.\nThe mean age of patients was 61 +- 12 years, 100% were black males, and symptoms began 6 +- 4 days before admission.\nThe most common symptoms included subjective fever (92%), shortness of breath (85%), and cough (77%).\nSix patients (46%) required admission to the intensive care unit.\nTwo patients (15%) died during hospitalization.\nBlack men may be at increased risk for COVID-19 among patients with OHT.\nPresenting signs and symptoms in this cohort are similar to those in the general population.\nElevated inflammatory markers on presentation appear to be associated with more severe illness.\n", "Evidence Map": {"Enrollment": [{"term": "OHT", "negation": "affirmed", "UMLS": "", "start": 58, "end": 61}, {"term": "COVID-19", "negation": "affirmed", "UMLS": "", "start": 67, "end": 75}, {"term": "OHT", "negation": "affirmed", "UMLS": "", "start": 31, "end": 34}, {"term": "COVID-19", "negation": "affirmed", "UMLS": "", "start": 49, "end": 57}, {"term": "subjective fever", "negation": "affirmed", "UMLS": "", "start": 34, "end": 50}, {"term": "shortness of breath", "negation": "affirmed", "UMLS": "", "start": 62, "end": 81}, {"term": "Black men", "negation": "affirmed", "UMLS": "", "start": 0, "end": 9}, {"term": "OHT", "negation": "affirmed", "UMLS": "", "start": 68, "end": 71}, {"term": "general population", "negation": "affirmed", "UMLS": "", "start": 73, "end": 91}], "Comparison Results": [], "Study Arm 1 Results": [], "Study Arm 2 Results": []}, "Sentence-level breakdown": [{"Section": "TITLE", "Text": "Since coronavirus disease 2019 ( COVID-19 ) was first identified in Wuhan , China , in December 2019 , the number of cases has risen exponentially .", "Evidence Elements": {"Participant": [], "Intervention": [], "Outcome": []}, "Evidence Propositions": []}, {"Section": "METHODS", "Text": "We performed a retrospective case series of patients with OHT with COVID-19 admitted to 1 of 2 hospitals in Southeastern Michigan between March 21 and April 22 , 2020 .", "Evidence Elements": {"Participant": [{"term": "OHT", "negation": "affirmed", "UMLS": "", "start": 58, "end": 61}, {"term": "COVID-19", "negation": "affirmed", "UMLS": "", "start": 67, "end": 75}], "Intervention": [], "Outcome": []}, "Evidence Propositions": []}, {"Section": "METHODS", "Text": "Clinical data were obtained through review of the electronic medical record .", "Evidence Elements": {"Participant": [], "Intervention": [], "Outcome": []}, "Evidence Propositions": []}, {"Section": "METHODS", "Text": "Final date of follow-up was May 7 , 2020 .", "Evidence Elements": {"Participant": [], "Intervention": [], "Outcome": []}, "Evidence Propositions": []}, {"Section": "METHODS", "Text": "Demographic , clinical , laboratory , radiologic , treatment , and mortality data were collected and analyzed .", "Evidence Elements": {"Participant": [], "Intervention": [], "Outcome": []}, "Evidence Propositions": []}, {"Section": "RESULTS", "Text": "We identified 13 patients with OHT admitted with COVID-19 .", "Evidence Elements": {"Participant": [{"term": "OHT", "negation": "affirmed", "UMLS": "", "start": 31, "end": 34}, {"term": "COVID-19", "negation": "affirmed", "UMLS": "", "start": 49, "end": 57}], "Intervention": [], "Outcome": []}, "Evidence Propositions": []}, {"Section": "RESULTS", "Text": "The mean age of patients was 61+-12 years , 100 % were black males , and symptoms began 6+-4 days before admission .", "Evidence Elements": {"Participant": [], "Intervention": [], "Outcome": []}, "Evidence Propositions": []}, {"Section": "RESULTS", "Text": "The most common symptoms included subjective fever ( 92 % ) , shortness of breath ( 85 % ) , and cough ( 77 % ) .", "Evidence Elements": {"Participant": [{"term": "subjective fever", "negation": "affirmed", "UMLS": "", "start": 34, "end": 50}, {"term": "shortness of breath", "negation": "affirmed", "UMLS": "", "start": 62, "end": 81}], "Intervention": [], "Outcome": []}, "Evidence Propositions": []}, {"Section": "RESULTS", "Text": "Six patients ( 46 % ) required admission to the intensive care unit .", "Evidence Elements": {"Participant": [], "Intervention": [], "Outcome": [{"term": "admission to the", "negation": "affirmed", "UMLS": "", "start": 31, "end": 47}]}, "Evidence Propositions": []}, {"Section": "RESULTS", "Text": "Two patients ( 15 % ) died during hospitalization .", "Evidence Elements": {"Participant": [], "Intervention": [], "Outcome": []}, "Evidence Propositions": []}, {"Section": "CONCLUSIONS", "Text": "Black men may be at increased risk for COVID-19 among patients with OHT .", "Evidence Elements": {"Participant": [{"term": "Black men", "negation": "affirmed", "UMLS": "", "start": 0, "end": 9}, {"term": "OHT", "negation": "affirmed", "UMLS": "", "start": 68, "end": 71}], "Intervention": [], "Outcome": [{"term": "risk for COVID-19", "negation": "affirmed", "UMLS": "", "start": 30, "end": 47}]}, "Evidence Propositions": []}, {"Section": "CONCLUSIONS", "Text": "Presenting signs and symptoms in this cohort are similar to those in the general population .", "Evidence Elements": {"Participant": [{"term": "general population", "negation": "affirmed", "UMLS": "", "start": 73, "end": 91}], "Intervention": [], "Outcome": [{"term": "Presenting signs", "negation": "affirmed", "UMLS": "", "start": 0, "end": 16}, {"term": "symptoms", "negation": "affirmed", "UMLS": "", "start": 21, "end": 29}]}, "Evidence Propositions": [{"Intervention": [], "Observation": "similar", "Outcome": "Presenting signs", "Count": ""}, {"Intervention": [], "Observation": "similar", "Outcome": "symptoms", "Count": ""}]}, {"Section": "CONCLUSIONS", "Text": "Elevated inflammatory markers on presentation appear to be associated with more severe illness .", "Evidence Elements": {"Participant": [], "Intervention": [{"term": "Elevated inflammatory markers", "negation": "affirmed", "UMLS": "", "start": 0, "end": 29}], "Outcome": [{"term": "severe illness", "negation": "affirmed", "UMLS": "", "start": 80, "end": 94}]}, "Evidence Propositions": []}]}