{"doc_id": "32410807", "type of study": "Therapy", "title": "", "abstract": "Cerebrovascular was associated with increased mortality and borderline increase in severity of COVID-19.\nCardiovascular was associated with increased mortality and severity of COVID-19.\nGender, age, hypertension, diabetes, and respiratory comorbidities did not influence the association The association between cerebrovascular disease and poor outcome in COVID-19 was not affected by cardiovascular diseases and vice versa.\nBackground We conducted this systematic review and meta-analysis to evaluate the latest evidence on the association between cerebrovascular, cardiovascular disease, and poor outcome in patients with Coronavirus Disease 2019 (COVID-19) pneumonia.\nMethods A comprehensive systematic literature search was performed using PubMed, SCOPUS, EuropePMC, and Cochrane Central Database.\nThe outcome of interest was composite poor outcome that comprised of mortality and severe COVID-19.\nResults A total of 4448 patients were obtained from 16 studies.\nCerebrovascular disease was associated with increased poor composite outcome (RR 2.04 [1.43, 2.91], p<0.001; I2: 77%).\nSubgroup analysis revealed that cerebrovascular disease was associated with mortality (RR 2.38 [1.92, 2.96], p<0.001; I2: 0%) and was borderline significant for severe COVID-19 (RR 1.88 [1.00, 3.51], p=0.05; I2: 87%).\nCardiovascular disease was associated with increased composite poor outcome (RR 2.23 [1.71, 2.91], p<0.001; I2: 60%), and its mortality (RR 2.25 [1.53, 3.29], p<0.001; I2: 33%) and severe COVID-19 (RR 2.25 [1.51, 3.36], p<0.001; I2: 76%) subgroup.\nMeta-regression demonstrate that the association was not influenced by gender, age, hypertension, diabetes, and respiratory comorbidities.\nThe association between cerebrovascular disease and poor outcome was not affected by cardiovascular diseases and vice versa.\nConclusion Cerebrovascular and cardiovascular diseases were associated with increased risk for poor outcome in COVID-19.\n", "Evidence Map": {"Enrollment": [{"term": "COVID-19", "negation": "negated", "UMLS": "", "start": 173, "end": 181}, {"term": "Coronavirus Disease 2019", "negation": "affirmed", "UMLS": "", "start": 201, "end": 225}, {"term": "COVID-19", "negation": "affirmed", "UMLS": "", "start": 111, "end": 119}], "Comparison Results": [], "Study Arm 1 Results": [], "Study Arm 2 Results": []}, "Sentence-level breakdown": [{"Section": "TITLE", "Text": "Cerebrovascular was associated with increased mortality and borderline increase in severity of COVID-19 .", "Evidence Elements": {"Participant": [], "Intervention": [{"term": "Cerebrovascular", "negation": "affirmed", "UMLS": "", "start": 0, "end": 15}], "Outcome": [{"term": "mortality", "negation": "affirmed", "UMLS": "", "start": 46, "end": 55}, {"term": "severity of COVID-19", "negation": "affirmed", "UMLS": "", "start": 83, "end": 103}]}, "Evidence Propositions": [{"Intervention": "Cerebrovascular", "Observation": "borderline increase", "Outcome": "severity of COVID-19", "Count": ""}]}, {"Section": "OBJECTIVE", "Text": "Background We conducted this systematic review and meta-analysis to evaluate the latest evidence on the association between cerebrovascular , cardiovascular disease , and poor outcome in patients with Coronavirus Disease 2019 ( COVID-19 ) pneumonia .", "Evidence Elements": {"Participant": [{"term": "Coronavirus Disease 2019", "negation": "affirmed", "UMLS": "", "start": 201, "end": 225}], "Intervention": [], "Outcome": [{"term": "cerebrovascular , cardiovascular disease", "negation": "affirmed", "UMLS": "", "start": 124, "end": 164}, {"term": "poor outcome", "negation": "affirmed", "UMLS": "", "start": 171, "end": 183}]}, "Evidence Propositions": []}, {"Section": "OBJECTIVE", "Text": "Methods A comprehensive systematic literature search was performed using PubMed , SCOPUS , EuropePMC , and Cochrane Central Database .", "Evidence Elements": {"Participant": [], "Intervention": [], "Outcome": []}, "Evidence Propositions": []}, {"Section": "OBJECTIVE", "Text": "The outcome of interest was composite poor outcome that comprised of mortality and severe COVID-19 .", "Evidence Elements": {"Participant": [], "Intervention": [], "Outcome": [{"term": "composite poor outcome", "negation": "affirmed", "UMLS": "", "start": 28, "end": 50}, {"term": "mortality", "negation": "affirmed", "UMLS": "", "start": 69, "end": 78}, {"term": "severe COVID-19", "negation": "affirmed", "UMLS": "", "start": 83, "end": 98}]}, "Evidence Propositions": []}, {"Section": "RESULTS", "Text": "Results A total of 4448 patients were obtained from 16 studies .", "Evidence Elements": {"Participant": [], "Intervention": [], "Outcome": []}, "Evidence Propositions": []}, {"Section": "RESULTS", "Text": "Cerebrovascular disease was associated with increased poor composite outcome ( RR 2.04 [ 1.43 , 2.91 ] , p < 0.001 ; I2 : 77 % ) .", "Evidence Elements": {"Participant": [], "Intervention": [{"term": "Cerebrovascular disease", "negation": "affirmed", "UMLS": "", "start": 0, "end": 23}], "Outcome": [{"term": "poor composite outcome", "negation": "affirmed", "UMLS": "", "start": 54, "end": 76}]}, "Evidence Propositions": []}, {"Section": "RESULTS", "Text": "Subgroup analysis revealed that cerebrovascular disease was associated with mortality ( RR 2.38 [ 1.92 , 2.96 ] , p < 0.001 ; I2 : 0 % ) and was borderline significant for severe COVID-19 ( RR 1.88 [ 1.00 , 3.51 ] , p = 0.05 ; I2 : 87 % ) .", "Evidence Elements": {"Participant": [], "Intervention": [{"term": "cerebrovascular disease", "negation": "affirmed", "UMLS": "", "start": 32, "end": 55}], "Outcome": [{"term": "mortality", "negation": "affirmed", "UMLS": "", "start": 76, "end": 85}]}, "Evidence Propositions": []}, {"Section": "RESULTS", "Text": "Cardiovascular disease was associated with increased composite poor outcome ( RR 2.23 [ 1.71 , 2.91 ] , p < 0.001 ; I2 : 60 % ) , and its mortality ( RR 2.25 [ 1.53 , 3.29 ] , p < 0.001 ; I2 : 33 % ) and severe COVID-19 ( RR 2.25 [ 1.51 , 3.36 ] , p < 0.001 ; I2 : 76 % ) subgroup .", "Evidence Elements": {"Participant": [], "Intervention": [{"term": "Cardiovascular disease", "negation": "affirmed", "UMLS": "", "start": 0, "end": 22}], "Outcome": [{"term": "composite poor outcome", "negation": "affirmed", "UMLS": "", "start": 53, "end": 75}, {"term": "mortality", "negation": "affirmed", "UMLS": "", "start": 138, "end": 147}]}, "Evidence Propositions": []}, {"Section": "RESULTS", "Text": "Meta-regression demonstrate that the association was not influenced by gender , age , hypertension , diabetes , and respiratory comorbidities .", "Evidence Elements": {"Participant": [], "Intervention": [], "Outcome": []}, "Evidence Propositions": []}, {"Section": "RESULTS", "Text": "The association between cerebrovascular disease and poor outcome was not affected by cardiovascular diseases and vice versa .", "Evidence Elements": {"Participant": [], "Intervention": [{"term": "cerebrovascular disease", "negation": "affirmed", "UMLS": "", "start": 24, "end": 47}, {"term": "cardiovascular diseases", "negation": "negated", "UMLS": "", "start": 85, "end": 108}], "Outcome": [{"term": "poor outcome", "negation": "affirmed", "UMLS": "", "start": 52, "end": 64}]}, "Evidence Propositions": [{"Intervention": "cerebrovascular disease", "Observation": "association", "Outcome": "poor outcome", "Count": ""}, {"Intervention": "cardiovascular diseases", "Observation": "association", "Outcome": "poor outcome", "Count": ""}]}, {"Section": "CONCLUSIONS", "Text": "Conclusion Cerebrovascular and cardiovascular diseases were associated with increased risk for poor outcome in COVID-19 .", "Evidence Elements": {"Participant": [{"term": "COVID-19", "negation": "affirmed", "UMLS": "", "start": 111, "end": 119}], "Intervention": [{"term": "Cerebrovascular and cardiovascular diseases", "negation": "affirmed", "UMLS": "", "start": 11, "end": 54}], "Outcome": [{"term": "risk for poor outcome", "negation": "affirmed", "UMLS": "", "start": 86, "end": 107}]}, "Evidence Propositions": []}]}