{"doc_id": "32418114", "type of study": "Therapy", "title": "", "abstract": "Coronavirus disease 2019 (COVID-19) is a pandemic with no specific drugs and high fatality.\nThe most urgent need is to find effective treatments.\nWe sought to determine whether hydroxychloroquine (HCQ) application may reduce the death risk of critically ill COVID-19 patients.\nIn this retrospective study, we included 550 critically ill COVID-19 patients who need mechanical ventilation in Tongji Hospital, Wuhan, from February 1, 2020 to April 4, 2020.\nAll 550 patients received comparable basic treatments including antiviral drugs and antibiotics, and 48 of them were treated with oral HCQ treatment (200 mg twice a day for 7-10 days) in addition to the basic treatments.\nPrimary endpoint is fatality of patients, and inflammatory cytokine levels were compared between HCQ and non-hydroxychloroquine (NHCQ) treatments.\nWe found that fatalities are 18.8% (9/48) in HCQ group, which is significantly lower than 47.4% (238/502) in the NHCQ group (P<0.001).\nThe time of hospital stay before patient death is 15 (10-21) days and 8 (4-14) days for the HCQ and NHCQ groups, respectively (P<0.05).\nThe levels of inflammatory cytokine IL-6 were significantly reduced from 22.2 (8.3-118.9) pg mL-1 at the beginning of the treatment to 5.2 (3.0-23.4) pg mL-1 (P<0.05) at the end of the treatment in the HCQ group but there is no change in the NHCQ group.\nThese data demonstrate that addition of HCQ on top of the basic treatments is highly effective in reducing the fatality of critically ill patients of COVID-19 through attenuation of inflammatory cytokine storm.\nTherefore, HCQ should be prescribed as a part of treatment for critically ill COVID-19 patients, with possible outcome of saving lives.\nhydroxychloroquine, IL-6, mortalities, COVID-19\n", "Evidence Map": {"Enrollment": [{"term": "critically ill", "negation": "affirmed", "UMLS": "", "start": 99, "end": 113}, {"term": "critically ill COVID-19", "negation": "affirmed", "UMLS": "", "start": 46, "end": 69}, {"term": "mechanical ventilation", "negation": "affirmed", "UMLS": "", "start": 88, "end": 110}, {"term": "critically ill patients of COVID-19", "negation": "affirmed", "UMLS": "", "start": 123, "end": 158}, {"term": "critically ill COVID-19", "negation": "affirmed", "UMLS": "", "start": 64, "end": 87}], "Comparison Results": [], "Study Arm 1 Results": [], "Study Arm 2 Results": []}, "Sentence-level breakdown": [{"Section": "TITLE", "Text": "Coronavirus disease 2019 ( COVID-19 ) is a pandemic with no specific drugs and high fatality .", "Evidence Elements": {"Participant": [], "Intervention": [], "Outcome": []}, "Evidence Propositions": []}, {"Section": "OBJECTIVE", "Text": "We sought to determine whether hydroxychloroquine ( HCQ ) application may reduce the death risk of critically ill COVID-19 patients .", "Evidence Elements": {"Participant": [{"term": "critically ill", "negation": "affirmed", "UMLS": "", "start": 99, "end": 113}], "Intervention": [{"term": "hydroxychloroquine ( HCQ ) application", "negation": "affirmed", "UMLS": "", "start": 31, "end": 69}], "Outcome": [{"term": "death risk", "negation": "affirmed", "UMLS": "", "start": 85, "end": 95}]}, "Evidence Propositions": [{"Intervention": "hydroxychloroquine ( HCQ ) application", "Observation": "reduce", "Outcome": "death risk", "Count": ""}]}, {"Section": "METHODS", "Text": "In this retrospective study , we included 550 critically ill COVID-19 patients who need mechanical ventilation in Tongji Hospital , Wuhan , from February 1 , 2020 to April 4 , 2020 .", "Evidence Elements": {"Participant": [{"term": "critically ill COVID-19", "negation": "affirmed", "UMLS": "", "start": 46, "end": 69}, {"term": "mechanical ventilation", "negation": "affirmed", "UMLS": "", "start": 88, "end": 110}], "Intervention": [], "Outcome": []}, "Evidence Propositions": []}, {"Section": "METHODS", "Text": "All 550 patients received comparable basic treatments including antiviral drugs and antibiotics , and 48 of them were treated with oral HCQ treatment ( 200 mg twice a day for 7-10 days ) in addition to the basic treatments .", "Evidence Elements": {"Participant": [], "Intervention": [{"term": "oral HCQ treatment", "negation": "affirmed", "UMLS": "", "start": 131, "end": 149}], "Outcome": []}, "Evidence Propositions": []}, {"Section": "METHODS", "Text": "Primary endpoint is fatality of patients , and inflammatory cytokine levels were compared between HCQ and non-hydroxychloroquine ( NHCQ ) treatments .", "Evidence Elements": {"Participant": [], "Intervention": [{"term": "HCQ", "negation": "affirmed", "UMLS": "", "start": 98, "end": 101}, {"term": "non-hydroxychloroquine (", "negation": "affirmed", "UMLS": "", "start": 106, "end": 130}], "Outcome": [{"term": "fatality of patients", "negation": "affirmed", "UMLS": "", "start": 20, "end": 40}, {"term": "inflammatory cytokine levels", "negation": "affirmed", "UMLS": "", "start": 47, "end": 75}]}, "Evidence Propositions": []}, {"Section": "RESULTS", "Text": "We found that fatalities are 18.8 % ( 9 / 48 ) in HCQ group , which is significantly lower than 47.4 % ( 238 / 502 ) in the NHCQ group ( P < 0.001 ) .", "Evidence Elements": {"Participant": [], "Intervention": [{"term": "HCQ", "negation": "affirmed", "UMLS": "", "start": 50, "end": 53}], "Outcome": [{"term": "fatalities", "negation": "affirmed", "UMLS": "", "start": 14, "end": 24}]}, "Evidence Propositions": [{"Intervention": "HCQ", "Observation": "18.8 % (", "Outcome": "fatalities", "Count": ""}, {"Intervention": ["HCQ"], "Observation": "significantly lower", "Outcome": "fatalities", "Count": ""}, {"Intervention": "HCQ", "Observation": "", "Count": "48 )", "Outcome": "fatalities"}]}, {"Section": "RESULTS", "Text": "The time of hospital stay before patient death is 15 ( 10-21 ) days and 8 ( 4-14 ) days for the HCQ and NHCQ groups , respectively ( P < 0.05 ) .", "Evidence Elements": {"Participant": [], "Intervention": [{"term": "HCQ", "negation": "affirmed", "UMLS": "", "start": 96, "end": 99}], "Outcome": [{"term": "time of hospital stay before patient death", "negation": "affirmed", "UMLS": "", "start": 4, "end": 46}]}, "Evidence Propositions": [{"Intervention": "HCQ", "Observation": "15 ( 10-21 ) days", "Outcome": "time of hospital stay before patient death", "Count": ""}]}, {"Section": "RESULTS", "Text": "The levels of inflammatory cytokine IL-6 were significantly reduced from 22.2 ( 8.3-118.9 ) pg mL-1 at the beginning of the treatment to 5.2 ( 3.0-23.4 ) pg mL-1 ( P < 0.05 ) at the end of the treatment in the HCQ group but there is no change in the NHCQ group .", "Evidence Elements": {"Participant": [], "Intervention": [{"term": "HCQ", "negation": "negated", "UMLS": "", "start": 210, "end": 213}], "Outcome": [{"term": "levels of inflammatory cytokine IL-6", "negation": "affirmed", "UMLS": "", "start": 4, "end": 40}]}, "Evidence Propositions": [{"Intervention": "HCQ", "Observation": "5.2 ( 3.0-23.4 ) pg mL-1", "Outcome": "levels of inflammatory cytokine IL-6", "Count": ""}]}, {"Section": "CONCLUSIONS", "Text": "These data demonstrate that addition of HCQ on top of the basic treatments is highly effective in reducing the fatality of critically ill patients of COVID-19 through attenuation of inflammatory cytokine storm .", "Evidence Elements": {"Participant": [{"term": "critically ill patients of COVID-19", "negation": "affirmed", "UMLS": "", "start": 123, "end": 158}], "Intervention": [{"term": "addition of HCQ on top of the basic treatments", "negation": "affirmed", "UMLS": "", "start": 28, "end": 74}], "Outcome": [{"term": "fatality", "negation": "affirmed", "UMLS": "", "start": 111, "end": 119}, {"term": "inflammatory cytokine storm", "negation": "affirmed", "UMLS": "", "start": 182, "end": 209}]}, "Evidence Propositions": [{"Intervention": "addition of HCQ on top of the basic treatments", "Observation": "reducing", "Outcome": "fatality", "Count": ""}, {"Intervention": "addition of HCQ on top of the basic treatments", "Observation": "attenuation", "Outcome": "inflammatory cytokine storm", "Count": ""}]}, {"Section": "CONCLUSIONS", "Text": "Therefore , HCQ should be prescribed as a part of treatment for critically ill COVID-19 patients , with possible outcome of saving lives .", "Evidence Elements": {"Participant": [{"term": "critically ill COVID-19", "negation": "affirmed", "UMLS": "", "start": 64, "end": 87}], "Intervention": [{"term": "HCQ", "negation": "affirmed", "UMLS": "", "start": 12, "end": 15}], "Outcome": []}, "Evidence Propositions": []}, {"Section": "CONCLUSIONS", "Text": "hydroxychloroquine , IL-6 , mortalities , COVID-19", "Evidence Elements": {"Participant": [], "Intervention": [], "Outcome": [{"term": "hydroxychloroquine", "negation": "affirmed", "UMLS": "", "start": 0, "end": 18}, {"term": "IL-6", "negation": "affirmed", "UMLS": "", "start": 21, "end": 25}]}, "Evidence Propositions": []}]}