{"doc_id": "32411313", "type of study": "Therapy", "title": "", "abstract": "Dysregulation of inflammation is hypothesized to play a crucial role in the severe complications of COVID-19, with IL-1/IL-6 pathway being central.\nHere, we report on the treatment of eight severe COVID-19 pneumonia patients-- seven hospitalized in intensive care units (ICUs) in Greece and one non-ICU patient in the Netherlands-- with the interleukin-1 receptor antagonist Anakinra.\nAll patients scored positive for the hemophagocytosis score (HScore) and were diagnosed with secondary hemophagocytic lymphohistocytosis (sHLH) characterized by pancytopenia, hyper-coagulation, acute kidney injury and hepatobiliary dysfunction.\nAt the end-of-treatment, ICU patients had less need for vasopressors, significantly improved respiratory function and lower HScore.\nAlthough three patients died, the mortality was lower than historical series of patients with sHLH in sepsis.\nThese data suggest that administration of Anakinra may be beneficial for treating severe COVID-19 patients with sHLH as determined by the HScore and support the need for larger clinical studies to validate this concept.\nAnakinra treatment was administered to eight severe COVID-19 patients All patients had secondary hemophagocytic lymphohistiocytosis Respiratory function was improved at the end of treatment In one patient the need of mechanical ventilation was prevented\n", "Evidence Map": {"Enrollment": [{"term": "severe COVID-19 pneumonia", "negation": "affirmed", "UMLS": "", "start": 43, "end": 68}, {"term": "hospitalized", "negation": "affirmed", "UMLS": "", "start": 87, "end": 99}, {"term": "non-ICU", "negation": "affirmed", "UMLS": "", "start": 151, "end": 158}, {"term": "secondary hemophagocytic lymphohistocytosis ( sHLH )", "negation": "affirmed", "UMLS": "", "start": 95, "end": 147}, {"term": "pancytopenia", "negation": "affirmed", "UMLS": "", "start": 165, "end": 177}, {"term": "hyper-coagulation", "negation": "affirmed", "UMLS": "", "start": 180, "end": 197}, {"term": "severe COVID-19", "negation": "affirmed", "UMLS": "", "start": 82, "end": 97}, {"term": "sHLH", "negation": "affirmed", "UMLS": "", "start": 112, "end": 116}, {"term": "severe COVID-19", "negation": "affirmed", "UMLS": "", "start": 45, "end": 60}, {"term": "secondary hemophagocytic lymphohistiocytosis", "negation": "affirmed", "UMLS": "", "start": 87, "end": 131}], "Comparison Results": [], "Study Arm 1 Results": [], "Study Arm 2 Results": []}, "Sentence-level breakdown": [{"Section": "TITLE", "Text": "Dysregulation of inflammation is hypothesized to play a crucial role in the severe complications of COVID-19 , with IL-1 / IL-6 pathway being central .", "Evidence Elements": {"Participant": [], "Intervention": [], "Outcome": []}, "Evidence Propositions": []}, {"Section": "METHODS", "Text": "Here , we report on the treatment of eight severe COVID-19 pneumonia patients -- seven hospitalized in intensive care units ( ICUs ) in Greece and one non-ICU patient in the Netherlands -- with the interleukin-1 receptor antagonist Anakinra .", "Evidence Elements": {"Participant": [{"term": "severe COVID-19 pneumonia", "negation": "affirmed", "UMLS": "", "start": 43, "end": 68}, {"term": "hospitalized", "negation": "affirmed", "UMLS": "", "start": 87, "end": 99}, {"term": "non-ICU", "negation": "affirmed", "UMLS": "", "start": 151, "end": 158}], "Intervention": [], "Outcome": []}, "Evidence Propositions": []}, {"Section": "METHODS", "Text": "All patients scored positive for the hemophagocytosis score ( HScore ) and were diagnosed with secondary hemophagocytic lymphohistocytosis ( sHLH ) characterized by pancytopenia , hyper-coagulation , acute kidney injury and hepatobiliary dysfunction .", "Evidence Elements": {"Participant": [{"term": "secondary hemophagocytic lymphohistocytosis ( sHLH )", "negation": "affirmed", "UMLS": "", "start": 95, "end": 147}, {"term": "pancytopenia", "negation": "affirmed", "UMLS": "", "start": 165, "end": 177}, {"term": "hyper-coagulation", "negation": "affirmed", "UMLS": "", "start": 180, "end": 197}], "Intervention": [], "Outcome": [{"term": "hemophagocytosis score ( HScore )", "negation": "affirmed", "UMLS": "", "start": 37, "end": 70}]}, "Evidence Propositions": []}, {"Section": "RESULTS", "Text": "At the end-of-treatment , ICU patients had less need for vasopressors , significantly improved respiratory function and lower HScore .", "Evidence Elements": {"Participant": [], "Intervention": [{"term": "ICU", "negation": "affirmed", "UMLS": "", "start": 26, "end": 29}], "Outcome": [{"term": "need for vasopressors", "negation": "affirmed", "UMLS": "", "start": 48, "end": 69}, {"term": "respiratory function", "negation": "affirmed", "UMLS": "", "start": 95, "end": 115}]}, "Evidence Propositions": []}, {"Section": "RESULTS", "Text": "Although three patients died , the mortality was lower than historical series of patients with sHLH in sepsis .", "Evidence Elements": {"Participant": [], "Intervention": [{"term": "sHLH", "negation": "affirmed", "UMLS": "", "start": 95, "end": 99}], "Outcome": [{"term": "died", "negation": "affirmed", "UMLS": "", "start": 24, "end": 28}, {"term": "mortality", "negation": "affirmed", "UMLS": "", "start": 35, "end": 44}]}, "Evidence Propositions": [{"Intervention": ["sHLH"], "Observation": "lower", "Outcome": "mortality", "Count": ""}]}, {"Section": "CONCLUSIONS", "Text": "These data suggest that administration of Anakinra may be beneficial for treating severe COVID-19 patients with sHLH as determined by the HScore and support the need for larger clinical studies to validate this concept .", "Evidence Elements": {"Participant": [{"term": "severe COVID-19", "negation": "affirmed", "UMLS": "", "start": 82, "end": 97}, {"term": "sHLH", "negation": "affirmed", "UMLS": "", "start": 112, "end": 116}], "Intervention": [{"term": "Anakinra", "negation": "affirmed", "UMLS": "", "start": 42, "end": 50}], "Outcome": []}, "Evidence Propositions": []}, {"Section": "CONCLUSIONS", "Text": "Anakinra treatment was administered to eight severe COVID-19 patients All patients had secondary hemophagocytic lymphohistiocytosis Respiratory function was improved at the end of treatment In one patient the need of mechanical ventilation was prevented", "Evidence Elements": {"Participant": [{"term": "severe COVID-19", "negation": "affirmed", "UMLS": "", "start": 45, "end": 60}, {"term": "secondary hemophagocytic lymphohistiocytosis", "negation": "affirmed", "UMLS": "", "start": 87, "end": 131}], "Intervention": [{"term": "Anakinra treatment", "negation": "affirmed", "UMLS": "", "start": 0, "end": 18}], "Outcome": [{"term": "Respiratory function", "negation": "affirmed", "UMLS": "", "start": 132, "end": 152}, {"term": "need of mechanical ventilation", "negation": "affirmed", "UMLS": "", "start": 209, "end": 239}]}, "Evidence Propositions": []}]}