{"doc_id": "32417708", "type of study": "Therapy", "title": "", "abstract": "The role of hydroxychloroquine (HCQ) in the treatment of COVID-19 is not fully known.\nWe studied the efficacy of HCQ compared to the control in COVID-19 subjects on - a. viral clearance measured by reverse transcriptase polymerase chain reaction (RT-PCR) and, b. death due to all cause.\nPubMed, Scopus, Cochrane and MedRxiv database were searched using the specific keywords up to April 30, 2020.\nStudies that met our objectives were assessed for the risk of bias applying various tools as indicated.\nThree studies each that reported the outcome of viral clearance by RT-PCR and death due to all cause, were meta-analyzed by applying inverse variance-weighted averages of logarithmic risk ratio (RR) using a random effects model.\nHeterogeneity and publication bias were assessed using the I2 statistic and funnel plots, respectively.\nMeta-analysis of 3 studies (n = 210) on viral clearance assessed by RT-PCR showed no benefit (RR, 1.05; 95% CI, 0.79 to 1.38; p = 0.74), although with a moderate heterogeneity (I2 = 61.7%, p = 0.07).\nWhile meta-analysis of 3 studies (n = 474) showed a significant increase in death with HCQ, compared to the control (RR, 2.17; 95% 1.32 to 3.57; p = 0.002), without any heterogeneity (I2 = 0.0%, p = 0.43).\nNo benefit on viral clearance but a significant increase in mortality was observed with HCQ compared to control in patients with COVID-19.\nThe role of hydroxychloroquine in the treatment of COVID-19 is not fully known.\nWhile initial studies with hydroxychloroquine showed some ray of hope, recent studies that have emerged found either no benefit or a possible harm in COVID-19.\nThis meta-analysis showed no benefit on viral clearance, although a significant increase in death was observed with hydroxychloroquine in patients with COVID-19, compared to the control.\n", "Evidence Map": {"Enrollment": [{"term": "COVID-19", "negation": "affirmed", "UMLS": "", "start": 58, "end": 66}, {"term": "COVID-19", "negation": "affirmed", "UMLS": "", "start": 129, "end": 137}, {"term": "COVID-19", "negation": "affirmed", "UMLS": "", "start": 153, "end": 161}], "Comparison Results": [], "Study Arm 1 Results": [], "Study Arm 2 Results": []}, "Sentence-level breakdown": [{"Section": "TITLE", "Text": "The role of hydroxychloroquine ( HCQ ) in the treatment of COVID-19 is not fully known .", "Evidence Elements": {"Participant": [], "Intervention": [], "Outcome": []}, "Evidence Propositions": []}, {"Section": "OBJECTIVE", "Text": "We studied the efficacy of HCQ compared to the control in COVID-19 subjects on -a . viral clearance measured by reverse transcriptase polymerase chain reaction ( RT-PCR ) and , b . death due to all cause .", "Evidence Elements": {"Participant": [{"term": "COVID-19", "negation": "affirmed", "UMLS": "", "start": 58, "end": 66}], "Intervention": [{"term": "HCQ", "negation": "affirmed", "UMLS": "", "start": 27, "end": 30}, {"term": "control", "negation": "affirmed", "UMLS": "", "start": 47, "end": 54}], "Outcome": [{"term": "viral clearance", "negation": "affirmed", "UMLS": "", "start": 84, "end": 99}, {"term": "death", "negation": "affirmed", "UMLS": "", "start": 181, "end": 186}]}, "Evidence Propositions": []}, {"Section": "METHODS", "Text": "PubMed , Scopus , Cochrane and MedRxiv database were searched using the specific keywords up to April 30 , 2020 .", "Evidence Elements": {"Participant": [], "Intervention": [], "Outcome": []}, "Evidence Propositions": []}, {"Section": "METHODS", "Text": "Studies that met our objectives were assessed for the risk of bias applying various tools as indicated .", "Evidence Elements": {"Participant": [], "Intervention": [], "Outcome": []}, "Evidence Propositions": []}, {"Section": "METHODS", "Text": "Three studies each that reported the outcome of viral clearance by RT-PCR and death due to all cause , were meta-analyzed by applying inverse variance-weighted averages of logarithmic risk ratio ( RR ) using a random effects model .", "Evidence Elements": {"Participant": [], "Intervention": [], "Outcome": [{"term": "viral clearance by RT-PCR", "negation": "affirmed", "UMLS": "", "start": 48, "end": 73}, {"term": "death due to all cause", "negation": "affirmed", "UMLS": "", "start": 78, "end": 100}, {"term": "logarithmic risk ratio ( RR )", "negation": "affirmed", "UMLS": "", "start": 172, "end": 201}]}, "Evidence Propositions": []}, {"Section": "METHODS", "Text": "Heterogeneity and publication bias were assessed using the I2 statistic and funnel plots , respectively .", "Evidence Elements": {"Participant": [], "Intervention": [], "Outcome": [{"term": "Heterogeneity", "negation": "affirmed", "UMLS": "", "start": 0, "end": 13}, {"term": "publication bias", "negation": "affirmed", "UMLS": "", "start": 18, "end": 34}]}, "Evidence Propositions": []}, {"Section": "RESULTS", "Text": "Meta-analysis of 3 studies ( n = 210 ) on viral clearance assessed by RT-PCR showed no benefit ( RR , 1.05 ; 95 % CI , 0.79 to 1.38 ; p= 0.74 ) , although with a moderate heterogeneity ( I2 = 61.7 % , p= 0.07 ) .", "Evidence Elements": {"Participant": [], "Intervention": [], "Outcome": [{"term": "viral clearance", "negation": "affirmed", "UMLS": "", "start": 42, "end": 57}]}, "Evidence Propositions": []}, {"Section": "RESULTS", "Text": "While meta-analysis of 3 studies ( n = 474 ) showed a significant increase in death with HCQ , compared to the control ( RR , 2.17 ; 95 % 1.32 to 3.57 ; p = 0.002 ) , without any heterogeneity ( I2 = 0.0 % , p = 0.43 ) .", "Evidence Elements": {"Participant": [], "Intervention": [{"term": "HCQ", "negation": "affirmed", "UMLS": "", "start": 89, "end": 92}, {"term": "control", "negation": "affirmed", "UMLS": "", "start": 111, "end": 118}], "Outcome": [{"term": "death", "negation": "affirmed", "UMLS": "", "start": 78, "end": 83}]}, "Evidence Propositions": [{"Intervention": "HCQ", "Observation": "significant increase", "Outcome": "death", "Count": ""}, {"Intervention": "control", "Observation": "significant increase", "Outcome": "death", "Count": ""}]}, {"Section": "RESULTS", "Text": "No benefit on viral clearance but a significant increase in mortality was observed with HCQ compared to control in patients with COVID-19 .", "Evidence Elements": {"Participant": [{"term": "COVID-19", "negation": "affirmed", "UMLS": "", "start": 129, "end": 137}], "Intervention": [{"term": "HCQ", "negation": "affirmed", "UMLS": "", "start": 88, "end": 91}, {"term": "control", "negation": "affirmed", "UMLS": "", "start": 104, "end": 111}], "Outcome": [{"term": "viral clearance", "negation": "negated", "UMLS": "", "start": 14, "end": 29}, {"term": "mortality", "negation": "affirmed", "UMLS": "", "start": 60, "end": 69}]}, "Evidence Propositions": [{"Intervention": "HCQ", "Observation": "significant increase", "Outcome": "mortality", "Count": ""}, {"Intervention": "control", "Observation": "significant increase", "Outcome": "mortality", "Count": ""}]}, {"Section": "CONCLUSIONS", "Text": "The role of hydroxychloroquine in the treatment of COVID-19 is not fully known .", "Evidence Elements": {"Participant": [], "Intervention": [], "Outcome": []}, "Evidence Propositions": []}, {"Section": "CONCLUSIONS", "Text": "While initial studies with hydroxychloroquine showed some ray of hope , recent studies that have emerged found either no benefit or a possible harm in COVID-19 .", "Evidence Elements": {"Participant": [], "Intervention": [], "Outcome": []}, "Evidence Propositions": []}, {"Section": "CONCLUSIONS", "Text": "This meta-analysis showed no benefit on viral clearance , although a significant increase in death was observed with hydroxychloroquine in patients with COVID-19 , compared to the control .", "Evidence Elements": {"Participant": [{"term": "COVID-19", "negation": "affirmed", "UMLS": "", "start": 153, "end": 161}], "Intervention": [{"term": "hydroxychloroquine", "negation": "affirmed", "UMLS": "", "start": 117, "end": 135}], "Outcome": [{"term": "viral clearance", "negation": "negated", "UMLS": "", "start": 40, "end": 55}, {"term": "death", "negation": "affirmed", "UMLS": "", "start": 93, "end": 98}]}, "Evidence Propositions": [{"Intervention": "hydroxychloroquine", "Observation": "significant increase", "Outcome": "death", "Count": ""}]}]}