{"doc_id": "32414755", "type of study": "Therapy", "title": "", "abstract": "To address concerns regarding the effect of MS disease-modifying therapies (DMTs) on the expression of coronavirus 2019 (COVID-19).\nReview of the current state of knowledge regarding the viral etiology of COVID-19, mechanisms of injury by SARS-CoV-2 infection, and the effect of individual DMTs on the risk of infection and COVID-19 disease expression.\nAlthough data are limited, MS DMTs do not obviously increase the risk of acquiring symptomatic SARS-CoV-2 infection.\nThe severe morbidity and mortality of SARS-CoV-2 appear to be largely the consequence of an overly robust immune response rather than the consequence of unchecked viral replication.\nThe effects of specific MS DMTs on the immune response that may increase the risk of impaired viral clearance and their potential counterbalancing beneficial effects on the development of COVID-19-associated acute respiratory distress syndrome are reviewed.\nAlthough there is currently insufficient real-world experience to definitively answer the question of the effect of a specific MS DMT on COVID-19, registries presently in nascent form should provide these answers.\nThis review provides an approach to addressing these concerns while the data are being accumulated.\nEarly insights suggest that the risk of infection and associated morbidity of COVID-19 in this population is little different than that of the population at large.\n", "Evidence Map": {"Enrollment": [], "Comparison Results": [], "Study Arm 1 Results": [], "Study Arm 2 Results": []}, "Sentence-level breakdown": [{"Section": "TITLE", "Text": "To address concerns regarding the effect of MS disease-modifying therapies ( DMTs ) on the expression of coronavirus 2019 ( COVID-19 ) .", "Evidence Elements": {"Participant": [], "Intervention": [{"term": "MS disease-modifying therapies ( DMTs )", "negation": "affirmed", "UMLS": "", "start": 44, "end": 83}], "Outcome": [{"term": "expression of coronavirus", "negation": "affirmed", "UMLS": "", "start": 91, "end": 116}]}, "Evidence Propositions": []}, {"Section": "METHODS", "Text": "Review of the current state of knowledge regarding the viral etiology of COVID-19 , mechanisms of injury by SARS-CoV-2 infection , and the effect of individual DMTs on the risk of infection and COVID-19 disease expression .", "Evidence Elements": {"Participant": [], "Intervention": [{"term": "individual DMTs", "negation": "affirmed", "UMLS": "", "start": 149, "end": 164}], "Outcome": [{"term": "risk of infection", "negation": "affirmed", "UMLS": "", "start": 172, "end": 189}, {"term": "COVID-19", "negation": "affirmed", "UMLS": "", "start": 73, "end": 81}]}, "Evidence Propositions": []}, {"Section": "RESULTS", "Text": "Although data are limited , MS DMTs do not obviously increase the risk of acquiring symptomatic SARS-CoV-2 infection .", "Evidence Elements": {"Participant": [], "Intervention": [{"term": "MS DMTs", "negation": "affirmed", "UMLS": "", "start": 28, "end": 35}], "Outcome": [{"term": "risk of acquiring symptomatic SARS-CoV-2", "negation": "negated", "UMLS": "", "start": 66, "end": 106}]}, "Evidence Propositions": [{"Intervention": "MS DMTs", "Observation": "increase", "Outcome": "risk of acquiring symptomatic SARS-CoV-2", "Count": ""}]}, {"Section": "RESULTS", "Text": "The severe morbidity and mortality of SARS-CoV-2 appear to be largely the consequence of an overly robust immune response rather than the consequence of unchecked viral replication .", "Evidence Elements": {"Participant": [], "Intervention": [], "Outcome": []}, "Evidence Propositions": []}, {"Section": "RESULTS", "Text": "The effects of specific MS DMTs on the immune response that may increase the risk of impaired viral clearance and their potential counterbalancing beneficial effects on the development of COVID-19-associated acute respiratory distress syndrome are reviewed .", "Evidence Elements": {"Participant": [], "Intervention": [{"term": "specific MS DMTs", "negation": "affirmed", "UMLS": "", "start": 15, "end": 31}], "Outcome": [{"term": "immune response", "negation": "affirmed", "UMLS": "", "start": 39, "end": 54}, {"term": "risk of impaired viral clearance", "negation": "affirmed", "UMLS": "", "start": 77, "end": 109}, {"term": "development of COVID-19-associated acute respiratory distress syndrome", "negation": "affirmed", "UMLS": "", "start": 173, "end": 243}]}, "Evidence Propositions": [{"Intervention": "specific MS DMTs", "Observation": "increase", "Outcome": "risk of impaired viral clearance", "Count": ""}]}, {"Section": "RESULTS", "Text": "Although there is currently insufficient real-world experience to definitively answer the question of the effect of a specific MS DMT on COVID-19 , registries presently in nascent form should provide these answers .", "Evidence Elements": {"Participant": [], "Intervention": [], "Outcome": []}, "Evidence Propositions": []}, {"Section": "RESULTS", "Text": "This review provides an approach to addressing these concerns while the data are being accumulated .", "Evidence Elements": {"Participant": [], "Intervention": [], "Outcome": []}, "Evidence Propositions": []}, {"Section": "CONCLUSIONS", "Text": "Early insights suggest that the risk of infection and associated morbidity of COVID-19 in this population is little different than that of the population at large .", "Evidence Elements": {"Participant": [], "Intervention": [], "Outcome": [{"term": "risk of infection", "negation": "affirmed", "UMLS": "", "start": 32, "end": 49}, {"term": "morbidity", "negation": "affirmed", "UMLS": "", "start": 65, "end": 74}]}, "Evidence Propositions": []}]}