{"doc_id": "32412156", "type of study": "Therapy", "title": "", "abstract": "Patients with cardiovascular disease and, namely, heart failure are more susceptible to coronavirus disease 2019 (COVID-19) and have a more severe clinical course once infected.\nHeart failure and myocardial damage, shown by increased troponin plasma levels, occur in at least 10% of patients hospitalized for COVID-19 with higher percentages, 25%-35% or more, when patients critically ill or with concomitant cardiac disease are considered.\nMyocardial injury may be elicited by multiple mechanisms, including those occurring with all severe infections, such as fever, tachycardia, adrenergic stimulation, as well as those caused by the exaggerated inflammatory response, endotheliitis and, in some cases, myocarditis that have been shown in patients with COVID-19.\nA key role may be that of the renin-angiotensin-aldosterone system.\nSevere acute respiratory syndrome coronavirus 2 (SARS-CoV-2) infects human cells binding to angiotensin-converting-enzyme 2 (ACE2), an enzyme responsible of the cleavage of angiotensin II into angiotensin 1-7, which has vasodilating and anti-inflammatory effects.\nVirus-mediated downregulation of ACE2 may increase angiotensin II stimulation and contribute to the deleterious hyper-inflammatory reaction of COVID-19.\nOn the other hand, ACE2 may be upregulated in patients with cardiac disease and treated with ACE inhibitors or angiotensin receptor blockers.\nACE2 upregulation may increase the susceptibility to COVID-19 but may be also protective versus angiotensin II mediated vasoconstriction and inflammatory activation.\nRecent data show the lack of untoward effects of ACE inhibitors or angiotensin receptor blockers for COVID-19 infection and severity.\nProspective trials are needed to ascertain whether these drugs may have protective effects.\nThis article is protected by copyright.\nAll rights reserved.\n", "Evidence Map": {"Enrollment": [{"term": "critically ill", "negation": "affirmed", "UMLS": "", "start": 203, "end": 217}, {"term": "cardiac disease", "negation": "affirmed", "UMLS": "", "start": 61, "end": 76}], "Comparison Results": [], "Study Arm 1 Results": [], "Study Arm 2 Results": []}, "Sentence-level breakdown": [{"Section": "TITLE", "Text": "Patients with cardiovascular disease and , namely , heart failure are more susceptible to coronavirus disease 2019 ( COVID-19 ) and have a more severe clinical course once infected .", "Evidence Elements": {"Participant": [], "Intervention": [], "Outcome": []}, "Evidence Propositions": []}, {"Section": "CONCLUSIONS", "Text": "Heart failure and myocardial damage , shown by increased troponin plasma levels , occur in at least 10 % of patients hospitalized for COVID-19 with higher percentages , 25 %-35 % or more , when patients critically ill or with concomitant cardiac disease are considered .", "Evidence Elements": {"Participant": [{"term": "critically ill", "negation": "affirmed", "UMLS": "", "start": 203, "end": 217}], "Intervention": [], "Outcome": [{"term": "failure", "negation": "affirmed", "UMLS": "", "start": 6, "end": 13}, {"term": "myocardial damage", "negation": "affirmed", "UMLS": "", "start": 18, "end": 35}]}, "Evidence Propositions": []}, {"Section": "CONCLUSIONS", "Text": "Myocardial injury may be elicited by multiple mechanisms , including those occurring with all severe infections , such as fever , tachycardia , adrenergic stimulation , as well as those caused by the exaggerated inflammatory response , endotheliitis and , in some cases , myocarditis that have been shown in patients with COVID-19 .", "Evidence Elements": {"Participant": [], "Intervention": [], "Outcome": []}, "Evidence Propositions": []}, {"Section": "CONCLUSIONS", "Text": "A key role may be that of the renin-angiotensin-aldosterone system .", "Evidence Elements": {"Participant": [], "Intervention": [], "Outcome": []}, "Evidence Propositions": []}, {"Section": "CONCLUSIONS", "Text": "Severe acute respiratory syndrome coronavirus 2 ( SARS-CoV-2 ) infects human cells binding to angiotensin-converting-enzyme 2 ( ACE2 ) , an enzyme responsible of the cleavage of angiotensin II into angiotensin 1-7 , which has vasodilating and anti-inflammatory effects .", "Evidence Elements": {"Participant": [], "Intervention": [], "Outcome": []}, "Evidence Propositions": []}, {"Section": "CONCLUSIONS", "Text": "Virus-mediated downregulation of ACE2 may increase angiotensin II stimulation and contribute to the deleterious hyper-inflammatory reaction of COVID-19 .", "Evidence Elements": {"Participant": [], "Intervention": [], "Outcome": []}, "Evidence Propositions": []}, {"Section": "CONCLUSIONS", "Text": "On the other hand , ACE2 may be upregulated in patients with cardiac disease and treated with ACE inhibitors or angiotensin receptor blockers .", "Evidence Elements": {"Participant": [{"term": "cardiac disease", "negation": "affirmed", "UMLS": "", "start": 61, "end": 76}], "Intervention": [{"term": "ACE inhibitors", "negation": "affirmed", "UMLS": "", "start": 94, "end": 108}, {"term": "angiotensin receptor", "negation": "affirmed", "UMLS": "", "start": 112, "end": 132}], "Outcome": [{"term": "ACE2", "negation": "affirmed", "UMLS": "", "start": 20, "end": 24}]}, "Evidence Propositions": []}, {"Section": "CONCLUSIONS", "Text": "ACE2 upregulation may increase the susceptibility to COVID-19 but may be also protective versus angiotensin II mediated vasoconstriction and inflammatory activation .", "Evidence Elements": {"Participant": [], "Intervention": [{"term": "ACE2 upregulation", "negation": "affirmed", "UMLS": "", "start": 0, "end": 17}, {"term": "angiotensin II mediated vasoconstriction", "negation": "affirmed", "UMLS": "", "start": 96, "end": 136}], "Outcome": [{"term": "susceptibility to COVID-19", "negation": "affirmed", "UMLS": "", "start": 35, "end": 61}, {"term": "inflammatory activation", "negation": "affirmed", "UMLS": "", "start": 141, "end": 164}]}, "Evidence Propositions": [{"Intervention": "ACE2 upregulation", "Observation": "increase", "Outcome": "susceptibility to COVID-19", "Count": ""}, {"Intervention": "ACE2 upregulation", "Observation": "protective", "Outcome": "inflammatory activation", "Count": ""}, {"Intervention": "angiotensin II mediated vasoconstriction", "Observation": "protective", "Outcome": "inflammatory activation", "Count": ""}]}, {"Section": "CONCLUSIONS", "Text": "Recent data show the lack of untoward effects of ACE inhibitors or angiotensin receptor blockers for COVID-19 infection and severity .", "Evidence Elements": {"Participant": [], "Intervention": [], "Outcome": []}, "Evidence Propositions": []}, {"Section": "CONCLUSIONS", "Text": "Prospective trials are needed to ascertain whether these drugs may have protective effects .", "Evidence Elements": {"Participant": [], "Intervention": [], "Outcome": []}, "Evidence Propositions": []}, {"Section": "CONCLUSIONS", "Text": "This article is protected by copyright .", "Evidence Elements": {"Participant": [], "Intervention": [], "Outcome": []}, "Evidence Propositions": []}, {"Section": "CONCLUSIONS", "Text": "All rights reserved .", "Evidence Elements": {"Participant": [], "Intervention": [], "Outcome": []}, "Evidence Propositions": []}]}